ticker_quarter,probe,supply_chain_term,risk_term,token_distance
TXN|2010Q1,hyphen,inventories,lead time,2
TXN|2010Q1,stem,inventory,concern,4
TXN|2010Q1,window25,orders,concern,17
TXN|2010Q3,seeds,supply,lead times,5
TXN|2010Q3,stem,supply,lead time,5
TXN|2010Q3,window25,factories,lead times,17
TXN|2013Q1,seeds,inventory,lead times,2
TXN|2013Q1,stem,inventory,lead time,2
TXN|2013Q1,window25,distributors,exposure,18
TXN|2015Q1,seeds,inventory,lead times,8
TXN|2015Q1,stem,inventory,lead time,8
TXN|2015Q1,window25,inventories,lead times,15
TXN|2016Q2,stem,supplier,concern,3
TXN|2016Q2,window25,distributors,lead times,19
TXN|2019Q2,window25,customer,threat,13
TXN|2019Q3,seeds,inventory,tariff,4
TXN|2019Q3,stem,inventory,tariff,4
TXN|2019Q3,window25,inventories,tariff,15
TXN|2019Q4,seeds,inventory,lead times,9
TXN|2019Q4,hyphen,materials,risk,5
TXN|2019Q4,stem,inventory,lead time,9
TXN|2019Q4,window25,source,lead times,16
TXN|2022Q3,seeds,inventory,risk,5
TXN|2022Q3,stem,customer,concern,4
TXN|2024Q4,seeds,customers,lead times,3
TXN|2024Q4,stem,customer,lead time,3
TXN|2024Q4,window25,shipment,lead times,21
INTC|2010Q4,window25,factories,volatile,14
INTC|2011Q2,seeds,supply,disruptions,1
INTC|2011Q2,stem,supply,supply disruption,0
INTC|2011Q2,window25,package,shortage,20
INTC|2013Q1,seeds,manufacturing,uncertainty,9
INTC|2013Q1,stem,manufactur,uncertainty,9
INTC|2013Q2,seeds,customers,uncertain,2
INTC|2013Q2,stem,customer,uncertain,2
INTC|2013Q2,window25,orders,lead times,15
INTC|2013Q3,seeds,inventory,volatile,7
INTC|2013Q3,stem,inventory,volatile,7
INTC|2013Q4,window25,manufacturers,volatile,14
INTC|2014Q2,seeds,customers,lead times,10
INTC|2014Q2,stem,customer,lead time,10
INTC|2014Q2,window25,pipeline,lead times,15
INTC|2024Q4,seeds,customers,tariffs,4
INTC|2024Q4,stem,finish,concern,3
INTC|2024Q4,window25,client,tariff,21
AMD|2012Q1,seeds,inventory,lead times,4
AMD|2012Q1,stem,inventory,lead time,4
AMD|2013Q3,stem,stock,concern,3
AMD|2014Q1,seeds,suppliers,concerns,9
AMD|2014Q1,stem,supplier,concern,9
AMD|2014Q1,window25,forecasting,concerns,22
AMD|2014Q2,seeds,supply chain,lead times,2
AMD|2014Q2,stem,supply,concern,2
AMD|2014Q2,window25,oems,lead times,12
AMD|2015Q4,seeds,supply,concern,5
AMD|2015Q4,stem,supply,concern,5
AMD|2015Q4,window25,buyers,concerns,11
AMD|2016Q1,seeds,customers,uncertainty,8
AMD|2016Q1,stem,customer,uncertainty,8
AMD|2016Q1,window25,production,volatility,14
INTC|2015Q3,hyphen,delivering,volatile,6
INTC|2015Q3,stem,channel,risk,6
AMD|2016Q2,window25,manufacturers,exposure,16
AMD|2017Q3,window25,manufacturer,concerns,13
AMD|2018Q4,seeds,customers,volatile,8
AMD|2018Q4,stem,customer,volatile,8
AMD|2018Q4,window25,storage,disruptions,16
AMD|2019Q1,window25,shipment,concern,17
INTC|2017Q4,seeds,customers,vulnerability,7
INTC|2017Q4,stem,customer,vulnerability,7
INTC|2019Q1,stem,inventory,concern,6
INTC|2023Q4,seeds,manufacturing,risk,9
INTC|2023Q4,stem,manufactur,risk,9
INTC|2023Q4,window25,ship,volatility,13
INTC|2024Q1,window25,shipping,volatility,17
ASYS|2012Q4,seeds,customers,volatility,5
ASYS|2012Q4,stem,customer,volatility,5
ASYS|2012Q4,window25,production,volatility,22
ASYS|2013Q1,seeds,customers,volatility,5
ASYS|2013Q1,stem,customer,volatility,5
ASYS|2013Q1,window25,production,volatility,21
ASYS|2013Q2,seeds,customers,volatility,5
ASYS|2013Q2,stem,customer,volatility,5
ASYS|2013Q2,window25,production,volatility,22
ASYS|2013Q3,seeds,customers,volatility,5
ASYS|2013Q3,stem,shortage,shortage,0
ASYS|2013Q3,window25,production,shortage,21
ASYS|2013Q4,seeds,customers,volatility,5
ASYS|2013Q4,stem,customer,volatility,5
ASYS|2013Q4,window25,production,volatility,22
ASYS|2014Q1,seeds,customers,volatility,5
ASYS|2014Q1,stem,customer,volatility,5
ASYS|2014Q1,window25,production,volatility,22
ASYS|2014Q2,seeds,customers,volatility,5
ASYS|2014Q2,stem,customer,volatility,5
ASYS|2014Q2,window25,production,volatility,22
ASYS|2014Q3,seeds,customers,volatility,5
ASYS|2014Q3,stem,customer,volatility,5
AMD|2023Q4,seeds,customers,lead times,7
AMD|2023Q4,stem,forecast,lead time,5
ADI|2015Q3,seeds,customers,exposure,3
ADI|2015Q3,stem,customer,exposure,3
ADI|2015Q3,window25,oem,uncertain,12
ADI|2015Q4,seeds,supply,volatility,8
ADI|2015Q4,stem,stock,volatility,3
ADI|2015Q4,window25,customer,concerns,15
ADI|2016Q3,seeds,supply chain,disruptions,1
ADI|2016Q3,stem,supply,supply chain disruption,0
ADI|2016Q3,window25,backlog,uncertainty,11
ADI|2018Q3,stem,channel,lead time,4
ADI|2019Q3,window25,deliver,uncertain,20
ADI|2020Q3,window25,materials,uncertainties,17
ADI|2020Q4,seeds,supply chain,disruptions,1
ADI|2020Q4,stem,supply,supply chain disruption,0
ADI|2020Q4,window25,materials,uncertainties,17
ADI|2021Q1,window25,materials,uncertainties,18
ADI|2021Q2,seeds,customers,disruption,5
ADI|2021Q2,stem,customer,disruption,5
ADI|2021Q2,window25,ordering,lead times,13
ADI|2021Q3,seeds,supply,shortage,3
ADI|2021Q3,stem,shortage,shortage,0
ADI|2021Q3,window25,materials,uncertainties,17
ADI|2022Q1,window25,materials,uncertainties,14
ADI|2022Q2,window25,materials,uncertainties,14
ADI|2022Q4,seeds,supply,supply disruption,0
ADI|2022Q4,stem,supply,supply disruption,0
ADI|2022Q4,window25,finished,uncertain,11
ADI|2024Q2,seeds,customers,risk,9
ADI|2024Q2,stem,customer,risk,9
ADI|2024Q2,window25,inventories,risk,12
ADI|2024Q3,window25,materials,uncertainties,14
ADI|2024Q4,window25,materials,risks,20
AMAT|2011Q1,window25,factories,lead time,11
ASYS|2015Q1,seeds,customers,volatility,5
ASYS|2015Q1,stem,customer,volatility,5
ASYS|2015Q1,window25,component,risk,13
ASYS|2015Q4,seeds,customers,volatility,5
ASYS|2015Q4,stem,customer,volatility,5
ASYS|2016Q1,seeds,customers,volatility,5
ASYS|2016Q1,stem,customer,volatility,5
ASYS|2016Q3,stem,shipment,concern,6
ASYS|2016Q3,window25,shipment,uncertainty,23
ASYS|2016Q4,seeds,customers,volatility,5
ASYS|2016Q4,stem,customer,volatility,5
ASYS|2017Q2,seeds,customers,volatility,5
ASYS|2017Q2,stem,customer,volatility,5
ASYS|2017Q3,seeds,customers,volatility,5
ASYS|2017Q3,stem,customer,volatility,5
ASYS|2017Q3,window25,customer,risk,15
AMAT|2022Q1,seeds,suppliers,lead times,3
AMAT|2022Q1,stem,supplier,lead time,3
AMAT|2022Q1,window25,orders,lead times,18
ASYS|2012Q1,seeds,customers,volatility,5
ASYS|2012Q1,stem,order,concern,1
ASYS|2012Q1,window25,production,volatility,22
ASYS|2012Q2,seeds,customers,volatility,5
ASYS|2012Q2,stem,customer,volatility,5
ASYS|2012Q2,window25,production,volatility,21
ASYS|2019Q1,seeds,customers,volatility,5
ASYS|2019Q1,stem,customer,volatility,5
ASYS|2019Q3,seeds,customers,volatility,5
ASYS|2019Q3,stem,customer,volatility,5
ASYS|2019Q4,seeds,customers,volatility,5
ASYS|2019Q4,stem,customer,volatility,5
ASYS|2019Q4,window25,shipments,tariff,24
ASYS|2020Q2,seeds,supply chain,disruptions,1
ASYS|2020Q2,stem,supply,supply chain disruption,0
ASYS|2020Q2,window25,customer,risks,15
ASYS|2022Q3,seeds,logistics,risks,2
ASYS|2022Q3,stem,supply,risk,3
ASYS|2023Q4,seeds,logistics,risks,2
ASYS|2023Q4,stem,supply,risk,3
ASYS|2024Q1,seeds,logistics,risks,2
ASYS|2024Q1,stem,supply,risk,3
AMAT|2016Q2,window25,tracking,exposure,21
AMAT|2017Q2,window25,materials,volatile,16
AMAT|2017Q3,window25,materials,exposure,13
AMAT|2017Q4,window25,customer,exposure,19
AMAT|2019Q3,window25,materials,risks,22
AMAT|2021Q3,seeds,supply chain,disruptions,1
AMAT|2021Q3,stem,supply,supply chain disruption,0
AMAT|2021Q3,window25,materials,disruptions,16
AMAT|2011Q2,seeds,customers,lead time,1
AMAT|2011Q2,stem,customer,lead time,1
AMAT|2011Q2,window25,customer,tariff,19
AMAT|2011Q3,seeds,customers,uncertainties,9
AMAT|2011Q3,stem,order,concern,2
AMAT|2011Q3,window25,production,tariff,13
AMAT|2014Q1,seeds,customers,downside,5
AMAT|2014Q1,stem,customer,concern,3
AMAT|2014Q1,window25,pipeline,concern,14
AMAT|2014Q4,seeds,customers,concern,2
AMAT|2014Q4,stem,customer,concern,2
AMAT|2014Q4,window25,customer,concern,16
AMAT|2015Q3,seeds,customers,concerns,8
AMAT|2015Q3,stem,backlog,concern,4
AMAT|2015Q3,window25,orders,downside,23
AMAT|2015Q4,window25,orders,exposure,11
ASYS|2024Q3,seeds,logistics,risks,2
ASYS|2024Q3,stem,supply,risk,3
SWKS|2011Q4,stem,order,uncertainty,10
SWKS|2011Q4,window25,customer,exposure,11
SWKS|2012Q1,seeds,inventory,volatility,8
SWKS|2012Q1,stem,inventory,volatility,8
COHU|2016Q2,window25,customer,volatile,15
COHU|2017Q2,window25,customer,risk,16
COHU|2018Q3,seeds,customers,exposure,4
COHU|2018Q3,stem,customer,exposure,4
SWKS|2024Q1,stem,deliver,volatile,4
SWKS|2024Q4,stem,network,exposure,8
COHU|2015Q2,window25,customer,volatile,17
COHU|2015Q4,window25,customer,volatile,18
COHU|2016Q1,stem,material,risk,9
COHU|2018Q4,seeds,customers,trade disputes,9
COHU|2018Q4,stem,forecast,risk,8
COHU|2018Q4,window25,customer,risks,20
COHU|2019Q3,window25,orders,exposure,16
COHU|2020Q1,seeds,supply,uncertainty,3
COHU|2020Q1,stem,supply,uncertainty,3
COHU|2020Q1,window25,orders,risk,12
COHU|2023Q1,window25,backlog,lead times,25
COHU|2023Q4,window25,deliveries,lead time,12
COHU|2024Q1,window25,purchases,lead times,11
SWKS|2014Q1,stem,channel,risk,9
SWKS|2015Q1,window25,oems,exposure,17
SWKS|2015Q3,seeds,supply chain,risk,1
SWKS|2015Q3,stem,supply,risk,2
SWKS|2015Q3,window25,components,lead times,14
SWKS|2019Q2,seeds,customers,volatility,7
SWKS|2019Q2,stem,customer,volatility,7
SWKS|2019Q2,window25,customer,volatility,21
SWKS|2021Q2,seeds,supply,risks,8
SWKS|2021Q2,stem,supply,risk,8
SWKS|2021Q2,window25,channels,lead times,11
SWKS|2022Q3,seeds,supply chain,volatility,1
SWKS|2022Q3,stem,shortage,shortage,0
SWKS|2023Q1,seeds,inventory,volatility,10
SWKS|2023Q1,stem,inventory,volatility,10
COHU|2024Q4,seeds,customers,volatility,9
COHU|2024Q4,stem,customer,concern,1
TER|2011Q4,seeds,customers,exposure,9
TER|2011Q4,stem,customer,exposure,9
TER|2011Q4,window25,orders,uncertainty,13
TER|2012Q3,stem,stock,volatility,9
TER|2012Q4,seeds,purchasing,volatility,2
TER|2012Q4,stem,purcha,volatility,2
TER|2012Q4,window25,purchases,volatility,17
TER|2013Q1,seeds,customers,risk,7
TER|2013Q1,stem,customer,risk,7
TER|2013Q1,window25,assemblies,concerns,24
TER|2013Q4,window25,production,volatile,14
TER|2024Q2,window25,storage,exposure,12
TER|2024Q3,seeds,customers,lead times,8
TER|2024Q3,stem,customer,lead time,8
TER|2024Q3,window25,purchased,lead times,17
VSH|2011Q4,window25,inventories,uncertain,22
VSH|2012Q2,stem,raw,concern,2
VSH|2012Q2,window25,fulfill,uncertainties,25
VSH|2012Q3,seeds,customers,concerns,8
VSH|2012Q3,stem,customer,concern,8
VSH|2012Q3,window25,orders,concern,12
VSH|2012Q4,seeds,inventory,lead times,3
VSH|2012Q4,stem,inventory,lead time,3
VSH|2013Q1,stem,inventory,concern,9
VSH|2013Q1,window25,orders,lead times,14
VSH|2014Q3,seeds,distribution,lead times,7
VSH|2014Q3,stem,inventory,concern,3
VSH|2014Q3,window25,inventories,lead times,23
VSH|2014Q4,window25,components,exposures,11
VSH|2015Q1,window25,pipeline,volatility,12
VSH|2015Q3,stem,inventory,concern,1
VSH|2015Q4,stem,inventory,concern,2
VSH|2015Q4,window25,distributors,concerns,15
VSH|2019Q1,seeds,inventory,tariffs,1
VSH|2019Q1,stem,inventory,tariff,1
VSH|2019Q1,window25,oem,exposure,11
MU|2023Q4,seeds,inventory,risk,6
MU|2023Q4,stem,inventory,risk,6
MU|2023Q4,window25,customer,risk,21
MU|2024Q2,seeds,supply,shortage,6
MU|2024Q2,stem,shortage,shortage,0
MU|2024Q4,window25,deliver,lead times,12
CRUS|2010Q2,seeds,inventory,risk,2
CRUS|2010Q2,stem,inventory,risk,2
CRUS|2012Q4,seeds,supply,bottleneck,3
CRUS|2012Q4,stem,supply,bottleneck,3
CRUS|2012Q4,window25,planning,bottleneck,19
CRUS|2013Q4,window25,backlog,volatility,16
TER|2015Q4,stem,material,lead time,4
TER|2015Q4,window25,packaging,uncertainties,16
TER|2016Q2,seeds,customers,risk,3
TER|2016Q2,hyphen,production,volatile,7
TER|2016Q2,stem,shortage,shortage,0
TER|2018Q1,window25,deliver,volatility,24
TER|2019Q1,window25,planning,uncertainty,15
TER|2019Q3,seeds,customers,downside,5
TER|2019Q3,stem,customer,downside,5
TER|2019Q3,window25,deliver,volatility,25
TER|2019Q4,seeds,manufacturing,exposure,2
TER|2019Q4,stem,manufactur,exposure,2
TER|2019Q4,window25,customer,concerns,12
TER|2020Q4,seeds,supply,supply chain disruption,0
TER|2020Q4,stem,supply,supply chain disruption,0
TER|2020Q4,window25,buying,trade restrictions,11
CRUS|2014Q3,stem,stock,volatile,1
CRUS|2014Q3,window25,retail,volatility,18
CRUS|2014Q4,window25,customer,risk,15
VSH|2019Q4,seeds,manufacturing,tariffs,3
VSH|2019Q4,stem,manufactur,tariff,3
VSH|2019Q4,window25,oems,lead times,20
VSH|2024Q3,seeds,customers,uncertainties,8
VSH|2024Q3,stem,customer,uncertainty,8
VSH|2024Q3,window25,storage,uncertain,23
MU|2010Q1,stem,shortage,shortage,0
MU|2010Q1,window25,deliver,shortage,19
MU|2010Q2,seeds,supply,bottleneck,8
MU|2010Q2,stem,supply,bottleneck,8
MU|2010Q2,window25,oems,concern,12
MU|2011Q4,seeds,supply,disruptions,3
MU|2011Q4,stem,shortage,shortage,0
MU|2013Q1,seeds,supply,supply chain disruption,0
MU|2013Q1,stem,supply,supply chain disruption,0
MU|2013Q1,window25,supplier,supply chain disruption,11
MU|2013Q2,seeds,supply,exposure,9
MU|2013Q2,stem,supply,exposure,9
MU|2016Q1,hyphen,customer,volatile,8
MU|2016Q2,hyphen,delivering,volatile,7
MU|2018Q2,window25,component,concerns,14
MU|2018Q3,seeds,customers,concerns,6
MU|2018Q3,stem,customer,concern,6
CRUS|2017Q4,stem,shortage,shortage,0
CRUS|2018Q1,stem,order,lead time,1
CRUS|2018Q1,window25,deliver,concern,20
CRUS|2019Q1,seeds,customers,uncertain,3
CRUS|2019Q1,stem,customer,uncertain,3
CRUS|2019Q2,seeds,customers,concern,6
CRUS|2019Q2,stem,customer,concern,6
CRUS|2019Q3,seeds,customers,uncertainties,2
CRUS|2019Q3,stem,customer,uncertainty,2
CRUS|2019Q3,window25,shipping,uncertainties,25
CRUS|2019Q4,seeds,customers,volatile,7
CRUS|2019Q4,stem,customer,volatile,7
CRUS|2019Q4,window25,customer,volatile,21
CRUS|2020Q2,window25,production,risk,21
CRUS|2020Q4,seeds,supply,supply chain disruption,0
CRUS|2020Q4,stem,supply,supply chain disruption,0
CRUS|2021Q1,window25,channels,susceptible,12
CRUS|2021Q3,seeds,supply,capacity constraint,3
CRUS|2021Q3,stem,supply,capacity constraint,3
CRUS|2021Q3,window25,pipeline,capacity constraints,18
CRUS|2021Q4,seeds,supply,capacity constraints,2
CRUS|2021Q4,stem,supply,capacity constraint,2
CRUS|2021Q4,window25,customer,concerns,18
LSCC|2016Q1,seeds,suppliers,risk,6
LSCC|2016Q1,stem,supplier,risk,6
LSCC|2016Q1,window25,deliver,lead times,17
LSCC|2018Q2,window25,delivering,volatile,19
LSCC|2018Q4,window25,factories,uncertain,25
CRUS|2022Q2,seeds,supply,supply chain disruption,0
CRUS|2022Q2,stem,supply,supply chain disruption,0
CRUS|2022Q2,window25,planning,volatility,15
CRUS|2024Q1,window25,backlog,concerns,14
LSCC|2011Q3,seeds,customers,concerns,9
LSCC|2011Q3,stem,order,uncertainty,7
LSCC|2013Q2,seeds,inventory,risk,7
LSCC|2013Q2,stem,inventory,risk,7
LSCC|2015Q1,window25,customer,risk,14
LSCC|2020Q1,seeds,supply,lead times,10
LSCC|2020Q1,stem,order,lead time,2
LSCC|2020Q1,window25,customer,uncertainty,13
LSCC|2020Q2,stem,inventory,concern,2
LSCC|2020Q2,window25,network,uncertainty,18
LSCC|2022Q1,seeds,supply chain,disruptions,1
LSCC|2022Q1,stem,supply,supply chain disruption,0
LSCC|2022Q1,window25,package,disruptions,22
LSCC|2022Q3,seeds,inventory,risk,4
LSCC|2022Q3,stem,inventory,risk,4
LSCC|2024Q1,seeds,supply,supply chain disruption,0
LSCC|2024Q1,stem,supply,supply chain disruption,0
LSCC|2024Q2,seeds,inventory,concerns,2
LSCC|2024Q2,stem,inventory,concern,2
LRCX|2011Q2,seeds,customers,risk,5
LRCX|2011Q2,stem,forecast,risk,4
LRCX|2011Q2,window25,shipping,exposure,13
LRCX|2013Q1,stem,forecast,downside,3
LRCX|2013Q2,seeds,customers,disruption,3
LRCX|2013Q2,stem,customer,disruption,3
LRCX|2013Q2,window25,customer,risks,24
LRCX|2014Q1,seeds,supply,supply chain disruption,0
LRCX|2014Q1,stem,supply,supply chain disruption,0
LRCX|2014Q1,window25,shipments,risk,20
LRCX|2015Q1,stem,production,risk,10
LRCX|2018Q4,seeds,supply chain,risk,9
LRCX|2018Q4,hyphen,shipments,volatile,2
LRCX|2018Q4,stem,material,exposure,1
LRCX|2019Q1,seeds,customers,tariffs,4
LRCX|2019Q1,stem,customer,tariff,4
LRCX|2019Q4,seeds,customers,uncertain,6
LRCX|2019Q4,stem,customer,uncertain,6
LRCX|2023Q2,stem,shortage,shortage,0
LRCX|2024Q3,hyphen,component,volatile,1
KLIC|2012Q2,stem,customer,concern,1
KLIC|2012Q2,window25,shipments,lead time,14
KLIC|2013Q1,seeds,customers,concern,4
KLIC|2013Q1,stem,material,concern,1
KLIC|2013Q2,window25,ordering,downside,15
KLIC|2013Q4,seeds,sourcing,lead times,3
KLIC|2013Q4,stem,sourc,lead time,3
KLIC|2013Q4,window25,customer,lead times,19
KLIC|2014Q3,window25,customer,volatile,12
LRCX|2015Q3,window25,vendors,threat,17
LRCX|2015Q4,seeds,customers,exposure,3
LRCX|2015Q4,hyphen,shipments,volatile,5
LRCX|2015Q4,stem,customer,exposure,3
LRCX|2015Q4,window25,shipment,risk,17
LRCX|2016Q3,hyphen,shipments,volatile,6
LRCX|2016Q4,hyphen,shipment,volatile,1
LRCX|2017Q1,hyphen,shipments,volatile,2
LRCX|2017Q2,hyphen,packaging,volatile,2
LRCX|2017Q4,hyphen,shipments,volatile,6
LRCX|2017Q4,window25,customer,exposure,13
LRCX|2018Q1,hyphen,shipments,volatile,2
KLAC|2014Q1,seeds,inventory,exposures,1
KLAC|2014Q1,stem,inventory,exposure,1
KLAC|2014Q1,window25,customer,risks,11
KLAC|2017Q1,seeds,inventory,risk,1
KLAC|2017Q1,stem,inventory,risk,1
KLAC|2017Q1,window25,planning,risk,15
KLAC|2019Q1,stem,buy,lead time,10
KLAC|2019Q1,window25,deliver,volatility,12
KLIC|2016Q1,window25,production,uncertainty,12
KLIC|2018Q4,seeds,customers,tariffs,7
KLIC|2018Q4,stem,customer,tariff,7
KLIC|2019Q1,stem,customer,concern,6
KLIC|2019Q1,window25,ship,lead times,20
KLAC|2019Q4,window25,procure,uncertainty,11
KLAC|2024Q3,seeds,customers,concern,4
KLAC|2024Q3,stem,customer,concern,4
KLAC|2024Q3,window25,fulfill,concern,14
KLIC|2010Q2,seeds,inventory,risk,2
KLIC|2010Q2,stem,inventory,risk,2
KLIC|2010Q2,window25,customer,downside,17
KLIC|2020Q3,seeds,supply chain,concerns,1
KLIC|2020Q3,stem,supply,concern,2
KLIC|2020Q3,window25,orders,concerns,11
KLIC|2022Q4,seeds,supply chain,disruptions,1
KLIC|2022Q4,stem,supply,supply chain disruption,0
KLIC|2022Q4,window25,packaging,trade restrictions,15
KLIC|2023Q1,stem,shortage,shortage,0
KLIC|2023Q1,window25,delivering,shortage,17
KLIC|2023Q2,seeds,supply chain,lead times,4
KLIC|2023Q2,stem,supply,lead time,5
KLIC|2023Q2,window25,backlog,lead times,14
KLIC|2023Q4,seeds,customers,bottleneck,3
KLIC|2023Q4,stem,customer,bottleneck,3
KLIC|2023Q4,window25,deliver,uncertainty,24
KLIC|2024Q1,seeds,customers,exposure,3
KLIC|2024Q1,stem,customer,exposure,3
KLIC|2024Q1,window25,backlog,lead times,24
PLAB|2012Q1,seeds,manufacturing,risks,4
PLAB|2012Q1,stem,manufactur,risk,4
PLAB|2012Q3,seeds,manufacturing,risks,4
PLAB|2012Q3,stem,manufactur,risk,4
PLAB|2015Q2,seeds,manufacturing,risks,4
PLAB|2015Q2,stem,manufactur,risk,4
PLAB|2015Q3,seeds,manufacturing,risks,4
PLAB|2015Q3,stem,manufactur,risk,4
PLAB|2016Q3,stem,forecast,risk,9
PLAB|2016Q3,window25,factory,lead times,22
PLAB|2017Q4,hyphen,orders,lead time,4
PLAB|2017Q4,stem,forecast,risk,10
PLAB|2018Q1,stem,customer,concern,8
PLAB|2018Q1,window25,customer,risk,20
PLAB|2018Q3,stem,outsourc,capacity constraint,3
PLAB|2018Q3,window25,supplier,risk,18
PLAB|2012Q4,seeds,manufacturing,risks,4
PLAB|2012Q4,stem,manufactur,risk,4
PLAB|2013Q2,seeds,manufacturing,risks,4
PLAB|2013Q2,stem,manufactur,risk,4
PLAB|2013Q3,seeds,manufacturing,risks,4
PLAB|2013Q3,stem,manufactur,risk,4
PLAB|2013Q4,seeds,manufacturing,risks,4
PLAB|2013Q4,stem,manufactur,risk,4
PLAB|2014Q1,seeds,manufacturing,risks,4
PLAB|2014Q1,stem,manufactur,risk,4
PLAB|2014Q3,seeds,manufacturing,risks,4
PLAB|2014Q3,stem,manufactur,risk,4
PLAB|2015Q1,seeds,manufacturing,risks,4
PLAB|2015Q1,stem,manufactur,risk,4
PLAB|2018Q4,seeds,customers,lead time,9
PLAB|2018Q4,stem,customer,concern,2
PLAB|2018Q4,window25,production,risk,21
PLAB|2019Q4,seeds,customers,uncertain,9
PLAB|2019Q4,stem,customer,uncertain,9
PLAB|2019Q4,window25,manufacturers,disruption,12
PLAB|2022Q2,stem,shortage,shortage,0
PLAB|2022Q2,window25,delivery,lead time,13
PLAB|2024Q2,window25,orders,lead time,18
QCOM|2015Q4,stem,channel,concern,3
QCOM|2015Q4,window25,oems,uncertain,21
QCOM|2016Q2,window25,shipped,risk,20
QCOM|2016Q3,window25,ship,concerns,13
QCOM|2017Q3,stem,buy,uncertainty,6
QCOM|2011Q1,stem,forecast,uncertain,8
QCOM|2012Q1,window25,networks,uncertain,17
QCOM|2012Q4,seeds,customers,exposure,3
QCOM|2012Q4,stem,customer,exposure,3
QCOM|2013Q3,window25,customer,uncertain,17
QCOM|2014Q2,seeds,supply,concern,8
QCOM|2014Q2,stem,supply,concern,8
QCOM|2014Q3,stem,supply,concern,1
QCOM|2014Q3,window25,shipments,uncertain,14
QCOM|2018Q3,stem,network,disruption,6
QCOM|2018Q4,stem,network,tariff,7
QCOM|2019Q1,stem,oem,concern,2
QCOM|2020Q3,stem,forecast,uncertainty,4
QCOM|2020Q3,window25,oems,uncertainty,14
QCOM|2021Q2,seeds,supply,shortage,1
QCOM|2021Q2,stem,shortage,shortage,0
QCOM|2022Q2,stem,shortage,shortage,0
QCOM|2022Q3,stem,shortage,shortage,0
QCOM|2022Q3,window25,purchases,uncertainty,23
ONTO|2010Q4,window25,shipments,risk,15
ONTO|2011Q2,seeds,inventory,volatile,2
ONTO|2011Q2,stem,inventory,volatile,2
ONTO|2011Q2,window25,manufacturers,susceptible,13
ONTO|2011Q3,stem,deliver,volatility,9
ONTO|2011Q3,window25,shipments,risk,11
ONTO|2012Q1,window25,shipping,uncertainties,24
ONTO|2012Q2,seeds,customers,volatility,9
ONTO|2012Q2,stem,customer,volatility,9
ONTO|2012Q2,window25,customer,volatility,24
ONTO|2013Q3,window25,shipments,risk,17
ONTO|2014Q1,seeds,customers,exposure,5
ONTO|2014Q1,stem,customer,exposure,5
ONTO|2014Q1,window25,shipments,risk,15
ONTO|2014Q2,window25,shipments,risk,15
ONTO|2015Q2,window25,customer,risk,18
ONTO|2015Q3,window25,customer,exposure,11
ONTO|2015Q4,window25,shipments,risk,15
ONTO|2017Q1,window25,shipments,risk,15
ONTO|2017Q4,window25,shipments,risk,15
ONTO|2018Q1,window25,shipments,risk,15
ONTO|2018Q2,window25,shipments,risk,15
ONTO|2018Q4,stem,forecast,volatile,3
ONTO|2018Q4,window25,shipments,risk,15
ONTO|2019Q1,window25,shipments,risk,15
ONTO|2019Q4,window25,deliveries,risk,14
ONTO|2020Q3,seeds,supply,uncertain,1
ONTO|2020Q3,stem,supply,uncertain,1
ONTO|2021Q1,seeds,supply,lead times,2
ONTO|2021Q1,stem,supply,lead time,2
ONTO|2021Q1,window25,shipping,lead times,19
ONTO|2022Q4,seeds,inventory,lead time,2
ONTO|2022Q4,stem,order,lead time,2
ONTO|2022Q4,window25,components,lead time,17
ONTO|2024Q4,window25,packaging,concerns,14
SMTC|2010Q2,window25,oem,exposure,12
DIOD|2020Q2,seeds,supply,disruptions,1
DIOD|2020Q2,stem,supply,supply disruption,0
DIOD|2020Q2,window25,forecasting,uncertain,16
DIOD|2020Q3,seeds,inventory,lead times,10
DIOD|2020Q3,stem,channel,lead time,9
DIOD|2020Q4,seeds,supply,shortage,3
DIOD|2020Q4,stem,shortage,shortage,0
DIOD|2020Q4,window25,customer,capacity constraints,17
DIOD|2021Q2,seeds,manufacturing,shortage,7
DIOD|2021Q2,stem,shortage,shortage,0
DIOD|2021Q2,window25,customer,shortage,22
SMTC|2014Q3,window25,orders,uncertainty,11
SMTC|2015Q1,seeds,inventory,risk,5
SMTC|2015Q1,stem,inventory,risk,5
SMTC|2016Q4,seeds,supply,lead times,1
SMTC|2016Q4,stem,supply,lead time,1
SMTC|2016Q4,window25,ship,lead times,19
SMTC|2017Q1,seeds,inventory,risk,3
SMTC|2017Q1,stem,inventory,risk,3
SMTC|2017Q1,window25,orders,concerns,13
SMTC|2017Q2,seeds,inventory,volatility,1
SMTC|2017Q2,stem,inventory,volatility,1
SMTC|2017Q3,window25,manufacturers,risks,25
SMTC|2024Q1,window25,network,vulnerabilities,15
DIOD|2011Q3,seeds,manufacturing,concerns,1
DIOD|2011Q3,stem,manufactur,concern,1
DIOD|2011Q3,window25,package,concerns,20
DIOD|2013Q2,seeds,manufacturing,disruption,2
DIOD|2013Q2,stem,manufactur,disruption,2
DIOD|2013Q3,seeds,distribution,risk,4
SMTC|2018Q4,seeds,inventory,volatility,1
SMTC|2018Q4,stem,inventory,volatility,1
SMTC|2018Q4,window25,customer,volatility,14
SMTC|2020Q3,window25,network,concern,17
SMTC|2022Q4,window25,tracking,exposure,15
SMTC|2023Q1,seeds,customers,bottlenecks,5
SMTC|2023Q1,stem,customer,bottleneck,5
SMTC|2023Q1,window25,pipeline,bottlenecks,15
SMTC|2023Q2,seeds,supply,bottlenecks,3
SMTC|2023Q2,stem,supply,bottleneck,3
SMTC|2023Q2,window25,oems,exposure,15
SMTC|2023Q4,seeds,inventory,concern,3
SMTC|2023Q4,stem,inventory,concern,3
DIOD|2014Q4,window25,assembly,concern,13
DIOD|2015Q1,seeds,customers,uncertainty,8
DIOD|2015Q1,stem,customer,uncertainty,8
DIOD|2015Q1,window25,forecasting,uncertainty,21
MCHP|2012Q3,seeds,inventory,downside,8
MCHP|2012Q3,stem,inventory,downside,8
MCHP|2012Q3,window25,distributors,lead times,25
MCHP|2013Q2,seeds,customers,shortage,8
MCHP|2013Q2,stem,shortage,shortage,0
MCHP|2013Q2,window25,distributor,uncertain,19
MCHP|2016Q1,seeds,supply chain,exposure,3
MCHP|2016Q1,stem,supply,exposure,4
MCHP|2016Q2,hyphen,backlog,lead times,7
MCHP|2016Q2,stem,distributor,concern,5
MCHP|2016Q4,seeds,customers,risk,3
MCHP|2016Q4,stem,customer,risk,3
MCHP|2016Q4,window25,replenishment,exposure,17
MCHP|2017Q1,seeds,customers,concern,2
MCHP|2017Q1,stem,shortage,shortage,0
MCHP|2017Q1,window25,shipments,concern,14
MCHP|2017Q2,seeds,customers,concern,2
MCHP|2017Q2,stem,customer,concern,2
VECO|2012Q3,seeds,customers,uncertain,7
VECO|2012Q3,stem,customer,uncertain,7
VECO|2014Q3,seeds,customers,volatile,6
VECO|2014Q3,stem,customer,volatile,6
VECO|2015Q4,window25,manufacturers,uncertainty,13
VECO|2017Q3,stem,customer,concern,4
VECO|2019Q2,window25,packaging,lead time,13
VECO|2019Q3,stem,order,lead time,8
VECO|2019Q3,window25,storage,lead times,12
VECO|2024Q2,window25,customer,exposure,17
VECO|2024Q3,seeds,customers,lead time,3
VECO|2024Q3,stem,customer,lead time,3
VECO|2024Q3,window25,planning,lead time,13
STM|2011Q1,seeds,manufacturing,exposure,3
STM|2011Q1,stem,manufactur,exposure,3
STM|2011Q1,window25,shipped,concern,21
STM|2011Q4,seeds,inventory,uncertainty,7
STM|2011Q4,stem,inventory,uncertainty,7
STM|2011Q4,window25,customer,volatility,19
STM|2022Q2,stem,oem,concern,8
STM|2022Q2,window25,orders,risk,12
STM|2023Q4,seeds,inventory,lead times,3
STM|2023Q4,stem,shortage,shortage,0
STM|2023Q4,window25,oem,shortage,11
STM|2024Q4,seeds,customers,uncertain,3
STM|2024Q4,stem,shortage,shortage,0
STM|2024Q4,window25,manufacturers,lead time,24
ASML|2013Q1,stem,material,risk,1
ASML|2013Q4,seeds,customers,risk,1
ASML|2013Q4,stem,material,risk,1
ASML|2014Q3,stem,material,risk,1
ASML|2014Q3,window25,production,risk,13
ASML|2015Q1,stem,material,risk,1
ASML|2015Q1,window25,shipments,concerns,20
STM|2018Q4,window25,planning,lead time,21
STM|2019Q3,seeds,inventory,lead times,6
STM|2019Q3,stem,inventory,lead time,6
STM|2020Q2,seeds,supply chain,disruption,5
STM|2020Q2,stem,shortage,shortage,0
STM|2020Q2,window25,production,lead time,12
NVEC|2018Q4,seeds,customers,risks,7
NVEC|2018Q4,stem,customer,risk,7
NVEC|2019Q1,seeds,customers,risks,7
NVEC|2019Q1,stem,customer,risk,7
NVEC|2019Q2,stem,stock,volatility,1
NVEC|2015Q2,stem,material,risk,4
NVEC|2015Q2,window25,distribute,threats,23
NVEC|2015Q4,seeds,customers,uncertainties,7
NVEC|2015Q4,stem,stock,uncertainty,6
NVEC|2016Q2,seeds,customers,uncertainties,7
NVEC|2016Q2,stem,stock,uncertainty,6
NVEC|2016Q3,seeds,customers,uncertainties,7
NVEC|2016Q3,stem,stock,uncertainty,6
NVEC|2017Q1,seeds,customers,uncertainties,7
NVEC|2017Q1,stem,customer,uncertainty,7
NVEC|2017Q2,seeds,customers,uncertainties,7
NVEC|2017Q2,stem,customer,uncertainty,7
NVEC|2017Q3,seeds,customers,uncertainties,7
NVEC|2017Q3,stem,customer,concern,6
NVEC|2017Q4,seeds,customers,uncertainties,7
NVEC|2017Q4,stem,customer,uncertainty,7
NVEC|2018Q1,seeds,customers,uncertainties,7
NVEC|2018Q1,stem,customer,uncertainty,7
NVEC|2018Q2,seeds,customers,risks,7
NVEC|2018Q2,stem,customer,risk,7
NVEC|2018Q3,seeds,customers,risks,7
NVEC|2018Q3,stem,customer,risk,7
STM|2013Q1,seeds,inventory,lead times,8
STM|2013Q1,stem,manufactur,concern,8
STM|2014Q3,window25,production,risk,16
STM|2014Q4,stem,customer,concern,7
STM|2014Q4,window25,customer,uncertainty,15
STM|2015Q3,stem,manufacturer,concern,8
STM|2016Q1,seeds,customers,exposure,10
STM|2016Q1,stem,customer,exposure,10
ASML|2015Q4,stem,material,risk,1
ASML|2016Q4,seeds,supply,concern,5
ASML|2016Q4,stem,material,risk,1
ASML|2016Q4,window25,delivery,lead time,12
ASML|2017Q1,stem,material,risk,1
ASML|2018Q3,seeds,customers,risk,6
ASML|2018Q3,stem,material,risk,1
ASML|2020Q4,stem,material,risk,1
ASML|2020Q4,window25,production,lead time,13
ASML|2024Q1,seeds,customers,risky,3
ASML|2024Q1,stem,material,risk,1
ASML|2024Q1,window25,production,lead times,12
NVEC|2011Q1,seeds,customers,uncertainties,1
NVEC|2011Q1,stem,customer,uncertainty,1
NVEC|2011Q4,seeds,customers,uncertainties,1
NVEC|2011Q4,stem,customer,uncertainty,1
NVEC|2011Q4,window25,backlog,risk,25
RMBS|2014Q3,window25,components,exposure,13
RMBS|2014Q4,stem,customer,concern,5
RMBS|2015Q2,stem,forecast,risk,4
RMBS|2015Q2,window25,customer,risk,18
RMBS|2015Q3,stem,customer,concern,9
RMBS|2015Q3,window25,customer,concern,12
RMBS|2016Q1,seeds,customers,vulnerability,5
RMBS|2016Q1,stem,customer,vulnerability,5
RMBS|2011Q3,stem,channel,threat,5
RMBS|2011Q3,window25,purchases,risky,15
RMBS|2012Q1,stem,shipp,concern,6
RMBS|2013Q1,stem,shortage,shortage,0
RMBS|2013Q1,window25,delivery,theft,16
RMBS|2013Q4,seeds,customers,risk,9
RMBS|2013Q4,stem,customer,risk,9
NVEC|2021Q1,window25,customer,risk,25
NVEC|2024Q3,seeds,customers,lead times,3
NVEC|2024Q3,stem,customer,lead time,3
RMBS|2011Q1,seeds,manufacturing,risk,4
RMBS|2011Q1,stem,manufactur,risk,4
RMBS|2011Q1,window25,deliver,risk,23
RMBS|2019Q2,seeds,inventory,concerns,1
RMBS|2019Q2,stem,inventory,concern,1
RMBS|2019Q2,window25,orders,concerns,15
RMBS|2020Q1,seeds,supply chain,disruptions,1
RMBS|2020Q1,stem,supply,supply chain disruption,0
RMBS|2020Q3,seeds,inventory,concerns,3
RMBS|2020Q3,stem,inventory,concern,3
RMBS|2024Q3,stem,inventory,concern,5
INTT|2011Q4,window25,fabrication,risk,12
INTT|2012Q4,window25,fabrication,risk,12
INTT|2017Q1,window25,fabrication,risk,17
INTT|2024Q1,seeds,supply,volatile,4
INTT|2024Q1,stem,supply,volatile,4
INTT|2024Q3,window25,backlog,exposure,11
RMBS|2016Q3,stem,network,counterfeit,4
RMBS|2017Q2,hyphen,production,volatile,5
RMBS|2017Q4,hyphen,production,volatile,6
RMBS|2019Q1,seeds,supply chain,concerns,3
RMBS|2019Q1,stem,supply,concern,4
RMBS|2019Q1,window25,shipments,concerns,11
POWI|2014Q3,seeds,inventory,lead times,9
POWI|2014Q3,stem,channel,lead time,6
POWI|2014Q3,window25,orders,lead times,13
POWI|2014Q4,seeds,inventory,risk,10
POWI|2014Q4,stem,stock,volatility,4
POWI|2015Q1,seeds,inventory,risk,10
POWI|2015Q1,stem,inventory,risk,10
POWI|2015Q3,window25,backlog,uncertain,20
POWI|2016Q1,stem,order,uncertain,4
POWI|2016Q2,seeds,customers,exposure,6
POWI|2016Q2,stem,customer,exposure,6
POWI|2016Q2,window25,oem,exposure,23
POWI|2016Q3,window25,component,concern,15
AEHR|2024Q3,window25,assembled,concerns,23
AEHR|2024Q4,window25,manufacturers,risk,24
TSM|2023Q3,seeds,customers,lead time,4
TSM|2023Q3,stem,customer,lead time,4
TSM|2023Q3,window25,shipped,uncertainty,16
TSM|2024Q3,window25,customer,concern,12
POWI|2012Q1,seeds,customers,lead time,5
POWI|2012Q1,stem,customer,lead time,5
POWI|2012Q1,window25,distributors,lead time,18
POWI|2012Q2,seeds,inventory,uncertain,5
POWI|2012Q2,stem,inventory,uncertain,5
POWI|2012Q4,stem,forecast,uncertain,6
POWI|2013Q1,stem,purchase,volatile,7
POWI|2013Q1,window25,vendor,volatile,11
POWI|2017Q1,seeds,customers,volatile,6
POWI|2017Q1,stem,customer,volatile,6
POWI|2017Q2,window25,network,concern,12
POWI|2017Q4,window25,oems,exposure,23
POWI|2020Q3,seeds,inventory,uncertainty,3
POWI|2020Q3,stem,inventory,uncertainty,3
POWI|2020Q3,window25,oem,concerns,16
POWI|2021Q2,seeds,supply,capacity constraints,9
POWI|2021Q2,stem,customer,concern,2
POWI|2021Q2,window25,packaging,lead times,18
TSM|2012Q1,seeds,supply,shortage,1
TSM|2012Q1,stem,shortage,shortage,0
TSM|2012Q1,window25,fulfill,shortage,18
TSM|2014Q2,seeds,inventory,capacity constraint,4
TSM|2014Q2,stem,inventory,capacity constraint,4
TSM|2018Q1,stem,forecast,uncertainty,6
TSM|2018Q1,window25,customer,uncertainty,13
TSM|2020Q4,seeds,inventory,uncertainties,6
TSM|2020Q4,stem,shortage,shortage,0
TSM|2020Q4,window25,customer,exposure,19
AMKR|2011Q3,seeds,inventory,uncertain,7
AMKR|2011Q3,stem,inventory,uncertain,7
AMKR|2012Q3,window25,customer,risk,12
AMKR|2012Q4,window25,package,uncertain,13
AMKR|2013Q1,seeds,supply chain,disruptions,1
AMKR|2013Q1,stem,supply,supply chain disruption,0
AMKR|2013Q1,window25,customer,threat,15
AMKR|2014Q4,window25,assembly,risk,18
AMKR|2016Q3,stem,order,disruption,2
AMKR|2017Q3,window25,packaging,lead times,25
POWI|2021Q4,seeds,supply,concerns,5
POWI|2021Q4,stem,supply,concern,5
POWI|2021Q4,window25,oems,sanctions,12
POWI|2022Q3,seeds,inventory,concerns,4
POWI|2022Q3,stem,inventory,concern,4
POWI|2022Q4,seeds,customers,risk,8
POWI|2022Q4,stem,customer,risk,8
POWI|2023Q4,seeds,inventory,risk,5
POWI|2023Q4,stem,inventory,risk,5
POWI|2023Q4,window25,customer,exposure,15
POWI|2024Q3,seeds,customers,concerns,9
POWI|2024Q3,stem,customer,concern,9
AMKR|2022Q4,seeds,supply chain,risk,4
AMKR|2022Q4,stem,supply,risk,5
AMKR|2023Q1,seeds,supply chain,disruptions,1
AMKR|2023Q1,hyphen,factory,risk,9
AMKR|2023Q1,stem,supply,supply chain disruption,0
AMKR|2023Q1,window25,source,disruptions,11
AMKR|2023Q4,seeds,customers,risk,8
AMKR|2023Q4,stem,customer,risk,8
AMKR|2024Q1,stem,shortage,shortage,0
AMKR|2024Q3,seeds,inventory,uncertain,6
AMKR|2024Q3,stem,shortage,shortage,0
AXTI|2011Q4,window25,production,uncertain,16
AXTI|2012Q4,window25,materials,uncertainties,16
AXTI|2013Q1,window25,production,uncertain,20
AXTI|2014Q2,stem,material,concern,10
AXTI|2014Q2,window25,raw,uncertainties,21
AXTI|2014Q3,stem,shortage,shortage,0
AXTI|2015Q1,seeds,customers,risk,9
AXTI|2015Q1,stem,customer,risk,9
AXTI|2015Q1,window25,customer,risk,16
AXTI|2015Q2,window25,manufacturers,concerns,14
AXTI|2015Q4,window25,materials,volatile,12
AXTI|2017Q3,seeds,customers,lead time,9
AXTI|2017Q3,stem,customer,lead time,9
AXTI|2017Q3,window25,factory,lead time,13
AXTI|2018Q2,seeds,customers,risks,8
AXTI|2018Q2,stem,customer,risk,8
AXTI|2018Q2,window25,materials,concerns,14
AXTI|2018Q3,stem,forecast,tariff,5
AXTI|2018Q3,window25,manufacture,tariffs,15
AXTI|2019Q2,seeds,inventory,uncertain,4
AXTI|2019Q2,stem,customer,concern,3
AXTI|2019Q4,stem,customer,concern,3
AXTI|2020Q3,stem,inventory,concern,2
AXTI|2020Q4,window25,customer,lead times,22
AXTI|2021Q2,window25,raw,tariffs,15
AXTI|2021Q4,stem,shortage,shortage,0
AXTI|2022Q3,seeds,supply,shortage,3
AXTI|2022Q3,stem,shortage,shortage,0
AXTI|2022Q4,seeds,inventory,risk,3
AXTI|2022Q4,stem,inventory,concern,2
AXTI|2022Q4,window25,raw,risk,19
AXTI|2023Q2,seeds,supply chain,disruptions,1
AXTI|2023Q2,stem,supply,supply chain disruption,0
NVDA|2012Q2,window25,oems,uncertain,20
NVDA|2016Q3,stem,shipment,concern,4
NVDA|2019Q2,stem,channel,concern,3
NVDA|2019Q2,window25,channels,concerns,11
NVDA|2019Q4,window25,purchases,uncertainty,16
NVDA|2013Q3,window25,ship,disruption,19
NVDA|2021Q1,seeds,customers,concerns,2
NVDA|2021Q1,stem,customer,concern,2
NVDA|2021Q1,window25,channels,uncertainties,13
NVDA|2021Q2,seeds,supply,lead times,8
NVDA|2021Q2,stem,supply,lead time,8
NVDA|2021Q3,window25,vendors,risk,13
NVDA|2021Q4,seeds,supply,lead times,3
NVDA|2021Q4,stem,supply,lead time,3
NVDA|2022Q4,seeds,customers,bottlenecks,5
NVDA|2022Q4,stem,network,bottleneck,2
NVDA|2022Q4,window25,networks,bottleneck,11
NVDA|2023Q1,seeds,supply,uncertainty,3
NVDA|2023Q1,stem,supply,uncertainty,3
NVDA|2023Q3,seeds,supply chain,disruptions,1
NVDA|2023Q3,stem,supply,supply chain disruption,0
NVDA|2024Q1,seeds,supply,lead times,9
NVDA|2024Q1,stem,supply,lead time,9
QUIK|2010Q1,seeds,customers,volatility,10
QUIK|2010Q1,stem,shortage,shortage,0
QUIK|2010Q1,window25,forecasting,volatility,20
QUIK|2012Q2,seeds,suppliers,risky,2
QUIK|2012Q2,stem,supplier,risky,2
QUIK|2016Q2,window25,oems,concerns,19
QUIK|2017Q1,window25,oems,risk,13
QUIK|2017Q2,stem,forecast,uncertainty,9
SLAB|2011Q2,seeds,customers,concern,3
SLAB|2011Q2,stem,customer,concern,3
SLAB|2011Q2,window25,customer,exposure,19
SLAB|2012Q1,window25,transport,concerns,23
SLAB|2012Q2,seeds,customers,uncertainty,7
SLAB|2012Q2,stem,customer,uncertainty,7
SLAB|2012Q2,window25,forecasting,uncertainty,12
SLAB|2012Q4,seeds,inventory,concerns,5
SLAB|2012Q4,stem,channel,concern,4
SLAB|2013Q2,stem,order,concern,8
SLAB|2013Q3,seeds,customers,lead times,2
SLAB|2013Q3,stem,customer,lead time,2
SLAB|2013Q3,window25,production,risk,21
QUIK|2020Q1,seeds,supply,bottlenecks,6
QUIK|2020Q1,stem,supply,bottleneck,6
QUIK|2020Q4,window25,customer,risks,18
QUIK|2023Q2,stem,supplier,concern,9
SLAB|2010Q1,stem,inventory,concern,8
SLAB|2018Q2,seeds,manufacturing,tariffs,10
SLAB|2018Q2,stem,manufactur,tariff,10
SLAB|2019Q1,window25,oems,uncertainty,11
SLAB|2019Q3,seeds,supply chain,bottlenecks,1
SLAB|2019Q3,stem,supply,bottleneck,2
SLAB|2019Q3,window25,deliver,uncertainties,11
SLAB|2019Q4,seeds,customers,volatility,6
SLAB|2019Q4,stem,customer,volatility,6
SLAB|2019Q4,window25,production,disruptions,13
SLAB|2020Q2,seeds,supply chain,uncertainties,7
SLAB|2020Q2,stem,channel,uncertainty,6
SLAB|2020Q2,window25,backlog,lead times,24
SLAB|2020Q3,window25,delivering,threats,17
SLAB|2013Q4,window25,network,exposure,13
SLAB|2014Q1,stem,track,exposure,3
SLAB|2015Q4,stem,order,lead time,5
SLAB|2015Q4,window25,network,lead times,24
SLAB|2016Q1,seeds,supply,exposure,8
SLAB|2016Q1,stem,supply,exposure,8
SLAB|2017Q3,seeds,distribution,concern,10
SLAB|2017Q3,stem,order,lead time,1
SLAB|2017Q3,window25,channels,concern,14
SLAB|2021Q1,seeds,supply,capacity constraints,5
SLAB|2021Q1,stem,supply,capacity constraint,5
SLAB|2021Q1,window25,shipments,exposures,18
SLAB|2021Q2,seeds,inventory,risk,1
SLAB|2021Q2,stem,shortage,shortage,0
SLAB|2021Q2,window25,production,shortage,20
SLAB|2021Q3,seeds,customers,counterfeiting,2
SLAB|2021Q3,stem,customer,counterfeit,2
SLAB|2021Q3,window25,customer,volatility,23
SLAB|2022Q1,seeds,supply chain,concerns,1
SLAB|2022Q1,stem,supply,concern,2
NVMI|2010Q2,seeds,supply chain,lead times,4
NVMI|2010Q2,stem,supply,lead time,5
NVMI|2010Q2,window25,customer,lead times,22
NVMI|2010Q3,stem,shortage,shortage,0
NVMI|2017Q4,seeds,customers,exposure,6
NVMI|2017Q4,stem,customer,exposure,6
NVMI|2018Q2,seeds,customers,exposure,3
NVMI|2018Q2,stem,customer,exposure,3
NVMI|2019Q3,seeds,customers,exposure,4
NVMI|2019Q3,hyphen,customer,exposure,2
NVMI|2019Q3,stem,customer,exposure,4
NVMI|2019Q3,window25,customer,exposure,17
NVMI|2019Q4,seeds,customers,exposure,4
NVMI|2019Q4,stem,customer,exposure,4
NVMI|2022Q2,seeds,supply chain,disruptions,1
NVMI|2022Q2,stem,supply,supply chain disruption,0
NVMI|2022Q2,window25,materials,exposure,13
NVMI|2022Q3,seeds,customers,exposure,3
NVMI|2022Q3,stem,customer,exposure,3
NVMI|2022Q3,window25,materials,volatile,23
NVMI|2011Q2,stem,customer,concern,8
NVMI|2011Q2,window25,channels,disruption,19
NVMI|2012Q4,stem,shortage,shortage,0
NVMI|2016Q1,seeds,customers,exposure,4
NVMI|2016Q1,hyphen,customer,exposure,1
NVMI|2016Q1,stem,customer,exposure,4
NVMI|2016Q1,window25,customer,exposure,22
NVMI|2023Q2,window25,customer,exposure,13
NVMI|2023Q4,seeds,customers,exposure,10
NVMI|2023Q4,stem,customer,exposure,10
ON|2010Q4,stem,plann,concern,2
ON|2012Q4,stem,forecast,lead time,3
ON|2012Q4,window25,inventories,lead time,19
ON|2013Q4,seeds,customers,concerns,7
ON|2013Q4,stem,customer,concern,7
ON|2013Q4,window25,factory,lead times,13
ON|2014Q2,stem,channel,lead time,3
ON|2014Q2,window25,packaging,lead times,11
PXLW|2015Q1,stem,order,disruption,4
PXLW|2016Q4,seeds,supply chain,disruptions,1
PXLW|2016Q4,stem,supply,supply chain disruption,0
PXLW|2017Q1,seeds,supply,supply chain disruption,0
PXLW|2017Q1,stem,shortage,shortage,0
PXLW|2017Q1,window25,deliver,shortage,12
PXLW|2020Q2,seeds,customers,uncertainty,1
PXLW|2020Q2,stem,customer,uncertainty,1
PXLW|2020Q2,window25,delivery,uncertainty,12
PXLW|2021Q4,window25,customer,risky,11
PXLW|2024Q1,window25,planning,risk,13
PXLW|2024Q3,window25,orders,uncertainty,20
ON|2018Q3,seeds,inventory,risk,3
ON|2018Q3,stem,inventory,risk,3
ON|2018Q3,window25,production,volatility,13
ON|2019Q4,seeds,supply,supply chain disruption,0
ON|2019Q4,stem,supply,supply chain disruption,0
ON|2019Q4,window25,outsourced,concerns,15
ON|2023Q3,seeds,inventory,risk,1
ON|2023Q3,stem,inventory,risk,1
ON|2023Q3,window25,delivering,volatility,14
ON|2023Q4,seeds,inventory,uncertain,3
ON|2023Q4,stem,inventory,uncertain,3
ON|2023Q4,window25,customer,uncertainty,24
ON|2024Q2,seeds,supply,risks,3
ON|2024Q2,stem,supply,risk,3
ON|2024Q2,window25,packaging,risks,12
PXLW|2012Q1,seeds,supply chain,disruptions,1
PXLW|2012Q1,stem,supply,supply chain disruption,0
PXLW|2017Q2,seeds,supply,disruptions,2
PXLW|2017Q2,stem,channel,disruption,1
PXLW|2018Q1,stem,pipeline,concern,2
PXLW|2018Q4,window25,customer,uncertain,24
MRVL|2011Q1,seeds,customers,concern,2
MRVL|2011Q1,stem,shortage,shortage,0
MRVL|2011Q1,window25,buying,risk,24
MRVL|2012Q2,stem,forecast,risky,4
MRVL|2012Q2,window25,backlog,concern,20
ACLS|2012Q4,stem,material,concern,2
ACLS|2017Q4,seeds,supply,lead times,2
ACLS|2017Q4,stem,supply,lead time,2
ACLS|2019Q2,hyphen,supplier,risk,8
MRVL|2019Q1,stem,network,trade restriction,6
MRVL|2019Q1,window25,storage,trade restrictions,24
MRVL|2021Q3,window25,storage,volatility,20
MRVL|2022Q4,seeds,supply,lead times,5
MRVL|2022Q4,stem,supply,lead time,5
ACLS|2016Q1,window25,buying,uncertainty,13
ACLS|2016Q4,seeds,customers,exposure,5
ACLS|2016Q4,stem,customer,exposure,5
ACLS|2019Q4,hyphen,shipments,volatile,7
ACLS|2020Q1,seeds,supply,supply chain disruption,0
ACLS|2020Q1,stem,supply,supply chain disruption,0
ACLS|2020Q1,window25,components,concern,12
ACLS|2020Q3,stem,stock,risk,10
ACLS|2022Q4,seeds,manufacturing,risk,4
ACLS|2022Q4,stem,shortage,shortage,0
ACLS|2022Q4,window25,supplier,risk,20
ACLS|2023Q1,seeds,manufacturing,risk,5
ACLS|2023Q1,stem,manufactur,risk,5
ACLS|2023Q1,window25,manufacturer,risk,11
ACLS|2023Q4,seeds,manufacturing,risk,5
ACLS|2023Q4,stem,material,risk,1
ACLS|2023Q4,window25,supplier,risk,20
ACLS|2024Q1,seeds,manufacturing,risk,5
ACLS|2024Q1,stem,manufactur,risk,5
ACLS|2024Q1,window25,supplier,risk,20
ENTG|2010Q1,stem,inventory,concern,4
ENTG|2010Q1,window25,shipper,threat,12
ENTG|2010Q3,seeds,customers,uncertain,6
ENTG|2010Q3,stem,customer,uncertain,6
ENTG|2010Q4,seeds,manufacturing,manufacturing defects,0
ENTG|2010Q4,stem,manufactur,manufactur defect,0
ENTG|2012Q2,seeds,customers,uncertainty,4
ENTG|2012Q2,stem,customer,uncertainty,4
ENTG|2012Q2,window25,production,uncertainty,12
ENTG|2013Q1,seeds,customers,volatile,8
ENTG|2013Q1,stem,customer,volatile,8
ENTG|2013Q1,window25,source,risk,15
ENTG|2013Q3,stem,production,concern,8
ENTG|2013Q3,window25,oems,exposure,11
ENTG|2014Q2,window25,materials,volatile,21
ENTG|2018Q4,window25,deliver,lead time,24
ENTG|2019Q2,seeds,customers,risk,10
ENTG|2019Q2,stem,material,concern,1
ENTG|2019Q2,window25,supplier,risk,11
ENTG|2020Q3,seeds,supply,disruptions,1
ENTG|2020Q3,stem,supply,supply disruption,0
ENTG|2015Q3,seeds,inventory,concerns,3
ENTG|2015Q3,stem,inventory,concern,3
ENTG|2016Q1,window25,customer,volatility,11
ENTG|2016Q3,seeds,manufacturing,risk,4
ENTG|2016Q3,stem,manufactur,risk,4
ENTG|2023Q4,seeds,supply chain,risks,1
ENTG|2023Q4,stem,supply,risk,2
ENTG|2024Q1,window25,materials,uncertainty,11
ENTG|2024Q3,seeds,customers,exposure,3
ENTG|2024Q3,stem,customer,exposure,3
CAMT|2013Q3,window25,customer,risk,20
CAMT|2017Q2,stem,customer,concern,2
CAMT|2019Q4,window25,backlog,risk,11
CAMT|2014Q1,window25,production,lead times,16
CAMT|2016Q3,window25,packaging,capacity constraints,24
ENTG|2020Q4,seeds,customers,exposure,3
ENTG|2020Q4,stem,customer,exposure,3
ENTG|2020Q4,window25,customer,concerns,15
ENTG|2022Q2,seeds,customers,concern,3
ENTG|2022Q2,stem,customer,concern,3
ENTG|2022Q2,window25,oem,exposure,16
ENTG|2022Q3,window25,raw,concern,25
ENTG|2022Q4,window25,forecasting,uncertainty,13
ENTG|2023Q3,window25,materials,exposure,23
CAMT|2020Q2,seeds,customers,disruptions,4
CAMT|2020Q2,stem,customer,disruption,4
CAMT|2020Q2,window25,contractors,disruption,11
CAMT|2022Q2,seeds,supply,disruption,3
CAMT|2022Q2,stem,supply,disruption,3
CAMT|2022Q2,window25,customer,risks,18
CAMT|2023Q1,seeds,customers,lead times,7
CAMT|2023Q1,stem,customer,lead time,7
CAMT|2023Q1,window25,pipeline,uncertainty,15
CAMT|2023Q4,window25,orders,risks,12
CAMT|2024Q2,seeds,manufacturing,concerns,6
CAMT|2024Q2,stem,manufactur,concern,6
CAMT|2024Q2,window25,orders,risks,11
UMC|2010Q4,seeds,customers,risk,7
UMC|2010Q4,stem,customer,risk,7
UMC|2014Q3,seeds,supply chain,risks,1
UMC|2014Q3,stem,supply,risk,2
UMC|2015Q2,seeds,inventory,uncertainties,8
UMC|2015Q2,stem,inventory,uncertainty,8
UMC|2015Q2,window25,production,risk,13
UMC|2015Q4,seeds,supply,uncertainty,5
UMC|2015Q4,stem,supply,uncertainty,5
UMC|2016Q2,window25,production,uncertainty,20
UMC|2016Q4,seeds,customers,uncertainty,4
UMC|2016Q4,stem,customer,uncertainty,4
UMC|2011Q3,seeds,customers,uncertain,3
UMC|2011Q3,stem,customer,uncertain,3
UMC|2012Q1,seeds,customers,exposure,3
UMC|2012Q1,stem,shortage,shortage,0
UMC|2012Q1,window25,deliver,shortage,19
UMC|2012Q4,seeds,customers,uncertainty,2
UMC|2012Q4,stem,customer,uncertainty,2
UMC|2013Q2,stem,shortage,shortage,0
UMC|2013Q3,seeds,inventory,uncertainties,3
UMC|2013Q3,stem,inventory,uncertainty,3
UMC|2014Q1,stem,shortage,shortage,0
UMC|2014Q1,window25,customer,shortage,17
IMOS|2018Q4,seeds,customers,risk,6
IMOS|2018Q4,stem,customer,risk,6
IMOS|2018Q4,window25,packaging,volatility,18
IMOS|2019Q2,stem,forecast,uncertainty,6
UMC|2018Q4,seeds,supply chain,trade dispute,8
UMC|2018Q4,stem,stock,volatility,3
UMC|2019Q1,stem,supply,concern,3
UMC|2019Q3,window25,replenishment,tariffs,17
UMC|2022Q3,seeds,inventory,uncertainties,3
UMC|2022Q3,stem,inventory,uncertainty,3
UMC|2022Q3,window25,shipment,exposure,22
UMC|2023Q2,seeds,inventory,concerns,1
UMC|2023Q2,stem,inventory,concern,1
UMC|2023Q2,window25,packaging,bottleneck,22
UMC|2024Q1,seeds,customers,concerns,5
UMC|2024Q1,stem,customer,concern,5
UMC|2024Q1,window25,orders,uncertainty,25
ASX|2024Q1,window25,packaging,tariff,25
ASX|2024Q2,seeds,customers,capacity constraints,10
ASX|2024Q2,stem,shortage,shortage,0
ASX|2024Q2,window25,customer,capacity constraints,13
IMOS|2016Q2,stem,stock,concern,7
ASX|2013Q1,window25,packaging,bottlenecks,14
ASX|2014Q1,window25,packaging,exposure,11
ASX|2016Q4,window25,packaging,volatility,24
ASX|2017Q4,seeds,customers,risk,5
ASX|2017Q4,stem,customer,risk,5
ASX|2017Q4,window25,packaging,uncertain,12
ASX|2019Q1,seeds,inventory,concerns,1
ASX|2019Q1,stem,inventory,concern,1
ASX|2019Q1,window25,inventories,concerns,12
ASX|2019Q2,seeds,supply,uncertainty,3
ASX|2019Q2,stem,supply,uncertainty,3
ASX|2022Q2,seeds,supply chain,disruptions,1
ASX|2022Q2,stem,shortage,labor shortage,0
ASX|2022Q2,window25,customer,bottlenecks,14
ASX|2023Q1,seeds,inventory,lead time,4
ASX|2023Q1,stem,inventory,lead time,4
ASX|2023Q1,window25,orders,lead time,19
IMOS|2019Q3,seeds,customers,concern,10
IMOS|2019Q3,stem,customer,concern,10
IMOS|2019Q3,window25,customer,concern,25
IMOS|2020Q2,seeds,customers,uncertain,3
IMOS|2020Q2,stem,customer,uncertain,3
IMOS|2020Q2,window25,deliver,uncertain,25
IMOS|2021Q4,seeds,supply,bottlenecks,1
IMOS|2021Q4,stem,supply,bottleneck,1
IMOS|2022Q4,seeds,customers,uncertainty,7
IMOS|2022Q4,stem,customer,uncertainty,7
IMOS|2024Q1,stem,material,concern,8
PRSO|2012Q4,stem,shipment,concern,6
PRSO|2013Q1,stem,shipment,concern,6
PRSO|2013Q2,stem,shipment,concern,6
PRSO|2016Q1,stem,shipment,concern,6
PRSO|2016Q2,stem,shipment,concern,6
PRSO|2016Q3,stem,network,uncertainty,3
PRSO|2016Q3,window25,oems,uncertainty,17
PRSO|2018Q1,seeds,customers,lead times,7
PRSO|2018Q1,hyphen,manufacturers,lead time,6
PRSO|2018Q1,stem,buy,lead time,4
PRSO|2023Q3,seeds,inventory,shortage,7
PRSO|2023Q3,stem,shortage,shortage,0
PRSO|2024Q3,seeds,inventory,concerns,6
PRSO|2024Q3,stem,inventory,concern,6
PRSO|2024Q3,window25,shipments,concerns,24
SYNA|2010Q2,stem,forecast,volatile,5
SYNA|2010Q2,window25,backlog,lead times,25
SYNA|2013Q1,seeds,supply,shortage,1
SYNA|2013Q1,stem,shortage,shortage,0
SYNA|2013Q2,seeds,customers,shortage,4
SYNA|2013Q2,stem,shortage,shortage,0
SYNA|2013Q2,window25,backlog,lead times,17
PRSO|2013Q3,stem,shipment,concern,6
PRSO|2013Q4,stem,shipment,concern,7
PRSO|2014Q2,stem,shipment,concern,6
PRSO|2014Q4,stem,shipment,concern,6
PRSO|2015Q1,stem,shipment,concern,6
PRSO|2015Q2,stem,shipment,concern,6
PRSO|2015Q2,window25,network,threat,11
PRSO|2015Q3,stem,transport,concern,2
PRSO|2015Q4,stem,shipment,concern,6
HPQ|2014Q3,stem,material,disruption,1
HPQ|2015Q3,stem,forecast,uncertain,3
SYNA|2015Q4,window25,storage,threats,14
SYNA|2016Q2,stem,shortage,shortage,0
SYNA|2016Q2,window25,backlog,shortage,13
SYNA|2016Q3,seeds,supply chain,uncertainty,5
SYNA|2016Q3,stem,supply,uncertainty,6
SYNA|2016Q3,window25,manufacturers,uncertainty,18
SYNA|2018Q2,stem,material,susceptible,5
SYNA|2019Q4,window25,customer,uncertainty,18
SYNA|2020Q3,seeds,supply chain,disruptions,5
SYNA|2020Q3,stem,supply,disruption,6
SYNA|2020Q4,stem,shortage,shortage,0
SYNA|2020Q4,window25,customer,shortage,11
SYNA|2023Q2,seeds,inventory,uncertain,4
SYNA|2023Q2,stem,shortage,shortage,0
SYNA|2024Q2,seeds,inventory,uncertainty,8
SYNA|2024Q2,stem,inventory,uncertainty,8
SYNA|2024Q2,window25,packaging,lead time,12
HPQ|2014Q1,seeds,inventory,concern,8
HPQ|2014Q1,stem,forecast,risk,6
HPQ|2014Q1,window25,contractors,risk,11
SYNA|2014Q2,window25,purchased,volatility,15
SYNA|2015Q2,stem,shortage,shortage,0
SYNA|2015Q3,seeds,supply,concerns,4
SYNA|2015Q3,stem,supply,concern,4
SYNA|2015Q3,window25,customer,concerns,17
HPQ|2017Q2,stem,material,exposure,9
HPQ|2017Q3,seeds,inventory,risk,3
HPQ|2017Q3,stem,inventory,risk,3
IBM|2011Q4,seeds,customers,risk,5
IBM|2011Q4,stem,customer,risk,5
IBM|2011Q4,window25,storage,risk,19
IBM|2013Q2,window25,backlog,volatility,13
IBM|2014Q4,seeds,customers,threats,10
IBM|2014Q4,stem,customer,threat,10
UIS|2010Q3,stem,customer,concern,3
UIS|2012Q2,window25,distributed,exposures,20
UIS|2012Q3,seeds,distribution,volatility,7
UIS|2012Q4,stem,reseller,cyber threat,7
UIS|2012Q4,window25,network,threats,12
IBM|2018Q4,seeds,inventory,volatility,10
IBM|2018Q4,stem,source,cyber threat,10
IBM|2018Q4,window25,sources,threats,11
IBM|2021Q1,stem,buy,concern,10
IBM|2023Q4,stem,customer,concern,4
IBM|2023Q4,window25,clients,uncertainty,25
IBM|2024Q1,window25,clients,uncertainty,20
IBM|2024Q3,window25,customer,uncertain,15
UIS|2014Q1,window25,orders,uncertainty,11
UIS|2014Q2,stem,packag,risk,9
UIS|2014Q2,window25,buying,risk,22
AVT|2020Q2,window25,customer,risk,12
SONY|2014Q1,seeds,inventory,concern,9
SONY|2014Q1,stem,order,risk,4
SONY|2014Q3,window25,component,exposure,19
SONY|2017Q4,stem,forecast,concern,6
SONY|2018Q4,stem,forecast,risk,5
SONY|2019Q1,seeds,distribution,tariffs,10
SONY|2019Q1,stem,forecast,concern,4
SONY|2019Q1,window25,forecasting,risk,13
UIS|2016Q4,window25,pipeline,uncertainty,11
UIS|2018Q2,window25,planning,volatile,12
UIS|2018Q3,window25,clients,risk,18
IBM|2015Q2,window25,clients,threats,20
IBM|2016Q2,window25,clients,uncertainty,23
IBM|2016Q3,stem,deliver,risk,6
IBM|2016Q3,window25,clients,risks,25
IBM|2018Q1,window25,clients,risks,15
AVT|2015Q2,seeds,customers,concern,8
AVT|2015Q2,stem,customer,concern,8
AVT|2015Q4,seeds,suppliers,lead times,4
AVT|2015Q4,stem,supplier,lead time,4
AVT|2015Q4,window25,customer,lead times,12
AVT|2016Q3,window25,storage,exposure,15
AVT|2017Q1,seeds,suppliers,volatile,6
AVT|2017Q1,stem,supplier,volatile,6
SONY|2020Q2,window25,customer,risks,17
SONY|2020Q3,seeds,inventory,shortage,7
SONY|2020Q3,stem,shortage,shortage,0
SONY|2020Q3,window25,inventories,risk,11
SONY|2023Q2,seeds,inventory,risks,1
SONY|2023Q2,stem,inventory,risk,1
SONY|2023Q4,stem,oversea,concern,10
SONY|2024Q3,seeds,inventory,tariffs,8
SONY|2024Q3,stem,order,tariff,3
SONY|2024Q3,window25,shipment,tariffs,17
MSI|2011Q1,seeds,supply chain,disruptions,1
MSI|2011Q1,stem,supply,supply chain disruption,0
MSI|2011Q3,seeds,customers,concerns,10
MSI|2011Q3,stem,order,concern,5
UIS|2022Q4,stem,forecast,volatility,3
UIS|2023Q2,window25,clients,concerns,12
UIS|2023Q3,window25,client,downside,16
UIS|2024Q4,stem,distribut,concern,5
MSI|2015Q2,hyphen,backlog,risk,9
MSI|2015Q2,window25,backlog,risk,16
MSI|2016Q1,window25,customer,uncertain,15
MSI|2016Q2,stem,purchase,uncertainty,7
MSI|2016Q2,window25,networks,uncertain,21
MSI|2016Q3,window25,manufacturers,uncertainty,11
MSI|2017Q3,seeds,customers,natural disasters,6
MSI|2017Q3,stem,customer,natural disaster,6
MSI|2011Q4,seeds,customers,natural disasters,4
MSI|2011Q4,stem,customer,natural disaster,4
MSI|2014Q1,window25,orders,risks,12
MSI|2022Q4,seeds,supply,lead times,3
MSI|2022Q4,stem,supply,lead time,3
MSI|2022Q4,window25,forecasting,lead times,19
MSI|2023Q1,seeds,supply,risk,2
MSI|2023Q1,stem,supply,risk,2
MSI|2023Q1,window25,backlog,risk,25
MSI|2024Q1,stem,deliver,concern,7
MSI|2024Q1,window25,backlog,concern,17
MSI|2024Q4,seeds,supply,tariff,4
MSI|2024Q4,stem,supply,tariff,4
ROG|2010Q1,seeds,manufacturing,lead times,6
ROG|2010Q1,stem,manufactur,lead time,6
ROG|2010Q1,window25,backlog,lead times,15
ROG|2010Q2,window25,orders,lead times,12
ROG|2010Q3,seeds,suppliers,concern,8
ROG|2010Q3,stem,supplier,concern,8
ROG|2012Q1,stem,sourc,single sourc,0
ROG|2012Q1,window25,materials,exposure,25
ROG|2018Q4,hyphen,raw,lead time,1
ROG|2018Q4,window25,packaging,capacity constraints,18
ROG|2020Q3,seeds,supply chain,trade restrictions,3
ROG|2020Q3,stem,supply,trade restriction,4
ROG|2020Q3,window25,orders,trade restrictions,14
ROG|2022Q1,stem,stock,concern,10
ROG|2023Q3,window25,factory,uncertain,20
MSI|2018Q2,window25,routes,exposure,19
MSI|2019Q1,seeds,customers,concerns,3
MSI|2019Q1,stem,customer,concern,3
MSI|2019Q1,window25,vendor,concern,15
MSI|2020Q2,seeds,customers,disruptions,2
MSI|2020Q2,stem,customer,disruption,2
MSI|2020Q2,window25,network,disruptions,21
MSI|2020Q3,seeds,customers,natural disasters,5
MSI|2020Q3,stem,customer,natural disaster,5
MSI|2022Q2,window25,backlog,concerns,14
ROG|2012Q2,stem,forecast,uncertainty,7
ROG|2013Q1,seeds,customers,lead times,6
ROG|2013Q1,stem,customer,lead time,6
ROG|2014Q2,stem,inventory,concern,5
ROG|2014Q4,seeds,customers,lead times,3
ROG|2014Q4,stem,customer,lead time,3
ROG|2014Q4,window25,orders,lead times,18
ROG|2015Q3,stem,shortage,shortage,0
ROG|2015Q3,window25,delivery,uncertainty,14
ROG|2016Q1,window25,factory,lead times,15
ROG|2016Q2,stem,deliver,uncertainty,5
ROG|2016Q3,seeds,customers,uncertainty,7
ROG|2016Q3,stem,customer,uncertainty,7
ROG|2016Q4,seeds,customers,tariffs,2
ROG|2016Q4,stem,customer,tariff,2
ROG|2018Q1,window25,manufacturers,sanctions,13
ABEO|2016Q2,window25,manufacturer,uncertain,22
ABEO|2016Q4,stem,shortage,shortage,0
ABEO|2019Q4,seeds,manufacturing,risk,4
ABEO|2019Q4,stem,manufactur,concern,2
ABEO|2020Q1,seeds,manufacturing,disruptions,9
ABEO|2020Q1,stem,manufactur,disruption,9
ABEO|2020Q2,seeds,supply chain,risk,5
ABEO|2020Q2,stem,supply,risk,6
ABEO|2020Q2,window25,manufacture,concerns,23
ABEO|2020Q3,stem,track,uncertain,10
ABEO|2021Q3,window25,deliver,uncertainty,21
ABEO|2022Q2,window25,buyers,lead time,12
AAPL|2010Q1,stem,material,risk,1
AAPL|2010Q2,stem,forecast,risk,8
AAPL|2010Q4,seeds,distribution,risks,10
AAPL|2010Q4,stem,forecast,risk,8
AAPL|2012Q1,stem,shortage,shortage,0
AAPL|2013Q3,stem,forecast,risk,8
AAPL|2013Q3,window25,vendors,concerns,25
AAPL|2014Q1,stem,forecast,risk,8
AAPL|2014Q2,stem,shortage,shortage,0
AAPL|2014Q2,window25,pipeline,shortage,16
AAPL|2014Q3,stem,forecast,risk,8
AAPL|2014Q4,seeds,supply,bottlenecks,5
AAPL|2014Q4,stem,supply,bottleneck,5
AAPL|2015Q1,stem,channel,concern,5
AAPL|2015Q3,stem,forecast,risk,8
AAPL|2018Q4,seeds,supply,uncertainty,2
AAPL|2018Q4,stem,supply,uncertainty,2
AAPL|2019Q1,stem,forecast,risk,8
AAPL|2019Q2,stem,forecast,risk,8
AAPL|2019Q3,stem,forecast,risk,8
AAPL|2020Q3,stem,forecast,risk,8
AAPL|2021Q1,seeds,customers,uncertainty,10
AAPL|2021Q1,stem,shortage,shortage,0
AAPL|2022Q3,stem,shortage,shortage,0
AAPL|2022Q3,window25,retail,risky,13
AAPL|2022Q4,window25,customer,uncertain,24
AAPL|2016Q2,stem,forecast,risk,8
AAPL|2016Q3,stem,forecast,risk,8
AAPL|2017Q1,seeds,suppliers,shortage,9
AAPL|2017Q1,stem,shortage,shortage,0
AAPL|2017Q2,stem,forecast,risk,8
AAPL|2017Q3,stem,forecast,risk,8
AAPL|2018Q1,stem,forecast,risk,8
AAPL|2018Q2,stem,forecast,risk,8
AAPL|2018Q3,stem,forecast,risk,8
GLW|2016Q1,seeds,customers,lead times,10
GLW|2016Q1,stem,customer,lead time,10
GLW|2017Q1,window25,customer,concerns,16
GLW|2019Q2,window25,supplying,concerns,21
GLW|2019Q3,seeds,supply,disruption,2
GLW|2019Q3,stem,supply,disruption,2
GLW|2019Q3,window25,materials,uncertain,23
GLW|2019Q4,stem,supply,concern,7
GLW|2019Q4,window25,retail,uncertainty,17
AAPL|2024Q3,stem,forecast,risk,8
GLW|2010Q3,seeds,manufacturing,disruptions,6
GLW|2010Q3,stem,manufactur,disruption,6
GLW|2012Q1,seeds,supply,volatility,7
GLW|2012Q1,stem,supply,volatility,7
GLW|2012Q1,window25,materials,risk,11
GLW|2013Q3,seeds,inventory,volatile,3
GLW|2013Q3,stem,inventory,volatile,3
GLW|2013Q3,window25,components,risks,17
GLW|2020Q4,seeds,supply,shortage,3
GLW|2020Q4,stem,shortage,shortage,0
GLW|2020Q4,window25,retail,shortage,21
GLW|2024Q3,hyphen,tracking,risk,10
ADP|2010Q1,window25,client,risk,14
ADP|2010Q2,stem,forecast,downside,4
ADP|2010Q2,window25,client,risk,15
ADP|2010Q4,window25,planning,downside,20
FEIM|2016Q1,seeds,customers,concern,6
FEIM|2016Q1,stem,customer,concern,6
FEIM|2018Q1,seeds,transportation,risks,8
FEIM|2018Q1,stem,manufactur,risk,10
FEIM|2018Q1,window25,vendors,risks,15
FEIM|2023Q4,window25,delivery,lead times,13
FEIM|2024Q4,window25,backlog,risky,16
ARW|2012Q3,seeds,inventory,risk,1
ARW|2012Q3,stem,inventory,risk,1
ADP|2011Q1,stem,forecast,risk,7
ADP|2011Q1,window25,client,risk,12
ADP|2011Q2,stem,forecast,risk,7
ADP|2011Q2,window25,client,risk,12
ADP|2012Q3,window25,client,risk,25
ADP|2014Q1,window25,clients,risk,13
ADP|2014Q4,window25,client,risk,21
ADP|2015Q3,window25,clients,risk,17
ADP|2016Q2,window25,clients,uncertainty,17
ADP|2016Q4,window25,client,uncertain,16
ADP|2018Q3,window25,delivery,volatile,18
ADP|2018Q4,window25,client,volatility,14
ADP|2019Q1,window25,clients,disruption,14
ADP|2019Q2,window25,client,concerns,15
ADP|2019Q4,window25,network,risk,11
ADP|2020Q2,window25,pipeline,volatility,15
ADP|2021Q2,window25,client,threat,22
ADP|2024Q3,window25,clients,concerns,16
ARW|2014Q1,stem,customer,concern,4
ARW|2014Q1,window25,components,lead times,11
ARW|2016Q3,stem,track,lead time,6
ARW|2022Q3,seeds,supply,risk,3
ARW|2022Q3,stem,shortage,shortage,0
ARW|2022Q3,window25,backlog,lead times,11
ARW|2024Q2,seeds,inventory,exposure,9
ARW|2024Q2,stem,inventory,exposure,9
ARW|2024Q4,stem,shortage,shortage,0
BELFA|2012Q3,seeds,customers,concerns,3
BELFA|2012Q3,stem,backlog,lead time,2
BELFA|2012Q3,window25,backlog,uncertainty,11
BELFA|2012Q4,seeds,customers,disruption,4
BELFA|2012Q4,stem,customer,disruption,4
BELFA|2012Q4,window25,backlog,lead times,13
BELFA|2013Q2,seeds,customers,concerns,3
BELFA|2013Q2,stem,customer,concern,3
BELFA|2014Q2,seeds,customers,concerns,3
BELFA|2014Q2,stem,material,lead time,2
BELFA|2014Q2,window25,oems,concerns,14
BELFA|2014Q3,seeds,customers,concerns,3
BELFA|2014Q3,stem,customer,concern,3
BELFA|2014Q4,seeds,customers,concerns,3
BELFA|2014Q4,stem,customer,concern,3
BELFA|2014Q4,window25,customer,concern,17
BELFA|2015Q2,seeds,customers,concerns,3
BELFA|2015Q2,stem,customer,concern,3
BELFA|2015Q3,seeds,customers,concerns,3
BELFA|2015Q3,stem,customer,concern,3
BELFA|2017Q3,seeds,customers,concerns,3
BELFA|2017Q3,stem,customer,concern,3
BELFA|2020Q1,seeds,customers,concerns,3
BELFA|2020Q1,stem,customer,concern,3
BELFA|2020Q1,window25,shipments,concern,14
BMI|2011Q4,stem,stock,volatility,3
BMI|2011Q4,window25,customer,exposure,22
BMI|2018Q4,stem,order,concern,8
BMI|2020Q4,stem,stock,volatility,9
BMI|2023Q1,stem,customer,concern,3
BMI|2024Q3,window25,customer,concerns,19
BMI|2012Q1,seeds,customers,concern,7
BMI|2012Q1,stem,customer,concern,7
BMI|2012Q1,window25,buying,uncertainty,11
BMI|2012Q3,seeds,customers,concern,3
BMI|2012Q3,stem,forecast,volatile,2
BMI|2012Q3,window25,distributors,concerns,21
BMI|2016Q1,stem,stock,risk,4
BMI|2017Q2,stem,customer,concern,3
CACI|2012Q2,window25,clients,uncertainty,19
CACI|2012Q3,seeds,procurement,uncertainty,9
CACI|2012Q3,window25,clients,uncertainty,11
CACI|2013Q3,seeds,customers,uncertainty,2
CACI|2013Q3,stem,customer,uncertainty,2
CACI|2013Q3,window25,backlog,uncertain,12
CACI|2014Q1,stem,material,contingency,2
CACI|2014Q2,window25,network,threat,22
CACI|2014Q3,seeds,customers,uncertain,8
CACI|2014Q3,stem,customer,uncertain,8
CACI|2014Q3,window25,deliver,uncertain,15
CACI|2014Q4,window25,deliver,threats,14
CACI|2015Q1,stem,customer,concern,10
CACI|2015Q3,window25,customer,threats,11
CACI|2016Q1,seeds,customers,threats,3
CACI|2016Q1,stem,customer,threat,3
CACI|2016Q1,window25,deliver,risk,21
CACI|2017Q1,seeds,customers,threats,2
CACI|2017Q1,stem,customer,threat,2
CACI|2017Q2,stem,forecast,risk,5
ALOT|2014Q1,seeds,supply,disruption,5
ALOT|2014Q1,stem,supply,disruption,5
ALOT|2014Q1,window25,buying,uncertainties,11
ALOT|2015Q1,stem,backlog,concern,3
ALOT|2017Q4,window25,planning,exposure,12
CACI|2023Q1,window25,customer,susceptible,23
CACI|2024Q3,seeds,customers,uncertainty,3
CACI|2024Q3,stem,customer,uncertainty,3
CACI|2024Q3,window25,component,threat,11
ALOT|2020Q4,window25,production,uncertain,23
ALOT|2021Q1,window25,vendor,disruption,16
ALOT|2022Q3,window25,backlog,uncertainty,15
ALOT|2023Q4,seeds,supply chain,disruptions,1
ALOT|2023Q4,stem,supply,supply chain disruption,0
ALOT|2024Q1,stem,deliver,volatile,2
ADSK|2010Q1,seeds,manufacturing,concerns,3
ADSK|2010Q1,stem,manufactur,concern,3
ADSK|2010Q4,seeds,channel partners,concern,3
ADSK|2010Q4,stem,shortage,shortage,0
ADSK|2010Q4,window25,customer,concern,11
ADSK|2012Q2,window25,customer,contingencies,17
ADSK|2013Q1,window25,customer,concerns,16
ADSK|2013Q3,window25,forecasting,uncertainty,14
ADSK|2014Q4,stem,channel,concern,9
ORCL|2011Q1,window25,clients,disruption,16
ADSK|2016Q4,stem,customer,concern,4
ADSK|2017Q3,window25,customer,uncertain,23
ADSK|2017Q4,seeds,customers,risk,3
ADSK|2017Q4,stem,customer,risk,3
ADSK|2022Q2,stem,shortage,shortage,0
ADSK|2022Q2,window25,delivery,shortage,12
ADSK|2023Q2,window25,customer,lead time,19
ADSK|2024Q1,seeds,customers,risk,5
ADSK|2024Q1,stem,customer,risk,5
ADSK|2024Q1,window25,customer,disruption,22
ADSK|2024Q4,window25,contractor,risk,11
ORCL|2018Q3,seeds,customers,concerns,3
ORCL|2018Q3,stem,customer,concern,3
ORCL|2019Q2,seeds,customers,volatility,8
ORCL|2019Q2,stem,customer,volatility,8
ADSK|2018Q1,seeds,customers,concerns,3
ADSK|2018Q1,stem,stock,downside,3
ADSK|2019Q3,seeds,customers,concerns,10
ADSK|2019Q3,stem,customer,concern,10
ADSK|2019Q3,window25,pipeline,tariff,11
ADSK|2019Q4,seeds,customers,risk,2
ADSK|2019Q4,stem,customer,risk,2
ADSK|2019Q4,window25,deliver,risk,12
ADSK|2020Q1,window25,customer,tariff,12
ADSK|2020Q2,seeds,manufacturing,exposure,1
ADSK|2020Q2,stem,manufactur,exposure,1
ADSK|2020Q2,window25,manufacturers,exposure,12
ADSK|2022Q1,seeds,customers,uncertainty,6
ADSK|2022Q1,stem,customer,uncertainty,6
ADSK|2022Q1,window25,customer,uncertainty,23
ORCL|2024Q4,seeds,customers,risk,7
ORCL|2024Q4,stem,customer,risk,7
ORCL|2024Q4,window25,network,risk,24
MSFT|2010Q1,seeds,inventory,volatile,5
MSFT|2010Q1,stem,inventory,volatile,5
MSFT|2012Q2,stem,shortage,shortage,0
ORCL|2023Q3,stem,customer,concern,4
ORCL|2024Q3,window25,customer,ransomware,19
MSFT|2014Q2,stem,shortage,shortage,0
CLFD|2020Q3,seeds,manufacturing,tariff,5
CLFD|2020Q3,stem,plant,tariff,4
CLFD|2020Q3,window25,production,contingency,14
CLFD|2021Q1,seeds,supply,risks,8
CLFD|2021Q1,stem,supply,risk,8
CLFD|2021Q1,window25,components,risks,14
CLFD|2021Q3,seeds,supply chain,disruptions,1
CLFD|2021Q3,hyphen,orders,lead time,2
CLFD|2021Q3,stem,supply,supply chain disruption,0
CLFD|2021Q3,window25,materials,lead times,11
CLFD|2021Q4,seeds,customers,uncertainties,6
CLFD|2021Q4,stem,shortage,shortage,0
CLFD|2024Q2,seeds,inventory,uncertain,5
CLFD|2024Q2,stem,inventory,uncertain,5
CLFD|2024Q2,window25,orders,lead times,11
CLFD|2024Q3,stem,fulfill,lead time,8
CLFD|2024Q3,window25,orders,lead times,11
MSFT|2022Q3,seeds,supply,uncertainty,3
MSFT|2022Q3,stem,supply,uncertainty,3
MSFT|2022Q3,window25,supplier,uncertainty,11
MSFT|2022Q4,seeds,supply chain,disruptions,1
MSFT|2022Q4,stem,supply,supply chain disruption,0
MSFT|2022Q4,window25,customer,disruptions,25
MSFT|2024Q1,stem,component,concern,10
CLFD|2018Q3,seeds,supply chain,lead times,6
CLFD|2018Q3,stem,manufactur,uncertainty,7
MSFT|2015Q2,window25,oem,risk,18
MSFT|2017Q2,window25,customer,volatility,23
MSFT|2017Q3,seeds,customers,risk,10
MSFT|2017Q3,stem,customer,risk,10
MSFT|2017Q3,window25,deliver,risk,22
MSFT|2018Q1,stem,plann,volatility,7
MSFT|2018Q1,window25,materials,volatility,16
MSFT|2018Q2,seeds,customers,threats,2
MSFT|2018Q2,stem,customer,threat,2
MSFT|2018Q2,window25,deliver,threat,18
MSFT|2018Q3,seeds,customers,threats,4
MSFT|2018Q3,stem,customer,cyber threat,3
MSFT|2018Q4,seeds,supply,volatility,6
MSFT|2018Q4,stem,supply,volatility,6
MSFT|2018Q4,window25,customer,volatility,21
MSFT|2019Q1,seeds,customers,exposure,1
MSFT|2019Q1,stem,customer,exposure,1
MSFT|2019Q2,seeds,customers,threat,9
MSFT|2019Q2,stem,customer,threat,9
MSFT|2019Q3,seeds,customers,vulnerabilities,9
MSFT|2019Q3,stem,customer,vulnerability,9
MSFT|2019Q3,window25,customer,exposure,23
MSFT|2020Q2,seeds,supply,uncertainty,6
MSFT|2020Q2,stem,supply,uncertainty,6
MSFT|2021Q2,seeds,customers,threat,9
MSFT|2021Q2,stem,customer,threat,9
MSFT|2021Q2,window25,client,threat,24
ADBE|2012Q1,seeds,customers,risk,5
ADBE|2012Q1,stem,customer,risk,5
ADBE|2012Q3,seeds,customers,risk,4
ADBE|2012Q3,stem,customer,risk,4
ADBE|2013Q2,seeds,customers,concern,3
ADBE|2013Q2,stem,customer,concern,3
ADBE|2015Q3,seeds,customers,disruption,9
ADBE|2015Q3,stem,backlog,concern,5
ADBE|2015Q3,window25,backlog,uncertainty,25
ADBE|2016Q4,window25,retail,disruption,11
ADBE|2018Q1,window25,customer,concerns,14
WDC|2013Q4,stem,storage,concern,3
WDC|2014Q1,stem,storage,concern,4
WDC|2014Q2,seeds,supply,contingency,7
WDC|2014Q2,hyphen,source,single source,0
WDC|2014Q2,stem,supply,contingency,7
WDC|2014Q2,window25,storage,volatility,16
WDC|2014Q4,stem,customer,concern,6
WDC|2015Q1,stem,customer,concern,5
WDC|2015Q4,stem,customer,concern,8
ADBE|2022Q2,window25,planning,downside,11
ADBE|2024Q1,stem,stock,concern,8
WDC|2010Q2,seeds,supply,concern,3
WDC|2010Q2,stem,supply,concern,3
WDC|2010Q2,window25,storage,concern,15
WDC|2012Q3,seeds,customers,natural disasters,9
WDC|2012Q3,stem,storage,concern,4
WDC|2012Q3,window25,delivering,natural disasters,19
WDC|2012Q4,stem,storage,concern,4
WDC|2012Q4,window25,components,bottlenecks,15
WDC|2013Q2,seeds,inventory,uncertainty,5
WDC|2013Q2,stem,inventory,uncertainty,5
ADBE|2018Q4,stem,customer,concern,5
ADBE|2020Q1,seeds,customers,uncertainty,9
ADBE|2020Q1,stem,reseller,uncertainty,3
ADBE|2020Q1,window25,customer,uncertainty,24
WDC|2016Q2,seeds,supply,volatility,5
WDC|2016Q2,stem,supply,volatility,5
WDC|2016Q2,window25,planning,lead times,25
WDC|2017Q1,stem,shortage,shortage,0
WDC|2017Q1,window25,customer,risks,24
WDC|2017Q2,stem,shipp,concern,7
WDC|2017Q2,window25,storage,risks,22
WDC|2018Q2,stem,shortage,shortage,0
WDC|2018Q4,seeds,manufacturing,lead times,3
WDC|2018Q4,stem,manufactur,lead time,3
WDC|2019Q1,seeds,customers,shortage,8
WDC|2019Q1,stem,shortage,shortage,0
WDC|2019Q1,window25,storage,shortage,16
WDC|2019Q2,seeds,customers,volatility,3
WDC|2019Q2,stem,customer,volatility,3
WDC|2019Q2,window25,inventories,exposure,19
CTS|2010Q3,seeds,inventory,uncertainty,6
CTS|2010Q3,stem,inventory,uncertainty,6
CTS|2010Q3,window25,component,uncertainty,14
WDC|2023Q2,seeds,inventory,risk,3
WDC|2023Q2,stem,purchase,risk,2
WDC|2023Q3,seeds,inventory,risk,2
WDC|2023Q3,stem,inventory,risk,2
CTS|2017Q1,seeds,customers,concern,8
CTS|2017Q1,stem,customer,concern,8
CTS|2020Q3,seeds,inventory,uncertainty,3
CTS|2020Q3,stem,inventory,uncertainty,3
CTS|2020Q3,window25,production,uncertain,20
CTS|2022Q2,seeds,supply,disruptions,1
CTS|2022Q2,stem,supply,supply disruption,0
CTS|2023Q2,seeds,supply,shortage,1
CTS|2023Q2,stem,shortage,shortage,0
CTS|2023Q2,window25,customer,shortage,16
CTS|2023Q4,seeds,inventory,exposure,2
CTS|2023Q4,stem,channel,exposure,1
CTS|2023Q4,window25,oems,concern,15
CTS|2024Q1,seeds,customers,concerns,5
CTS|2024Q1,stem,customer,concern,5
CTS|2024Q1,window25,oems,concern,14
TYL|2012Q1,stem,client,concern,8
TYL|2022Q2,window25,client,uncertain,19
TYL|2022Q3,seeds,procurement,lead times,2
TYL|2022Q3,window25,finished,uncertainty,24
TYL|2023Q2,seeds,customers,risk,7
TYL|2023Q2,hyphen,customer,risk,7
TYL|2023Q2,stem,customer,risk,7
TYL|2023Q4,window25,clients,ransomware,17
PAR|2010Q1,stem,storage,concern,10
PAR|2010Q1,window25,customer,risks,11
PAR|2012Q1,window25,customer,risk,12
PAR|2013Q1,window25,backlog,uncertainties,13
PAR|2018Q4,seeds,customers,lead times,5
PAR|2018Q4,stem,customer,lead time,5
PAR|2019Q1,seeds,supply,tariffs,4
PAR|2019Q1,stem,supply,tariff,4
PAR|2019Q1,window25,customer,bottleneck,19
TYL|2012Q4,stem,stock,volatility,3
TYL|2012Q4,window25,retail,exposure,17
TYL|2015Q1,window25,clients,volatility,15
PAR|2016Q4,window25,customer,disruption,12
PAR|2019Q3,window25,pipeline,bottlenecks,19
PAR|2020Q1,seeds,supply,supply chain disruption,0
PAR|2020Q1,stem,supply,supply chain disruption,0
PAR|2020Q3,seeds,supply,supply chain disruption,0
PAR|2020Q3,stem,supply,supply chain disruption,0
PAR|2020Q3,window25,customer,risk,24
PAR|2022Q2,seeds,inventory,concerns,1
PAR|2022Q2,stem,inventory,concern,1
PAR|2022Q2,window25,pipeline,concerns,24
TYL|2015Q4,window25,backlog,volatility,25
TYL|2018Q3,window25,customer,exposure,21
TYL|2018Q4,stem,stock,volatility,6
CGNX|2013Q1,seeds,customers,uncertain,8
CGNX|2013Q1,stem,customer,uncertain,8
CGNX|2013Q1,window25,supplier,uncertain,18
CGNX|2013Q4,window25,oem,volatile,13
CGNX|2014Q2,window25,source,concern,19
CGNX|2015Q2,window25,manufacturers,uncertainty,15
CGNX|2015Q3,window25,vendors,exposure,13
CGNX|2016Q4,seeds,logistics,exposure,7
ERIC|2018Q2,seeds,customers,volatility,8
ERIC|2018Q2,stem,customer,volatility,8
ERIC|2018Q2,window25,customer,volatility,23
ERIC|2018Q4,seeds,customers,risk,9
ERIC|2018Q4,stem,customer,risk,9
ERIC|2018Q4,window25,vendor,uncertain,24
ERIC|2020Q3,seeds,customers,disruption,8
ERIC|2020Q3,stem,customer,disruption,8
ERIC|2021Q1,window25,customer,threats,25
CGNX|2012Q3,stem,order,concern,6
CGNX|2012Q3,window25,factory,uncertainty,14
MEI|2012Q3,seeds,manufacturing,manufacturing defects,0
MEI|2012Q3,stem,manufactur,manufactur defect,0
MEI|2012Q3,window25,raw,risks,13
MEI|2013Q2,seeds,manufacturing,manufacturing defects,0
MEI|2013Q2,stem,manufactur,manufactur defect,0
MEI|2013Q2,window25,oem,volatility,11
MEI|2013Q3,window25,raw,risks,13
MEI|2014Q1,seeds,manufacturing,manufacturing defects,0
MEI|2014Q1,stem,manufactur,manufactur defect,0
MEI|2014Q1,window25,raw,manufacturing defects,12
MEI|2014Q2,seeds,manufacturing,manufacturing defects,0
MEI|2014Q2,stem,manufactur,manufactur defect,0
MEI|2014Q2,window25,raw,manufacturing defects,12
MEI|2016Q4,seeds,manufacturing,manufacturing defects,0
MEI|2016Q4,stem,manufactur,manufactur defect,0
MEI|2018Q1,seeds,manufacturing,manufacturing defects,0
MEI|2018Q1,stem,manufactur,manufactur defect,0
MEI|2018Q1,window25,production,exposure,13
CGNX|2017Q1,stem,manufacturer,concern,4
CGNX|2017Q1,window25,orders,risk,18
CGNX|2018Q2,seeds,logistics,exposure,2
CGNX|2018Q2,window25,orders,uncertain,22
CGNX|2019Q2,window25,customer,uncertainty,11
CGNX|2023Q1,seeds,customers,concerns,2
CGNX|2023Q1,stem,customer,concern,2
CGNX|2023Q1,window25,orders,concerns,19
CGNX|2024Q1,seeds,customers,concern,3
CGNX|2024Q1,stem,customer,concern,3
CGNX|2024Q1,window25,buying,uncertainty,12
CGNX|2024Q3,seeds,supply,supply chain disruption,0
CGNX|2024Q3,stem,supply,supply chain disruption,0
CGNX|2024Q3,window25,orders,lead time,13
MEI|2018Q2,seeds,manufacturing,manufacturing defects,0
MEI|2018Q2,stem,manufactur,manufactur defect,0
MEI|2020Q3,seeds,manufacturing,manufacturing defects,0
MEI|2020Q3,stem,manufactur,manufactur defect,0
MEI|2023Q1,seeds,supply chain,disruptions,1
MEI|2023Q1,stem,shortage,shortage,0
MEI|2024Q4,seeds,customers,risk,6
MEI|2024Q4,stem,customer,risk,6
CSCO|2010Q3,seeds,inventory,lead times,2
CSCO|2010Q3,stem,order,lead time,1
CSCO|2010Q3,window25,orders,lead time,15
CSCO|2011Q4,seeds,customers,uncertainty,1
CSCO|2011Q4,stem,customer,uncertainty,1
CSCO|2011Q4,window25,pipeline,risk,21
CSCO|2012Q1,window25,pipeline,risk,13
GEN|2020Q3,window25,deliver,theft,17
GEN|2021Q1,window25,deliver,threats,21
GEN|2021Q2,stem,deliver,threat,9
GEN|2021Q3,seeds,customers,risk,6
GEN|2021Q3,stem,customer,risk,6
GEN|2021Q3,window25,retailers,theft,15
GEN|2022Q1,seeds,customers,exposure,4
GEN|2022Q1,stem,customer,concern,1
GEN|2022Q1,window25,pipeline,theft,11
GEN|2022Q4,window25,channels,theft,22
CSCO|2012Q2,window25,pipeline,risk,13
CSCO|2012Q3,window25,pipeline,risk,23
CSCO|2012Q4,window25,pipeline,risk,24
CSCO|2013Q1,seeds,customers,uncertainty,1
CSCO|2013Q1,stem,customer,uncertainty,1
CSCO|2013Q1,window25,pipeline,risk,25
CSCO|2013Q2,stem,order,concern,8
CSCO|2014Q2,seeds,manufacturing,manufacturing defect,0
CSCO|2014Q2,stem,manufactur,manufactur defect,0
CSCO|2014Q2,window25,sources,exposure,12
GEN|2010Q4,seeds,customers,risk,7
GEN|2010Q4,stem,customer,concern,3
GEN|2010Q4,window25,storage,uncertainty,18
GEN|2011Q4,window25,delivering,threats,19
GEN|2012Q3,seeds,customers,risks,3
GEN|2012Q3,stem,customer,risk,3
GEN|2012Q3,window25,oem,concern,15
GEN|2012Q4,window25,buying,threat,12
GEN|2013Q2,window25,customer,risks,20
PTC|2010Q1,window25,channels,risk,20
PTC|2010Q2,seeds,customers,uncertain,2
PTC|2010Q2,stem,customer,uncertain,2
PTC|2010Q2,window25,pipeline,concern,21
PTC|2010Q3,stem,forecast,risk,5
CSCO|2015Q2,seeds,customers,volatile,4
CSCO|2015Q2,stem,customer,volatile,4
CSCO|2015Q2,window25,vendor,volatile,15
CSCO|2015Q3,window25,customer,volatility,14
CSCO|2016Q2,seeds,customers,volatile,3
CSCO|2016Q2,stem,customer,volatile,3
CSCO|2016Q2,window25,customer,uncertainty,14
CSCO|2024Q2,seeds,supply chain,volatility,1
CSCO|2024Q2,stem,supply,volatility,2
CSCO|2024Q2,window25,shipments,uncertainty,12
CSCO|2024Q3,seeds,customers,threat,4
CSCO|2024Q3,stem,customer,threat,4
CSCO|2024Q3,window25,deliver,risk,19
PTC|2013Q1,stem,customer,concern,6
PTC|2013Q1,window25,manufacturers,disruption,17
PTC|2013Q2,seeds,customers,uncertainty,4
PTC|2013Q2,stem,pipeline,concern,2
PTC|2013Q2,window25,pipeline,uncertainties,14
PTC|2014Q1,window25,deliver,uncertain,16
PTC|2014Q2,stem,pipeline,concern,7
PTC|2014Q2,window25,pipeline,concerns,11
PTC|2014Q3,seeds,customers,exposure,4
PTC|2014Q3,stem,customer,exposure,4
PTC|2023Q3,window25,pipeline,uncertainty,17
AGYS|2013Q1,window25,retail,uncertainty,14
AGYS|2015Q3,seeds,customers,concern,8
AGYS|2015Q3,stem,customer,concern,8
PTC|2016Q1,seeds,customers,risk,5
PTC|2016Q1,stem,customer,risk,5
PTC|2016Q1,window25,planning,risk,14
PTC|2017Q2,seeds,customers,risk,3
PTC|2017Q2,stem,customer,risk,3
PTC|2017Q3,window25,pipeline,exposure,12
PTC|2018Q4,stem,pipeline,concern,8
PTC|2019Q2,stem,forecast,concern,7
PTC|2020Q1,seeds,manufacturing,exposure,8
PTC|2020Q1,stem,manufactur,exposure,8
PTC|2020Q1,window25,factory,risk,23
PTC|2021Q4,hyphen,delivering,risk,4
PTC|2021Q4,stem,channel,uncertainty,8
PTC|2021Q4,window25,customer,risk,25
AGYS|2021Q3,seeds,inventory,natural disasters,4
AGYS|2021Q3,stem,inventory,natural disaster,4
AGYS|2021Q3,window25,customer,natural disasters,17
DAIO|2020Q2,stem,channel,tariff,5
DAIO|2020Q2,window25,distributors,tariffs,12
DGII|2012Q4,window25,customer,exposure,12
DGII|2014Q1,window25,customer,uncertainty,14
AGYS|2022Q1,window25,backlog,uncertainty,13
AGYS|2022Q4,seeds,customers,uncertain,10
AGYS|2022Q4,stem,customer,uncertain,10
AGYS|2023Q2,stem,customer,concern,6
AGYS|2024Q2,stem,track,concern,6
DGII|2015Q2,seeds,supply,supply chain disruption,0
DGII|2015Q2,stem,supply,supply chain disruption,0
DGII|2015Q2,window25,shipped,disruption,13
DGII|2020Q4,seeds,customers,disruptions,4
DGII|2020Q4,stem,customer,disruption,4
DGII|2020Q4,window25,storage,volatile,16
DGII|2022Q2,seeds,supply chain,bottleneck,9
DGII|2022Q2,stem,supply,bottleneck,10
DGII|2022Q2,window25,backlog,bottleneck,20
DGII|2022Q3,seeds,supply chain,shortage,5
DGII|2022Q3,stem,shortage,shortage,0
DGII|2023Q3,seeds,inventory,concerns,9
DGII|2023Q3,stem,inventory,concern,9
DGII|2018Q3,seeds,customers,lead times,1
DGII|2018Q3,stem,customer,lead time,1
DGII|2019Q2,window25,customer,tariffs,14
COHR|2014Q1,stem,customer,concern,3
COHR|2015Q2,window25,production,concern,20
COHR|2015Q3,window25,components,exposure,16
COHR|2016Q4,stem,production,concern,9
COHR|2024Q2,seeds,supply,lead times,7
COHR|2024Q2,stem,shortage,shortage,0
COHR|2024Q2,window25,shipping,lead times,21
RELL|2011Q2,window25,overseas,exposure,23
RELL|2014Q1,window25,orders,concerns,19
COHR|2018Q2,stem,forecast,uncertain,6
COHR|2018Q2,window25,buying,uncertain,15
COHR|2018Q3,seeds,customers,concerns,7
COHR|2018Q3,stem,stock,volatile,1
COHR|2018Q4,seeds,customers,tariffs,4
COHR|2018Q4,stem,customer,tariff,4
COHR|2024Q1,seeds,supply chain,exposure,1
COHR|2024Q1,hyphen,sourced,exposure,4
COHR|2024Q1,stem,supply,exposure,2
COHR|2024Q1,window25,components,exposure,11
RELL|2015Q4,seeds,purchasing,lead time,4
RELL|2015Q4,stem,purcha,lead time,4
RELL|2018Q2,window25,oem,risk,13
RELL|2021Q1,seeds,inventory,risk,7
RELL|2021Q1,stem,inventory,risk,7
RELL|2021Q1,window25,production,threat,14
RELL|2023Q4,seeds,inventory,lead times,3
RELL|2023Q4,stem,inventory,lead time,3
RELL|2023Q4,window25,components,lead times,22
RELL|2024Q3,seeds,customers,uncertainties,9
RELL|2024Q3,stem,customer,uncertainty,9
PAYX|2010Q1,window25,clients,volatility,14
PAYX|2010Q2,window25,client,concerns,23
CDNS|2012Q4,seeds,customers,uncertain,6
CDNS|2012Q4,stem,customer,uncertain,6
CDNS|2013Q1,seeds,customers,uncertainty,10
CDNS|2013Q1,stem,customer,uncertainty,10
CDNS|2013Q1,window25,orders,uncertainty,15
CDNS|2013Q2,seeds,customers,uncertain,3
CDNS|2013Q2,stem,customer,uncertain,3
CDNS|2013Q2,window25,customer,uncertain,12
CDNS|2013Q3,seeds,customers,uncertain,3
CDNS|2013Q3,stem,customer,uncertain,3
CDNS|2013Q3,window25,deliver,uncertain,17
CDNS|2013Q4,window25,deliver,uncertain,17
CDNS|2014Q2,seeds,customers,concerns,6
CDNS|2014Q2,stem,customer,concern,6
PAYX|2014Q4,stem,deliver,risk,9
PAYX|2015Q4,stem,deliver,risk,6
PAYX|2015Q4,window25,clients,exposure,16
PAYX|2016Q1,hyphen,client,risk,9
PAYX|2016Q1,window25,clients,disruption,12
CDNS|2016Q4,window25,ship,bottlenecks,22
CDNS|2017Q3,stem,storage,concern,4
CDNS|2018Q4,seeds,customers,volatility,3
CDNS|2018Q4,stem,customer,volatility,3
CDNS|2018Q4,window25,customer,exposure,23
CDNS|2021Q1,window25,customer,concern,22
CDNS|2021Q2,stem,shortage,shortage,0
CDNS|2022Q2,seeds,customers,uncertainties,2
CDNS|2022Q2,stem,customer,uncertainty,2
CDNS|2022Q2,window25,pipeline,exposure,12
PAYX|2019Q1,window25,clients,tariff,11
PAYX|2019Q2,window25,buying,uncertain,15
PAYX|2021Q3,window25,planning,concern,15
PAYX|2021Q4,window25,clients,risks,20
PAYX|2022Q2,stem,client,concern,4
PAYX|2022Q2,window25,fulfill,uncertainties,16
PAYX|2023Q3,window25,clients,uncertainty,14
CDNS|2011Q2,seeds,customers,uncertainty,3
CDNS|2011Q2,stem,customer,uncertainty,3
PAYX|2010Q3,window25,clients,volatility,11
PAYX|2010Q4,stem,material,downside,1
PAYX|2011Q1,window25,delivering,uncertain,11
PAYX|2011Q3,stem,material,risk,1
PAYX|2011Q3,window25,clients,concerns,13
PAYX|2012Q1,stem,buy,risk,7
LYTS|2018Q2,seeds,customers,lead times,5
LYTS|2018Q2,stem,customer,lead time,5
LYTS|2019Q2,seeds,sourcing,tariff,4
LYTS|2019Q2,stem,material,tariff,3
LYTS|2019Q2,window25,delivering,disruption,21
LYTS|2019Q3,stem,material,tariff,8
LYTS|2019Q3,window25,backlog,disruption,23
LYTS|2021Q1,seeds,manufacturing,lead time,8
LYTS|2021Q1,stem,manufactur,lead time,8
LYTS|2021Q2,seeds,inventory,exposure,3
LYTS|2021Q2,stem,inventory,exposure,3
LYTS|2023Q1,seeds,supply,uncertainty,6
LYTS|2023Q1,stem,supply,uncertainty,6
CDNS|2022Q4,stem,customer,concern,2
KTCC|2012Q2,seeds,customers,uncertain,7
KTCC|2012Q2,stem,customer,uncertain,7
KTCC|2012Q2,window25,production,uncertain,23
KTCC|2014Q4,seeds,inventory,uncertainty,1
KTCC|2014Q4,stem,inventory,uncertainty,1
KTCC|2014Q4,window25,oems,risk,19
KTCC|2023Q3,seeds,supply,concerns,2
KTCC|2023Q3,stem,supply,concern,2
KTCC|2023Q3,window25,manufacturer,risky,21
LYTS|2010Q4,seeds,customers,uncertain,1
LYTS|2010Q4,stem,customer,uncertain,1
LYTS|2023Q4,stem,order,concern,6
LYTS|2024Q1,stem,order,threat,9
LYTS|2024Q1,window25,customer,disruptions,15
JKHY|2013Q2,stem,shortage,shortage,0
JKHY|2014Q4,stem,forecast,uncertain,5
JKHY|2017Q2,stem,buyer,risk,3
JKHY|2017Q3,seeds,customers,concern,5
JKHY|2017Q3,stem,customer,concern,5
JKHY|2018Q1,window25,customer,risk,14
IDCC|2018Q3,stem,customer,concern,8
JKHY|2024Q3,seeds,customers,uncertain,5
JKHY|2024Q3,stem,customer,uncertain,5
JKHY|2024Q3,window25,clients,risk,22
IDCC|2011Q1,seeds,supply,disruption,9
IDCC|2011Q1,stem,supply,disruption,9
IDCC|2020Q1,stem,forecast,risk,2
IDCC|2020Q1,window25,shipments,uncertainty,11
IDCC|2021Q4,stem,track,risk,6
IDCC|2024Q4,stem,customer,concern,1
JKHY|2018Q2,window25,pipeline,risk,12
JKHY|2019Q2,stem,shortage,shortage,0
JKHY|2021Q2,stem,customer,concern,3
JKHY|2023Q4,stem,customer,concern,2
IDCC|2014Q4,stem,track,concern,6
IDCC|2016Q4,seeds,supply,risk,7
IDCC|2016Q4,stem,supply,risk,7
IDCC|2016Q4,window25,customer,risks,17
IDCC|2013Q4,seeds,supply,susceptible,6
IDCC|2013Q4,stem,order,concern,2
IDCC|2013Q4,window25,component,uncertainty,12
CSPI|2011Q1,window25,customer,risks,20
CSPI|2012Q1,window25,customer,uncertainty,16
CSPI|2012Q2,window25,production,uncertain,21
CSPI|2015Q2,window25,customer,volatility,17
CSPI|2016Q4,hyphen,network,vulnerabilities,4
CSPI|2016Q4,stem,purchase,vulnerability,8
CSPI|2012Q4,hyphen,source,single source,0
CSPI|2012Q4,stem,track,volatility,9
CSPI|2012Q4,window25,shipments,volatility,20
CSPI|2013Q1,seeds,customers,risk,4
CSPI|2013Q1,hyphen,source,single source,0
CSPI|2013Q1,stem,customer,risk,4
CSPI|2013Q2,hyphen,source,single source,0
CLDX|2015Q4,stem,order,hazard,9
CSPI|2017Q1,window25,pipeline,threats,12
CSPI|2018Q4,window25,network,vulnerability,12
CSPI|2020Q4,window25,network,threats,12
PLXS|2020Q1,seeds,supply,disruptions,2
PLXS|2020Q1,stem,supply,disruption,2
PLXS|2020Q3,seeds,customers,risk,2
PLXS|2020Q3,stem,customer,risk,2
PLXS|2020Q3,window25,deliver,volatile,13
PLXS|2020Q4,seeds,supply chain,lead times,4
PLXS|2020Q4,stem,stock,volatility,3
PLXS|2020Q4,window25,customer,volatile,18
PLXS|2024Q4,seeds,inventory,uncertainty,2
PLXS|2024Q4,stem,inventory,uncertainty,2
PLXS|2024Q4,window25,production,risk,16
PLXS|2015Q2,seeds,customers,volatile,9
PLXS|2015Q2,stem,forecast,volatility,2
PLXS|2015Q3,stem,network,volatile,7
PLXS|2015Q3,window25,network,volatility,15
PLXS|2016Q3,seeds,inventory,disruption,3
PLXS|2016Q3,stem,inventory,disruption,3
PLXS|2017Q2,seeds,manufacturing,volatile,6
PLXS|2017Q2,stem,manufactur,volatile,6
PLXS|2017Q2,window25,customer,hazard,14
PLXS|2018Q1,stem,delivery,concern,2
PLXS|2019Q3,seeds,inventory,lead times,7
PLXS|2019Q3,stem,inventory,lead time,7
CSPI|2021Q1,seeds,customers,ransomware,4
CSPI|2021Q1,stem,customer,ransomware,4
CSPI|2021Q1,window25,network,concern,16
CSPI|2022Q1,seeds,supply chain,uncertain,10
CSPI|2022Q1,window25,ships,uncertainty,12
CSPI|2022Q2,stem,shortage,shortage,0
CSPI|2022Q3,window25,network,threat,23
CSPI|2023Q2,seeds,customers,threats,7
CSPI|2023Q2,stem,customer,threat,7
CSPI|2024Q4,window25,distributors,risk,17
BKTI|2021Q3,stem,material,risk,8
BKTI|2023Q1,stem,material,risk,8
BKTI|2023Q2,stem,material,risk,8
BKTI|2024Q2,stem,material,risk,8
BKTI|2024Q3,stem,material,risk,8
AXP|2011Q2,window25,customer,uncertain,20
AXP|2012Q1,window25,customer,concern,12
AXP|2013Q3,stem,shortage,shortage,0
AXP|2013Q3,window25,customer,uncertainty,25
AXP|2018Q1,stem,forecast,risk,3
AXP|2018Q4,window25,planning,risk,12
AXP|2019Q1,window25,components,exposure,24
AXP|2020Q2,seeds,customers,risk,9
AXP|2020Q2,stem,customer,risk,9
AXP|2020Q2,window25,customer,risk,15
AXP|2014Q1,stem,stock,volatile,1
AXP|2015Q2,seeds,customers,risk,6
AXP|2015Q2,stem,customer,risk,6
AXP|2015Q3,seeds,customers,risk,7
AXP|2015Q3,stem,customer,risk,7
AXP|2016Q1,seeds,customers,risk,9
AXP|2016Q1,stem,forecast,forecast error,0
AXP|2016Q2,seeds,customers,risk,10
AXP|2016Q2,stem,customer,risk,10
WFC|2013Q1,stem,shortage,shortage,0
WFC|2013Q1,window25,wholesale,risk,15
WFC|2014Q3,window25,customer,risk,21
WFC|2015Q3,window25,wholesale,risk,11
WFC|2016Q2,seeds,customers,risk,10
WFC|2016Q2,stem,customer,risk,10
WFC|2016Q2,window25,production,risk,11
WFC|2018Q1,seeds,customers,risk,9
WFC|2018Q1,stem,order,concern,4
WFC|2018Q1,window25,deliver,risk,20
WFC|2018Q3,seeds,customers,risk,2
WFC|2018Q3,stem,customer,risk,2
WFC|2018Q3,window25,planning,risk,15
AXP|2024Q2,window25,customer,risk,18
AXP|2024Q3,window25,customer,uncertain,25
WFC|2010Q1,window25,customer,risky,14
WFC|2010Q2,window25,retail,volatile,14
WFC|2010Q3,stem,purchase,exposure,1
WFC|2011Q2,seeds,customers,risks,5
WFC|2011Q2,stem,customer,risk,5
WFC|2012Q1,seeds,distribution,hazard,3
WFC|2012Q1,hyphen,customer,risk,7
AXP|2020Q3,seeds,customers,uncertainty,6
AXP|2020Q3,stem,customer,uncertainty,6
AXP|2020Q3,window25,customer,uncertainty,25
AXP|2020Q4,seeds,distribution,uncertainty,9
AXP|2020Q4,stem,forecast,downside,5
AXP|2021Q3,stem,buy,threat,9
AXP|2021Q4,stem,buy,concern,2
AXP|2022Q1,seeds,supply chain,concerns,5
AXP|2022Q1,stem,supply,concern,6
AXP|2022Q1,window25,tracking,uncertain,12
AXP|2022Q2,window25,customer,uncertainties,21
AXP|2022Q3,seeds,customers,concerns,6
AXP|2022Q3,stem,customer,concern,6
AXP|2023Q3,window25,components,threat,18
WFC|2019Q4,stem,forecast,volatility,7
WFC|2023Q2,seeds,customers,risk,7
WFC|2023Q2,stem,customer,risk,7
WFC|2023Q4,window25,planning,risk,16
C|2010Q1,window25,clients,risk,20
C|2012Q3,stem,buyer,risk,8
C|2012Q3,window25,components,risk,21
AFG|2011Q1,stem,material,volatile,6
AFG|2011Q1,window25,production,risk,15
AFG|2011Q3,window25,materials,uncertainty,16
AFG|2011Q4,stem,stock,risk,1
AFG|2012Q1,stem,plann,exposure,7
AFG|2012Q4,window25,materials,natural disasters,25
C|2013Q4,window25,production,concerns,19
C|2014Q3,window25,forecasting,risk,15
C|2015Q1,hyphen,planning,risk,6
C|2015Q1,window25,planning,risk,20
C|2016Q3,window25,client,exposures,19
C|2017Q1,stem,order,risk,5
C|2017Q1,window25,pipeline,volatility,13
C|2017Q4,window25,clients,volatility,14
C|2021Q4,stem,retail,concern,2
AFG|2015Q1,seeds,transportation,volatility,4
AFG|2015Q4,stem,stock,exposure,6
AFG|2015Q4,window25,buyers,exposure,14
AFG|2016Q1,stem,material,exposure,1
AFG|2016Q2,window25,planning,disruption,19
AFG|2023Q1,seeds,transportation,exposures,4
AFG|2023Q4,window25,production,exposures,15
SF|2012Q2,stem,customer,concern,6
AFG|2020Q2,stem,forecast,uncertainty,4
AFG|2021Q1,seeds,transportation,exposures,7
AFG|2021Q1,stem,stock,volatile,7
AFG|2021Q3,seeds,transportation,volatility,5
AFG|2022Q2,seeds,transportation,exposures,6
AFG|2022Q2,stem,stock,exposure,5
AFG|2022Q2,window25,backlog,exposure,21
AFG|2022Q3,stem,stock,exposure,5
AFG|2022Q3,window25,trucking,concern,20
AFG|2022Q4,stem,stock,exposure,5
AFG|2017Q2,stem,channel,uncertainty,4
AFG|2017Q2,window25,trucking,disruption,20
AFG|2017Q4,window25,clients,susceptible,18
AFG|2018Q3,stem,stock,volatility,3
AFG|2018Q3,window25,tracking,volatility,20
AFG|2018Q4,seeds,transportation,risk,10
AFG|2018Q4,window25,trucking,risk,13
AFG|2019Q4,stem,channel,risk,4
AFG|2019Q4,window25,clients,risk,14
SF|2017Q3,window25,finished,volatility,24
SF|2017Q4,window25,client,risk,20
SF|2019Q2,hyphen,client,risk,8
SF|2019Q3,window25,pipelines,concerns,20
SF|2020Q4,window25,client,volatility,11
SF|2021Q4,window25,pipelines,volatility,12
SF|2022Q4,window25,clients,volatility,23
SF|2023Q1,hyphen,clients,risk,9
SF|2023Q1,window25,clients,risk,16
SF|2024Q1,hyphen,clients,risk,7
SF|2024Q1,window25,source,volatility,12
BN|2013Q2,stem,buy,risk,9
BN|2013Q4,hyphen,clients,risk,5
BN|2014Q4,window25,client,risk,13
BN|2018Q4,stem,stock,volatility,2
BN|2019Q2,stem,shortage,shortage,0
BN|2019Q2,window25,distributed,disruption,24
BN|2019Q4,stem,buy,risk,3
BN|2019Q4,window25,clients,risk,15
BN|2020Q1,window25,pipeline,downside,23
BN|2020Q2,window25,clients,risks,12
BN|2015Q1,seeds,distribution,disruptions,7
BN|2015Q1,window25,purchased,exposure,20
BN|2015Q2,stem,deliver,risk,6
BN|2015Q2,window25,pipeline,disruption,14
BN|2015Q4,window25,buying,exposure,11
BN|2016Q1,stem,stock,volatility,2
BN|2016Q2,window25,planning,uncertainty,17
JPM|2012Q2,stem,buy,risk,7
JPM|2012Q2,window25,client,risk,17
JPM|2012Q3,window25,production,concern,14
JPM|2013Q2,window25,wholesale,volatility,19
JPM|2018Q3,window25,pipelines,volatility,20
JPM|2021Q1,window25,wholesale,uncertainties,20
BN|2022Q2,window25,deliver,exposure,18
BN|2024Q4,window25,clients,risk,12
JPM|2011Q2,window25,buyers,risk,16
JPM|2021Q3,hyphen,distributed,risk,6
AFL|2010Q4,window25,sources,exposure,18
AFL|2011Q3,window25,purchased,risk,23
AFL|2012Q2,stem,stock,exposure,8
AFL|2012Q2,window25,production,risk,13
AFL|2013Q1,seeds,customers,risks,3
AFL|2013Q1,stem,customer,risk,3
AFL|2013Q2,window25,planning,volatility,17
AFL|2015Q1,stem,order,risk,9
AFL|2015Q3,seeds,distribution,risk,7
AFL|2017Q1,stem,buy,risk,9
AFL|2023Q2,hyphen,delivering,risk,2
AFL|2023Q4,window25,route,exposure,23
AFL|2024Q1,seeds,customers,exposure,7
AFL|2024Q1,stem,customer,exposure,7
AFL|2024Q4,window25,customer,concern,20
WRB|2010Q1,stem,buy,volatility,3
WRB|2010Q2,stem,track,exposure,1
AFL|2017Q2,stem,buyer,risk,8
AFL|2017Q2,window25,route,risk,16
AFL|2017Q4,stem,customer,concern,6
AFL|2018Q1,seeds,distribution,risk,9
AFL|2018Q2,seeds,distribution,risk,6
AFL|2018Q3,seeds,distribution,risk,6
AFL|2018Q3,stem,track,volatility,3
AFL|2018Q4,seeds,distribution,risk,6
AFL|2018Q4,hyphen,delivering,risk,2
AFL|2018Q4,window25,purchased,exposure,12
AFL|2019Q2,seeds,distribution,risk,6
AFL|2019Q2,window25,production,risk,19
WRB|2014Q3,window25,buying,risk,19
WRB|2015Q4,stem,buy,concern,6
WRB|2015Q4,window25,distributors,disruptions,11
WRB|2016Q1,seeds,distribution,concerns,6
WRB|2016Q3,seeds,customers,exposure,3
WRB|2016Q3,stem,customer,exposure,3
WRB|2016Q3,window25,component,exposure,25
WRB|2011Q3,stem,stock,volatile,5
WRB|2012Q2,window25,buying,risk,23
WRB|2013Q1,window25,planning,volatility,14
WRB|2013Q2,stem,stock,volatility,3
WRB|2013Q3,stem,shortage,shortage,0
AFL|2020Q3,seeds,distribution,risk,6
AFL|2020Q3,stem,customer,concern,2
AFL|2021Q2,window25,purchased,risk,24
AFL|2022Q1,seeds,supply chain,risks,3
AFL|2022Q1,stem,supply,risk,4
AFL|2022Q1,window25,network,disruption,22
WRB|2017Q3,stem,material,exposure,5
WRB|2019Q2,window25,components,risk,20
BOH|2014Q3,seeds,inventory,threat,8
BOH|2014Q3,stem,inventory,threat,8
WRB|2021Q2,stem,shortage,shortage,0
WRB|2022Q2,stem,material,volatility,2
BOH|2021Q2,stem,forecast,risk,8
BOH|2021Q3,stem,forecast,risk,8
BOH|2022Q1,seeds,inventory,shortage,2
BOH|2022Q1,stem,shortage,shortage,0
BOH|2022Q4,window25,wholesale,risks,18
BOH|2023Q1,window25,component,exposures,23
BOH|2017Q2,window25,pipeline,risk,25
BOH|2011Q4,stem,finish,risk,6
BOH|2012Q1,seeds,transportation,exposure,1
WRB|2022Q4,stem,purcha,concern,4
WRB|2023Q2,stem,order,exposure,9
WRB|2024Q3,window25,deliver,concern,22
BOH|2011Q3,seeds,customers,volatility,6
BOH|2011Q3,stem,customer,volatility,6
BOH|2011Q3,window25,production,downside,22
BOH|2023Q2,window25,purchased,volatility,17
BOH|2024Q1,seeds,distribution,risk,5
BOH|2024Q1,stem,shortage,shortage,0
BOH|2024Q2,seeds,distribution,risk,5
BOH|2024Q3,seeds,distribution,risk,5
BOH|2024Q4,seeds,distribution,risk,5
AJG|2014Q1,seeds,customers,risk,2
AJG|2014Q1,stem,customer,risk,2
AJG|2014Q1,window25,clients,risk,13
AJG|2015Q2,window25,clients,risk,13
AJG|2018Q1,window25,pipeline,risk,11
BEN|2011Q1,seeds,distribution,concerns,10
BEN|2011Q1,hyphen,retail,volatility,6
BEN|2011Q1,window25,channels,concerns,15
BEN|2011Q3,hyphen,client,concerns,5
AJG|2018Q2,stem,deliver,risk,5
AJG|2018Q2,window25,delivering,risk,11
AIG|2013Q4,seeds,customers,risks,8
AIG|2013Q4,stem,customer,risk,8
AIG|2013Q4,window25,purchases,exposure,18
AIG|2014Q1,window25,customer,risk,19
AIG|2022Q3,hyphen,retail,risk,4
AIG|2022Q3,window25,wholesale,exposure,18
AIG|2023Q3,window25,retail,volatility,17
AIG|2023Q4,stem,stock,volatility,8
AIG|2023Q4,window25,components,risk,18
AIG|2024Q1,seeds,purchasing,exposures,5
AIG|2024Q1,hyphen,delivering,risk,2
AIG|2024Q1,stem,purcha,exposure,5
BEN|2010Q1,window25,pipeline,risk,22
BEN|2015Q3,window25,retail,volatility,11
BEN|2015Q4,stem,channel,exposure,3
BEN|2016Q1,stem,channel,risk,3
BEN|2016Q4,stem,channel,exposure,4
BEN|2016Q4,window25,materials,exposure,15
BEN|2017Q1,stem,channel,volatility,5
BEN|2018Q1,window25,retail,risk,15
BEN|2018Q2,window25,retail,downside,23
BEN|2019Q1,window25,buying,volatility,11
BEN|2021Q1,hyphen,tracking,risk,8
BEN|2021Q1,stem,channel,disruption,10
BEN|2021Q1,window25,planning,risk,12
BEN|2022Q2,seeds,customers,uncertainty,5
BEN|2022Q2,stem,customer,uncertainty,5
BEN|2022Q2,window25,backlog,risk,16
BEN|2023Q1,hyphen,client,risk,5
CB|2020Q3,hyphen,clients,risk,5
CB|2020Q3,window25,customer,risk,17
CB|2024Q2,hyphen,retail,exposure,7
CB|2024Q4,window25,finished,risk,23
ASB|2010Q2,window25,clients,disruption,22
ASB|2011Q3,window25,deliver,hazard,23
ASB|2011Q4,window25,warehouse,volatile,14
BEN|2024Q3,stem,order,risk,10
BEN|2024Q3,window25,vendors,risk,14
BEN|2024Q4,window25,clients,risk,14
CB|2010Q1,seeds,customers,exposures,3
CB|2010Q1,stem,customer,exposure,3
CB|2010Q1,window25,assembled,exposures,20
CB|2011Q1,seeds,customers,exposure,5
CB|2011Q1,stem,customer,exposure,5
CB|2011Q3,window25,retail,exposure,11
CB|2012Q4,window25,clients,exposure,16
CB|2013Q3,window25,retail,risk,13
ASB|2014Q4,seeds,customers,contingencies,10
ASB|2014Q4,stem,stock,contingency,8
ASB|2016Q3,window25,pipeline,exposure,18
ASB|2016Q4,seeds,manufacturing,exposure,7
ASB|2016Q4,stem,manufactur,exposure,7
ASB|2018Q3,stem,component,concern,7
ASB|2022Q4,stem,forecast,uncertainty,3
ASB|2024Q3,window25,finished,risk,21
LNC|2010Q3,window25,clients,risk,14
LNC|2011Q2,seeds,distribution,volatile,7
LNC|2011Q2,stem,stock,risk,10
LNC|2011Q2,window25,planning,uncertainty,20
CB|2014Q1,window25,purchased,perils,12
CB|2014Q2,seeds,customers,exposure,3
CB|2014Q2,stem,customer,exposure,3
CB|2014Q4,window25,wholesale,risk,11
CB|2016Q1,seeds,customers,risk,6
CB|2016Q1,stem,customer,risk,6
CB|2016Q1,window25,wholesale,risk,18
CB|2016Q4,seeds,customers,risk,2
CB|2016Q4,stem,customer,risk,2
CB|2016Q4,window25,customer,risks,14
CB|2018Q1,seeds,customers,exposure,3
CB|2018Q1,stem,customer,exposure,3
CB|2018Q1,window25,package,exposure,11
CB|2018Q4,seeds,customers,exposure,6
CB|2018Q4,stem,customer,exposure,6
CB|2018Q4,window25,buying,exposure,20
CB|2019Q1,seeds,customers,exposure,7
CB|2019Q1,stem,customer,exposure,7
CB|2019Q1,window25,overseas,exposure,19
LNC|2012Q2,window25,networks,volatility,24
LNC|2013Q4,seeds,distribution,risk,6
LNC|2014Q1,seeds,distribution,risk,2
LNC|2014Q1,stem,stock,volatility,5
LNC|2014Q4,stem,stock,risk,6
LNC|2014Q4,window25,production,risk,12
LNC|2015Q1,window25,channels,risk,11
CNA|2010Q1,window25,purchases,volatility,19
CNA|2010Q4,stem,stock,risk,5
CNA|2010Q4,window25,delivering,exposures,13
CNA|2011Q2,seeds,purchasing,risk,5
CNA|2011Q2,stem,purcha,risk,5
CNA|2012Q1,seeds,customers,risk,10
CNA|2012Q1,stem,customer,risk,10
CNA|2012Q1,window25,deliver,risk,16
LNC|2018Q3,window25,forecasting,risk,21
LNC|2018Q4,stem,track,volatility,5
LNC|2019Q2,window25,purchases,risk,24
LNC|2020Q2,seeds,customers,uncertain,6
LNC|2020Q2,stem,material,exposure,1
LNC|2020Q2,window25,sources,uncertainty,12
LNC|2022Q1,seeds,customers,risk,5
LNC|2022Q1,stem,customer,risk,5
LNC|2022Q1,window25,distribute,uncertainties,18
LNC|2016Q1,window25,retail,exposure,18
LNC|2016Q2,seeds,distribution,risk,4
LNC|2016Q2,window25,wholesale,exposure,23
LNC|2016Q4,seeds,distribution,uncertainty,3
LNC|2017Q2,window25,customer,risk,16
LNC|2017Q3,window25,source,uncertainty,12
LNC|2018Q1,stem,stock,exposure,7
LNC|2018Q1,window25,deliver,risk,20
AEG|2013Q1,window25,production,risk,22
AEG|2015Q2,window25,package,volatility,12
AEG|2016Q2,stem,material,disruption,1
AEG|2016Q3,window25,component,risk,15
LNC|2022Q4,seeds,customers,risk,2
LNC|2022Q4,stem,customer,risk,2
LNC|2023Q1,stem,deliver,volatility,7
LNC|2023Q1,window25,retail,volatility,17
LNC|2023Q2,stem,material,concern,8
LNC|2023Q4,hyphen,delivering,risk,9
LNC|2023Q4,stem,stock,concern,7
LNC|2024Q1,hyphen,delivering,risk,2
LNC|2024Q2,window25,wholesalers,risk,17
LNC|2024Q3,hyphen,delivering,risk,2
LNC|2024Q3,window25,wholesaler,risk,21
AEG|2018Q2,stem,stock,danger,4
AEG|2020Q2,seeds,distribution,risk,8
AEG|2020Q2,stem,channel,risk,9
AEG|2020Q2,window25,sources,risk,16
AEG|2021Q2,stem,order,exposure,4
AEG|2021Q3,window25,delivering,risk,24
AEG|2021Q4,seeds,customers,risk,8
AEG|2021Q4,stem,customer,risk,8
AEG|2021Q4,window25,delivery,risk,17
AEG|2022Q1,window25,deliver,risks,20
CNA|2017Q1,seeds,customers,exposures,7
CNA|2017Q1,stem,customer,exposure,7
CNA|2018Q1,window25,client,exposures,20
CNA|2018Q2,window25,components,risk,14
CNA|2018Q4,stem,wholesale,concern,6
CNA|2022Q1,window25,purchased,exposure,11
CNA|2022Q3,stem,buyer,risk,8
CNA|2022Q4,window25,clients,exposure,12
CNA|2023Q1,stem,stock,risk,6
CNA|2019Q2,seeds,supply chain,risk,6
CNA|2019Q2,stem,supply,risk,7
CNA|2021Q1,seeds,customers,risk,6
CNA|2021Q1,stem,customer,risk,6
CNA|2021Q1,window25,vendor,cyberattack,13
CBU|2014Q3,window25,planning,risk,23
CBU|2014Q4,hyphen,buying,risk,8
CBU|2018Q1,stem,shortage,shortage,0
CBU|2018Q1,window25,pipeline,shortage,15
CBU|2018Q2,stem,customer,concern,3
CBU|2019Q4,window25,purchased,exposure,22
CBU|2021Q1,window25,buying,risk,20
GHI|2018Q2,stem,buy,risk,6
CBU|2021Q2,stem,forecast,risk,10
CBU|2022Q1,seeds,inventory,volatile,8
CBU|2022Q1,stem,inventory,volatile,8
CBU|2022Q2,window25,deliver,concerns,23
CBU|2022Q3,window25,pipelines,volatile,20
GHI|2017Q1,stem,order,volatility,7
GHI|2017Q1,window25,pipeline,uncertainty,21
GHI|2019Q4,stem,material,risk,6
GHI|2020Q2,seeds,supply chain,disruptions,3
GHI|2020Q2,stem,supply,disruption,4
GHI|2020Q2,window25,source,risk,17
GHI|2020Q3,stem,material,disruption,3
GHI|2020Q3,window25,source,risk,15
GHI|2021Q2,seeds,supply chain,disruptions,3
GHI|2021Q2,stem,material,disruption,3
GHI|2021Q3,seeds,supply chain,disruptions,3
GHI|2021Q3,stem,material,disruption,3
GHI|2021Q3,window25,pipeline,exposure,16
GHI|2021Q4,seeds,supply chain,disruptions,3
GHI|2021Q4,stem,supply,disruption,4
GHI|2022Q4,seeds,supply chain,disruptions,3
GHI|2022Q4,stem,supply,disruption,4
GHI|2022Q4,window25,component,risk,12
GHI|2023Q2,seeds,supply chain,disruptions,3
GHI|2023Q2,stem,supply,disruption,4
GHI|2023Q2,window25,retail,concerns,11
GHI|2023Q4,seeds,supply chain,disruptions,3
GHI|2023Q4,stem,supply,disruption,4
GHI|2024Q1,seeds,supply chain,disruptions,3
GHI|2024Q1,stem,shortage,shortage,0
GHI|2024Q1,window25,network,shortage,14
GHI|2024Q2,seeds,supply chain,disruptions,3
GHI|2024Q2,stem,supply,disruption,4
GHI|2024Q2,window25,clients,volatility,16
GHI|2024Q4,seeds,supply chain,disruptions,3
GHI|2024Q4,stem,supply,disruption,4
BAC|2011Q2,window25,materials,exposure,12
BAC|2013Q1,seeds,customers,risk,10
BAC|2013Q1,stem,customer,risk,10
BAC|2014Q3,stem,buy,risk,5
BAC|2014Q4,seeds,distribution,volatility,4
BAC|2014Q4,hyphen,component,risk,1
BAC|2014Q4,window25,delivering,risk,14
BAC|2015Q2,window25,materials,risk,14
BAC|2018Q1,stem,stock,risk,8
BAC|2021Q4,seeds,customers,volatility,9
BAC|2021Q4,stem,track,risk,4
BAC|2021Q4,window25,materials,uncertainties,18
STT|2024Q4,window25,client,risk,23
PGR|2010Q2,stem,track,concern,9
PGR|2011Q4,window25,customer,concern,25
PGR|2012Q3,stem,customer,concern,10
PGR|2013Q2,stem,channel,disruption,3
PGR|2014Q4,seeds,customers,risk,4
PGR|2014Q4,stem,customer,risk,4
PGR|2015Q4,seeds,customers,risk,10
PGR|2015Q4,stem,customer,risk,10
PGR|2016Q3,seeds,customers,risk,9
PGR|2016Q3,stem,customer,risk,9
PGR|2017Q1,window25,purchased,volatile,14
BAC|2022Q1,stem,material,exposure,2
BAC|2022Q1,window25,delivering,concerns,12
BAC|2022Q4,stem,stock,volatility,10
BAC|2022Q4,window25,clients,volatility,11
BAC|2023Q3,window25,client,exposure,13
BAC|2023Q4,window25,client,volatility,12
BAC|2024Q1,hyphen,client,risk,7
BAC|2024Q1,window25,materials,uncertainties,18
BAC|2024Q3,window25,materials,uncertainties,18
STT|2011Q2,stem,forecast,concern,1
STT|2013Q1,hyphen,client,risk,1
STT|2014Q1,seeds,customers,lead time,8
STT|2014Q1,stem,material,volatility,4
STT|2015Q2,window25,client,disruptions,20
STT|2015Q3,seeds,customers,risk,3
STT|2015Q3,stem,customer,risk,3
STT|2015Q3,window25,deliver,risk,18
STT|2015Q4,seeds,customers,risk,7
STT|2015Q4,stem,customer,risk,7
STT|2016Q1,window25,channels,exposures,24
STT|2016Q3,hyphen,client,volatility,2
STT|2016Q3,window25,clients,risk,13
STT|2016Q4,hyphen,client,volatility,2
STT|2021Q2,hyphen,clients,risk,7
STT|2021Q2,window25,client,volatility,12
STT|2021Q3,window25,client,volatility,11
STT|2021Q4,stem,purchase,contingency,3
STT|2021Q4,window25,client,volatility,18
STT|2022Q3,seeds,customers,risk,6
STT|2022Q3,stem,customer,risk,6
STT|2023Q1,stem,source,concern,2
STT|2023Q1,window25,clients,uncertainty,11
PGR|2017Q2,window25,manufacturers,risks,15
PGR|2017Q3,stem,order,risk,3
PGR|2017Q3,window25,customer,risk,19
PGR|2018Q4,seeds,inventory,risk,4
PGR|2018Q4,stem,inventory,risk,4
PGR|2018Q4,window25,pipeline,risks,12
PGR|2019Q1,stem,order,risk,3
PGR|2019Q1,window25,planning,risk,23
PGR|2020Q1,seeds,supply,disruption,3
PGR|2020Q1,stem,supply,disruption,3
PGR|2020Q2,stem,customer,concern,8
PGR|2020Q4,seeds,distribution,uncertainty,4
PGR|2020Q4,stem,material,risk,1
PGR|2021Q3,seeds,customers,risks,3
PGR|2021Q3,stem,customer,risk,3
PGR|2022Q1,seeds,supply,bottlenecks,3
PGR|2022Q1,hyphen,network,volatile,4
PGR|2022Q1,stem,supply,bottleneck,3
PGR|2022Q1,window25,manufacturers,bottlenecks,17
PGR|2022Q2,seeds,customers,risks,2
PGR|2022Q2,stem,customer,risk,2
PGR|2022Q2,window25,clients,perils,17
PGR|2022Q4,seeds,customers,risk,1
PGR|2022Q4,stem,customer,risk,1
PGR|2023Q3,seeds,customers,disruption,4
PGR|2023Q3,stem,customer,disruption,4
PGR|2023Q3,window25,deliver,uncertain,12
TRV|2011Q1,seeds,customers,exposure,3
TRV|2011Q1,stem,customer,exposure,3
TRV|2011Q1,window25,production,exposure,13
BCS|2013Q3,stem,material,exposure,3
BCS|2013Q3,window25,component,exposure,12
BCS|2015Q1,stem,track,risk,9
BCS|2019Q4,stem,forecast,uncertainty,4
BCS|2020Q2,seeds,customers,concerns,6
BCS|2020Q2,stem,customer,concern,6
BCS|2020Q4,seeds,customers,risk,6
BCS|2020Q4,stem,customer,risk,6
BCS|2020Q4,window25,distributed,uncertainty,16
TRV|2011Q2,seeds,customers,disruption,5
TRV|2011Q2,stem,customer,disruption,5
TRV|2012Q2,window25,production,risk,11
TRV|2012Q4,window25,production,risk,16
TRV|2013Q4,stem,order,exposure,4
TRV|2013Q4,window25,purchased,exposure,16
TRV|2015Q1,seeds,customers,risks,3
TRV|2015Q1,stem,customer,risk,3
TRV|2015Q2,window25,source,risk,21
TRV|2016Q1,window25,components,exposures,12
TRV|2016Q3,stem,buy,risk,2
TRV|2016Q3,window25,forecasting,exposure,12
TRV|2016Q4,stem,distribut,concern,4
TRV|2018Q3,seeds,customers,risk,7
TRV|2018Q3,stem,customer,risk,7
TRV|2019Q2,stem,stock,concern,10
TRV|2019Q2,window25,deliver,exposure,15
TRV|2019Q4,seeds,customers,risk,7
TRV|2019Q4,stem,customer,risk,7
TRV|2019Q4,window25,deliver,risk,18
TRV|2020Q3,stem,buy,risk,7
TRV|2020Q3,window25,buying,uncertainty,11
TRV|2021Q2,seeds,customers,risk,2
TRV|2021Q2,stem,customer,risk,2
TRV|2022Q2,seeds,customers,risk,9
TRV|2022Q2,stem,customer,risk,9
TRV|2022Q2,window25,deliver,exposure,20
TRV|2022Q3,seeds,supply,supply chain disruption,0
TRV|2022Q3,stem,supply,supply chain disruption,0
TRV|2022Q3,window25,production,exposure,25
TRV|2023Q1,window25,source,uncertainty,13
TRV|2023Q2,seeds,customers,risk,4
TRV|2023Q2,stem,customer,risk,4
TRV|2023Q2,window25,production,risk,23
TRV|2024Q1,seeds,distribution,exposure,4
TRV|2024Q1,window25,materials,exposure,21
TRV|2024Q3,seeds,customers,vulnerabilities,2
TRV|2024Q3,stem,customer,vulnerability,2
TRV|2024Q4,seeds,customers,risk,8
TRV|2024Q4,stem,customer,risk,8
TRV|2024Q4,window25,components,peril,17
BCS|2011Q3,window25,retail,risk,20
BCS|2012Q3,stem,forecast,uncertainty,7
BCS|2023Q2,seeds,customers,exposure,9
BCS|2023Q2,stem,customer,exposure,9
BCS|2023Q2,window25,deliver,risk,14
BCS|2024Q2,seeds,customers,uncertainty,4
BCS|2024Q2,stem,customer,uncertainty,4
BCS|2024Q4,hyphen,client,risk,5
BCS|2024Q4,stem,material,risk,1
BCS|2024Q4,window25,clients,exposures,19
UNM|2011Q1,window25,components,risk,12
UNM|2012Q1,stem,track,volatility,2
UNM|2012Q1,window25,customer,volatility,11
UNM|2012Q2,window25,source,risk,23
UNM|2012Q3,seeds,customers,risk,3
UNM|2012Q3,stem,customer,risk,3
UNM|2013Q2,window25,package,risk,21
UNM|2013Q4,seeds,distribution,risk,9
UNM|2013Q4,stem,deliver,risk,6
UNM|2013Q4,window25,channels,risk,11
MBI|2011Q1,window25,manufactured,uncertainty,23
MBI|2012Q3,stem,material,exposure,6
UNM|2014Q2,window25,component,risk,24
UNM|2015Q1,window25,client,volatility,16
UNM|2015Q2,hyphen,source,risk,7
UNM|2016Q2,window25,buying,risk,11
UNM|2016Q4,seeds,distribution,risk,6
UNM|2016Q4,hyphen,finished,risk,3
UNM|2017Q3,window25,delivering,volatility,11
MBI|2016Q2,seeds,transportation,exposures,5
MBI|2016Q2,stem,stock,concern,10
MBI|2016Q2,window25,deliver,concern,18
MBI|2016Q3,stem,material,exposure,6
MBI|2016Q3,window25,deliver,concerns,15
MBI|2017Q3,stem,stock,volatility,3
MBI|2013Q3,stem,material,volatility,5
MBI|2014Q2,stem,material,exposure,3
MBI|2014Q4,stem,material,exposure,5
MBI|2015Q1,stem,track,exposure,4
MBI|2015Q1,window25,source,exposures,25
MBI|2015Q2,stem,purchase,exposure,7
MBI|2015Q2,window25,purchased,exposure,17
MBI|2015Q4,seeds,transportation,exposure,5
MBI|2015Q4,window25,client,risk,15
MBI|2019Q4,seeds,transportation,exposure,7
MBI|2020Q1,seeds,transportation,exposure,7
UNM|2020Q4,hyphen,finished,risk,9
UNM|2020Q4,window25,deliver,disruption,16
UNM|2021Q1,window25,finished,risk,19
UNM|2022Q1,stem,buyer,risk,9
UNM|2022Q3,window25,delivering,risk,15
UNM|2023Q4,seeds,customers,risk,10
UNM|2023Q4,stem,customer,risk,10
UNM|2023Q4,window25,clients,risk,12
MBI|2020Q4,seeds,transportation,exposures,1
MBI|2021Q1,seeds,transportation,exposure,2
MBI|2021Q1,stem,purcha,capacity constraint,8
MBI|2021Q3,stem,material,exposure,4
MBI|2022Q3,stem,order,exposure,9
MBI|2022Q3,window25,buying,volatility,23
UNM|2018Q4,hyphen,finished,risk,7
UNM|2019Q2,window25,buying,risk,20
UNM|2020Q2,seeds,customers,disruption,3
UNM|2020Q2,hyphen,finished,risk,10
UNM|2020Q2,stem,customer,disruption,3
UNM|2020Q2,window25,planning,uncertainty,19
UNM|2020Q3,hyphen,finished,risk,9
MBI|2023Q1,stem,material,exposure,3
MBI|2023Q3,stem,material,exposure,1
MBI|2023Q4,stem,stock,uncertain,6
MBI|2023Q4,window25,buying,uncertain,17
MBI|2024Q1,window25,purchases,volatility,14
MBI|2024Q3,stem,buyer,exposure,3
L|2010Q1,window25,planning,concerns,14
L|2014Q2,window25,fleet,uncertain,12
L|2014Q3,hyphen,pipeline,uncertain,9
L|2011Q1,window25,fleet,exposure,18
L|2011Q4,window25,sources,concern,23
L|2012Q2,stem,shortage,shortage,0
L|2012Q2,window25,fleet,shortage,16
L|2012Q4,stem,stock,uncertainty,10
L|2015Q4,stem,order,risk,6
L|2016Q1,seeds,supply,shortage,9
L|2016Q1,stem,shortage,shortage,0
L|2016Q3,stem,buy,concern,6
L|2016Q3,window25,network,risks,25
L|2018Q1,window25,network,exposure,15
L|2018Q3,window25,network,risks,14
L|2019Q1,stem,stock,volatility,3
L|2019Q1,window25,distributors,risk,16
L|2020Q1,seeds,customers,risks,7
L|2020Q1,stem,customer,risk,7
L|2020Q1,window25,packaging,uncertain,15
L|2020Q2,stem,order,risk,4
L|2020Q2,window25,buying,uncertainty,18
L|2020Q3,seeds,customers,disruptions,4
L|2020Q3,stem,customer,disruption,4
L|2020Q3,window25,buying,uncertainty,21
L|2021Q2,stem,shortage,shortage,0
L|2023Q3,window25,pipeline,risk,14
NBN|2020Q1,window25,buying,volatility,15
NBN|2024Q3,stem,track,risk,9
KEY|2010Q2,window25,clients,theft,12
KEY|2010Q3,window25,delivery,disruption,12
KEY|2015Q4,window25,materials,risk,17
KEY|2016Q1,stem,forecast,downside,9
KEY|2016Q1,window25,materials,risk,18
KEY|2016Q2,window25,materials,risk,18
KEY|2016Q3,window25,materials,risk,17
KEY|2016Q4,window25,materials,risk,17
KEY|2017Q3,hyphen,clients,risk,7
KEY|2017Q3,stem,material,disruption,3
KEY|2017Q3,window25,materials,risk,17
KEY|2018Q2,window25,clients,tariffs,17
KEY|2018Q3,window25,purchased,exposure,14
KEY|2011Q4,window25,materials,risk,19
KEY|2012Q2,stem,plann,concern,9
KEY|2012Q2,window25,materials,risk,14
KEY|2012Q4,window25,delivery,risk,20
KEY|2014Q1,window25,materials,risk,17
KEY|2014Q3,hyphen,pipeline,risk,2
KEY|2014Q3,window25,client,concern,15
KEY|2015Q3,window25,pipeline,disruption,11
USB|2014Q3,seeds,customers,risk,3
USB|2014Q3,stem,customer,risk,3
USB|2015Q1,window25,production,risk,12
USB|2011Q2,seeds,customers,risky,2
USB|2011Q2,stem,customer,risky,2
USB|2011Q3,window25,customer,risk,21
USB|2012Q1,window25,pipelines,uncertainty,23
USB|2012Q4,window25,retail,risk,23
USB|2013Q2,seeds,customers,concerns,4
USB|2013Q2,stem,customer,concern,4
KEY|2018Q4,window25,pipelines,risk,11
KEY|2019Q1,window25,pipelines,risk,11
KEY|2019Q2,stem,client,concern,9
KEY|2019Q2,window25,pipelines,risk,11
KEY|2020Q3,window25,materials,risk,17
KEY|2023Q4,hyphen,clients,risk,9
KEY|2023Q4,window25,deliver,volatility,15
USB|2010Q1,seeds,customers,risk,10
USB|2010Q1,stem,customer,risk,10
USB|2010Q1,window25,retail,risk,20
USB|2011Q1,seeds,customers,threats,4
USB|2011Q1,stem,forecast,disruption,4
USB|2011Q1,window25,purchases,risk,15
USB|2016Q3,seeds,customers,dangers,3
USB|2016Q3,stem,customer,danger,3
USB|2018Q1,stem,track,uncertain,5
USB|2018Q2,stem,shortage,labor shortage,0
USB|2019Q2,seeds,manufacturing,exposure,6
USB|2019Q2,stem,manufactur,exposure,6
USB|2020Q3,stem,order,exposure,4
USB|2020Q4,stem,track,risk,4
USB|2020Q4,window25,clients,uncertainty,15
USB|2021Q2,stem,customer,concern,7
USB|2021Q4,seeds,supply chain,concerns,6
USB|2021Q4,stem,supply,concern,7
USB|2021Q4,window25,inventories,concerns,12
USB|2022Q1,window25,retail,risk,25
USB|2023Q2,window25,customer,volatility,16
USB|2024Q2,window25,retail,risk,12
RLI|2014Q3,seeds,customers,exposure,4
RLI|2014Q3,stem,customer,exposure,4
RLI|2014Q3,window25,customer,exposure,11
RLI|2015Q2,seeds,customers,exposure,5
RLI|2015Q2,stem,customer,exposure,5
RLI|2015Q4,stem,finish,risk,10
RLI|2015Q4,window25,clients,risks,17
MRSH|2010Q4,window25,clients,risk,21
MRSH|2011Q1,seeds,customers,exposure,8
MRSH|2011Q1,stem,customer,exposure,8
MRSH|2011Q1,window25,clients,exposures,16
MRSH|2011Q2,stem,pipeline,concern,8
MRSH|2011Q2,window25,client,exposure,18
MRSH|2011Q4,stem,deliver,risk,7
MRSH|2011Q4,window25,delivering,risk,22
MRSH|2014Q1,window25,delivering,risk,20
RLI|2017Q1,stem,shortage,shortage,0
RLI|2017Q2,window25,distributed,volatility,19
RLI|2018Q1,window25,buyers,risks,22
RLI|2018Q2,window25,delivering,exposures,18
RLI|2023Q4,window25,purchased,risk,12
RLI|2024Q1,stem,track,risk,10
MRSH|2018Q3,stem,order,volatility,7
MRSH|2018Q3,window25,clients,risk,21
RLI|2012Q4,seeds,transportation,exposure,10
RLI|2013Q2,stem,shortage,shortage,0
RJF|2010Q1,stem,shortage,shortage,0
RJF|2011Q4,window25,retail,volatile,12
RJF|2012Q3,window25,buying,uncertain,19
RJF|2013Q1,window25,pipeline,uncertainty,15
RJF|2014Q1,stem,retail,concern,3
RJF|2014Q1,window25,client,risk,13
RJF|2014Q2,hyphen,retail,risk,5
RJF|2014Q2,stem,production,concern,10
RJF|2014Q2,window25,backlog,risk,21
RJF|2014Q3,window25,retail,lead time,14
RJF|2014Q4,stem,track,risk,9
RJF|2014Q4,window25,client,concern,14
RJF|2016Q2,window25,inventories,risk,14
RJF|2019Q3,window25,pipeline,uncertainties,13
RJF|2021Q1,window25,pipeline,uncertainty,11
GL|2010Q1,window25,channels,uncertainties,14
GL|2015Q1,stem,stock,concern,3
GL|2018Q1,stem,stock,volatility,9
GL|2020Q2,stem,material,risk,4
GL|2013Q1,stem,stock,concern,3
GL|2013Q3,seeds,distribution,threat,6
GL|2021Q3,stem,material,risk,4
GL|2021Q4,window25,component,concern,13
GL|2022Q1,stem,shortage,shortage,0
GL|2022Q2,stem,material,exposure,10
GL|2022Q3,stem,material,exposure,10
GL|2022Q4,stem,material,exposure,10
GL|2022Q4,window25,channels,concerns,24
SAN|2012Q1,stem,stock,concern,8
SAN|2012Q2,stem,supplier,concern,1
SAN|2012Q4,window25,components,risk,12
SAN|2014Q2,hyphen,sources,risk,5
SAN|2014Q2,stem,customer,concern,9
SAN|2011Q1,seeds,customers,concern,6
SAN|2011Q1,stem,customer,concern,6
SAN|2011Q1,window25,networks,risk,21
SAN|2011Q2,window25,wholesale,exposure,12
SAN|2011Q3,seeds,customers,exposure,6
SAN|2011Q3,stem,customer,exposure,6
SAN|2011Q3,window25,wholesale,risk,25
SAN|2011Q4,window25,retail,risk,18
SAN|2015Q3,hyphen,customer,risk,6
SAN|2015Q3,stem,forecast,risk,4
SAN|2015Q3,window25,customer,risk,12
SAN|2017Q3,stem,forecast,exposure,10
SAN|2019Q3,stem,material,risk,6
SAN|2019Q3,window25,wholesale,risk,15
SAN|2020Q3,seeds,customers,risk,7
SAN|2020Q3,stem,customer,concern,6
SAN|2020Q3,window25,distribute,concerns,15
SAN|2021Q1,window25,customer,risk,17
SAN|2021Q4,window25,retail,risk,15
SAN|2022Q2,stem,finish,risk,8
SLM|2014Q3,window25,customer,risk,15
SLM|2018Q1,seeds,customers,concern,3
SLM|2018Q1,stem,customer,concern,3
SLM|2012Q3,seeds,inventory,contingency,2
SLM|2012Q3,stem,inventory,contingency,2
SLM|2012Q3,window25,purchased,volatility,21
SLM|2013Q2,seeds,inventory,contingency,1
SLM|2013Q2,stem,inventory,contingency,1
SAN|2023Q2,seeds,customers,risk,4
SAN|2023Q2,stem,deliver,volatility,2
SAN|2023Q2,window25,customer,risk,17
SAN|2024Q1,stem,retail,concern,8
SAN|2024Q1,window25,client,risk,11
SLM|2010Q1,stem,purchase,contingency,2
SLM|2010Q4,seeds,customers,contingency,8
SLM|2010Q4,stem,customer,contingency,8
SLM|2019Q1,stem,stock,concern,8
SLM|2019Q3,stem,customer,concern,7
SLM|2020Q2,window25,client,risk,18
SLM|2021Q3,stem,forecast,uncertainty,6
SLM|2022Q1,stem,track,risk,4
SLM|2022Q1,window25,deliver,uncertainty,18
SLM|2022Q2,window25,components,exposure,22
SLM|2022Q3,stem,forecast,concern,7
SLM|2022Q4,seeds,customers,risk,1
SLM|2022Q4,stem,customer,risk,1
SLM|2023Q1,stem,forecast,concern,8
SLM|2023Q1,window25,buyers,uncertain,17
PNC|2011Q2,seeds,customers,risk,5
PNC|2011Q2,stem,customer,risk,5
PNC|2012Q2,stem,buy,susceptible,5
PNC|2012Q3,seeds,customers,concerns,8
PNC|2012Q3,stem,customer,concern,8
PNC|2012Q3,window25,forecasting,concerns,17
PNC|2012Q4,seeds,customers,risk,3
PNC|2012Q4,stem,customer,risk,3
PNC|2012Q4,window25,customer,risk,23
PNC|2013Q1,stem,production,concern,2
PNC|2013Q1,window25,pipeline,uncertainty,14
SLM|2023Q2,stem,forecast,concern,8
SLM|2023Q4,window25,deliver,risk,11
SLM|2024Q2,stem,material,risk,7
SLM|2024Q2,window25,delivering,uncertainty,12
AB|2013Q1,window25,clients,exposure,17
AB|2013Q3,window25,clients,risk,13
AB|2014Q1,window25,orders,concern,20
AB|2018Q3,window25,retail,volatile,19
PNC|2022Q4,stem,buy,downside,1
PNC|2022Q4,window25,wholesale,concern,14
PNC|2024Q4,window25,deliver,uncertainties,12
CIA|2011Q4,stem,client,concern,7
CIA|2014Q2,window25,production,volatility,23
AB|2018Q4,window25,retail,volatile,17
AB|2021Q3,window25,component,volatility,11
AB|2021Q4,window25,clients,volatile,13
AB|2022Q2,window25,client,exposures,11
AB|2022Q4,stem,forecast,uncertainty,5
AB|2022Q4,window25,client,downside,23
PNC|2010Q1,window25,deliver,risk,14
GTY|2012Q4,stem,material,threat,1
GTY|2013Q1,stem,order,volatility,5
PNC|2014Q3,window25,retail,concern,18
PNC|2015Q3,window25,components,contingencies,15
PNC|2015Q4,window25,distribute,risk,16
PNC|2016Q1,seeds,customers,exposure,8
PNC|2016Q1,stem,customer,exposure,8
PNC|2016Q2,seeds,customers,risk,6
PNC|2016Q2,stem,customer,risk,6
PNC|2016Q3,seeds,customers,risk,7
PNC|2016Q3,stem,customer,risk,7
PNC|2017Q3,stem,track,volatile,10
PNC|2017Q4,seeds,distribution,downside,3
PNC|2017Q4,window25,client,risk,24
PNC|2019Q2,window25,retail,concerns,18
PNC|2020Q3,seeds,customers,risk,6
PNC|2020Q3,stem,deliver,uncertainty,5
PNC|2022Q1,window25,retail,risk,19
GTY|2017Q3,window25,retail,volatility,23
GTY|2019Q1,window25,pipeline,volatility,12
GTY|2020Q2,window25,retail,risk,11
BRT|2022Q1,stem,shortage,shortage,0
BRT|2022Q2,stem,shortage,shortage,0
BRT|2023Q2,stem,track,concern,8
GTY|2024Q4,window25,pipelines,concerns,23
BRT|2019Q1,window25,component,risk,14
GTY|2022Q2,stem,material,risk,2
GTY|2022Q2,window25,buying,risk,12
GTY|2022Q3,stem,material,risk,2
GTY|2022Q4,stem,material,risk,2
GTY|2023Q4,seeds,supply,risk,2
GTY|2023Q4,stem,supply,risk,2
GTY|2024Q1,window25,deliver,uncertain,13
FRT|2012Q2,window25,package,risks,11
FRT|2012Q3,window25,package,risks,11
FRT|2013Q1,seeds,supply,concerns,1
FRT|2013Q1,hyphen,pipeline,risk,6
FRT|2013Q1,stem,supply,concern,1
FRT|2013Q1,window25,package,risks,11
FRT|2013Q2,window25,package,risks,11
FRT|2014Q4,window25,package,risks,11
FRT|2015Q1,stem,supply,concern,5
FRT|2015Q1,window25,package,risk,24
FRT|2015Q2,window25,package,risk,24
FRT|2015Q3,window25,package,risk,24
FRT|2015Q4,window25,assembly,concerns,12
FRT|2016Q1,window25,package,risk,24
FRT|2016Q2,window25,package,risk,24
FRT|2017Q4,window25,package,risk,24
FRT|2018Q1,window25,retail,uncertain,15
FRT|2018Q2,window25,package,risk,23
FRT|2018Q3,window25,package,risk,24
FRT|2019Q1,window25,retailer,uncertainty,13
FRT|2019Q4,hyphen,retail,risky,3
FRT|2019Q4,window25,retail,risk,21
FRT|2020Q3,window25,retail,concern,12
FRT|2021Q2,window25,package,risk,24
FRT|2021Q4,window25,package,risk,24
FRT|2022Q1,stem,supply,concern,3
FRT|2022Q1,window25,package,risk,24
FRT|2023Q1,window25,package,risk,25
FRT|2024Q1,window25,package,risk,23
PSA|2012Q1,stem,storage,concern,8
FRT|2024Q2,stem,retail,concern,4
FRT|2024Q2,window25,package,risk,24
FRT|2024Q3,stem,retail,concern,10
WY|2010Q1,seeds,supply,disruptions,1
WY|2010Q1,stem,supply,supply disruption,0
WY|2010Q1,window25,shipment,disruptions,14
WY|2010Q3,seeds,inventory,uncertainty,8
WY|2010Q3,stem,inventory,uncertainty,8
WY|2013Q4,seeds,customers,concern,2
WY|2013Q4,stem,customer,concern,2
WY|2013Q4,window25,inventories,uncertainty,18
WY|2014Q1,seeds,supply,disruptions,3
WY|2014Q1,stem,supply,disruption,3
WY|2014Q1,window25,customer,uncertainty,15
WY|2014Q2,window25,materials,risks,24
PSA|2015Q1,seeds,supply,concern,4
PSA|2015Q1,stem,supply,concern,4
PSA|2015Q1,window25,storage,concern,23
WY|2014Q3,seeds,customers,concern,5
WY|2014Q3,stem,customer,concern,5
WY|2014Q3,window25,materials,risks,24
WY|2015Q2,seeds,inventory,uncertainty,5
WY|2015Q2,stem,inventory,uncertainty,5
WY|2015Q2,window25,materials,risks,24
WY|2015Q3,seeds,supply,risk,7
WY|2015Q3,stem,supply,risk,7
WY|2015Q3,window25,materials,risks,24
WY|2016Q1,window25,materials,risks,24
WY|2016Q2,window25,materials,risks,24
WY|2016Q4,window25,materials,risks,24
WY|2017Q1,seeds,supply,volatility,9
WY|2017Q1,stem,supply,volatility,9
WY|2017Q1,window25,materials,risks,24
WY|2017Q3,window25,materials,risks,24
WY|2018Q3,seeds,supply,trade disputes,7
WY|2018Q3,stem,supply,trade dispute,7
WY|2018Q3,window25,logistical,volatility,22
WY|2019Q1,seeds,customers,trade dispute,6
WY|2019Q1,stem,customer,trade dispute,6
WY|2019Q1,window25,buying,trade dispute,11
WY|2019Q4,seeds,supply,disruption,3
WY|2019Q4,stem,supply,disruption,3
WY|2019Q4,window25,materials,risks,24
WY|2023Q4,window25,materials,risks,24
WY|2024Q3,window25,materials,risks,24
PSA|2010Q2,window25,source,risk,11
PSA|2010Q3,seeds,customers,susceptible,2
PSA|2010Q3,stem,customer,susceptible,2
HST|2011Q3,stem,forecast,risk,6
HST|2011Q3,window25,buying,uncertainty,25
HST|2012Q4,window25,pipeline,exposure,22
PSA|2022Q3,stem,stock,exposure,6
PSA|2022Q3,window25,component,risk,15
PSA|2022Q4,stem,storage,concern,3
PSA|2022Q4,window25,components,downside,11
PSA|2023Q2,window25,customer,concern,15
PSA|2023Q4,window25,storage,natural disaster,24
PSA|2024Q1,window25,storage,volatile,21
HST|2013Q1,window25,pipelines,exposure,15
HST|2013Q2,stem,purcha,concern,5
HST|2013Q3,seeds,supply,risks,1
HST|2013Q3,stem,supply,risk,1
HST|2013Q4,window25,retail,uncertainty,21
HST|2014Q3,stem,order,exposure,10
HST|2015Q1,window25,deliver,disruption,24
HST|2015Q2,seeds,supply,concern,6
HST|2015Q2,stem,supply,concern,6
PSA|2020Q1,window25,component,exposure,21
PSA|2020Q4,seeds,supply,risk,6
PSA|2020Q4,stem,supply,risk,6
PSA|2020Q4,window25,customer,uncertain,22
PSA|2022Q2,stem,customer,concern,8
HST|2020Q2,stem,supply,demand shock,4
HST|2020Q2,window25,tracking,risks,21
HST|2020Q4,window25,deliver,disruption,12
HST|2021Q2,stem,stock,volatile,3
HST|2021Q2,window25,pipeline,volatile,19
HST|2017Q3,window25,planning,concern,23
HST|2018Q1,stem,stock,volatility,2
HST|2018Q1,window25,buyers,volatility,16
HST|2018Q3,stem,stock,volatility,3
HST|2018Q3,window25,planning,disruption,14
HST|2018Q4,stem,stock,volatility,2
HST|2019Q3,window25,retail,exposure,25
HST|2019Q4,stem,forecast,uncertain,4
HST|2019Q4,window25,customer,uncertainty,13
HST|2015Q3,seeds,supply,concern,2
HST|2015Q3,stem,supply,concern,2
HST|2015Q3,window25,buying,uncertain,17
HST|2015Q4,seeds,supply,disruptions,3
HST|2015Q4,stem,supply,disruption,3
HST|2016Q1,seeds,supply,exposure,4
HST|2016Q1,stem,shortage,shortage,0
HST|2016Q2,stem,forecast,uncertainty,3
HST|2016Q3,seeds,supply,exposure,2
HST|2016Q3,stem,supply,exposure,2
HST|2022Q2,stem,stock,volatility,5
HST|2022Q2,window25,planning,volatility,11
HST|2023Q2,window25,inbound,lead time,20
HST|2023Q4,window25,buying,concern,14
ALX|2018Q1,stem,stock,volatile,2
ALX|2018Q1,window25,planning,concerns,17
ALX|2020Q2,window25,retail,uncertainty,18
ALX|2022Q4,window25,retail,volatile,22
ALX|2023Q1,stem,stock,concern,8
ALX|2023Q1,window25,retail,volatility,19
ALX|2023Q2,stem,shortage,shortage,0
ALX|2023Q2,window25,retail,volatility,11
ALX|2024Q4,stem,shortage,shortage,0
ALX|2024Q4,window25,clients,shortage,12
BDN|2010Q1,hyphen,buying,risk,6
BDN|2011Q1,stem,shortage,shortage,0
BDN|2018Q1,seeds,supply,risk,1
BDN|2018Q1,stem,supply,risk,1
BDN|2018Q3,seeds,inventory,exposure,10
BDN|2018Q3,stem,inventory,exposure,10
BDN|2019Q1,window25,materials,exposure,12
BDN|2020Q4,window25,package,concerns,14
BDN|2021Q1,stem,pipeline,geographic concentration,5
BDN|2021Q1,window25,pipeline,concern,24
BDN|2022Q1,seeds,supply,disruption,3
BDN|2022Q1,stem,supply,disruption,3
BDN|2023Q2,window25,pipeline,volatility,22
BDN|2024Q1,window25,pipelines,uncertainty,24
BDN|2024Q3,stem,material,risk,3
BDN|2024Q4,window25,pipeline,risk,13
BXMT|2011Q4,stem,material,risk,1
BXMT|2011Q4,window25,buyers,risk,20
BXMT|2012Q1,stem,material,risk,1
BDN|2014Q2,stem,shortage,shortage,0
BDN|2014Q2,window25,sources,shortage,13
BDN|2015Q2,stem,stock,concern,5
BDN|2015Q2,window25,pipeline,concern,24
BDN|2015Q3,window25,pipeline,exposure,11
BDN|2016Q3,seeds,inventory,risk,1
BDN|2016Q3,stem,inventory,risk,1
BDN|2016Q3,window25,pipeline,risk,18
BXMT|2013Q3,stem,forecast,risk,4
BXMT|2013Q3,window25,pipeline,risk,22
BXMT|2015Q3,seeds,supply,volatility,7
BXMT|2015Q3,stem,supply,volatility,7
BXMT|2015Q3,window25,buyers,volatility,12
BXMT|2016Q2,window25,client,risk,13
BDN|2011Q3,hyphen,buying,risk,3
BDN|2011Q3,window25,sources,exposure,17
BDN|2011Q4,stem,order,exposure,5
BDN|2012Q3,stem,order,uncertainty,3
BDN|2012Q3,window25,buyers,uncertainty,23
BDN|2013Q2,window25,pipeline,risk,15
BDN|2013Q3,window25,pipeline,exposure,17
BDN|2014Q1,seeds,inventory,exposure,3
BDN|2014Q1,stem,inventory,exposure,3
BXMT|2020Q3,stem,material,risk,1
BXMT|2021Q1,window25,pipeline,uncertainties,11
BXMT|2021Q3,hyphen,source,single source,0
BXMT|2021Q4,seeds,logistics,exposure,5
BXMT|2023Q1,window25,supplying,risk,19
BXMT|2017Q3,stem,shortage,shortage,0
BXMT|2018Q2,window25,materials,contingency,15
BXMT|2018Q3,window25,pipeline,exposure,18
BXMT|2019Q2,window25,pipeline,volatility,12
DOC|2015Q2,stem,pipeline,downside,10
DOC|2016Q1,seeds,supply,risk,7
DOC|2016Q1,stem,supply,risk,7
DOC|2016Q3,seeds,supply,threat,1
DOC|2016Q3,stem,supply,threat,1
DOC|2016Q3,window25,retail,threat,11
DOC|2017Q2,stem,material,concern,1
DOC|2013Q1,stem,shortage,shortage,0
DOC|2013Q1,window25,buyers,shortage,21
DOC|2013Q4,hyphen,delivering,risk,3
DOC|2013Q4,window25,delivery,uncertainty,16
DOC|2014Q1,hyphen,assembled,risk,6
DOC|2014Q1,window25,purchased,uncertainty,16
BXMT|2024Q3,window25,component,risk,13
BXMT|2024Q4,hyphen,pipeline,risk,9
DOC|2012Q1,stem,order,concern,2
DOC|2012Q1,window25,pipeline,exposure,15
DOC|2012Q2,window25,source,risk,12
DOC|2012Q3,window25,pipeline,exposure,18
DOC|2018Q2,stem,shortage,shortage,0
DOC|2018Q2,window25,buyers,shortage,15
DOC|2018Q3,stem,plann,concern,9
DOC|2020Q2,window25,pipeline,uncertainty,12
DOC|2020Q3,window25,package,risk,14
DOC|2020Q4,stem,order,extreme weather,6
DOC|2023Q1,window25,pipeline,risk,23
DOC|2024Q3,window25,pipeline,risk,24
DX|2013Q2,seeds,supply,uncertainty,2
DX|2013Q2,stem,supply,uncertainty,2
DX|2013Q2,window25,component,risk,16
DX|2014Q2,window25,truck,risk,12
DX|2014Q3,stem,order,risky,6
DX|2015Q1,stem,buy,risk,4
DX|2017Q2,window25,purchases,risk,17
DX|2017Q3,window25,distributed,uncertain,15
DX|2017Q4,window25,production,risk,12
VNO|2015Q1,stem,contractor,concern,7
VNO|2015Q4,window25,buyers,volatility,11
VNO|2017Q4,stem,stock,volatility,10
VNO|2017Q4,window25,retail,risk,24
VNO|2018Q1,stem,shortage,shortage,0
VNO|2018Q1,window25,retailers,risk,22
VNO|2018Q3,window25,retail,risk,19
DOC|2024Q4,stem,stock,volatile,8
DOC|2024Q4,window25,pipeline,volatility,18
VNO|2012Q2,seeds,supply,uncertainty,8
VNO|2012Q2,stem,customer,concern,4
VNO|2012Q2,window25,customer,concerns,20
VNO|2013Q1,stem,stock,risk,6
VNO|2023Q2,stem,shortage,shortage,0
VNO|2023Q2,window25,retail,volatility,11
VNO|2024Q1,stem,shortage,shortage,0
VNO|2024Q3,seeds,supply,concerns,9
VNO|2024Q3,stem,supply,concern,9
VNO|2024Q4,stem,shortage,shortage,0
VNO|2024Q4,window25,clients,shortage,12
DX|2012Q3,stem,order,risk,2
DX|2012Q3,window25,retail,exposure,13
DX|2012Q4,stem,buy,exposure,10
DX|2018Q4,window25,delivery,risk,11
DX|2019Q1,stem,stock,volatility,9
DX|2019Q1,window25,retail,risk,20
DX|2019Q4,hyphen,buying,risk,6
DX|2021Q1,window25,distribute,risk,16
DX|2021Q4,hyphen,delivering,risk,2
DX|2021Q4,window25,planning,volatility,20
DX|2022Q3,seeds,supply,risk,4
DX|2022Q3,stem,shortage,shortage,0
VNO|2018Q4,stem,shortage,shortage,0
VNO|2022Q1,window25,retail,uncertainty,16
VNO|2022Q4,window25,retail,volatile,25
VNO|2023Q1,stem,stock,concern,6
VNO|2023Q1,window25,retail,volatility,19
FRPH|2017Q1,window25,distributed,downside,22
DX|2022Q4,seeds,supply,risk,9
DX|2022Q4,stem,deliver,concern,8
DX|2023Q4,seeds,purchasing,volatility,5
DX|2023Q4,stem,deliver,volatility,1
DX|2024Q2,stem,deliver,volatility,3
DX|2024Q2,window25,tracking,volatility,17
DX|2024Q3,window25,components,risk,19
DX|2024Q4,window25,buying,risk,18
UDR|2011Q2,seeds,supply,threat,4
UDR|2011Q2,stem,supply,threat,4
UDR|2011Q3,stem,supply,concern,3
FRPH|2018Q3,window25,warehouses,uncertainties,19
FRPH|2019Q1,window25,warehouse,risk,20
FRPH|2019Q2,stem,forecast,volatility,4
FRPH|2019Q2,window25,warehouse,risks,19
FRPH|2020Q3,stem,shortage,shortage,0
UDR|2013Q1,stem,buyer,concern,10
UDR|2013Q2,seeds,supply,concerns,2
UDR|2013Q2,stem,supply,concern,2
UDR|2014Q2,seeds,supply,exposure,3
UDR|2014Q2,stem,shortage,shortage,0
UDR|2014Q3,stem,shortage,shortage,0
UDR|2014Q3,window25,plants,exposure,17
UDR|2015Q4,window25,forecasting,concern,24
UDR|2016Q1,stem,order,risk,6
UDR|2016Q4,seeds,supply,exposure,5
UDR|2016Q4,stem,supply,exposure,5
UDR|2017Q1,seeds,supply,exposure,8
UDR|2017Q1,stem,supply,exposure,8
UDR|2017Q1,window25,pipeline,exposure,11
UDR|2018Q1,stem,shortage,shortage,0
UDR|2018Q1,window25,deliveries,volatile,14
UDR|2018Q2,seeds,supply,risk,9
UDR|2018Q2,hyphen,sources,risk,9
UDR|2018Q2,stem,order,risk,5
UDR|2019Q1,window25,sources,risk,16
UDR|2021Q2,window25,delivery,lead time,14
UDR|2021Q3,stem,subcontractor,risk,6
UDR|2021Q3,window25,materials,volatility,19
FRPH|2023Q2,window25,wholesale,risk,13
UDR|2021Q4,window25,finished,risks,24
UDR|2022Q1,stem,stock,concern,8
UDR|2022Q2,stem,buy,lead time,9
UDR|2022Q3,seeds,supply,exposure,4
UDR|2022Q3,stem,supply,exposure,4
UDR|2022Q4,window25,vendors,exposure,25
UDR|2023Q1,seeds,supply,risk,3
UDR|2023Q1,stem,supply,risk,3
UDR|2023Q1,window25,source,exposure,21
UDR|2023Q4,seeds,supply,uncertainty,7
UDR|2023Q4,stem,supply,uncertainty,7
NNN|2012Q1,window25,wholesale,exposure,11
NNN|2012Q2,hyphen,retail,risk,7
NNN|2012Q2,window25,retail,uncertainties,24
NNN|2013Q3,hyphen,retail,risk,5
CUZ|2010Q1,window25,retail,risk,15
CUZ|2012Q2,seeds,supply,risk,3
CUZ|2012Q2,stem,supply,risk,3
CUZ|2014Q2,seeds,supply,concern,4
CUZ|2014Q2,hyphen,planning,risk,5
CUZ|2014Q2,stem,supply,concern,4
CUZ|2014Q2,window25,customer,exposure,15
CUZ|2014Q3,seeds,supply,threat,2
CUZ|2014Q3,stem,supply,threat,2
CUZ|2015Q1,hyphen,component,risk,5
NNN|2014Q2,hyphen,source,risk,5
NNN|2015Q3,hyphen,retail,risk,4
NNN|2015Q3,window25,purchased,risk,17
NNN|2016Q2,hyphen,retail,risk,4
NNN|2016Q3,hyphen,retail,risk,7
NNN|2019Q2,stem,retailer,concern,10
NNN|2019Q2,window25,retail,risk,11
NNN|2019Q3,window25,retail,disruption,19
NNN|2021Q3,stem,shortage,labor shortage,0
NNN|2022Q1,stem,finish,risk,4
NNN|2022Q2,stem,stock,concern,5
NNN|2022Q4,window25,retailer,concerns,15
NNN|2024Q2,window25,tracking,uncertainties,18
NHI|2012Q2,stem,shortage,shortage,0
NHI|2014Q1,stem,purchase,risk,4
NHI|2014Q3,seeds,supply,threat,3
NHI|2014Q3,stem,supply,threat,3
NHI|2015Q4,stem,shortage,shortage,0
NHI|2016Q2,window25,pipeline,risk,19
NHI|2016Q3,stem,purchase,exposure,9
NHI|2016Q4,stem,forecast,disruption,6
NHI|2017Q4,window25,buying,uncertainty,22
NHI|2018Q1,window25,purchased,exposure,16
NHI|2018Q2,seeds,supply,concerns,3
NHI|2018Q2,stem,supply,concern,3
NHI|2018Q4,window25,pipeline,disruptions,16
NHI|2019Q2,window25,pipeline,risks,23
NHI|2020Q1,stem,material,uncertainty,1
NHI|2022Q1,window25,pipeline,disruption,17
NHI|2023Q2,window25,pipeline,risk,19
NHI|2023Q3,window25,buyers,uncertainty,12
NHI|2023Q4,stem,shortage,shortage,0
NHI|2024Q4,window25,pipeline,exposure,15
RHP|2011Q4,window25,production,volatile,19
RHP|2012Q3,window25,clients,exposure,16
RHP|2013Q2,window25,production,disruption,23
RHP|2013Q3,stem,stock,concern,6
RHP|2013Q3,window25,retail,disruption,17
RHP|2015Q3,window25,sources,exposure,24
RHP|2016Q2,window25,production,concerns,11
RHP|2016Q3,seeds,supply,concerns,3
RHP|2016Q3,stem,supply,concern,3
RHP|2017Q1,seeds,supply,volatility,5
RHP|2017Q1,stem,supply,volatility,5
RHP|2017Q1,window25,customer,threat,12
RHP|2017Q2,stem,material,concern,6
RHP|2017Q3,window25,production,lead times,21
RHP|2018Q2,stem,material,risk,1
RHP|2018Q3,stem,stock,volatility,2
RHP|2019Q2,seeds,supply,threat,5
RHP|2019Q2,stem,supply,threat,5
RHP|2023Q2,stem,deliver,uncertain,4
RHP|2023Q4,window25,customer,disruption,11
RHP|2024Q1,window25,finished,disruption,22
KIM|2010Q1,seeds,supply,concerns,10
KIM|2010Q1,stem,shortage,shortage,0
KIM|2010Q1,window25,production,concern,21
KIM|2011Q2,stem,shortage,shortage,0
KIM|2011Q2,window25,retailers,concerns,15
KIM|2011Q3,window25,source,uncertainties,11
RHP|2020Q3,window25,purchases,exposure,14
RHP|2020Q4,stem,material,uncertain,5
RHP|2020Q4,window25,customer,uncertain,15
RHP|2021Q3,stem,shortage,shortage,0
RHP|2023Q1,stem,factory,concern,9
CDP|2010Q1,window25,contractors,threats,12
CDP|2012Q1,window25,contractors,uncertainty,13
CDP|2013Q2,hyphen,contractor,exposure,1
CDP|2013Q2,stem,buyer,concern,1
CDP|2015Q1,window25,component,risk,22
CDP|2016Q2,window25,deliver,risk,16
KIM|2012Q1,window25,retailers,risk,12
KIM|2012Q4,hyphen,retail,exposure,1
KIM|2012Q4,stem,shortage,shortage,0
KIM|2012Q4,window25,retailers,risk,14
KIM|2015Q2,window25,retailers,risk,20
KIM|2016Q3,window25,deliver,risk,11
JOE|2010Q1,stem,customer,concern,1
JOE|2010Q2,stem,stock,uncertainty,6
JOE|2012Q3,stem,shortage,shortage,0
JOE|2013Q1,stem,shortage,shortage,0
JOE|2013Q1,window25,finished,shortage,12
KIM|2022Q3,window25,finished,risks,13
KIM|2022Q4,window25,finished,uncertainty,12
KIM|2023Q4,seeds,supply,risk,3
KIM|2023Q4,stem,supply,risk,3
KIM|2024Q1,window25,pipeline,volatility,12
KIM|2018Q2,stem,forecast,concern,8
KIM|2019Q4,seeds,distribution,risks,7
KIM|2019Q4,stem,shortage,shortage,0
KIM|2019Q4,window25,retail,concern,23
KIM|2020Q1,stem,retailer,risk,3
KIM|2021Q4,hyphen,retail,risk,6
CDP|2021Q4,window25,package,risks,13
CDP|2022Q1,window25,package,risks,13
CDP|2022Q2,stem,deliver,volatile,5
CDP|2022Q2,window25,package,risks,13
CDP|2023Q1,window25,package,risks,13
CDP|2023Q2,window25,package,risks,13
CDP|2023Q4,window25,package,risks,13
CDP|2024Q2,window25,package,risks,13
CDP|2024Q3,window25,package,risks,13
CDP|2017Q1,stem,material,uncertain,6
CDP|2017Q1,window25,contractors,uncertainty,23
CDP|2017Q3,hyphen,pipeline,risk,5
CDP|2018Q4,window25,pipeline,exposure,20
CDP|2019Q2,window25,planning,concerns,11
CDP|2019Q3,window25,wholesale,risk,12
CDP|2021Q1,hyphen,deliver,risk,7
CDP|2021Q1,window25,pipeline,risk,13
ELME|2010Q3,window25,buying,exposure,12
ELME|2011Q2,hyphen,deliver,risk,4
ELME|2011Q3,window25,retail,volatile,16
ELME|2012Q4,hyphen,retail,risk,9
ELME|2013Q2,stem,material,exposure,9
ELME|2014Q1,seeds,supply,concerns,1
ELME|2014Q1,stem,supply,concern,1
ELME|2014Q2,window25,contractors,uncertain,15
ELME|2014Q3,window25,deliver,risk,16
ELME|2018Q2,stem,shortage,shortage,0
ELME|2018Q3,stem,shortage,shortage,0
ELME|2019Q1,hyphen,assembly,risk,6
ELME|2019Q2,window25,tracking,risks,17
ELME|2020Q3,stem,shortage,shortage,0
ELME|2020Q3,window25,pipeline,risk,18
ELME|2022Q1,seeds,supply,shortage,5
ELME|2022Q1,stem,shortage,shortage,0
ELME|2022Q1,window25,buyers,risk,11
ELME|2022Q4,seeds,supply,exposure,7
ELME|2022Q4,stem,supply,exposure,7
ELME|2023Q1,stem,order,risk,2
ELME|2023Q1,window25,deliver,exposure,23
ELME|2023Q3,seeds,supply,risk,1
ELME|2023Q3,stem,supply,risk,1
ELME|2023Q4,seeds,supply,exposure,5
ELME|2023Q4,stem,supply,exposure,5
ELME|2023Q4,window25,supplied,exposure,11
ELME|2014Q4,window25,deliver,risk,19
ELME|2015Q4,seeds,distribution,volatility,9
ELME|2016Q1,stem,buyer,risk,8
ELME|2016Q1,window25,retail,risk,24
ELME|2016Q3,window25,contractors,uncertainty,12
ELME|2016Q4,seeds,supply,exposure,5
ELME|2016Q4,stem,supply,exposure,5
ELME|2016Q4,window25,retail,exposure,13
ELME|2017Q4,stem,shortage,shortage,0
ELME|2017Q4,window25,pipeline,exposure,14
ELME|2018Q1,seeds,distribution,risk,9
ELME|2018Q1,stem,shortage,shortage,0
ELME|2018Q1,window25,sources,exposure,13
OHI|2013Q1,stem,forecast,forecast error,0
OHI|2014Q2,window25,components,exposure,24
EGP|2011Q4,window25,finished,risk,16
EGP|2012Q4,window25,backlog,risk,19
EGP|2013Q2,seeds,supply,concern,3
EGP|2013Q2,stem,supply,concern,3
EGP|2013Q3,seeds,supply,concerns,2
EGP|2013Q3,stem,supply,concern,2
EGP|2014Q3,seeds,supply,concern,1
EGP|2014Q3,stem,supply,concern,1
EGP|2023Q1,seeds,supply,concern,6
EGP|2023Q1,stem,supply,concern,6
EGP|2023Q1,window25,pipelines,risk,15
OHI|2012Q4,window25,buying,risk,15
EGP|2015Q1,window25,buying,risks,20
EGP|2015Q3,window25,finished,exposure,18
EGP|2015Q4,stem,buyer,risk,3
EGP|2017Q1,stem,inventory,concern,4
EGP|2017Q1,window25,retail,exposure,21
EGP|2017Q3,stem,shortage,labor shortage,0
EGP|2021Q2,stem,shortage,labor shortage,0
OHI|2015Q2,stem,stock,concern,5
OHI|2016Q1,window25,pipeline,exposure,22
OHI|2016Q3,window25,pipeline,uncertainty,20
OHI|2016Q4,stem,shortage,shortage,0
OHI|2018Q1,window25,vendor,risk,15
OHI|2024Q2,stem,forecast,forecast error,0
LTC|2012Q1,stem,order,contingency,2
LTC|2012Q2,window25,pipeline,risk,24
LTC|2012Q3,stem,stock,concern,5
LTC|2012Q3,window25,planning,concern,25
LTC|2013Q2,stem,purchase,contingency,4
LTC|2014Q4,seeds,supply,concern,5
LTC|2014Q4,stem,supply,concern,5
LTC|2015Q1,window25,pipeline,risk,17
LTC|2015Q3,window25,sourced,exposure,18
OHI|2020Q4,window25,buying,risk,13
LTC|2019Q1,window25,buyers,risks,23
LTC|2020Q4,window25,planning,uncertainty,11
LTC|2021Q1,window25,inbound,risk,24
LTC|2021Q2,window25,pipeline,risk,21
LTC|2016Q2,seeds,supply,concerns,1
LTC|2016Q2,stem,supply,concern,1
LTC|2016Q3,seeds,supply,threats,3
LTC|2016Q3,stem,supply,threat,3
LTC|2017Q2,stem,order,exposure,6
LTC|2017Q2,window25,pipeline,risk,23
CTO|2016Q2,stem,stock,downside,5
CTO|2018Q4,window25,purchased,concerns,24
CTO|2021Q2,window25,planning,risk,22
CTO|2021Q4,hyphen,pipeline,risk,9
CTO|2022Q1,window25,buyers,risk,12
CTO|2022Q2,stem,buy,risk,10
CTO|2022Q4,seeds,supply chain,disruptions,1
CTO|2022Q4,stem,supply,supply chain disruption,0
CTO|2023Q1,stem,buy,volatility,10
CTO|2023Q2,window25,retailer,exposure,12
CTO|2024Q1,stem,buyer,risk,3
ELS|2012Q2,seeds,customers,exposure,3
ELS|2012Q2,stem,customer,exposure,3
ELS|2012Q3,stem,purchase,exposure,9
ELS|2013Q1,stem,purchase,exposure,10
ELS|2018Q2,window25,customer,concerns,14
ELS|2018Q3,window25,shipments,tariffs,12
ELS|2014Q4,window25,purchased,risk,12
ELS|2016Q4,window25,sources,risk,18
ELS|2017Q1,stem,customer,concern,9
ELS|2020Q2,seeds,customers,risks,3
ELS|2020Q2,stem,customer,risk,3
ELS|2020Q2,window25,orders,risks,12
ELS|2020Q3,window25,customer,uncertainty,15
ELS|2020Q4,seeds,customers,concerns,3
ELS|2020Q4,stem,customer,concern,3
ELS|2021Q3,seeds,customers,risks,4
ELS|2021Q3,stem,shortage,shortage,0
ELS|2021Q3,window25,customer,shortage,19
HR|2012Q4,stem,buy,concern,10
HR|2015Q4,window25,networks,risk,22
HR|2016Q4,window25,deliver,risk,18
HR|2017Q2,stem,order,exposure,8
HR|2013Q2,window25,sources,volatility,22
HR|2013Q3,hyphen,deliver,risk,3
HR|2013Q3,stem,shortage,shortage,0
HR|2013Q4,stem,shortage,shortage,0
HR|2013Q4,window25,delivery,shortage,24
HR|2014Q1,stem,shortage,shortage,0
HR|2014Q1,window25,buying,risk,13
HR|2014Q3,hyphen,deliver,risk,7
HR|2014Q4,hyphen,networks,risk,7
HR|2023Q4,window25,pipeline,volatility,16
AKR|2010Q1,stem,shortage,shortage,0
AKR|2010Q1,window25,buyers,shortage,15
AKR|2010Q2,window25,retailers,risk,19
HR|2020Q2,window25,pipeline,uncertain,13
HR|2020Q3,window25,pipeline,uncertainty,24
HR|2021Q1,stem,order,risk,4
HR|2022Q1,stem,purchase,concern,3
HR|2022Q1,window25,purchased,risk,25
HR|2022Q3,window25,pipeline,risk,18
HR|2017Q4,stem,stock,concern,2
HR|2018Q2,window25,delivery,concerns,19
HR|2018Q3,seeds,supply,risk,9
HR|2018Q3,hyphen,deliver,risk,6
HR|2018Q3,stem,supply,risk,9
HR|2018Q3,window25,delivery,risk,17
HR|2019Q1,stem,stock,exposure,4
HR|2019Q1,window25,wholesale,threat,23
AKR|2010Q3,window25,retailers,disruptions,12
AKR|2013Q2,hyphen,retail,risk,7
AKR|2013Q2,stem,buy,volatility,7
AKR|2013Q3,window25,pipeline,volatility,11
AKR|2014Q1,window25,retail,downside,11
AKR|2014Q3,stem,buy,risk,8
AKR|2014Q3,window25,retail,risks,18
AKR|2014Q4,window25,retailers,concerns,12
AKR|2015Q1,window25,forecasting,uncertain,14
AKR|2016Q3,window25,retailers,concern,22
AKR|2016Q4,window25,retailers,downside,25
AKR|2019Q3,window25,components,concern,23
AKR|2020Q4,seeds,distribution,exposure,9
AKR|2020Q4,stem,retail,disruption,3
AKR|2020Q4,window25,vendors,risk,13
AKR|2021Q1,stem,stock,volatility,1
AKR|2021Q1,window25,retail,disruptions,11
AKR|2021Q4,window25,retailers,risks,11
AKR|2022Q1,stem,buy,concern,9
SKT|2010Q1,seeds,distribution,risks,10
SKT|2010Q2,seeds,distribution,risks,10
SKT|2010Q3,seeds,distribution,risks,10
SKT|2011Q4,seeds,distribution,risks,10
SKT|2012Q1,seeds,distribution,risks,10
SKT|2012Q2,seeds,distribution,risks,10
SKT|2012Q3,seeds,distribution,risks,10
SKT|2013Q1,seeds,distribution,risks,10
SKT|2013Q2,seeds,distribution,risks,10
SKT|2013Q2,window25,retailers,concern,17
SKT|2013Q3,seeds,distribution,risks,10
SKT|2013Q4,seeds,distribution,risks,10
SKT|2014Q1,seeds,distribution,risks,10
SKT|2014Q1,stem,channel,concern,7
SKT|2014Q2,seeds,distribution,risks,10
SKT|2014Q3,seeds,distribution,risks,10
SKT|2014Q4,seeds,distribution,risks,10
SKT|2017Q1,stem,forecast,volatile,7
SKT|2017Q1,window25,forecasting,exposure,20
SKT|2017Q2,window25,deliver,uncertainty,11
SKT|2020Q4,stem,stock,volatile,4
SKT|2020Q4,window25,retailers,risks,14
SKT|2022Q3,window25,production,exposure,13
SKT|2024Q4,stem,retailer,concern,9
SKT|2024Q4,window25,merchandising,exposure,13
CPT|2011Q4,seeds,supply,concern,3
CPT|2011Q4,stem,supply,concern,3
CPT|2011Q4,window25,pipeline,risk,21
CPT|2012Q2,seeds,supply,threat,4
CPT|2012Q2,stem,supply,threat,4
CPT|2012Q4,seeds,supply,concerns,4
CPT|2012Q4,stem,supply,concern,4
CPT|2024Q2,seeds,supply,concerns,1
CPT|2024Q2,stem,supply,concern,1
CPT|2024Q4,seeds,supply,risk,3
CPT|2024Q4,stem,supply,risk,3
LXP|2010Q1,stem,shortage,shortage,0
LXP|2017Q3,window25,storage,risk,14
LXP|2017Q4,window25,planning,downside,15
LXP|2019Q4,window25,pipeline,risk,18
LXP|2020Q2,window25,warehouse,exposure,14
LXP|2021Q2,window25,warehouse,risk,21
LXP|2022Q2,window25,pipeline,risk,23
LXP|2023Q1,seeds,supply,concern,1
LXP|2023Q1,stem,shortage,shortage,0
LXP|2023Q1,window25,delivery,concern,17
CPT|2013Q1,seeds,supply,concerns,1
CPT|2013Q1,stem,supply,concern,1
CPT|2013Q4,seeds,inventory,shortage,1
CPT|2013Q4,stem,shortage,shortage,0
CPT|2015Q1,window25,buying,volatility,25
CPT|2016Q1,stem,stock,volatility,3
CPT|2016Q1,window25,pipeline,exposure,22
CPT|2017Q4,seeds,supply,concern,9
CPT|2017Q4,stem,supply,concern,9
CPT|2018Q4,seeds,supply,concern,1
CPT|2018Q4,stem,supply,concern,1
CPT|2018Q4,window25,planning,concern,12
CPT|2019Q2,stem,shortage,shortage,0
CPT|2020Q2,seeds,customers,uncertain,5
CPT|2020Q2,stem,customer,uncertain,5
CPT|2020Q2,window25,retail,exposure,12
CPT|2021Q2,seeds,supply chain,disruptions,1
CPT|2021Q2,stem,shortage,shortage,0
CPT|2021Q2,window25,pipeline,disruptions,17
CPT|2022Q1,seeds,supply,concerns,3
CPT|2022Q1,stem,supply,concern,3
CPT|2022Q3,seeds,supply,risk,3
CPT|2022Q3,stem,supply,risk,3
CPT|2022Q3,window25,buyers,uncertain,11
CPT|2023Q2,seeds,supply,concerns,5
CPT|2023Q2,stem,shortage,shortage,0
CPT|2024Q1,seeds,supply,concerns,1
CPT|2024Q1,stem,supply,concern,1
LXP|2012Q4,window25,retail,exposure,21
LXP|2014Q3,window25,pipeline,disruption,13
LXP|2015Q2,stem,purchase,downside,8
LXP|2015Q3,stem,purchase,downside,7
LXP|2023Q4,seeds,supply,risk,1
LXP|2023Q4,stem,supply,risk,1
LXP|2024Q1,seeds,supply chain,disruptions,1
LXP|2024Q1,stem,supply,supply chain disruption,0
REG|2011Q4,stem,buy,exposure,3
REG|2011Q4,window25,retailers,exposure,11
REG|2012Q1,window25,purchased,exposure,25
REG|2013Q1,window25,retailers,risks,13
REG|2013Q2,stem,buyer,risk,8
REG|2014Q4,seeds,supply,exposure,6
REG|2014Q4,stem,supply,exposure,6
REG|2015Q1,stem,supply,concern,9
REG|2015Q2,stem,shortage,shortage,0
REG|2016Q1,window25,retailers,volatile,20
REG|2016Q3,stem,shortage,shortage,0
REG|2017Q2,window25,buying,risk,24
REG|2018Q3,window25,pipeline,risk,15
UMH|2015Q3,seeds,supply,shortage,3
UMH|2015Q3,stem,shortage,shortage,0
UMH|2016Q3,seeds,supply,shortage,9
UMH|2016Q3,stem,shortage,shortage,0
UMH|2017Q1,stem,shortage,shortage,0
UMH|2018Q1,stem,shortage,shortage,0
UMH|2018Q3,stem,shortage,shortage,0
UMH|2023Q1,window25,manufacturers,concerns,16
UMH|2023Q3,stem,shortage,shortage,0
UMH|2023Q4,stem,shortage,shortage,0
UMH|2024Q2,stem,shortage,shortage,0
UMH|2024Q2,window25,manufactured,shortage,21
SUI|2012Q3,window25,backlog,exposure,12
UMH|2018Q4,stem,shortage,shortage,0
UMH|2019Q2,stem,shortage,shortage,0
UMH|2019Q2,window25,manufactured,shortage,19
UMH|2019Q3,stem,shortage,shortage,0
UMH|2021Q1,stem,shortage,shortage,0
UMH|2021Q3,seeds,inventory,concern,4
UMH|2021Q3,stem,inventory,concern,4
UMH|2021Q3,window25,ordering,concern,12
UMH|2022Q2,stem,shortage,shortage,0
UMH|2022Q3,seeds,supply,concerns,8
UMH|2022Q3,stem,shortage,shortage,0
UMH|2022Q3,window25,manufactured,shortage,11
SUI|2013Q2,stem,shortage,shortage,0
REG|2019Q1,window25,retail,volatility,11
REG|2019Q2,hyphen,retailers,risk,1
REG|2019Q2,window25,merchandising,uncertainty,22
REG|2019Q3,window25,pipelines,exposure,21
REG|2020Q3,hyphen,pipeline,risk,9
REG|2022Q4,hyphen,merchandising,risk,9
REG|2023Q3,stem,material,exposure,8
REG|2024Q4,window25,retail,exposure,11
UMH|2013Q4,stem,shortage,shortage,0
UMH|2013Q4,window25,manufactured,shortage,21
SUI|2017Q1,seeds,supply,shortage,2
SUI|2017Q1,stem,shortage,shortage,0
SUI|2017Q3,seeds,supply,shortage,2
SUI|2017Q3,stem,shortage,shortage,0
SUI|2018Q3,seeds,supply,risk,1
SUI|2018Q3,stem,supply,risk,1
SPG|2014Q4,hyphen,retailer,exposure,8
SPG|2015Q2,stem,stock,volatile,4
SPG|2015Q2,window25,buying,volatile,14
SPG|2015Q3,stem,stock,volatile,1
SPG|2015Q4,stem,retailer,concern,6
SPG|2016Q4,seeds,supply,concern,2
SPG|2016Q4,stem,supply,concern,2
SUI|2021Q1,stem,forecast,disruption,8
SUI|2021Q3,stem,shortage,labor shortage,0
SUI|2021Q4,stem,shortage,shortage,0
SUI|2022Q2,hyphen,delivering,risk,2
SUI|2022Q2,window25,manufactured,exposure,17
SPG|2018Q4,stem,retailer,concern,4
SPG|2018Q4,window25,retail,risk,12
SPG|2019Q2,stem,stock,concern,10
SPG|2020Q1,window25,retail,exposure,17
SPG|2020Q3,stem,order,concern,3
SPG|2020Q4,window25,retail,disruption,19
SPG|2021Q4,window25,retailers,volatility,12
SUI|2022Q3,window25,manufactured,uncertainty,14
SUI|2022Q4,stem,channel,concern,5
SUI|2023Q1,stem,order,risk,5
SUI|2024Q2,stem,buyer,uncertainty,7
SUI|2024Q4,window25,manufactured,exposure,20
SPG|2022Q3,window25,retailer,concern,13
SPG|2023Q3,hyphen,retailer,exposure,9
SPG|2023Q3,window25,retailers,exposure,17
SPG|2023Q4,stem,material,concern,1
MAA|2012Q3,seeds,supply,threat,5
MAA|2012Q3,stem,supply,threat,5
MAA|2012Q3,window25,component,downside,20
MAA|2012Q4,seeds,supply,risk,1
MAA|2012Q4,stem,supply,risk,1
MAA|2012Q4,window25,buying,risk,14
MAA|2013Q2,window25,buying,concern,19
SPG|2010Q4,window25,retailers,concerns,12
SPG|2012Q2,stem,buy,concern,4
SPG|2012Q4,window25,buyers,concern,25
SPG|2013Q2,stem,supply,concern,3
SPG|2013Q2,window25,retail,concern,21
SPG|2013Q4,stem,purchase,concern,9
SPG|2014Q3,stem,supply,concern,8
MAA|2013Q3,seeds,supply,exposure,2
MAA|2013Q3,stem,supply,exposure,2
MAA|2013Q4,stem,supply,concern,3
MAA|2014Q2,seeds,supply,exposure,4
MAA|2014Q2,stem,supply,exposure,4
MAA|2014Q2,window25,pipeline,risk,19
MAA|2015Q1,window25,planning,concerns,13
MAA|2016Q2,seeds,supply,risk,1
MAA|2016Q2,stem,supply,risk,1
MAA|2016Q2,window25,deliver,disruption,12
MAA|2017Q2,seeds,supply,exposure,10
MAA|2017Q2,stem,supply,exposure,10
MAA|2017Q2,window25,distributed,exposure,11
MAA|2017Q3,stem,forecast,exposure,9
MAA|2018Q3,window25,deliveries,risks,14
MAA|2019Q2,seeds,customers,disruption,6
MAA|2019Q2,stem,shortage,labor shortage,0
MAA|2019Q2,window25,customer,disruption,16
MAA|2019Q3,seeds,supply,concerns,9
MAA|2019Q3,stem,supply,concern,2
MAA|2019Q3,window25,customer,disruption,18
MAA|2019Q4,seeds,supply,risk,5
MAA|2019Q4,stem,supply,risk,5
MAA|2020Q1,window25,package,exposure,21
MAA|2020Q2,seeds,supply,disruptions,7
MAA|2020Q2,stem,supply,disruption,7
MAA|2020Q3,stem,supply,concern,5
MAA|2020Q3,window25,pipeline,risk,13
MAA|2023Q1,stem,supply,concern,2
MAA|2023Q2,seeds,supply,risks,1
MAA|2023Q2,stem,supply,risk,1
MAA|2023Q2,window25,tracking,concern,21
MAA|2024Q2,seeds,supply,exposure,4
MAA|2024Q2,stem,supply,exposure,4
MAA|2024Q2,window25,deliver,risk,12
RYN|2010Q2,stem,supplier,concern,7
RYN|2012Q1,stem,shortage,shortage,0
RYN|2012Q2,seeds,inventory,disruptions,3
RYN|2012Q2,stem,inventory,disruption,3
RYN|2012Q3,stem,shortage,shortage,0
RYN|2012Q3,window25,supplies,shortage,22
RYN|2016Q2,seeds,inventory,risk,7
RYN|2016Q2,stem,inventory,risk,7
RYN|2016Q4,stem,supply,concern,6
RYN|2016Q4,window25,production,concern,23
RYN|2018Q4,seeds,customers,labor shortage,4
RYN|2018Q4,stem,shortage,labor shortage,0
RYN|2018Q4,window25,shipments,tariff,12
RYN|2019Q1,seeds,customers,tariffs,9
RYN|2019Q1,stem,deliver,trade dispute,5
RYN|2019Q1,window25,supplier,tariff,11
RYN|2020Q2,seeds,customers,exposure,2
RYN|2020Q2,stem,customer,exposure,2
RYN|2020Q2,window25,deliver,exposure,18
RYN|2015Q1,window25,source,exposure,18
RYN|2015Q3,window25,production,concerns,16
RYN|2015Q4,window25,source,exposure,16
RYN|2020Q4,window25,finished,uncertainty,13
RYN|2022Q3,window25,buyers,volatility,11
RYN|2023Q1,window25,inventories,uncertainty,23
RYN|2023Q2,seeds,supply,disruptions,1
RYN|2023Q2,stem,supply,supply disruption,0
RYN|2024Q1,window25,buying,tariffs,24
RYN|2024Q2,seeds,supply,threat,3
RYN|2024Q2,stem,supply,threat,3
RYN|2024Q2,window25,production,threat,21
BA|2015Q4,window25,production,risk,20
BA|2016Q1,window25,production,risks,19
BA|2018Q2,seeds,supply,risk,8
BA|2018Q2,hyphen,production,risk,4
BA|2018Q2,stem,supply,risk,8
BA|2018Q2,window25,deliver,risk,19
BA|2018Q4,stem,track,risk,9
BA|2018Q4,window25,production,risks,18
CAT|2010Q1,stem,channel,lead time,3
CAT|2010Q1,window25,factory,lead times,13
CAT|2013Q1,seeds,customers,risks,5
CAT|2013Q1,stem,customer,risk,5
HWM|2023Q3,seeds,supply chain,bottleneck,10
HWM|2023Q3,window25,orders,risk,19
HON|2011Q3,window25,materials,uncertain,13
HON|2011Q4,stem,backlog,uncertainty,8
HON|2011Q4,window25,orders,uncertainties,19
GE|2020Q3,seeds,supply chain,uncertain,2
GE|2020Q3,stem,supply,uncertain,3
GE|2020Q3,window25,fleet,volatility,16
GE|2022Q3,seeds,customers,concerns,1
GE|2022Q3,stem,shortage,shortage,0
GE|2022Q3,window25,backlog,uncertainty,13
GE|2023Q2,window25,deliveries,lead times,15
CAT|2024Q1,stem,inventory,concern,6
CAT|2024Q1,window25,inventories,risk,15
GE|2012Q2,window25,components,risks,13
GE|2012Q3,window25,finished,uncertainty,18
GE|2013Q2,stem,order,uncertain,3
GE|2013Q4,stem,forecast,concern,9
GE|2013Q4,window25,customer,concerns,11
GE|2014Q2,window25,fleet,risk,17
GE|2017Q3,hyphen,forecasting,risk,7
GE|2017Q3,window25,orders,risk,23
GE|2018Q2,seeds,supply,tariff,8
GE|2018Q2,stem,supply,tariff,8
GE|2018Q2,window25,orders,volatility,15
CAT|2013Q2,seeds,manufacturing,lead times,2
CAT|2013Q2,stem,manufactur,lead time,2
CAT|2013Q2,window25,production,uncertainty,14
CAT|2013Q4,stem,forecast,exposure,10
CAT|2013Q4,window25,backlog,exposure,25
CAT|2014Q3,seeds,customers,uncertain,1
CAT|2014Q3,stem,customer,uncertain,1
CAT|2014Q3,window25,inventories,downside,17
CAT|2015Q2,hyphen,backlog,lead time,10
CAT|2016Q2,seeds,transportation,concern,5
CAT|2016Q2,hyphen,fleet,downside,9
CAT|2016Q2,stem,material,downside,1
CAT|2016Q2,window25,orders,concern,17
HON|2014Q3,seeds,transportation,exposure,6
HON|2014Q3,hyphen,customer,risk,8
HON|2014Q3,window25,planning,risk,12
HON|2015Q3,seeds,transportation,exposure,5
HON|2015Q3,window25,buying,volatility,12
HON|2017Q2,window25,manufacturers,threat,20
MMM|2010Q2,stem,material,concern,7
MMM|2010Q2,window25,delivering,uncertainty,22
MMM|2010Q4,window25,components,volatility,17
MMM|2011Q4,seeds,customers,contingency,6
MMM|2011Q4,stem,customer,contingency,6
MMM|2012Q2,seeds,manufacturing,threat,10
MMM|2012Q2,stem,manufactur,threat,10
MMM|2012Q2,window25,shipments,risk,13
MMM|2013Q1,stem,forecast,uncertain,3
MMM|2014Q1,seeds,customers,exposure,2
MMM|2014Q1,stem,customer,exposure,2
MMM|2014Q2,window25,raw,exposure,18
MMM|2014Q3,seeds,manufacturing,concern,5
MMM|2014Q3,stem,inventory,concern,4
MMM|2014Q4,window25,sources,exposure,25
MMM|2015Q4,window25,orders,risk,18
MMM|2016Q4,window25,planning,tariffs,21
MMM|2017Q2,seeds,distribution,disruption,1
MMM|2018Q1,window25,customer,contingency,16
MMM|2020Q3,seeds,customers,uncertain,3
MMM|2020Q3,stem,customer,uncertain,3
MMM|2020Q3,window25,deliver,uncertain,16
HON|2017Q3,window25,planning,extreme weather,25
HON|2018Q3,stem,shortage,shortage,0
HON|2018Q3,window25,orders,uncertainty,18
HON|2019Q3,stem,plann,tariff,9
HON|2020Q3,seeds,supply chain,disruptions,4
HON|2020Q3,stem,supply,disruption,5
HON|2021Q1,seeds,supply,uncertainties,6
HON|2021Q1,stem,supply,uncertainty,6
HON|2023Q4,seeds,customers,uncertain,10
HON|2023Q4,stem,customer,uncertain,10
HON|2023Q4,window25,fleet,exposures,12
MMM|2020Q4,seeds,channel partners,uncertainty,8
MMM|2020Q4,stem,shortage,labor shortage,0
MMM|2020Q4,window25,retailers,counterfeit,13
MMM|2022Q2,seeds,supply,risks,1
MMM|2022Q2,stem,supply,risk,1
MMM|2022Q2,window25,components,uncertainty,21
MMM|2024Q2,seeds,manufacturing,risks,4
MMM|2024Q2,stem,manufactur,risk,4
MMM|2024Q3,hyphen,tracking,risk,4
MMM|2024Q4,seeds,inventory,concerns,7
MMM|2024Q4,stem,inventory,concern,7
MMM|2024Q4,window25,production,tariffs,16
RTX|2010Q1,stem,customer,concern,9
RTX|2010Q3,window25,orders,threat,20
RTX|2010Q4,seeds,customers,threats,8
RTX|2010Q4,stem,customer,threat,8
RTX|2010Q4,window25,customer,risk,15
RTX|2011Q4,seeds,customers,uncertainty,5
RTX|2011Q4,stem,customer,uncertainty,5
RTX|2011Q4,window25,delivering,uncertainty,12
RTX|2012Q3,window25,deliver,uncertainty,20
RTX|2013Q1,seeds,customers,threat,4
RTX|2013Q1,stem,customer,threat,4
RTX|2013Q1,window25,customer,concern,25
RTX|2014Q2,window25,tracking,risks,14
RTX|2014Q4,stem,backlog,concern,3
RTX|2015Q1,window25,customer,risk,11
RTX|2018Q2,seeds,customers,threats,4
RTX|2018Q2,stem,track,threat,1
RTX|2018Q2,window25,production,threats,21
RTX|2018Q3,window25,planning,risk,15
RTX|2019Q1,seeds,customers,threats,9
RTX|2019Q1,stem,customer,threat,9
RTX|2019Q2,stem,track,threat,2
RTX|2019Q4,seeds,customers,threats,4
RTX|2019Q4,stem,customer,threat,4
RTX|2019Q4,window25,backlog,concerns,22
RTX|2020Q3,stem,material,concern,3
RTX|2020Q4,window25,customer,risk,21
RTX|2021Q2,seeds,customers,threats,9
RTX|2021Q2,stem,customer,threat,9
RTX|2022Q1,seeds,supply,risk,2
RTX|2022Q1,stem,shortage,shortage,0
RTX|2022Q1,window25,components,sanctions,20
DE|2012Q2,window25,ship,concerns,19
DE|2012Q4,seeds,customers,concerns,4
DE|2012Q4,stem,customer,concern,4
DE|2012Q4,window25,retail,uncertainty,25
DE|2013Q1,window25,retail,uncertainties,13
DE|2015Q4,seeds,customers,uncertain,5
DE|2015Q4,stem,customer,uncertain,5
DE|2015Q4,window25,inventories,risk,17
DE|2017Q3,stem,plant,concern,1
DE|2017Q3,window25,production,lead time,12
DE|2018Q2,seeds,transportation,exposure,3
DE|2018Q2,stem,retail,concern,1
DE|2018Q2,window25,forecasting,concerns,15
DE|2018Q3,window25,deliver,uncertainty,13
DE|2020Q4,stem,forecast,uncertainty,3
DE|2020Q4,window25,production,concerns,23
RTX|2022Q4,seeds,supply,bottlenecks,3
RTX|2022Q4,stem,supply,bottleneck,3
RTX|2022Q4,window25,materials,bottlenecks,11
RTX|2023Q3,seeds,customers,risk,4
RTX|2023Q3,stem,customer,risk,4
RTX|2023Q3,window25,network,risk,15
RTX|2024Q3,seeds,suppliers,lead times,5
RTX|2024Q3,stem,supplier,lead time,5
RTX|2024Q3,window25,backlog,lead times,13
RTX|2024Q4,stem,forecast,contingency,3
RTX|2024Q4,window25,oem,contingency,21
DE|2011Q4,stem,forecast,uncertainty,5
EMR|2010Q2,stem,order,concern,8
EMR|2013Q1,seeds,supply,supply chain disruption,0
EMR|2013Q1,stem,supply,supply chain disruption,0
ETN|2013Q2,window25,trucks,exposure,11
ETN|2013Q4,window25,production,risk,23
ETN|2014Q4,stem,forecast,risk,8
ETN|2015Q1,stem,order,concern,3
ETN|2015Q2,stem,plant,disruption,1
ETN|2016Q3,seeds,manufacturing,uncertainty,6
ETN|2016Q3,stem,manufactur,uncertainty,6
ETN|2016Q3,window25,pipeline,uncertainty,14
ETN|2016Q4,stem,forecast,risk,9
ETN|2016Q4,window25,customer,volatility,11
ETN|2017Q1,stem,order,concern,5
ETN|2017Q4,hyphen,ordering,concern,6
ETN|2017Q4,stem,channel,concern,2
ETN|2017Q4,window25,orders,lead time,11
ETN|2018Q1,stem,forecast,risk,8
ETN|2019Q1,stem,forecast,risk,8
ETN|2019Q3,seeds,distribution,uncertainty,4
ETN|2019Q3,stem,supply,lead time,7
ETN|2019Q3,window25,forecasting,lead time,12
ETN|2019Q4,window25,deliver,volatile,14
ETN|2020Q1,stem,forecast,risk,8
ETN|2020Q2,seeds,customers,disruptions,7
ETN|2020Q2,stem,customer,disruption,7
ETN|2020Q2,window25,pipeline,uncertainty,20
DE|2021Q1,seeds,supply,risks,4
DE|2021Q1,stem,component,concern,2
DE|2021Q1,window25,customer,disruptions,23
DE|2023Q4,seeds,customers,volatility,3
DE|2023Q4,stem,customer,volatility,3
DE|2023Q4,window25,retail,volatility,18
ETN|2010Q1,seeds,transportation,exposure,5
ETN|2010Q1,stem,shortage,shortage,0
ETN|2010Q1,window25,production,exposure,18
ETN|2011Q3,stem,plant,disruption,1
ETN|2011Q3,window25,planning,disruptions,11
ETN|2012Q1,stem,forecast,forecast error,0
ETN|2012Q1,window25,backlog,lead time,17
ETN|2012Q2,stem,customer,concern,5
ETN|2012Q2,window25,truck,concerns,17
EMR|2017Q1,window25,oems,concern,25
EMR|2019Q1,stem,material,tariff,4
EMR|2019Q1,window25,pipeline,risk,16
EMR|2019Q2,seeds,inventory,tariff,4
EMR|2019Q2,stem,inventory,tariff,4
EMR|2019Q2,window25,channels,concerns,21
EMR|2023Q1,seeds,logistics,disruptions,2
EMR|2024Q3,seeds,distribution,exposure,5
EMR|2024Q3,stem,inventory,concern,7
PBI|2011Q1,seeds,supply,disruptions,3
PBI|2011Q1,stem,supply,disruption,3
PBI|2011Q1,window25,customer,concerns,25
PBI|2011Q2,stem,track,concern,6
PBI|2011Q2,window25,customer,uncertain,13
PBI|2012Q2,seeds,purchasing,concerns,6
PBI|2012Q2,stem,purcha,concern,6
PBI|2012Q2,window25,production,uncertainty,11
PBI|2014Q2,stem,channel,disruption,6
PBI|2015Q1,window25,channels,disruption,18
PBI|2015Q2,window25,clients,disruption,17
PBI|2015Q3,window25,production,uncertain,14
PBI|2015Q4,window25,clients,disruptions,12
PBI|2024Q4,stem,plant,exposure,3
DCO|2013Q1,window25,production,risk,14
DCO|2013Q3,window25,orders,uncertainties,12
PBI|2019Q1,window25,clients,concern,23
PBI|2019Q2,stem,buyer,risk,10
PBI|2021Q1,seeds,supply,shortage,1
PBI|2021Q1,stem,shortage,shortage,0
PBI|2022Q3,seeds,supply,concern,9
PBI|2022Q3,stem,supply,concern,9
PBI|2022Q3,window25,planning,disruptions,25
PBI|2022Q4,stem,shortage,shortage,0
PBI|2022Q4,window25,network,shortage,11
PBI|2024Q2,window25,vendors,disruption,15
DCO|2015Q3,stem,backlog,risk,10
PBI|2018Q4,seeds,sourcing,exposure,4
PBI|2018Q4,stem,sourc,exposure,4
DCO|2016Q4,seeds,customers,lead time,4
DCO|2016Q4,stem,customer,lead time,4
DCO|2017Q3,window25,production,exposure,25
DCO|2017Q4,stem,customer,concern,1
DCO|2018Q2,seeds,customers,exposure,3
DCO|2018Q2,stem,customer,exposure,3
DCO|2018Q3,seeds,supply,risk,8
DCO|2018Q3,stem,supply,risk,8
DCO|2018Q3,window25,orders,lead times,22
APOG|2010Q3,window25,backlog,lead times,14
APOG|2015Q3,window25,fabrication,bottleneck,22
APOG|2020Q3,hyphen,deliveries,lead time,1
APOG|2020Q3,stem,forecast,risk,10
APOG|2020Q3,window25,overseas,lead time,19
APOG|2021Q4,seeds,procurement,lead times,4
APOG|2021Q4,hyphen,customer,lead time,5
APOG|2021Q4,stem,order,lead time,5
APOG|2021Q4,window25,backlog,lead time,11
APOG|2023Q4,seeds,inventory,volatility,8
APOG|2023Q4,stem,inventory,volatility,8
MATX|2012Q4,seeds,customers,risk,6
MATX|2012Q4,stem,customer,risk,6
MATX|2013Q1,stem,forecast,volatile,7
MATX|2013Q1,window25,shipments,uncertainty,16
MATX|2013Q4,seeds,customers,volatile,3
MATX|2013Q4,stem,customer,volatile,3
MATX|2022Q4,seeds,logistics,port congestion,7
MATX|2022Q4,window25,retailers,uncertainty,15
MATX|2023Q4,seeds,supply chain,disruptions,1
MATX|2023Q4,stem,supply,supply chain disruption,0
MATX|2023Q4,window25,finished,uncertainty,14
PNR|2023Q4,seeds,supply,lead times,8
PNR|2023Q4,stem,supply,lead time,8
PNR|2023Q4,window25,ship,lead times,13
TPC|2010Q2,window25,backlog,concern,24
TPC|2012Q4,hyphen,contractors,risk,7
TPC|2012Q4,stem,order,natural disaster,3
TPC|2013Q1,hyphen,backlog,risk,5
TPC|2013Q1,stem,track,risk,5
TPC|2015Q2,window25,rail,risks,16
PNR|2011Q3,window25,customer,risk,25
PNR|2011Q4,stem,shortage,shortage,0
PNR|2012Q2,window25,distributor,risk,21
PNR|2013Q1,stem,shipp,shipp delay,0
PNR|2013Q3,seeds,manufacturing,risks,8
PNR|2013Q3,stem,manufactur,risk,8
PNR|2016Q2,window25,orders,concern,15
PNR|2016Q4,seeds,manufacturing,tariffs,4
PNR|2016Q4,stem,manufactur,tariff,4
PNR|2016Q4,window25,forecasting,uncertainty,25
PNR|2017Q2,stem,material,concern,6
PNR|2017Q2,window25,rail,volatility,12
PNR|2018Q2,window25,pipeline,tariff,16
PNR|2019Q1,seeds,inventory,tariff,8
PNR|2019Q1,stem,inventory,tariff,8
PNR|2019Q2,seeds,inventory,tariffs,3
PNR|2019Q2,stem,inventory,tariff,3
PNR|2019Q4,window25,delivering,volatility,17
PNR|2020Q4,seeds,customers,uncertain,8
PNR|2020Q4,stem,customer,uncertain,8
PNR|2023Q1,seeds,inventory,uncertainty,5
PNR|2023Q1,stem,inventory,uncertainty,5
PNR|2023Q1,window25,deliver,lead times,13
PNR|2023Q3,window25,delivering,uncertainty,11
TPC|2016Q3,stem,component,concern,1
TPC|2017Q2,window25,backlog,capacity constraints,20
TPC|2017Q4,stem,backlog,risk,2
TPC|2017Q4,window25,backlog,hazard,17
TPC|2018Q1,stem,track,risk,4
TPC|2018Q1,window25,components,risks,16
TPC|2019Q1,window25,backlog,risk,19
TPC|2020Q2,window25,backlog,concerns,12
TPC|2022Q1,hyphen,orders,risk,2
TPC|2022Q1,window25,orders,risk,23
TPC|2023Q2,stem,forecast,volatility,8
TPC|2024Q2,stem,stock,volatility,9
GFF|2016Q1,stem,buyer,uncertainty,7
GFF|2016Q1,window25,component,uncertainty,17
GFF|2016Q2,seeds,manufacturing,volatility,6
GFF|2016Q2,stem,manufactur,volatility,6
GFF|2016Q2,window25,finished,disruption,17
GFF|2019Q4,window25,tracking,lead times,14
GFF|2020Q1,window25,tracking,lead times,18
TPC|2024Q3,window25,contractors,volatility,24
GFF|2012Q2,window25,customer,uncertain,13
GFF|2012Q4,window25,production,volatility,20
GFF|2013Q1,window25,customer,volatile,18
GFF|2013Q2,stem,stock,concern,2
GFF|2013Q2,window25,backlog,risks,11
GFF|2014Q1,window25,backlog,risks,11
GFF|2015Q4,window25,backlog,uncertain,13
GFF|2021Q2,seeds,supply chain,disruptions,1
GFF|2021Q2,stem,supply,supply chain disruption,0
GFF|2024Q4,seeds,sourcing,tariff,7
GFF|2024Q4,stem,sourc,tariff,7
XRX|2010Q2,window25,sources,exposure,24
XRX|2012Q1,seeds,inventory,volatile,3
XRX|2012Q1,stem,channel,volatile,2
XRX|2012Q1,window25,supplies,volatile,20
XRX|2012Q4,window25,channels,uncertainty,18
XRX|2013Q1,seeds,channel partners,uncertainty,10
XRX|2013Q1,window25,distributors,uncertainty,16
XRX|2014Q3,stem,shortage,shortage,0
XRX|2015Q2,seeds,inventory,uncertainty,10
XRX|2015Q2,stem,inventory,uncertainty,10
XRX|2015Q2,window25,delivery,contingencies,23
XRX|2016Q3,stem,deliver,volatile,7
XRX|2016Q3,window25,supplies,uncertainties,12
XRX|2020Q1,window25,deliver,disruption,12
XRX|2023Q2,seeds,inventory,disruptions,2
XRX|2023Q2,stem,inventory,disruption,2
XRX|2023Q2,window25,source,disruptions,12
XRX|2023Q3,stem,customer,concern,9
XRX|2024Q3,window25,client,disruption,22
XRX|2024Q4,seeds,supply chain,exposure,4
XRX|2024Q4,stem,supply,exposure,5
XRX|2024Q4,window25,client,exposure,20
GD|2011Q1,stem,customer,concern,7
GD|2011Q1,window25,ship,uncertainty,25
GD|2011Q2,window25,ship,uncertainty,18
GD|2018Q1,seeds,customers,tariffs,6
GD|2018Q1,stem,customer,tariff,6
GD|2018Q2,stem,order,lead time,4
GD|2018Q2,window25,production,lead time,15
GD|2018Q4,window25,customer,concerns,14
GD|2019Q1,seeds,manufacturing,risk,6
GD|2019Q1,stem,manufactur,risk,6
GD|2019Q1,window25,production,risk,14
GD|2019Q3,seeds,customers,concerns,3
GD|2019Q3,stem,customer,concern,3
GD|2019Q3,window25,deliveries,risk,19
GD|2020Q2,stem,material,risk,1
GD|2020Q2,window25,production,disruptions,12
XRX|2017Q3,seeds,customers,risk,3
XRX|2017Q3,stem,customer,risk,3
XRX|2017Q4,window25,clients,risk,11
XRX|2018Q2,seeds,supply,disruption,3
XRX|2018Q2,stem,supply,disruption,3
XRX|2018Q2,window25,supplies,disruption,14
XRX|2019Q1,window25,clients,disruption,12
XRX|2019Q2,stem,track,risk,8
XRX|2019Q2,window25,channels,uncertainties,19
XRX|2019Q3,stem,channel,disruption,6
XRX|2019Q4,stem,order,uncertainty,4
XRX|2019Q4,window25,supplies,uncertainty,13
GD|2012Q4,window25,orders,risk,17
GD|2014Q1,window25,orders,exposure,13
GD|2015Q2,window25,plants,exposure,14
GD|2016Q2,stem,order,exposure,5
GD|2017Q3,window25,deliveries,risk,15
GD|2023Q1,seeds,supply,shortage,7
GD|2023Q1,hyphen,orders,threat,10
GD|2023Q1,stem,shortage,shortage,0
GD|2024Q4,window25,production,tariffs,11
LMT|2012Q3,window25,customer,uncertain,14
LMT|2013Q2,seeds,customers,threat,2
LMT|2013Q2,hyphen,fleet,risk,8
LMT|2013Q2,stem,customer,threat,2
LMT|2013Q2,window25,ship,uncertain,25
LMT|2013Q4,window25,client,risk,17
LMT|2014Q2,seeds,inventory,risk,3
LMT|2014Q2,stem,plann,risk,1
LMT|2014Q2,window25,production,concern,13
LMT|2024Q3,window25,fleet,threat,12
FDX|2010Q3,window25,freight,volatility,13
FDX|2011Q4,seeds,supply chain,disruptions,1
FDX|2011Q4,stem,supply,supply chain disruption,0
FDX|2011Q4,window25,freight,uncertain,25
FDX|2012Q3,stem,order,risk,2
FDX|2012Q4,window25,freight,volatile,21
FDX|2013Q3,window25,package,uncertain,25
LMT|2016Q3,window25,tracking,risk,17
LMT|2016Q4,stem,plann,risk,1
LMT|2016Q4,window25,deliveries,risk,25
LMT|2017Q3,stem,buy,contingency,7
LMT|2020Q4,seeds,customers,risk,4
LMT|2020Q4,stem,customer,risk,4
LMT|2021Q4,seeds,supply,supply chain disruption,0
LMT|2021Q4,hyphen,ordering,lead time,2
LMT|2021Q4,stem,supply,supply chain disruption,0
LMT|2021Q4,window25,customer,risk,23
LMT|2022Q2,stem,deliver,volatility,5
LMT|2022Q4,seeds,supply chain,disruptions,1
LMT|2022Q4,hyphen,source,single source,0
LMT|2022Q4,stem,supply,supply chain disruption,0
LMT|2022Q4,window25,contractor,risk,20
FDX|2014Q1,stem,forecast,concern,8
FDX|2014Q2,window25,production,risk,11
FDX|2015Q1,window25,sources,risks,18
FDX|2015Q2,seeds,customers,volatility,6
FDX|2015Q2,stem,customer,volatility,6
FDX|2015Q2,window25,freight,volatility,24
FDX|2015Q3,stem,shortage,shortage,0
FDX|2015Q3,window25,shipments,concerns,14
FDX|2015Q4,seeds,inventory,disruptions,1
FDX|2015Q4,stem,inventory,disruption,1
FDX|2016Q1,window25,retailers,capacity constraints,16
R|2016Q2,stem,shortage,shortage,0
R|2016Q4,window25,truck,downside,19
R|2017Q3,seeds,inventory,risk,8
R|2017Q3,stem,shortage,shortage,0
R|2017Q3,window25,trucks,shortage,21
R|2020Q4,seeds,manufacturing,disruption,9
R|2020Q4,stem,forecast,uncertainty,8
R|2020Q4,window25,production,disruption,14
FDX|2024Q1,stem,deliver,disruption,2
FDX|2024Q1,window25,freight,disruption,15
R|2010Q4,seeds,customers,uncertainty,1
R|2010Q4,stem,customer,uncertainty,1
R|2011Q2,stem,shortage,shortage,0
R|2011Q2,window25,component,concerns,11
R|2013Q1,seeds,customers,uncertainty,1
R|2013Q1,stem,customer,uncertainty,1
R|2013Q1,window25,fleet,uncertainty,11
FDX|2016Q3,seeds,customers,concern,5
FDX|2016Q3,stem,customer,concern,5
FDX|2017Q2,stem,delivery,concern,9
FDX|2018Q3,window25,shipper,tariffs,13
FDX|2021Q1,stem,forecast,uncertainty,5
FDX|2021Q1,window25,forecasting,uncertain,22
UNP|2010Q1,stem,inventory,concern,6
UNP|2010Q1,window25,truck,tariffs,12
UNP|2012Q2,seeds,manufacturing,uncertain,8
UNP|2012Q2,stem,manufactur,uncertain,8
UNP|2012Q2,window25,network,risk,12
UNP|2014Q1,window25,materials,risks,13
UNP|2016Q4,window25,materials,risks,13
UNP|2017Q3,window25,customer,uncertainties,19
UNP|2018Q3,seeds,customers,risks,6
UNP|2018Q3,stem,customer,concern,4
UNP|2018Q3,window25,truck,uncertainty,17
UNP|2024Q2,stem,truckload,concern,1
UNP|2024Q2,window25,forecasting,uncertainty,11
LUV|2012Q3,stem,route,concern,4
LUV|2013Q2,stem,forecast,volatile,5
LUV|2013Q2,window25,planning,uncertainty,20
LUV|2013Q4,stem,forecast,disruption,8
LUV|2014Q1,seeds,customers,risk,5
LUV|2014Q1,stem,customer,risk,5
LUV|2015Q1,window25,network,exposure,18
LUV|2022Q4,seeds,customers,disruptions,5
LUV|2022Q4,stem,customer,disruption,5
LUV|2022Q4,window25,customer,disruptions,20
CSX|2012Q3,window25,rail,uncertainties,13
UNP|2024Q4,seeds,customers,disruptions,2
UNP|2024Q4,stem,customer,disruption,2
UNP|2024Q4,window25,forecasting,volatile,13
LUV|2010Q3,window25,production,concern,11
LUV|2010Q4,window25,customer,risk,23
LUV|2018Q1,stem,order,volatility,8
LUV|2018Q1,window25,fleet,volatility,15
LUV|2018Q2,stem,track,risk,9
LUV|2018Q4,stem,order,risk,7
LUV|2020Q3,stem,material,risk,5
LUV|2021Q3,window25,network,uncertainty,23
LUV|2016Q4,window25,delivery,concern,20
LUV|2017Q4,stem,order,volatility,9
CSX|2013Q3,window25,intermodal,concerns,13
CSX|2013Q4,seeds,inventory,volatile,3
CSX|2013Q4,stem,inventory,volatile,3
CSX|2013Q4,window25,intermodal,concern,11
CSX|2014Q1,stem,railroad,concern,5
CSX|2015Q1,stem,railroad,risky,5
CSX|2015Q1,window25,plants,risk,11
CSX|2015Q4,window25,inventories,downside,12
CSX|2016Q1,window25,plants,concern,13
CSX|2017Q3,stem,network,concern,2
CSX|2020Q1,seeds,customers,uncertain,2
CSX|2020Q1,stem,customer,uncertain,2
CSX|2020Q1,window25,truck,disruption,12
CSX|2023Q4,seeds,supply chain,disruptions,1
CSX|2023Q4,stem,supply,supply chain disruption,0
CSX|2024Q2,window25,network,risks,13
NOC|2010Q3,seeds,customers,concerns,4
NOC|2010Q3,stem,customer,concern,4
NOC|2010Q3,window25,production,risk,14
NOC|2012Q2,seeds,customers,risks,5
NOC|2012Q2,stem,customer,risk,5
NOC|2012Q2,window25,planning,contingency,14
NOC|2013Q3,seeds,customers,threat,10
NOC|2013Q3,stem,customer,threat,10
NOC|2013Q3,window25,deliver,disruptions,14
NOC|2013Q4,seeds,customers,uncertainty,2
NOC|2013Q4,stem,customer,uncertainty,2
NOC|2013Q4,window25,backlog,uncertainty,20
NOC|2014Q1,seeds,customers,threat,9
NOC|2014Q1,stem,customer,concern,2
NOC|2016Q4,hyphen,delivery,lead times,9
NOC|2016Q4,stem,material,exposure,7
NOC|2016Q4,window25,deliveries,lead times,17
NOC|2017Q4,stem,material,risk,8
NOC|2018Q2,window25,production,risk,25
NOC|2018Q4,window25,production,risk,19
NOC|2019Q1,seeds,customers,concerns,4
NOC|2019Q1,stem,customer,concern,4
NOC|2019Q1,window25,production,exposure,19
NOC|2019Q3,seeds,customers,threat,3
NOC|2019Q3,stem,customer,threat,3
NOC|2019Q4,seeds,customers,threats,9
NOC|2019Q4,stem,customer,threat,9
NOC|2014Q4,window25,backlog,volatility,13
NOC|2015Q2,window25,customer,risk,24
NOC|2015Q3,seeds,supply,risk,10
NOC|2015Q3,stem,supply,risk,10
NOC|2015Q3,window25,production,concerns,12
NOC|2016Q1,seeds,customers,threat,5
NOC|2016Q1,stem,customer,threat,5
NOC|2016Q1,window25,component,volatility,15
NOC|2016Q2,stem,material,downside,9
NOC|2016Q2,window25,delivering,concerns,23
NOC|2016Q3,seeds,customers,threat,7
NOC|2016Q3,stem,customer,threat,7
ROK|2018Q1,seeds,customers,risks,3
ROK|2018Q1,stem,customer,risk,3
ROK|2018Q1,window25,manufacturers,risks,16
ROK|2018Q2,window25,distributors,concern,19
ROK|2019Q3,seeds,customers,tariffs,5
ROK|2019Q3,stem,customer,tariff,5
ROK|2020Q2,seeds,supply chain,disruption,4
ROK|2020Q2,hyphen,supplier,risk,3
ROK|2020Q2,stem,supply,disruption,4
ROK|2020Q2,window25,components,disruptions,13
ROK|2020Q4,seeds,customers,contingency,4
ROK|2020Q4,stem,customer,contingency,4
ROK|2014Q1,stem,forecast,risk,8
ROK|2014Q4,stem,forecast,risk,8
ROK|2014Q4,window25,backlog,uncertainties,24
ROK|2016Q1,stem,forecast,risk,8
ROK|2016Q1,window25,pipeline,exposure,22
ROK|2016Q2,stem,forecast,risk,8
ROK|2016Q3,stem,shortage,shortage,0
ROK|2016Q3,window25,customer,exposure,21
ROK|2017Q2,window25,source,uncertainty,24
NOC|2021Q2,seeds,supply,bottlenecks,1
NOC|2021Q2,stem,supply,bottleneck,1
NOC|2021Q2,window25,supplier,bottlenecks,11
NOC|2021Q4,seeds,customers,threat,9
NOC|2021Q4,stem,shipp,shipp delay,0
NOC|2021Q4,window25,contractor,exposure,12
ROK|2010Q1,stem,production,concern,7
ROK|2011Q4,seeds,customers,uncertainty,8
ROK|2011Q4,stem,stock,risk,5
ROK|2012Q2,stem,forecast,risk,8
ROK|2012Q4,seeds,customers,uncertainty,2
ROK|2012Q4,stem,customer,uncertainty,2
ROK|2013Q3,stem,forecast,risk,8
ROK|2013Q4,stem,forecast,risk,8
ROK|2013Q4,window25,backlog,risk,14
LHX|2011Q2,stem,material,risk,1
LHX|2014Q1,window25,factories,disruption,11
FSS|2012Q3,seeds,manufacturing,risk,6
FSS|2012Q3,stem,order,risk,6
FSS|2012Q3,window25,production,risk,12
FSS|2013Q3,window25,customer,volatility,16
FSS|2013Q4,stem,order,volatility,1
FSS|2013Q4,window25,delivery,volatile,24
FSS|2014Q3,window25,fleet,risk,14
FSS|2014Q4,stem,order,volatility,1
FSS|2014Q4,window25,shipments,volatility,16
LHX|2018Q4,stem,package,risk,3
LHX|2018Q4,window25,pipeline,risks,12
LHX|2020Q4,window25,tracking,threats,13
LHX|2023Q3,window25,tracking,risks,20
LPX|2011Q1,stem,shortage,shortage,0
LHX|2015Q3,window25,planning,concerns,23
LHX|2015Q4,stem,order,concern,2
LHX|2015Q4,window25,orders,disruption,22
LHX|2017Q1,window25,orders,lead time,11
LHX|2017Q3,stem,order,risk,4
LPX|2018Q2,seeds,supply,shortage,9
LPX|2018Q2,stem,shortage,shortage,0
LPX|2018Q2,window25,planning,shortage,11
LPX|2019Q3,stem,shortage,labor shortage,0
LPX|2023Q3,window25,planning,downside,13
LPX|2023Q4,window25,raw,volatility,22
LPX|2011Q4,stem,raw,concern,1
LPX|2012Q1,stem,channel,concern,9
LPX|2013Q1,stem,shortage,shortage,0
LPX|2013Q1,window25,trucks,bottlenecks,11
LPX|2016Q3,seeds,supply,risk,4
LPX|2016Q3,stem,shortage,shortage,0
LPX|2017Q2,stem,shipp,shipp delay,0
LPX|2017Q4,window25,package,concerns,17
NSC|2011Q4,window25,network,concern,17
NSC|2012Q1,window25,materials,uncertain,18
NSC|2013Q1,stem,stock,concern,10
NSC|2013Q1,window25,intermodal,exposure,16
NSC|2017Q3,stem,customer,concern,1
NSC|2020Q2,seeds,supply,volatile,8
NSC|2020Q2,stem,supply,volatile,8
NSC|2020Q2,window25,pipeline,uncertainty,15
NSC|2021Q1,seeds,supply,supply chain disruption,0
NSC|2021Q1,stem,supply,supply chain disruption,0
NSC|2021Q1,window25,production,uncertainty,11
NSC|2022Q4,seeds,customers,uncertainty,5
NSC|2022Q4,stem,customer,uncertainty,5
NSC|2022Q4,window25,shipments,geopolitical conflict,20
NSC|2023Q2,stem,deliver,disruption,3
NSC|2023Q2,window25,network,risk,22
NSC|2024Q1,seeds,customers,disruption,2
NSC|2024Q1,stem,customer,disruption,2
ALK|2010Q3,window25,fleet,volatility,22
ALK|2022Q3,window25,delivering,uncertain,20
ALK|2023Q1,stem,order,risk,2
MAS|2010Q4,stem,retailer,concern,3
MAS|2011Q2,window25,components,concern,22
ALK|2012Q3,window25,fleet,uncertainty,14
ALK|2014Q2,hyphen,network,risk,8
ALK|2014Q2,stem,stock,concern,3
ALK|2016Q2,stem,forecast,concern,9
ALK|2016Q4,window25,package,risks,24
ALK|2017Q1,seeds,customers,concern,4
ALK|2017Q1,stem,customer,concern,4
ALK|2017Q2,stem,shortage,shortage,0
ALK|2017Q3,window25,network,disruptions,13
ALK|2018Q4,stem,forecast,volatility,3
ALK|2018Q4,window25,network,risk,24
ALK|2019Q3,window25,routes,uncertain,15
ALK|2020Q2,window25,planning,volatile,17
ALK|2020Q4,window25,customer,susceptible,18
ALK|2021Q3,seeds,inventory,disruption,4
ALK|2021Q3,stem,inventory,disruption,4
ALK|2021Q3,window25,deliver,volatile,19
MAS|2012Q4,seeds,customers,uncertain,4
MAS|2012Q4,stem,customer,uncertain,4
MAS|2013Q1,stem,channel,uncertain,8
MAS|2013Q2,stem,order,concern,5
MAS|2017Q1,stem,purchase,tariff,9
MAS|2017Q2,stem,forecast,tariff,4
MAS|2017Q2,window25,deliver,lead time,11
MAS|2022Q3,stem,material,concern,10
MAS|2022Q3,window25,orders,exposure,15
MAS|2023Q2,seeds,supply chain,disruptions,1
MAS|2023Q2,stem,supply,supply chain disruption,0
RRX|2011Q4,stem,customer,concern,4
RRX|2013Q4,seeds,inventory,lead times,2
RRX|2013Q4,stem,inventory,lead time,2
RRX|2013Q4,window25,production,volatile,23
RRX|2014Q1,seeds,manufacturing,lead times,1
RRX|2014Q1,stem,manufactur,lead time,1
RRX|2014Q1,window25,orders,extreme weather,12
RRX|2014Q2,seeds,customers,lead times,7
RRX|2014Q2,stem,order,lead time,5
RRX|2014Q2,window25,deliver,lead time,17
RRX|2014Q3,window25,customer,lead time,17
RRX|2016Q3,stem,material,volatile,6
RRX|2023Q2,seeds,supply,lead times,4
RRX|2023Q2,stem,supply,lead time,4
RRX|2023Q2,window25,orders,exposures,19
WSO|2012Q2,seeds,supply,concerns,2
WSO|2012Q2,stem,supply,concern,2
RRX|2016Q4,stem,order,lead time,8
RRX|2017Q3,seeds,supply chain,disruptions,1
RRX|2017Q3,stem,supply,supply chain disruption,0
RRX|2019Q1,seeds,manufacturing,tariffs,7
RRX|2019Q1,stem,manufactur,tariff,7
RRX|2019Q4,seeds,distribution,uncertainties,5
RRX|2019Q4,stem,channel,uncertainty,6
RRX|2021Q3,seeds,supply chain,disruptions,1
RRX|2021Q3,stem,supply,supply chain disruption,0
RRX|2021Q3,window25,orders,disruptions,18
RRX|2022Q3,seeds,supply,lead times,10
RRX|2022Q3,stem,supply,concern,6
RRX|2022Q3,window25,orders,lead times,18
WSO|2017Q1,seeds,distribution,threat,5
WSO|2017Q1,window25,customer,risk,13
WSO|2017Q3,window25,deliver,disruptions,21
WSO|2019Q1,window25,manufacturers,volatile,13
WSO|2020Q2,window25,vendors,lead time,14
WSO|2024Q3,stem,material,disruption,6
WSO|2024Q3,window25,customer,risk,20
ABM|2013Q3,stem,shortage,shortage,0
ABM|2013Q4,window25,pipeline,risk,20
ABM|2016Q1,window25,component,exposure,11
ABM|2023Q3,stem,forecast,risk,4
AP|2017Q2,seeds,supply,shortage,2
AP|2017Q2,stem,shortage,shortage,0
AP|2017Q2,window25,ship,shortage,24
AP|2018Q4,stem,stock,tariff,2
AP|2018Q4,window25,backlog,uncertain,16
AP|2019Q1,window25,production,tariffs,19
ABM|2017Q2,seeds,customers,volatility,6
ABM|2017Q2,stem,customer,volatility,6
ABM|2017Q2,window25,clients,risk,13
ABM|2017Q3,window25,planning,contingency,24
ABM|2018Q1,stem,outsourc,uncertainty,4
ABM|2018Q1,window25,components,uncertainty,25
ABM|2022Q1,stem,shortage,labor shortage,0
ABM|2023Q2,stem,order,downside,4
ABM|2023Q2,window25,orders,risk,11
AP|2020Q1,window25,orders,disruptions,20
AP|2020Q2,stem,shortage,shortage,0
AP|2022Q4,seeds,transportation,risk,8
AP|2022Q4,window25,materials,risk,11
AP|2023Q2,seeds,supply chain,lead times,1
AP|2023Q2,stem,supply,lead time,2
AP|2023Q4,seeds,supply chain,disruptions,1
AP|2023Q4,stem,supply,supply chain disruption,0
AP|2023Q4,window25,manufacture,lead times,17
AME|2011Q3,seeds,customers,concerns,4
AME|2011Q3,stem,customer,concern,4
AME|2012Q1,stem,order,concern,9
AME|2012Q1,window25,orders,concern,14
AME|2012Q3,stem,customer,concern,3
ATRO|2013Q3,window25,backlog,concern,20
AME|2017Q3,window25,raw,concern,13
AME|2019Q1,seeds,inventory,disruptions,6
AME|2019Q1,stem,inventory,disruption,6
AME|2019Q1,window25,production,exposure,15
AME|2019Q2,seeds,sourcing,tariff,7
AME|2019Q2,stem,sourc,tariff,7
AME|2019Q4,seeds,supply chain,disruptions,1
AME|2019Q4,stem,supply,supply chain disruption,0
AME|2019Q4,window25,backlog,risk,12
AME|2020Q2,window25,delivering,uncertain,17
AME|2016Q2,stem,forecast,risk,6
AME|2016Q3,window25,oem,exposure,15
AME|2016Q4,stem,shortage,shortage,0
AME|2016Q4,window25,pipeline,uncertainty,22
AIR|2016Q1,window25,fleet,risk,12
AIR|2018Q1,window25,distributing,uncertain,18
AIR|2021Q4,stem,shortage,shortage,0
AIR|2021Q4,window25,pipeline,uncertain,16
AME|2023Q2,seeds,supply chain,lead times,8
AME|2023Q2,stem,order,uncertainty,8
AME|2023Q2,window25,ordering,lead times,15
AME|2023Q3,stem,track,concern,3
AME|2024Q1,seeds,supply chain,tariff,10
AME|2024Q1,window25,source,tariffs,16
AIR|2015Q1,stem,forecast,uncertainty,8
ATRO|2018Q3,seeds,customers,concerns,9
ATRO|2018Q3,stem,customer,concern,9
ATRO|2019Q3,window25,purchases,tariff,11
ATRO|2019Q4,seeds,supply,concern,5
ATRO|2019Q4,stem,shortage,shortage,0
ATRO|2019Q4,window25,production,uncertainty,11
ATRO|2022Q3,seeds,supply chain,lead times,9
ATRO|2022Q3,stem,supply,lead time,10
ATRO|2024Q4,seeds,supply,bottleneck,3
ATRO|2024Q4,stem,supply,bottleneck,3
AZZ|2024Q2,seeds,supply,shortage,1
AZZ|2024Q2,stem,shortage,shortage,0
ATRO|2015Q3,stem,backlog,concern,1
ATRO|2016Q4,stem,stock,concern,3
ATRO|2017Q3,window25,oem,disruption,11
AIT|2012Q3,seeds,customers,concerns,7
AIT|2012Q3,stem,customer,concern,7
AIT|2014Q1,seeds,customers,concern,6
AIT|2014Q1,stem,inventory,concern,5
AIT|2014Q4,window25,production,exposure,11
AIT|2017Q4,window25,oems,exposure,17
AIT|2018Q2,seeds,supply chain,lead times,4
AIT|2018Q2,stem,supply,lead time,5
AIT|2020Q3,window25,oem,uncertainty,21
AIT|2020Q4,seeds,supply,supply chain disruption,0
AIT|2020Q4,stem,supply,supply chain disruption,0
AIT|2020Q4,window25,production,uncertainty,15
BRC|2014Q4,window25,manufacturers,concern,25
BRC|2015Q1,seeds,customers,disruption,3
BRC|2015Q1,stem,customer,disruption,3
BRC|2015Q2,seeds,customers,disruption,3
BRC|2015Q2,stem,customer,disruption,3
BRC|2015Q2,window25,inventories,disruption,11
BRC|2017Q4,window25,plants,exposure,12
BRC|2018Q2,seeds,purchasing,uncertainty,8
BRC|2018Q2,stem,purcha,uncertainty,8
AIT|2021Q2,seeds,supply,risk,3
AIT|2021Q2,stem,supply,risk,3
AIT|2021Q2,window25,customer,risk,12
AIT|2022Q2,seeds,supply chain,uncertainties,10
AIT|2022Q2,stem,production,lead time,2
BRC|2012Q2,seeds,customers,uncertainty,6
BRC|2012Q2,stem,customer,uncertainty,6
BRC|2014Q2,stem,distribut,concern,8
BRC|2019Q1,window25,materials,tariffs,11
BRC|2019Q3,window25,overseas,tariffs,13
BRC|2023Q4,window25,delivering,uncertain,16
BRC|2024Q3,window25,deliver,uncertainties,15
AOS|2012Q1,seeds,distribution,concerns,4
AOS|2012Q4,window25,pipeline,exposure,25
AOS|2013Q2,window25,component,volatility,21
AOS|2014Q1,window25,pipeline,concern,22
AOS|2015Q1,seeds,inventory,volatility,6
AOS|2015Q1,stem,inventory,volatility,6
AOS|2015Q2,stem,stock,volatility,2
AOS|2018Q3,stem,forecast,volatility,6
AOS|2018Q3,window25,distributor,tariffs,20
AOS|2018Q4,window25,customer,concerns,24
AOS|2023Q1,seeds,supply chain,disruptions,4
AOS|2023Q1,stem,supply,disruption,5
AOS|2023Q2,seeds,supply chain,disruption,3
AOS|2023Q2,stem,supply,disruption,4
AOS|2023Q3,seeds,supply chain,disruption,3
AOS|2023Q3,stem,supply,disruption,4
AOS|2023Q3,window25,pipeline,uncertainties,21
AOS|2023Q4,seeds,manufacturing,tariff,8
AOS|2023Q4,stem,manufactur,tariff,8
AOS|2023Q4,window25,manufactured,tariffs,15
PRG|2020Q2,seeds,supply,supply chain disruption,0
PRG|2020Q2,stem,supply,supply chain disruption,0
PRG|2020Q2,window25,vendors,disruptions,21
PRG|2021Q1,seeds,supply chain,disruptions,1
PRG|2021Q1,stem,supply,supply chain disruption,0
PRG|2021Q2,window25,deliver,uncertainties,18
PRG|2022Q1,seeds,customers,risky,8
PRG|2022Q1,stem,pipeline,concern,2
PRG|2022Q1,window25,network,risky,11
PRG|2023Q3,seeds,customers,uncertain,2
PRG|2023Q3,stem,customer,uncertain,2
PRG|2024Q2,window25,retailers,risk,11
GT|2010Q2,window25,replenishment,volatility,15
IP|2010Q4,stem,shortage,shortage,0
IP|2011Q2,window25,shipments,exposure,19
IP|2012Q2,seeds,customers,concern,6
IP|2012Q2,stem,customer,concern,6
IP|2012Q3,seeds,inventory,exposure,8
IP|2012Q3,stem,inventory,exposure,8
IP|2012Q3,window25,packaging,downside,19
GT|2012Q2,window25,raw,uncertain,12
GT|2012Q4,window25,inventories,uncertainty,12
GT|2013Q1,window25,deliver,volatile,16
GT|2017Q4,window25,raw,risk,20
GT|2023Q4,stem,forecast,risk,6
GT|2024Q1,window25,retailers,volatility,18
IP|2014Q2,window25,packaging,disruptions,23
IP|2015Q3,seeds,supply,tariffs,2
IP|2015Q3,stem,supply,tariff,2
IP|2015Q3,window25,manufacturer,volatile,19
IP|2015Q4,window25,supplier,volatility,21
IP|2017Q3,seeds,supply,disruptions,1
IP|2017Q3,stem,supply,supply disruption,0
IP|2018Q1,stem,shortage,shortage,0
IP|2018Q1,window25,rail,disruptions,21
IP|2018Q2,stem,shortage,shortage,0
IP|2019Q1,seeds,inventory,tariffs,2
IP|2019Q1,stem,inventory,tariff,2
IP|2019Q1,window25,packaging,uncertainty,12
MCD|2011Q3,window25,deliver,uncertainty,12
MCD|2012Q3,seeds,suppliers,risk,7
MCD|2012Q3,stem,supplier,risk,7
MCD|2012Q4,window25,pipeline,exposure,24
IP|2019Q2,seeds,transportation,disruptions,1
IP|2019Q2,stem,supply,disruption,3
IP|2019Q2,window25,finished,concerns,12
IP|2023Q1,seeds,supply chain,port congestion,4
IP|2023Q1,stem,supply,port congestion,5
IP|2023Q1,window25,orders,volatile,12
IP|2023Q2,seeds,supply,supply chain disruption,0
IP|2023Q2,stem,supply,supply chain disruption,0
IP|2023Q2,window25,delivering,exposure,15
IP|2023Q4,seeds,customers,exposure,10
IP|2023Q4,stem,customer,exposure,10
IP|2023Q4,window25,shipments,exposure,14
IP|2024Q2,seeds,customers,risk,2
IP|2024Q2,stem,customer,risk,2
MCD|2010Q1,seeds,suppliers,risk,8
MCD|2010Q1,stem,supplier,risk,8
MCD|2010Q1,window25,customer,risk,14
MCD|2010Q3,window25,planning,concern,12
MCD|2024Q3,stem,component,concern,4
F|2010Q1,stem,raw,concern,5
F|2011Q2,seeds,supply,disruptions,2
F|2011Q2,stem,supply,disruption,2
MCD|2013Q3,window25,customer,uncertain,19
MCD|2015Q4,seeds,purchasing,uncertainties,4
MCD|2015Q4,stem,purcha,uncertainty,4
F|2012Q1,window25,freight,capacity constraint,20
F|2013Q1,window25,planning,trade restrictions,16
F|2013Q3,window25,production,risk,18
F|2015Q2,stem,order,lead time,2
F|2015Q2,window25,production,lead times,24
MCD|2021Q2,stem,shortage,labor shortage,0
MCD|2021Q2,window25,manufactured,shortage,20
MCD|2022Q1,hyphen,customer,risk,6
MCD|2022Q3,window25,customer,volatile,20
MCD|2022Q4,stem,deliver,volatility,9
MCD|2016Q1,seeds,purchasing,uncertainties,4
MCD|2016Q1,stem,purcha,uncertainty,4
MCD|2016Q1,window25,delivery,uncertainties,21
MCD|2018Q1,seeds,customers,concern,6
MCD|2018Q1,stem,customer,concern,6
MCD|2019Q3,window25,finished,disruption,19
TM|2021Q2,seeds,supply chain,concerns,5
TM|2021Q2,stem,supply,concern,6
TM|2021Q2,window25,production,concerns,12
HMC|2012Q4,seeds,supply chain,disruptions,1
HMC|2012Q4,stem,supply,supply chain disruption,0
HMC|2012Q4,window25,retail,natural disasters,21
HMC|2013Q1,stem,order,risk,7
HMC|2013Q2,stem,order,risk,7
HMC|2013Q3,seeds,supply,natural disasters,3
HMC|2013Q3,stem,supply,natural disaster,3
F|2016Q1,window25,trucks,risk,18
F|2017Q4,window25,purchases,exposures,13
F|2018Q4,stem,deliver,risk,7
F|2018Q4,window25,planning,risk,24
F|2019Q1,window25,trucks,uncertain,13
F|2023Q3,seeds,suppliers,disruptions,5
F|2023Q3,hyphen,customer,uncertainties,9
F|2023Q3,stem,supplier,disruption,5
F|2023Q3,window25,deliver,uncertainty,18
F|2023Q4,seeds,customers,uncertain,2
F|2023Q4,stem,customer,uncertain,2
TM|2010Q3,seeds,customers,concerns,3
TM|2010Q3,stem,customer,concern,3
TM|2010Q3,window25,delivery,concerns,16
TM|2014Q2,stem,material,concern,6
TM|2014Q3,stem,material,concern,6
TM|2019Q1,stem,production,concern,6
HD|2011Q2,stem,forecast,risk,3
HD|2012Q1,seeds,inventory,concern,3
HD|2012Q1,stem,inventory,concern,3
HD|2012Q2,stem,forecast,uncertain,9
NKE|2018Q4,window25,forecasting,volatility,12
NKE|2019Q1,window25,retail,disruption,11
NKE|2019Q4,seeds,manufacturing,exposure,1
NKE|2019Q4,stem,manufactur,exposure,1
NKE|2019Q4,window25,source,exposure,22
NKE|2020Q3,stem,supply,concern,1
NKE|2020Q3,window25,planning,uncertainty,13
NKE|2021Q4,seeds,supply,supply chain disruption,0
NKE|2021Q4,stem,supply,supply chain disruption,0
NKE|2023Q2,seeds,supply,lead times,3
NKE|2023Q2,stem,supply,lead time,3
NKE|2023Q2,window25,source,risk,14
HD|2012Q3,seeds,customers,threat,7
HD|2012Q3,stem,customer,threat,7
HD|2015Q4,seeds,customers,lead times,3
HD|2015Q4,stem,customer,lead time,3
HD|2015Q4,window25,shipping,risk,13
HD|2016Q2,seeds,inventory,lead times,9
HD|2016Q2,stem,inventory,lead time,9
HD|2017Q3,seeds,supply,natural disasters,4
HD|2017Q3,stem,supply,natural disaster,4
HD|2017Q3,window25,supplier,natural disasters,12
HD|2017Q4,seeds,supply,shortage,9
HD|2017Q4,stem,shortage,shortage,0
BC|2013Q1,stem,pipeline,concern,5
BC|2013Q3,seeds,customers,uncertainties,10
BC|2013Q3,stem,customer,uncertainty,10
BC|2014Q2,stem,order,concern,10
BC|2015Q2,stem,material,exposure,1
BC|2015Q2,window25,retail,concerns,11
BC|2015Q3,seeds,supply,concern,5
BC|2015Q3,stem,material,exposure,1
HD|2021Q1,seeds,supply,disruptions,3
HD|2021Q1,stem,shortage,shortage,0
HD|2021Q1,window25,vendors,port congestion,16
HD|2022Q2,seeds,supply,supply chain disruption,0
HD|2022Q2,stem,supply,supply chain disruption,0
HD|2023Q2,seeds,supply chain,lead times,2
HD|2023Q2,stem,supply,lead time,3
HD|2023Q2,window25,customer,uncertain,16
HD|2023Q4,stem,shortage,shortage,0
HD|2023Q4,window25,source,shortage,24
HD|2024Q4,stem,shortage,shortage,0
BC|2010Q1,stem,purchase,downside,7
BC|2010Q2,stem,buyer,concern,1
BC|2010Q2,window25,retail,downside,14
BC|2010Q3,window25,overseas,concerns,12
BC|2011Q2,stem,shortage,shortage,0
BC|2011Q2,window25,production,disruptions,12
BC|2012Q3,window25,backlog,bottlenecks,13
BC|2015Q4,stem,material,exposure,1
BC|2017Q3,seeds,manufacturing,disruptions,1
BC|2017Q3,stem,manufactur,disruption,1
BC|2017Q3,window25,ship,concerns,12
BC|2019Q2,seeds,supply,supply disruption,0
BC|2019Q2,stem,supply,supply disruption,0
BC|2019Q2,window25,shipped,disruption,16
BC|2024Q3,window25,retail,risks,14
BC|2024Q4,seeds,inventory,tariff,3
BC|2024Q4,stem,forecast,risk,1
BC|2024Q4,window25,production,tariffs,19
SKY|2019Q3,seeds,purchasing,risk,5
SKY|2019Q3,stem,purcha,risk,5
SKY|2019Q3,window25,plants,risk,15
SKY|2019Q4,seeds,purchasing,risk,5
SKY|2019Q4,stem,shortage,shortage,0
SKY|2019Q4,window25,plants,risk,13
SKY|2020Q2,stem,channel,concern,9
SKY|2020Q3,stem,shortage,shortage,0
SKY|2020Q3,window25,plants,susceptible,13
MAT|2010Q1,seeds,supply,concern,3
MAT|2010Q1,stem,supply,concern,3
MAT|2010Q2,stem,supply,concern,2
MAT|2011Q3,window25,inventories,volatility,13
MAT|2012Q3,window25,retail,volatility,17
MAT|2014Q1,window25,deliver,volatility,24
MAT|2014Q2,stem,distributor,concern,3
MAT|2015Q3,window25,overseas,volatility,16
MAT|2015Q4,window25,shipping,volatility,24
MAT|2024Q1,seeds,manufacturing,exposures,5
MAT|2024Q1,stem,manufactur,concern,1
GPC|2010Q1,seeds,customers,exposure,9
GPC|2010Q1,stem,customer,exposure,9
GPC|2010Q3,seeds,customers,exposure,9
GPC|2010Q3,stem,customer,exposure,9
GPC|2012Q4,seeds,customers,uncertainty,8
GPC|2012Q4,stem,customer,uncertainty,8
GPC|2012Q4,window25,freight,uncertainty,11
GPC|2013Q1,window25,customer,uncertainty,18
MAT|2020Q4,hyphen,retail,disruptions,2
MAT|2020Q4,window25,retail,disruption,18
MAT|2022Q1,seeds,supply,supply chain disruption,0
MAT|2022Q1,stem,supply,supply chain disruption,0
MAT|2022Q2,seeds,supply,supply chain disruption,0
MAT|2022Q2,stem,supply,supply chain disruption,0
WHR|2012Q4,seeds,inventory,uncertainty,5
WHR|2012Q4,stem,inventory,uncertainty,5
WHR|2012Q4,window25,retailers,concerns,15
WHR|2013Q2,window25,tracking,volatility,24
WHR|2013Q4,window25,raw,volatility,15
WHR|2015Q1,window25,production,volatility,19
GPC|2016Q3,stem,shortage,shortage,0
GPC|2018Q1,window25,merchandise,concerns,11
GPC|2020Q3,stem,forecast,uncertainty,4
GPC|2015Q1,seeds,supply,supply chain disruption,0
GPC|2015Q1,stem,supply,supply chain disruption,0
GPC|2015Q3,stem,channel,volatility,2
GPC|2021Q3,seeds,supply chain,disruptions,1
GPC|2021Q3,stem,supply,supply chain disruption,0
GPC|2022Q2,seeds,supply chain,disruptions,1
GPC|2022Q2,stem,supply,supply chain disruption,0
GPC|2024Q3,seeds,customers,uncertainty,4
GPC|2024Q3,stem,customer,uncertainty,4
WHR|2010Q4,stem,manufacturer,concern,4
WHR|2010Q4,window25,manufacturers,concerns,11
WHR|2016Q1,window25,pipeline,tariffs,14
WHR|2019Q2,window25,deliver,uncertainties,13
WHR|2023Q1,seeds,supply chain,disruptions,1
WHR|2023Q1,hyphen,components,risk,3
WHR|2023Q1,stem,supply,supply chain disruption,0
WHR|2023Q1,window25,delivering,concerns,13
WHR|2023Q2,stem,shortage,shortage,0
WHR|2023Q2,window25,shipments,uncertainties,13
WHR|2023Q3,seeds,supply chain,disruptions,1
WHR|2023Q3,hyphen,supplier,risk,2
WHR|2023Q3,stem,shortage,shortage,0
WHR|2023Q3,window25,deliver,disruptions,18
CASY|2012Q4,window25,delivery,concern,22
CASY|2014Q4,window25,retailers,threat,21
CASY|2016Q4,stem,delivery,concern,6
CASY|2018Q1,seeds,supply,supply disruption,0
CASY|2018Q1,stem,supply,supply disruption,0
CASY|2018Q1,window25,retail,volatility,11
CASY|2019Q2,stem,purchase,concern,8
CASY|2019Q2,window25,customer,concern,18
CASY|2020Q1,window25,retail,downside,19
CASY|2020Q4,seeds,supply,demand shock,4
CASY|2020Q4,stem,supply,demand shock,4
CASY|2020Q4,window25,deliveries,volatility,24
CASY|2021Q1,seeds,procurement,volatile,8
AVY|2012Q4,window25,retailers,uncertainty,12
AVY|2013Q1,window25,retailers,uncertainty,14
AVY|2014Q1,seeds,manufacturing,extreme weather,10
AVY|2014Q1,stem,raw,concern,1
AVY|2014Q1,window25,customer,disruption,13
AVY|2014Q2,window25,customer,volatility,16
AVY|2015Q3,seeds,customers,disruption,2
AVY|2015Q3,stem,customer,disruption,2
AVY|2015Q3,window25,shipments,lead times,15
AVY|2016Q1,seeds,manufacturing,jeopardy,6
AVY|2016Q1,stem,manufactur,jeopardy,6
AVY|2016Q1,window25,customer,jeopardy,14
AVY|2016Q3,window25,materials,exposure,11
CASY|2021Q2,window25,retail,disruption,16
CASY|2021Q3,window25,fleet,disruption,15
CASY|2023Q2,seeds,procurement,volatile,10
CASY|2023Q2,window25,customer,volatile,16
CASY|2023Q3,window25,buying,volatility,23
CASY|2024Q2,stem,forecast,volatile,5
AVY|2010Q1,window25,raw,concerns,22
AVY|2011Q2,stem,material,uncertain,7
AVY|2011Q2,window25,ordering,uncertain,15
AVY|2018Q2,seeds,customers,exposure,4
AVY|2018Q2,stem,customer,exposure,4
AVY|2018Q2,window25,manufacture,disruption,15
AVY|2022Q3,seeds,supply chain,volatility,1
AVY|2022Q3,stem,order,lead time,1
AVY|2022Q3,window25,inventories,lead times,11
BALL|2010Q2,window25,retailer,concern,21
BALL|2010Q3,seeds,customers,concerns,3
BALL|2010Q3,stem,plant,concern,3
BALL|2011Q1,hyphen,supplier,concern,7
BALL|2011Q4,seeds,manufacturing,risks,1
BALL|2011Q4,stem,manufactur,risk,1
BALL|2011Q4,window25,distributed,risks,18
BALL|2012Q4,stem,material,concern,9
BALL|2013Q1,stem,plann,concern,10
BALL|2013Q1,window25,customer,uncertainty,20
BALL|2015Q1,window25,customer,uncertainty,14
BALL|2015Q2,stem,purchase,disruption,10
BALL|2015Q3,seeds,customers,uncertainty,10
BALL|2015Q3,stem,purchase,disruption,10
BALL|2015Q4,stem,purchase,disruption,10
BALL|2016Q2,window25,component,hazard,11
BALL|2016Q4,window25,inventories,volatility,25
BALL|2017Q1,stem,shortage,shortage,0
BALL|2017Q3,seeds,customers,downside,5
BALL|2017Q3,stem,buy,risk,3
BALL|2017Q3,window25,freight,risk,11
BALL|2018Q4,seeds,customers,tariff,7
BALL|2018Q4,stem,forecast,downside,5
BALL|2018Q4,window25,deliver,tariff,12
BALL|2019Q3,window25,plants,volatility,20
BALL|2019Q4,seeds,customers,disruption,8
BALL|2019Q4,stem,customer,disruption,8
BALL|2019Q4,window25,delivery,disruption,14
BALL|2020Q3,stem,inventory,concern,4
BALL|2020Q3,window25,freight,exposure,20
BALL|2022Q3,seeds,customers,volatile,7
BALL|2022Q3,stem,customer,volatile,7
CBRL|2012Q2,seeds,supply,concerns,8
CBRL|2012Q2,stem,supply,concern,8
CBRL|2012Q4,seeds,supply,concern,9
CBRL|2012Q4,stem,supply,concern,9
CBRL|2013Q2,window25,production,volatility,15
CBRL|2016Q3,stem,retail,concern,3
CBRL|2016Q3,window25,retail,uncertainty,14
CBRL|2017Q2,window25,pipeline,disruption,15
CBRL|2017Q4,window25,retail,risk,14
CBRL|2020Q1,window25,vendors,tariffs,15
CBRL|2020Q4,seeds,supply chain,disruptions,1
CBRL|2020Q4,stem,supply,supply chain disruption,0
CBRL|2021Q2,window25,retailers,uncertainty,13
CBRL|2023Q1,seeds,supply,risks,3
CBRL|2023Q1,stem,supply,risk,3
CAL|2012Q4,window25,wholesale,risk,20
CAL|2013Q3,window25,retail,concerns,12
CAL|2013Q4,seeds,inventory,risks,4
CAL|2013Q4,stem,order,concern,2
CAL|2014Q1,seeds,inventory,jeopardy,3
CAL|2014Q1,stem,inventory,jeopardy,3
CAL|2014Q1,window25,wholesale,risk,12
CAL|2014Q3,stem,plann,uncertainty,7
CAL|2015Q1,stem,inventory,concern,3
CAL|2016Q2,stem,customer,concern,7
CAL|2017Q1,stem,plann,concern,5
CAL|2021Q4,seeds,supply chain,disruptions,1
CAL|2021Q4,stem,supply,supply chain disruption,0
CAL|2021Q4,window25,deliver,uncertain,11
CAL|2023Q2,seeds,inventory,uncertain,4
CAL|2023Q2,stem,inventory,uncertain,4
CAL|2024Q2,window25,wholesale,concern,25
CAL|2019Q4,seeds,supply chain,disruptions,1
CAL|2019Q4,stem,supply,supply chain disruption,0
CAL|2019Q4,window25,retail,uncertainty,12
CAL|2020Q3,window25,fulfill,uncertainty,21
CAL|2020Q4,seeds,supply,supply chain disruption,0
CAL|2020Q4,stem,supply,supply chain disruption,0
CAL|2020Q4,window25,fulfill,risk,14
CAL|2021Q1,window25,deliver,uncertain,16
CAL|2024Q3,seeds,sourcing,tariffs,2
CAL|2024Q3,stem,sourc,tariff,2
CAL|2024Q3,window25,source,tariff,12
WGO|2012Q2,stem,finish,concern,3
WGO|2014Q1,stem,order,concern,1
WGO|2016Q2,window25,ship,disruption,20
WGO|2017Q1,window25,ship,capacity constraint,13
WGO|2019Q2,seeds,inventory,concerns,1
WGO|2019Q2,hyphen,supplier,capacity constraints,7
WGO|2019Q2,stem,inventory,concern,1
WGO|2019Q2,window25,retail,tariffs,18
CCK|2013Q1,stem,supply,concern,2
CCK|2013Q4,seeds,supply,peril,6
CCK|2013Q4,stem,supply,peril,6
CCK|2014Q4,window25,packaging,concerns,14
CCK|2015Q3,window25,plants,disruptions,13
WWW|2014Q4,stem,order,risk,5
WWW|2014Q4,window25,shipments,risk,16
WWW|2015Q1,seeds,distribution,risk,3
WWW|2017Q4,seeds,supply chain,lead times,5
WWW|2017Q4,stem,supply,lead time,6
WWW|2019Q1,seeds,inventory,tariff,10
WWW|2019Q1,stem,inventory,tariff,10
WWW|2020Q2,seeds,inventory,risk,6
WWW|2020Q2,stem,order,risk,3
WWW|2020Q2,window25,wholesale,downside,18
WWW|2021Q1,seeds,logistics,capacity constraints,6
WWW|2021Q1,stem,inventory,bottleneck,9
WWW|2021Q1,window25,rail,port congestion,12
WWW|2023Q1,seeds,supply chain,disruptions,1
WWW|2023Q1,stem,supply,supply chain disruption,0
WWW|2024Q1,window25,pipeline,disruption,11
WWW|2024Q4,seeds,supply,supply chain disruption,0
WWW|2024Q4,stem,supply,supply chain disruption,0
WWW|2024Q4,window25,wholesale,supply chain disruption,22
CCK|2011Q4,window25,packaging,volatility,16
CCK|2012Q1,stem,supply,concern,2
CCK|2012Q2,stem,customer,concern,3
CCK|2012Q2,window25,production,uncertainty,25
CCK|2016Q1,seeds,customers,risk,6
CCK|2016Q1,stem,customer,risk,6
CCK|2016Q4,window25,production,volatility,22
CCK|2017Q1,seeds,customers,volatility,9
CCK|2017Q1,stem,customer,volatility,9
CCK|2017Q2,window25,buying,concern,17
CCK|2017Q3,window25,supplier,exposure,19
CCK|2018Q3,stem,shortage,shortage,0
CCK|2021Q1,window25,assemble,concerns,14
CCK|2022Q2,seeds,supply chain,disruptions,3
CCK|2022Q2,stem,forecast,risk,3
CCK|2022Q2,window25,backlog,concern,11
CCK|2022Q4,stem,customer,concern,2
CCK|2023Q2,seeds,inventory,risk,2
CCK|2023Q2,stem,inventory,risk,2
CCK|2023Q2,window25,inventories,risk,21
CCK|2023Q3,seeds,customers,risk,6
CCK|2023Q3,stem,customer,risk,6
CCK|2023Q4,window25,ships,risk,11
CCK|2024Q3,seeds,customers,risk,8
CCK|2024Q3,stem,track,volatile,6
CCK|2024Q4,seeds,customers,tariffs,5
CCK|2024Q4,stem,shortage,shortage,0
CCK|2024Q4,window25,manufacturers,tariffs,18
HAS|2024Q1,hyphen,sourced,exposure,8
HAS|2024Q2,window25,shipments,volatility,12
BBY|2010Q2,stem,buy,risk,9
BBY|2010Q3,stem,track,concern,7
BBY|2010Q4,stem,buy,risk,9
BBY|2010Q4,window25,retailers,risk,18
BBY|2015Q3,seeds,supply,supply chain disruption,0
BBY|2015Q3,stem,supply,supply chain disruption,0
BBY|2015Q3,window25,customer,uncertainty,23
BBY|2016Q1,window25,customer,disruption,19
BBY|2017Q3,stem,shipp,shipp delay,0
BBY|2011Q3,seeds,inventory,risk,7
BBY|2011Q3,stem,inventory,risk,7
BBY|2011Q4,stem,buy,risk,9
BBY|2012Q3,stem,buy,risk,9
BBY|2013Q1,stem,buy,risk,9
BBY|2013Q3,seeds,inventory,concern,9
BBY|2013Q3,stem,buy,risk,9
BBY|2014Q1,window25,retail,disruptions,16
BBY|2014Q3,seeds,inventory,risk,6
BBY|2014Q3,stem,customer,concern,5
BBY|2014Q3,window25,customer,risk,14
BBY|2015Q2,seeds,inventory,uncertain,4
BBY|2015Q2,stem,inventory,uncertain,4
BBY|2015Q2,window25,purchased,exposure,18
BBY|2018Q1,stem,buy,concern,6
BBY|2019Q3,seeds,transportation,tariffs,5
BBY|2019Q3,stem,customer,volatility,8
BBY|2019Q3,window25,vendors,tariffs,18
BBY|2021Q1,seeds,customers,uncertain,8
BBY|2021Q1,stem,material,disruption,1
BBY|2021Q1,window25,planning,uncertainty,14
BBY|2021Q2,seeds,inventory,risk,9
BBY|2021Q2,stem,deliver,uncertain,8
BBY|2021Q2,window25,customer,risk,12
BBY|2022Q2,seeds,transportation,disruptions,1
HAS|2017Q4,seeds,inventory,risk,2
HAS|2017Q4,hyphen,retailers,risk,3
HAS|2017Q4,stem,inventory,risk,2
HAS|2017Q4,window25,customer,contingency,12
HAS|2019Q1,window25,shipped,downside,15
HAS|2020Q3,stem,supply,concern,10
HAS|2020Q3,window25,manufacture,concern,15
HAS|2021Q2,window25,delivery,port congestion,19
HAS|2021Q4,seeds,supply,supply chain disruption,0
HAS|2021Q4,stem,supply,supply chain disruption,0
HAS|2021Q4,window25,fleet,lead times,14
HAS|2022Q4,seeds,supply chain,disruptions,1
HAS|2022Q4,stem,supply,supply chain disruption,0
HAS|2022Q4,window25,retailers,shortage,20
BBY|2022Q3,seeds,supply,disruptions,2
BBY|2022Q3,stem,supply,disruption,2
BBY|2022Q3,window25,planning,disruptions,12
BBY|2022Q4,seeds,transportation,uncertainty,2
BBY|2022Q4,stem,supply,uncertainty,5
BBY|2023Q4,stem,track,volatile,7
BBY|2023Q4,window25,retailer,volatile,19
BBY|2024Q1,stem,track,volatile,7
BBY|2024Q1,window25,vendors,volatile,14
SON|2011Q3,seeds,customers,volatility,3
SON|2011Q3,stem,customer,volatility,3
SON|2011Q4,seeds,customers,lead time,9
SON|2011Q4,stem,customer,lead time,9
SON|2012Q3,seeds,customers,exposure,3
SON|2012Q3,stem,customer,exposure,3
SON|2013Q2,stem,material,volatile,5
SON|2014Q4,window25,supplier,exposure,17
SON|2024Q1,seeds,supply,uncertainties,5
SON|2024Q1,stem,supply,uncertainty,5
SON|2024Q3,seeds,supply chain,disruptions,1
SON|2024Q3,stem,supply,supply chain disruption,0
SON|2024Q3,window25,production,disruptions,17
SON|2024Q4,seeds,supply,tariffs,10
SON|2024Q4,stem,purcha,concern,6
VFC|2011Q3,window25,retail,volatility,12
VFC|2012Q3,window25,channels,uncertainty,20
VFC|2012Q4,window25,retail,uncertain,24
SON|2019Q1,window25,retail,tariffs,12
SON|2020Q3,window25,customer,disruptions,11
SON|2020Q4,window25,customer,risk,14
SON|2021Q4,seeds,supply chain,disruptions,1
SON|2021Q4,stem,supply,supply chain disruption,0
SON|2021Q4,window25,retail,disruptions,12
SON|2022Q4,seeds,supply chain,disruptions,3
SON|2022Q4,stem,forecast,volatility,3
SON|2022Q4,window25,customer,volatile,21
SON|2023Q3,seeds,supply,tariffs,4
SON|2023Q3,stem,supply,tariff,4
SON|2023Q4,window25,packaging,risk,14
SON|2017Q1,window25,production,exposure,15
SON|2017Q4,stem,stock,volatility,2
SON|2017Q4,window25,customer,volatility,20
SON|2018Q1,window25,component,volatility,11
BBWI|2014Q4,seeds,inventory,lead time,9
BBWI|2014Q4,stem,inventory,lead time,9
BBWI|2015Q1,window25,merchandise,lead times,18
BBWI|2016Q1,stem,inventory,concern,3
BBWI|2017Q3,window25,customer,lead times,11
VFC|2019Q3,window25,plants,disruptions,14
VFC|2020Q2,seeds,inventory,tariffs,8
VFC|2020Q2,stem,inventory,concern,2
BBWI|2010Q1,seeds,sourcing,lead times,9
BBWI|2010Q1,stem,sourc,lead time,9
BBWI|2011Q2,window25,planning,downside,13
BBWI|2012Q1,stem,retail,concern,8
BBWI|2013Q3,window25,vendors,lead times,23
BBWI|2014Q2,seeds,supply,lead times,3
BBWI|2014Q2,stem,supply,lead time,3
VFC|2013Q3,stem,supply,concern,4
VFC|2013Q3,window25,pipeline,volatility,16
VFC|2014Q2,stem,channel,exposure,4
VFC|2014Q2,window25,factories,risk,11
VFC|2015Q1,seeds,inventory,lead times,5
VFC|2015Q1,stem,inventory,concern,3
VFC|2016Q1,stem,channel,exposure,8
VFC|2016Q1,window25,production,exposure,12
VFC|2016Q2,window25,wholesale,concerns,11
BBWI|2019Q1,window25,buying,tariff,20
BBWI|2019Q4,seeds,supply,tariffs,9
BBWI|2019Q4,stem,supply,tariff,9
BBWI|2019Q4,window25,planning,exposure,17
BBWI|2020Q2,window25,networks,concern,14
BBWI|2021Q1,window25,retail,exposure,17
BBWI|2022Q3,window25,materials,volatile,11
BBWI|2022Q4,stem,forecast,uncertainty,4
BBWI|2024Q1,stem,customer,concern,2
PHM|2010Q2,stem,shortage,shortage,0
PHM|2010Q3,window25,buyers,uncertainty,12
PHM|2010Q4,window25,pipeline,risk,13
PHM|2011Q3,window25,buying,concerns,16
PHM|2012Q4,hyphen,deliver,risk,9
PHM|2013Q2,seeds,inventory,risk,9
PHM|2013Q2,stem,inventory,risk,9
PHM|2013Q2,window25,buyers,risk,25
PHM|2013Q3,stem,buyer,uncertainty,1
PHM|2013Q3,window25,buyers,uncertainty,20
PHM|2014Q1,stem,deliver,volatility,9
PHM|2017Q3,window25,buyers,disruptions,14
PHM|2017Q4,window25,pipeline,risk,20
PHM|2018Q3,seeds,inventory,shortage,2
PHM|2018Q3,stem,shortage,shortage,0
PHM|2018Q3,window25,delivering,risk,11
PHM|2022Q3,window25,pipeline,concern,24
PHM|2023Q1,stem,shortage,shortage,0
PHM|2023Q1,window25,buyers,volatility,25
PHM|2024Q4,seeds,supply chain,disruptions,1
PHM|2024Q4,stem,shortage,shortage,0
PHM|2024Q4,window25,deliver,risk,17
GCO|2013Q1,seeds,inventory,risk,6
GCO|2013Q1,stem,stock,stockout,4
GCO|2013Q1,window25,fulfill,stockouts,11
GCO|2013Q2,stem,inventory,concern,6
GCO|2013Q4,seeds,inventory,risk,9
GCO|2013Q4,stem,inventory,concern,2
GCO|2014Q4,seeds,manufacturing,disruptions,1
GCO|2014Q4,stem,manufactur,disruption,1
GCO|2014Q4,window25,inventories,risk,15
GCO|2018Q1,window25,planning,volatility,19
GCO|2019Q2,window25,retail,risk,11
GCO|2019Q3,seeds,inventory,tariff,9
GCO|2019Q3,stem,buy,tariff,5
GCO|2019Q4,stem,deliver,uncertainty,4
GCO|2021Q1,seeds,inventory,risk,6
GCO|2021Q1,stem,inventory,risk,6
GCO|2021Q1,window25,customer,uncertainty,11
GCO|2021Q4,seeds,supply chain,disruptions,1
GCO|2021Q4,stem,supply,supply chain disruption,0
GCO|2021Q4,window25,retail,disruption,15
LOW|2010Q4,seeds,manufacturing,uncertainty,9
LOW|2010Q4,stem,manufactur,uncertainty,9
LOW|2010Q4,window25,materials,uncertainty,14
LOW|2011Q3,window25,channels,disruption,18
LOW|2012Q2,window25,delivering,disruption,17
LOW|2013Q1,stem,stock,disruption,3
GCO|2015Q3,window25,planning,exposure,19
GCO|2016Q1,window25,retail,risky,11
GCO|2016Q2,window25,retailers,uncertainties,23
GCO|2016Q3,stem,stock,volatility,3
GCO|2016Q3,window25,wholesale,volatility,18
GCO|2017Q2,stem,buy,lead time,2
LOW|2016Q2,seeds,customers,disruption,2
LOW|2016Q2,stem,customer,disruption,2
LOW|2016Q2,window25,customer,disruption,20
LOW|2021Q1,seeds,supply,disruptions,1
LOW|2021Q1,stem,supply,supply disruption,0
LOW|2021Q4,seeds,supply chain,disruptions,1
LOW|2021Q4,stem,supply,supply chain disruption,0
LOW|2021Q4,window25,customer,concerns,11
LOW|2023Q2,seeds,customers,theft,8
LOW|2023Q2,stem,customer,theft,8
LOW|2023Q2,window25,purchased,theft,20
LOW|2023Q4,window25,purchases,extreme weather,25
LOW|2024Q2,window25,merchandising,downside,22
ARKR|2017Q4,window25,finished,extreme weather,12
ARKR|2022Q1,seeds,supply chain,disruptions,1
ARKR|2022Q1,stem,supply,supply chain disruption,0
ARKR|2023Q1,stem,stock,volatility,8
ARKR|2023Q2,seeds,customers,concerns,3
ARKR|2023Q2,stem,customer,concern,2
ARKR|2023Q2,window25,customer,concern,15
ARKR|2023Q4,stem,stock,volatility,2
ARKR|2024Q3,seeds,customers,concerns,10
ARKR|2024Q3,stem,customer,concern,10
ARKR|2019Q4,stem,delivery,concern,2
ARKR|2020Q2,window25,customer,jeopardy,19
ARKR|2021Q2,stem,shortage,shortage,0
LOW|2017Q3,seeds,customers,natural disasters,10
LOW|2017Q3,stem,deliver,natural disaster,9
LOW|2017Q3,window25,vendor,natural disaster,18
LOW|2019Q1,window25,retail,disruption,13
LOW|2019Q2,seeds,inventory,risk,3
LOW|2019Q2,stem,inventory,risk,3
LOW|2019Q2,window25,deliver,risk,24
LOW|2019Q3,seeds,supply,tariff,4
LOW|2019Q3,stem,track,risk,4
LOW|2019Q3,window25,forecasting,tariffs,18
ROST|2011Q1,seeds,distribution,shortage,8
ROST|2011Q1,stem,shortage,shortage,0
ROST|2011Q1,window25,merchandise,shortage,11
ROST|2012Q1,window25,buying,risky,20
ROST|2012Q2,stem,shortage,shortage,0
ROST|2016Q1,window25,components,concerns,18
ROST|2020Q1,seeds,inventory,risk,6
ROST|2020Q1,stem,inventory,risk,6
ROST|2020Q1,window25,freight,uncertain,15
ROST|2020Q4,seeds,inventory,uncertainty,5
ROST|2020Q4,stem,plann,uncertainty,3
ROST|2020Q4,window25,planning,disruptions,15
ROST|2021Q1,window25,merchandise,disruptions,24
ROST|2022Q1,seeds,customers,susceptible,6
ROST|2022Q1,stem,customer,susceptible,6
ROST|2022Q1,window25,retailers,exposure,14
ROST|2022Q3,window25,delivering,uncertain,21
ROST|2022Q4,seeds,supply chain,disruptions,1
ROST|2022Q4,stem,supply,supply chain disruption,0
ROST|2022Q4,window25,planning,uncertain,13
ROST|2024Q1,stem,vendor,concern,4
ROST|2024Q1,window25,customer,uncertainty,13
HRB|2010Q1,window25,clients,concerns,20
HRB|2011Q4,window25,clients,exposure,11
HRB|2012Q1,window25,clients,uncertainty,16
HRB|2012Q3,hyphen,clients,risk,2
HRB|2020Q4,window25,clients,uncertain,18
HRB|2022Q1,stem,material,risk,1
HRB|2022Q2,stem,material,risk,1
HRB|2022Q3,stem,material,risk,1
HRB|2022Q4,stem,material,risk,1
HRB|2020Q1,stem,buy,volatility,2
HRB|2023Q1,stem,material,risk,1
HRB|2023Q2,stem,material,risk,1
HRB|2023Q3,stem,material,risk,1
HRB|2024Q1,stem,material,risk,1
HRB|2024Q3,stem,material,risk,1
HRB|2024Q4,stem,material,risk,1
FUN|2010Q2,window25,components,risk,22
HRB|2016Q1,window25,fulfill,contingency,16
HRB|2016Q3,window25,delivering,theft,11
FUN|2013Q4,seeds,customers,uncertainty,1
FUN|2013Q4,stem,customer,uncertainty,1
FUN|2015Q1,window25,delivery,threats,14
FUN|2015Q4,stem,track,concern,3
FUN|2016Q2,window25,deliver,risk,14
FUN|2018Q2,stem,customer,risk,2
FUN|2018Q4,seeds,distribution,risk,3
FUN|2019Q3,window25,buying,disruptions,19
PVH|2020Q3,seeds,inventory,uncertain,4
PVH|2020Q3,stem,inventory,uncertain,4
PVH|2020Q3,window25,inventories,capacity constraints,21
SCI|2010Q2,window25,production,volatility,12
FUN|2022Q2,stem,track,disruption,10
FUN|2023Q4,stem,track,disruption,7
FUN|2023Q4,window25,channels,disruptions,20
FUN|2024Q1,stem,channel,disruption,6
PVH|2013Q3,seeds,distribution,concerns,1
PVH|2013Q3,window25,wholesale,concern,17
PVH|2015Q1,window25,inventories,exposure,25
PVH|2015Q2,window25,customer,exposure,11
SCI|2012Q4,seeds,customers,risk,2
SCI|2012Q4,stem,customer,risk,2
SCI|2013Q1,hyphen,backlog,risk,9
SCI|2015Q4,stem,order,volatility,1
SCI|2015Q4,window25,planning,volatile,12
SCI|2017Q3,window25,deliver,natural disasters,13
SCI|2021Q3,window25,pipeline,risk,17
SCI|2022Q3,stem,customer,concern,6
SCI|2022Q4,stem,production,concern,3
SCI|2017Q4,window25,production,disruption,14
SCI|2018Q2,seeds,customers,concern,10
SCI|2018Q2,stem,customer,concern,10
SCI|2019Q2,window25,distributed,exposure,17
SCI|2019Q3,window25,purchases,uncertainty,17
SCI|2023Q1,stem,stock,volatile,1
SCI|2023Q1,window25,purchases,uncertain,20
SCI|2024Q3,window25,backlog,volatility,24
GAP|2010Q2,stem,forecast,risk,6
GAP|2014Q3,seeds,inventory,contingency,5
GAP|2014Q3,stem,inventory,contingency,5
GAP|2015Q3,seeds,inventory,risk,1
GAP|2015Q3,stem,inventory,risk,1
GAP|2016Q1,seeds,inventory,volatile,6
GAP|2016Q1,stem,inventory,volatile,6
GAP|2016Q2,seeds,inventory,concerns,3
GAP|2016Q2,stem,inventory,concern,3
GAP|2016Q4,window25,vendors,risk,19
GAP|2017Q1,seeds,inventory,volatility,8
GAP|2017Q1,stem,inventory,volatility,8
GAP|2017Q4,window25,deliver,exposure,14
GAP|2010Q3,stem,deliver,concern,4
GAP|2012Q4,seeds,inventory,risk,9
GAP|2012Q4,stem,inventory,risk,9
GAP|2012Q4,window25,merchandising,risk,12
MYE|2013Q2,stem,plann,contingency,6
MYE|2013Q2,window25,logistical,contingency,21
MYE|2014Q1,window25,packaging,disruptions,16
MYE|2015Q2,window25,orders,exposure,20
MYE|2019Q2,seeds,customers,uncertain,2
MYE|2019Q2,stem,inventory,concern,1
MYE|2019Q2,window25,channels,lead times,18
MYE|2019Q3,seeds,manufacturing,manufacturing defect,0
MYE|2019Q3,stem,manufactur,manufactur defect,0
MYE|2021Q4,window25,pipeline,uncertainty,20
MYE|2022Q2,seeds,supply chain,disruptions,1
MYE|2022Q2,stem,supply,supply chain disruption,0
GAP|2018Q3,stem,deliver,concern,4
GAP|2019Q3,seeds,inventory,tariffs,1
GAP|2019Q3,stem,inventory,tariff,1
GAP|2022Q2,seeds,supply,supply chain disruption,0
GAP|2022Q2,stem,supply,supply chain disruption,0
GAP|2022Q3,seeds,manufacturing,disruption,1
GAP|2022Q3,stem,manufactur,disruption,1
GAP|2023Q3,window25,inventories,uncertain,16
GAP|2024Q1,stem,deliver,uncertainty,5
MYE|2018Q2,seeds,supply,tariffs,6
MYE|2018Q2,stem,purchase,tariff,2
MYE|2018Q2,window25,sourced,tariffs,16
MYE|2018Q3,stem,material,volatility,7
MYE|2022Q3,window25,planning,exposure,22
MYE|2024Q2,seeds,distribution,volatility,4
AIN|2012Q2,window25,orders,uncertainty,23
AIN|2012Q4,seeds,inventory,volatility,10
AIN|2012Q4,stem,inventory,volatility,10
AIN|2012Q4,window25,delivering,risk,14
AIN|2013Q2,seeds,supply,volatility,7
AIN|2013Q2,stem,supply,volatility,7
AIN|2014Q4,seeds,suppliers,downside,10
AIN|2014Q4,stem,supplier,downside,10
AIN|2015Q1,seeds,supply,concern,3
AIN|2015Q1,stem,supply,concern,3
AIN|2015Q3,window25,finished,volatility,11
AIN|2016Q2,seeds,customers,risk,3
AIN|2016Q2,stem,customer,risk,3
AIN|2016Q2,window25,packaging,concerns,17
AIN|2016Q4,seeds,supply,volatility,6
AIN|2016Q4,stem,supply,volatility,6
AIN|2016Q4,window25,components,uncertainties,22
AIN|2024Q3,seeds,customers,risk,7
AIN|2024Q3,stem,customer,risk,7
AIN|2024Q4,seeds,manufacturing,exposure,8
AIN|2024Q4,stem,manufactur,exposure,8
AIN|2024Q4,window25,source,exposure,12
KBH|2010Q2,window25,deliveries,uncertainty,11
PII|2011Q4,window25,retail,concerns,11
PII|2012Q1,window25,customer,lead times,11
PII|2014Q3,seeds,customers,lead times,8
PII|2014Q3,stem,customer,lead time,8
PII|2014Q3,window25,shipments,uncertainty,11
PII|2016Q4,seeds,customers,volatile,6
PII|2016Q4,stem,customer,volatile,6
AIN|2010Q2,window25,production,bottlenecks,25
AIN|2011Q4,stem,supply,concern,7
KBH|2023Q2,seeds,supply,lead times,3
KBH|2023Q2,stem,shortage,shortage,0
KBH|2023Q2,window25,orders,volatility,16
HOG|2014Q4,window25,retail,volatility,18
KBH|2013Q2,seeds,supply,shortage,2
KBH|2013Q2,stem,shortage,shortage,0
KBH|2013Q3,window25,buyers,concern,14
KBH|2013Q4,seeds,customers,concern,3
KBH|2013Q4,stem,customer,concern,3
HOG|2017Q2,window25,network,tariff,11
HOG|2022Q4,seeds,supply chain,volatility,8
HOG|2022Q4,stem,supply,volatility,9
HOG|2022Q4,window25,production,tariffs,13
HOG|2024Q1,window25,retail,uncertainty,12
HOG|2024Q3,window25,retail,uncertainty,21
HOG|2024Q4,window25,production,tariffs,13
TOL|2016Q1,stem,stock,uncertainty,6
TOL|2016Q1,window25,buying,uncertainty,11
TOL|2016Q2,stem,buyer,volatility,3
TOL|2017Q4,seeds,supply,shortage,8
TOL|2017Q4,stem,shortage,shortage,0
TOL|2018Q1,seeds,supply,shortage,2
TOL|2018Q1,stem,shortage,shortage,0
TOL|2018Q2,window25,materials,downside,11
TOL|2018Q3,stem,forecast,concern,9
TOL|2018Q3,window25,buyers,concern,22
TOL|2019Q1,stem,buyer,concern,2
LEN|2011Q3,window25,purchased,exposure,22
LEN|2017Q4,stem,shortage,labor shortage,0
LEN|2017Q4,window25,materials,labor shortage,13
TOL|2012Q1,window25,clients,concern,13
TOL|2014Q4,stem,plann,exposure,1
TOL|2015Q4,stem,shortage,shortage,0
TOL|2015Q4,window25,buying,volatile,19
TOL|2019Q2,window25,backlog,disruption,24
TOL|2020Q2,seeds,supply chain,disruptions,1
TOL|2020Q2,stem,supply,supply chain disruption,0
TOL|2020Q2,window25,backlog,concerns,23
TOL|2021Q2,stem,customer,concern,3
TOL|2021Q2,window25,components,contingency,12
TOL|2021Q3,stem,shortage,shortage,0
TOL|2021Q3,window25,sources,risk,18
TOL|2023Q2,seeds,supply,disruption,4
TOL|2023Q2,stem,shortage,shortage,0
TOL|2023Q2,window25,buyers,concerns,15
TOL|2023Q3,seeds,inventory,shortage,6
TOL|2023Q3,stem,shortage,shortage,0
OXM|2018Q3,seeds,customers,concern,8
OXM|2018Q3,stem,customer,concern,8
OXM|2018Q4,stem,shortage,shortage,0
OXM|2019Q3,window25,merchandising,tariffs,17
OXM|2019Q4,seeds,inventory,risk,3
OXM|2019Q4,stem,inventory,risk,3
OXM|2019Q4,window25,wholesale,concerns,11
OXM|2020Q1,stem,inventory,concern,3
OXM|2020Q1,window25,wholesale,exposure,23
OXM|2015Q2,seeds,sourcing,exposure,1
OXM|2015Q2,stem,sourc,exposure,1
OXM|2015Q4,window25,retail,exposure,13
OXM|2016Q3,seeds,sourcing,lead times,10
OXM|2016Q3,stem,sourc,lead time,10
OXM|2016Q4,window25,channels,disruption,17
OXM|2020Q2,seeds,distribution,exposure,5
OXM|2020Q2,stem,channel,exposure,7
OXM|2020Q3,seeds,inventory,volatility,2
OXM|2020Q3,stem,inventory,volatility,2
OXM|2022Q3,seeds,supply chain,disruptions,1
OXM|2022Q3,stem,supply,supply chain disruption,0
OXM|2023Q4,seeds,supply,disruptions,6
OXM|2023Q4,stem,supply,disruption,6
OXM|2023Q4,window25,inventories,disruptions,25
ROL|2010Q2,stem,customer,concern,4
ROL|2011Q4,stem,customer,concern,1
ROL|2011Q4,window25,customer,risk,23
ROL|2012Q4,window25,pipeline,concern,18
ROL|2013Q4,window25,customer,risk,24
ROL|2020Q2,seeds,customers,concern,10
ROL|2020Q2,stem,customer,concern,3
ROL|2021Q1,window25,fleet,exposure,12
ROL|2022Q2,stem,material,concern,10
ROL|2022Q2,window25,fleet,disruption,25
ROL|2015Q3,stem,vendor,concern,2
ROL|2015Q3,window25,vendor,concerns,14
ROL|2016Q2,window25,truck,concerns,14
ROL|2017Q1,stem,order,exposure,8
ROL|2017Q3,seeds,customers,natural disasters,4
ROL|2017Q3,stem,customer,natural disaster,4
ROL|2017Q3,window25,delivery,extreme weather,18
ROL|2018Q3,seeds,customers,concerns,3
ROL|2018Q3,stem,customer,concern,3
ROL|2018Q4,seeds,customers,concerns,3
ROL|2018Q4,stem,customer,concern,3
ROL|2018Q4,window25,customer,concerns,18
ROL|2020Q1,seeds,customers,uncertain,4
ROL|2020Q1,stem,customer,uncertain,4
SMP|2014Q3,seeds,customers,concern,8
SMP|2014Q3,stem,customer,concern,8
SMP|2017Q4,window25,ordering,uncertain,11
ROL|2024Q3,stem,shortage,shortage,0
SMP|2013Q3,window25,production,risks,24
SMP|2013Q4,seeds,inventory,exposure,3
SMP|2013Q4,stem,inventory,exposure,3
SMP|2018Q2,window25,orders,tariffs,23
SMP|2019Q2,seeds,sourcing,tariff,8
SMP|2019Q2,stem,sourc,tariff,8
SMP|2019Q2,window25,customer,downside,17
SMP|2019Q3,seeds,customers,tariffs,4
SMP|2019Q3,stem,customer,tariff,4
SMP|2019Q3,window25,production,tariffs,22
SMP|2020Q1,seeds,supply,danger,6
SMP|2020Q1,stem,supply,danger,6
SMP|2020Q1,window25,manufacturers,concern,21
SMP|2021Q1,seeds,suppliers,lead times,2
SMP|2021Q1,stem,supplier,lead time,2
SMP|2021Q1,window25,source,lead times,18
SMP|2023Q3,window25,customer,volatile,20
KO|2013Q2,seeds,transportation,concerns,2
KO|2014Q3,window25,retail,volatility,23
KO|2015Q1,seeds,supply,concern,7
KO|2015Q1,stem,supply,concern,7
KO|2011Q1,seeds,supply chain,exposure,8
KO|2011Q1,stem,supply,concern,2
KO|2011Q2,window25,planning,volatility,20
KO|2011Q4,window25,delivering,uncertainty,13
KO|2020Q4,window25,deliver,uncertainty,19
KO|2021Q2,seeds,supply,volatility,7
KO|2021Q2,stem,supply,volatility,7
KO|2021Q2,window25,supplier,disruption,15
KO|2022Q2,seeds,purchasing,uncertain,9
KO|2022Q2,stem,purcha,uncertain,9
KO|2022Q2,window25,finished,volatile,12
KO|2022Q3,window25,retailers,risk,14
KO|2016Q1,seeds,supply,disruption,9
KO|2016Q1,stem,supply,disruption,9
KO|2016Q1,window25,customer,risk,18
KO|2017Q1,seeds,customers,risks,6
KO|2017Q1,stem,customer,risk,6
KO|2017Q1,window25,retailers,risk,20
KO|2017Q3,seeds,supply,disruption,3
KO|2017Q3,stem,supply,disruption,3
KO|2017Q3,window25,retailer,concern,23
KO|2017Q4,seeds,supply,disruption,3
KO|2017Q4,stem,supply,disruption,3
KO|2018Q2,window25,freight,tariffs,15
KO|2019Q1,seeds,supply chain,natural disasters,3
KO|2019Q1,stem,shortage,shortage,0
KO|2019Q2,seeds,supply chain,disruptions,1
KO|2019Q2,stem,supply,supply chain disruption,0
PG|2013Q2,seeds,supply chain,risks,1
PG|2013Q2,stem,supply,risk,2
PG|2013Q4,stem,forecast,risk,8
PG|2014Q2,window25,shipments,concern,20
PG|2015Q3,seeds,manufacturing,exposure,6
PG|2015Q3,stem,manufactur,exposure,6
PG|2015Q3,window25,retailers,disruption,13
KO|2024Q3,window25,materials,volatility,12
KO|2024Q4,seeds,supply,tariffs,9
KO|2024Q4,stem,supply,tariff,9
PG|2010Q2,stem,channel,threat,6
PG|2010Q2,window25,buying,threat,24
PG|2010Q4,stem,plann,risk,10
PG|2011Q1,seeds,supply,supply disruption,0
PG|2011Q1,stem,supply,supply disruption,0
PG|2011Q2,seeds,supply,supply disruption,0
PG|2011Q2,stem,supply,supply disruption,0
PG|2011Q2,window25,customer,supply disruption,11
PG|2024Q4,seeds,supply chain,disruptions,1
PG|2024Q4,stem,supply,supply chain disruption,0
PG|2024Q4,window25,retailers,volatile,11
MO|2010Q4,stem,forecast,uncertainty,2
MO|2012Q2,window25,wholesale,concern,25
MO|2015Q4,window25,retail,risk,25
MO|2016Q3,stem,track,risk,5
MO|2017Q4,window25,retail,risk,22
MO|2013Q2,window25,pipeline,risk,22
MO|2014Q2,stem,plann,disruption,5
MO|2015Q1,window25,manufacturers,risk,19
MO|2021Q1,seeds,manufacturing,capacity constraint,1
MO|2021Q1,stem,manufactur,capacity constraint,1
MO|2021Q2,seeds,manufacturing,capacity constraints,1
MO|2021Q2,stem,manufactur,capacity constraint,1
MO|2022Q1,seeds,manufacturing,capacity constraints,1
MO|2022Q1,stem,manufactur,capacity constraint,1
MO|2022Q3,window25,purchases,disruptions,11
MO|2023Q1,stem,retail,concern,6
MO|2023Q1,window25,orders,risk,11
MO|2024Q1,window25,wholesalers,threat,21
MO|2018Q1,stem,stock,risk,3
MO|2018Q1,window25,retailers,concern,21
MO|2018Q2,seeds,inventory,volatility,4
MO|2018Q2,stem,inventory,volatility,4
MO|2018Q2,window25,inventories,volatility,13
MO|2018Q4,window25,shipping,concerns,11
MO|2019Q2,stem,oversea,concern,8
MO|2019Q2,window25,retail,concern,25
MO|2019Q4,stem,purchase,concern,9
MO|2020Q1,seeds,supply,disruptions,3
MO|2020Q1,stem,supply,disruption,3
MO|2020Q1,window25,inventories,concerns,11
MO|2024Q4,window25,sourced,tariffs,11
PEP|2011Q1,window25,deliver,volatile,13
PEP|2011Q3,stem,channel,concern,4
PEP|2011Q3,window25,package,concern,17
PEP|2011Q4,window25,packaging,concerns,13
PEP|2014Q2,stem,retail,concern,9
PEP|2014Q4,window25,deliver,disruptions,25
PEP|2015Q1,seeds,inventory,downside,7
PEP|2015Q1,stem,order,downside,7
PEP|2015Q2,stem,deliver,volatility,10
PEP|2016Q1,stem,deliver,volatile,5
PG|2016Q1,seeds,sourcing,exposure,5
PG|2016Q1,stem,sourc,exposure,5
PG|2016Q1,window25,production,exposure,18
PG|2016Q3,window25,finished,disruption,15
PG|2016Q4,window25,production,volatile,12
PG|2018Q2,seeds,supply,supply disruption,0
PG|2018Q2,stem,supply,supply disruption,0
PG|2020Q1,window25,retail,disruption,20
PG|2023Q4,seeds,supply chain,disruptions,1
PG|2023Q4,stem,supply,supply chain disruption,0
PG|2023Q4,window25,retail,risk,20
PEP|2018Q2,stem,shortage,shortage,0
PEP|2018Q2,window25,transport,shortage,11
PEP|2019Q1,seeds,supply chain,bottlenecks,1
PEP|2019Q1,stem,supply,bottleneck,2
PEP|2021Q4,seeds,supply chain,bottlenecks,3
PEP|2021Q4,stem,supply,bottleneck,4
PEP|2022Q2,seeds,customers,volatility,9
PEP|2022Q2,stem,buy,exposure,5
PEP|2022Q2,window25,purchased,volatility,24
PEP|2022Q3,seeds,transportation,bottlenecks,1
PEP|2022Q3,stem,supply,bottleneck,3
WMT|2010Q3,seeds,customers,concern,6
WMT|2010Q3,stem,customer,concern,2
SYY|2010Q1,stem,material,concern,4
SYY|2010Q1,window25,shipping,risk,14
SYY|2010Q2,stem,material,concern,4
WMT|2021Q2,seeds,supply,volatility,2
WMT|2021Q2,stem,supply,volatility,2
WMT|2021Q2,window25,customer,contingency,11
WMT|2012Q1,stem,customer,concern,6
WMT|2012Q1,window25,deliver,uncertainty,23
WMT|2015Q3,window25,network,risk,12
WMT|2018Q4,window25,customer,volatility,25
SYY|2010Q3,stem,material,concern,4
SYY|2010Q4,stem,material,concern,4
SYY|2011Q1,stem,material,concern,4
SYY|2011Q4,stem,stock,volatility,2
SYY|2012Q1,seeds,customers,volatility,9
SYY|2012Q1,stem,material,concern,4
SYY|2012Q1,window25,retailers,uncertain,23
SYY|2012Q2,stem,material,concern,4
SYY|2012Q3,stem,material,concern,4
SYY|2012Q4,stem,material,concern,4
SYY|2018Q3,window25,customer,concern,13
SYY|2019Q1,seeds,supply,concerns,4
SYY|2019Q1,stem,shortage,labor shortage,0
SYY|2019Q1,window25,shipping,tariffs,18
SYY|2019Q4,stem,customer,concern,9
SYY|2020Q2,stem,shortage,shortage,0
SYY|2020Q2,window25,customer,uncertainties,15
SYY|2013Q4,seeds,customers,volatility,8
SYY|2013Q4,stem,customer,volatility,8
SYY|2013Q4,window25,customer,volatility,13
SYY|2014Q2,seeds,customers,concerns,6
SYY|2014Q2,stem,customer,concern,1
SYY|2014Q2,window25,materials,concerns,22
SYY|2014Q3,window25,planning,contingency,16
SYY|2014Q4,seeds,customers,disruption,3
SYY|2014Q4,stem,customer,disruption,3
SYY|2016Q1,stem,shortage,labor shortage,0
SYY|2016Q1,window25,customer,labor shortage,13
SYY|2016Q2,stem,stock,uncertainty,8
SYY|2016Q3,stem,track,volatile,2
SYY|2016Q3,window25,delivery,volatile,23
SYY|2024Q3,stem,truck,risk,9
SYY|2024Q4,seeds,supply,supply chain disruption,0
SYY|2024Q4,stem,supply,supply chain disruption,0
SYY|2024Q4,window25,customer,concerns,21
KR|2010Q4,stem,stock,volatile,8
KR|2011Q1,window25,customer,volatility,11
KR|2011Q3,seeds,customers,concern,7
KR|2011Q3,stem,customer,concern,7
KR|2013Q1,stem,forecast,concern,7
KR|2014Q1,window25,retailers,concern,12
SYY|2020Q4,seeds,customers,uncertain,3
SYY|2020Q4,stem,customer,uncertain,3
SYY|2021Q1,seeds,inventory,business disruption,2
SYY|2021Q1,stem,inventory,business disruption,2
SYY|2022Q4,stem,shortage,shortage,0
SYY|2022Q4,window25,deliver,shortage,18
SYY|2023Q1,seeds,supply,disruption,9
SYY|2023Q1,stem,supply,disruption,9
SYY|2023Q4,seeds,supply,supply chain disruption,0
SYY|2023Q4,stem,supply,supply chain disruption,0
SYY|2023Q4,window25,route,supply chain disruption,15
KR|2016Q1,seeds,supply,concern,4
KR|2016Q1,stem,supply,concern,4
KR|2019Q3,seeds,customers,concerns,10
KR|2019Q3,stem,customer,concern,10
KR|2019Q3,window25,warehouse,concerns,14
KR|2019Q4,stem,deliver,concern,4
KR|2020Q1,seeds,customers,tariffs,8
KR|2020Q1,stem,customer,tariff,8
KR|2021Q1,seeds,customers,uncertainty,3
KR|2021Q1,stem,customer,uncertainty,3
KR|2021Q1,window25,customer,exposure,15
KR|2021Q2,window25,retail,volatility,15
KR|2022Q4,seeds,inventory,lead times,3
KR|2022Q4,stem,inventory,lead time,3
KR|2022Q4,window25,fleet,lead times,25
KR|2016Q4,seeds,customers,concerns,10
KR|2016Q4,stem,shortage,shortage,0
KR|2016Q4,window25,customer,volatile,17
KR|2017Q1,seeds,customers,uncertain,8
KR|2017Q1,stem,customer,uncertain,8
KR|2017Q1,window25,buying,uncertain,20
KR|2017Q2,window25,deliver,volatile,13
KR|2017Q3,seeds,customers,concerns,2
KR|2017Q3,stem,customer,concern,2
KR|2017Q3,window25,customer,concerns,15
CL|2010Q4,seeds,supply chain,disruptions,1
CL|2010Q4,stem,supply,supply chain disruption,0
CL|2011Q3,window25,buying,volatility,17
CL|2012Q3,window25,deliver,volatile,13
CL|2013Q1,window25,retailers,disruption,11
CL|2015Q1,seeds,manufacturing,risk,9
CL|2015Q1,stem,manufactur,risk,9
CL|2015Q1,window25,retailers,disruption,21
CL|2015Q4,seeds,inventory,risk,10
CL|2015Q4,stem,inventory,risk,10
CL|2015Q4,window25,factories,risk,11
CL|2016Q2,stem,deliver,uncertainty,5
CL|2016Q2,window25,retailer,uncertainties,14
CL|2017Q2,window25,shipments,uncertainty,12
CL|2022Q2,seeds,distribution,uncertain,3
CL|2023Q2,window25,inventories,uncertainties,19
CL|2023Q3,window25,raw,volatility,14
CL|2024Q1,seeds,sourcing,volatile,8
CL|2024Q1,stem,sourc,volatile,8
BTI|2020Q4,stem,track,uncertain,9
BTI|2020Q4,window25,deliver,uncertain,11
BTI|2022Q2,stem,stock,uncertainty,9
CL|2017Q4,window25,freight,volatility,12
CL|2018Q1,seeds,logistics,exposure,7
CL|2018Q1,window25,freight,exposure,12
CL|2018Q3,window25,retailer,volatility,19
CL|2018Q4,window25,raw,uncertainty,14
CL|2019Q3,window25,components,concerns,18
CLX|2013Q1,seeds,inventory,disruption,10
CLX|2013Q1,stem,inventory,disruption,10
CLX|2013Q2,window25,retailers,stockouts,11
CLX|2013Q3,seeds,customers,concerns,8
CLX|2013Q3,stem,customer,concern,8
CLX|2013Q3,window25,deliver,uncertainty,12
CLX|2014Q1,stem,forecast,contingency,6
CLX|2014Q4,window25,component,volatile,13
CLX|2015Q3,window25,shipments,concerns,20
CLX|2016Q2,window25,manufactured,exposure,11
CLX|2016Q3,stem,material,risk,9
CLX|2018Q1,window25,shipment,risk,18
CLX|2018Q4,window25,channels,volatile,20
BTI|2023Q1,hyphen,deliver,risk,10
BTI|2024Q4,seeds,supply chain,disruptions,1
BTI|2024Q4,stem,supply,supply chain disruption,0
BTI|2024Q4,window25,delivery,uncertainty,15
CLX|2010Q2,window25,deliver,volatility,15
CLX|2010Q3,window25,retailer,concerns,15
CLX|2011Q3,window25,component,exposure,15
CLX|2019Q4,window25,retailer,uncertainty,11
CLX|2020Q2,seeds,distribution,capacity constraints,5
CLX|2020Q4,seeds,supply chain,disruptions,7
CLX|2020Q4,stem,supply,disruption,8
CLX|2021Q4,seeds,supply,supply disruption,0
CLX|2021Q4,stem,supply,supply disruption,0
CLX|2022Q4,seeds,supply chain,disruptions,1
CLX|2022Q4,stem,supply,supply chain disruption,0
CLX|2023Q2,seeds,supply,supply disruption,0
CLX|2023Q2,stem,supply,supply chain disruption,0
CLX|2023Q2,window25,ship,disruptions,12
CLX|2023Q4,window25,truckload,volatile,25
CLX|2024Q2,stem,forecast,concern,2
CLX|2024Q2,window25,merchandising,cyberattack,12
ADM|2010Q2,window25,shipping,tariff,12
ADM|2010Q4,seeds,transportation,risk,6
ADM|2010Q4,window25,freight,risk,12
ADM|2013Q3,window25,shipments,volatility,12
ADM|2015Q3,stem,stock,volatile,3
ADM|2015Q3,window25,inventories,risk,11
ADM|2017Q2,seeds,customers,risk,9
ADM|2017Q2,stem,customer,risk,9
ADM|2019Q4,window25,materials,risks,12
ADM|2021Q1,seeds,procurement,risk,2
ADM|2021Q1,window25,deliver,risk,19
ADM|2022Q2,stem,forecast,concern,4
ADM|2022Q2,window25,packaging,risks,11
ADM|2022Q3,seeds,supply chain,disruptions,1
ADM|2022Q3,stem,supply,supply chain disruption,0
ADM|2022Q3,window25,materials,risks,12
ADM|2023Q3,seeds,supply chain,disruptions,1
ADM|2023Q3,stem,supply,supply chain disruption,0
ADM|2023Q3,window25,materials,risks,12
ADM|2023Q4,window25,materials,risk,12
TGT|2023Q4,window25,purchases,volatility,14
GIS|2010Q2,window25,retail,exposure,25
GIS|2011Q1,window25,merchandising,volatility,25
GIS|2012Q1,window25,buying,concerns,16
ADM|2024Q2,window25,materials,risk,12
ADM|2024Q3,window25,materials,risks,13
TGT|2011Q1,seeds,inventory,risk,5
TGT|2011Q1,stem,inventory,risk,5
TGT|2011Q1,window25,merchandise,risk,12
TGT|2011Q2,stem,forecast,uncertainty,8
TGT|2011Q2,window25,delivering,uncertainty,19
TGT|2012Q3,stem,inventory,concern,1
TGT|2012Q3,window25,merchandising,volatility,21
TGT|2013Q1,stem,channel,concern,5
TGT|2013Q2,seeds,inventory,risk,6
TGT|2013Q2,stem,inventory,risk,6
TGT|2013Q2,window25,planning,downside,11
TGT|2013Q3,window25,merchandising,uncertainty,15
TGT|2013Q4,window25,channels,concerns,14
TGT|2014Q4,seeds,inventory,contingency,5
TGT|2014Q4,stem,stock,contingency,4
TGT|2014Q4,window25,shipping,contingency,21
TGT|2015Q2,stem,supply,concern,2
TGT|2016Q3,stem,forecast,volatility,7
GIS|2015Q4,window25,retailers,volatility,17
GIS|2016Q4,window25,retail,risk,12
GIS|2017Q1,stem,stock,concern,5
TGT|2017Q1,window25,planning,risk,12
TGT|2017Q3,seeds,inventory,contingency,1
TGT|2017Q3,stem,inventory,contingency,1
TGT|2018Q1,stem,plann,disruption,5
TGT|2018Q3,seeds,inventory,tariffs,8
TGT|2018Q3,stem,inventory,tariff,8
TGT|2018Q3,window25,planning,tariffs,17
TGT|2018Q4,seeds,fulfillment,risk,8
TGT|2018Q4,window25,orders,risk,12
TGT|2020Q3,seeds,inventory,lead time,3
TGT|2020Q3,stem,inventory,lead time,3
TGT|2020Q3,window25,planning,risk,17
TGT|2023Q3,window25,deliver,lead times,14
GIS|2013Q3,window25,merchandising,concern,25
GIS|2013Q4,hyphen,retailer,concerns,8
GIS|2014Q1,window25,merchandising,concerns,14
GIS|2023Q1,seeds,supply,supply chain disruption,0
GIS|2023Q1,stem,supply,supply chain disruption,0
GIS|2023Q4,seeds,supply chain,disruptions,1
GIS|2023Q4,stem,supply,supply chain disruption,0
GIS|2024Q3,seeds,supply chain,disruptions,1
GIS|2024Q3,stem,supply,supply chain disruption,0
NWL|2011Q2,stem,purchase,volatility,7
NWL|2011Q2,window25,forecasting,uncertain,23
GIS|2018Q3,stem,shortage,shortage,0
GIS|2019Q2,window25,freight,tariffs,19
GIS|2019Q4,window25,retail,concern,22
GIS|2021Q4,seeds,manufacturing,volatility,5
GIS|2021Q4,stem,manufactur,volatility,5
GIS|2021Q4,window25,retailers,volatile,16
GIS|2022Q3,seeds,logistics,bottlenecks,1
GIS|2022Q3,stem,supply,disruption,9
GIS|2022Q3,window25,retail,concern,16
ACU|2013Q2,stem,raw,concern,3
ACU|2013Q4,window25,forecasting,risk,11
ACU|2014Q2,seeds,customers,disruptions,4
ACU|2014Q2,stem,customer,disruption,4
ACU|2014Q2,window25,stocking,disruptions,19
ACU|2018Q4,seeds,supply chain,tariffs,7
ACU|2018Q4,stem,supply,tariff,8
ACU|2018Q4,window25,source,uncertainty,13
ACU|2020Q3,seeds,supply,disruptions,1
ACU|2020Q3,stem,supply,supply disruption,0
ACU|2020Q3,window25,customer,risk,17
ACU|2021Q2,stem,shortage,shortage,0
ACU|2021Q2,window25,warehouse,shortage,12
ACU|2023Q1,seeds,supply chain,disruptions,1
ACU|2023Q1,stem,supply,supply chain disruption,0
ACU|2014Q3,window25,raw,concern,21
NWL|2013Q1,stem,channel,uncertain,1
NWL|2013Q2,seeds,distribution,contingencies,10
NWL|2013Q2,window25,network,contingencies,11
NWL|2014Q4,seeds,distribution,disruption,4
NWL|2014Q4,window25,shipments,disruption,11
NWL|2015Q3,stem,storage,concern,10
NWL|2015Q3,window25,source,exposure,19
NWL|2015Q4,window25,retailers,risk,14
NWL|2016Q1,window25,planning,concerns,25
NWL|2017Q1,window25,channels,volatile,24
NWL|2019Q3,window25,planning,tariffs,23
NWL|2023Q2,stem,sourc,single sourc,0
ACU|2023Q4,seeds,supply chain,disruptions,1
ACU|2023Q4,stem,supply,supply chain disruption,0
ACU|2024Q1,seeds,supply chain,disruptions,1
ACU|2024Q1,stem,supply,supply chain disruption,0
ACU|2024Q2,seeds,supply chain,disruptions,1
ACU|2024Q2,stem,supply,supply chain disruption,0
ACU|2024Q2,window25,customer,downside,15
CAG|2011Q2,seeds,manufacturing,disruption,1
CAG|2011Q2,stem,manufactur,disruption,1
CAG|2011Q2,window25,packaging,risk,22
CAG|2012Q1,window25,deliver,risks,13
CAG|2017Q4,stem,order,risk,10
CAG|2018Q2,window25,retailers,volatility,15
CAG|2018Q3,seeds,inventory,tariffs,9
CAG|2018Q3,stem,inventory,tariff,9
CAG|2018Q3,window25,vendors,risks,20
CAG|2024Q2,seeds,supply,supply chain disruption,0
CAG|2024Q2,stem,supply,supply chain disruption,0
TAP|2010Q4,window25,materials,volatility,17
TAP|2013Q1,stem,channel,volatility,9
CAG|2020Q2,window25,shipped,disruption,11
CAG|2021Q2,window25,merchandising,uncertain,16
CAG|2023Q2,seeds,transportation,volatility,4
CAG|2023Q2,stem,supply,volatility,8
CAG|2023Q3,seeds,manufacturing,disruptions,1
CAG|2023Q3,stem,supply,supply chain disruption,0
CAG|2023Q3,window25,inventories,disruptions,23
CAG|2023Q4,seeds,supply,supply chain disruption,0
CAG|2023Q4,stem,supply,supply chain disruption,0
CAG|2023Q4,window25,deliver,disruptions,22
TAP|2016Q4,stem,inventory,concern,1
CAG|2013Q4,stem,customer,concern,3
CAG|2013Q4,window25,retail,disruption,24
CAG|2015Q3,seeds,customers,bottlenecks,9
CAG|2015Q3,stem,customer,bottleneck,9
CAG|2015Q4,stem,plann,uncertainty,3
TAP|2017Q3,stem,shortage,shortage,0
TAP|2017Q3,window25,planning,shortage,15
TAP|2019Q1,stem,plann,volatility,3
TAP|2019Q3,window25,freight,tariffs,19
TAP|2020Q4,stem,track,exposure,5
TAP|2021Q2,seeds,distribution,exposure,1
TAP|2021Q2,stem,inventory,concern,5
TAP|2022Q3,stem,forecast,risk,8
TAP|2023Q1,stem,forecast,risk,8
TAP|2023Q1,window25,shipped,uncertain,21
TAP|2023Q4,stem,forecast,risk,8
TAP|2023Q4,window25,deliver,volatility,11
TAP|2024Q3,stem,forecast,risk,8
TAP|2024Q4,stem,forecast,risk,8
TAP|2024Q4,window25,materials,tariffs,15
KMB|2010Q4,stem,buy,concern,5
KMB|2024Q1,window25,delivery,volatility,20
KMB|2024Q2,seeds,inventory,uncertainty,3
KMB|2024Q2,stem,inventory,uncertainty,3
KMB|2024Q2,window25,retail,uncertainty,19
KMB|2024Q4,seeds,suppliers,volatility,7
KMB|2024Q4,stem,supplier,volatility,7
CPB|2010Q2,window25,planning,concerns,11
KMB|2011Q1,window25,customer,risk,16
KMB|2011Q3,stem,buy,downside,8
KMB|2011Q3,window25,delivering,risk,24
KMB|2012Q2,stem,buy,downside,9
KMB|2012Q4,window25,planning,risk,23
KMB|2013Q1,window25,materials,risk,21
KMB|2013Q2,window25,deliver,volatile,14
KMB|2013Q3,seeds,inventory,concern,6
KMB|2013Q3,stem,inventory,concern,6
KMB|2013Q3,window25,materials,risk,24
KMB|2014Q2,window25,materials,risk,22
KMB|2015Q1,window25,materials,risk,22
KMB|2015Q2,window25,materials,risk,22
KMB|2016Q1,window25,materials,risk,22
KMB|2016Q3,window25,materials,risk,23
KMB|2016Q4,window25,delivering,concern,15
KMB|2017Q1,window25,materials,risk,22
KMB|2017Q2,window25,materials,risk,20
KMB|2017Q3,window25,materials,risk,21
KMB|2017Q4,window25,planning,risk,16
KMB|2018Q1,window25,materials,risk,22
KMB|2018Q4,stem,deliver,volatility,3
KMB|2019Q1,window25,materials,risk,21
KMB|2019Q2,window25,materials,risk,21
KMB|2019Q3,window25,materials,risk,21
CPB|2013Q2,window25,delivery,concerns,17
CPB|2014Q1,seeds,manufacturing,manufacturing defect,0
CPB|2014Q1,stem,manufactur,manufactur defect,0
CPB|2014Q4,seeds,warehousing,extreme weather,2
CPB|2015Q2,stem,supply,concern,7
CPB|2011Q1,seeds,inventory,concern,8
CPB|2011Q1,stem,inventory,concern,8
CPB|2011Q4,stem,forecast,risk,3
CPB|2011Q4,window25,purchases,risk,17
CPB|2017Q2,seeds,supply,capacity constraints,5
CPB|2017Q2,stem,supply,capacity constraint,5
CPB|2017Q2,window25,merchandising,capacity constraints,18
CPB|2017Q3,window25,retailer,threat,13
CPB|2018Q3,seeds,transportation,tariffs,6
CPB|2018Q3,window25,materials,tariffs,12
CPB|2019Q4,window25,merchandising,volatility,20
CPB|2020Q3,window25,factory,uncertainty,13
CPB|2020Q4,seeds,customers,uncertain,3
CPB|2020Q4,stem,customer,uncertain,3
CPB|2021Q1,seeds,supply,volatility,3
CPB|2021Q1,stem,supply,volatility,3
CPB|2021Q2,stem,plant,disruption,5
CPB|2021Q3,seeds,sourcing,disruption,4
CPB|2021Q3,stem,sourc,disruption,4
CPB|2021Q3,window25,freight,disruption,13
HSY|2013Q4,seeds,supply,volatile,10
HSY|2013Q4,stem,purchase,concern,8
HSY|2015Q1,stem,channel,exposure,5
HSY|2015Q3,stem,shortage,shortage,0
HSY|2011Q1,stem,delivery,concern,2
HSY|2011Q1,window25,merchandising,volatile,13
HSY|2011Q3,window25,retail,concern,16
HSY|2012Q1,seeds,manufacturing,concern,6
HSY|2012Q1,stem,manufactur,concern,6
HSY|2012Q1,window25,channels,uncertainty,21
HSY|2018Q4,stem,deliver,risk,9
HSY|2021Q4,window25,planning,risk,20
HSY|2022Q2,seeds,supply,supply chain disruption,0
HSY|2022Q2,stem,supply,supply chain disruption,0
HSY|2022Q2,window25,raw,supply chain disruption,15
HSY|2022Q3,window25,retailers,concern,22
HSY|2023Q2,seeds,inventory,volatility,7
HSY|2023Q2,stem,inventory,volatility,7
HSY|2023Q3,seeds,inventory,risk,7
HSY|2023Q3,stem,inventory,risk,7
HSY|2023Q3,window25,retailer,risks,16
HSY|2024Q4,window25,shipments,volatility,16
CHD|2011Q3,seeds,customers,disruption,3
CHD|2011Q3,stem,customer,disruption,3
CHD|2011Q3,window25,buying,threat,14
CHD|2012Q2,stem,forecast,risk,6
CHD|2013Q1,stem,forecast,risk,6
CHD|2013Q2,stem,forecast,risk,6
HSY|2016Q1,window25,buying,volatility,11
HSY|2016Q2,window25,retail,risk,24
HSY|2017Q2,stem,purchase,volatility,7
HSY|2017Q2,window25,purchases,concern,21
CHD|2015Q4,stem,forecast,risk,6
CHD|2016Q1,stem,forecast,risk,6
CHD|2016Q2,seeds,manufacturing,risk,2
CHD|2016Q2,stem,manufactur,risk,2
CHD|2016Q3,stem,forecast,risk,6
CHD|2016Q4,stem,forecast,risk,6
CHD|2016Q4,window25,retail,disruption,12
CHD|2017Q2,stem,forecast,risk,4
CHD|2018Q1,seeds,distribution,risk,4
CHD|2018Q1,stem,forecast,risk,6
CHD|2019Q1,stem,forecast,risk,6
CHD|2019Q2,seeds,manufacturing,tariffs,4
CHD|2019Q2,stem,manufactur,tariff,4
CHD|2019Q2,window25,retailers,risk,23
CHD|2022Q2,seeds,manufacturing,volatile,10
CHD|2022Q2,stem,deliver,disruption,4
CHD|2023Q1,stem,stock,concern,2
CHD|2023Q3,stem,forecast,risk,6
CHD|2024Q1,stem,forecast,risk,6
CHD|2024Q3,stem,forecast,risk,6
COST|2012Q2,seeds,inventory,concerns,1
COST|2012Q2,stem,inventory,concern,1
COST|2012Q2,window25,inventories,concerns,16
COST|2014Q3,window25,retail,volatile,16
CHD|2013Q3,stem,forecast,risk,6
CHD|2013Q4,stem,forecast,risk,6
CHD|2014Q2,stem,forecast,risk,6
CHD|2014Q3,stem,forecast,risk,6
CHD|2014Q3,window25,retail,volatile,11
CHD|2014Q4,stem,forecast,risk,6
CHD|2014Q4,window25,retailer,exposure,21
CHD|2015Q1,stem,forecast,risk,6
CHD|2015Q1,window25,production,capacity constraints,12
CHD|2015Q2,seeds,supply,disruptions,1
CHD|2015Q2,stem,supply,supply disruption,0
CHD|2015Q3,stem,forecast,risk,6
CHD|2015Q3,window25,production,volatile,18
COST|2018Q1,window25,customer,concern,20
COST|2018Q2,stem,freight,concern,1
COST|2018Q2,window25,buying,concerns,13
COST|2020Q1,window25,merchandise,tariff,23
COST|2023Q2,seeds,inventory,concern,8
COST|2023Q2,stem,inventory,concern,8
COST|2024Q2,stem,shipp,shipp delay,0
TSN|2012Q1,seeds,supply,shortage,1
TSN|2012Q1,stem,shortage,shortage,0
TSN|2012Q1,window25,component,susceptible,16
TSN|2012Q2,stem,supply,concern,9
TSN|2012Q3,stem,shortage,shortage,0
TSN|2012Q3,window25,supplier,volatility,18
TSN|2014Q3,seeds,customers,disruptions,8
TSN|2014Q3,stem,customer,disruption,8
TSN|2015Q1,stem,supply,concern,5
TSN|2015Q1,window25,production,capacity constraints,19
TSN|2015Q2,window25,production,risk,14
TSN|2016Q1,stem,buy,exposure,8
TSN|2016Q1,window25,production,exposure,13
TSN|2024Q3,seeds,inventory,volatility,9
TSN|2024Q3,stem,inventory,volatility,9
TSN|2024Q3,window25,raw,volatility,15
CCEP|2010Q1,stem,channel,volatile,8
CCEP|2010Q1,window25,channels,volatile,21
CCEP|2011Q2,stem,purchase,exposure,5
CCEP|2011Q3,stem,purcha,concern,10
CCEP|2012Q1,window25,retail,tariff,20
CCEP|2012Q4,seeds,customers,tariff,4
CCEP|2012Q4,stem,customer,tariff,4
TSN|2019Q1,window25,supplies,disruptions,19
TSN|2023Q3,stem,forecast,forecast error,0
TSN|2024Q1,seeds,inventory,volatile,9
TSN|2024Q1,stem,inventory,volatile,9
TSN|2024Q1,window25,supplies,volatility,19
CCEP|2013Q1,stem,stock,uncertainty,5
CCEP|2013Q2,window25,retail,volatility,14
CCEP|2014Q3,window25,packaging,concern,19
CCEP|2015Q3,stem,track,concern,10
CCEP|2016Q2,seeds,supply,supply chain disruption,0
CCEP|2016Q2,stem,supply,supply chain disruption,0
CCEP|2016Q2,window25,delivery,concern,17
FLO|2020Q1,seeds,sourcing,risk,5
FLO|2020Q1,hyphen,retail,business disruption,6
FLO|2020Q1,stem,sourc,risk,5
FLO|2020Q1,window25,distributor,risk,16
FLO|2021Q2,stem,shortage,labor shortage,0
FLO|2012Q2,seeds,supply,concerns,1
FLO|2012Q2,stem,supply,concern,1
FLO|2012Q2,window25,production,volatility,17
FLO|2012Q3,seeds,customers,uncertainty,10
FLO|2012Q3,stem,warehouse,concern,8
FLO|2012Q3,window25,retailers,uncertainty,18
FLO|2013Q2,stem,production,concern,9
FLO|2014Q2,window25,planning,volatility,19
FLO|2017Q2,stem,packag,concern,5
FLO|2017Q2,window25,retail,concern,13
FLO|2018Q1,stem,production,concern,2
FLO|2019Q3,stem,channel,disruption,8
FLO|2019Q3,window25,orders,disruption,20
PPC|2013Q4,window25,supplies,risk,19
PPC|2014Q1,stem,shortage,shortage,0
PPC|2014Q1,window25,production,risks,25
CCEP|2018Q3,seeds,purchasing,uncertainty,7
CCEP|2018Q3,stem,shortage,shortage,0
CCEP|2022Q1,seeds,customers,disruptions,7
CCEP|2022Q1,stem,channel,uncertain,6
CCEP|2022Q1,window25,supplier,disruptions,19
CCEP|2022Q2,seeds,supply,supply chain disruption,0
CCEP|2022Q2,stem,supply,supply chain disruption,0
CCEP|2022Q2,window25,raw,volatile,13
CCEP|2023Q3,window25,route,disruption,12
FLO|2010Q1,seeds,distribution,extreme weather,9
FLO|2010Q1,window25,component,risk,16
UVV|2015Q1,window25,inventories,volatility,20
UVV|2015Q4,seeds,customers,concern,4
UVV|2015Q4,stem,customer,concern,4
UVV|2015Q4,window25,purchases,risk,25
UVV|2016Q1,seeds,suppliers,uncertain,9
UVV|2016Q1,stem,supplier,uncertain,9
UVV|2016Q2,stem,shortage,shortage,0
UL|2024Q4,stem,material,volatility,6
UL|2024Q4,window25,production,capacity constraints,12
UVV|2012Q3,stem,delivery,delivery delay,0
UVV|2013Q3,seeds,inventory,risk,5
UVV|2013Q3,stem,inventory,risk,5
UVV|2013Q3,window25,inventories,risk,15
UVV|2014Q1,window25,shipment,volatile,16
UVV|2018Q1,stem,shortage,shortage,0
UVV|2018Q1,window25,purchases,shortage,18
UVV|2018Q4,stem,shortage,shortage,0
UVV|2019Q2,seeds,supply,disruptions,1
UVV|2019Q2,stem,supply,supply disruption,0
UVV|2019Q2,window25,customer,disruptions,22
UVV|2022Q1,window25,shipments,uncertainties,14
UVV|2022Q2,seeds,supply,concerns,4
UVV|2022Q2,stem,shortage,shortage,0
UVV|2022Q2,window25,shipments,uncertainties,14
UVV|2022Q3,window25,shipping,lead times,11
UVV|2023Q1,window25,shipments,uncertainties,15
UVV|2023Q2,seeds,supply,shortage,2
UVV|2023Q2,stem,shortage,shortage,0
UVV|2023Q2,window25,shipments,uncertainties,14
UVV|2023Q3,seeds,supply chain,uncertainties,1
UVV|2023Q3,stem,supply,uncertainty,2
UVV|2023Q3,window25,shipments,uncertainties,14
UVV|2024Q2,window25,shipments,uncertainties,14
UVV|2024Q3,hyphen,customer,uncertainties,10
UVV|2024Q3,window25,shipments,uncertainties,13
PPC|2014Q2,stem,shortage,shortage,0
PPC|2014Q2,window25,component,shortage,13
PPC|2015Q4,seeds,supply,concerns,1
PPC|2015Q4,stem,supply,concern,1
PPC|2015Q4,window25,production,concerns,12
PPC|2016Q4,stem,channel,exposure,1
PPC|2016Q4,window25,retail,concerns,13
PPC|2017Q1,seeds,customers,concern,3
PPC|2017Q1,stem,channel,exposure,1
PPC|2018Q2,stem,shortage,shortage,0
PPC|2018Q2,window25,production,uncertainty,11
PPC|2022Q3,window25,retail,volatility,15
MZTI|2015Q4,seeds,supply,disruptions,3
MZTI|2015Q4,stem,supply,disruption,3
MZTI|2015Q4,window25,freight,volatile,14
HRL|2016Q4,stem,deliver,volatility,2
HRL|2016Q4,window25,delivering,volatile,11
HRL|2023Q2,seeds,distribution,exposure,8
HRL|2023Q2,stem,channel,exposure,1
HRL|2024Q2,seeds,supply,supply disruption,0
HRL|2024Q2,stem,supply,supply disruption,0
HRL|2024Q2,window25,retail,uncertain,11
MZTI|2019Q1,seeds,distribution,exposure,5
MZTI|2019Q2,seeds,supply,disruptions,1
MZTI|2019Q2,stem,supply,supply disruption,0
MZTI|2019Q2,window25,inventories,susceptible,11
MZTI|2019Q3,seeds,supply,disruptions,1
MZTI|2019Q3,stem,supply,supply disruption,0
MZTI|2019Q3,window25,retail,disruptions,25
MZTI|2020Q3,seeds,customers,exposure,9
MZTI|2020Q3,stem,customer,exposure,9
MZTI|2020Q3,window25,orders,exposure,11
MZTI|2020Q4,seeds,supply chain,uncertainty,4
MZTI|2020Q4,stem,supply,uncertainty,5
MZTI|2021Q2,window25,forecasting,uncertainty,14
HRL|2010Q2,window25,retail,exposure,14
HRL|2011Q2,stem,supply,concern,6
HRL|2011Q2,window25,retail,exposure,15
HRL|2013Q1,seeds,supply,disruptions,1
HRL|2013Q1,stem,supply,supply disruption,0
HRL|2013Q4,seeds,supply,concerns,9
HRL|2013Q4,stem,shortage,shortage,0
HRL|2014Q2,stem,shortage,shortage,0
HRL|2014Q4,window25,raw,volatile,16
MZTI|2021Q4,seeds,supply chain,uncertainty,1
MZTI|2021Q4,stem,supply,uncertainty,2
MZTI|2021Q4,window25,manufacturers,volatile,12
MZTI|2023Q3,seeds,supply,supply chain disruption,0
MZTI|2023Q3,stem,supply,supply chain disruption,0
MZTI|2024Q1,window25,deliver,concern,23
MZTI|2024Q2,window25,retail,capacity constraints,12
MZTI|2024Q3,window25,retail,exposure,16
HELE|2016Q3,seeds,inventory,concern,4
HELE|2016Q3,stem,inventory,concern,4
HELE|2016Q3,window25,replenishment,concern,22
JJSF|2013Q4,stem,customer,concern,2
JJSF|2013Q4,window25,retail,risks,22
JJSF|2015Q2,stem,buy,risk,2
JJSF|2010Q2,window25,customer,concerns,12
JJSF|2013Q1,window25,retail,risks,23
JJSF|2013Q3,stem,stock,concern,10
JJSF|2018Q2,seeds,distribution,shortage,2
JJSF|2018Q2,stem,shortage,shortage,0
JJSF|2018Q2,window25,plants,shortage,16
JJSF|2019Q4,window25,plants,disruptions,17
JJSF|2021Q2,stem,shortage,labor shortage,0
HELE|2017Q1,stem,buy,concern,7
HELE|2017Q1,window25,channels,exposure,14
HELE|2017Q4,window25,orders,concerns,19
HELE|2018Q1,window25,retail,disruption,14
HELE|2018Q3,seeds,supply,natural disasters,9
HELE|2018Q3,stem,channel,volatility,6
HELE|2018Q3,window25,retail,volatility,18
HELE|2023Q2,seeds,supply chain,disruptions,1
HELE|2023Q2,stem,supply,supply chain disruption,0
HELE|2023Q2,window25,retailers,disruptions,22
HELE|2024Q1,seeds,inventory,risk,6
HELE|2024Q1,stem,inventory,risk,6
HELE|2024Q1,window25,supplier,risk,11
MGPI|2017Q2,stem,inventory,concern,8
MGPI|2017Q2,window25,purchases,volatility,18
MGPI|2017Q3,window25,warehouse,volatility,24
MGPI|2017Q4,seeds,customers,exposure,6
MGPI|2017Q4,stem,customer,exposure,6
MGPI|2019Q2,stem,shortage,shortage,0
MGPI|2019Q4,stem,forecast,volatile,6
MGPI|2019Q4,window25,source,uncertainty,15
MGPI|2021Q3,seeds,supply chain,disruptions,1
MGPI|2021Q3,stem,supply,supply chain disruption,0
MGPI|2022Q4,seeds,supply chain,disruptions,1
MGPI|2022Q4,stem,supply,supply chain disruption,0
JJSF|2023Q3,window25,pipeline,volatility,16
JJSF|2024Q3,stem,channel,volatility,2
JJSF|2024Q3,window25,retail,volatility,11
JJSF|2024Q4,stem,channel,exposure,4
JJSF|2024Q4,window25,channels,uncertainty,12
MGPI|2016Q3,window25,production,risk,13
MGPI|2016Q4,stem,production,concern,9
MGPI|2016Q4,window25,production,risk,15
MGPI|2017Q1,window25,warehouse,volatility,25
IMKTA|2013Q4,window25,customer,concern,20
IMKTA|2013Q3,stem,buy,volatility,8
MGPI|2023Q2,seeds,supply chain,disruptions,1
MGPI|2023Q2,stem,supply,supply chain disruption,0
MGPI|2023Q2,window25,planning,uncertain,11
MGPI|2023Q3,seeds,customers,uncertainty,2
MGPI|2023Q3,stem,customer,uncertainty,2
MGPI|2023Q3,window25,orders,uncertainty,15
MGPI|2023Q4,hyphen,customer,risk,4
MGPI|2023Q4,window25,wholesalers,exposure,20
MGPI|2024Q1,stem,forecast,volatility,3
MGPI|2024Q1,window25,raw,risk,13
MGPI|2024Q4,seeds,customers,disruptions,7
MGPI|2024Q4,stem,customer,disruption,7
MKC|2010Q3,hyphen,retailers,risk,9
IPAR|2018Q4,window25,packaging,risk,14
IPAR|2020Q2,stem,customer,concern,5
IPAR|2020Q2,window25,finished,exposure,19
IPAR|2020Q3,seeds,supply,volatility,1
IPAR|2020Q3,stem,supply,volatility,1
IPAR|2020Q4,stem,material,concern,5
IPAR|2017Q1,window25,channels,exposure,21
IPAR|2012Q2,window25,inventories,concerns,13
JBSS|2012Q2,stem,material,volatile,10
JBSS|2012Q2,window25,raw,volatile,11
MKC|2012Q2,stem,material,volatility,2
MKC|2012Q2,window25,manufacturers,uncertainty,23
MKC|2019Q2,stem,shortage,shortage,0
MKC|2020Q3,stem,shortage,shortage,0
MKC|2020Q3,window25,customer,volatility,11
JBSS|2014Q3,stem,material,volatile,1
JBSS|2015Q4,window25,buying,concerns,22
JBSS|2016Q1,seeds,supply,volatility,3
JBSS|2016Q1,stem,supply,volatility,3
JBSS|2018Q3,seeds,inventory,concerns,3
JBSS|2018Q3,stem,inventory,concern,3
JBSS|2019Q1,stem,order,tariff,7
JBSS|2019Q1,window25,channels,volatile,24
JBSS|2020Q2,window25,retailers,volatility,25
JBSS|2022Q4,window25,retail,uncertain,16
JBSS|2024Q2,seeds,supply,risks,1
JBSS|2024Q2,stem,supply,risk,1
JBSS|2024Q2,window25,distributors,risks,11
JNJ|2012Q3,seeds,supply,supply disruption,0
JNJ|2012Q3,stem,supply,supply disruption,0
JNJ|2012Q3,window25,pipeline,risk,19
JNJ|2012Q4,seeds,supply,supply disruption,0
JNJ|2012Q4,stem,supply,supply disruption,0
JNJ|2014Q1,window25,buying,concern,13
JNJ|2017Q2,stem,order,concern,7
JNJ|2019Q4,window25,fulfill,uncertain,14
JNJ|2020Q2,window25,materials,concerns,20
JNJ|2020Q3,seeds,supply,supply disruption,0
JNJ|2020Q3,stem,supply,supply disruption,0
JNJ|2024Q1,stem,deliver,concern,7
JNJ|2024Q1,window25,sources,risk,23
JNJ|2024Q4,stem,shortage,shortage,0
MRK|2011Q1,seeds,inventory,natural disaster,5
MRK|2011Q1,stem,inventory,natural disaster,5
MRK|2011Q1,window25,pipeline,risk,13
MRK|2011Q2,stem,track,risk,10
MRK|2011Q2,window25,pipeline,risk,13
MRK|2011Q3,stem,track,risk,9
MRK|2012Q1,stem,order,risk,3
MRK|2012Q2,stem,plann,risk,6
MRK|2012Q4,window25,package,concern,14
MRK|2016Q3,window25,component,risk,13
MRK|2017Q1,stem,forecast,risk,5
MRK|2017Q4,stem,forecast,risk,5
MRK|2013Q4,stem,plann,risk,10
LLY|2010Q3,window25,pipeline,risk,15
LLY|2010Q4,stem,pipeline,concern,1
LLY|2011Q4,window25,pipeline,concerns,13
MRK|2020Q1,window25,distributed,susceptible,16
MRK|2020Q3,stem,order,exposure,7
MRK|2020Q4,window25,buying,risk,11
MRK|2021Q1,window25,pipeline,risk,22
MRK|2022Q2,window25,pipeline,risk,15
MRK|2024Q1,hyphen,pipeline,exposure,9
MRK|2024Q2,stem,track,concern,9
MRK|2024Q4,seeds,inventory,risk,4
MRK|2024Q4,stem,inventory,risk,4
MRK|2024Q4,window25,shipments,risk,20
LLY|2013Q3,hyphen,source,single source,0
LLY|2015Q2,window25,pipeline,concern,13
LLY|2015Q3,hyphen,pipeline,risk,10
LLY|2019Q1,stem,track,concern,8
LLY|2019Q4,window25,planning,exposure,12
LLY|2020Q2,seeds,supply,disruptions,3
LLY|2020Q2,stem,supply,disruption,3
LLY|2022Q2,seeds,supply,concern,4
LLY|2022Q2,stem,supply,concern,4
LLY|2022Q4,window25,pipeline,risk,18
LLY|2023Q1,stem,forecast,threat,3
LLY|2023Q4,stem,shortage,shortage,0
LLY|2016Q3,seeds,inventory,volatile,6
LLY|2016Q3,stem,inventory,volatile,6
LLY|2017Q4,stem,order,concern,4
LLY|2024Q4,stem,shortage,shortage,0
BMY|2010Q1,window25,components,risk,19
BMY|2012Q1,window25,planning,risk,15
BMY|2020Q1,stem,plann,concern,9
BMY|2021Q1,stem,plann,concern,8
BMY|2021Q1,window25,planning,uncertainty,11
BMY|2017Q3,seeds,supply,supply disruption,0
BMY|2017Q3,stem,supply,supply disruption,0
BMY|2018Q3,window25,channels,exposure,17
PFE|2010Q1,window25,sources,risks,12
PFE|2011Q2,stem,pipeline,concern,4
CHE|2013Q2,window25,sources,uncertainty,14
CHE|2014Q2,window25,deliver,concern,11
CHE|2014Q3,window25,sources,risks,17
CHE|2014Q4,window25,source,risk,18
BMY|2021Q2,seeds,manufacturing,bottlenecks,1
BMY|2021Q2,hyphen,deliver,risk,7
BMY|2021Q2,stem,shortage,shortage,0
BMY|2022Q1,hyphen,deliver,risk,6
BMY|2022Q2,stem,channel,exposure,3
BMY|2022Q3,window25,pipeline,concerns,13
PFE|2012Q1,window25,package,risks,12
PFE|2012Q3,stem,pipeline,concern,2
PFE|2012Q3,window25,purchases,volatility,19
PFE|2013Q4,stem,pipeline,concern,6
PFE|2014Q3,stem,track,threat,8
PFE|2014Q3,window25,source,concern,13
PFE|2014Q4,window25,pipeline,risks,21
PFE|2024Q3,window25,pipeline,threat,25
PFE|2024Q4,stem,shortage,shortage,0
CHE|2011Q4,stem,component,concern,7
PFE|2015Q1,window25,route,volatility,19
PFE|2015Q2,stem,order,volatility,8
PFE|2015Q2,window25,shipments,volatility,23
PFE|2017Q2,window25,delivering,uncertainties,21
PFE|2020Q2,seeds,supply chain,disruption,3
PFE|2020Q2,stem,material,disruption,1
PFE|2020Q2,window25,planning,exposure,23
CHE|2016Q1,stem,stock,volatility,3
CHE|2019Q3,window25,deliver,disruptions,12
BIO|2012Q4,window25,shipping,uncertainty,19
BIO|2013Q1,stem,purchase,contingency,4
PFE|2021Q1,stem,order,risk,3
PFE|2021Q3,seeds,manufacturing,risk,3
PFE|2021Q3,stem,manufactur,risk,3
PFE|2021Q4,stem,shortage,shortage,0
PFE|2022Q4,window25,delivering,risk,24
CHE|2020Q1,stem,material,disruption,6
CHE|2020Q1,window25,retail,disruption,24
CHE|2020Q2,seeds,customers,concern,2
CHE|2020Q2,hyphen,customer,risk,6
CHE|2020Q2,stem,customer,concern,2
CHE|2021Q2,stem,deliver,concern,8
CHE|2021Q2,window25,customer,disruption,21
CHE|2022Q2,stem,shortage,shortage,0
CHE|2022Q3,stem,shortage,shortage,0
BIO|2015Q3,stem,stock,exposure,6
BIO|2019Q1,window25,orders,uncertain,20
BIO|2020Q3,seeds,supply,supply chain disruption,0
BIO|2020Q3,stem,supply,supply chain disruption,0
BIO|2022Q3,window25,truck,sanction,13
BIO|2024Q1,seeds,supply,sanctions,7
BIO|2024Q1,stem,supply,sanction,7
BAX|2018Q1,seeds,manufacturing,disruption,1
BAX|2018Q1,stem,manufactur,disruption,1
BAX|2018Q1,window25,production,disruption,23
BAX|2019Q3,seeds,supply,supply disruption,0
BAX|2019Q3,stem,supply,supply disruption,0
BAX|2019Q3,window25,delivery,supply disruption,14
BAX|2020Q1,seeds,purchasing,uncertainty,10
BAX|2020Q1,stem,purcha,uncertainty,10
BAX|2020Q1,window25,supplies,exposure,12
BAX|2020Q4,window25,purchases,risks,21
BAX|2021Q2,seeds,customers,exposure,6
BAX|2021Q2,stem,customer,exposure,6
BAX|2024Q3,seeds,manufacturing,risk,7
BAX|2024Q3,stem,shortage,shortage,0
BAX|2024Q3,window25,raw,tariffs,12
BAX|2010Q1,stem,shortage,shortage,0
BAX|2011Q4,seeds,manufacturing,risk,6
BAX|2011Q4,stem,manufactur,risk,6
BAX|2011Q4,window25,customer,risk,14
BAX|2012Q1,window25,pipeline,uncertainty,19
BAX|2014Q2,stem,shortage,shortage,0
HUM|2012Q4,hyphen,delivery,risk,3
HUM|2012Q4,window25,delivery,risk,19
HUM|2013Q4,stem,plann,volatility,3
HUM|2013Q4,window25,networks,disruptions,17
HUM|2015Q1,hyphen,network,disruption,3
HUM|2015Q1,stem,track,risk,6
HUM|2015Q1,window25,delivery,risk,14
HUM|2017Q2,window25,delivery,risk,13
HUM|2017Q3,stem,forecast,uncertainty,4
HUM|2017Q4,window25,delivery,risk,18
BAX|2015Q2,stem,shortage,shortage,0
BAX|2015Q2,window25,source,shortage,22
BAX|2017Q1,seeds,supply,supply disruption,0
BAX|2017Q1,stem,supply,supply disruption,0
BAX|2017Q3,seeds,supply,disruptions,5
BAX|2017Q3,stem,supply,disruption,5
BAX|2017Q3,window25,deliver,concerns,12
HUM|2010Q1,window25,network,risk,11
HUM|2010Q3,window25,retail,volatility,15
HUM|2011Q1,stem,shortage,shortage,0
HUM|2011Q2,window25,delivery,risks,21
HUM|2012Q3,hyphen,network,risk,5
HUM|2022Q2,window25,tracking,concerns,15
HUM|2022Q4,window25,delivering,uncertainty,25
HUM|2023Q4,stem,shortage,shortage,0
HUM|2018Q3,window25,retail,exposure,17
HUM|2019Q1,window25,components,risk,12
HUM|2019Q3,window25,sources,risk,13
HUM|2019Q4,window25,buying,risky,18
NVO|2018Q3,stem,pipeline,concern,5
NVO|2019Q1,seeds,supply chain,uncertain,2
NVO|2019Q1,stem,supply,uncertain,3
NVO|2019Q1,window25,planning,uncertainties,16
NVO|2019Q3,seeds,inventory,exposure,4
NVO|2019Q3,stem,inventory,exposure,4
NVO|2019Q4,seeds,supply,supply disruption,0
NVO|2019Q4,stem,supply,supply disruption,0
NVO|2020Q2,stem,stock,volatility,8
MDT|2017Q3,window25,delivering,exposure,19
MDT|2018Q2,seeds,supply,shortage,1
MDT|2018Q2,stem,shortage,shortage,0
MDT|2018Q3,stem,shortage,shortage,0
MDT|2019Q2,window25,deliver,tariffs,21
MDT|2019Q3,window25,deliver,tariffs,12
MDT|2020Q1,window25,pipeline,risk,18
NVO|2013Q4,window25,planning,risk,20
NVO|2014Q1,window25,distributor,concern,23
NVO|2015Q2,seeds,distribution,exposure,10
MDT|2014Q2,window25,planning,risk,16
MDT|2014Q4,seeds,supply,supply disruption,0
MDT|2014Q4,stem,supply,supply disruption,0
MDT|2015Q2,seeds,supply,risk,10
MDT|2015Q2,stem,track,concern,5
MDT|2017Q1,stem,track,risk,5
MDT|2024Q3,window25,delivering,exposure,22
MDT|2024Q4,window25,delivering,exposure,18
NVO|2010Q3,seeds,manufacturing,risks,3
NVO|2010Q3,stem,manufactur,risk,3
NVO|2010Q3,window25,delivering,concerns,21
NVO|2012Q1,stem,track,uncertainty,7
NVO|2013Q1,stem,order,risk,6
MDT|2010Q3,window25,deliver,uncertainty,12
MDT|2010Q4,seeds,customers,disruption,7
MDT|2010Q4,stem,customer,disruption,7
MDT|2011Q4,seeds,supply,shortage,1
MDT|2011Q4,stem,shortage,shortage,0
MDT|2011Q4,window25,component,uncertainty,22
MDT|2012Q2,stem,finish,risk,5
MDT|2012Q2,window25,delivery,uncertainty,25
MDT|2012Q3,seeds,supply,supply disruption,0
MDT|2012Q3,stem,supply,supply disruption,0
MDT|2012Q3,window25,pipelines,concern,11
MDT|2013Q2,window25,delivery,uncertainty,16
MDT|2020Q3,seeds,manufacturing,concern,6
MDT|2020Q3,stem,manufactur,concern,6
MDT|2020Q3,window25,orders,susceptible,16
MDT|2020Q4,window25,pipeline,tariffs,20
MDT|2023Q4,stem,customer,concern,4
MDT|2024Q1,seeds,procurement,sanctions,6
NVO|2021Q1,seeds,supply chain,volatility,1
NVO|2021Q1,stem,supply,volatility,2
NVO|2021Q1,window25,wholesalers,volatility,11
NVO|2022Q1,window25,production,volatility,25
NVO|2022Q3,seeds,supply,concerns,7
NVO|2022Q3,stem,supply,concern,7
NVO|2022Q4,seeds,supply,shortage,5
NVO|2022Q4,stem,shortage,shortage,0
NVO|2023Q3,seeds,supply,shortage,5
NVO|2023Q3,stem,shortage,shortage,0
NVO|2023Q4,seeds,supply,shortage,5
NVO|2023Q4,stem,shortage,shortage,0
NVO|2024Q1,window25,production,risk,11
NVO|2024Q2,stem,shortage,shortage,0
NVO|2024Q2,window25,pipeline,risk,22
THC|2010Q3,window25,clients,risk,11
THC|2011Q4,hyphen,deliveries,risk,6
THC|2013Q1,stem,network,concern,4
THC|2013Q1,window25,sources,concerns,22
THC|2013Q2,window25,network,uncertainties,20
THC|2013Q4,seeds,purchasing,risk,5
THC|2013Q4,stem,purcha,risk,5
THC|2014Q3,stem,stock,volatility,3
THC|2014Q3,window25,client,risk,16
THC|2015Q4,window25,buying,risk,19
THC|2016Q4,stem,track,risk,4
THC|2017Q1,window25,source,uncertainty,24
THC|2017Q2,stem,shortage,shortage,0
THC|2024Q1,stem,forecast,risk,3
THC|2024Q1,window25,planning,risk,15
CI|2010Q2,window25,customer,risk,11
CI|2010Q4,window25,clients,disruption,18
CI|2011Q4,window25,client,volatile,11
CI|2012Q2,window25,delivering,risks,12
THC|2020Q2,window25,network,risks,11
THC|2020Q3,window25,network,disruption,20
THC|2020Q4,seeds,distribution,uncertainty,3
THC|2021Q3,stem,shortage,shortage,0
THC|2023Q3,window25,pipeline,lead time,16
CI|2012Q4,stem,deliver,concern,9
CI|2013Q4,stem,order,risk,8
CI|2013Q4,window25,network,risk,13
CI|2014Q4,stem,deliver,risk,2
CI|2014Q4,window25,network,risk,12
CI|2016Q3,window25,deliver,sanctions,14
CI|2016Q4,window25,deliver,risk,15
CI|2017Q1,seeds,customers,risks,5
CI|2017Q1,stem,customer,risk,5
CI|2022Q2,hyphen,clients,risk,8
CI|2022Q2,stem,material,disruption,6
CI|2022Q4,window25,customer,risk,15
CI|2023Q1,window25,clients,risk,11
CI|2023Q2,seeds,customers,risks,7
CI|2023Q2,stem,customer,risk,7
CI|2023Q2,window25,customer,risk,11
CI|2023Q3,stem,customer,concern,1
CI|2024Q2,window25,clients,risk,14
BDX|2017Q2,seeds,inventory,disruption,1
BDX|2017Q2,stem,inventory,disruption,1
BDX|2017Q3,seeds,purchasing,uncertainty,9
BDX|2017Q3,stem,purcha,uncertainty,9
BDX|2010Q1,seeds,purchasing,exposures,6
BDX|2010Q1,stem,purcha,exposure,6
BDX|2010Q4,window25,components,risks,13
BDX|2011Q3,stem,packag,risk,7
BDX|2012Q3,seeds,customers,threat,5
BDX|2012Q3,stem,customer,threat,5
CI|2017Q4,window25,retail,risk,23
CI|2019Q2,window25,delivery,concern,22
CI|2019Q3,window25,customer,risk,22
CI|2020Q1,seeds,customers,risk,10
CI|2020Q1,stem,customer,risk,10
CI|2020Q1,window25,clients,uncertainty,11
CI|2022Q1,window25,customer,uncertain,17
BDX|2013Q2,window25,planning,concerns,15
BDX|2013Q3,stem,customer,concern,2
BDX|2014Q1,window25,pipeline,risk,19
BDX|2014Q2,window25,customer,risk,25
BDX|2018Q1,seeds,supply,disruptions,1
BDX|2018Q1,stem,supply,supply disruption,0
BDX|2020Q1,seeds,customers,risks,6
BDX|2020Q1,stem,customer,risk,6
BDX|2020Q3,seeds,customers,disruptions,3
BDX|2020Q3,stem,customer,disruption,3
BDX|2020Q4,hyphen,customer,risk,8
BDX|2020Q4,stem,shortage,shortage,0
BDX|2020Q4,window25,customer,risk,11
BDX|2021Q3,window25,sources,disruption,17
BDX|2024Q4,seeds,supply,tariffs,1
BDX|2024Q4,stem,supply,tariff,1
ABT|2011Q1,seeds,manufacturing,disruption,4
ABT|2011Q1,stem,manufactur,disruption,4
ABT|2017Q4,window25,channels,disruption,17
ABT|2018Q4,stem,forecast,uncertainty,4
ABT|2019Q1,window25,pipelines,concerns,16
ABT|2019Q2,window25,pipeline,risk,23
ABT|2013Q2,window25,deliver,volatility,12
ABT|2013Q3,stem,deliver,disruption,7
ABT|2013Q3,window25,overseas,volatile,13
RVTY|2011Q2,window25,buying,risks,25
RVTY|2011Q4,seeds,customers,risk,7
RVTY|2011Q4,stem,customer,risk,7
RVTY|2011Q4,window25,customer,risk,20
ABT|2019Q4,window25,pipeline,concerns,24
ABT|2022Q4,seeds,manufacturing,disruptions,1
ABT|2022Q4,stem,manufactur,disruption,1
ABT|2022Q4,window25,production,disruptions,11
ABT|2023Q2,seeds,supply chain,disruptions,1
ABT|2023Q2,stem,supply,supply chain disruption,0
ABT|2014Q1,stem,channel,disruption,1
ABT|2014Q1,window25,manufacture,risk,24
ABT|2014Q2,stem,order,disruption,7
ABT|2014Q2,window25,deliver,volatility,16
ABT|2014Q4,stem,shortage,shortage,0
ABT|2016Q2,stem,forecast,uncertainty,9
RVTY|2012Q2,stem,buy,bottleneck,10
RVTY|2012Q4,window25,supplying,exposure,12
RVTY|2013Q3,stem,forecast,uncertainty,6
RVTY|2013Q3,window25,customer,threat,12
RVTY|2016Q1,window25,supplier,volatile,16
RVTY|2018Q2,seeds,manufacturing,tariff,10
RVTY|2018Q2,stem,manufactur,tariff,10
RVTY|2018Q2,window25,customer,disruption,13
RVTY|2020Q1,stem,deliver,uncertainty,8
RVTY|2021Q3,seeds,logistics,shortage,1
RVTY|2021Q3,stem,shortage,shortage,0
RVTY|2022Q1,window25,packaging,uncertainty,12
COO|2013Q1,window25,components,risks,23
COO|2014Q1,stem,deliver,capacity constraint,7
COO|2014Q3,window25,distributor,volatility,11
COO|2015Q2,seeds,supply,bottlenecks,3
COO|2015Q2,stem,supply,bottleneck,3
COO|2015Q2,window25,production,bottlenecks,18
COO|2016Q2,seeds,manufacturing,disruptions,9
COO|2016Q2,stem,manufactur,disruption,9
RVTY|2024Q2,hyphen,customer,concern,6
RVTY|2024Q4,seeds,customers,uncertainty,8
RVTY|2024Q4,stem,customer,uncertainty,8
COO|2012Q1,window25,production,susceptible,14
COO|2016Q4,window25,production,uncertainties,23
COO|2018Q1,stem,retailer,concern,6
COO|2024Q4,seeds,inventory,disruption,4
COO|2024Q4,stem,inventory,disruption,4
AMS|2012Q1,window25,procure,risk,11
AMS|2012Q3,stem,stock,volatility,1
AMS|2013Q4,window25,delivery,concern,18
AMS|2018Q4,stem,stock,exposure,1
AMS|2021Q2,stem,stock,exposure,8
COO|2019Q2,window25,source,tariffs,18
COO|2019Q3,stem,channel,disruption,3
COO|2020Q1,seeds,manufacturing,disruptions,9
COO|2020Q1,stem,manufactur,disruption,9
AMS|2017Q1,window25,purchases,risk,17
COO|2023Q1,seeds,supply,concerns,1
COO|2023Q1,stem,supply,concern,1
COO|2023Q2,seeds,supply,disruption,5
COO|2023Q2,stem,supply,disruption,5
COO|2023Q2,window25,production,disruption,16
COO|2023Q4,window25,packaging,risks,25
AMGN|2013Q2,window25,wholesale,risk,19
AMGN|2015Q1,window25,ordering,risk,16
AMGN|2017Q1,window25,source,concerns,14
AMGN|2020Q4,stem,deliver,disruption,4
AMGN|2020Q4,window25,pipeline,disruption,21
AMGN|2022Q4,stem,channel,disruption,5
AMGN|2024Q1,seeds,supply,concerns,2
AMGN|2024Q1,stem,supply,concern,2
AMGN|2024Q1,window25,deliver,risk,24
AMGN|2024Q2,window25,deliver,risk,24
CVS|2010Q3,stem,shortage,shortage,0
CVS|2010Q3,window25,client,lead time,13
CVS|2022Q2,seeds,customers,disruption,3
CVS|2022Q2,stem,customer,disruption,3
CVS|2022Q3,window25,delivering,uncertainty,22
CVS|2018Q3,seeds,customers,risk,6
CVS|2018Q3,hyphen,source,single source,0
CVS|2018Q3,stem,customer,risk,6
CVS|2018Q4,hyphen,source,single source,0
CVS|2018Q4,window25,retail,concerns,23
CVS|2019Q3,seeds,purchasing,exposure,9
CVS|2019Q3,stem,channel,concern,6
CVS|2019Q3,window25,clients,concern,21
CVS|2019Q4,hyphen,source,single source,0
CVS|2010Q4,seeds,customers,concerns,4
CVS|2010Q4,stem,shortage,shortage,0
CVS|2012Q2,stem,shortage,shortage,0
CVS|2012Q4,window25,clients,sanction,12
CVS|2015Q3,window25,retail,concern,13
CVS|2017Q3,window25,delivery,concern,12
CVS|2023Q1,stem,deliver,uncertainty,7
CVS|2023Q1,window25,deliver,risk,17
CVS|2023Q2,window25,retail,uncertainty,13
GSK|2011Q1,window25,pipeline,risk,16
GSK|2012Q2,seeds,manufacturing,lead times,8
GSK|2012Q2,stem,material,exposure,4
GSK|2012Q2,window25,forecasting,volatility,15
GSK|2012Q4,window25,pipeline,exposure,25
GSK|2014Q1,seeds,supply,supply disruption,0
GSK|2014Q1,stem,supply,supply disruption,0
GSK|2014Q1,window25,sources,concern,17
GSK|2014Q3,seeds,supply,disruptions,1
GSK|2014Q3,stem,supply,supply disruption,0
GSK|2014Q4,seeds,supply,supply disruption,0
GSK|2014Q4,stem,supply,supply disruption,0
GSK|2015Q1,seeds,supply,bottlenecks,3
GSK|2015Q1,stem,supply,bottleneck,3
GSK|2015Q1,window25,shipments,disruptions,19
GSK|2016Q1,seeds,supply,disruptions,1
GSK|2016Q1,stem,supply,supply disruption,0
GSK|2016Q1,window25,orders,shortage,23
GSK|2016Q3,stem,delivery,concern,7
GSK|2017Q2,seeds,supply,volatility,7
GSK|2017Q2,stem,supply,volatility,7
GSK|2019Q1,seeds,manufacturing,concerns,4
GSK|2019Q1,stem,manufactur,concern,4
GSK|2020Q1,seeds,manufacturing,risk,3
GSK|2020Q1,stem,manufactur,risk,3
GSK|2020Q1,window25,stocking,uncertain,11
GSK|2020Q2,stem,track,disruption,7
GSK|2020Q2,window25,delivery,disruption,11
GSK|2021Q3,stem,track,disruption,3
GSK|2021Q4,hyphen,production,risk,2
GSK|2021Q4,stem,forecast,risk,4
GSK|2021Q4,window25,component,risk,11
GSK|2022Q3,hyphen,pipeline,risk,2
GSK|2023Q2,window25,pipeline,risk,21
GSK|2024Q2,window25,delivering,risk,18
GSK|2024Q3,window25,pipeline,risk,15
TMO|2010Q1,stem,customer,concern,3
TMO|2010Q1,window25,customer,bottlenecks,17
TMO|2010Q2,seeds,customers,risk,9
TMO|2010Q2,stem,customer,risk,9
TMO|2011Q2,seeds,distribution,disruption,7
TMO|2011Q2,window25,network,disruptions,13
TMO|2011Q4,window25,deliver,uncertain,23
TMO|2012Q1,window25,buying,disruption,25
TMO|2012Q4,seeds,customers,exposure,6
TMO|2012Q4,stem,customer,exposure,6
TMO|2012Q4,window25,customer,exposure,19
TMO|2013Q3,window25,materials,exposure,13
TMO|2014Q2,window25,shipped,lead time,21
TMO|2017Q1,window25,tracking,uncertainty,22
TMO|2021Q2,stem,shortage,shortage,0
TMO|2021Q2,window25,orders,shortage,25
TMO|2022Q1,window25,supplies,disruptions,21
TMO|2022Q2,seeds,customers,concerns,5
TMO|2022Q2,stem,customer,concern,5
TMO|2022Q2,window25,materials,concerns,25
TMO|2014Q3,seeds,supply,threat,5
TMO|2014Q3,stem,supply,threat,5
TMO|2014Q3,window25,materials,exposure,11
TMO|2015Q1,window25,customer,exposure,23
TMO|2016Q2,window25,components,volatility,14
TMO|2016Q3,seeds,customers,concern,6
TMO|2016Q3,stem,customer,concern,6
TMO|2016Q3,window25,planning,uncertain,18
TMO|2022Q3,stem,finish,concern,9
TMO|2022Q3,window25,purchased,volatility,12
TMO|2022Q4,seeds,supply chain,disruptions,1
TMO|2022Q4,stem,supply,supply chain disruption,0
TMO|2022Q4,window25,deliver,disruptions,11
DHR|2010Q2,window25,pipeline,volatility,18
DHR|2010Q4,window25,packaging,exposure,23
DHR|2011Q2,seeds,supply,risks,3
DHR|2011Q2,hyphen,oem,risks,5
DHR|2011Q2,stem,supply,risk,3
DHR|2015Q2,stem,shortage,shortage,0
DHR|2015Q2,window25,pipeline,concern,24
DHR|2016Q1,stem,deliver,uncertain,9
DHR|2016Q2,stem,channel,volatility,1
DHR|2016Q2,window25,production,risk,18
DHR|2017Q1,stem,inventory,concern,2
DHR|2017Q4,stem,order,disruption,7
DHR|2017Q4,window25,finished,disruptions,15
DHR|2012Q4,window25,finished,uncertainty,15
DHR|2013Q3,window25,customer,volatile,19
DHR|2014Q4,stem,buyer,volatility,10
DHR|2018Q2,seeds,manufacturing,tariffs,6
DHR|2018Q2,stem,manufactur,tariff,6
DHR|2020Q1,seeds,customers,uncertainty,3
DHR|2020Q1,stem,customer,uncertainty,3
DHR|2020Q4,stem,order,exposure,4
DHR|2021Q4,seeds,supply,bottlenecks,1
DHR|2021Q4,stem,supply,bottleneck,1
DHR|2024Q2,seeds,manufacturing,capacity constraints,6
DHR|2024Q2,stem,manufactur,capacity constraint,6
PHG|2011Q3,stem,order,uncertain,6
PHG|2011Q3,window25,supplier,concern,16
PHG|2016Q2,window25,deliver,concerns,18
PHG|2016Q3,hyphen,deliver,risk,9
PHG|2017Q2,window25,customer,uncertainty,17
PHG|2013Q2,seeds,purchasing,uncertainties,7
PHG|2013Q2,stem,purcha,uncertainty,7
PHG|2013Q2,window25,orders,volatility,19
PHG|2013Q3,seeds,purchasing,uncertainties,7
PHG|2013Q3,stem,purcha,uncertainty,7
PHG|2013Q3,window25,orders,volatility,22
PHG|2014Q2,window25,backlog,risks,21
PHG|2014Q3,stem,material,risk,1
PHG|2014Q4,window25,shipments,disruption,18
PHG|2015Q1,seeds,inventory,shortage,1
PHG|2015Q1,stem,shortage,shortage,0
PHG|2015Q1,window25,shipping,shortage,15
PHG|2019Q4,stem,deliver,tariff,3
PHG|2019Q4,window25,components,tariffs,22
PHG|2020Q1,stem,supply,concern,2
PHG|2020Q4,window25,pipeline,concerns,16
CAH|2014Q1,seeds,supply,disruptions,1
CAH|2014Q1,stem,supply,supply disruption,0
WST|2015Q2,window25,components,exposures,15
WST|2018Q2,seeds,customers,lead times,3
WST|2018Q2,stem,customer,lead time,3
WST|2018Q2,window25,storage,volatility,16
WST|2018Q3,seeds,customers,lead times,7
WST|2018Q3,stem,customer,lead time,7
WST|2019Q4,seeds,customers,risks,3
WST|2019Q4,stem,customer,risk,3
WST|2019Q4,window25,components,risks,21
CAH|2018Q1,seeds,customers,natural disasters,7
CAH|2018Q1,stem,customer,natural disaster,7
CAH|2018Q2,seeds,supply,disruptions,1
CAH|2018Q2,stem,supply,supply disruption,0
CAH|2018Q2,window25,materials,exposures,14
CAH|2018Q3,seeds,inventory,concern,5
CAH|2018Q3,stem,inventory,concern,5
CAH|2018Q3,window25,warehouses,concern,16
CAH|2019Q2,seeds,inventory,risk,1
CAH|2019Q2,stem,inventory,risk,1
CAH|2019Q3,stem,order,disruption,8
CAH|2015Q3,stem,channel,exposure,4
CAH|2016Q3,seeds,inventory,risk,1
CAH|2016Q3,stem,inventory,risk,1
CAH|2017Q3,window25,planning,disruption,17
WST|2020Q3,seeds,customers,disruptions,6
WST|2020Q3,stem,customer,disruption,6
WST|2020Q4,window25,plants,lead time,21
WST|2022Q4,window25,delivery,risk,14
WST|2023Q3,window25,ordering,volatility,14
WST|2024Q4,seeds,manufacturing,lead times,1
WST|2024Q4,stem,manufactur,lead time,1
SYK|2010Q1,seeds,distribution,disruptions,1
CAH|2021Q3,seeds,sourcing,geographic concentration,3
CAH|2021Q3,stem,sourc,geographic concentration,3
CAH|2021Q3,window25,procure,uncertainties,23
CAH|2022Q1,seeds,supply chain,disruptions,1
CAH|2022Q1,stem,supply,supply chain disruption,0
CAH|2022Q1,window25,raw,volatility,20
CAH|2022Q3,seeds,supply,disruptions,1
CAH|2022Q3,stem,supply,supply disruption,0
CAH|2022Q3,window25,network,disruptions,15
CAH|2022Q4,seeds,supply chain,disruptions,1
CAH|2022Q4,stem,supply,supply chain disruption,0
CAH|2023Q3,window25,deliver,volatility,23
CAH|2024Q3,stem,network,concern,2
CAH|2024Q3,window25,orders,risk,25
WST|2013Q3,stem,stock,lead time,7
SYK|2010Q3,window25,customer,concern,16
SYK|2012Q2,window25,forecasting,risk,14
SYK|2012Q4,window25,network,exposure,18
SYK|2014Q2,window25,pipeline,disruptions,17
SYK|2015Q1,seeds,supply,supply disruption,0
SYK|2015Q1,stem,supply,supply disruption,0
SYK|2016Q2,seeds,supply,supply disruption,0
SYK|2016Q2,stem,supply,supply disruption,0
SYK|2016Q2,window25,pipeline,supply disruption,12
SYK|2016Q3,seeds,supply chain,disruptions,1
SYK|2016Q3,stem,supply,supply chain disruption,0
SYK|2016Q3,window25,pipeline,concerns,12
SYK|2017Q3,seeds,supply,disruptions,1
SYK|2017Q3,stem,supply,supply disruption,0
SYK|2017Q3,window25,shipments,disruption,15
SYK|2024Q4,window25,deliver,downside,14
TFX|2011Q3,window25,materials,exposure,14
TFX|2013Q1,stem,order,exposure,9
TFX|2013Q1,window25,source,exposure,25
TFX|2013Q4,window25,shipping,uncertainty,23
SYK|2018Q2,window25,deliver,bottlenecks,13
SYK|2018Q3,seeds,supply,supply disruption,0
SYK|2018Q3,stem,supply,supply disruption,0
SYK|2020Q1,seeds,supply,disruptions,1
SYK|2020Q1,stem,supply,supply disruption,0
SYK|2020Q1,window25,deliver,uncertainty,11
TFX|2014Q2,window25,orders,risk,19
TFX|2014Q4,window25,planning,exposures,16
TFX|2015Q3,window25,buying,volatility,18
TFX|2016Q3,stem,forecast,risk,5
SYK|2020Q2,window25,delivery,concerns,17
SYK|2024Q2,seeds,supply,supply disruption,0
SYK|2024Q2,stem,supply,supply disruption,0
SYK|2024Q2,window25,transport,supply disruption,17
TFX|2020Q4,window25,distribute,volatile,19
TFX|2023Q3,seeds,supply chain,volatility,1
TFX|2023Q3,stem,supply,volatility,2
TFX|2023Q3,window25,delivery,risk,15
TFX|2024Q1,window25,raw,exposure,19
ACH|2011Q4,stem,customer,concern,2
TFX|2019Q2,seeds,logistics,tariffs,2
TFX|2019Q4,window25,oem,tariffs,25
TFX|2020Q3,stem,material,uncertainty,4
ACH|2016Q2,window25,customer,risk,25
ACH|2017Q1,seeds,supply,supply disruption,0
ACH|2017Q1,stem,supply,supply disruption,0
ACH|2017Q1,window25,manufacturers,supply disruption,24
ACH|2017Q3,window25,orders,risk,19
ACH|2012Q4,seeds,customers,disruption,3
ACH|2012Q4,stem,customer,disruption,3
ACH|2012Q4,window25,truck,disruption,23
ACH|2014Q2,window25,distributor,risk,12
ACH|2015Q2,seeds,customers,volatility,9
ACH|2015Q2,stem,customer,volatility,9
ACH|2015Q2,window25,customer,exposure,24
ACH|2017Q4,seeds,suppliers,disruptions,7
ACH|2017Q4,stem,shortage,shortage,0
ACH|2019Q2,seeds,customers,risk,2
ACH|2019Q2,stem,customer,risk,2
ACH|2019Q4,seeds,supply,supply chain disruption,0
ACH|2019Q4,stem,supply,supply chain disruption,0
ACH|2019Q4,window25,production,disruptions,12
ACH|2021Q1,seeds,customers,shortage,5
ACH|2021Q1,stem,shortage,shortage,0
RGEN|2012Q2,seeds,supply,risk,4
RGEN|2012Q2,stem,supply,risk,4
RGEN|2014Q2,stem,material,exposure,5
HCSG|2014Q3,seeds,distribution,risk,1
HCSG|2014Q3,stem,pipeline,concern,3
HCSG|2014Q4,stem,forecast,susceptible,4
HCSG|2020Q2,stem,forecast,uncertainty,5
HCSG|2020Q2,window25,component,uncertainty,13
HCSG|2020Q3,stem,forecast,susceptible,4
HCSG|2020Q3,window25,customer,uncertainty,17
HCSG|2022Q1,stem,forecast,susceptible,4
HCSG|2022Q2,stem,forecast,susceptible,4
HCSG|2022Q2,window25,clients,uncertainty,21
HCSG|2023Q1,window25,tracking,uncertainty,15
HCSG|2015Q3,stem,forecast,susceptible,4
HCSG|2016Q2,stem,forecast,susceptible,4
HCSG|2016Q2,window25,customer,concern,14
HCSG|2016Q4,stem,forecast,susceptible,4
HCSG|2017Q1,stem,forecast,susceptible,4
HCSG|2017Q2,stem,forecast,susceptible,4
HCSG|2017Q3,stem,forecast,susceptible,4
HCSG|2018Q2,stem,forecast,susceptible,3
HCSG|2018Q2,window25,pipeline,bottleneck,16
HCSG|2019Q4,stem,forecast,susceptible,4
HCSG|2019Q4,window25,customer,concern,20
RGEN|2015Q1,seeds,manufacturing,exposure,9
RGEN|2015Q1,stem,manufactur,exposure,9
RGEN|2015Q1,window25,factories,exposure,12
RGEN|2015Q2,seeds,manufacturing,exposure,9
RGEN|2015Q2,stem,manufactur,exposure,9
RGEN|2015Q3,seeds,manufacturing,exposure,9
RGEN|2015Q3,stem,manufactur,exposure,9
RGEN|2015Q3,window25,pipeline,volatility,13
RGEN|2016Q3,window25,factory,lead times,19
RGEN|2016Q4,window25,production,lead times,14
RGEN|2017Q1,seeds,customers,lead times,3
RGEN|2017Q1,stem,customer,lead time,3
RGEN|2017Q1,window25,production,lead times,15
RGEN|2018Q1,seeds,logistics,concern,2
RGEN|2018Q1,stem,plann,lead time,4
RGEN|2018Q1,window25,clients,concern,21
RGEN|2020Q2,stem,order,lead time,4
RGEN|2020Q2,window25,orders,lead times,20
RGEN|2021Q1,seeds,customers,lead times,3
RGEN|2021Q1,stem,customer,lead time,3
RGEN|2021Q1,window25,delivering,lead times,11
RGEN|2022Q1,seeds,customers,lead times,3
RGEN|2022Q1,stem,customer,lead time,3
RGEN|2022Q4,stem,order,lead time,7
RGEN|2022Q4,window25,deliveries,lead times,20
RGEN|2023Q4,stem,order,concern,1
RGEN|2023Q4,window25,purchased,concern,17
UNH|2013Q1,seeds,customers,risk,10
UNH|2013Q1,stem,customer,risk,10
UNH|2013Q2,stem,deliver,risk,10
UNH|2017Q4,window25,customer,risk,23
UNH|2019Q3,window25,delivery,risk,15
UNH|2019Q4,stem,stock,volatility,1
UNH|2019Q4,window25,delivery,risk,25
UNH|2020Q2,window25,pipeline,disruption,16
UNH|2020Q4,hyphen,component,risk,4
UNH|2020Q4,window25,component,risk,17
UNH|2022Q2,window25,delivery,vulnerability,14
UNH|2023Q2,seeds,supply,bottlenecks,1
UNH|2023Q2,stem,shortage,shortage,0
UNH|2023Q2,window25,network,shortage,18
UNH|2023Q3,stem,customer,concern,7
UNH|2023Q3,window25,manufacturers,risk,14
UHS|2015Q3,stem,shortage,shortage,0
UHS|2018Q1,seeds,supply,volatile,7
UHS|2018Q1,stem,supply,volatile,7
UHS|2018Q3,stem,shortage,labor shortage,0
UHS|2019Q2,window25,components,volatility,11
UNH|2014Q1,window25,delivering,uncertain,18
UNH|2015Q2,hyphen,deliver,risk,10
UNH|2015Q2,window25,channels,risk,15
UNH|2015Q3,window25,clients,risk,24
UNH|2016Q1,window25,networks,exposure,23
UNH|2016Q2,stem,track,exposure,9
UNH|2016Q2,window25,pipeline,lead time,21
UHS|2019Q3,stem,shortage,labor shortage,0
UHS|2020Q1,stem,shortage,shortage,0
UHS|2020Q2,window25,deliver,concerns,11
UHS|2022Q4,stem,shortage,shortage,0
UHS|2023Q1,seeds,supply,supply disruption,0
UHS|2023Q1,stem,supply,supply disruption,0
UHS|2023Q3,stem,shortage,shortage,0
CNMD|2010Q3,window25,deliver,exposure,21
CNMD|2011Q4,stem,customer,concern,2
CNMD|2013Q3,seeds,customers,uncertainty,4
CNMD|2013Q3,stem,customer,uncertainty,4
CNMD|2013Q4,stem,manufactur,concern,10
CNMD|2014Q1,window25,component,susceptible,17
CNMD|2014Q3,window25,delivering,concerns,13
CNMD|2016Q1,window25,component,disruptions,16
CNMD|2016Q3,stem,track,risk,6
TEVA|2024Q1,stem,forecast,uncertainty,3
TEVA|2024Q1,window25,pipeline,volatility,11
TEVA|2024Q4,window25,planning,uncertain,19
CNMD|2019Q3,stem,channel,disruption,1
CNMD|2019Q3,window25,channels,disruption,11
AXGN|2014Q3,window25,supplies,risk,13
AXGN|2016Q1,seeds,distribution,disruptions,3
AXGN|2016Q1,stem,manufactur,disruption,10
AXGN|2016Q2,window25,manufactured,downside,21
CNMD|2020Q4,window25,deliver,uncertainties,19
CNMD|2023Q3,seeds,supply,supply disruption,0
CNMD|2023Q3,stem,supply,supply disruption,0
CNMD|2024Q2,seeds,customers,disruption,1
CNMD|2024Q2,stem,customer,disruption,1
AXGN|2017Q4,seeds,inventory,concern,5
AXGN|2017Q4,stem,inventory,concern,5
AXGN|2019Q3,stem,plann,concern,8
AXGN|2020Q3,seeds,customers,disruption,8
AXGN|2020Q3,stem,customer,disruption,8
AXGN|2024Q3,stem,shortage,shortage,0
LH|2011Q3,window25,network,concern,13
LH|2013Q1,window25,delivery,risk,21
LH|2018Q3,stem,deliver,ransomware,8
LH|2018Q3,window25,deliver,ransomware,12
LH|2013Q2,window25,pipelines,exposure,20
LH|2014Q2,window25,clients,concerns,14
LH|2014Q4,window25,clients,disruption,23
XRAY|2010Q2,stem,purcha,concern,8
XRAY|2010Q3,stem,distributor,concern,6
XRAY|2011Q1,seeds,supply,supply disruption,0
XRAY|2011Q1,stem,supply,supply disruption,0
XRAY|2011Q1,window25,production,uncertain,14
XRAY|2011Q2,seeds,supply,supply disruption,0
XRAY|2011Q2,stem,supply,supply disruption,0
XRAY|2011Q2,window25,pipeline,risk,22
XRAY|2011Q3,window25,production,volatility,19
LH|2016Q2,stem,order,volatility,6
LH|2017Q3,seeds,customers,concerns,6
LH|2017Q3,stem,customer,concern,6
LH|2017Q3,window25,sourced,concern,25
LH|2018Q2,window25,network,ransomware,13
LH|2022Q1,seeds,supply chain,disruptions,1
LH|2022Q1,stem,supply,supply chain disruption,0
LH|2023Q4,window25,factory,concerns,16
XRAY|2011Q4,seeds,supply,supply disruption,0
XRAY|2011Q4,stem,shortage,shortage,0
XRAY|2011Q4,window25,production,volatility,18
XRAY|2012Q4,seeds,customers,risk,8
XRAY|2012Q4,stem,customer,risk,8
XRAY|2014Q4,window25,production,volatility,18
XRAY|2017Q1,seeds,distribution,uncertainty,10
XRAY|2017Q2,window25,component,disruption,17
XRAY|2017Q4,window25,manufacturer,risk,18
XRAY|2018Q1,stem,channel,disruption,8
HAE|2019Q1,window25,customer,disruption,13
HAE|2019Q3,seeds,customers,risk,9
HAE|2019Q3,stem,customer,risk,9
HAE|2020Q2,stem,shortage,shortage,0
HAE|2021Q3,seeds,supply,risks,8
HAE|2021Q3,stem,supply,risk,8
HAE|2021Q3,window25,delivering,uncertain,17
HAE|2021Q4,seeds,supply,disruptions,3
HAE|2021Q4,stem,supply,disruption,3
HAE|2016Q2,stem,forecast,uncertainty,7
HAE|2016Q4,seeds,inventory,concerns,8
HAE|2016Q4,stem,inventory,concern,8
HAE|2016Q4,window25,inventories,concerns,20
HAE|2018Q2,window25,manufacturers,risk,14
XRAY|2023Q3,seeds,supply,disruptions,1
XRAY|2023Q3,stem,supply,supply disruption,0
XRAY|2023Q4,window25,deliver,disruption,25
XRAY|2024Q1,seeds,customers,concern,2
XRAY|2024Q1,stem,customer,concern,2
HAE|2013Q4,seeds,customers,concerns,4
HAE|2013Q4,hyphen,customer,risk,1
HAE|2013Q4,stem,customer,concern,4
HAE|2015Q2,window25,oem,risk,17
XRAY|2018Q2,seeds,manufacturing,lead time,7
XRAY|2018Q2,stem,manufactur,lead time,7
XRAY|2018Q3,seeds,supply,supply chain disruption,0
XRAY|2018Q3,stem,shipp,shipp delay,0
XRAY|2019Q4,seeds,supply,supply chain disruption,0
XRAY|2019Q4,stem,supply,supply chain disruption,0
XRAY|2020Q1,stem,order,risk,3
XRAY|2023Q2,seeds,supply chain,lead times,3
XRAY|2023Q2,stem,supply,lead time,4
HAE|2022Q1,seeds,distribution,concerns,8
HAE|2022Q1,stem,customer,concern,8
HAE|2024Q2,seeds,supply,supply disruption,0
HAE|2024Q2,stem,supply,supply disruption,0
HAE|2024Q4,seeds,supply chain,disruptions,1
HAE|2024Q4,stem,supply,supply chain disruption,0
IDXX|2011Q3,stem,stock,volatility,5
IDXX|2011Q3,window25,tracking,risk,14
IDXX|2013Q3,window25,customer,risk,25
IDXX|2013Q4,stem,deliver,uncertainty,9
IDXX|2014Q3,seeds,customers,concerns,8
IDXX|2014Q3,stem,customer,concern,8
IDXX|2015Q1,window25,purchased,risk,14
IDXX|2016Q4,seeds,customers,exposure,1
IDXX|2016Q4,stem,customer,exposure,1
IDXX|2016Q4,window25,sources,exposure,19
IDXX|2020Q3,seeds,customers,uncertainties,8
IDXX|2020Q3,stem,customer,uncertainty,8
IDXX|2020Q3,window25,planning,uncertainty,24
IDXX|2023Q4,window25,delivering,risks,20
IDXX|2024Q2,seeds,supply,concern,3
IDXX|2024Q2,stem,supply,concern,3
IDXX|2017Q4,stem,track,uncertainty,5
IDXX|2020Q1,stem,purchase,disruption,10
IDXX|2020Q1,window25,network,disruption,19
ALKS|2017Q1,stem,track,exposure,10
ALKS|2017Q1,window25,component,risk,22
ALKS|2021Q4,window25,shipped,disruptions,22
ALKS|2022Q1,stem,order,exposure,5
ALKS|2024Q1,window25,source,exposure,23
ALKS|2024Q2,window25,manufacturer,risk,25
ALKS|2024Q4,seeds,supply chain,tariffs,6
ALKS|2024Q4,stem,supply,tariff,7
ALKS|2019Q3,stem,channel,risk,4
ALKS|2019Q3,window25,supplied,risks,14
ALKS|2019Q4,stem,channel,concern,2
ALKS|2020Q1,window25,planning,disruptions,12
ALKS|2020Q2,window25,network,disruptions,11
ALKS|2020Q4,seeds,manufacturing,concerns,4
ALKS|2020Q4,stem,manufactur,concern,4
BIIB|2016Q1,hyphen,pipeline,risk,7
BIIB|2016Q1,window25,pipeline,risk,14
BIIB|2010Q4,window25,shipments,risk,24
BIIB|2011Q1,window25,planning,risk,19
BIIB|2012Q1,seeds,manufacturing,lead times,1
BIIB|2012Q1,stem,manufactur,lead time,1
BIIB|2012Q1,window25,purchases,concern,18
BIIB|2012Q4,window25,pipeline,risk,19
BIIB|2013Q1,stem,manufactur,concern,4
BIIB|2013Q2,seeds,supply,disruptions,1
BIIB|2013Q2,stem,supply,supply disruption,0
BIIB|2013Q2,window25,inventories,disruptions,11
BIIB|2016Q4,stem,channel,concern,8
BIIB|2017Q3,stem,material,concern,7
BIIB|2018Q2,seeds,inventory,uncertainty,3
BIIB|2018Q2,stem,channel,uncertainty,2
BIIB|2018Q4,hyphen,pipeline,risk,2
BIIB|2023Q4,hyphen,pipeline,risk,4
BIIB|2023Q4,window25,pipeline,risk,23
BIIB|2024Q3,window25,pipeline,concerns,13
PRGO|2012Q3,stem,supplier,concern,1
PRGO|2014Q1,seeds,supply,supply disruption,0
PRGO|2014Q1,stem,supply,supply disruption,0
PRGO|2014Q1,window25,shipping,supply disruption,11
PRGO|2014Q4,stem,forecast,risk,6
BIIB|2020Q2,window25,pipeline,risk,24
BIIB|2020Q4,stem,component,concern,4
BIIB|2021Q1,seeds,logistics,uncertainty,5
BIIB|2021Q3,window25,purchased,uncertainty,15
BIIB|2021Q4,hyphen,fulfill,risk,9
BIIB|2021Q4,window25,manufacturers,concerns,11
BIIB|2022Q3,seeds,supply,shortage,1
BIIB|2022Q3,stem,shortage,shortage,0
PRGO|2018Q3,hyphen,source,single source,0
PRGO|2018Q3,stem,shortage,shortage,0
PRGO|2018Q3,window25,pipeline,volatility,22
PRGO|2019Q1,window25,retailers,threat,17
PRGO|2019Q2,stem,customer,concern,4
PRGO|2019Q2,window25,deliver,exposure,21
PRGO|2020Q2,window25,buyers,volatility,21
PRGO|2020Q4,stem,track,uncertainty,9
PRGO|2021Q1,stem,forecast,downside,9
PRGO|2021Q4,seeds,supply,supply chain disruption,0
PRGO|2021Q4,stem,supply,supply chain disruption,0
PRGO|2015Q3,stem,component,concern,5
PRGO|2016Q3,stem,supply,concern,8
PRGO|2016Q3,window25,manufacture,concern,14
PRGO|2018Q1,seeds,supply,supply disruption,0
PRGO|2018Q1,stem,supply,supply disruption,0
GILD|2012Q4,stem,component,concern,2
GILD|2013Q1,window25,finished,concern,13
GILD|2013Q4,stem,order,contingency,4
GILD|2023Q1,stem,track,volatile,5
GILD|2023Q1,window25,channels,risk,24
GILD|2024Q4,window25,deliver,concerns,18
GILD|2019Q3,window25,components,uncertainties,14
GILD|2019Q4,window25,assembled,risks,16
MMSI|2015Q2,stem,forecast,volatile,9
MMSI|2015Q3,stem,finish,downside,8
GILD|2020Q2,seeds,supply,shortage,2
GILD|2020Q2,stem,shortage,shortage,0
GILD|2021Q4,stem,deliver,risk,5
GILD|2022Q1,window25,pipeline,bottleneck,23
MMSI|2015Q4,stem,forecast,volatile,9
MMSI|2016Q1,window25,transported,disruption,17
MMSI|2016Q3,stem,buy,disruption,6
MMSI|2018Q1,window25,production,capacity constraints,12
MMSI|2010Q1,window25,distributors,risk,21
MMSI|2012Q1,stem,shortage,shortage,0
MMSI|2012Q1,window25,manufacture,disruption,15
MMSI|2012Q3,window25,shipping,risk,19
MMSI|2013Q2,seeds,customers,disruptions,2
MMSI|2013Q2,stem,customer,disruption,2
MMSI|2024Q3,seeds,purchasing,volatile,4
MMSI|2024Q3,stem,purcha,volatile,4
STAA|2012Q1,seeds,customers,disruption,3
STAA|2012Q1,stem,customer,disruption,3
STAA|2016Q4,stem,shortage,shortage,0
STAA|2013Q2,seeds,supply,concern,3
STAA|2013Q2,stem,supply,concern,3
STAA|2018Q3,seeds,inventory,lead time,8
STAA|2018Q3,stem,inventory,lead time,8
STAA|2019Q4,seeds,manufacturing,risk,1
STAA|2019Q4,stem,manufactur,risk,1
STAA|2020Q1,window25,production,concern,18
STAA|2021Q3,stem,shipp,shipp delay,0
STAA|2021Q3,window25,distributors,risk,12
STAA|2022Q3,seeds,inventory,uncertain,6
STAA|2022Q3,stem,inventory,uncertain,6
STAA|2022Q3,window25,shipping,uncertain,17
QDEL|2013Q3,stem,forecast,uncertainty,4
QDEL|2014Q1,stem,plann,risk,6
QDEL|2015Q1,seeds,customers,threat,8
QDEL|2015Q1,stem,customer,threat,8
QDEL|2015Q2,seeds,inventory,concerns,10
QDEL|2015Q2,stem,customer,concern,3
QDEL|2015Q3,window25,pipeline,risks,21
QDEL|2016Q1,seeds,customers,disruption,5
QDEL|2016Q1,stem,customer,disruption,5
QDEL|2017Q2,window25,distribute,risk,21
QDEL|2017Q4,stem,inventory,concern,4
QDEL|2020Q2,seeds,supply chain,disruptions,1
QDEL|2020Q2,stem,shortage,shortage,0
QDEL|2020Q2,window25,ordering,disruptions,12
QDEL|2020Q3,seeds,customers,uncertain,6
QDEL|2020Q3,stem,material,risk,1
QDEL|2020Q4,seeds,customers,uncertain,6
QDEL|2020Q4,stem,material,risk,1
QDEL|2021Q1,seeds,fulfillment,exposure,8
QDEL|2021Q1,stem,material,risk,1
QDEL|2021Q2,seeds,inventory,concern,2
QDEL|2021Q2,stem,material,risk,1
QDEL|2021Q2,window25,purchased,risk,22
QDEL|2021Q4,seeds,customers,threat,6
QDEL|2021Q4,stem,customer,threat,6
QDEL|2022Q1,stem,track,risk,5
QDEL|2022Q4,seeds,supply chain,disruptions,1
QDEL|2022Q4,stem,supply,supply chain disruption,0
QDEL|2022Q4,window25,manufacture,capacity constraints,20
QDEL|2023Q4,window25,component,risks,14
QDEL|2024Q3,seeds,customers,disruptions,5
QDEL|2024Q3,stem,customer,disruption,5
QDEL|2024Q3,window25,purchases,disruptions,13
DXR|2023Q4,window25,customer,concerns,14
OSUR|2010Q1,window25,ordering,risk,15
OSUR|2013Q2,window25,retailers,theft,13
OSUR|2013Q3,window25,retail,theft,12
OSUR|2014Q1,seeds,manufacturing,capacity constraints,10
OSUR|2014Q1,stem,manufactur,capacity constraint,10
OSUR|2015Q1,stem,shortage,shortage,0
OSUR|2015Q1,window25,planning,uncertainty,22
OSUR|2015Q4,window25,customer,risks,23
OSUR|2016Q1,window25,customer,risks,17
OSUR|2016Q2,seeds,customers,exposure,5
OSUR|2016Q2,stem,customer,exposure,5
OSUR|2016Q2,window25,orders,exposure,17
OSUR|2020Q3,seeds,manufacturing,risk,2
OSUR|2020Q3,stem,manufactur,risk,2
OSUR|2021Q1,seeds,manufacturing,risk,4
OSUR|2021Q1,stem,manufactur,risk,4
OSUR|2021Q1,window25,sources,uncertain,12
OSUR|2021Q3,stem,shortage,shortage,0
OSUR|2021Q3,window25,manufacturers,shortage,12
OSUR|2022Q4,seeds,customers,volatility,3
OSUR|2022Q4,stem,customer,volatility,3
OSUR|2022Q4,window25,purchased,volatility,17
OSUR|2023Q4,seeds,customers,uncertainty,7
OSUR|2023Q4,stem,customer,uncertainty,7
CVX|2010Q3,seeds,supply,shortage,4
CVX|2010Q3,stem,shortage,shortage,0
CVX|2010Q3,window25,production,exposure,18
CVX|2011Q4,stem,plann,concern,5
CVX|2015Q2,window25,pipeline,risks,23
CVX|2015Q3,seeds,supply,disruptions,1
CVX|2015Q3,stem,supply,supply disruption,0
CVX|2015Q3,window25,production,disruptions,18
CVX|2017Q4,window25,production,uncertainties,11
CVX|2018Q1,stem,stock,concern,5
CVX|2020Q1,stem,order,risk,7
CVX|2020Q1,window25,production,risk,15
CVX|2021Q2,stem,stock,volatility,5
CVX|2021Q2,window25,production,concern,20
CVX|2023Q2,stem,track,contingency,10
CVX|2023Q2,window25,purchases,lead times,15
CVX|2012Q1,stem,plant,sanction,8
CVX|2012Q2,seeds,logistics,risk,6
CVX|2012Q2,window25,materials,risk,15
CVX|2012Q4,seeds,supply,lead time,10
CVX|2012Q4,stem,supply,lead time,10
CVX|2013Q1,stem,plann,disruption,4
CVX|2013Q1,window25,production,disruptions,13
CVX|2013Q4,window25,production,risk,13
CVX|2014Q1,window25,production,disruptions,13
CVX|2024Q2,window25,buying,concern,12
XOM|2010Q3,stem,buy,risk,10
XOM|2011Q1,seeds,supply,supply disruption,0
XOM|2011Q1,stem,supply,supply disruption,0
XOM|2012Q3,stem,purchase,concern,7
XOM|2020Q4,seeds,supply,disruptions,1
XOM|2020Q4,stem,supply,supply disruption,0
XOM|2021Q1,window25,components,uncertain,19
XOM|2021Q3,stem,supply,concern,1
XOM|2022Q4,seeds,logistics,disruption,3
XOM|2022Q4,stem,supply,disruption,5
XOM|2023Q2,window25,materials,risks,21
XOM|2023Q4,window25,pipeline,risks,16
HAL|2012Q2,seeds,supply,concerns,1
HAL|2012Q2,hyphen,production,disruptions,6
HAL|2012Q2,stem,shortage,shortage,0
HAL|2012Q2,window25,inventories,shortage,14
HAL|2012Q4,seeds,customers,uncertainty,2
HAL|2012Q4,stem,customer,uncertainty,2
HAL|2012Q4,window25,customer,risk,25
HAL|2015Q2,window25,delivery,uncertainty,22
HAL|2015Q3,window25,customer,uncertainty,11
HAL|2016Q4,seeds,logistics,bottlenecks,8
HAL|2018Q2,seeds,customers,risk,9
HAL|2018Q2,stem,customer,risk,9
XOM|2017Q3,stem,supply,concern,7
XOM|2017Q3,window25,purchases,bottleneck,12
XOM|2018Q2,window25,production,sanction,22
XOM|2018Q4,window25,production,concerns,20
XOM|2020Q2,seeds,supply chain,disruptions,1
XOM|2020Q2,stem,supply,supply chain disruption,0
XOM|2020Q2,window25,production,disruptions,20
XOM|2013Q3,stem,deliver,uncertain,3
XOM|2014Q1,seeds,logistics,exposure,8
XOM|2014Q1,window25,production,exposure,12
XOM|2014Q2,stem,order,sanction,2
XOM|2015Q3,window25,component,exposure,17
XOM|2015Q4,stem,forecast,sanction,3
XOM|2016Q2,stem,buyer,sanction,9
XOM|2016Q4,stem,order,threat,9
XOM|2016Q4,window25,contractors,threats,22
XOM|2017Q2,seeds,supply,uncertainty,3
XOM|2017Q2,stem,material,risk,1
XOM|2017Q2,window25,production,sanctions,12
BP|2024Q3,window25,delivering,volatility,14
NC|2011Q4,seeds,manufacturing,uncertainty,8
NC|2011Q4,stem,manufactur,uncertainty,8
NC|2011Q4,window25,retail,concerns,23
NC|2012Q2,window25,retail,concerns,13
NC|2012Q3,window25,retailers,concerns,24
NC|2013Q2,window25,customer,concerns,18
NC|2014Q1,window25,customer,concerns,18
NC|2015Q3,window25,production,volatility,20
NC|2017Q3,seeds,supply,exposure,7
NC|2017Q3,stem,supply,exposure,7
NC|2017Q3,window25,customer,exposure,25
HAL|2019Q4,window25,delivery,uncertain,22
HAL|2022Q4,seeds,supply,lead time,3
HAL|2022Q4,stem,deliver,risk,2
HAL|2022Q4,window25,customer,lead times,14
HAL|2023Q2,window25,delivery,uncertainty,23
HAL|2023Q4,seeds,inventory,risk,4
HAL|2023Q4,stem,inventory,risk,4
HAL|2023Q4,window25,customer,exposure,20
HAL|2024Q1,seeds,customers,lead time,2
HAL|2024Q1,stem,customer,lead time,2
HAL|2024Q2,stem,fleet,concern,8
HAL|2024Q2,window25,clients,risk,11
NC|2020Q3,window25,customer,exposure,19
NC|2020Q4,stem,shortage,shortage,0
APA|2018Q4,window25,component,volatile,12
APA|2019Q3,hyphen,deliver,risk,2
APA|2020Q3,window25,backlog,volatility,11
APA|2020Q4,stem,buy,volatility,6
APA|2020Q4,window25,finished,volatility,23
APA|2022Q1,seeds,supply chain,bottlenecks,1
APA|2022Q1,stem,supply,bottleneck,2
APA|2022Q1,window25,production,bottlenecks,14
NC|2024Q3,window25,customer,concerns,18
NC|2024Q4,seeds,inventory,uncertain,4
NC|2024Q4,stem,customer,concern,2
NC|2024Q4,window25,buying,volatility,25
APA|2015Q1,stem,material,risk,5
APA|2016Q2,stem,plann,volatile,10
APA|2016Q4,window25,production,exposure,19
HP|2011Q3,stem,shortage,shortage,0
HP|2011Q3,window25,orders,capacity constraints,25
HP|2012Q2,window25,orders,uncertainty,14
HP|2014Q3,seeds,supply,shortage,6
HP|2014Q3,stem,shortage,shortage,0
HP|2014Q3,window25,backlog,volatile,11
HP|2015Q2,seeds,customers,uncertainty,6
HP|2015Q2,stem,customer,uncertainty,6
APA|2022Q2,window25,production,risk,13
APA|2022Q3,window25,production,exposure,24
APA|2022Q4,seeds,supply,volatility,9
APA|2022Q4,stem,supply,volatility,9
APA|2022Q4,window25,deliver,risk,15
APA|2023Q2,window25,transport,volatile,21
APA|2023Q4,window25,transport,exposure,15
HP|2011Q2,seeds,supply chain,lead times,5
HP|2011Q2,stem,supply,lead time,6
HP|2016Q1,window25,deliver,exposure,17
HP|2019Q1,seeds,customers,risk,2
HP|2019Q1,stem,customer,risk,2
HP|2019Q1,window25,package,volatile,18
HP|2020Q1,window25,customer,exposure,15
HP|2021Q1,seeds,customers,risk,6
HP|2021Q1,stem,customer,risk,6
HP|2021Q1,window25,production,risk,19
HP|2021Q2,seeds,customers,risks,5
HP|2021Q2,stem,shortage,shortage,0
HP|2021Q2,window25,sources,risks,23
HP|2022Q2,seeds,supply chain,bottlenecks,1
HP|2022Q2,stem,supply,bottleneck,2
HP|2023Q1,seeds,customers,exposure,4
HP|2023Q1,stem,customer,exposure,4
HP|2023Q3,seeds,customers,concern,2
HP|2023Q3,stem,customer,concern,2
HP|2023Q3,window25,customer,concern,19
HP|2024Q1,stem,deliver,volatile,9
HP|2024Q1,window25,deliver,risks,25
HP|2024Q2,seeds,customers,risk,7
HP|2024Q2,stem,customer,risk,7
HP|2024Q2,window25,customer,risk,14
COP|2010Q4,window25,production,exposure,19
COP|2011Q1,stem,order,risk,9
COP|2011Q1,window25,planning,sanctions,14
COP|2012Q3,window25,production,exposure,14
COP|2013Q2,window25,production,volatile,16
COP|2013Q3,window25,production,disruptions,12
COP|2018Q4,stem,deliver,concern,7
COP|2019Q1,window25,inventories,sanctions,20
COP|2019Q3,seeds,supply,concerns,2
COP|2019Q3,stem,supply,concern,2
COP|2019Q4,seeds,supply,volatility,5
COP|2019Q4,stem,fleet,risky,2
COP|2019Q4,window25,production,disruptions,13
COP|2020Q3,seeds,distribution,uncertainty,5
COP|2020Q3,window25,production,volatile,21
COP|2023Q1,stem,track,volatility,6
COP|2023Q1,window25,delivering,volatility,22
COP|2023Q3,seeds,supply,risks,9
COP|2023Q3,stem,order,exposure,2
COP|2023Q3,window25,customer,risk,11
SLB|2010Q4,window25,overseas,concerns,13
SLB|2011Q1,seeds,supply,uncertainty,7
SLB|2011Q1,stem,supply,uncertainty,7
SLB|2011Q4,seeds,supply,concerns,6
SLB|2011Q4,stem,shortage,shortage,0
SLB|2011Q4,window25,planning,uncertainties,15
SLB|2012Q3,stem,material,volatility,9
SLB|2012Q3,window25,customer,volatility,13
SLB|2013Q1,window25,production,risk,12
SLB|2013Q3,seeds,supply,uncertainty,1
SLB|2013Q3,stem,supply,uncertainty,1
SLB|2013Q3,window25,production,concerns,21
SLB|2014Q2,seeds,supply,uncertainty,1
SLB|2014Q2,stem,supply,uncertainty,1
SLB|2021Q1,window25,production,exposure,15
SLB|2021Q2,stem,forecast,disruption,10
SLB|2021Q3,seeds,logistics,disruptions,1
SLB|2021Q3,stem,supply,disruption,3
SLB|2021Q3,window25,customer,exposure,11
SLB|2022Q2,seeds,supply,disruptions,1
SLB|2022Q2,stem,supply,supply disruption,0
SLB|2022Q2,window25,production,lead times,16
SLB|2022Q3,seeds,supply,disruptions,1
SLB|2022Q3,stem,supply,supply disruption,0
SLB|2022Q3,window25,deliver,uncertainties,22
SLB|2022Q4,seeds,inventory,capacity constraints,2
SLB|2022Q4,stem,supply,sanction,2
SLB|2023Q4,seeds,supply,concerns,2
SLB|2023Q4,stem,supply,concern,2
SLB|2024Q2,window25,production,exposure,12
OXY|2010Q2,seeds,purchasing,volatility,7
OXY|2010Q2,stem,order,exposure,6
OXY|2010Q2,window25,production,uncertain,23
OXY|2010Q3,stem,plant,risk,3
OXY|2010Q3,window25,production,risk,22
OXY|2010Q4,seeds,inventory,shortage,9
OXY|2010Q4,stem,shortage,shortage,0
OXY|2010Q4,window25,tracking,shortage,11
OXY|2012Q1,window25,production,exposure,17
OXY|2013Q2,window25,deliver,risk,21
SLB|2015Q4,window25,customer,disruptions,14
SLB|2016Q1,window25,customer,disruption,20
SLB|2016Q3,stem,production,concern,4
SLB|2017Q4,window25,production,disruption,14
SLB|2018Q3,stem,production,sanction,7
SLB|2019Q3,window25,production,concerns,20
SLB|2019Q4,stem,forecast,uncertainty,9
SLB|2019Q4,window25,production,uncertainty,24
OXY|2024Q2,window25,pipeline,bottlenecks,22
OXY|2024Q4,seeds,supply,disruptions,1
OXY|2024Q4,stem,supply,supply disruption,0
OXY|2024Q4,window25,deliver,uncertainty,11
WMB|2010Q1,seeds,customers,risk,6
WMB|2010Q1,stem,customer,risk,6
WMB|2010Q1,window25,production,exposure,12
WMB|2012Q1,seeds,supply,concerns,9
WMB|2012Q1,stem,supply,concern,9
WMB|2012Q1,window25,supplies,concerns,12
WMB|2012Q3,stem,supply,concern,4
OXY|2021Q3,seeds,transportation,volatility,8
OXY|2021Q3,window25,components,exposure,13
OXY|2022Q1,seeds,supply,disruptions,6
OXY|2022Q1,stem,supply,disruption,6
OXY|2014Q4,stem,stock,volatile,2
OXY|2015Q1,window25,production,risk,25
OXY|2016Q1,window25,pipeline,volatile,13
OXY|2016Q4,window25,pipeline,volatility,11
OXY|2017Q1,seeds,supply,concern,4
OXY|2017Q1,stem,supply,concern,4
OXY|2017Q1,window25,inventories,volatility,11
OXY|2018Q3,seeds,logistics,disruptions,5
OXY|2018Q3,stem,inventory,disruption,8
OXY|2018Q3,window25,production,concerns,12
WMB|2013Q1,seeds,customers,tariff,2
WMB|2013Q1,hyphen,ship,risk,8
WMB|2013Q1,stem,customer,tariff,2
WMB|2015Q1,window25,contractor,contingency,21
WMB|2017Q2,hyphen,deliver,risk,4
WMB|2017Q2,window25,sources,risk,21
VLO|2010Q4,window25,retail,volatility,18
VLO|2011Q1,window25,pipeline,risk,12
VLO|2011Q4,seeds,customers,uncertain,6
VLO|2011Q4,stem,plant,concern,4
VLO|2011Q4,window25,retail,exposure,19
WMB|2020Q2,window25,pipeline,exposure,13
WMB|2020Q3,window25,supplies,disruptions,19
WMB|2021Q2,stem,track,concern,7
WMB|2022Q2,seeds,customers,downside,3
WMB|2022Q2,stem,customer,downside,3
WMB|2022Q2,window25,storage,volatility,12
WMB|2022Q3,seeds,customers,downside,3
WMB|2022Q3,stem,customer,downside,3
WMB|2022Q3,window25,sources,volatile,12
VLO|2021Q2,window25,production,uncertain,14
VLO|2021Q3,stem,shortage,shortage,0
VLO|2021Q3,window25,production,shortage,21
VLO|2022Q1,stem,shortage,shortage,0
VLO|2022Q2,window25,inventories,risk,16
VLO|2022Q3,seeds,inventory,volatility,8
VLO|2022Q3,stem,inventory,volatility,8
VLO|2022Q3,window25,storage,risk,14
VLO|2023Q1,seeds,supply,sanctions,5
VLO|2023Q1,stem,supply,concern,3
VLO|2024Q1,seeds,supply chain,disruption,9
VLO|2024Q1,stem,supply,disruption,10
VLO|2024Q1,window25,overseas,volatility,12
VLO|2015Q4,window25,production,volatility,16
VLO|2016Q3,stem,purchase,exposure,5
VLO|2016Q3,window25,production,downside,12
VLO|2018Q1,window25,pipelines,concern,12
VLO|2019Q4,window25,production,sanctions,13
VLO|2020Q1,seeds,supply,disruption,3
VLO|2020Q1,stem,supply,disruption,3
VLO|2020Q1,window25,purchases,disruption,11
VLO|2020Q3,seeds,supply,concerns,3
VLO|2020Q3,stem,supply,concern,3
MUR|2011Q1,stem,production,sanction,8
MUR|2011Q1,window25,production,risk,14
MUR|2011Q2,window25,production,risk,21
MUR|2011Q3,stem,production,sanction,7
MUR|2011Q3,window25,production,sanctions,12
MUR|2013Q1,stem,shortage,shortage,0
MUR|2013Q1,window25,production,risks,22
MUR|2013Q2,stem,shortage,shortage,0
MUR|2013Q2,window25,retail,volatile,12
MUR|2014Q3,stem,production,risk,2
MUR|2014Q3,window25,pipeline,risk,15
MUR|2015Q1,hyphen,production,risk,5
MUR|2015Q3,stem,plann,risk,6
MUR|2015Q3,window25,production,risk,11
MUR|2016Q3,stem,production,risk,6
MUR|2016Q3,window25,purchased,volatile,15
MUR|2019Q1,stem,order,exposure,6
MUR|2019Q2,stem,order,exposure,6
MUR|2020Q2,window25,pipeline,risk,14
MUR|2020Q3,window25,production,risk,12
MUR|2021Q4,stem,buy,concern,9
MUR|2022Q2,window25,production,risks,18
IEP|2013Q2,window25,production,bottlenecks,22
IEP|2013Q4,stem,shortage,shortage,0
IEP|2013Q4,window25,delivering,shortage,11
IEP|2016Q4,window25,retail,susceptible,12
MUR|2023Q4,stem,stock,risk,3
MUR|2024Q2,stem,plant,sanction,5
MUR|2024Q3,stem,fabrication,sanction,8
MUR|2024Q4,window25,production,volatility,14
OKE|2011Q2,seeds,customers,volatility,4
OKE|2011Q2,stem,customer,volatility,4
OKE|2011Q2,window25,storage,volatility,15
OKE|2012Q1,window25,rail,tariff,13
OKE|2012Q2,hyphen,shipper,risk,10
OKE|2012Q2,window25,pipeline,risk,21
OKE|2016Q3,window25,inventories,uncertainty,11
OKE|2016Q4,seeds,distribution,risk,10
OKE|2016Q4,stem,plant,concern,3
OKE|2018Q3,stem,plant,risk,9
OKE|2018Q3,window25,transport,risk,21
OKE|2019Q4,window25,planning,exposure,22
OKE|2012Q3,window25,deliver,volatile,16
OKE|2013Q1,stem,material,disruption,8
OKE|2013Q1,window25,plants,risk,25
OKE|2013Q3,window25,pipeline,volatile,14
OKE|2013Q4,stem,shortage,shortage,0
OKE|2013Q4,window25,production,volatile,12
OKE|2014Q2,window25,plants,risk,13
OKE|2014Q4,seeds,customers,tariffs,8
OKE|2014Q4,stem,customer,tariff,8
OKE|2014Q4,window25,plants,lead time,21
OKE|2020Q2,seeds,transportation,contingency,6
OKE|2020Q2,window25,pipelines,contingency,25
OKE|2020Q4,window25,pipelines,extreme weather,13
OKE|2021Q2,window25,delivering,exposure,23
OKE|2023Q1,window25,pipeline,concerns,18
OKE|2023Q3,hyphen,pipeline,lead time,6
OKE|2023Q3,window25,pipeline,tariff,22
IEP|2023Q4,window25,inventories,sanctions,17
IEP|2024Q1,stem,shortage,shortage,0
OKE|2024Q4,window25,pipelines,tariff,16
IMO|2020Q2,window25,pipeline,contingency,25
IMO|2022Q1,window25,inventories,volatile,14
IMO|2023Q3,window25,production,risks,18
IMO|2023Q4,seeds,supply,risk,9
IMO|2023Q4,stem,supply,risk,9
IMO|2023Q4,window25,source,risk,24
IMO|2024Q2,seeds,customers,disruption,3
IMO|2024Q2,stem,customer,disruption,3
IEP|2017Q4,stem,stock,volatile,1
IEP|2017Q4,window25,fleet,risk,13
IEP|2018Q1,stem,shortage,shortage,0
IEP|2020Q1,window25,production,uncertainties,22
IEP|2020Q4,stem,plant,exposure,8
IEP|2021Q2,stem,stock,concern,9
NFG|2010Q1,window25,production,uncertainties,16
NFG|2011Q3,stem,forecast,volatile,10
NFG|2012Q1,stem,deliver,volatility,7
NFG|2012Q1,window25,supplies,volatility,21
NFG|2013Q2,seeds,transportation,bottleneck,5
NFG|2013Q2,window25,production,bottleneck,13
NFG|2014Q2,window25,shippers,exposure,18
NFG|2015Q3,seeds,transportation,risks,3
NFG|2015Q3,stem,plant,concern,5
NFG|2015Q3,window25,production,uncertainty,14
NFG|2016Q3,stem,shortage,shortage,0
NFG|2016Q3,window25,planning,risk,13
NFG|2019Q3,seeds,transportation,risk,4
NFG|2020Q2,seeds,customers,exposure,4
NFG|2020Q2,stem,customer,exposure,4
NFG|2020Q4,stem,order,lead time,2
NFG|2020Q4,window25,production,risk,11
NFG|2021Q2,window25,production,volatile,19
NFG|2023Q1,window25,production,extreme weather,25
NFG|2023Q2,seeds,customers,volatility,8
NFG|2023Q2,stem,customer,volatility,8
NFG|2023Q2,window25,production,exposure,11
EQT|2010Q1,window25,storage,capacity constraints,16
EQT|2010Q2,window25,storage,bottlenecks,15
EQT|2011Q1,stem,forecast,disruption,10
EQT|2011Q1,window25,storage,volatility,13
EQT|2011Q3,window25,storage,volatility,14
EQT|2012Q3,window25,storage,volatility,13
EQT|2012Q4,window25,storage,volatility,20
EQT|2013Q1,window25,storage,volatility,17
EQT|2013Q2,window25,storage,volatility,13
EQT|2013Q4,window25,storage,volatility,23
EQT|2015Q3,window25,source,uncertainty,24
EQT|2019Q1,window25,backlog,bottlenecks,16
RES|2019Q4,seeds,customers,concern,6
RES|2019Q4,stem,customer,concern,6
RES|2019Q4,window25,customer,exposure,15
RES|2020Q1,seeds,customers,concerns,6
RES|2020Q1,stem,customer,concern,6
RES|2022Q1,seeds,supply,disruptions,1
RES|2022Q1,stem,supply,supply disruption,0
RES|2022Q4,window25,fleet,lead times,13
RES|2024Q1,window25,customer,volatile,11
RES|2024Q3,window25,customer,volatility,15
RES|2024Q4,hyphen,fleet,lead time,4
TRP|2010Q3,seeds,customers,concerns,1
TRP|2010Q3,stem,customer,concern,1
TRP|2012Q2,seeds,manufacturing,manufacturing defect,0
TRP|2012Q2,stem,manufactur,manufactur defect,0
TRP|2012Q2,window25,pipeline,exposure,21
TRP|2012Q3,seeds,customers,risks,8
TRP|2012Q3,stem,customer,risk,8
TRP|2012Q3,window25,plants,risks,11
RES|2014Q4,stem,fleet,volatility,10
RES|2015Q1,seeds,customers,concerns,9
RES|2015Q1,stem,customer,concern,9
RES|2015Q1,window25,route,concern,12
RES|2016Q1,seeds,customers,concern,3
RES|2016Q1,stem,customer,concern,3
EQT|2020Q3,window25,production,volatility,19
EQT|2021Q2,seeds,inventory,risks,5
EQT|2021Q2,stem,inventory,risk,5
EQT|2022Q3,seeds,supply,lead times,3
EQT|2022Q3,stem,supply,lead time,3
EQT|2022Q3,window25,sources,uncertain,14
EQT|2024Q2,seeds,inventory,exposure,2
EQT|2024Q2,stem,inventory,exposure,2
EQT|2024Q2,window25,source,volatility,16
RES|2010Q3,stem,material,concern,5
TRP|2015Q3,window25,source,risk,20
TRP|2015Q4,seeds,supply,uncertainty,9
TRP|2015Q4,stem,shortage,shortage,0
TRP|2015Q4,window25,pipeline,tariff,13
TRP|2016Q1,window25,pipelines,exposure,21
TRP|2016Q2,seeds,supply,supply disruption,0
TRP|2016Q2,stem,supply,supply disruption,0
TRP|2018Q1,window25,pipelines,downside,24
TRP|2019Q1,hyphen,shippers,risk,4
TRP|2019Q1,stem,pipeline,sanction,7
TRP|2019Q1,window25,shippers,risk,12
TDW|2019Q4,window25,sources,concern,16
TDW|2020Q1,stem,fleet,concern,3
TDW|2021Q2,stem,supply,concern,3
TDW|2022Q2,stem,supply,concern,3
TDW|2022Q2,window25,backlog,exposure,11
TDW|2012Q3,window25,sources,concern,11
TDW|2013Q1,window25,supplies,concern,23
TDW|2013Q4,window25,fleet,volatility,20
TDW|2015Q1,stem,stock,volatility,2
TDW|2015Q1,window25,delivery,concern,22
TDW|2016Q1,stem,forecast,exposure,9
TDW|2016Q2,stem,forecast,exposure,9
TDW|2016Q2,window25,fleet,volatility,16
TDW|2016Q3,seeds,customers,risks,2
TDW|2016Q3,stem,customer,risk,2
TDW|2016Q3,window25,production,uncertainty,11
TPL|2023Q1,window25,sourced,exposure,22
TPL|2023Q4,window25,planning,bottlenecks,16
EOG|2010Q2,stem,backlog,bottleneck,3
TRP|2019Q2,hyphen,storage,risk,7
TRP|2019Q4,window25,storage,risk,13
TRP|2020Q1,window25,pipeline,volatility,12
TRP|2021Q1,hyphen,deliver,risk,2
TRP|2021Q1,window25,pipeline,risk,12
TRP|2023Q4,hyphen,delivering,risk,2
TRP|2023Q4,stem,material,risk,5
TDW|2010Q3,seeds,supply,downside,4
TDW|2010Q3,stem,supply,downside,4
TDW|2022Q3,seeds,customers,concerns,1
TDW|2022Q3,stem,customer,concern,1
TDW|2022Q3,window25,backlog,exposure,11
TDW|2023Q3,stem,shortage,shortage,0
TDW|2023Q3,window25,production,shortage,19
TDW|2023Q4,stem,shortage,shortage,0
TDW|2023Q4,window25,production,shortage,14
SHEL|2024Q2,stem,shortage,shortage,0
SHEL|2024Q3,seeds,supply,volatility,8
SHEL|2024Q3,stem,supply,volatility,8
EOG|2010Q4,stem,shortage,shortage,0
EOG|2010Q4,window25,trucking,bottlenecks,17
EOG|2011Q4,window25,production,concern,20
EOG|2013Q2,window25,rail,volatility,20
EOG|2013Q3,window25,production,concern,13
EOG|2014Q1,stem,plant,concern,4
EOG|2014Q1,window25,pipeline,concern,25
EOG|2015Q1,seeds,inventory,hazard,6
EOG|2015Q1,stem,inventory,hazard,6
CRK|2012Q4,stem,plann,downside,5
CRK|2012Q4,window25,production,downside,19
CRK|2013Q1,stem,shortage,shortage,0
CRK|2013Q2,seeds,inventory,risks,5
CRK|2013Q2,stem,inventory,risk,5
CRK|2013Q3,window25,production,downside,18
CRK|2014Q4,stem,finish,concern,5
EOG|2020Q3,stem,deliver,volatile,8
EOG|2020Q4,window25,shipments,volatile,17
EOG|2021Q2,seeds,supply,uncertainty,3
EOG|2021Q2,stem,supply,uncertainty,3
EOG|2022Q3,seeds,transportation,bottlenecks,4
EOG|2022Q3,stem,supply,volatility,4
EOG|2022Q3,window25,production,volatile,11
EOG|2023Q1,seeds,inventory,volatility,9
EOG|2023Q1,stem,inventory,volatility,9
EOG|2023Q1,window25,deliver,risk,22
EOG|2023Q2,stem,production,concern,4
EOG|2024Q3,seeds,inventory,concern,3
EOG|2024Q3,stem,inventory,concern,3
EOG|2024Q3,window25,production,downside,20
EOG|2024Q4,window25,pipeline,exposure,22
CRK|2010Q1,window25,production,bottlenecks,22
CRK|2010Q2,stem,shortage,shortage,0
CRK|2011Q4,hyphen,production,risk,7
CRK|2011Q4,stem,shortage,shortage,0
CRK|2011Q4,window25,backlog,shortage,21
CRK|2016Q2,stem,forecast,risk,1
CRK|2016Q2,window25,production,risk,21
CRK|2016Q4,window25,production,exposure,25
EOG|2018Q2,stem,plant,contingency,8
EOG|2019Q1,window25,production,volatility,18
EOG|2020Q2,window25,production,uncertain,11
DWSN|2019Q2,window25,production,uncertainty,15
DWSN|2019Q3,window25,source,uncertainties,18
DWSN|2020Q2,window25,client,risk,20
CRK|2017Q3,stem,stock,uncertainty,4
CRK|2018Q4,hyphen,production,risk,7
DWSN|2012Q2,seeds,customers,risk,2
DWSN|2012Q2,stem,customer,risk,2
DWSN|2012Q2,window25,turnkey,risk,11
DWSN|2014Q2,seeds,customers,risk,2
DWSN|2014Q2,stem,customer,risk,2
DWSN|2014Q2,window25,turnkey,risk,11
DWSN|2014Q3,seeds,customers,risk,2
DWSN|2014Q3,stem,customer,risk,2
DWSN|2014Q3,window25,turnkey,risk,11
DWSN|2017Q1,stem,source,concern,2
DWSN|2017Q2,window25,clients,uncertain,15
DWSN|2017Q3,window25,assembled,uncertain,14
DWSN|2017Q4,window25,contractor,lead time,23
CRK|2021Q2,window25,production,exposure,17
CRK|2021Q3,window25,production,exposure,14
CRK|2022Q1,seeds,supply,disruptions,1
CRK|2022Q1,stem,supply,supply disruption,0
CRK|2022Q1,window25,storage,disruptions,24
OII|2010Q2,seeds,customers,risk,7
OII|2010Q2,stem,customer,risk,7
OII|2010Q2,window25,production,uncertain,20
OII|2010Q3,seeds,customers,risk,7
OII|2010Q3,stem,customer,risk,7
OII|2010Q3,window25,production,uncertain,20
OII|2010Q4,seeds,customers,risk,8
OII|2010Q4,stem,customer,risk,8
OII|2010Q4,window25,production,uncertainties,12
OII|2012Q1,seeds,customers,risk,7
OII|2012Q1,stem,customer,risk,7
OII|2012Q2,window25,shipment,volatility,12
OII|2012Q3,seeds,customers,risk,7
OII|2012Q3,stem,customer,risk,7
OII|2012Q4,window25,fleet,geographic concentration,19
CRK|2023Q3,window25,production,risk,14
DWSN|2010Q4,seeds,customers,risk,2
DWSN|2010Q4,hyphen,turnkey,risk,6
DWSN|2010Q4,stem,customer,risk,2
DWSN|2012Q1,seeds,customers,risk,2
DWSN|2012Q1,stem,customer,risk,2
DWSN|2012Q1,window25,turnkey,risk,12
OII|2013Q1,seeds,customers,risk,7
OII|2013Q1,stem,customer,risk,7
OII|2013Q2,window25,fleet,hazard,14
OII|2013Q4,window25,fleet,exposure,22
OII|2015Q1,seeds,customers,risks,6
OII|2015Q1,stem,customer,risk,6
OII|2015Q2,seeds,customers,risks,6
OII|2015Q2,stem,customer,risk,6
OII|2015Q2,window25,fleet,exposure,13
OII|2015Q3,window25,customer,exposure,18
OII|2016Q1,window25,backlog,concerns,18
OII|2022Q2,stem,customer,concern,4
OII|2023Q3,window25,manufactured,uncertain,11
OII|2023Q4,window25,backlog,risks,22
OII|2024Q2,stem,order,concern,2
OII|2024Q4,stem,forecast,sanction,5
OII|2024Q4,window25,pipeline,risks,11
ENB|2010Q1,window25,pipeline,risk,19
OII|2019Q1,hyphen,procure,lead time,2
OII|2019Q1,window25,backlog,lead time,16
OII|2019Q4,window25,customer,risk,20
OII|2021Q2,window25,client,uncertainties,12
OII|2016Q2,seeds,customers,uncertain,3
OII|2016Q2,stem,customer,uncertain,3
OII|2017Q2,seeds,customers,exposure,2
OII|2017Q2,stem,shortage,shortage,0
OII|2017Q3,seeds,customers,exposure,3
OII|2017Q3,stem,customer,exposure,3
OII|2017Q4,window25,fleet,concern,12
OII|2018Q3,seeds,customers,concern,2
OII|2018Q3,stem,customer,concern,2
ENB|2013Q2,stem,finish,exposure,7
ENB|2013Q2,window25,component,exposure,19
ENB|2013Q4,window25,component,exposure,18
ENB|2014Q1,stem,plann,contingency,8
ENB|2014Q1,window25,pipeline,exposures,20
ENB|2015Q3,window25,planning,risk,13
ENB|2016Q2,window25,customer,risk,12
ENB|2022Q2,hyphen,deliver,risk,9
ENB|2024Q1,stem,pipeline,sanction,4
ENB|2024Q1,window25,backlog,exposure,24
ENB|2024Q4,seeds,supply chain,risks,7
ENB|2024Q4,stem,pipeline,sanction,3
ENB|2024Q4,window25,finished,exposure,14
TTI|2012Q3,seeds,customers,risks,3
TTI|2012Q3,stem,customer,risk,3
ENB|2017Q2,seeds,supply,disruptions,1
ENB|2017Q2,hyphen,pipelines,risk,8
ENB|2017Q2,stem,supply,supply disruption,0
ENB|2017Q4,seeds,supply,disruptions,1
ENB|2017Q4,stem,supply,supply disruption,0
ENB|2017Q4,window25,pipelines,risk,24
ENB|2018Q3,seeds,customers,disruption,3
ENB|2018Q3,stem,customer,disruption,3
ENB|2018Q4,hyphen,pipeline,risk,1
ENB|2020Q1,seeds,supply,disruption,6
ENB|2020Q1,hyphen,pipeline,risk,1
ENB|2020Q1,stem,supply,disruption,6
ENB|2020Q1,window25,tracking,risk,15
ENB|2021Q2,seeds,customers,tariffs,9
ENB|2021Q2,stem,customer,tariff,9
ENB|2022Q1,seeds,supply,concerns,2
ENB|2022Q1,stem,supply,concern,2
ENB|2022Q1,window25,shippers,risks,14
TTI|2018Q1,stem,customer,sanction,2
TTI|2018Q1,window25,deliver,uncertainties,11
TTI|2018Q3,seeds,customers,concerns,9
TTI|2018Q3,stem,customer,concern,9
TTI|2013Q3,seeds,customers,threats,4
TTI|2013Q3,stem,customer,threat,4
TTI|2013Q4,window25,components,risk,17
TTI|2014Q3,stem,plann,volatility,6
TTI|2014Q3,window25,customer,risk,11
TTI|2015Q3,hyphen,fleet,risk,9
TTI|2015Q4,seeds,customers,risk,10
TTI|2015Q4,stem,customer,risk,10
TTI|2015Q4,window25,customer,risk,20
TTI|2023Q4,stem,customer,concern,7
TTI|2024Q2,seeds,customers,exposure,6
TTI|2024Q2,stem,customer,exposure,6
TTI|2024Q2,window25,tracking,lead time,18
WKC|2010Q1,seeds,customers,disruption,6
WKC|2010Q1,stem,customer,disruption,6
WKC|2013Q1,seeds,logistics,risk,1
WKC|2013Q1,stem,customer,volatile,7
WKC|2013Q1,window25,shipping,risk,12
WKC|2013Q2,window25,clients,volatility,20
WKC|2014Q1,window25,procure,disruptions,14
WKC|2015Q1,seeds,customers,risks,6
WKC|2015Q1,stem,customer,risk,6
WKC|2015Q1,window25,source,volatility,12
TTI|2022Q1,seeds,supply chain,disruptions,1
TTI|2022Q1,hyphen,supplier,lead time,4
TTI|2022Q1,stem,supply,supply chain disruption,0
TTI|2022Q2,seeds,supply,supply chain disruption,0
TTI|2022Q2,stem,supply,supply chain disruption,0
TTI|2022Q2,window25,materials,concerns,11
TTI|2023Q1,window25,source,risk,22
WKC|2019Q4,seeds,logistics,risk,1
WKC|2019Q4,stem,supply,supply disruption,0
WKC|2019Q4,window25,networks,risks,15
WKC|2020Q1,seeds,supply,disruptions,3
WKC|2020Q1,stem,supply,disruption,3
WKC|2020Q1,window25,supplier,exposure,18
WKC|2020Q4,seeds,inventory,volatility,1
WKC|2020Q4,stem,inventory,volatility,1
WKC|2020Q4,window25,network,volatility,13
WKC|2021Q2,seeds,customers,risk,4
WKC|2021Q2,stem,shortage,shortage,0
WKC|2023Q2,seeds,supply,disruption,4
WKC|2023Q2,stem,supply,disruption,4
WKC|2023Q2,window25,purchased,volatility,20
WKC|2024Q2,seeds,customers,uncertain,3
WKC|2024Q2,stem,customer,uncertain,3
WKC|2024Q2,window25,inventories,volatility,20
WKC|2015Q2,seeds,inventory,volatility,6
WKC|2015Q2,stem,inventory,volatility,6
WKC|2017Q1,seeds,customers,risk,6
WKC|2017Q1,stem,material,volatility,2
WKC|2017Q1,window25,sources,volatility,13
WKC|2017Q2,seeds,supply,disruptions,1
WKC|2017Q2,stem,supply,supply disruption,0
WKC|2017Q4,seeds,customers,risk,5
WKC|2017Q4,stem,shortage,shortage,0
WKC|2018Q1,stem,order,risk,4
WKC|2018Q1,window25,forecasting,volatility,13
WKC|2018Q4,window25,planning,risk,18
WKC|2019Q2,seeds,logistics,risk,5
WKC|2019Q2,window25,clients,exposure,18
NBR|2017Q1,window25,clients,exposure,23
NBR|2017Q2,window25,clients,volatile,21
NBR|2018Q1,window25,orders,disruptions,13
NBR|2018Q3,seeds,customers,downside,7
NBR|2018Q3,stem,supply,concern,3
NBR|2018Q4,stem,plann,uncertainty,3
NBR|2018Q4,window25,customer,volatility,12
NBR|2019Q2,seeds,customers,sanctions,1
NBR|2019Q2,stem,customer,sanction,1
NBR|2019Q2,window25,fleet,exposure,12
NBR|2012Q1,seeds,customers,risk,7
NBR|2012Q1,stem,customer,risk,7
NBR|2012Q1,window25,component,concerns,15
NBR|2013Q1,seeds,customers,uncertainty,5
NBR|2013Q1,stem,customer,uncertainty,5
NBR|2016Q2,stem,material,uncertainty,9
NBR|2019Q4,window25,production,uncertain,24
NBR|2020Q1,window25,forecasting,concerns,16
NBR|2020Q4,window25,delivering,concern,24
NBR|2021Q2,stem,shortage,shortage,0
VAL|2022Q4,seeds,customers,uncertainty,3
VAL|2022Q4,stem,customer,uncertainty,3
VAL|2022Q4,window25,fleet,lead times,12
VAL|2023Q2,stem,shortage,shortage,0
VAL|2023Q2,window25,tracking,downside,14
VAL|2024Q3,window25,production,volatility,15
VAL|2024Q4,stem,source,sanction,7
VAL|2024Q4,window25,pipeline,concern,12
DVN|2010Q1,stem,forecast,uncertainty,6
DVN|2010Q1,window25,production,risk,20
DVN|2010Q2,stem,plant,sanction,9
DVN|2011Q1,stem,forecast,risk,7
DVN|2011Q1,window25,production,risk,17
DVN|2011Q3,seeds,inventory,risk,4
DVN|2011Q3,stem,inventory,risk,4
DVN|2011Q3,window25,plants,concerns,12
DVN|2011Q4,hyphen,components,lead time,1
DVN|2011Q4,stem,deliver,risk,7
DVN|2019Q1,seeds,inventory,risk,1
DVN|2019Q1,stem,inventory,risk,1
DINO|2011Q2,seeds,supply,risk,7
DINO|2011Q2,stem,supply,risk,7
DINO|2011Q2,window25,sources,risk,14
DINO|2014Q4,seeds,distribution,risk,8
DINO|2014Q4,window25,pipeline,risk,15
DVN|2012Q4,window25,delivering,risk,22
DVN|2013Q2,stem,inventory,risk,5
DVN|2014Q1,seeds,inventory,risk,1
DVN|2014Q1,hyphen,production,risk,10
DVN|2014Q1,stem,inventory,risk,1
DVN|2014Q1,window25,production,exposure,16
DVN|2014Q4,window25,pipeline,bottlenecks,11
DVN|2015Q1,stem,order,exposure,8
DVN|2015Q3,window25,deliver,risk,23
DVN|2015Q4,window25,production,risk,22
DVN|2016Q1,hyphen,delivering,risk,5
DVN|2016Q1,stem,shortage,shortage,0
DVN|2016Q1,window25,supplies,shortage,12
DVN|2016Q4,stem,inventory,risk,1
DVN|2017Q1,hyphen,deliver,risk,4
DVN|2017Q1,stem,inventory,risk,1
DVN|2017Q4,stem,shortage,shortage,0
DVN|2017Q4,window25,production,shortage,25
DVN|2018Q3,seeds,inventory,shortage,4
DVN|2018Q3,hyphen,production,risk,10
DVN|2018Q3,stem,shortage,shortage,0
DVN|2018Q3,window25,pipeline,risk,14
DINO|2019Q1,window25,pipeline,volatility,22
DINO|2019Q4,stem,shortage,shortage,0
DINO|2019Q4,window25,plants,shortage,22
DINO|2020Q3,seeds,supply,disruptions,1
DINO|2020Q3,stem,supply,supply disruption,0
DINO|2020Q3,window25,pipelines,volatile,13
DINO|2021Q1,stem,plant,exposure,9
SM|2022Q2,window25,buyers,uncertain,25
SM|2023Q3,window25,production,risk,13
DINO|2023Q2,window25,production,uncertainties,23
DINO|2023Q4,window25,pipeline,tariff,20
DINO|2024Q4,stem,shortage,shortage,0
DINO|2024Q4,window25,customer,tariffs,13
SM|2011Q3,stem,forecast,concern,7
SM|2017Q3,window25,materials,risks,14
SM|2020Q4,window25,planning,exposure,23
SM|2015Q3,window25,ship,volatility,19
SM|2016Q1,window25,production,exposure,12
SM|2017Q2,window25,production,uncertainty,22
SM|2011Q4,seeds,distribution,risk,7
SM|2012Q3,window25,production,concern,11
RRC|2010Q3,window25,production,risks,23
RRC|2011Q2,window25,production,risk,23
RRC|2015Q4,stem,purchase,concern,7
RRC|2016Q2,hyphen,production,risk,6
RRC|2016Q2,window25,production,risk,23
RRC|2017Q3,seeds,transportation,volatility,9
EGY|2017Q3,window25,production,risk,15
EGY|2019Q1,window25,pipeline,risk,22
EGY|2019Q3,window25,production,risk,22
EGY|2019Q4,seeds,supply,concerns,4
EGY|2019Q4,stem,supply,concern,4
EGY|2019Q4,window25,production,risk,12
EGY|2020Q2,seeds,manufacturing,lead times,2
EGY|2020Q2,hyphen,contractors,risk,9
EGY|2020Q2,stem,manufactur,lead time,2
EGY|2020Q2,window25,production,risk,12
EGY|2013Q2,window25,source,risk,14
EGY|2015Q1,window25,production,uncertainty,12
EGY|2016Q1,window25,production,downside,19
EGY|2016Q2,window25,production,downside,17
EGY|2017Q1,seeds,purchasing,risk,9
EGY|2017Q1,stem,order,risk,6
EGY|2017Q1,window25,production,downside,14
EGY|2017Q2,seeds,purchasing,risk,9
EGY|2017Q2,stem,order,risk,6
EGY|2017Q2,window25,production,risk,21
RRC|2012Q1,stem,stock,downside,5
RRC|2012Q2,stem,forecast,uncertain,4
RRC|2012Q2,window25,component,bottleneck,11
RRC|2013Q2,window25,production,risk,20
RRC|2013Q3,window25,buyers,risk,17
RRC|2013Q4,window25,supplied,extreme weather,14
RRC|2017Q4,seeds,transportation,volatility,4
RRC|2017Q4,window25,production,volatility,16
RRC|2018Q1,seeds,transportation,tariff,3
RRC|2018Q1,stem,supply,volatility,10
RRC|2018Q2,window25,production,exposure,20
RRC|2020Q3,seeds,inventory,exposure,3
RRC|2020Q3,stem,inventory,exposure,3
RRC|2020Q3,window25,production,risk,22
RRC|2021Q1,seeds,inventory,exposure,3
RRC|2021Q1,stem,inventory,exposure,3
RRC|2021Q3,window25,production,exposure,17
RRC|2022Q4,window25,transport,exposure,14
RRC|2023Q3,window25,production,risk,14
EGY|2012Q2,stem,order,lead time,2
EGY|2013Q1,stem,stock,risky,7
EGY|2020Q4,hyphen,production,risk,3
EGY|2020Q4,window25,production,risk,18
EGY|2021Q1,hyphen,production,risk,3
EGY|2021Q1,window25,storage,risk,13
EGY|2021Q2,window25,production,risks,19
EGY|2022Q2,window25,production,risk,25
EGY|2023Q2,window25,production,bottlenecks,14
RIG|2022Q4,window25,deliver,risk,24
RIG|2024Q4,window25,fleet,contingencies,15
PTEN|2014Q3,stem,shortage,shortage,0
PTEN|2014Q3,window25,customer,exposure,11
PTEN|2014Q4,seeds,customers,uncertain,10
PTEN|2014Q4,stem,customer,uncertain,10
PTEN|2015Q2,stem,shortage,shortage,0
PTEN|2015Q2,window25,production,concerns,15
RIG|2019Q3,seeds,customers,uncertainty,7
RIG|2019Q3,stem,customer,uncertainty,7
RIG|2019Q4,stem,forecast,uncertainty,4
RIG|2020Q3,stem,shortage,shortage,0
RIG|2020Q4,stem,material,exposure,1
RIG|2020Q4,window25,deliver,disruptions,13
RIG|2021Q1,seeds,supply chain,disruptions,1
RIG|2021Q1,stem,supply,supply chain disruption,0
RIG|2021Q1,window25,deliveries,disruptions,12
RIG|2021Q2,seeds,customers,shortage,3
RIG|2021Q2,stem,shortage,shortage,0
RIG|2021Q2,window25,backlog,shortage,21
RIG|2010Q4,seeds,customers,concern,6
RIG|2010Q4,stem,customer,concern,6
RIG|2010Q4,window25,buyers,concern,25
RIG|2011Q2,stem,shortage,shortage,0
RIG|2011Q2,window25,delivery,risk,19
RIG|2012Q3,window25,planning,volatility,15
RIG|2013Q2,seeds,customers,concern,10
RIG|2013Q2,stem,customer,concern,10
RIG|2013Q2,window25,source,concern,14
RIG|2014Q1,stem,buyer,concern,5
PTEN|2015Q3,stem,inventory,concern,8
PTEN|2016Q3,window25,delivery,risk,24
PTEN|2016Q4,seeds,supply,concern,4
PTEN|2016Q4,stem,supply,concern,4
PTEN|2016Q4,window25,production,concern,13
PTEN|2017Q3,stem,deliver,bottleneck,10
RIG|2014Q2,window25,production,exposure,19
RIG|2014Q3,window25,fleet,sanctions,20
RIG|2015Q4,window25,customer,risk,24
RIG|2016Q3,window25,production,sanction,12
RIG|2017Q2,stem,customer,sanction,9
RIG|2017Q4,seeds,supply,threat,1
RIG|2017Q4,stem,supply,threat,1
RIG|2017Q4,window25,fleet,concerns,13
PTEN|2021Q2,seeds,customers,concern,9
PTEN|2021Q2,stem,customer,concern,9
PTEN|2021Q4,window25,oems,lead time,14
PTEN|2023Q2,seeds,customers,volatility,6
PTEN|2023Q2,stem,customer,volatility,6
PTEN|2023Q3,seeds,customers,disruptions,3
PTEN|2023Q3,stem,customer,disruption,3
PTEN|2023Q3,window25,fleet,disruptions,24
PTEN|2023Q4,stem,material,downside,5
PTEN|2023Q4,window25,sources,downside,14
PTEN|2024Q2,stem,shortage,shortage,0
PTEN|2018Q2,window25,customer,concerns,20
PTEN|2019Q2,seeds,inventory,concerns,3
PTEN|2019Q2,stem,inventory,concern,3
PTEN|2020Q1,seeds,customers,exposure,9
PTEN|2020Q1,stem,customer,exposure,9
SU|2022Q4,stem,material,concern,2
SU|2022Q4,window25,production,extreme weather,19
SU|2023Q2,window25,network,cyberattack,24
SU|2023Q3,seeds,supply,uncertainty,1
SU|2023Q3,stem,supply,uncertainty,1
SU|2024Q1,window25,oems,risks,12
PTEN|2024Q3,seeds,customers,volatility,7
PTEN|2024Q3,stem,customer,volatility,7
SU|2011Q2,stem,track,disruption,9
SU|2011Q2,window25,production,risk,11
SU|2011Q4,stem,order,sanction,5
SU|2011Q4,window25,deliver,sanction,13
SU|2014Q1,seeds,supply,disruptions,1
SU|2014Q1,stem,supply,supply disruption,0
SU|2015Q1,window25,rail,volatility,23
SU|2016Q4,stem,shortage,shortage,0
SU|2017Q2,hyphen,production,risk,2
SU|2017Q2,stem,track,concern,10
SU|2017Q2,window25,deliver,concerns,12
SU|2020Q4,seeds,logistics,volatility,8
SU|2020Q4,window25,storage,volatility,18
