ticker_quarter,probe,supply_chain_term,risk_term,token_distance
TXN|2010Q3,lib_inflected,supply,lead times,5
TXN|2010Q3,lib_seeds_inflected,supply,lead times,5
TXN|2010Q3,lib_seeds_and_risk_inflected,supply,lead times,5
TXN|2013Q1,lib_inflected,inventory,lead times,2
TXN|2013Q1,lib_seeds_inflected,inventory,lead times,2
TXN|2013Q1,lib_seeds_and_risk_inflected,inventory,lead times,2
TXN|2015Q1,lib_inflected,inventory,lead times,8
TXN|2015Q1,lib_seeds_inflected,inventory,lead times,8
TXN|2015Q1,lib_seeds_and_risk_inflected,inventory,lead times,8
INTC|2013Q1,lib_seeds_inflected,manufacturing,uncertainty,9
INTC|2013Q1,lib_seeds_and_risk_inflected,manufacturing,uncertainty,9
INTC|2013Q2,lib_inflected,customers,uncertain,2
INTC|2013Q2,lib_seeds_inflected,customers,uncertain,2
INTC|2013Q2,lib_seeds_and_risk_inflected,customers,uncertain,2
INTC|2013Q3,lib_inflected,inventory,volatile,7
INTC|2013Q3,lib_seeds_inflected,inventory,volatile,7
INTC|2013Q3,lib_seeds_and_risk_inflected,inventory,volatile,7
INTC|2014Q2,lib_inflected,customers,lead times,10
INTC|2014Q2,lib_seeds_inflected,customers,lead times,10
INTC|2014Q2,lib_seeds_and_risk_inflected,customers,lead times,10
TXN|2019Q3,lib_inflected,inventory,tariff,4
TXN|2019Q3,lib_seeds_inflected,inventory,tariff,4
TXN|2019Q3,lib_seeds_and_risk_inflected,inventory,tariff,4
TXN|2019Q4,lib_inflected,inventory,lead times,9
TXN|2019Q4,lib_seeds_inflected,inventory,lead times,9
TXN|2019Q4,lib_seeds_and_risk_inflected,inventory,lead times,9
TXN|2022Q3,lib_inflected,inventory,risk,5
TXN|2022Q3,lib_seeds_inflected,inventory,risk,5
TXN|2022Q3,lib_seeds_and_risk_inflected,inventory,risk,5
TXN|2024Q4,lib_inflected,customers,lead times,3
TXN|2024Q4,lib_seeds_inflected,customers,lead times,3
TXN|2024Q4,lib_seeds_and_risk_inflected,customers,lead times,3
INTC|2011Q2,lib_inflected,shortage,shortage,0
INTC|2011Q2,lib_seeds_inflected,shortage,shortage,0
INTC|2011Q2,lib_seeds_and_risk_inflected,supply,supply disruptions,0
INTC|2015Q3,lib_inflected,channel,risk,6
INTC|2015Q3,lib_seeds_inflected,channel,risk,6
INTC|2015Q3,lib_seeds_and_risk_inflected,channel,risk,6
INTC|2017Q4,lib_inflected,customers,vulnerability,7
INTC|2017Q4,lib_seeds_inflected,customers,vulnerability,7
INTC|2017Q4,lib_seeds_and_risk_inflected,customers,vulnerability,7
INTC|2023Q4,lib_seeds_inflected,manufacturing,risk,9
INTC|2023Q4,lib_seeds_and_risk_inflected,manufacturing,risk,9
INTC|2024Q4,lib_inflected,customers,tariffs,4
INTC|2024Q4,lib_seeds_inflected,customers,tariffs,4
INTC|2024Q4,lib_seeds_and_risk_inflected,customers,tariffs,4
AMD|2012Q1,lib_inflected,inventory,lead times,4
AMD|2012Q1,lib_seeds_inflected,inventory,lead times,4
AMD|2012Q1,lib_seeds_and_risk_inflected,inventory,lead times,4
AMD|2014Q1,lib_inflected,suppliers,concerns,9
AMD|2014Q1,lib_seeds_inflected,suppliers,concerns,9
AMD|2014Q1,lib_seeds_and_risk_inflected,suppliers,concerns,9
AMD|2014Q2,lib_inflected,supply,lead times,3
AMD|2014Q2,lib_seeds_inflected,supply chain,lead times,2
AMD|2014Q2,lib_seeds_and_risk_inflected,supply chain,lead times,2
AMD|2015Q4,lib_inflected,supply,concern,5
AMD|2015Q4,lib_seeds_inflected,logistic,concern,4
AMD|2015Q4,lib_seeds_and_risk_inflected,logistic,concern,4
AMD|2016Q1,lib_inflected,customers,uncertainty,8
AMD|2016Q1,lib_seeds_inflected,customers,uncertainty,8
AMD|2016Q1,lib_seeds_and_risk_inflected,customers,uncertainty,8
AMD|2018Q4,lib_inflected,customers,volatile,8
AMD|2018Q4,lib_seeds_inflected,customers,volatile,8
AMD|2018Q4,lib_seeds_and_risk_inflected,customers,volatile,8
ADI|2018Q3,lib_inflected,channel,lead times,4
ADI|2018Q3,lib_seeds_inflected,channel,lead times,4
ADI|2018Q3,lib_seeds_and_risk_inflected,channel,lead times,4
ADI|2020Q4,lib_inflected,supply,disruptions,1
ADI|2020Q4,lib_seeds_inflected,supply chain,disruptions,1
ADI|2020Q4,lib_seeds_and_risk_inflected,supply,supply chain disruptions,0
ADI|2021Q2,lib_inflected,customers,disruption,5
ADI|2021Q2,lib_seeds_inflected,customers,disruption,5
ADI|2021Q2,lib_seeds_and_risk_inflected,customers,disruption,5
ADI|2021Q3,lib_inflected,shortage,shortage,0
ADI|2021Q3,lib_seeds_inflected,shortage,shortage,0
ADI|2021Q3,lib_seeds_and_risk_inflected,shortage,shortage,0
ADI|2022Q4,lib_inflected,supply,supply disruption,0
ADI|2022Q4,lib_seeds_inflected,supply,supply disruption,0
ADI|2022Q4,lib_seeds_and_risk_inflected,supply,supply disruptions,0
ADI|2024Q2,lib_inflected,customers,risk,9
ADI|2024Q2,lib_seeds_inflected,customers,risk,9
ADI|2024Q2,lib_seeds_and_risk_inflected,customers,risk,9
AMD|2023Q4,lib_inflected,customers,lead times,7
AMD|2023Q4,lib_seeds_inflected,customers,lead times,7
AMD|2023Q4,lib_seeds_and_risk_inflected,customers,lead times,7
ADI|2015Q3,lib_inflected,customers,exposure,3
ADI|2015Q3,lib_seeds_inflected,customers,exposure,3
ADI|2015Q3,lib_seeds_and_risk_inflected,customers,exposure,3
ADI|2015Q4,lib_inflected,supply,volatility,8
ADI|2015Q4,lib_seeds_inflected,supply,volatility,8
ADI|2015Q4,lib_seeds_and_risk_inflected,supply,volatility,8
ADI|2016Q3,lib_inflected,supply,disruptions,2
ADI|2016Q3,lib_seeds_inflected,supply chain,disruptions,1
ADI|2016Q3,lib_seeds_and_risk_inflected,supply,supply chain disruptions,0
ASYS|2012Q4,lib_inflected,customers,volatility,5
ASYS|2012Q4,lib_seeds_inflected,customers,volatility,5
ASYS|2012Q4,lib_seeds_and_risk_inflected,customers,volatility,5
ASYS|2013Q1,lib_inflected,customers,volatility,5
ASYS|2013Q1,lib_seeds_inflected,customers,volatility,5
ASYS|2013Q1,lib_seeds_and_risk_inflected,customers,volatility,5
ASYS|2013Q2,lib_inflected,customers,volatility,5
ASYS|2013Q2,lib_seeds_inflected,customers,volatility,5
ASYS|2013Q2,lib_seeds_and_risk_inflected,customers,volatility,5
ASYS|2013Q3,lib_inflected,shortage,shortage,0
ASYS|2013Q3,lib_seeds_inflected,shortage,shortage,0
ASYS|2013Q3,lib_seeds_and_risk_inflected,shortage,shortage,0
ASYS|2013Q4,lib_inflected,customers,volatility,5
ASYS|2013Q4,lib_seeds_inflected,customers,volatility,5
ASYS|2013Q4,lib_seeds_and_risk_inflected,customers,volatility,5
ASYS|2014Q1,lib_inflected,customers,volatility,5
ASYS|2014Q1,lib_seeds_inflected,customers,volatility,5
ASYS|2014Q1,lib_seeds_and_risk_inflected,customers,volatility,5
ASYS|2014Q2,lib_inflected,customers,volatility,5
ASYS|2014Q2,lib_seeds_inflected,customers,volatility,5
ASYS|2014Q2,lib_seeds_and_risk_inflected,customers,volatility,5
ASYS|2014Q3,lib_inflected,customers,volatility,5
ASYS|2014Q3,lib_seeds_inflected,customers,volatility,5
ASYS|2014Q3,lib_seeds_and_risk_inflected,customers,volatility,5
ASYS|2015Q1,lib_inflected,customers,volatility,5
ASYS|2015Q1,lib_seeds_inflected,customers,volatility,5
ASYS|2015Q1,lib_seeds_and_risk_inflected,customers,volatility,5
ASYS|2015Q4,lib_inflected,customers,volatility,5
ASYS|2015Q4,lib_seeds_inflected,customers,volatility,5
ASYS|2015Q4,lib_seeds_and_risk_inflected,customers,volatility,5
ASYS|2016Q1,lib_inflected,customers,volatility,5
ASYS|2016Q1,lib_seeds_inflected,customers,volatility,5
ASYS|2016Q1,lib_seeds_and_risk_inflected,customers,volatility,5
ASYS|2016Q4,lib_inflected,customers,volatility,5
ASYS|2016Q4,lib_seeds_inflected,customers,volatility,5
ASYS|2016Q4,lib_seeds_and_risk_inflected,customers,volatility,5
ASYS|2017Q2,lib_inflected,customers,volatility,5
ASYS|2017Q2,lib_seeds_inflected,customers,volatility,5
ASYS|2017Q2,lib_seeds_and_risk_inflected,customers,volatility,5
ASYS|2017Q3,lib_inflected,customers,volatility,5
ASYS|2017Q3,lib_seeds_inflected,customers,volatility,5
ASYS|2017Q3,lib_seeds_and_risk_inflected,customers,volatility,5
AMAT|2011Q2,lib_inflected,customers,lead time,1
AMAT|2011Q2,lib_seeds_inflected,customers,lead time,1
AMAT|2011Q2,lib_seeds_and_risk_inflected,customers,lead time,1
AMAT|2011Q3,lib_inflected,customers,uncertainties,9
AMAT|2011Q3,lib_seeds_inflected,customers,uncertainties,9
AMAT|2011Q3,lib_seeds_and_risk_inflected,customers,uncertainties,9
AMAT|2014Q1,lib_inflected,customers,downside,5
AMAT|2014Q1,lib_seeds_inflected,customers,downside,5
AMAT|2014Q1,lib_seeds_and_risk_inflected,customers,downside,5
AMAT|2014Q4,lib_inflected,customers,concern,2
AMAT|2014Q4,lib_seeds_inflected,customers,concern,2
AMAT|2014Q4,lib_seeds_and_risk_inflected,customers,concern,2
AMAT|2015Q3,lib_inflected,customers,concerns,8
AMAT|2015Q3,lib_seeds_inflected,customers,concerns,8
AMAT|2015Q3,lib_seeds_and_risk_inflected,customers,concerns,8
ASYS|2019Q1,lib_inflected,customers,volatility,5
ASYS|2019Q1,lib_seeds_inflected,customers,volatility,5
ASYS|2019Q1,lib_seeds_and_risk_inflected,customers,volatility,5
ASYS|2019Q3,lib_inflected,customers,volatility,5
ASYS|2019Q3,lib_seeds_inflected,customers,volatility,5
ASYS|2019Q3,lib_seeds_and_risk_inflected,customers,volatility,5
ASYS|2019Q4,lib_inflected,customers,volatility,5
ASYS|2019Q4,lib_seeds_inflected,customers,volatility,5
ASYS|2019Q4,lib_seeds_and_risk_inflected,customers,volatility,5
ASYS|2020Q2,lib_inflected,supply,disruptions,2
ASYS|2020Q2,lib_seeds_inflected,supply chain,disruptions,1
ASYS|2020Q2,lib_seeds_and_risk_inflected,supply,supply chain disruptions,0
ASYS|2022Q3,lib_inflected,supply,risks,3
ASYS|2022Q3,lib_seeds_inflected,logistics,risks,2
ASYS|2022Q3,lib_seeds_and_risk_inflected,logistics,risks,2
ASYS|2023Q4,lib_inflected,supply,risks,3
ASYS|2023Q4,lib_seeds_inflected,logistics,risks,2
ASYS|2023Q4,lib_seeds_and_risk_inflected,logistics,risks,2
ASYS|2024Q1,lib_inflected,supply,risks,3
ASYS|2024Q1,lib_seeds_inflected,logistics,risks,2
ASYS|2024Q1,lib_seeds_and_risk_inflected,logistics,risks,2
AMAT|2021Q3,lib_inflected,supply,disruptions,2
AMAT|2021Q3,lib_seeds_inflected,supply chain,disruptions,1
AMAT|2021Q3,lib_seeds_and_risk_inflected,supply,supply chain disruptions,0
AMAT|2022Q1,lib_inflected,suppliers,lead times,3
AMAT|2022Q1,lib_seeds_inflected,suppliers,lead times,3
AMAT|2022Q1,lib_seeds_and_risk_inflected,suppliers,lead times,3
ASYS|2012Q1,lib_inflected,order,risk,3
ASYS|2012Q1,lib_seeds_inflected,order,risk,3
ASYS|2012Q1,lib_seeds_and_risk_inflected,order,risk,3
ASYS|2012Q2,lib_inflected,customers,volatility,5
ASYS|2012Q2,lib_seeds_inflected,customers,volatility,5
ASYS|2012Q2,lib_seeds_and_risk_inflected,customers,volatility,5
ASYS|2024Q3,lib_inflected,supply,risks,3
ASYS|2024Q3,lib_seeds_inflected,logistics,risks,2
ASYS|2024Q3,lib_seeds_and_risk_inflected,logistics,risks,2
SWKS|2011Q4,lib_inflected,order,uncertainty,10
SWKS|2011Q4,lib_seeds_inflected,order,uncertainty,10
SWKS|2011Q4,lib_seeds_and_risk_inflected,order,uncertainty,10
SWKS|2012Q1,lib_inflected,inventory,volatility,8
SWKS|2012Q1,lib_seeds_inflected,inventory,volatility,8
SWKS|2012Q1,lib_seeds_and_risk_inflected,inventory,volatility,8
COHU|2018Q3,lib_inflected,customers,exposure,4
COHU|2018Q3,lib_seeds_inflected,customers,exposure,4
COHU|2018Q3,lib_seeds_and_risk_inflected,customers,exposure,4
SWKS|2014Q1,lib_inflected,channel,risk,9
SWKS|2014Q1,lib_seeds_inflected,channel,risk,9
SWKS|2014Q1,lib_seeds_and_risk_inflected,channel,risk,9
SWKS|2015Q3,lib_inflected,supply,risk,2
SWKS|2015Q3,lib_seeds_inflected,supply chain,risk,1
SWKS|2015Q3,lib_seeds_and_risk_inflected,supply chain,risk,1
COHU|2016Q1,lib_inflected,material,risk,9
COHU|2016Q1,lib_seeds_inflected,material,risk,9
COHU|2016Q1,lib_seeds_and_risk_inflected,material,risk,9
SWKS|2019Q2,lib_inflected,customers,volatility,7
SWKS|2019Q2,lib_seeds_inflected,customers,volatility,7
SWKS|2019Q2,lib_seeds_and_risk_inflected,customers,volatility,7
SWKS|2021Q2,lib_inflected,supply,risks,8
SWKS|2021Q2,lib_seeds_inflected,supply,risks,8
SWKS|2021Q2,lib_seeds_and_risk_inflected,supply,risks,8
SWKS|2022Q3,lib_inflected,shortage,shortage,0
SWKS|2022Q3,lib_seeds_inflected,shortage,shortage,0
SWKS|2022Q3,lib_seeds_and_risk_inflected,shortage,shortage,0
SWKS|2023Q1,lib_inflected,inventory,volatility,10
SWKS|2023Q1,lib_seeds_inflected,inventory,volatility,10
SWKS|2023Q1,lib_seeds_and_risk_inflected,inventory,volatility,10
COHU|2018Q4,lib_inflected,customers,trade disputes,9
COHU|2018Q4,lib_seeds_inflected,customers,trade disputes,9
COHU|2018Q4,lib_seeds_and_risk_inflected,customers,trade disputes,9
COHU|2020Q1,lib_inflected,supply,uncertainty,3
COHU|2020Q1,lib_seeds_inflected,supply,uncertainty,3
COHU|2020Q1,lib_seeds_and_risk_inflected,supply,uncertainty,3
COHU|2024Q4,lib_inflected,customers,volatility,9
COHU|2024Q4,lib_seeds_inflected,customers,volatility,9
COHU|2024Q4,lib_seeds_and_risk_inflected,customers,volatility,9
TER|2011Q4,lib_inflected,customers,exposure,9
TER|2011Q4,lib_seeds_inflected,customers,exposure,9
TER|2011Q4,lib_seeds_and_risk_inflected,customers,exposure,9
TER|2012Q4,lib_inflected,customers,lead times,7
TER|2012Q4,lib_seeds_inflected,purchasing,volatility,2
TER|2012Q4,lib_seeds_and_risk_inflected,purchasing,volatility,2
TER|2013Q1,lib_inflected,customers,risk,7
TER|2013Q1,lib_seeds_inflected,customers,risk,7
TER|2013Q1,lib_seeds_and_risk_inflected,customers,risk,7
TER|2024Q3,lib_inflected,customers,lead times,8
TER|2024Q3,lib_seeds_inflected,customers,lead times,8
TER|2024Q3,lib_seeds_and_risk_inflected,customers,lead times,8
VSH|2012Q3,lib_inflected,customers,concerns,8
VSH|2012Q3,lib_seeds_inflected,customers,concerns,8
VSH|2012Q3,lib_seeds_and_risk_inflected,customers,concerns,8
VSH|2012Q4,lib_inflected,inventory,lead times,3
VSH|2012Q4,lib_seeds_inflected,inventory,lead times,3
VSH|2012Q4,lib_seeds_and_risk_inflected,inventory,lead times,3
VSH|2014Q3,lib_inflected,packages,lead times,6
VSH|2014Q3,lib_seeds_inflected,packages,lead times,6
VSH|2014Q3,lib_seeds_and_risk_inflected,packages,lead times,6
VSH|2019Q1,lib_inflected,inventory,tariffs,1
VSH|2019Q1,lib_seeds_inflected,inventory,tariffs,1
VSH|2019Q1,lib_seeds_and_risk_inflected,inventory,tariffs,1
TER|2015Q4,lib_inflected,material,lead times,4
TER|2015Q4,lib_seeds_inflected,material,lead times,4
TER|2015Q4,lib_seeds_and_risk_inflected,material,lead times,4
TER|2016Q2,lib_inflected,shortage,shortage,0
TER|2016Q2,lib_seeds_inflected,shortage,shortage,0
TER|2016Q2,lib_seeds_and_risk_inflected,shortage,shortage,0
TER|2019Q3,lib_inflected,customers,downside,5
TER|2019Q3,lib_seeds_inflected,customers,downside,5
TER|2019Q3,lib_seeds_and_risk_inflected,customers,downside,5
TER|2019Q4,lib_inflected,supply,exposure,5
TER|2019Q4,lib_seeds_inflected,manufacturing,exposure,2
TER|2019Q4,lib_seeds_and_risk_inflected,manufacturing,exposure,2
TER|2020Q4,lib_inflected,supply,supply chain disruption,0
TER|2020Q4,lib_seeds_inflected,supply,supply chain disruption,0
TER|2020Q4,lib_seeds_and_risk_inflected,supply,supply chain disruption,0
VSH|2019Q4,lib_inflected,customers,tariffs,4
VSH|2019Q4,lib_seeds_inflected,manufacturing,tariffs,3
VSH|2019Q4,lib_seeds_and_risk_inflected,manufacturing,tariffs,3
VSH|2024Q3,lib_inflected,customers,uncertainties,8
VSH|2024Q3,lib_seeds_inflected,customers,uncertainties,8
VSH|2024Q3,lib_seeds_and_risk_inflected,customers,uncertainties,8
MU|2010Q1,lib_inflected,shortage,shortage,0
MU|2010Q1,lib_seeds_inflected,shortage,shortage,0
MU|2010Q1,lib_seeds_and_risk_inflected,shortage,shortage,0
MU|2010Q2,lib_inflected,supply,bottleneck,8
MU|2010Q2,lib_seeds_inflected,supply,bottleneck,8
MU|2010Q2,lib_seeds_and_risk_inflected,supply,bottleneck,8
MU|2011Q4,lib_inflected,shortage,shortage,0
MU|2011Q4,lib_seeds_inflected,shortage,shortage,0
MU|2011Q4,lib_seeds_and_risk_inflected,shortage,shortage,0
MU|2013Q1,lib_inflected,supply,supply chain disruption,0
MU|2013Q1,lib_seeds_inflected,supply,supply chain disruption,0
MU|2013Q1,lib_seeds_and_risk_inflected,supply,supply chain disruption,0
MU|2023Q4,lib_inflected,inventory,risk,6
MU|2023Q4,lib_seeds_inflected,inventory,risk,6
MU|2023Q4,lib_seeds_and_risk_inflected,inventory,risk,6
MU|2024Q2,lib_inflected,shortage,shortage,0
MU|2024Q2,lib_seeds_inflected,shortage,shortage,0
MU|2024Q2,lib_seeds_and_risk_inflected,shortage,shortage,0
CRUS|2010Q2,lib_inflected,inventory,risk,2
CRUS|2010Q2,lib_seeds_inflected,inventory,risk,2
CRUS|2010Q2,lib_seeds_and_risk_inflected,inventory,risk,2
CRUS|2012Q4,lib_inflected,supply,bottleneck,3
CRUS|2012Q4,lib_seeds_inflected,supply,bottleneck,3
CRUS|2012Q4,lib_seeds_and_risk_inflected,supply,bottleneck,3
MU|2013Q2,lib_inflected,supply,exposure,9
MU|2013Q2,lib_seeds_inflected,supply,exposure,9
MU|2013Q2,lib_seeds_and_risk_inflected,supply,exposure,9
MU|2018Q3,lib_inflected,customers,concerns,6
MU|2018Q3,lib_seeds_inflected,customers,concerns,6
MU|2018Q3,lib_seeds_and_risk_inflected,customers,concerns,6
CRUS|2019Q3,lib_inflected,customers,uncertainties,2
CRUS|2019Q3,lib_seeds_inflected,customers,uncertainties,2
CRUS|2019Q3,lib_seeds_and_risk_inflected,customers,uncertainties,2
CRUS|2019Q4,lib_inflected,customers,volatile,7
CRUS|2019Q4,lib_seeds_inflected,customers,volatile,7
CRUS|2019Q4,lib_seeds_and_risk_inflected,customers,volatile,7
CRUS|2020Q4,lib_inflected,supply,supply chain disruption,0
CRUS|2020Q4,lib_seeds_inflected,supply,supply chain disruption,0
CRUS|2020Q4,lib_seeds_and_risk_inflected,supply,supply chain disruption,0
CRUS|2021Q3,lib_inflected,supply,capacity constraint,3
CRUS|2021Q3,lib_seeds_inflected,supply,capacity constraint,3
CRUS|2021Q3,lib_seeds_and_risk_inflected,supply,capacity constraint,3
CRUS|2021Q4,lib_inflected,supply,capacity constraints,2
CRUS|2021Q4,lib_seeds_inflected,supply,capacity constraints,2
CRUS|2021Q4,lib_seeds_and_risk_inflected,supply,capacity constraints,2
CRUS|2017Q4,lib_inflected,shortage,shortage,0
CRUS|2017Q4,lib_seeds_inflected,shortage,shortage,0
CRUS|2017Q4,lib_seeds_and_risk_inflected,shortage,shortage,0
CRUS|2018Q1,lib_inflected,order,lead times,1
CRUS|2018Q1,lib_seeds_inflected,order,lead times,1
CRUS|2018Q1,lib_seeds_and_risk_inflected,order,lead times,1
CRUS|2019Q1,lib_inflected,customers,uncertain,3
CRUS|2019Q1,lib_seeds_inflected,customers,uncertain,3
CRUS|2019Q1,lib_seeds_and_risk_inflected,customers,uncertain,3
CRUS|2019Q2,lib_inflected,customers,concern,6
CRUS|2019Q2,lib_seeds_inflected,customers,concern,6
CRUS|2019Q2,lib_seeds_and_risk_inflected,customers,concern,6
CRUS|2022Q2,lib_inflected,supply,supply chain disruption,0
CRUS|2022Q2,lib_seeds_inflected,supply,supply chain disruption,0
CRUS|2022Q2,lib_seeds_and_risk_inflected,supply,supply chain disruption,0
LSCC|2016Q1,lib_inflected,suppliers,risk,6
LSCC|2016Q1,lib_seeds_inflected,suppliers,risk,6
LSCC|2016Q1,lib_seeds_and_risk_inflected,suppliers,risk,6
LSCC|2011Q3,lib_inflected,order,uncertainty,7
LSCC|2011Q3,lib_seeds_inflected,order,uncertainty,7
LSCC|2011Q3,lib_seeds_and_risk_inflected,order,uncertainty,7
LSCC|2013Q2,lib_inflected,inventory,risk,7
LSCC|2013Q2,lib_seeds_inflected,inventory,risk,7
LSCC|2013Q2,lib_seeds_and_risk_inflected,inventory,risk,7
LSCC|2020Q1,lib_inflected,order,lead time,2
LSCC|2020Q1,lib_seeds_inflected,order,lead time,2
LSCC|2020Q1,lib_seeds_and_risk_inflected,order,lead time,2
LSCC|2022Q1,lib_inflected,supply,disruptions,1
LSCC|2022Q1,lib_seeds_inflected,supply chain,disruptions,1
LSCC|2022Q1,lib_seeds_and_risk_inflected,supply,supply chain disruptions,0
LSCC|2022Q3,lib_inflected,inventory,risk,4
LSCC|2022Q3,lib_seeds_inflected,inventory,risk,4
LSCC|2022Q3,lib_seeds_and_risk_inflected,inventory,risk,4
LSCC|2024Q1,lib_inflected,supply,supply chain disruption,0
LSCC|2024Q1,lib_seeds_inflected,supply,supply chain disruption,0
LSCC|2024Q1,lib_seeds_and_risk_inflected,supply,supply chain disruption,0
LSCC|2024Q2,lib_inflected,inventory,concerns,2
LSCC|2024Q2,lib_seeds_inflected,inventory,concerns,2
LSCC|2024Q2,lib_seeds_and_risk_inflected,inventory,concerns,2
LRCX|2011Q2,lib_inflected,customers,risk,5
LRCX|2011Q2,lib_seeds_inflected,customers,risk,5
LRCX|2011Q2,lib_seeds_and_risk_inflected,customers,risk,5
LRCX|2013Q2,lib_inflected,customers,disruption,3
LRCX|2013Q2,lib_seeds_inflected,customers,disruption,3
LRCX|2013Q2,lib_seeds_and_risk_inflected,customers,disruption,3
LRCX|2014Q1,lib_inflected,supply,supply chain disruption,0
LRCX|2014Q1,lib_seeds_inflected,supply,supply chain disruption,0
LRCX|2014Q1,lib_seeds_and_risk_inflected,supply,supply chain disruption,0
LRCX|2015Q1,lib_inflected,productions,risk,10
LRCX|2015Q1,lib_seeds_inflected,productions,risk,10
LRCX|2015Q1,lib_seeds_and_risk_inflected,productions,risk,10
LRCX|2018Q4,lib_inflected,material,exposure,1
LRCX|2018Q4,lib_seeds_inflected,material,exposure,1
LRCX|2018Q4,lib_seeds_and_risk_inflected,material,exposure,1
LRCX|2019Q1,lib_inflected,customers,tariffs,4
LRCX|2019Q1,lib_seeds_inflected,customers,tariffs,4
LRCX|2019Q1,lib_seeds_and_risk_inflected,customers,tariffs,4
LRCX|2019Q4,lib_inflected,customers,uncertain,6
LRCX|2019Q4,lib_seeds_inflected,customers,uncertain,6
LRCX|2019Q4,lib_seeds_and_risk_inflected,customers,uncertain,6
LRCX|2023Q2,lib_inflected,shortage,shortage,0
LRCX|2023Q2,lib_seeds_inflected,shortage,shortage,0
LRCX|2023Q2,lib_seeds_and_risk_inflected,shortage,shortage,0
KLIC|2013Q1,lib_inflected,material,concern,1
KLIC|2013Q1,lib_seeds_inflected,material,concern,1
KLIC|2013Q1,lib_seeds_and_risk_inflected,material,concern,1
KLIC|2013Q4,lib_inflected,customers,uncertainty,3
KLIC|2013Q4,lib_seeds_inflected,sourcing,lead times,3
KLIC|2013Q4,lib_seeds_and_risk_inflected,sourcing,lead times,3
KLAC|2014Q1,lib_inflected,inventory,exposures,1
KLAC|2014Q1,lib_seeds_inflected,inventory,exposures,1
KLAC|2014Q1,lib_seeds_and_risk_inflected,inventory,exposures,1
KLAC|2017Q1,lib_inflected,inventory,risk,1
KLAC|2017Q1,lib_seeds_inflected,inventory,risk,1
KLAC|2017Q1,lib_seeds_and_risk_inflected,inventory,risk,1
LRCX|2015Q4,lib_inflected,customers,exposure,3
LRCX|2015Q4,lib_seeds_inflected,customers,exposure,3
LRCX|2015Q4,lib_seeds_and_risk_inflected,customers,exposure,3
KLIC|2018Q4,lib_inflected,customers,tariffs,7
KLIC|2018Q4,lib_seeds_inflected,customers,tariffs,7
KLIC|2018Q4,lib_seeds_and_risk_inflected,customers,tariffs,7
KLAC|2024Q3,lib_inflected,customers,concern,4
KLAC|2024Q3,lib_seeds_inflected,customers,concern,4
KLAC|2024Q3,lib_seeds_and_risk_inflected,customers,concern,4
KLIC|2010Q2,lib_inflected,inventory,risk,2
KLIC|2010Q2,lib_seeds_inflected,inventory,risk,2
KLIC|2010Q2,lib_seeds_and_risk_inflected,inventory,risk,2
KLIC|2020Q3,lib_inflected,supply,concerns,2
KLIC|2020Q3,lib_seeds_inflected,supply chain,concerns,1
KLIC|2020Q3,lib_seeds_and_risk_inflected,supply chain,concerns,1
KLIC|2022Q4,lib_inflected,supply,disruptions,2
KLIC|2022Q4,lib_seeds_inflected,supply chain,disruptions,1
KLIC|2022Q4,lib_seeds_and_risk_inflected,supply,supply chain disruptions,0
KLIC|2023Q1,lib_inflected,shortage,shortage,0
KLIC|2023Q1,lib_seeds_inflected,shortage,shortage,0
KLIC|2023Q1,lib_seeds_and_risk_inflected,shortage,shortage,0
KLIC|2023Q2,lib_inflected,supply,lead times,5
KLIC|2023Q2,lib_seeds_inflected,supply chain,lead times,4
KLIC|2023Q2,lib_seeds_and_risk_inflected,supply chain,lead times,4
KLIC|2023Q4,lib_inflected,customers,bottleneck,3
KLIC|2023Q4,lib_seeds_inflected,customers,bottleneck,3
KLIC|2023Q4,lib_seeds_and_risk_inflected,customers,bottleneck,3
KLIC|2024Q1,lib_inflected,customers,exposure,3
KLIC|2024Q1,lib_seeds_inflected,customers,exposure,3
KLIC|2024Q1,lib_seeds_and_risk_inflected,customers,exposure,3
PLAB|2012Q1,lib_seeds_inflected,manufacturing,risks,4
PLAB|2012Q1,lib_seeds_and_risk_inflected,manufacturing,risks,4
PLAB|2012Q3,lib_seeds_inflected,manufacturing,risks,4
PLAB|2012Q3,lib_seeds_and_risk_inflected,manufacturing,risks,4
PLAB|2012Q4,lib_seeds_inflected,manufacturing,risks,4
PLAB|2012Q4,lib_seeds_and_risk_inflected,manufacturing,risks,4
PLAB|2013Q2,lib_seeds_inflected,manufacturing,risks,4
PLAB|2013Q2,lib_seeds_and_risk_inflected,manufacturing,risks,4
PLAB|2013Q3,lib_seeds_inflected,manufacturing,risks,4
PLAB|2013Q3,lib_seeds_and_risk_inflected,manufacturing,risks,4
PLAB|2013Q4,lib_seeds_inflected,manufacturing,risks,4
PLAB|2013Q4,lib_seeds_and_risk_inflected,manufacturing,risks,4
PLAB|2014Q1,lib_seeds_inflected,manufacturing,risks,4
PLAB|2014Q1,lib_seeds_and_risk_inflected,manufacturing,risks,4
PLAB|2014Q3,lib_seeds_inflected,manufacturing,risks,4
PLAB|2014Q3,lib_seeds_and_risk_inflected,manufacturing,risks,4
PLAB|2015Q1,lib_seeds_inflected,manufacturing,risks,4
PLAB|2015Q1,lib_seeds_and_risk_inflected,manufacturing,risks,4
PLAB|2015Q2,lib_seeds_inflected,manufacturing,risks,4
PLAB|2015Q2,lib_seeds_and_risk_inflected,manufacturing,risks,4
PLAB|2015Q3,lib_seeds_inflected,manufacturing,risks,4
PLAB|2015Q3,lib_seeds_and_risk_inflected,manufacturing,risks,4
PLAB|2018Q4,lib_inflected,customers,lead time,9
PLAB|2018Q4,lib_seeds_inflected,customers,lead time,9
PLAB|2018Q4,lib_seeds_and_risk_inflected,customers,lead time,9
PLAB|2019Q4,lib_inflected,customers,uncertain,9
PLAB|2019Q4,lib_seeds_inflected,customers,uncertain,9
PLAB|2019Q4,lib_seeds_and_risk_inflected,customers,uncertain,9
PLAB|2022Q2,lib_inflected,shortage,shortage,0
PLAB|2022Q2,lib_seeds_inflected,shortage,shortage,0
PLAB|2022Q2,lib_seeds_and_risk_inflected,shortage,shortage,0
QCOM|2021Q2,lib_inflected,shortage,shortage,0
QCOM|2021Q2,lib_seeds_inflected,shortage,shortage,0
QCOM|2021Q2,lib_seeds_and_risk_inflected,shortage,shortage,0
QCOM|2022Q2,lib_inflected,shortage,shortage,0
QCOM|2022Q2,lib_seeds_inflected,shortage,shortage,0
QCOM|2022Q2,lib_seeds_and_risk_inflected,shortage,shortage,0
QCOM|2012Q4,lib_inflected,customers,exposure,3
QCOM|2012Q4,lib_seeds_inflected,customers,exposure,3
QCOM|2012Q4,lib_seeds_and_risk_inflected,customers,exposure,3
QCOM|2014Q2,lib_inflected,supply,concern,8
QCOM|2014Q2,lib_seeds_inflected,supply,concern,8
QCOM|2014Q2,lib_seeds_and_risk_inflected,supply,concern,8
ONTO|2012Q2,lib_inflected,customers,volatility,9
ONTO|2012Q2,lib_seeds_inflected,customers,volatility,9
ONTO|2012Q2,lib_seeds_and_risk_inflected,customers,volatility,9
ONTO|2014Q1,lib_inflected,customers,exposure,5
ONTO|2014Q1,lib_seeds_inflected,customers,exposure,5
ONTO|2014Q1,lib_seeds_and_risk_inflected,customers,exposure,5
QCOM|2022Q3,lib_inflected,shortage,shortage,0
QCOM|2022Q3,lib_seeds_inflected,shortage,shortage,0
QCOM|2022Q3,lib_seeds_and_risk_inflected,shortage,shortage,0
ONTO|2011Q2,lib_inflected,inventory,volatile,2
ONTO|2011Q2,lib_seeds_inflected,inventory,volatile,2
ONTO|2011Q2,lib_seeds_and_risk_inflected,inventory,volatile,2
ONTO|2020Q3,lib_inflected,supply,uncertain,1
ONTO|2020Q3,lib_seeds_inflected,supply,uncertain,1
ONTO|2020Q3,lib_seeds_and_risk_inflected,supply,uncertain,1
ONTO|2021Q1,lib_inflected,supply,lead times,2
ONTO|2021Q1,lib_seeds_inflected,supply,lead times,2
ONTO|2021Q1,lib_seeds_and_risk_inflected,supply,lead times,2
ONTO|2022Q4,lib_inflected,inventory,lead time,2
ONTO|2022Q4,lib_seeds_inflected,inventory,lead time,2
ONTO|2022Q4,lib_seeds_and_risk_inflected,inventory,lead time,2
SMTC|2015Q1,lib_inflected,inventory,risk,5
SMTC|2015Q1,lib_seeds_inflected,inventory,risk,5
SMTC|2015Q1,lib_seeds_and_risk_inflected,inventory,risk,5
SMTC|2016Q4,lib_inflected,supply,lead times,1
SMTC|2016Q4,lib_seeds_inflected,supply,lead times,1
SMTC|2016Q4,lib_seeds_and_risk_inflected,supply,lead times,1
SMTC|2017Q1,lib_inflected,inventory,risk,3
SMTC|2017Q1,lib_seeds_inflected,inventory,risk,3
SMTC|2017Q1,lib_seeds_and_risk_inflected,inventory,risk,3
SMTC|2017Q2,lib_inflected,inventory,volatility,1
SMTC|2017Q2,lib_seeds_inflected,inventory,volatility,1
SMTC|2017Q2,lib_seeds_and_risk_inflected,inventory,volatility,1
SMTC|2018Q4,lib_inflected,inventory,volatility,1
SMTC|2018Q4,lib_seeds_inflected,inventory,volatility,1
SMTC|2018Q4,lib_seeds_and_risk_inflected,inventory,volatility,1
SMTC|2023Q1,lib_inflected,customers,bottlenecks,5
SMTC|2023Q1,lib_seeds_inflected,customers,bottlenecks,5
SMTC|2023Q1,lib_seeds_and_risk_inflected,customers,bottlenecks,5
SMTC|2023Q2,lib_inflected,supply,bottlenecks,3
SMTC|2023Q2,lib_seeds_inflected,supply,bottlenecks,3
SMTC|2023Q2,lib_seeds_and_risk_inflected,supply,bottlenecks,3
SMTC|2023Q4,lib_inflected,inventory,concern,3
SMTC|2023Q4,lib_seeds_inflected,inventory,concern,3
SMTC|2023Q4,lib_seeds_and_risk_inflected,inventory,concern,3
DIOD|2011Q3,lib_inflected,customers,uncertain,10
DIOD|2011Q3,lib_seeds_inflected,manufacturing,concerns,1
DIOD|2011Q3,lib_seeds_and_risk_inflected,manufacturing,concerns,1
DIOD|2013Q2,lib_seeds_inflected,manufacturing,disruption,2
DIOD|2013Q2,lib_seeds_and_risk_inflected,manufacturing,disruption,2
DIOD|2013Q3,lib_seeds_inflected,distribution,risk,4
DIOD|2013Q3,lib_seeds_and_risk_inflected,distribution,risk,4
DIOD|2020Q2,lib_inflected,supply,disruptions,1
DIOD|2020Q2,lib_seeds_inflected,supply,disruptions,1
DIOD|2020Q2,lib_seeds_and_risk_inflected,supply,supply disruptions,0
DIOD|2020Q3,lib_inflected,channel,lead times,9
DIOD|2020Q3,lib_seeds_inflected,channel,lead times,9
DIOD|2020Q3,lib_seeds_and_risk_inflected,channel,lead times,9
DIOD|2020Q4,lib_inflected,shortage,shortage,0
DIOD|2020Q4,lib_seeds_inflected,shortage,shortage,0
DIOD|2020Q4,lib_seeds_and_risk_inflected,shortage,shortage,0
DIOD|2021Q2,lib_inflected,shortage,shortage,0
DIOD|2021Q2,lib_seeds_inflected,shortage,shortage,0
DIOD|2021Q2,lib_seeds_and_risk_inflected,shortage,shortage,0
DIOD|2015Q1,lib_inflected,customers,uncertainty,8
DIOD|2015Q1,lib_seeds_inflected,customers,uncertainty,8
DIOD|2015Q1,lib_seeds_and_risk_inflected,customers,uncertainty,8
MCHP|2012Q3,lib_inflected,inventory,downside,8
MCHP|2012Q3,lib_seeds_inflected,inventory,downside,8
MCHP|2012Q3,lib_seeds_and_risk_inflected,inventory,downside,8
MCHP|2013Q2,lib_inflected,shortage,shortage,0
MCHP|2013Q2,lib_seeds_inflected,shortage,shortage,0
MCHP|2013Q2,lib_seeds_and_risk_inflected,shortage,shortage,0
MCHP|2016Q1,lib_inflected,supply,exposure,4
MCHP|2016Q1,lib_seeds_inflected,supply chain,exposure,3
MCHP|2016Q1,lib_seeds_and_risk_inflected,supply chain,exposure,3
MCHP|2016Q4,lib_inflected,customers,risk,3
MCHP|2016Q4,lib_seeds_inflected,customers,risk,3
MCHP|2016Q4,lib_seeds_and_risk_inflected,customers,risk,3
MCHP|2017Q1,lib_inflected,shortage,shortage,0
MCHP|2017Q1,lib_seeds_inflected,shortage,shortage,0
MCHP|2017Q1,lib_seeds_and_risk_inflected,shortage,shortage,0
MCHP|2017Q2,lib_inflected,customers,concern,2
MCHP|2017Q2,lib_seeds_inflected,customers,concern,2
MCHP|2017Q2,lib_seeds_and_risk_inflected,customers,concern,2
VECO|2012Q3,lib_inflected,customers,uncertain,7
VECO|2012Q3,lib_seeds_inflected,customers,uncertain,7
VECO|2012Q3,lib_seeds_and_risk_inflected,customers,uncertain,7
VECO|2014Q3,lib_inflected,customers,volatile,6
VECO|2014Q3,lib_seeds_inflected,customers,volatile,6
VECO|2014Q3,lib_seeds_and_risk_inflected,customers,volatile,6
VECO|2019Q3,lib_inflected,order,lead times,8
VECO|2019Q3,lib_seeds_inflected,order,lead times,8
VECO|2019Q3,lib_seeds_and_risk_inflected,order,lead times,8
VECO|2024Q3,lib_inflected,customers,lead time,3
VECO|2024Q3,lib_seeds_inflected,customers,lead time,3
VECO|2024Q3,lib_seeds_and_risk_inflected,customers,lead time,3
STM|2011Q1,lib_inflected,order,exposure,5
STM|2011Q1,lib_seeds_inflected,manufacturing,exposure,3
STM|2011Q1,lib_seeds_and_risk_inflected,manufacturing,exposure,3
STM|2011Q4,lib_inflected,inventory,uncertainty,7
STM|2011Q4,lib_seeds_inflected,inventory,uncertainty,7
STM|2011Q4,lib_seeds_and_risk_inflected,inventory,uncertainty,7
STM|2013Q1,lib_inflected,inventory,lead times,8
STM|2013Q1,lib_seeds_inflected,inventory,lead times,8
STM|2013Q1,lib_seeds_and_risk_inflected,inventory,lead times,8
STM|2016Q1,lib_inflected,customers,exposure,10
STM|2016Q1,lib_seeds_inflected,customers,exposure,10
STM|2016Q1,lib_seeds_and_risk_inflected,customers,exposure,10
STM|2019Q3,lib_inflected,inventory,lead times,6
STM|2019Q3,lib_seeds_inflected,inventory,lead times,6
STM|2019Q3,lib_seeds_and_risk_inflected,inventory,lead times,6
STM|2020Q2,lib_inflected,shortage,shortage,0
STM|2020Q2,lib_seeds_inflected,shortage,shortage,0
STM|2020Q2,lib_seeds_and_risk_inflected,shortage,shortage,0
NVEC|2015Q2,lib_inflected,material,risks,4
NVEC|2015Q2,lib_seeds_inflected,material,risks,4
NVEC|2015Q2,lib_seeds_and_risk_inflected,material,risks,4
NVEC|2015Q4,lib_inflected,customers,uncertainties,7
NVEC|2015Q4,lib_seeds_inflected,customers,uncertainties,7
NVEC|2015Q4,lib_seeds_and_risk_inflected,customers,uncertainties,7
NVEC|2016Q2,lib_inflected,customers,uncertainties,7
NVEC|2016Q2,lib_seeds_inflected,customers,uncertainties,7
NVEC|2016Q2,lib_seeds_and_risk_inflected,customers,uncertainties,7
STM|2023Q4,lib_inflected,shortage,shortage,0
STM|2023Q4,lib_seeds_inflected,shortage,shortage,0
STM|2023Q4,lib_seeds_and_risk_inflected,shortage,shortage,0
STM|2024Q4,lib_inflected,shortage,shortage,0
STM|2024Q4,lib_seeds_inflected,shortage,shortage,0
STM|2024Q4,lib_seeds_and_risk_inflected,shortage,shortage,0
ASML|2013Q1,lib_inflected,material,risks,1
ASML|2013Q1,lib_seeds_inflected,material,risks,1
ASML|2013Q1,lib_seeds_and_risk_inflected,material,risks,1
ASML|2013Q4,lib_inflected,material,risks,1
ASML|2013Q4,lib_seeds_inflected,material,risks,1
ASML|2013Q4,lib_seeds_and_risk_inflected,material,risks,1
ASML|2014Q3,lib_inflected,material,risks,1
ASML|2014Q3,lib_seeds_inflected,material,risks,1
ASML|2014Q3,lib_seeds_and_risk_inflected,material,risks,1
ASML|2015Q1,lib_inflected,material,risks,1
ASML|2015Q1,lib_seeds_inflected,material,risks,1
ASML|2015Q1,lib_seeds_and_risk_inflected,material,risks,1
NVEC|2018Q4,lib_inflected,customers,risks,7
NVEC|2018Q4,lib_seeds_inflected,customers,risks,7
NVEC|2018Q4,lib_seeds_and_risk_inflected,customers,risks,7
NVEC|2019Q1,lib_inflected,customers,risks,7
NVEC|2019Q1,lib_seeds_inflected,customers,risks,7
NVEC|2019Q1,lib_seeds_and_risk_inflected,customers,risks,7
ASML|2015Q4,lib_inflected,material,risks,1
ASML|2015Q4,lib_seeds_inflected,material,risks,1
ASML|2015Q4,lib_seeds_and_risk_inflected,material,risks,1
ASML|2016Q4,lib_inflected,material,risks,1
ASML|2016Q4,lib_seeds_inflected,material,risks,1
ASML|2016Q4,lib_seeds_and_risk_inflected,material,risks,1
ASML|2017Q1,lib_inflected,material,risks,1
ASML|2017Q1,lib_seeds_inflected,material,risks,1
ASML|2017Q1,lib_seeds_and_risk_inflected,material,risks,1
ASML|2018Q3,lib_inflected,material,risks,1
ASML|2018Q3,lib_seeds_inflected,material,risks,1
ASML|2018Q3,lib_seeds_and_risk_inflected,material,risks,1
ASML|2020Q4,lib_inflected,material,risks,1
ASML|2020Q4,lib_seeds_inflected,material,risks,1
ASML|2020Q4,lib_seeds_and_risk_inflected,material,risks,1
ASML|2024Q1,lib_inflected,material,risks,1
ASML|2024Q1,lib_seeds_inflected,material,risks,1
ASML|2024Q1,lib_seeds_and_risk_inflected,material,risks,1
NVEC|2011Q1,lib_inflected,customers,uncertainties,1
NVEC|2011Q1,lib_seeds_inflected,customers,uncertainties,1
NVEC|2011Q1,lib_seeds_and_risk_inflected,customers,uncertainties,1
NVEC|2011Q4,lib_inflected,customers,uncertainties,1
NVEC|2011Q4,lib_seeds_inflected,customers,uncertainties,1
NVEC|2011Q4,lib_seeds_and_risk_inflected,customers,uncertainties,1
NVEC|2016Q3,lib_inflected,customers,uncertainties,7
NVEC|2016Q3,lib_seeds_inflected,customers,uncertainties,7
NVEC|2016Q3,lib_seeds_and_risk_inflected,customers,uncertainties,7
NVEC|2017Q1,lib_inflected,customers,uncertainties,7
NVEC|2017Q1,lib_seeds_inflected,customers,uncertainties,7
NVEC|2017Q1,lib_seeds_and_risk_inflected,customers,uncertainties,7
NVEC|2017Q2,lib_inflected,customers,uncertainties,7
NVEC|2017Q2,lib_seeds_inflected,customers,uncertainties,7
NVEC|2017Q2,lib_seeds_and_risk_inflected,customers,uncertainties,7
NVEC|2017Q3,lib_inflected,customers,uncertainties,7
NVEC|2017Q3,lib_seeds_inflected,customers,uncertainties,7
NVEC|2017Q3,lib_seeds_and_risk_inflected,customers,uncertainties,7
NVEC|2017Q4,lib_inflected,customers,uncertainties,7
NVEC|2017Q4,lib_seeds_inflected,customers,uncertainties,7
NVEC|2017Q4,lib_seeds_and_risk_inflected,customers,uncertainties,7
NVEC|2018Q1,lib_inflected,customers,uncertainties,7
NVEC|2018Q1,lib_seeds_inflected,customers,uncertainties,7
NVEC|2018Q1,lib_seeds_and_risk_inflected,customers,uncertainties,7
NVEC|2018Q2,lib_inflected,customers,risks,7
NVEC|2018Q2,lib_seeds_inflected,customers,risks,7
NVEC|2018Q2,lib_seeds_and_risk_inflected,customers,risks,7
NVEC|2018Q3,lib_inflected,customers,risks,7
NVEC|2018Q3,lib_seeds_inflected,customers,risks,7
NVEC|2018Q3,lib_seeds_and_risk_inflected,customers,risks,7
NVEC|2024Q3,lib_inflected,customers,lead times,3
NVEC|2024Q3,lib_seeds_inflected,customers,lead times,3
NVEC|2024Q3,lib_seeds_and_risk_inflected,customers,lead times,3
RMBS|2011Q1,lib_seeds_inflected,manufacturing,risk,4
RMBS|2011Q1,lib_seeds_and_risk_inflected,manufacturing,risk,4
RMBS|2011Q3,lib_inflected,channel,threat,5
RMBS|2011Q3,lib_seeds_inflected,channel,threat,5
RMBS|2011Q3,lib_seeds_and_risk_inflected,channel,threat,5
RMBS|2013Q1,lib_inflected,shortage,shortage,0
RMBS|2013Q1,lib_seeds_inflected,shortage,shortage,0
RMBS|2013Q1,lib_seeds_and_risk_inflected,shortage,shortage,0
RMBS|2013Q4,lib_inflected,customers,risk,9
RMBS|2013Q4,lib_seeds_inflected,customers,risk,9
RMBS|2013Q4,lib_seeds_and_risk_inflected,customers,risk,9
RMBS|2016Q1,lib_inflected,customers,vulnerability,5
RMBS|2016Q1,lib_seeds_inflected,customers,vulnerability,5
RMBS|2016Q1,lib_seeds_and_risk_inflected,customers,vulnerability,5
RMBS|2019Q1,lib_inflected,supply,concerns,4
RMBS|2019Q1,lib_seeds_inflected,supply chain,concerns,3
RMBS|2019Q1,lib_seeds_and_risk_inflected,supply chain,concerns,3
INTT|2024Q1,lib_inflected,supply,volatile,4
INTT|2024Q1,lib_seeds_inflected,supply,volatile,4
INTT|2024Q1,lib_seeds_and_risk_inflected,supply,volatile,4
RMBS|2019Q2,lib_inflected,inventory,concerns,1
RMBS|2019Q2,lib_seeds_inflected,inventory,concerns,1
RMBS|2019Q2,lib_seeds_and_risk_inflected,inventory,concerns,1
RMBS|2020Q1,lib_inflected,supply,disruptions,2
RMBS|2020Q1,lib_seeds_inflected,supply chain,disruptions,1
RMBS|2020Q1,lib_seeds_and_risk_inflected,supply,supply chain disruptions,0
RMBS|2020Q3,lib_inflected,inventory,concerns,3
RMBS|2020Q3,lib_seeds_inflected,inventory,concerns,3
RMBS|2020Q3,lib_seeds_and_risk_inflected,inventory,concerns,3
TSM|2012Q1,lib_inflected,shortage,shortage,0
TSM|2012Q1,lib_seeds_inflected,shortage,shortage,0
TSM|2012Q1,lib_seeds_and_risk_inflected,shortage,shortage,0
TSM|2014Q2,lib_inflected,inventory,capacity constraint,4
TSM|2014Q2,lib_seeds_inflected,inventory,capacity constraint,4
TSM|2014Q2,lib_seeds_and_risk_inflected,inventory,capacity constraint,4
TSM|2020Q4,lib_inflected,shortage,shortage,0
TSM|2020Q4,lib_seeds_inflected,shortage,shortage,0
TSM|2020Q4,lib_seeds_and_risk_inflected,shortage,shortage,0
TSM|2023Q3,lib_inflected,customers,lead time,4
TSM|2023Q3,lib_seeds_inflected,customers,lead time,4
TSM|2023Q3,lib_seeds_and_risk_inflected,customers,lead time,4
POWI|2012Q1,lib_inflected,customers,lead time,5
POWI|2012Q1,lib_seeds_inflected,customers,lead time,5
POWI|2012Q1,lib_seeds_and_risk_inflected,customers,lead time,5
POWI|2012Q2,lib_inflected,inventory,uncertain,5
POWI|2012Q2,lib_seeds_inflected,inventory,uncertain,5
POWI|2012Q2,lib_seeds_and_risk_inflected,inventory,uncertain,5
POWI|2014Q3,lib_inflected,channel,lead times,6
POWI|2014Q3,lib_seeds_inflected,channel,lead times,6
POWI|2014Q3,lib_seeds_and_risk_inflected,channel,lead times,6
POWI|2014Q4,lib_inflected,inventory,risk,10
POWI|2014Q4,lib_seeds_inflected,inventory,risk,10
POWI|2014Q4,lib_seeds_and_risk_inflected,inventory,risk,10
POWI|2015Q1,lib_inflected,inventory,risk,10
POWI|2015Q1,lib_seeds_inflected,inventory,risk,10
POWI|2015Q1,lib_seeds_and_risk_inflected,inventory,risk,10
POWI|2016Q1,lib_inflected,order,uncertain,4
POWI|2016Q1,lib_seeds_inflected,order,uncertain,4
POWI|2016Q1,lib_seeds_and_risk_inflected,order,uncertain,4
POWI|2016Q2,lib_inflected,customers,exposure,6
POWI|2016Q2,lib_seeds_inflected,customers,exposure,6
POWI|2016Q2,lib_seeds_and_risk_inflected,customers,exposure,6
POWI|2017Q1,lib_inflected,customers,volatile,6
POWI|2017Q1,lib_seeds_inflected,customers,volatile,6
POWI|2017Q1,lib_seeds_and_risk_inflected,customers,volatile,6
POWI|2020Q3,lib_inflected,inventory,uncertainty,3
POWI|2020Q3,lib_seeds_inflected,inventory,uncertainty,3
POWI|2020Q3,lib_seeds_and_risk_inflected,inventory,uncertainty,3
POWI|2021Q2,lib_inflected,supply,capacity constraints,9
POWI|2021Q2,lib_seeds_inflected,supply,capacity constraints,9
POWI|2021Q2,lib_seeds_and_risk_inflected,supply,capacity constraints,9
AMKR|2011Q3,lib_inflected,inventory,uncertain,7
AMKR|2011Q3,lib_seeds_inflected,inventory,uncertain,7
AMKR|2011Q3,lib_seeds_and_risk_inflected,inventory,uncertain,7
AMKR|2013Q1,lib_inflected,supply,disruptions,2
AMKR|2013Q1,lib_seeds_inflected,supply chain,disruptions,1
AMKR|2013Q1,lib_seeds_and_risk_inflected,supply,supply chain disruptions,0
POWI|2021Q4,lib_inflected,supply,concerns,5
POWI|2021Q4,lib_seeds_inflected,supply,concerns,5
POWI|2021Q4,lib_seeds_and_risk_inflected,supply,concerns,5
POWI|2022Q3,lib_inflected,inventory,concerns,4
POWI|2022Q3,lib_seeds_inflected,inventory,concerns,4
POWI|2022Q3,lib_seeds_and_risk_inflected,inventory,concerns,4
POWI|2022Q4,lib_inflected,customers,risk,8
POWI|2022Q4,lib_seeds_inflected,customers,risk,8
POWI|2022Q4,lib_seeds_and_risk_inflected,customers,risk,8
POWI|2023Q4,lib_inflected,inventory,risk,5
POWI|2023Q4,lib_seeds_inflected,inventory,risk,5
POWI|2023Q4,lib_seeds_and_risk_inflected,inventory,risk,5
POWI|2024Q3,lib_inflected,customers,concerns,9
POWI|2024Q3,lib_seeds_inflected,customers,concerns,9
POWI|2024Q3,lib_seeds_and_risk_inflected,customers,concerns,9
AMKR|2016Q3,lib_inflected,order,disruption,2
AMKR|2016Q3,lib_seeds_inflected,order,disruption,2
AMKR|2016Q3,lib_seeds_and_risk_inflected,order,disruption,2
AMKR|2022Q4,lib_inflected,supply,risk,5
AMKR|2022Q4,lib_seeds_inflected,supply chain,risk,4
AMKR|2022Q4,lib_seeds_and_risk_inflected,supply chain,risk,4
AMKR|2023Q1,lib_inflected,supply,disruptions,2
AMKR|2023Q1,lib_seeds_inflected,supply chain,disruptions,1
AMKR|2023Q1,lib_seeds_and_risk_inflected,supply,supply chain disruptions,0
AMKR|2023Q4,lib_inflected,customers,risk,8
AMKR|2023Q4,lib_seeds_inflected,customers,risk,8
AMKR|2023Q4,lib_seeds_and_risk_inflected,customers,risk,8
AMKR|2024Q1,lib_inflected,shortage,shortage,0
AMKR|2024Q1,lib_seeds_inflected,shortage,shortage,0
AMKR|2024Q1,lib_seeds_and_risk_inflected,shortage,shortage,0
AMKR|2024Q3,lib_inflected,shortage,shortage,0
AMKR|2024Q3,lib_seeds_inflected,shortage,shortage,0
AMKR|2024Q3,lib_seeds_and_risk_inflected,shortage,shortage,0
AXTI|2014Q3,lib_inflected,shortage,shortage,0
AXTI|2014Q3,lib_seeds_inflected,shortage,shortage,0
AXTI|2014Q3,lib_seeds_and_risk_inflected,shortage,shortage,0
AXTI|2015Q1,lib_inflected,customers,risk,9
AXTI|2015Q1,lib_seeds_inflected,customers,risk,9
AXTI|2015Q1,lib_seeds_and_risk_inflected,customers,risk,9
AXTI|2017Q3,lib_inflected,customers,lead time,9
AXTI|2017Q3,lib_seeds_inflected,customers,lead time,9
AXTI|2017Q3,lib_seeds_and_risk_inflected,customers,lead time,9
AXTI|2018Q2,lib_inflected,customers,risks,8
AXTI|2018Q2,lib_seeds_inflected,customers,risks,8
AXTI|2018Q2,lib_seeds_and_risk_inflected,customers,risks,8
AXTI|2019Q2,lib_inflected,inventory,uncertain,4
AXTI|2019Q2,lib_seeds_inflected,inventory,uncertain,4
AXTI|2019Q2,lib_seeds_and_risk_inflected,inventory,uncertain,4
AXTI|2021Q4,lib_inflected,shortage,shortage,0
AXTI|2021Q4,lib_seeds_inflected,shortage,shortage,0
AXTI|2021Q4,lib_seeds_and_risk_inflected,shortage,shortage,0
AXTI|2022Q3,lib_inflected,shortage,shortage,0
AXTI|2022Q3,lib_seeds_inflected,shortage,shortage,0
AXTI|2022Q3,lib_seeds_and_risk_inflected,shortage,shortage,0
AXTI|2022Q4,lib_inflected,inventory,risk,3
AXTI|2022Q4,lib_seeds_inflected,inventory,risk,3
AXTI|2022Q4,lib_seeds_and_risk_inflected,inventory,risk,3
AXTI|2023Q2,lib_inflected,supply,disruptions,2
AXTI|2023Q2,lib_seeds_inflected,supply chain,disruptions,1
AXTI|2023Q2,lib_seeds_and_risk_inflected,supply,supply chain disruptions,0
NVDA|2021Q1,lib_inflected,customers,concerns,2
NVDA|2021Q1,lib_seeds_inflected,customers,concerns,2
NVDA|2021Q1,lib_seeds_and_risk_inflected,customers,concerns,2
NVDA|2021Q2,lib_inflected,supply,lead times,8
NVDA|2021Q2,lib_seeds_inflected,supply,lead times,8
NVDA|2021Q2,lib_seeds_and_risk_inflected,supply,lead times,8
NVDA|2021Q4,lib_inflected,supply,lead times,3
NVDA|2021Q4,lib_seeds_inflected,supply,lead times,3
NVDA|2021Q4,lib_seeds_and_risk_inflected,supply,lead times,3
NVDA|2022Q4,lib_inflected,customers,bottlenecks,5
NVDA|2022Q4,lib_seeds_inflected,customers,bottlenecks,5
NVDA|2022Q4,lib_seeds_and_risk_inflected,customers,bottlenecks,5
NVDA|2023Q1,lib_inflected,supply,uncertainty,3
NVDA|2023Q1,lib_seeds_inflected,supply,uncertainty,3
NVDA|2023Q1,lib_seeds_and_risk_inflected,supply,uncertainty,3
NVDA|2023Q3,lib_inflected,supply,disruptions,2
NVDA|2023Q3,lib_seeds_inflected,supply chain,disruptions,1
NVDA|2023Q3,lib_seeds_and_risk_inflected,supply,supply chain disruptions,0
NVDA|2024Q1,lib_inflected,supply,lead times,9
NVDA|2024Q1,lib_seeds_inflected,supply,lead times,9
NVDA|2024Q1,lib_seeds_and_risk_inflected,supply,lead times,9
QUIK|2010Q1,lib_inflected,shortage,shortage,0
QUIK|2010Q1,lib_seeds_inflected,shortage,shortage,0
QUIK|2010Q1,lib_seeds_and_risk_inflected,shortage,shortage,0
QUIK|2012Q2,lib_inflected,suppliers,risky,2
QUIK|2012Q2,lib_seeds_inflected,suppliers,risky,2
QUIK|2012Q2,lib_seeds_and_risk_inflected,suppliers,risky,2
QUIK|2020Q1,lib_inflected,supply,bottlenecks,6
QUIK|2020Q1,lib_seeds_inflected,supply,bottlenecks,6
QUIK|2020Q1,lib_seeds_and_risk_inflected,supply,bottlenecks,6
SLAB|2011Q2,lib_inflected,customers,concern,3
SLAB|2011Q2,lib_seeds_inflected,customers,concern,3
SLAB|2011Q2,lib_seeds_and_risk_inflected,customers,concern,3
SLAB|2012Q2,lib_inflected,customers,uncertainty,7
SLAB|2012Q2,lib_seeds_inflected,customers,uncertainty,7
SLAB|2012Q2,lib_seeds_and_risk_inflected,customers,uncertainty,7
SLAB|2012Q4,lib_inflected,channel,concerns,4
SLAB|2012Q4,lib_seeds_inflected,channel,concerns,4
SLAB|2012Q4,lib_seeds_and_risk_inflected,channel,concerns,4
SLAB|2013Q3,lib_inflected,customers,lead times,2
SLAB|2013Q3,lib_seeds_inflected,customers,lead times,2
SLAB|2013Q3,lib_seeds_and_risk_inflected,customers,lead times,2
SLAB|2018Q2,lib_seeds_inflected,manufacturing,tariffs,10
SLAB|2018Q2,lib_seeds_and_risk_inflected,manufacturing,tariffs,10
SLAB|2019Q3,lib_inflected,supply,bottlenecks,2
SLAB|2019Q3,lib_seeds_inflected,supply chain,bottlenecks,1
SLAB|2019Q3,lib_seeds_and_risk_inflected,supply chain,bottlenecks,1
SLAB|2019Q4,lib_inflected,customers,volatility,6
SLAB|2019Q4,lib_seeds_inflected,customers,volatility,6
SLAB|2019Q4,lib_seeds_and_risk_inflected,customers,volatility,6
SLAB|2020Q2,lib_inflected,channel,uncertainty,6
SLAB|2020Q2,lib_seeds_inflected,channel,uncertainty,6
SLAB|2020Q2,lib_seeds_and_risk_inflected,channel,uncertainty,6
SLAB|2015Q4,lib_inflected,order,lead times,5
SLAB|2015Q4,lib_seeds_inflected,order,lead times,5
SLAB|2015Q4,lib_seeds_and_risk_inflected,order,lead times,5
SLAB|2016Q1,lib_inflected,supply,exposure,8
SLAB|2016Q1,lib_seeds_inflected,supply,exposure,8
SLAB|2016Q1,lib_seeds_and_risk_inflected,supply,exposure,8
SLAB|2017Q3,lib_inflected,order,lead times,1
SLAB|2017Q3,lib_seeds_inflected,order,lead times,1
SLAB|2017Q3,lib_seeds_and_risk_inflected,order,lead times,1
SLAB|2021Q1,lib_inflected,supply,capacity constraints,5
SLAB|2021Q1,lib_seeds_inflected,supply,capacity constraints,5
SLAB|2021Q1,lib_seeds_and_risk_inflected,supply,capacity constraints,5
SLAB|2021Q2,lib_inflected,shortage,shortage,0
SLAB|2021Q2,lib_seeds_inflected,shortage,shortage,0
SLAB|2021Q2,lib_seeds_and_risk_inflected,shortage,shortage,0
SLAB|2021Q3,lib_inflected,customers,counterfeiting,2
SLAB|2021Q3,lib_seeds_inflected,customers,counterfeiting,2
SLAB|2021Q3,lib_seeds_and_risk_inflected,customers,counterfeiting,2
SLAB|2022Q1,lib_inflected,supply,concerns,2
SLAB|2022Q1,lib_seeds_inflected,supply chain,concerns,1
SLAB|2022Q1,lib_seeds_and_risk_inflected,supply chain,concerns,1
NVMI|2010Q2,lib_inflected,supply,lead times,5
NVMI|2010Q2,lib_seeds_inflected,supply chain,lead times,4
NVMI|2010Q2,lib_seeds_and_risk_inflected,supply chain,lead times,4
NVMI|2010Q3,lib_inflected,shortage,shortage,0
NVMI|2010Q3,lib_seeds_inflected,shortage,shortage,0
NVMI|2010Q3,lib_seeds_and_risk_inflected,shortage,shortage,0
NVMI|2012Q4,lib_inflected,shortage,shortage,0
NVMI|2012Q4,lib_seeds_inflected,shortage,shortage,0
NVMI|2012Q4,lib_seeds_and_risk_inflected,shortage,shortage,0
NVMI|2016Q1,lib_inflected,customers,exposure,4
NVMI|2016Q1,lib_seeds_inflected,customers,exposure,4
NVMI|2016Q1,lib_seeds_and_risk_inflected,customers,exposure,4
NVMI|2017Q4,lib_inflected,customers,exposure,6
NVMI|2017Q4,lib_seeds_inflected,customers,exposure,6
NVMI|2017Q4,lib_seeds_and_risk_inflected,customers,exposure,6
NVMI|2018Q2,lib_inflected,customers,exposure,3
NVMI|2018Q2,lib_seeds_inflected,customers,exposure,3
NVMI|2018Q2,lib_seeds_and_risk_inflected,customers,exposure,3
NVMI|2019Q3,lib_inflected,customers,exposure,4
NVMI|2019Q3,lib_seeds_inflected,customers,exposure,4
NVMI|2019Q3,lib_seeds_and_risk_inflected,customers,exposure,4
NVMI|2019Q4,lib_inflected,customers,exposure,4
NVMI|2019Q4,lib_seeds_inflected,customers,exposure,4
NVMI|2019Q4,lib_seeds_and_risk_inflected,customers,exposure,4
NVMI|2022Q2,lib_inflected,supply,disruptions,2
NVMI|2022Q2,lib_seeds_inflected,supply chain,disruptions,1
NVMI|2022Q2,lib_seeds_and_risk_inflected,supply,supply chain disruptions,0
NVMI|2022Q3,lib_inflected,customers,exposure,3
NVMI|2022Q3,lib_seeds_inflected,customers,exposure,3
NVMI|2022Q3,lib_seeds_and_risk_inflected,customers,exposure,3
NVMI|2023Q4,lib_inflected,customers,exposure,10
NVMI|2023Q4,lib_seeds_inflected,customers,exposure,10
NVMI|2023Q4,lib_seeds_and_risk_inflected,customers,exposure,10
ON|2012Q4,lib_inflected,packages,lead times,10
ON|2012Q4,lib_seeds_inflected,packages,lead times,10
ON|2012Q4,lib_seeds_and_risk_inflected,packages,lead times,10
ON|2013Q4,lib_inflected,customers,concerns,7
ON|2013Q4,lib_seeds_inflected,customers,concerns,7
ON|2013Q4,lib_seeds_and_risk_inflected,customers,concerns,7
ON|2014Q2,lib_inflected,channel,lead times,3
ON|2014Q2,lib_seeds_inflected,channel,lead times,3
ON|2014Q2,lib_seeds_and_risk_inflected,channel,lead times,3
PXLW|2015Q1,lib_inflected,order,disruption,4
PXLW|2015Q1,lib_seeds_inflected,order,disruption,4
PXLW|2015Q1,lib_seeds_and_risk_inflected,order,disruption,4
PXLW|2016Q4,lib_inflected,channel,disruption,1
PXLW|2016Q4,lib_seeds_inflected,supply chain,disruptions,1
PXLW|2016Q4,lib_seeds_and_risk_inflected,supply,supply chain disruptions,0
PXLW|2017Q1,lib_inflected,shortage,shortage,0
PXLW|2017Q1,lib_seeds_inflected,shortage,shortage,0
PXLW|2017Q1,lib_seeds_and_risk_inflected,shortage,shortage,0
ON|2018Q3,lib_inflected,inventory,risk,3
ON|2018Q3,lib_seeds_inflected,inventory,risk,3
ON|2018Q3,lib_seeds_and_risk_inflected,inventory,risk,3
ON|2019Q4,lib_inflected,supply,supply chain disruption,0
ON|2019Q4,lib_seeds_inflected,supply,supply chain disruption,0
ON|2019Q4,lib_seeds_and_risk_inflected,supply,supply chain disruption,0
ON|2023Q3,lib_inflected,inventory,risk,1
ON|2023Q3,lib_seeds_inflected,inventory,risk,1
ON|2023Q3,lib_seeds_and_risk_inflected,inventory,risk,1
ON|2023Q4,lib_inflected,inventory,uncertain,3
ON|2023Q4,lib_seeds_inflected,inventory,uncertain,3
ON|2023Q4,lib_seeds_and_risk_inflected,inventory,uncertain,3
ON|2024Q2,lib_inflected,supply,risks,3
ON|2024Q2,lib_seeds_inflected,supply,risks,3
ON|2024Q2,lib_seeds_and_risk_inflected,supply,risks,3
PXLW|2012Q1,lib_inflected,supply,disruptions,2
PXLW|2012Q1,lib_seeds_inflected,supply chain,disruptions,1
PXLW|2012Q1,lib_seeds_and_risk_inflected,supply,supply chain disruptions,0
PXLW|2017Q2,lib_inflected,channel,disruptions,1
PXLW|2017Q2,lib_seeds_inflected,channel,disruptions,1
PXLW|2017Q2,lib_seeds_and_risk_inflected,channel,disruptions,1
PXLW|2020Q2,lib_inflected,customers,uncertainty,1
PXLW|2020Q2,lib_seeds_inflected,customers,uncertainty,1
PXLW|2020Q2,lib_seeds_and_risk_inflected,customers,uncertainty,1
MRVL|2011Q1,lib_inflected,shortage,shortage,0
MRVL|2011Q1,lib_seeds_inflected,shortage,shortage,0
MRVL|2011Q1,lib_seeds_and_risk_inflected,shortage,shortage,0
ACLS|2017Q4,lib_inflected,supply,lead times,2
ACLS|2017Q4,lib_seeds_inflected,supply,lead times,2
ACLS|2017Q4,lib_seeds_and_risk_inflected,supply,lead times,2
ACLS|2016Q4,lib_inflected,customers,exposure,5
ACLS|2016Q4,lib_seeds_inflected,customers,exposure,5
ACLS|2016Q4,lib_seeds_and_risk_inflected,customers,exposure,5
MRVL|2022Q4,lib_inflected,supply,lead times,5
MRVL|2022Q4,lib_seeds_inflected,supply,lead times,5
MRVL|2022Q4,lib_seeds_and_risk_inflected,supply,lead times,5
ACLS|2020Q1,lib_inflected,supply,supply chain disruption,0
ACLS|2020Q1,lib_seeds_inflected,supply,supply chain disruption,0
ACLS|2020Q1,lib_seeds_and_risk_inflected,supply,supply chain disruption,0
ACLS|2022Q4,lib_inflected,shortage,shortage,0
ACLS|2022Q4,lib_seeds_inflected,shortage,shortage,0
ACLS|2022Q4,lib_seeds_and_risk_inflected,shortage,shortage,0
ACLS|2023Q1,lib_seeds_inflected,manufacturing,risk,5
ACLS|2023Q1,lib_seeds_and_risk_inflected,manufacturing,risk,5
ACLS|2023Q4,lib_inflected,material,risk,1
ACLS|2023Q4,lib_seeds_inflected,material,risk,1
ACLS|2023Q4,lib_seeds_and_risk_inflected,material,risk,1
ACLS|2024Q1,lib_seeds_inflected,manufacturing,risk,5
ACLS|2024Q1,lib_seeds_and_risk_inflected,manufacturing,risk,5
ENTG|2013Q1,lib_inflected,customers,volatile,8
ENTG|2013Q1,lib_seeds_inflected,customers,volatile,8
ENTG|2013Q1,lib_seeds_and_risk_inflected,customers,volatile,8
ENTG|2010Q3,lib_inflected,customers,uncertain,6
ENTG|2010Q3,lib_seeds_inflected,customers,uncertain,6
ENTG|2010Q3,lib_seeds_and_risk_inflected,customers,uncertain,6
ENTG|2010Q4,lib_inflected,customers,manufacturing defects,5
ENTG|2010Q4,lib_seeds_inflected,manufacturing,manufacturing defects,0
ENTG|2010Q4,lib_seeds_and_risk_inflected,manufacturing,manufacturing defects,0
ENTG|2012Q2,lib_inflected,customers,uncertainty,4
ENTG|2012Q2,lib_seeds_inflected,customers,uncertainty,4
ENTG|2012Q2,lib_seeds_and_risk_inflected,customers,uncertainty,4
ENTG|2015Q3,lib_inflected,inventory,concerns,3
ENTG|2015Q3,lib_seeds_inflected,inventory,concerns,3
ENTG|2015Q3,lib_seeds_and_risk_inflected,inventory,concerns,3
ENTG|2016Q3,lib_seeds_inflected,manufacturing,risk,4
ENTG|2016Q3,lib_seeds_and_risk_inflected,manufacturing,risk,4
ENTG|2019Q2,lib_inflected,customers,risk,10
ENTG|2019Q2,lib_seeds_inflected,customers,risk,10
ENTG|2019Q2,lib_seeds_and_risk_inflected,customers,risk,10
ENTG|2020Q3,lib_inflected,supply,disruptions,1
ENTG|2020Q3,lib_seeds_inflected,supply,disruptions,1
ENTG|2020Q3,lib_seeds_and_risk_inflected,supply,supply disruptions,0
ENTG|2023Q4,lib_inflected,supply,risks,2
ENTG|2023Q4,lib_seeds_inflected,supply chain,risks,1
ENTG|2023Q4,lib_seeds_and_risk_inflected,supply chain,risks,1
ENTG|2024Q3,lib_inflected,customers,exposure,3
ENTG|2024Q3,lib_seeds_inflected,customers,exposure,3
ENTG|2024Q3,lib_seeds_and_risk_inflected,customers,exposure,3
ENTG|2020Q4,lib_inflected,customers,exposure,3
ENTG|2020Q4,lib_seeds_inflected,customers,exposure,3
ENTG|2020Q4,lib_seeds_and_risk_inflected,customers,exposure,3
ENTG|2022Q2,lib_inflected,customers,concern,3
ENTG|2022Q2,lib_seeds_inflected,customers,concern,3
ENTG|2022Q2,lib_seeds_and_risk_inflected,customers,concern,3
CAMT|2020Q2,lib_inflected,customers,disruptions,4
CAMT|2020Q2,lib_seeds_inflected,customers,disruptions,4
CAMT|2020Q2,lib_seeds_and_risk_inflected,customers,disruptions,4
CAMT|2022Q2,lib_inflected,supply,disruption,3
CAMT|2022Q2,lib_seeds_inflected,supply,disruption,3
CAMT|2022Q2,lib_seeds_and_risk_inflected,supply,disruption,3
CAMT|2023Q1,lib_inflected,customers,lead times,7
CAMT|2023Q1,lib_seeds_inflected,customers,lead times,7
CAMT|2023Q1,lib_seeds_and_risk_inflected,customers,lead times,7
CAMT|2024Q2,lib_seeds_inflected,manufacturing,concerns,6
CAMT|2024Q2,lib_seeds_and_risk_inflected,manufacturing,concerns,6
UMC|2010Q4,lib_inflected,customers,risk,7
UMC|2010Q4,lib_seeds_inflected,customers,risk,7
UMC|2010Q4,lib_seeds_and_risk_inflected,customers,risk,7
UMC|2011Q3,lib_inflected,customers,uncertain,3
UMC|2011Q3,lib_seeds_inflected,customers,uncertain,3
UMC|2011Q3,lib_seeds_and_risk_inflected,customers,uncertain,3
UMC|2012Q1,lib_inflected,shortage,shortage,0
UMC|2012Q1,lib_seeds_inflected,shortage,shortage,0
UMC|2012Q1,lib_seeds_and_risk_inflected,shortage,shortage,0
UMC|2012Q4,lib_inflected,customers,uncertainty,2
UMC|2012Q4,lib_seeds_inflected,customers,uncertainty,2
UMC|2012Q4,lib_seeds_and_risk_inflected,customers,uncertainty,2
UMC|2013Q2,lib_inflected,shortage,shortage,0
UMC|2013Q2,lib_seeds_inflected,shortage,shortage,0
UMC|2013Q2,lib_seeds_and_risk_inflected,shortage,shortage,0
UMC|2013Q3,lib_inflected,inventory,uncertainties,3
UMC|2013Q3,lib_seeds_inflected,inventory,uncertainties,3
UMC|2013Q3,lib_seeds_and_risk_inflected,inventory,uncertainties,3
UMC|2014Q1,lib_inflected,shortage,shortage,0
UMC|2014Q1,lib_seeds_inflected,shortage,shortage,0
UMC|2014Q1,lib_seeds_and_risk_inflected,shortage,shortage,0
UMC|2014Q3,lib_inflected,supply,risks,2
UMC|2014Q3,lib_seeds_inflected,supply chain,risks,1
UMC|2014Q3,lib_seeds_and_risk_inflected,supply chain,risks,1
UMC|2015Q2,lib_inflected,inventory,uncertainties,8
UMC|2015Q2,lib_seeds_inflected,inventory,uncertainties,8
UMC|2015Q2,lib_seeds_and_risk_inflected,inventory,uncertainties,8
UMC|2015Q4,lib_inflected,supply,uncertainty,5
UMC|2015Q4,lib_seeds_inflected,supply,uncertainty,5
UMC|2015Q4,lib_seeds_and_risk_inflected,supply,uncertainty,5
UMC|2016Q4,lib_inflected,customers,uncertainty,4
UMC|2016Q4,lib_seeds_inflected,customers,uncertainty,4
UMC|2016Q4,lib_seeds_and_risk_inflected,customers,uncertainty,4
UMC|2018Q4,lib_inflected,supply,trade dispute,9
UMC|2018Q4,lib_seeds_inflected,supply chain,trade dispute,8
UMC|2018Q4,lib_seeds_and_risk_inflected,supply chain,trade dispute,8
UMC|2022Q3,lib_inflected,inventory,uncertainties,3
UMC|2022Q3,lib_seeds_inflected,inventory,uncertainties,3
UMC|2022Q3,lib_seeds_and_risk_inflected,inventory,uncertainties,3
UMC|2023Q2,lib_inflected,inventory,concerns,1
UMC|2023Q2,lib_seeds_inflected,inventory,concerns,1
UMC|2023Q2,lib_seeds_and_risk_inflected,inventory,concerns,1
UMC|2024Q1,lib_inflected,customers,concerns,5
UMC|2024Q1,lib_seeds_inflected,customers,concerns,5
UMC|2024Q1,lib_seeds_and_risk_inflected,customers,concerns,5
IMOS|2018Q4,lib_inflected,customers,risk,6
IMOS|2018Q4,lib_seeds_inflected,customers,risk,6
IMOS|2018Q4,lib_seeds_and_risk_inflected,customers,risk,6
IMOS|2019Q3,lib_inflected,customers,concern,10
IMOS|2019Q3,lib_seeds_inflected,customers,concern,10
IMOS|2019Q3,lib_seeds_and_risk_inflected,customers,concern,10
IMOS|2020Q2,lib_inflected,customers,uncertain,3
IMOS|2020Q2,lib_seeds_inflected,customers,uncertain,3
IMOS|2020Q2,lib_seeds_and_risk_inflected,customers,uncertain,3
IMOS|2021Q4,lib_inflected,supply,bottlenecks,1
IMOS|2021Q4,lib_seeds_inflected,supply,bottlenecks,1
IMOS|2021Q4,lib_seeds_and_risk_inflected,supply,bottlenecks,1
IMOS|2022Q4,lib_inflected,customers,uncertainty,7
IMOS|2022Q4,lib_seeds_inflected,customers,uncertainty,7
IMOS|2022Q4,lib_seeds_and_risk_inflected,customers,uncertainty,7
ASX|2024Q2,lib_inflected,shortage,shortage,0
ASX|2024Q2,lib_seeds_inflected,shortage,shortage,0
ASX|2024Q2,lib_seeds_and_risk_inflected,shortage,shortage,0
ASX|2017Q4,lib_inflected,customers,risk,5
ASX|2017Q4,lib_seeds_inflected,customers,risk,5
ASX|2017Q4,lib_seeds_and_risk_inflected,customers,risk,5
ASX|2019Q1,lib_inflected,inventory,concerns,1
ASX|2019Q1,lib_seeds_inflected,inventory,concerns,1
ASX|2019Q1,lib_seeds_and_risk_inflected,inventory,concerns,1
ASX|2019Q2,lib_inflected,supply,uncertainty,3
ASX|2019Q2,lib_seeds_inflected,supply,uncertainty,3
ASX|2019Q2,lib_seeds_and_risk_inflected,supply,uncertainty,3
ASX|2022Q2,lib_inflected,shortage,labor shortage,0
ASX|2022Q2,lib_seeds_inflected,shortage,labor shortage,0
ASX|2022Q2,lib_seeds_and_risk_inflected,shortage,labor shortage,0
ASX|2023Q1,lib_inflected,inventory,lead time,4
ASX|2023Q1,lib_seeds_inflected,inventory,lead time,4
ASX|2023Q1,lib_seeds_and_risk_inflected,inventory,lead time,4
IMOS|2024Q1,lib_inflected,material,concern,8
IMOS|2024Q1,lib_seeds_inflected,material,concern,8
IMOS|2024Q1,lib_seeds_and_risk_inflected,material,concern,8
PRSO|2018Q1,lib_inflected,customers,lead times,7
PRSO|2018Q1,lib_seeds_inflected,customers,lead times,7
PRSO|2018Q1,lib_seeds_and_risk_inflected,customers,lead times,7
PRSO|2023Q3,lib_inflected,shortage,shortage,0
PRSO|2023Q3,lib_seeds_inflected,shortage,shortage,0
PRSO|2023Q3,lib_seeds_and_risk_inflected,shortage,shortage,0
PRSO|2024Q3,lib_inflected,inventory,concerns,6
PRSO|2024Q3,lib_seeds_inflected,inventory,concerns,6
PRSO|2024Q3,lib_seeds_and_risk_inflected,inventory,concerns,6
SYNA|2013Q1,lib_inflected,shortage,shortage,0
SYNA|2013Q1,lib_seeds_inflected,shortage,shortage,0
SYNA|2013Q1,lib_seeds_and_risk_inflected,shortage,shortage,0
SYNA|2013Q2,lib_inflected,shortage,shortage,0
SYNA|2013Q2,lib_seeds_inflected,shortage,shortage,0
SYNA|2013Q2,lib_seeds_and_risk_inflected,shortage,shortage,0
HPQ|2014Q3,lib_inflected,material,disruptions,1
HPQ|2014Q3,lib_seeds_inflected,material,disruptions,1
HPQ|2014Q3,lib_seeds_and_risk_inflected,material,disruptions,1
SYNA|2016Q2,lib_inflected,shortage,shortage,0
SYNA|2016Q2,lib_seeds_inflected,shortage,shortage,0
SYNA|2016Q2,lib_seeds_and_risk_inflected,shortage,shortage,0
SYNA|2016Q3,lib_inflected,supply,uncertainty,6
SYNA|2016Q3,lib_seeds_inflected,supply chain,uncertainty,5
SYNA|2016Q3,lib_seeds_and_risk_inflected,supply chain,uncertainty,5
SYNA|2018Q2,lib_inflected,material,susceptible,5
SYNA|2018Q2,lib_seeds_inflected,material,susceptible,5
SYNA|2018Q2,lib_seeds_and_risk_inflected,material,susceptible,5
SYNA|2015Q2,lib_inflected,shortage,shortage,0
SYNA|2015Q2,lib_seeds_inflected,shortage,shortage,0
SYNA|2015Q2,lib_seeds_and_risk_inflected,shortage,shortage,0
SYNA|2015Q3,lib_inflected,supply,concerns,4
SYNA|2015Q3,lib_seeds_inflected,supply,concerns,4
SYNA|2015Q3,lib_seeds_and_risk_inflected,supply,concerns,4
SYNA|2020Q3,lib_inflected,supply,disruptions,6
SYNA|2020Q3,lib_seeds_inflected,supply chain,disruptions,5
SYNA|2020Q3,lib_seeds_and_risk_inflected,supply chain,disruptions,5
SYNA|2020Q4,lib_inflected,shortage,shortage,0
SYNA|2020Q4,lib_seeds_inflected,shortage,shortage,0
SYNA|2020Q4,lib_seeds_and_risk_inflected,shortage,shortage,0
SYNA|2023Q2,lib_inflected,shortage,shortage,0
SYNA|2023Q2,lib_seeds_inflected,shortage,shortage,0
SYNA|2023Q2,lib_seeds_and_risk_inflected,shortage,shortage,0
SYNA|2024Q2,lib_inflected,inventory,uncertainty,8
SYNA|2024Q2,lib_seeds_inflected,inventory,uncertainty,8
SYNA|2024Q2,lib_seeds_and_risk_inflected,inventory,uncertainty,8
HPQ|2014Q1,lib_inflected,inventory,concern,8
HPQ|2014Q1,lib_seeds_inflected,inventory,concern,8
HPQ|2014Q1,lib_seeds_and_risk_inflected,inventory,concern,8
HPQ|2017Q2,lib_inflected,material,exposure,9
HPQ|2017Q2,lib_seeds_inflected,material,exposure,9
HPQ|2017Q2,lib_seeds_and_risk_inflected,material,exposure,9
HPQ|2017Q3,lib_inflected,inventory,risk,3
HPQ|2017Q3,lib_seeds_inflected,inventory,risk,3
HPQ|2017Q3,lib_seeds_and_risk_inflected,inventory,risk,3
IBM|2011Q4,lib_inflected,customers,risk,5
IBM|2011Q4,lib_seeds_inflected,customers,risk,5
IBM|2011Q4,lib_seeds_and_risk_inflected,customers,risk,5
IBM|2014Q4,lib_inflected,customers,threats,10
IBM|2014Q4,lib_seeds_inflected,customers,threats,10
IBM|2014Q4,lib_seeds_and_risk_inflected,customers,threats,10
IBM|2018Q4,lib_inflected,inventory,volatility,10
IBM|2018Q4,lib_seeds_inflected,inventory,volatility,10
IBM|2018Q4,lib_seeds_and_risk_inflected,sources,cyber threats,10
UIS|2012Q3,lib_seeds_inflected,distribution,volatility,7
UIS|2012Q3,lib_seeds_and_risk_inflected,distribution,volatility,7
UIS|2012Q4,lib_inflected,reseller,threats,7
UIS|2012Q4,lib_seeds_inflected,reseller,threats,7
UIS|2012Q4,lib_seeds_and_risk_inflected,reseller,cyber threats,7
SONY|2014Q1,lib_inflected,order,risk,4
SONY|2014Q1,lib_seeds_inflected,order,risk,4
SONY|2014Q1,lib_seeds_and_risk_inflected,order,risk,4
SONY|2019Q1,lib_seeds_inflected,distribution,tariffs,10
SONY|2019Q1,lib_seeds_and_risk_inflected,distribution,tariffs,10
AVT|2015Q2,lib_inflected,customers,concern,8
AVT|2015Q2,lib_seeds_inflected,customers,concern,8
AVT|2015Q2,lib_seeds_and_risk_inflected,customers,concern,8
AVT|2015Q4,lib_inflected,suppliers,lead times,4
AVT|2015Q4,lib_seeds_inflected,suppliers,lead times,4
AVT|2015Q4,lib_seeds_and_risk_inflected,suppliers,lead times,4
AVT|2017Q1,lib_inflected,suppliers,volatile,6
AVT|2017Q1,lib_seeds_inflected,suppliers,volatile,6
AVT|2017Q1,lib_seeds_and_risk_inflected,suppliers,volatile,6
MSI|2017Q3,lib_inflected,customers,natural disasters,6
MSI|2017Q3,lib_seeds_inflected,customers,natural disasters,6
MSI|2017Q3,lib_seeds_and_risk_inflected,customers,natural disasters,6
SONY|2020Q3,lib_inflected,shortage,shortage,0
SONY|2020Q3,lib_seeds_inflected,shortage,shortage,0
SONY|2020Q3,lib_seeds_and_risk_inflected,shortage,shortage,0
SONY|2023Q2,lib_inflected,inventory,risks,1
SONY|2023Q2,lib_seeds_inflected,inventory,risks,1
SONY|2023Q2,lib_seeds_and_risk_inflected,inventory,risks,1
SONY|2024Q3,lib_inflected,order,tariff,3
SONY|2024Q3,lib_seeds_inflected,order,tariff,3
SONY|2024Q3,lib_seeds_and_risk_inflected,order,tariff,3
MSI|2011Q1,lib_inflected,supply,disruptions,2
MSI|2011Q1,lib_seeds_inflected,supply chain,disruptions,1
MSI|2011Q1,lib_seeds_and_risk_inflected,supply,supply chain disruptions,0
MSI|2011Q3,lib_inflected,order,concerns,5
MSI|2011Q3,lib_seeds_inflected,order,concerns,5
MSI|2011Q3,lib_seeds_and_risk_inflected,order,concerns,5
MSI|2019Q1,lib_inflected,customers,concerns,3
MSI|2019Q1,lib_seeds_inflected,customers,concerns,3
MSI|2019Q1,lib_seeds_and_risk_inflected,customers,concerns,3
MSI|2020Q2,lib_inflected,customers,disruptions,2
MSI|2020Q2,lib_seeds_inflected,customers,disruptions,2
MSI|2020Q2,lib_seeds_and_risk_inflected,customers,disruptions,2
MSI|2020Q3,lib_inflected,customers,natural disasters,5
MSI|2020Q3,lib_seeds_inflected,customers,natural disasters,5
MSI|2020Q3,lib_seeds_and_risk_inflected,customers,natural disasters,5
MSI|2011Q4,lib_inflected,customers,natural disasters,4
MSI|2011Q4,lib_seeds_inflected,customers,natural disasters,4
MSI|2011Q4,lib_seeds_and_risk_inflected,customers,natural disasters,4
MSI|2022Q4,lib_inflected,supply,lead times,3
MSI|2022Q4,lib_seeds_inflected,supply,lead times,3
MSI|2022Q4,lib_seeds_and_risk_inflected,supply,lead times,3
MSI|2023Q1,lib_inflected,supply,risk,2
MSI|2023Q1,lib_seeds_inflected,supply,risk,2
MSI|2023Q1,lib_seeds_and_risk_inflected,supply,risk,2
MSI|2024Q4,lib_inflected,supply,tariff,4
MSI|2024Q4,lib_seeds_inflected,supply,tariff,4
MSI|2024Q4,lib_seeds_and_risk_inflected,supply,tariff,4
ROG|2010Q1,lib_seeds_inflected,manufacturing,lead times,6
ROG|2010Q1,lib_seeds_and_risk_inflected,manufacturing,lead times,6
ROG|2010Q3,lib_inflected,suppliers,concern,8
ROG|2010Q3,lib_seeds_inflected,suppliers,concern,8
ROG|2010Q3,lib_seeds_and_risk_inflected,suppliers,concern,8
ROG|2013Q1,lib_inflected,customers,lead times,6
ROG|2013Q1,lib_seeds_inflected,customers,lead times,6
ROG|2013Q1,lib_seeds_and_risk_inflected,customers,lead times,6
ROG|2014Q4,lib_inflected,customers,lead times,3
ROG|2014Q4,lib_seeds_inflected,customers,lead times,3
ROG|2014Q4,lib_seeds_and_risk_inflected,customers,lead times,3
ROG|2015Q3,lib_inflected,shortage,shortage,0
ROG|2015Q3,lib_seeds_inflected,shortage,shortage,0
ROG|2015Q3,lib_seeds_and_risk_inflected,shortage,shortage,0
ROG|2016Q3,lib_inflected,customers,uncertainty,7
ROG|2016Q3,lib_seeds_inflected,customers,uncertainty,7
ROG|2016Q3,lib_seeds_and_risk_inflected,customers,uncertainty,7
ROG|2016Q4,lib_inflected,customers,tariffs,2
ROG|2016Q4,lib_seeds_inflected,customers,tariffs,2
ROG|2016Q4,lib_seeds_and_risk_inflected,customers,tariffs,2
ABEO|2016Q4,lib_inflected,shortage,shortage,0
ABEO|2016Q4,lib_seeds_inflected,shortage,shortage,0
ABEO|2016Q4,lib_seeds_and_risk_inflected,shortage,shortage,0
ABEO|2019Q4,lib_seeds_inflected,manufacturing,risk,4
ABEO|2019Q4,lib_seeds_and_risk_inflected,manufacturing,risk,4
ABEO|2020Q1,lib_seeds_inflected,manufacturing,disruptions,9
ABEO|2020Q1,lib_seeds_and_risk_inflected,manufacturing,disruptions,9
ABEO|2020Q2,lib_inflected,supply,risk,6
ABEO|2020Q2,lib_seeds_inflected,supply chain,risk,5
ABEO|2020Q2,lib_seeds_and_risk_inflected,supply chain,risk,5
ROG|2020Q3,lib_inflected,supply,trade restrictions,4
ROG|2020Q3,lib_seeds_inflected,supply chain,trade restrictions,3
ROG|2020Q3,lib_seeds_and_risk_inflected,supply chain,trade restrictions,3
AAPL|2010Q1,lib_inflected,material,risk,1
AAPL|2010Q1,lib_seeds_inflected,material,risk,1
AAPL|2010Q1,lib_seeds_and_risk_inflected,material,risk,1
AAPL|2010Q4,lib_seeds_inflected,distribution,risks,10
AAPL|2010Q4,lib_seeds_and_risk_inflected,distribution,risks,10
AAPL|2012Q1,lib_inflected,shortage,shortage,0
AAPL|2012Q1,lib_seeds_inflected,shortage,shortage,0
AAPL|2012Q1,lib_seeds_and_risk_inflected,shortage,shortage,0
AAPL|2014Q2,lib_inflected,shortage,shortage,0
AAPL|2014Q2,lib_seeds_inflected,shortage,shortage,0
AAPL|2014Q2,lib_seeds_and_risk_inflected,shortage,shortage,0
AAPL|2014Q4,lib_inflected,supply,bottlenecks,5
AAPL|2014Q4,lib_seeds_inflected,supply,bottlenecks,5
AAPL|2014Q4,lib_seeds_and_risk_inflected,supply,bottlenecks,5
AAPL|2018Q4,lib_inflected,supply,uncertainty,2
AAPL|2018Q4,lib_seeds_inflected,supply,uncertainty,2
AAPL|2018Q4,lib_seeds_and_risk_inflected,supply,uncertainty,2
AAPL|2021Q1,lib_inflected,shortage,shortage,0
AAPL|2021Q1,lib_seeds_inflected,shortage,shortage,0
AAPL|2021Q1,lib_seeds_and_risk_inflected,shortage,shortage,0
AAPL|2022Q3,lib_inflected,shortage,shortage,0
AAPL|2022Q3,lib_seeds_inflected,shortage,shortage,0
AAPL|2022Q3,lib_seeds_and_risk_inflected,shortage,shortage,0
AAPL|2017Q1,lib_inflected,shortage,shortage,0
AAPL|2017Q1,lib_seeds_inflected,shortage,shortage,0
AAPL|2017Q1,lib_seeds_and_risk_inflected,shortage,shortage,0
GLW|2016Q1,lib_inflected,customers,lead times,10
GLW|2016Q1,lib_seeds_inflected,customers,lead times,10
GLW|2016Q1,lib_seeds_and_risk_inflected,customers,lead times,10
GLW|2019Q3,lib_inflected,supply,disruption,2
GLW|2019Q3,lib_seeds_inflected,supply,disruption,2
GLW|2019Q3,lib_seeds_and_risk_inflected,supply,disruption,2
GLW|2010Q3,lib_seeds_inflected,manufacturing,disruptions,6
GLW|2010Q3,lib_seeds_and_risk_inflected,manufacturing,disruptions,6
GLW|2012Q1,lib_inflected,supply,volatility,7
GLW|2012Q1,lib_seeds_inflected,supply,volatility,7
GLW|2012Q1,lib_seeds_and_risk_inflected,supply,volatility,7
GLW|2013Q3,lib_inflected,inventory,volatile,3
GLW|2013Q3,lib_seeds_inflected,inventory,volatile,3
GLW|2013Q3,lib_seeds_and_risk_inflected,inventory,volatile,3
GLW|2020Q4,lib_inflected,shortage,shortage,0
GLW|2020Q4,lib_seeds_inflected,shortage,shortage,0
GLW|2020Q4,lib_seeds_and_risk_inflected,shortage,shortage,0
ARW|2012Q3,lib_inflected,inventory,risk,1
ARW|2012Q3,lib_seeds_inflected,inventory,risk,1
ARW|2012Q3,lib_seeds_and_risk_inflected,inventory,risk,1
FEIM|2016Q1,lib_inflected,customers,concern,6
FEIM|2016Q1,lib_seeds_inflected,customers,concern,6
FEIM|2016Q1,lib_seeds_and_risk_inflected,customers,concern,6
FEIM|2018Q1,lib_seeds_inflected,transportation,risks,8
FEIM|2018Q1,lib_seeds_and_risk_inflected,transportation,risks,8
ARW|2014Q1,lib_inflected,material,lead times,4
ARW|2014Q1,lib_seeds_inflected,material,lead times,4
ARW|2014Q1,lib_seeds_and_risk_inflected,material,lead times,4
ARW|2022Q3,lib_inflected,shortage,shortage,0
ARW|2022Q3,lib_seeds_inflected,shortage,shortage,0
ARW|2022Q3,lib_seeds_and_risk_inflected,shortage,shortage,0
ARW|2024Q2,lib_inflected,inventory,exposure,9
ARW|2024Q2,lib_seeds_inflected,inventory,exposure,9
ARW|2024Q2,lib_seeds_and_risk_inflected,inventory,exposure,9
ARW|2024Q4,lib_inflected,shortage,shortage,0
ARW|2024Q4,lib_seeds_inflected,shortage,shortage,0
ARW|2024Q4,lib_seeds_and_risk_inflected,shortage,shortage,0
BELFA|2012Q3,lib_inflected,backlogs,lead times,2
BELFA|2012Q3,lib_seeds_inflected,backlogs,lead times,2
BELFA|2012Q3,lib_seeds_and_risk_inflected,backlogs,lead times,2
BELFA|2012Q4,lib_inflected,customers,disruption,4
BELFA|2012Q4,lib_seeds_inflected,customers,disruption,4
BELFA|2012Q4,lib_seeds_and_risk_inflected,customers,disruption,4
BELFA|2013Q2,lib_inflected,customers,concerns,3
BELFA|2013Q2,lib_seeds_inflected,customers,concerns,3
BELFA|2013Q2,lib_seeds_and_risk_inflected,customers,concerns,3
BELFA|2014Q2,lib_inflected,material,lead time,2
BELFA|2014Q2,lib_seeds_inflected,material,lead time,2
BELFA|2014Q2,lib_seeds_and_risk_inflected,material,lead time,2
BELFA|2014Q3,lib_inflected,customers,concerns,3
BELFA|2014Q3,lib_seeds_inflected,customers,concerns,3
BELFA|2014Q3,lib_seeds_and_risk_inflected,customers,concerns,3
BELFA|2014Q4,lib_inflected,customers,concerns,3
BELFA|2014Q4,lib_seeds_inflected,customers,concerns,3
BELFA|2014Q4,lib_seeds_and_risk_inflected,customers,concerns,3
BELFA|2015Q2,lib_inflected,customers,concerns,3
BELFA|2015Q2,lib_seeds_inflected,customers,concerns,3
BELFA|2015Q2,lib_seeds_and_risk_inflected,customers,concerns,3
BELFA|2015Q3,lib_inflected,customers,concerns,3
BELFA|2015Q3,lib_seeds_inflected,customers,concerns,3
BELFA|2015Q3,lib_seeds_and_risk_inflected,customers,concerns,3
BELFA|2017Q3,lib_inflected,customers,concerns,3
BELFA|2017Q3,lib_seeds_inflected,customers,concerns,3
BELFA|2017Q3,lib_seeds_and_risk_inflected,customers,concerns,3
BELFA|2020Q1,lib_inflected,customers,concerns,3
BELFA|2020Q1,lib_seeds_inflected,customers,concerns,3
BELFA|2020Q1,lib_seeds_and_risk_inflected,customers,concerns,3
BMI|2012Q1,lib_inflected,customers,concern,7
BMI|2012Q1,lib_seeds_inflected,customers,concern,7
BMI|2012Q1,lib_seeds_and_risk_inflected,customers,concern,7
BMI|2012Q3,lib_inflected,customers,concern,3
BMI|2012Q3,lib_seeds_inflected,customers,concern,3
BMI|2012Q3,lib_seeds_and_risk_inflected,customers,concern,3
CACI|2016Q1,lib_inflected,customers,threats,3
CACI|2016Q1,lib_seeds_inflected,customers,threats,3
CACI|2016Q1,lib_seeds_and_risk_inflected,customers,threats,3
CACI|2017Q1,lib_inflected,customers,threats,2
CACI|2017Q1,lib_seeds_inflected,customers,threats,2
CACI|2017Q1,lib_seeds_and_risk_inflected,customers,threats,2
CACI|2012Q3,lib_seeds_inflected,procurement,uncertainty,9
CACI|2012Q3,lib_seeds_and_risk_inflected,procurement,uncertainty,9
CACI|2013Q3,lib_inflected,customers,uncertainty,2
CACI|2013Q3,lib_seeds_inflected,customers,uncertainty,2
CACI|2013Q3,lib_seeds_and_risk_inflected,customers,uncertainty,2
CACI|2014Q1,lib_inflected,material,contingency,2
CACI|2014Q1,lib_seeds_inflected,material,contingency,2
CACI|2014Q1,lib_seeds_and_risk_inflected,material,contingency,2
CACI|2014Q3,lib_inflected,customers,uncertain,8
CACI|2014Q3,lib_seeds_inflected,customers,uncertain,8
CACI|2014Q3,lib_seeds_and_risk_inflected,customers,uncertain,8
ALOT|2014Q1,lib_inflected,supply,disruption,5
ALOT|2014Q1,lib_seeds_inflected,supply,disruption,5
ALOT|2014Q1,lib_seeds_and_risk_inflected,supply,disruption,5
CACI|2024Q3,lib_inflected,customers,uncertainty,3
CACI|2024Q3,lib_seeds_inflected,customers,uncertainty,3
CACI|2024Q3,lib_seeds_and_risk_inflected,customers,uncertainty,3
ALOT|2023Q4,lib_inflected,supply,disruptions,2
ALOT|2023Q4,lib_seeds_inflected,supply chain,disruptions,1
ALOT|2023Q4,lib_seeds_and_risk_inflected,supply,supply chain disruptions,0
ADSK|2010Q1,lib_inflected,channel,exposure,6
ADSK|2010Q1,lib_seeds_inflected,manufacturing,concerns,3
ADSK|2010Q1,lib_seeds_and_risk_inflected,manufacturing,concerns,3
ADSK|2010Q4,lib_inflected,shortage,shortage,0
ADSK|2010Q4,lib_seeds_inflected,shortage,shortage,0
ADSK|2010Q4,lib_seeds_and_risk_inflected,shortage,shortage,0
ADSK|2014Q4,lib_inflected,channel,concerns,9
ADSK|2014Q4,lib_seeds_inflected,channel,concerns,9
ADSK|2014Q4,lib_seeds_and_risk_inflected,channel,concerns,9
ADSK|2017Q4,lib_inflected,customers,risk,3
ADSK|2017Q4,lib_seeds_inflected,customers,risk,3
ADSK|2017Q4,lib_seeds_and_risk_inflected,customers,risk,3
ADSK|2022Q2,lib_inflected,shortage,shortage,0
ADSK|2022Q2,lib_seeds_inflected,shortage,shortage,0
ADSK|2022Q2,lib_seeds_and_risk_inflected,shortage,shortage,0
ADSK|2024Q1,lib_inflected,customers,risk,5
ADSK|2024Q1,lib_seeds_inflected,customers,risk,5
ADSK|2024Q1,lib_seeds_and_risk_inflected,customers,risk,5
ADSK|2018Q1,lib_inflected,customers,concerns,3
ADSK|2018Q1,lib_seeds_inflected,customers,concerns,3
ADSK|2018Q1,lib_seeds_and_risk_inflected,customers,concerns,3
ADSK|2019Q3,lib_inflected,customers,concerns,10
ADSK|2019Q3,lib_seeds_inflected,customers,concerns,10
ADSK|2019Q3,lib_seeds_and_risk_inflected,customers,concerns,10
ADSK|2019Q4,lib_inflected,customers,risk,2
ADSK|2019Q4,lib_seeds_inflected,customers,risk,2
ADSK|2019Q4,lib_seeds_and_risk_inflected,customers,risk,2
ADSK|2020Q2,lib_inflected,customers,risk,4
ADSK|2020Q2,lib_seeds_inflected,manufacturing,exposure,1
ADSK|2020Q2,lib_seeds_and_risk_inflected,manufacturing,exposure,1
ADSK|2022Q1,lib_inflected,customers,uncertainty,6
ADSK|2022Q1,lib_seeds_inflected,customers,uncertainty,6
ADSK|2022Q1,lib_seeds_and_risk_inflected,customers,uncertainty,6
ORCL|2018Q3,lib_inflected,customers,concerns,3
ORCL|2018Q3,lib_seeds_inflected,customers,concerns,3
ORCL|2018Q3,lib_seeds_and_risk_inflected,customers,concerns,3
ORCL|2019Q2,lib_inflected,customers,volatility,8
ORCL|2019Q2,lib_seeds_inflected,customers,volatility,8
ORCL|2019Q2,lib_seeds_and_risk_inflected,customers,volatility,8
ORCL|2024Q4,lib_inflected,customers,risk,7
ORCL|2024Q4,lib_seeds_inflected,customers,risk,7
ORCL|2024Q4,lib_seeds_and_risk_inflected,customers,risk,7
MSFT|2010Q1,lib_inflected,inventory,volatile,5
MSFT|2010Q1,lib_seeds_inflected,inventory,volatile,5
MSFT|2010Q1,lib_seeds_and_risk_inflected,inventory,volatile,5
MSFT|2012Q2,lib_inflected,shortage,shortage,0
MSFT|2012Q2,lib_seeds_inflected,shortage,shortage,0
MSFT|2012Q2,lib_seeds_and_risk_inflected,shortage,shortage,0
MSFT|2022Q3,lib_inflected,supply,uncertainty,3
MSFT|2022Q3,lib_seeds_inflected,supply,uncertainty,3
MSFT|2022Q3,lib_seeds_and_risk_inflected,supply,uncertainty,3
MSFT|2022Q4,lib_inflected,supply,disruptions,2
MSFT|2022Q4,lib_seeds_inflected,supply chain,disruptions,1
MSFT|2022Q4,lib_seeds_and_risk_inflected,supply,supply chain disruptions,0
CLFD|2018Q3,lib_inflected,supply,lead times,7
CLFD|2018Q3,lib_seeds_inflected,supply chain,lead times,6
CLFD|2018Q3,lib_seeds_and_risk_inflected,supply chain,lead times,6
MSFT|2014Q2,lib_inflected,shortage,shortage,0
MSFT|2014Q2,lib_seeds_inflected,shortage,shortage,0
MSFT|2014Q2,lib_seeds_and_risk_inflected,shortage,shortage,0
CLFD|2020Q3,lib_inflected,plant,tariff,4
CLFD|2020Q3,lib_seeds_inflected,plant,tariff,4
CLFD|2020Q3,lib_seeds_and_risk_inflected,plant,tariff,4
CLFD|2021Q1,lib_inflected,supply,risks,8
CLFD|2021Q1,lib_seeds_inflected,supply,risks,8
CLFD|2021Q1,lib_seeds_and_risk_inflected,supply,risks,8
CLFD|2021Q3,lib_inflected,supply,disruptions,2
CLFD|2021Q3,lib_seeds_inflected,supply chain,disruptions,1
CLFD|2021Q3,lib_seeds_and_risk_inflected,supply,supply chain disruptions,0
CLFD|2021Q4,lib_inflected,shortage,shortage,0
CLFD|2021Q4,lib_seeds_inflected,shortage,shortage,0
CLFD|2021Q4,lib_seeds_and_risk_inflected,shortage,shortage,0
CLFD|2024Q2,lib_inflected,inventory,uncertain,5
CLFD|2024Q2,lib_seeds_inflected,inventory,uncertain,5
CLFD|2024Q2,lib_seeds_and_risk_inflected,inventory,uncertain,5
MSFT|2017Q3,lib_inflected,customers,risk,10
MSFT|2017Q3,lib_seeds_inflected,customers,risk,10
MSFT|2017Q3,lib_seeds_and_risk_inflected,customers,risk,10
MSFT|2018Q2,lib_inflected,customers,threats,2
MSFT|2018Q2,lib_seeds_inflected,customers,threats,2
MSFT|2018Q2,lib_seeds_and_risk_inflected,customers,threats,2
MSFT|2018Q3,lib_inflected,customers,threats,4
MSFT|2018Q3,lib_seeds_inflected,customers,threats,4
MSFT|2018Q3,lib_seeds_and_risk_inflected,customers,cyber threats,3
MSFT|2018Q4,lib_inflected,supply,volatility,6
MSFT|2018Q4,lib_seeds_inflected,supply,volatility,6
MSFT|2018Q4,lib_seeds_and_risk_inflected,supply,volatility,6
MSFT|2019Q1,lib_inflected,customers,exposure,1
MSFT|2019Q1,lib_seeds_inflected,customers,exposure,1
MSFT|2019Q1,lib_seeds_and_risk_inflected,customers,exposure,1
MSFT|2019Q2,lib_inflected,customers,threat,9
MSFT|2019Q2,lib_seeds_inflected,customers,threat,9
MSFT|2019Q2,lib_seeds_and_risk_inflected,customers,threat,9
MSFT|2019Q3,lib_inflected,customers,vulnerabilities,9
MSFT|2019Q3,lib_seeds_inflected,customers,vulnerabilities,9
MSFT|2019Q3,lib_seeds_and_risk_inflected,customers,vulnerabilities,9
MSFT|2020Q2,lib_inflected,supply,uncertainty,6
MSFT|2020Q2,lib_seeds_inflected,supply,uncertainty,6
MSFT|2020Q2,lib_seeds_and_risk_inflected,supply,uncertainty,6
MSFT|2021Q2,lib_inflected,customers,threat,9
MSFT|2021Q2,lib_seeds_inflected,customers,threat,9
MSFT|2021Q2,lib_seeds_and_risk_inflected,customers,threat,9
ADBE|2012Q1,lib_inflected,customers,risk,5
ADBE|2012Q1,lib_seeds_inflected,customers,risk,5
ADBE|2012Q1,lib_seeds_and_risk_inflected,customers,risk,5
ADBE|2012Q3,lib_inflected,customers,risk,4
ADBE|2012Q3,lib_seeds_inflected,customers,risk,4
ADBE|2012Q3,lib_seeds_and_risk_inflected,customers,risk,4
ADBE|2020Q1,lib_inflected,reseller,uncertainty,3
ADBE|2020Q1,lib_seeds_inflected,reseller,uncertainty,3
ADBE|2020Q1,lib_seeds_and_risk_inflected,reseller,uncertainty,3
ADBE|2015Q3,lib_inflected,customers,disruption,9
ADBE|2015Q3,lib_seeds_inflected,customers,disruption,9
ADBE|2015Q3,lib_seeds_and_risk_inflected,customers,disruption,9
ADBE|2013Q2,lib_inflected,customers,concern,3
ADBE|2013Q2,lib_seeds_inflected,customers,concern,3
ADBE|2013Q2,lib_seeds_and_risk_inflected,customers,concern,3
WDC|2014Q2,lib_inflected,supply,contingency,7
WDC|2014Q2,lib_seeds_inflected,supply,contingency,7
WDC|2014Q2,lib_seeds_and_risk_inflected,supply,contingency,7
WDC|2010Q2,lib_inflected,supply,concern,3
WDC|2010Q2,lib_seeds_inflected,supply,concern,3
WDC|2010Q2,lib_seeds_and_risk_inflected,supply,concern,3
WDC|2012Q3,lib_inflected,customers,natural disasters,9
WDC|2012Q3,lib_seeds_inflected,customers,natural disasters,9
WDC|2012Q3,lib_seeds_and_risk_inflected,customers,natural disasters,9
WDC|2012Q4,lib_inflected,channel,bottlenecks,7
WDC|2012Q4,lib_seeds_inflected,channel,bottlenecks,7
WDC|2012Q4,lib_seeds_and_risk_inflected,channel,bottlenecks,7
WDC|2013Q2,lib_inflected,inventory,uncertainty,5
WDC|2013Q2,lib_seeds_inflected,inventory,uncertainty,5
WDC|2013Q2,lib_seeds_and_risk_inflected,inventory,uncertainty,5
WDC|2016Q2,lib_inflected,supply,volatility,5
WDC|2016Q2,lib_seeds_inflected,supply,volatility,5
WDC|2016Q2,lib_seeds_and_risk_inflected,supply,volatility,5
WDC|2017Q1,lib_inflected,shortage,shortage,0
WDC|2017Q1,lib_seeds_inflected,shortage,shortage,0
WDC|2017Q1,lib_seeds_and_risk_inflected,shortage,shortage,0
WDC|2018Q2,lib_inflected,shortage,shortage,0
WDC|2018Q2,lib_seeds_inflected,shortage,shortage,0
WDC|2018Q2,lib_seeds_and_risk_inflected,shortage,shortage,0
WDC|2018Q4,lib_seeds_inflected,manufacturing,lead times,3
WDC|2018Q4,lib_seeds_and_risk_inflected,manufacturing,lead times,3
WDC|2019Q1,lib_inflected,shortage,shortage,0
WDC|2019Q1,lib_seeds_inflected,shortage,shortage,0
WDC|2019Q1,lib_seeds_and_risk_inflected,shortage,shortage,0
WDC|2019Q2,lib_inflected,customers,volatility,3
WDC|2019Q2,lib_seeds_inflected,customers,volatility,3
WDC|2019Q2,lib_seeds_and_risk_inflected,customers,volatility,3
CTS|2010Q3,lib_inflected,inventory,uncertainty,6
CTS|2010Q3,lib_seeds_inflected,inventory,uncertainty,6
CTS|2010Q3,lib_seeds_and_risk_inflected,inventory,uncertainty,6
CTS|2017Q1,lib_inflected,customers,concern,8
CTS|2017Q1,lib_seeds_inflected,customers,concern,8
CTS|2017Q1,lib_seeds_and_risk_inflected,customers,concern,8
CTS|2020Q3,lib_inflected,inventory,uncertainty,3
CTS|2020Q3,lib_seeds_inflected,inventory,uncertainty,3
CTS|2020Q3,lib_seeds_and_risk_inflected,inventory,uncertainty,3
CTS|2022Q2,lib_inflected,shortage,shortage,0
CTS|2022Q2,lib_seeds_inflected,shortage,shortage,0
CTS|2022Q2,lib_seeds_and_risk_inflected,supply,supply disruptions,0
CTS|2023Q2,lib_inflected,shortage,shortage,0
CTS|2023Q2,lib_seeds_inflected,shortage,shortage,0
CTS|2023Q2,lib_seeds_and_risk_inflected,shortage,shortage,0
CTS|2023Q4,lib_inflected,channel,exposure,1
CTS|2023Q4,lib_seeds_inflected,channel,exposure,1
CTS|2023Q4,lib_seeds_and_risk_inflected,channel,exposure,1
CTS|2024Q1,lib_inflected,customers,concerns,5
CTS|2024Q1,lib_seeds_inflected,customers,concerns,5
CTS|2024Q1,lib_seeds_and_risk_inflected,customers,concerns,5
WDC|2023Q2,lib_inflected,inventory,risk,3
WDC|2023Q2,lib_seeds_inflected,inventory,risk,3
WDC|2023Q2,lib_seeds_and_risk_inflected,inventory,risk,3
WDC|2023Q3,lib_inflected,inventory,risk,2
WDC|2023Q3,lib_seeds_inflected,inventory,risk,2
WDC|2023Q3,lib_seeds_and_risk_inflected,inventory,risk,2
PAR|2018Q4,lib_inflected,customers,lead times,5
PAR|2018Q4,lib_seeds_inflected,customers,lead times,5
PAR|2018Q4,lib_seeds_and_risk_inflected,customers,lead times,5
PAR|2019Q1,lib_inflected,supply,tariffs,4
PAR|2019Q1,lib_seeds_inflected,supply,tariffs,4
PAR|2019Q1,lib_seeds_and_risk_inflected,supply,tariffs,4
TYL|2022Q3,lib_seeds_inflected,procurement,lead times,2
TYL|2022Q3,lib_seeds_and_risk_inflected,procurement,lead times,2
TYL|2023Q2,lib_inflected,customers,risk,7
TYL|2023Q2,lib_seeds_inflected,customers,risk,7
TYL|2023Q2,lib_seeds_and_risk_inflected,customers,risk,7
PAR|2020Q1,lib_inflected,supply,supply chain disruption,0
PAR|2020Q1,lib_seeds_inflected,supply,supply chain disruption,0
PAR|2020Q1,lib_seeds_and_risk_inflected,supply,supply chain disruption,0
PAR|2020Q3,lib_inflected,supply,supply chain disruption,0
PAR|2020Q3,lib_seeds_inflected,supply,supply chain disruption,0
PAR|2020Q3,lib_seeds_and_risk_inflected,supply,supply chain disruption,0
PAR|2022Q2,lib_inflected,inventory,concerns,1
PAR|2022Q2,lib_seeds_inflected,inventory,concerns,1
PAR|2022Q2,lib_seeds_and_risk_inflected,inventory,concerns,1
CGNX|2013Q1,lib_inflected,customers,uncertain,8
CGNX|2013Q1,lib_seeds_inflected,customers,uncertain,8
CGNX|2013Q1,lib_seeds_and_risk_inflected,customers,uncertain,8
CGNX|2016Q4,lib_seeds_inflected,logistics,exposure,7
CGNX|2016Q4,lib_seeds_and_risk_inflected,logistics,exposure,7
ERIC|2018Q2,lib_inflected,customers,volatility,8
ERIC|2018Q2,lib_seeds_inflected,customers,volatility,8
ERIC|2018Q2,lib_seeds_and_risk_inflected,customers,volatility,8
ERIC|2018Q4,lib_inflected,customers,risk,9
ERIC|2018Q4,lib_seeds_inflected,customers,risk,9
ERIC|2018Q4,lib_seeds_and_risk_inflected,customers,risk,9
ERIC|2020Q3,lib_inflected,customers,disruption,8
ERIC|2020Q3,lib_seeds_inflected,customers,disruption,8
ERIC|2020Q3,lib_seeds_and_risk_inflected,customers,disruption,8
CGNX|2012Q3,lib_inflected,order,concerns,6
CGNX|2012Q3,lib_seeds_inflected,order,concerns,6
CGNX|2012Q3,lib_seeds_and_risk_inflected,order,concerns,6
MEI|2012Q3,lib_inflected,customers,risks,6
MEI|2012Q3,lib_seeds_inflected,manufacturing,manufacturing defects,0
MEI|2012Q3,lib_seeds_and_risk_inflected,manufacturing,manufacturing defects,0
MEI|2013Q2,lib_inflected,customers,risks,6
MEI|2013Q2,lib_seeds_inflected,manufacturing,manufacturing defects,0
MEI|2013Q2,lib_seeds_and_risk_inflected,manufacturing,manufacturing defects,0
MEI|2014Q1,lib_seeds_inflected,manufacturing,manufacturing defects,0
MEI|2014Q1,lib_seeds_and_risk_inflected,manufacturing,manufacturing defects,0
MEI|2014Q2,lib_seeds_inflected,manufacturing,manufacturing defects,0
MEI|2014Q2,lib_seeds_and_risk_inflected,manufacturing,manufacturing defects,0
MEI|2016Q4,lib_seeds_inflected,manufacturing,manufacturing defects,0
MEI|2016Q4,lib_seeds_and_risk_inflected,manufacturing,manufacturing defects,0
MEI|2018Q1,lib_inflected,customers,exposure,9
MEI|2018Q1,lib_seeds_inflected,manufacturing,manufacturing defects,0
MEI|2018Q1,lib_seeds_and_risk_inflected,manufacturing,manufacturing defects,0
CGNX|2018Q2,lib_seeds_inflected,logistics,exposure,2
CGNX|2018Q2,lib_seeds_and_risk_inflected,logistics,exposure,2
CGNX|2023Q1,lib_inflected,customers,concerns,2
CGNX|2023Q1,lib_seeds_inflected,customers,concerns,2
CGNX|2023Q1,lib_seeds_and_risk_inflected,customers,concerns,2
CGNX|2024Q1,lib_inflected,customers,concern,3
CGNX|2024Q1,lib_seeds_inflected,customers,concern,3
CGNX|2024Q1,lib_seeds_and_risk_inflected,customers,concern,3
CGNX|2024Q3,lib_inflected,supply,supply chain disruption,0
CGNX|2024Q3,lib_seeds_inflected,supply,supply chain disruption,0
CGNX|2024Q3,lib_seeds_and_risk_inflected,supply,supply chain disruption,0
MEI|2018Q2,lib_inflected,material,risks,9
MEI|2018Q2,lib_seeds_inflected,manufacturing,manufacturing defects,0
MEI|2018Q2,lib_seeds_and_risk_inflected,manufacturing,manufacturing defects,0
MEI|2020Q3,lib_seeds_inflected,manufacturing,manufacturing defects,0
MEI|2020Q3,lib_seeds_and_risk_inflected,manufacturing,manufacturing defects,0
MEI|2023Q1,lib_inflected,shortage,shortage,0
MEI|2023Q1,lib_seeds_inflected,shortage,shortage,0
MEI|2023Q1,lib_seeds_and_risk_inflected,shortage,shortage,0
MEI|2024Q4,lib_inflected,customers,risk,6
MEI|2024Q4,lib_seeds_inflected,customers,risk,6
MEI|2024Q4,lib_seeds_and_risk_inflected,customers,risk,6
CSCO|2010Q3,lib_inflected,order,lead time,1
CSCO|2010Q3,lib_seeds_inflected,order,lead time,1
CSCO|2010Q3,lib_seeds_and_risk_inflected,order,lead time,1
CSCO|2011Q4,lib_inflected,customers,uncertainty,1
CSCO|2011Q4,lib_seeds_inflected,customers,uncertainty,1
CSCO|2011Q4,lib_seeds_and_risk_inflected,customers,uncertainty,1
GEN|2021Q2,lib_inflected,delivers,threat,9
GEN|2021Q2,lib_seeds_inflected,delivers,threat,9
GEN|2021Q2,lib_seeds_and_risk_inflected,delivers,threat,9
GEN|2021Q3,lib_inflected,customers,risk,6
GEN|2021Q3,lib_seeds_inflected,customers,risk,6
GEN|2021Q3,lib_seeds_and_risk_inflected,customers,risk,6
GEN|2022Q1,lib_inflected,customers,exposure,4
GEN|2022Q1,lib_seeds_inflected,customers,exposure,4
GEN|2022Q1,lib_seeds_and_risk_inflected,customers,exposure,4
CSCO|2013Q1,lib_inflected,customers,uncertainty,1
CSCO|2013Q1,lib_seeds_inflected,customers,uncertainty,1
CSCO|2013Q1,lib_seeds_and_risk_inflected,customers,uncertainty,1
CSCO|2014Q2,lib_seeds_inflected,manufacturing,manufacturing defect,0
CSCO|2014Q2,lib_seeds_and_risk_inflected,manufacturing,manufacturing defect,0
GEN|2010Q4,lib_inflected,customers,risk,7
GEN|2010Q4,lib_seeds_inflected,customers,risk,7
GEN|2010Q4,lib_seeds_and_risk_inflected,customers,risk,7
GEN|2012Q3,lib_inflected,customers,risks,3
GEN|2012Q3,lib_seeds_inflected,customers,risks,3
GEN|2012Q3,lib_seeds_and_risk_inflected,customers,risks,3
CSCO|2015Q2,lib_inflected,customers,volatile,4
CSCO|2015Q2,lib_seeds_inflected,customers,volatile,4
CSCO|2015Q2,lib_seeds_and_risk_inflected,customers,volatile,4
CSCO|2016Q2,lib_inflected,customers,volatile,3
CSCO|2016Q2,lib_seeds_inflected,customers,volatile,3
CSCO|2016Q2,lib_seeds_and_risk_inflected,customers,volatile,3
CSCO|2024Q2,lib_inflected,supply,volatility,2
CSCO|2024Q2,lib_seeds_inflected,supply chain,volatility,1
CSCO|2024Q2,lib_seeds_and_risk_inflected,supply chain,volatility,1
CSCO|2024Q3,lib_inflected,customers,threat,4
CSCO|2024Q3,lib_seeds_inflected,customers,threat,4
CSCO|2024Q3,lib_seeds_and_risk_inflected,customers,threat,4
PTC|2010Q2,lib_inflected,customers,uncertain,2
PTC|2010Q2,lib_seeds_inflected,customers,uncertain,2
PTC|2010Q2,lib_seeds_and_risk_inflected,customers,uncertain,2
AGYS|2015Q3,lib_inflected,customers,concern,8
AGYS|2015Q3,lib_seeds_inflected,customers,concern,8
AGYS|2015Q3,lib_seeds_and_risk_inflected,customers,concern,8
PTC|2016Q1,lib_inflected,customers,risk,5
PTC|2016Q1,lib_seeds_inflected,customers,risk,5
PTC|2016Q1,lib_seeds_and_risk_inflected,customers,risk,5
PTC|2017Q2,lib_inflected,customers,risk,3
PTC|2017Q2,lib_seeds_inflected,customers,risk,3
PTC|2017Q2,lib_seeds_and_risk_inflected,customers,risk,3
PTC|2013Q2,lib_inflected,customers,uncertainty,4
PTC|2013Q2,lib_seeds_inflected,customers,uncertainty,4
PTC|2013Q2,lib_seeds_and_risk_inflected,customers,uncertainty,4
PTC|2014Q3,lib_inflected,customers,exposure,4
PTC|2014Q3,lib_seeds_inflected,customers,exposure,4
PTC|2014Q3,lib_seeds_and_risk_inflected,customers,exposure,4
PTC|2020Q1,lib_seeds_inflected,manufacturing,exposure,8
PTC|2020Q1,lib_seeds_and_risk_inflected,manufacturing,exposure,8
PTC|2021Q4,lib_inflected,channel,uncertainty,8
PTC|2021Q4,lib_seeds_inflected,channel,uncertainty,8
PTC|2021Q4,lib_seeds_and_risk_inflected,channel,uncertainty,8
AGYS|2021Q3,lib_inflected,inventory,natural disasters,4
AGYS|2021Q3,lib_seeds_inflected,inventory,natural disasters,4
AGYS|2021Q3,lib_seeds_and_risk_inflected,inventory,natural disasters,4
DGII|2015Q2,lib_inflected,supply,supply chain disruption,0
DGII|2015Q2,lib_seeds_inflected,supply,supply chain disruption,0
DGII|2015Q2,lib_seeds_and_risk_inflected,supply,supply chain disruption,0
DAIO|2020Q2,lib_inflected,channel,tariffs,5
DAIO|2020Q2,lib_seeds_inflected,channel,tariffs,5
DAIO|2020Q2,lib_seeds_and_risk_inflected,channel,tariffs,5
DGII|2020Q4,lib_inflected,customers,disruptions,4
DGII|2020Q4,lib_seeds_inflected,customers,disruptions,4
DGII|2020Q4,lib_seeds_and_risk_inflected,customers,disruptions,4
DGII|2022Q2,lib_inflected,supply,bottleneck,10
DGII|2022Q2,lib_seeds_inflected,supply chain,bottleneck,9
DGII|2022Q2,lib_seeds_and_risk_inflected,supply chain,bottleneck,9
DGII|2022Q3,lib_inflected,shortage,shortage,0
DGII|2022Q3,lib_seeds_inflected,shortage,shortage,0
DGII|2022Q3,lib_seeds_and_risk_inflected,shortage,shortage,0
DGII|2023Q3,lib_inflected,inventory,concerns,9
DGII|2023Q3,lib_seeds_inflected,inventory,concerns,9
DGII|2023Q3,lib_seeds_and_risk_inflected,inventory,concerns,9
AGYS|2022Q4,lib_inflected,customers,uncertain,10
AGYS|2022Q4,lib_seeds_inflected,customers,uncertain,10
AGYS|2022Q4,lib_seeds_and_risk_inflected,customers,uncertain,10
DGII|2018Q3,lib_inflected,customers,lead times,1
DGII|2018Q3,lib_seeds_inflected,customers,lead times,1
DGII|2018Q3,lib_seeds_and_risk_inflected,customers,lead times,1
COHR|2024Q2,lib_inflected,shortage,shortage,0
COHR|2024Q2,lib_seeds_inflected,shortage,shortage,0
COHR|2024Q2,lib_seeds_and_risk_inflected,shortage,shortage,0
COHR|2018Q3,lib_inflected,customers,concerns,7
COHR|2018Q3,lib_seeds_inflected,customers,concerns,7
COHR|2018Q3,lib_seeds_and_risk_inflected,customers,concerns,7
COHR|2018Q4,lib_inflected,customers,tariffs,4
COHR|2018Q4,lib_seeds_inflected,customers,tariffs,4
COHR|2018Q4,lib_seeds_and_risk_inflected,customers,tariffs,4
COHR|2024Q1,lib_inflected,supply,exposure,2
COHR|2024Q1,lib_seeds_inflected,supply chain,exposure,1
COHR|2024Q1,lib_seeds_and_risk_inflected,supply chain,exposure,1
RELL|2015Q4,lib_inflected,inventory,risks,4
RELL|2015Q4,lib_seeds_inflected,purchasing,lead time,4
RELL|2015Q4,lib_seeds_and_risk_inflected,purchasing,lead time,4
CDNS|2012Q4,lib_inflected,customers,uncertain,6
CDNS|2012Q4,lib_seeds_inflected,customers,uncertain,6
CDNS|2012Q4,lib_seeds_and_risk_inflected,customers,uncertain,6
CDNS|2013Q1,lib_inflected,customers,uncertainty,10
CDNS|2013Q1,lib_seeds_inflected,customers,uncertainty,10
CDNS|2013Q1,lib_seeds_and_risk_inflected,customers,uncertainty,10
CDNS|2013Q2,lib_inflected,customers,uncertain,3
CDNS|2013Q2,lib_seeds_inflected,customers,uncertain,3
CDNS|2013Q2,lib_seeds_and_risk_inflected,customers,uncertain,3
CDNS|2013Q3,lib_inflected,customers,uncertain,3
CDNS|2013Q3,lib_seeds_inflected,customers,uncertain,3
CDNS|2013Q3,lib_seeds_and_risk_inflected,customers,uncertain,3
CDNS|2014Q2,lib_inflected,customers,concerns,6
CDNS|2014Q2,lib_seeds_inflected,customers,concerns,6
CDNS|2014Q2,lib_seeds_and_risk_inflected,customers,concerns,6
RELL|2021Q1,lib_inflected,inventory,risk,7
RELL|2021Q1,lib_seeds_inflected,inventory,risk,7
RELL|2021Q1,lib_seeds_and_risk_inflected,inventory,risk,7
RELL|2023Q4,lib_inflected,inventory,lead times,3
RELL|2023Q4,lib_seeds_inflected,inventory,lead times,3
RELL|2023Q4,lib_seeds_and_risk_inflected,inventory,lead times,3
RELL|2024Q3,lib_inflected,customers,uncertainties,9
RELL|2024Q3,lib_seeds_inflected,customers,uncertainties,9
RELL|2024Q3,lib_seeds_and_risk_inflected,customers,uncertainties,9
CDNS|2018Q4,lib_inflected,customers,volatility,3
CDNS|2018Q4,lib_seeds_inflected,customers,volatility,3
CDNS|2018Q4,lib_seeds_and_risk_inflected,customers,volatility,3
CDNS|2021Q2,lib_inflected,shortage,shortage,0
CDNS|2021Q2,lib_seeds_inflected,shortage,shortage,0
CDNS|2021Q2,lib_seeds_and_risk_inflected,shortage,shortage,0
CDNS|2022Q2,lib_inflected,customers,uncertainties,2
CDNS|2022Q2,lib_seeds_inflected,customers,uncertainties,2
CDNS|2022Q2,lib_seeds_and_risk_inflected,customers,uncertainties,2
CDNS|2011Q2,lib_inflected,customers,uncertainty,3
CDNS|2011Q2,lib_seeds_inflected,customers,uncertainty,3
CDNS|2011Q2,lib_seeds_and_risk_inflected,customers,uncertainty,3
LYTS|2018Q2,lib_inflected,customers,lead times,5
LYTS|2018Q2,lib_seeds_inflected,customers,lead times,5
LYTS|2018Q2,lib_seeds_and_risk_inflected,customers,lead times,5
LYTS|2019Q2,lib_inflected,material,tariff,3
LYTS|2019Q2,lib_seeds_inflected,material,tariff,3
LYTS|2019Q2,lib_seeds_and_risk_inflected,material,tariff,3
LYTS|2019Q3,lib_inflected,material,tariff,8
LYTS|2019Q3,lib_seeds_inflected,material,tariff,8
LYTS|2019Q3,lib_seeds_and_risk_inflected,material,tariff,8
LYTS|2021Q1,lib_seeds_inflected,manufacturing,lead time,8
LYTS|2021Q1,lib_seeds_and_risk_inflected,manufacturing,lead time,8
LYTS|2021Q2,lib_inflected,inventory,exposure,3
LYTS|2021Q2,lib_seeds_inflected,inventory,exposure,3
LYTS|2021Q2,lib_seeds_and_risk_inflected,inventory,exposure,3
LYTS|2023Q1,lib_inflected,supply,uncertainty,6
LYTS|2023Q1,lib_seeds_inflected,supply,uncertainty,6
LYTS|2023Q1,lib_seeds_and_risk_inflected,supply,uncertainty,6
KTCC|2012Q2,lib_inflected,customers,uncertain,7
KTCC|2012Q2,lib_seeds_inflected,customers,uncertain,7
KTCC|2012Q2,lib_seeds_and_risk_inflected,customers,uncertain,7
KTCC|2014Q4,lib_inflected,inventory,uncertainty,1
KTCC|2014Q4,lib_seeds_inflected,inventory,uncertainty,1
KTCC|2014Q4,lib_seeds_and_risk_inflected,inventory,uncertainty,1
KTCC|2023Q3,lib_inflected,supply,concerns,2
KTCC|2023Q3,lib_seeds_inflected,supply,concerns,2
KTCC|2023Q3,lib_seeds_and_risk_inflected,supply,concerns,2
LYTS|2010Q4,lib_inflected,customers,uncertain,1
LYTS|2010Q4,lib_seeds_inflected,customers,uncertain,1
LYTS|2010Q4,lib_seeds_and_risk_inflected,customers,uncertain,1
PAYX|2010Q4,lib_inflected,material,downside,1
PAYX|2010Q4,lib_seeds_inflected,material,downside,1
PAYX|2010Q4,lib_seeds_and_risk_inflected,material,downside,1
PAYX|2011Q3,lib_inflected,material,risk,1
PAYX|2011Q3,lib_seeds_inflected,material,risk,1
PAYX|2011Q3,lib_seeds_and_risk_inflected,material,risk,1
LYTS|2023Q4,lib_inflected,order,concern,6
LYTS|2023Q4,lib_seeds_inflected,order,concern,6
LYTS|2023Q4,lib_seeds_and_risk_inflected,order,concern,6
LYTS|2024Q1,lib_inflected,order,threat,9
LYTS|2024Q1,lib_seeds_inflected,order,threat,9
LYTS|2024Q1,lib_seeds_and_risk_inflected,order,threat,9
JKHY|2013Q2,lib_inflected,shortage,shortage,0
JKHY|2013Q2,lib_seeds_inflected,shortage,shortage,0
JKHY|2013Q2,lib_seeds_and_risk_inflected,shortage,shortage,0
JKHY|2017Q2,lib_inflected,buyer,risk,3
JKHY|2017Q2,lib_seeds_inflected,buyer,risk,3
JKHY|2017Q2,lib_seeds_and_risk_inflected,buyer,risk,3
JKHY|2017Q3,lib_inflected,customers,concern,5
JKHY|2017Q3,lib_seeds_inflected,customers,concern,5
JKHY|2017Q3,lib_seeds_and_risk_inflected,customers,concern,5
IDCC|2013Q4,lib_inflected,supply,susceptible,6
IDCC|2013Q4,lib_seeds_inflected,supply,susceptible,6
IDCC|2013Q4,lib_seeds_and_risk_inflected,supply,susceptible,6
JKHY|2019Q2,lib_inflected,shortage,shortage,0
JKHY|2019Q2,lib_seeds_inflected,shortage,shortage,0
JKHY|2019Q2,lib_seeds_and_risk_inflected,shortage,shortage,0
JKHY|2024Q3,lib_inflected,customers,uncertain,5
JKHY|2024Q3,lib_seeds_inflected,customers,uncertain,5
JKHY|2024Q3,lib_seeds_and_risk_inflected,customers,uncertain,5
IDCC|2011Q1,lib_inflected,supply,disruption,9
IDCC|2011Q1,lib_seeds_inflected,supply,disruption,9
IDCC|2011Q1,lib_seeds_and_risk_inflected,supply,disruption,9
IDCC|2016Q4,lib_inflected,supply,risk,7
IDCC|2016Q4,lib_seeds_inflected,supply,risk,7
IDCC|2016Q4,lib_seeds_and_risk_inflected,supply,risk,7
CSPI|2013Q1,lib_inflected,customers,risk,4
CSPI|2013Q1,lib_seeds_inflected,customers,risk,4
CSPI|2013Q1,lib_seeds_and_risk_inflected,customers,risk,4
CLDX|2015Q4,lib_inflected,order,hazard,9
CLDX|2015Q4,lib_seeds_inflected,order,hazard,9
CLDX|2015Q4,lib_seeds_and_risk_inflected,order,hazard,9
PLXS|2015Q2,lib_inflected,customers,volatile,9
PLXS|2015Q2,lib_seeds_inflected,customers,volatile,9
PLXS|2015Q2,lib_seeds_and_risk_inflected,customers,volatile,9
PLXS|2016Q3,lib_inflected,inventory,disruption,3
PLXS|2016Q3,lib_seeds_inflected,inventory,disruption,3
PLXS|2016Q3,lib_seeds_and_risk_inflected,inventory,disruption,3
PLXS|2017Q2,lib_seeds_inflected,manufacturing,volatile,6
PLXS|2017Q2,lib_seeds_and_risk_inflected,manufacturing,volatile,6
PLXS|2019Q3,lib_inflected,inventory,lead times,7
PLXS|2019Q3,lib_seeds_inflected,inventory,lead times,7
PLXS|2019Q3,lib_seeds_and_risk_inflected,inventory,lead times,7
CSPI|2021Q1,lib_inflected,customers,ransomware,4
CSPI|2021Q1,lib_seeds_inflected,customers,ransomware,4
CSPI|2021Q1,lib_seeds_and_risk_inflected,customers,ransomware,4
CSPI|2022Q1,lib_seeds_inflected,supply chain,uncertain,10
CSPI|2022Q1,lib_seeds_and_risk_inflected,supply chain,uncertain,10
CSPI|2022Q2,lib_inflected,shortage,shortage,0
CSPI|2022Q2,lib_seeds_inflected,shortage,shortage,0
CSPI|2022Q2,lib_seeds_and_risk_inflected,shortage,shortage,0
CSPI|2023Q2,lib_inflected,customers,threats,7
CSPI|2023Q2,lib_seeds_inflected,customers,threats,7
CSPI|2023Q2,lib_seeds_and_risk_inflected,customers,threats,7
PLXS|2020Q1,lib_inflected,supply,disruptions,2
PLXS|2020Q1,lib_seeds_inflected,supply,disruptions,2
PLXS|2020Q1,lib_seeds_and_risk_inflected,supply,disruptions,2
PLXS|2020Q3,lib_inflected,customers,risk,2
PLXS|2020Q3,lib_seeds_inflected,customers,risk,2
PLXS|2020Q3,lib_seeds_and_risk_inflected,customers,risk,2
PLXS|2020Q4,lib_inflected,supply,lead times,5
PLXS|2020Q4,lib_seeds_inflected,supply chain,lead times,4
PLXS|2020Q4,lib_seeds_and_risk_inflected,supply chain,lead times,4
PLXS|2024Q4,lib_inflected,inventory,uncertainty,2
PLXS|2024Q4,lib_seeds_inflected,inventory,uncertainty,2
PLXS|2024Q4,lib_seeds_and_risk_inflected,inventory,uncertainty,2
BKTI|2021Q3,lib_inflected,material,risks,8
BKTI|2021Q3,lib_seeds_inflected,material,risks,8
BKTI|2021Q3,lib_seeds_and_risk_inflected,material,risks,8
BKTI|2023Q1,lib_inflected,material,risks,8
BKTI|2023Q1,lib_seeds_inflected,material,risks,8
BKTI|2023Q1,lib_seeds_and_risk_inflected,material,risks,8
BKTI|2023Q2,lib_inflected,material,risks,8
BKTI|2023Q2,lib_seeds_inflected,material,risks,8
BKTI|2023Q2,lib_seeds_and_risk_inflected,material,risks,8
BKTI|2024Q2,lib_inflected,material,risks,8
BKTI|2024Q2,lib_seeds_inflected,material,risks,8
BKTI|2024Q2,lib_seeds_and_risk_inflected,material,risks,8
BKTI|2024Q3,lib_inflected,material,risks,8
BKTI|2024Q3,lib_seeds_inflected,material,risks,8
BKTI|2024Q3,lib_seeds_and_risk_inflected,material,risks,8
AXP|2013Q3,lib_inflected,shortage,shortage,0
AXP|2013Q3,lib_seeds_inflected,shortage,shortage,0
AXP|2013Q3,lib_seeds_and_risk_inflected,shortage,shortage,0
AXP|2020Q2,lib_inflected,customers,risk,9
AXP|2020Q2,lib_seeds_inflected,customers,risk,9
AXP|2020Q2,lib_seeds_and_risk_inflected,customers,risk,9
AXP|2015Q2,lib_inflected,customers,risk,6
AXP|2015Q2,lib_seeds_inflected,customers,risk,6
AXP|2015Q2,lib_seeds_and_risk_inflected,customers,risk,6
AXP|2015Q3,lib_inflected,customers,risk,7
AXP|2015Q3,lib_seeds_inflected,customers,risk,7
AXP|2015Q3,lib_seeds_and_risk_inflected,customers,risk,7
AXP|2016Q1,lib_inflected,customers,risk,9
AXP|2016Q1,lib_seeds_inflected,customers,risk,9
AXP|2016Q1,lib_seeds_and_risk_inflected,customers,risk,9
AXP|2016Q2,lib_inflected,customers,risk,10
AXP|2016Q2,lib_seeds_inflected,customers,risk,10
AXP|2016Q2,lib_seeds_and_risk_inflected,customers,risk,10
AXP|2020Q3,lib_inflected,customers,uncertainty,6
AXP|2020Q3,lib_seeds_inflected,customers,uncertainty,6
AXP|2020Q3,lib_seeds_and_risk_inflected,customers,uncertainty,6
AXP|2020Q4,lib_inflected,customers,uncertainty,10
AXP|2020Q4,lib_seeds_inflected,distribution,uncertainty,9
AXP|2020Q4,lib_seeds_and_risk_inflected,distribution,uncertainty,9
AXP|2022Q1,lib_inflected,supply,concerns,6
AXP|2022Q1,lib_seeds_inflected,supply chain,concerns,5
AXP|2022Q1,lib_seeds_and_risk_inflected,supply chain,concerns,5
AXP|2022Q3,lib_inflected,customers,concerns,6
AXP|2022Q3,lib_seeds_inflected,customers,concerns,6
AXP|2022Q3,lib_seeds_and_risk_inflected,customers,concerns,6
WFC|2011Q2,lib_inflected,customers,risks,5
WFC|2011Q2,lib_seeds_inflected,customers,risks,5
WFC|2011Q2,lib_seeds_and_risk_inflected,customers,risks,5
WFC|2012Q1,lib_seeds_inflected,distribution,hazard,3
WFC|2012Q1,lib_seeds_and_risk_inflected,distribution,hazard,3
WFC|2013Q1,lib_inflected,shortage,shortage,0
WFC|2013Q1,lib_seeds_inflected,shortage,shortage,0
WFC|2013Q1,lib_seeds_and_risk_inflected,shortage,shortage,0
WFC|2016Q2,lib_inflected,customers,risk,10
WFC|2016Q2,lib_seeds_inflected,customers,risk,10
WFC|2016Q2,lib_seeds_and_risk_inflected,customers,risk,10
WFC|2018Q1,lib_inflected,order,concern,4
WFC|2018Q1,lib_seeds_inflected,order,concern,4
WFC|2018Q1,lib_seeds_and_risk_inflected,order,concern,4
WFC|2018Q3,lib_inflected,customers,risk,2
WFC|2018Q3,lib_seeds_inflected,customers,risk,2
WFC|2018Q3,lib_seeds_and_risk_inflected,customers,risk,2
AFG|2015Q1,lib_seeds_inflected,transportation,volatility,4
AFG|2015Q1,lib_seeds_and_risk_inflected,transportation,volatility,4
AFG|2016Q1,lib_inflected,material,exposure,1
AFG|2016Q1,lib_seeds_inflected,material,exposure,1
AFG|2016Q1,lib_seeds_and_risk_inflected,material,exposure,1
AFG|2011Q1,lib_inflected,material,volatile,6
AFG|2011Q1,lib_seeds_inflected,material,volatile,6
AFG|2011Q1,lib_seeds_and_risk_inflected,material,volatile,6
C|2017Q1,lib_inflected,order,risk,5
C|2017Q1,lib_seeds_inflected,order,risk,5
C|2017Q1,lib_seeds_and_risk_inflected,order,risk,5
C|2021Q4,lib_inflected,order,risk,5
C|2021Q4,lib_seeds_inflected,order,risk,5
C|2021Q4,lib_seeds_and_risk_inflected,order,risk,5
WFC|2023Q2,lib_inflected,customers,risk,7
WFC|2023Q2,lib_seeds_inflected,customers,risk,7
WFC|2023Q2,lib_seeds_and_risk_inflected,customers,risk,7
C|2012Q3,lib_inflected,buyer,risk,8
C|2012Q3,lib_seeds_inflected,buyer,risk,8
C|2012Q3,lib_seeds_and_risk_inflected,buyer,risk,8
AFG|2021Q1,lib_seeds_inflected,transportation,exposures,7
AFG|2021Q1,lib_seeds_and_risk_inflected,transportation,exposures,7
AFG|2021Q3,lib_seeds_inflected,transportation,volatility,5
AFG|2021Q3,lib_seeds_and_risk_inflected,transportation,volatility,5
AFG|2022Q2,lib_seeds_inflected,transportation,exposures,6
AFG|2022Q2,lib_seeds_and_risk_inflected,transportation,exposures,6
AFG|2017Q2,lib_inflected,channel,uncertainty,4
AFG|2017Q2,lib_seeds_inflected,channel,uncertainty,4
AFG|2017Q2,lib_seeds_and_risk_inflected,channel,uncertainty,4
AFG|2018Q4,lib_seeds_inflected,transportation,risk,10
AFG|2018Q4,lib_seeds_and_risk_inflected,transportation,risk,10
AFG|2019Q4,lib_inflected,channel,risk,4
AFG|2019Q4,lib_seeds_inflected,channel,risk,4
AFG|2019Q4,lib_seeds_and_risk_inflected,channel,risk,4
AFG|2023Q1,lib_seeds_inflected,transportation,exposures,4
AFG|2023Q1,lib_seeds_and_risk_inflected,transportation,exposures,4
BN|2015Q1,lib_seeds_inflected,distribution,disruptions,7
BN|2015Q1,lib_seeds_and_risk_inflected,distribution,disruptions,7
BN|2019Q2,lib_inflected,shortage,shortage,0
BN|2019Q2,lib_seeds_inflected,shortage,shortage,0
BN|2019Q2,lib_seeds_and_risk_inflected,shortage,shortage,0
AFL|2013Q1,lib_inflected,customers,risks,3
AFL|2013Q1,lib_seeds_inflected,customers,risks,3
AFL|2013Q1,lib_seeds_and_risk_inflected,customers,risks,3
AFL|2015Q1,lib_inflected,order,risk,9
AFL|2015Q1,lib_seeds_inflected,order,risk,9
AFL|2015Q1,lib_seeds_and_risk_inflected,order,risk,9
AFL|2015Q3,lib_seeds_inflected,distribution,risk,7
AFL|2015Q3,lib_seeds_and_risk_inflected,distribution,risk,7
AFL|2017Q2,lib_inflected,buyer,risk,8
AFL|2017Q2,lib_seeds_inflected,buyer,risk,8
AFL|2017Q2,lib_seeds_and_risk_inflected,buyer,risk,8
AFL|2018Q1,lib_seeds_inflected,distribution,risk,9
AFL|2018Q1,lib_seeds_and_risk_inflected,distribution,risk,9
AFL|2018Q2,lib_seeds_inflected,distribution,risk,6
AFL|2018Q2,lib_seeds_and_risk_inflected,distribution,risk,6
AFL|2018Q3,lib_inflected,order,volatility,4
AFL|2018Q3,lib_seeds_inflected,order,volatility,4
AFL|2018Q3,lib_seeds_and_risk_inflected,order,volatility,4
AFL|2018Q4,lib_seeds_inflected,distribution,risk,6
AFL|2018Q4,lib_seeds_and_risk_inflected,distribution,risk,6
AFL|2019Q2,lib_seeds_inflected,distribution,risk,6
AFL|2019Q2,lib_seeds_and_risk_inflected,distribution,risk,6
AFL|2024Q1,lib_inflected,customers,exposure,7
AFL|2024Q1,lib_seeds_inflected,customers,exposure,7
AFL|2024Q1,lib_seeds_and_risk_inflected,customers,exposure,7
WRB|2013Q3,lib_inflected,shortage,shortage,0
WRB|2013Q3,lib_seeds_inflected,shortage,shortage,0
WRB|2013Q3,lib_seeds_and_risk_inflected,shortage,shortage,0
AFL|2020Q3,lib_seeds_inflected,distribution,risk,6
AFL|2020Q3,lib_seeds_and_risk_inflected,distribution,risk,6
AFL|2022Q1,lib_inflected,supply,risks,4
AFL|2022Q1,lib_seeds_inflected,supply chain,risks,3
AFL|2022Q1,lib_seeds_and_risk_inflected,supply chain,risks,3
WRB|2016Q1,lib_seeds_inflected,distribution,concerns,6
WRB|2016Q1,lib_seeds_and_risk_inflected,distribution,concerns,6
WRB|2016Q3,lib_inflected,customers,exposure,3
WRB|2016Q3,lib_seeds_inflected,customers,exposure,3
WRB|2016Q3,lib_seeds_and_risk_inflected,customers,exposure,3
BOH|2014Q3,lib_inflected,inventory,threat,8
BOH|2014Q3,lib_seeds_inflected,inventory,threat,8
BOH|2014Q3,lib_seeds_and_risk_inflected,inventory,threat,8
WRB|2017Q3,lib_inflected,material,exposure,5
WRB|2017Q3,lib_seeds_inflected,material,exposure,5
WRB|2017Q3,lib_seeds_and_risk_inflected,material,exposure,5
BOH|2012Q1,lib_seeds_inflected,transportation,exposure,1
BOH|2012Q1,lib_seeds_and_risk_inflected,transportation,exposure,1
WRB|2023Q2,lib_inflected,order,exposure,9
WRB|2023Q2,lib_seeds_inflected,order,exposure,9
WRB|2023Q2,lib_seeds_and_risk_inflected,order,exposure,9
BOH|2011Q3,lib_inflected,customers,volatility,6
BOH|2011Q3,lib_seeds_inflected,customers,volatility,6
BOH|2011Q3,lib_seeds_and_risk_inflected,customers,volatility,6
WRB|2021Q2,lib_inflected,shortage,shortage,0
WRB|2021Q2,lib_seeds_inflected,shortage,shortage,0
WRB|2021Q2,lib_seeds_and_risk_inflected,shortage,shortage,0
WRB|2022Q2,lib_inflected,material,volatility,2
WRB|2022Q2,lib_seeds_inflected,material,volatility,2
WRB|2022Q2,lib_seeds_and_risk_inflected,material,volatility,2
BOH|2022Q1,lib_inflected,shortage,shortage,0
BOH|2022Q1,lib_seeds_inflected,shortage,shortage,0
BOH|2022Q1,lib_seeds_and_risk_inflected,shortage,shortage,0
BOH|2024Q1,lib_inflected,shortage,shortage,0
BOH|2024Q1,lib_seeds_inflected,shortage,shortage,0
BOH|2024Q1,lib_seeds_and_risk_inflected,shortage,shortage,0
BOH|2024Q2,lib_seeds_inflected,distribution,risk,5
BOH|2024Q2,lib_seeds_and_risk_inflected,distribution,risk,5
BOH|2024Q3,lib_seeds_inflected,distribution,risk,5
BOH|2024Q3,lib_seeds_and_risk_inflected,distribution,risk,5
BOH|2024Q4,lib_seeds_inflected,distribution,risk,5
BOH|2024Q4,lib_seeds_and_risk_inflected,distribution,risk,5
AJG|2014Q1,lib_inflected,customers,risk,2
AJG|2014Q1,lib_seeds_inflected,customers,risk,2
AJG|2014Q1,lib_seeds_and_risk_inflected,customers,risk,2
BEN|2011Q1,lib_seeds_inflected,distribution,concerns,10
BEN|2011Q1,lib_seeds_and_risk_inflected,distribution,concerns,10
AIG|2013Q4,lib_inflected,customers,risks,8
AIG|2013Q4,lib_seeds_inflected,customers,risks,8
AIG|2013Q4,lib_seeds_and_risk_inflected,customers,risks,8
AIG|2024Q1,lib_seeds_inflected,purchasing,exposures,5
AIG|2024Q1,lib_seeds_and_risk_inflected,purchasing,exposures,5
BEN|2015Q4,lib_inflected,channel,exposure,3
BEN|2015Q4,lib_seeds_inflected,channel,exposure,3
BEN|2015Q4,lib_seeds_and_risk_inflected,channel,exposure,3
BEN|2016Q1,lib_inflected,channel,risk,3
BEN|2016Q1,lib_seeds_inflected,channel,risk,3
BEN|2016Q1,lib_seeds_and_risk_inflected,channel,risk,3
BEN|2016Q4,lib_inflected,channel,exposure,4
BEN|2016Q4,lib_seeds_inflected,channel,exposure,4
BEN|2016Q4,lib_seeds_and_risk_inflected,channel,exposure,4
BEN|2017Q1,lib_inflected,channel,volatility,5
BEN|2017Q1,lib_seeds_inflected,channel,volatility,5
BEN|2017Q1,lib_seeds_and_risk_inflected,channel,volatility,5
BEN|2021Q1,lib_inflected,channel,disruption,10
BEN|2021Q1,lib_seeds_inflected,channel,disruption,10
BEN|2021Q1,lib_seeds_and_risk_inflected,channel,disruption,10
BEN|2022Q2,lib_inflected,customers,uncertainty,5
BEN|2022Q2,lib_seeds_inflected,customers,uncertainty,5
BEN|2022Q2,lib_seeds_and_risk_inflected,customers,uncertainty,5
BEN|2024Q3,lib_inflected,order,risk,10
BEN|2024Q3,lib_seeds_inflected,order,risk,10
BEN|2024Q3,lib_seeds_and_risk_inflected,order,risk,10
CB|2010Q1,lib_inflected,customers,exposures,3
CB|2010Q1,lib_seeds_inflected,customers,exposures,3
CB|2010Q1,lib_seeds_and_risk_inflected,customers,exposures,3
CB|2011Q1,lib_inflected,customers,exposure,5
CB|2011Q1,lib_seeds_inflected,customers,exposure,5
CB|2011Q1,lib_seeds_and_risk_inflected,customers,exposure,5
CB|2014Q2,lib_inflected,customers,exposure,3
CB|2014Q2,lib_seeds_inflected,customers,exposure,3
CB|2014Q2,lib_seeds_and_risk_inflected,customers,exposure,3
CB|2016Q1,lib_inflected,customers,risk,6
CB|2016Q1,lib_seeds_inflected,customers,risk,6
CB|2016Q1,lib_seeds_and_risk_inflected,customers,risk,6
CB|2016Q4,lib_inflected,customers,risk,2
CB|2016Q4,lib_seeds_inflected,customers,risk,2
CB|2016Q4,lib_seeds_and_risk_inflected,customers,risk,2
CB|2018Q1,lib_inflected,customers,exposure,3
CB|2018Q1,lib_seeds_inflected,customers,exposure,3
CB|2018Q1,lib_seeds_and_risk_inflected,customers,exposure,3
CB|2018Q4,lib_inflected,customers,exposure,6
CB|2018Q4,lib_seeds_inflected,customers,exposure,6
CB|2018Q4,lib_seeds_and_risk_inflected,customers,exposure,6
CB|2019Q1,lib_inflected,customers,exposure,7
CB|2019Q1,lib_seeds_inflected,customers,exposure,7
CB|2019Q1,lib_seeds_and_risk_inflected,customers,exposure,7
ASB|2014Q4,lib_inflected,customers,contingencies,10
ASB|2014Q4,lib_seeds_inflected,customers,contingencies,10
ASB|2014Q4,lib_seeds_and_risk_inflected,customers,contingencies,10
ASB|2016Q4,lib_seeds_inflected,manufacturing,exposure,7
ASB|2016Q4,lib_seeds_and_risk_inflected,manufacturing,exposure,7
LNC|2011Q2,lib_seeds_inflected,distribution,volatile,7
LNC|2011Q2,lib_seeds_and_risk_inflected,distribution,volatile,7
LNC|2013Q4,lib_seeds_inflected,distribution,risk,6
LNC|2013Q4,lib_seeds_and_risk_inflected,distribution,risk,6
LNC|2014Q1,lib_seeds_inflected,distribution,risk,2
LNC|2014Q1,lib_seeds_and_risk_inflected,distribution,risk,2
LNC|2016Q2,lib_seeds_inflected,distribution,risk,4
LNC|2016Q2,lib_seeds_and_risk_inflected,distribution,risk,4
LNC|2016Q4,lib_seeds_inflected,distribution,uncertainty,3
LNC|2016Q4,lib_seeds_and_risk_inflected,distribution,uncertainty,3
LNC|2018Q4,lib_inflected,material,volatility,9
LNC|2018Q4,lib_seeds_inflected,material,volatility,9
LNC|2018Q4,lib_seeds_and_risk_inflected,material,volatility,9
LNC|2020Q2,lib_inflected,material,exposure,1
LNC|2020Q2,lib_seeds_inflected,material,exposure,1
LNC|2020Q2,lib_seeds_and_risk_inflected,material,exposure,1
LNC|2022Q1,lib_inflected,customers,risk,5
LNC|2022Q1,lib_seeds_inflected,customers,risk,5
LNC|2022Q1,lib_seeds_and_risk_inflected,customers,risk,5
CNA|2011Q2,lib_seeds_inflected,purchasing,risk,5
CNA|2011Q2,lib_seeds_and_risk_inflected,purchasing,risk,5
CNA|2012Q1,lib_inflected,customers,risk,10
CNA|2012Q1,lib_seeds_inflected,customers,risk,10
CNA|2012Q1,lib_seeds_and_risk_inflected,customers,risk,10
LNC|2022Q4,lib_inflected,customers,risk,2
LNC|2022Q4,lib_seeds_inflected,customers,risk,2
LNC|2022Q4,lib_seeds_and_risk_inflected,customers,risk,2
LNC|2023Q2,lib_inflected,material,concerns,8
LNC|2023Q2,lib_seeds_inflected,material,concerns,8
LNC|2023Q2,lib_seeds_and_risk_inflected,material,concerns,8
AEG|2016Q2,lib_inflected,material,disruption,1
AEG|2016Q2,lib_seeds_inflected,material,disruption,1
AEG|2016Q2,lib_seeds_and_risk_inflected,material,disruption,1
AEG|2020Q2,lib_inflected,channel,risk,9
AEG|2020Q2,lib_seeds_inflected,distribution,risk,8
AEG|2020Q2,lib_seeds_and_risk_inflected,distribution,risk,8
AEG|2021Q2,lib_inflected,order,exposures,4
AEG|2021Q2,lib_seeds_inflected,order,exposures,4
AEG|2021Q2,lib_seeds_and_risk_inflected,order,exposures,4
AEG|2021Q4,lib_inflected,customers,risk,8
AEG|2021Q4,lib_seeds_inflected,customers,risk,8
AEG|2021Q4,lib_seeds_and_risk_inflected,customers,risk,8
CNA|2022Q3,lib_inflected,buyer,risk,8
CNA|2022Q3,lib_seeds_inflected,buyer,risk,8
CNA|2022Q3,lib_seeds_and_risk_inflected,buyer,risk,8
CNA|2019Q2,lib_inflected,supply,risk,7
CNA|2019Q2,lib_seeds_inflected,supply chain,risk,6
CNA|2019Q2,lib_seeds_and_risk_inflected,supply chain,risk,6
CNA|2021Q1,lib_inflected,customers,risk,6
CNA|2021Q1,lib_seeds_inflected,customers,risk,6
CNA|2021Q1,lib_seeds_and_risk_inflected,customers,risk,6
CNA|2017Q1,lib_inflected,customers,exposures,7
CNA|2017Q1,lib_seeds_inflected,customers,exposures,7
CNA|2017Q1,lib_seeds_and_risk_inflected,customers,exposures,7
CBU|2018Q1,lib_inflected,shortage,shortage,0
CBU|2018Q1,lib_seeds_inflected,shortage,shortage,0
CBU|2018Q1,lib_seeds_and_risk_inflected,shortage,shortage,0
GHI|2017Q1,lib_inflected,order,volatility,7
GHI|2017Q1,lib_seeds_inflected,distributions,risks,4
GHI|2017Q1,lib_seeds_and_risk_inflected,distributions,risks,4
GHI|2019Q4,lib_inflected,material,risk,6
GHI|2019Q4,lib_seeds_inflected,material,risk,6
GHI|2019Q4,lib_seeds_and_risk_inflected,material,risk,6
GHI|2020Q2,lib_inflected,supply,disruptions,4
GHI|2020Q2,lib_seeds_inflected,supply chain,disruptions,3
GHI|2020Q2,lib_seeds_and_risk_inflected,supply chain,disruptions,3
GHI|2020Q3,lib_inflected,material,disruptions,3
GHI|2020Q3,lib_seeds_inflected,material,disruptions,3
GHI|2020Q3,lib_seeds_and_risk_inflected,material,disruptions,3
GHI|2021Q2,lib_inflected,material,disruptions,3
GHI|2021Q2,lib_seeds_inflected,supply chain,disruptions,3
GHI|2021Q2,lib_seeds_and_risk_inflected,supply chain,disruptions,3
GHI|2021Q3,lib_inflected,material,disruptions,3
GHI|2021Q3,lib_seeds_inflected,supply chain,disruptions,3
GHI|2021Q3,lib_seeds_and_risk_inflected,supply chain,disruptions,3
GHI|2021Q4,lib_inflected,supply,disruptions,4
GHI|2021Q4,lib_seeds_inflected,supply chain,disruptions,3
GHI|2021Q4,lib_seeds_and_risk_inflected,supply chain,disruptions,3
GHI|2022Q4,lib_inflected,supply,disruptions,4
GHI|2022Q4,lib_seeds_inflected,supply chain,disruptions,3
GHI|2022Q4,lib_seeds_and_risk_inflected,supply chain,disruptions,3
CBU|2022Q1,lib_inflected,inventory,volatile,8
CBU|2022Q1,lib_seeds_inflected,inventory,volatile,8
CBU|2022Q1,lib_seeds_and_risk_inflected,inventory,volatile,8
GHI|2023Q2,lib_inflected,supply,disruptions,4
GHI|2023Q2,lib_seeds_inflected,supply chain,disruptions,3
GHI|2023Q2,lib_seeds_and_risk_inflected,supply chain,disruptions,3
GHI|2023Q4,lib_inflected,supply,disruptions,4
GHI|2023Q4,lib_seeds_inflected,supply chain,disruptions,3
GHI|2023Q4,lib_seeds_and_risk_inflected,supply chain,disruptions,3
GHI|2024Q1,lib_inflected,shortage,shortage,0
GHI|2024Q1,lib_seeds_inflected,shortage,shortage,0
GHI|2024Q1,lib_seeds_and_risk_inflected,shortage,shortage,0
GHI|2024Q2,lib_inflected,supply,disruptions,4
GHI|2024Q2,lib_seeds_inflected,supply chain,disruptions,3
GHI|2024Q2,lib_seeds_and_risk_inflected,supply chain,disruptions,3
GHI|2024Q4,lib_inflected,supply,disruptions,4
GHI|2024Q4,lib_seeds_inflected,supply chain,disruptions,3
GHI|2024Q4,lib_seeds_and_risk_inflected,supply chain,disruptions,3
BAC|2013Q1,lib_inflected,customers,risk,10
BAC|2013Q1,lib_seeds_inflected,customers,risk,10
BAC|2013Q1,lib_seeds_and_risk_inflected,customers,risk,10
BAC|2014Q3,lib_inflected,material,risk,9
BAC|2014Q3,lib_seeds_inflected,material,risk,9
BAC|2014Q3,lib_seeds_and_risk_inflected,material,risk,9
BAC|2014Q4,lib_seeds_inflected,distribution,volatility,4
BAC|2014Q4,lib_seeds_and_risk_inflected,distribution,volatility,4
BAC|2021Q4,lib_inflected,customers,volatility,9
BAC|2021Q4,lib_seeds_inflected,customers,volatility,9
BAC|2021Q4,lib_seeds_and_risk_inflected,customers,volatility,9
PGR|2013Q2,lib_inflected,channel,disruption,3
PGR|2013Q2,lib_seeds_inflected,channel,disruption,3
PGR|2013Q2,lib_seeds_and_risk_inflected,channel,disruption,3
BAC|2022Q1,lib_inflected,material,exposure,2
BAC|2022Q1,lib_seeds_inflected,material,exposure,2
BAC|2022Q1,lib_seeds_and_risk_inflected,material,exposure,2
STT|2014Q1,lib_inflected,material,volatility,4
STT|2014Q1,lib_seeds_inflected,material,volatility,4
STT|2014Q1,lib_seeds_and_risk_inflected,material,volatility,4
STT|2015Q3,lib_inflected,customers,risk,3
STT|2015Q3,lib_seeds_inflected,customers,risk,3
STT|2015Q3,lib_seeds_and_risk_inflected,customers,risk,3
STT|2015Q4,lib_inflected,customers,risk,7
STT|2015Q4,lib_seeds_inflected,customers,risk,7
STT|2015Q4,lib_seeds_and_risk_inflected,customers,risk,7
PGR|2014Q4,lib_inflected,customers,risk,4
PGR|2014Q4,lib_seeds_inflected,customers,risk,4
PGR|2014Q4,lib_seeds_and_risk_inflected,customers,risk,4
PGR|2015Q4,lib_inflected,customers,risk,10
PGR|2015Q4,lib_seeds_inflected,customers,risk,10
PGR|2015Q4,lib_seeds_and_risk_inflected,customers,risk,10
PGR|2016Q3,lib_inflected,customers,risk,9
PGR|2016Q3,lib_seeds_inflected,customers,risk,9
PGR|2016Q3,lib_seeds_and_risk_inflected,customers,risk,9
STT|2022Q3,lib_inflected,customers,risk,6
STT|2022Q3,lib_seeds_inflected,customers,risk,6
STT|2022Q3,lib_seeds_and_risk_inflected,customers,risk,6
PGR|2017Q3,lib_inflected,order,risk,3
PGR|2017Q3,lib_seeds_inflected,order,risk,3
PGR|2017Q3,lib_seeds_and_risk_inflected,order,risk,3
PGR|2018Q4,lib_inflected,inventory,risk,4
PGR|2018Q4,lib_seeds_inflected,inventory,risk,4
PGR|2018Q4,lib_seeds_and_risk_inflected,inventory,risk,4
PGR|2019Q1,lib_inflected,order,risk,3
PGR|2019Q1,lib_seeds_inflected,order,risk,3
PGR|2019Q1,lib_seeds_and_risk_inflected,order,risk,3
PGR|2020Q1,lib_inflected,supply,disruption,3
PGR|2020Q1,lib_seeds_inflected,supply,disruption,3
PGR|2020Q1,lib_seeds_and_risk_inflected,supply,disruption,3
PGR|2020Q4,lib_inflected,material,risk,1
PGR|2020Q4,lib_seeds_inflected,material,risk,1
PGR|2020Q4,lib_seeds_and_risk_inflected,material,risk,1
PGR|2021Q3,lib_inflected,customers,risks,3
PGR|2021Q3,lib_seeds_inflected,customers,risks,3
PGR|2021Q3,lib_seeds_and_risk_inflected,customers,risks,3
PGR|2022Q1,lib_inflected,supply,bottlenecks,3
PGR|2022Q1,lib_seeds_inflected,supply,bottlenecks,3
PGR|2022Q1,lib_seeds_and_risk_inflected,supply,bottlenecks,3
PGR|2022Q2,lib_inflected,customers,risks,2
PGR|2022Q2,lib_seeds_inflected,customers,risks,2
PGR|2022Q2,lib_seeds_and_risk_inflected,customers,risks,2
PGR|2022Q4,lib_inflected,customers,risk,1
PGR|2022Q4,lib_seeds_inflected,customers,risk,1
PGR|2022Q4,lib_seeds_and_risk_inflected,customers,risk,1
PGR|2023Q3,lib_inflected,customers,disruption,4
PGR|2023Q3,lib_seeds_inflected,customers,disruption,4
PGR|2023Q3,lib_seeds_and_risk_inflected,customers,disruption,4
TRV|2011Q1,lib_inflected,customers,exposure,3
TRV|2011Q1,lib_seeds_inflected,customers,exposure,3
TRV|2011Q1,lib_seeds_and_risk_inflected,customers,exposure,3
TRV|2011Q2,lib_inflected,customers,disruption,5
TRV|2011Q2,lib_seeds_inflected,customers,disruption,5
TRV|2011Q2,lib_seeds_and_risk_inflected,customers,disruption,5
TRV|2013Q4,lib_inflected,order,exposure,4
TRV|2013Q4,lib_seeds_inflected,order,exposure,4
TRV|2013Q4,lib_seeds_and_risk_inflected,order,exposure,4
TRV|2015Q1,lib_inflected,customers,risks,3
TRV|2015Q1,lib_seeds_inflected,customers,risks,3
TRV|2015Q1,lib_seeds_and_risk_inflected,customers,risks,3
BCS|2013Q3,lib_inflected,material,exposures,3
BCS|2013Q3,lib_seeds_inflected,material,exposures,3
BCS|2013Q3,lib_seeds_and_risk_inflected,material,exposures,3
BCS|2020Q2,lib_inflected,customers,concerns,6
BCS|2020Q2,lib_seeds_inflected,customers,concerns,6
BCS|2020Q2,lib_seeds_and_risk_inflected,customers,concerns,6
BCS|2020Q4,lib_inflected,customers,risk,6
BCS|2020Q4,lib_seeds_inflected,customers,risk,6
BCS|2020Q4,lib_seeds_and_risk_inflected,customers,risk,6
TRV|2018Q3,lib_inflected,customers,risk,7
TRV|2018Q3,lib_seeds_inflected,customers,risk,7
TRV|2018Q3,lib_seeds_and_risk_inflected,customers,risk,7
TRV|2019Q4,lib_inflected,customers,risk,7
TRV|2019Q4,lib_seeds_inflected,customers,risk,7
TRV|2019Q4,lib_seeds_and_risk_inflected,customers,risk,7
TRV|2021Q2,lib_inflected,customers,risk,2
TRV|2021Q2,lib_seeds_inflected,customers,risk,2
TRV|2021Q2,lib_seeds_and_risk_inflected,customers,risk,2
TRV|2022Q2,lib_inflected,customers,risk,9
TRV|2022Q2,lib_seeds_inflected,customers,risk,9
TRV|2022Q2,lib_seeds_and_risk_inflected,customers,risk,9
TRV|2022Q3,lib_inflected,supply,supply chain disruption,0
TRV|2022Q3,lib_seeds_inflected,supply,supply chain disruption,0
TRV|2022Q3,lib_seeds_and_risk_inflected,supply,supply chain disruption,0
TRV|2023Q2,lib_inflected,customers,risk,4
TRV|2023Q2,lib_seeds_inflected,customers,risk,4
TRV|2023Q2,lib_seeds_and_risk_inflected,customers,risk,4
TRV|2024Q1,lib_seeds_inflected,distribution,exposure,4
TRV|2024Q1,lib_seeds_and_risk_inflected,distribution,exposure,4
TRV|2024Q3,lib_inflected,customers,vulnerabilities,2
TRV|2024Q3,lib_seeds_inflected,customers,vulnerabilities,2
TRV|2024Q3,lib_seeds_and_risk_inflected,customers,vulnerabilities,2
TRV|2024Q4,lib_inflected,customers,risk,8
TRV|2024Q4,lib_seeds_inflected,customers,risk,8
TRV|2024Q4,lib_seeds_and_risk_inflected,customers,risk,8
BCS|2023Q2,lib_inflected,customers,exposure,9
BCS|2023Q2,lib_seeds_inflected,customers,exposure,9
BCS|2023Q2,lib_seeds_and_risk_inflected,customers,exposure,9
BCS|2024Q2,lib_inflected,customers,uncertainty,4
BCS|2024Q2,lib_seeds_inflected,customers,uncertainty,4
BCS|2024Q2,lib_seeds_and_risk_inflected,customers,uncertainty,4
BCS|2024Q4,lib_inflected,material,risk,1
BCS|2024Q4,lib_seeds_inflected,material,risk,1
BCS|2024Q4,lib_seeds_and_risk_inflected,material,risk,1
UNM|2012Q3,lib_inflected,customers,risk,3
UNM|2012Q3,lib_seeds_inflected,customers,risk,3
UNM|2012Q3,lib_seeds_and_risk_inflected,customers,risk,3
UNM|2013Q4,lib_seeds_inflected,distribution,risk,9
UNM|2013Q4,lib_seeds_and_risk_inflected,distribution,risk,9
UNM|2016Q4,lib_seeds_inflected,distribution,risk,6
UNM|2016Q4,lib_seeds_and_risk_inflected,distribution,risk,6
MBI|2012Q3,lib_inflected,material,exposures,6
MBI|2012Q3,lib_seeds_inflected,material,exposures,6
MBI|2012Q3,lib_seeds_and_risk_inflected,material,exposures,6
UNM|2020Q2,lib_inflected,customers,disruption,3
UNM|2020Q2,lib_seeds_inflected,customers,disruption,3
UNM|2020Q2,lib_seeds_and_risk_inflected,customers,disruption,3
UNM|2022Q1,lib_inflected,buyer,risk,9
UNM|2022Q1,lib_seeds_inflected,buyer,risk,9
UNM|2022Q1,lib_seeds_and_risk_inflected,buyer,risk,9
UNM|2023Q4,lib_inflected,customers,risk,10
UNM|2023Q4,lib_seeds_inflected,customers,risk,10
UNM|2023Q4,lib_seeds_and_risk_inflected,customers,risk,10
MBI|2019Q4,lib_seeds_inflected,transportation,exposure,7
MBI|2019Q4,lib_seeds_and_risk_inflected,transportation,exposure,7
MBI|2020Q1,lib_seeds_inflected,transportation,exposure,7
MBI|2020Q1,lib_seeds_and_risk_inflected,transportation,exposure,7
MBI|2013Q3,lib_inflected,material,volatility,5
MBI|2013Q3,lib_seeds_inflected,material,volatility,5
MBI|2013Q3,lib_seeds_and_risk_inflected,material,volatility,5
MBI|2014Q2,lib_inflected,material,exposures,3
MBI|2014Q2,lib_seeds_inflected,material,exposures,3
MBI|2014Q2,lib_seeds_and_risk_inflected,material,exposures,3
MBI|2014Q4,lib_inflected,material,exposure,5
MBI|2014Q4,lib_seeds_inflected,material,exposure,5
MBI|2014Q4,lib_seeds_and_risk_inflected,material,exposure,5
MBI|2015Q4,lib_seeds_inflected,transportation,exposure,5
MBI|2015Q4,lib_seeds_and_risk_inflected,transportation,exposure,5
MBI|2016Q2,lib_seeds_inflected,transportation,exposures,5
MBI|2016Q2,lib_seeds_and_risk_inflected,transportation,exposures,5
MBI|2016Q3,lib_inflected,material,exposures,6
MBI|2016Q3,lib_seeds_inflected,material,exposures,6
MBI|2016Q3,lib_seeds_and_risk_inflected,material,exposures,6
MBI|2020Q4,lib_seeds_inflected,transportation,exposures,1
MBI|2020Q4,lib_seeds_and_risk_inflected,transportation,exposures,1
MBI|2021Q1,lib_seeds_inflected,transportation,exposure,2
MBI|2021Q1,lib_seeds_and_risk_inflected,transportation,exposure,2
MBI|2021Q3,lib_inflected,material,exposure,4
MBI|2021Q3,lib_seeds_inflected,material,exposure,4
MBI|2021Q3,lib_seeds_and_risk_inflected,material,exposure,4
MBI|2023Q1,lib_inflected,material,exposure,3
MBI|2023Q1,lib_seeds_inflected,material,exposure,3
MBI|2023Q1,lib_seeds_and_risk_inflected,material,exposure,3
MBI|2023Q3,lib_inflected,material,exposure,1
MBI|2023Q3,lib_seeds_inflected,material,exposure,1
MBI|2023Q3,lib_seeds_and_risk_inflected,material,exposure,1
MBI|2024Q3,lib_inflected,buyer,exposure,3
MBI|2024Q3,lib_seeds_inflected,buyer,exposure,3
MBI|2024Q3,lib_seeds_and_risk_inflected,buyer,exposure,3
L|2012Q2,lib_inflected,shortage,shortage,0
L|2012Q2,lib_seeds_inflected,shortage,shortage,0
L|2012Q2,lib_seeds_and_risk_inflected,shortage,shortage,0
L|2020Q1,lib_inflected,customers,risks,7
L|2020Q1,lib_seeds_inflected,customers,risks,7
L|2020Q1,lib_seeds_and_risk_inflected,customers,risks,7
L|2015Q4,lib_inflected,order,risk,6
L|2015Q4,lib_seeds_inflected,order,risk,6
L|2015Q4,lib_seeds_and_risk_inflected,order,risk,6
L|2016Q1,lib_inflected,shortage,shortage,0
L|2016Q1,lib_seeds_inflected,shortage,shortage,0
L|2016Q1,lib_seeds_and_risk_inflected,shortage,shortage,0
L|2020Q2,lib_inflected,order,risk,4
L|2020Q2,lib_seeds_inflected,order,risk,4
L|2020Q2,lib_seeds_and_risk_inflected,order,risk,4
L|2020Q3,lib_inflected,customers,disruptions,4
L|2020Q3,lib_seeds_inflected,customers,disruptions,4
L|2020Q3,lib_seeds_and_risk_inflected,customers,disruptions,4
L|2021Q2,lib_inflected,shortage,shortage,0
L|2021Q2,lib_seeds_inflected,shortage,shortage,0
L|2021Q2,lib_seeds_and_risk_inflected,shortage,shortage,0
KEY|2017Q3,lib_inflected,material,disruptions,3
KEY|2017Q3,lib_seeds_inflected,material,disruptions,3
KEY|2017Q3,lib_seeds_and_risk_inflected,material,disruptions,3
USB|2011Q2,lib_inflected,customers,risky,2
USB|2011Q2,lib_seeds_inflected,customers,risky,2
USB|2011Q2,lib_seeds_and_risk_inflected,customers,risky,2
USB|2013Q2,lib_inflected,customers,concerns,4
USB|2013Q2,lib_seeds_inflected,customers,concerns,4
USB|2013Q2,lib_seeds_and_risk_inflected,customers,concerns,4
USB|2010Q1,lib_inflected,customers,risk,10
USB|2010Q1,lib_seeds_inflected,customers,risk,10
USB|2010Q1,lib_seeds_and_risk_inflected,customers,risk,10
USB|2011Q1,lib_inflected,customers,threats,4
USB|2011Q1,lib_seeds_inflected,customers,threats,4
USB|2011Q1,lib_seeds_and_risk_inflected,customers,threats,4
USB|2014Q3,lib_inflected,customers,risk,3
USB|2014Q3,lib_seeds_inflected,customers,risk,3
USB|2014Q3,lib_seeds_and_risk_inflected,customers,risk,3
USB|2016Q3,lib_inflected,customers,dangers,3
USB|2016Q3,lib_seeds_inflected,customers,dangers,3
USB|2016Q3,lib_seeds_and_risk_inflected,customers,dangers,3
USB|2018Q2,lib_inflected,shortage,labor shortage,0
USB|2018Q2,lib_seeds_inflected,shortage,labor shortage,0
USB|2018Q2,lib_seeds_and_risk_inflected,shortage,labor shortage,0
USB|2019Q2,lib_seeds_inflected,manufacturing,exposure,6
USB|2019Q2,lib_seeds_and_risk_inflected,manufacturing,exposure,6
USB|2020Q3,lib_inflected,order,exposure,4
USB|2020Q3,lib_seeds_inflected,order,exposure,4
USB|2020Q3,lib_seeds_and_risk_inflected,order,exposure,4
USB|2021Q4,lib_inflected,supply,concerns,7
USB|2021Q4,lib_seeds_inflected,supply chain,concerns,6
USB|2021Q4,lib_seeds_and_risk_inflected,supply chain,concerns,6
MRSH|2018Q3,lib_inflected,order,volatility,7
MRSH|2018Q3,lib_seeds_inflected,order,volatility,7
MRSH|2018Q3,lib_seeds_and_risk_inflected,order,volatility,7
RLI|2012Q4,lib_seeds_inflected,transportation,exposure,10
RLI|2012Q4,lib_seeds_and_risk_inflected,transportation,exposure,10
RLI|2013Q2,lib_inflected,shortage,shortage,0
RLI|2013Q2,lib_seeds_inflected,shortage,shortage,0
RLI|2013Q2,lib_seeds_and_risk_inflected,shortage,shortage,0
MRSH|2011Q1,lib_inflected,customers,exposure,8
MRSH|2011Q1,lib_seeds_inflected,customers,exposure,8
MRSH|2011Q1,lib_seeds_and_risk_inflected,customers,exposure,8
RLI|2014Q3,lib_inflected,customers,exposure,4
RLI|2014Q3,lib_seeds_inflected,customers,exposure,4
RLI|2014Q3,lib_seeds_and_risk_inflected,customers,exposure,4
RLI|2015Q2,lib_inflected,customers,exposure,5
RLI|2015Q2,lib_seeds_inflected,customers,exposure,5
RLI|2015Q2,lib_seeds_and_risk_inflected,customers,exposure,5
RLI|2017Q1,lib_inflected,shortage,shortage,0
RLI|2017Q1,lib_seeds_inflected,shortage,shortage,0
RLI|2017Q1,lib_seeds_and_risk_inflected,shortage,shortage,0
RJF|2010Q1,lib_inflected,shortage,shortage,0
RJF|2010Q1,lib_seeds_inflected,shortage,shortage,0
RJF|2010Q1,lib_seeds_and_risk_inflected,shortage,shortage,0
GL|2020Q2,lib_inflected,material,risk,4
GL|2020Q2,lib_seeds_inflected,material,risk,4
GL|2020Q2,lib_seeds_and_risk_inflected,material,risk,4
GL|2013Q3,lib_seeds_inflected,distribution,threat,6
GL|2013Q3,lib_seeds_and_risk_inflected,distribution,threat,6
GL|2021Q3,lib_inflected,material,risk,4
GL|2021Q3,lib_seeds_inflected,material,risk,4
GL|2021Q3,lib_seeds_and_risk_inflected,material,risk,4
GL|2022Q1,lib_inflected,shortage,shortage,0
GL|2022Q1,lib_seeds_inflected,shortage,shortage,0
GL|2022Q1,lib_seeds_and_risk_inflected,shortage,shortage,0
GL|2022Q2,lib_inflected,material,exposure,10
GL|2022Q2,lib_seeds_inflected,material,exposure,10
GL|2022Q2,lib_seeds_and_risk_inflected,material,exposure,10
GL|2022Q3,lib_inflected,material,exposure,10
GL|2022Q3,lib_seeds_inflected,material,exposure,10
GL|2022Q3,lib_seeds_and_risk_inflected,material,exposure,10
GL|2022Q4,lib_inflected,material,exposure,10
GL|2022Q4,lib_seeds_inflected,material,exposure,10
GL|2022Q4,lib_seeds_and_risk_inflected,material,exposure,10
SAN|2019Q3,lib_inflected,material,risk,6
SAN|2019Q3,lib_seeds_inflected,material,risk,6
SAN|2019Q3,lib_seeds_and_risk_inflected,material,risk,6
SAN|2020Q3,lib_inflected,customers,risk,7
SAN|2020Q3,lib_seeds_inflected,customers,risk,7
SAN|2020Q3,lib_seeds_and_risk_inflected,customers,risk,7
SAN|2011Q1,lib_inflected,customers,concern,6
SAN|2011Q1,lib_seeds_inflected,customers,concern,6
SAN|2011Q1,lib_seeds_and_risk_inflected,customers,concern,6
SAN|2011Q3,lib_inflected,customers,exposure,6
SAN|2011Q3,lib_seeds_inflected,customers,exposure,6
SAN|2011Q3,lib_seeds_and_risk_inflected,customers,exposure,6
SLM|2012Q3,lib_inflected,inventory,contingency,2
SLM|2012Q3,lib_seeds_inflected,inventory,contingency,2
SLM|2012Q3,lib_seeds_and_risk_inflected,inventory,contingency,2
SLM|2013Q2,lib_inflected,inventory,contingency,1
SLM|2013Q2,lib_seeds_inflected,inventory,contingency,1
SLM|2013Q2,lib_seeds_and_risk_inflected,inventory,contingency,1
SLM|2018Q1,lib_inflected,customers,concern,3
SLM|2018Q1,lib_seeds_inflected,customers,concern,3
SLM|2018Q1,lib_seeds_and_risk_inflected,customers,concern,3
SAN|2023Q2,lib_inflected,customers,risk,4
SAN|2023Q2,lib_seeds_inflected,customers,risk,4
SAN|2023Q2,lib_seeds_and_risk_inflected,customers,risk,4
SLM|2010Q4,lib_inflected,customers,contingency,8
SLM|2010Q4,lib_seeds_inflected,customers,contingency,8
SLM|2010Q4,lib_seeds_and_risk_inflected,customers,contingency,8
SLM|2022Q4,lib_inflected,customers,risk,1
SLM|2022Q4,lib_seeds_inflected,customers,risk,1
SLM|2022Q4,lib_seeds_and_risk_inflected,customers,risk,1
SLM|2024Q2,lib_inflected,material,risk,7
SLM|2024Q2,lib_seeds_inflected,material,risk,7
SLM|2024Q2,lib_seeds_and_risk_inflected,material,risk,7
PNC|2011Q2,lib_inflected,customers,risk,5
PNC|2011Q2,lib_seeds_inflected,customers,risk,5
PNC|2011Q2,lib_seeds_and_risk_inflected,customers,risk,5
PNC|2012Q3,lib_inflected,customers,concerns,8
PNC|2012Q3,lib_seeds_inflected,customers,concerns,8
PNC|2012Q3,lib_seeds_and_risk_inflected,customers,concerns,8
PNC|2012Q4,lib_inflected,customers,risk,3
PNC|2012Q4,lib_seeds_inflected,customers,risk,3
PNC|2012Q4,lib_seeds_and_risk_inflected,customers,risk,3
GTY|2012Q4,lib_inflected,material,threat,1
GTY|2012Q4,lib_seeds_inflected,material,threat,1
GTY|2012Q4,lib_seeds_and_risk_inflected,material,threat,1
GTY|2013Q1,lib_inflected,order,volatility,5
GTY|2013Q1,lib_seeds_inflected,order,volatility,5
GTY|2013Q1,lib_seeds_and_risk_inflected,order,volatility,5
PNC|2016Q1,lib_inflected,customers,exposure,8
PNC|2016Q1,lib_seeds_inflected,customers,exposure,8
PNC|2016Q1,lib_seeds_and_risk_inflected,customers,exposure,8
PNC|2016Q2,lib_inflected,customers,risk,6
PNC|2016Q2,lib_seeds_inflected,customers,risk,6
PNC|2016Q2,lib_seeds_and_risk_inflected,customers,risk,6
PNC|2016Q3,lib_inflected,customers,risk,7
PNC|2016Q3,lib_seeds_inflected,customers,risk,7
PNC|2016Q3,lib_seeds_and_risk_inflected,customers,risk,7
PNC|2017Q4,lib_seeds_inflected,distribution,downside,3
PNC|2017Q4,lib_seeds_and_risk_inflected,distribution,downside,3
PNC|2020Q3,lib_inflected,customers,risk,6
PNC|2020Q3,lib_seeds_inflected,customers,risk,6
PNC|2020Q3,lib_seeds_and_risk_inflected,customers,risk,6
GTY|2022Q2,lib_inflected,material,risk,2
GTY|2022Q2,lib_seeds_inflected,material,risk,2
GTY|2022Q2,lib_seeds_and_risk_inflected,material,risk,2
GTY|2022Q3,lib_inflected,material,risk,2
GTY|2022Q3,lib_seeds_inflected,material,risk,2
GTY|2022Q3,lib_seeds_and_risk_inflected,material,risk,2
GTY|2022Q4,lib_inflected,material,risk,2
GTY|2022Q4,lib_seeds_inflected,material,risk,2
GTY|2022Q4,lib_seeds_and_risk_inflected,material,risk,2
GTY|2023Q4,lib_inflected,supply,risk,2
GTY|2023Q4,lib_seeds_inflected,supply,risk,2
GTY|2023Q4,lib_seeds_and_risk_inflected,supply,risk,2
BRT|2022Q1,lib_inflected,shortage,shortage,0
BRT|2022Q1,lib_seeds_inflected,shortage,shortage,0
BRT|2022Q1,lib_seeds_and_risk_inflected,shortage,shortage,0
BRT|2022Q2,lib_inflected,shortage,shortage,0
BRT|2022Q2,lib_seeds_inflected,shortage,shortage,0
BRT|2022Q2,lib_seeds_and_risk_inflected,shortage,shortage,0
FRT|2013Q1,lib_inflected,supply,concerns,1
FRT|2013Q1,lib_seeds_inflected,supply,concerns,1
FRT|2013Q1,lib_seeds_and_risk_inflected,supply,concerns,1
WY|2010Q1,lib_inflected,supply,disruptions,1
WY|2010Q1,lib_seeds_inflected,supply,disruptions,1
WY|2010Q1,lib_seeds_and_risk_inflected,supply,supply disruptions,0
WY|2010Q3,lib_inflected,inventory,uncertainty,8
WY|2010Q3,lib_seeds_inflected,inventory,uncertainty,8
WY|2010Q3,lib_seeds_and_risk_inflected,inventory,uncertainty,8
WY|2013Q4,lib_inflected,customers,concern,2
WY|2013Q4,lib_seeds_inflected,customers,concern,2
WY|2013Q4,lib_seeds_and_risk_inflected,customers,concern,2
WY|2014Q1,lib_inflected,supply,disruptions,3
WY|2014Q1,lib_seeds_inflected,supply,disruptions,3
WY|2014Q1,lib_seeds_and_risk_inflected,supply,disruptions,3
WY|2014Q3,lib_inflected,customers,concern,5
WY|2014Q3,lib_seeds_inflected,customers,concern,5
WY|2014Q3,lib_seeds_and_risk_inflected,customers,concern,5
WY|2015Q2,lib_inflected,inventory,uncertainty,5
WY|2015Q2,lib_seeds_inflected,inventory,uncertainty,5
WY|2015Q2,lib_seeds_and_risk_inflected,inventory,uncertainty,5
WY|2015Q3,lib_inflected,supply,risk,7
WY|2015Q3,lib_seeds_inflected,supply,risk,7
WY|2015Q3,lib_seeds_and_risk_inflected,supply,risk,7
WY|2017Q1,lib_inflected,supply,volatility,9
WY|2017Q1,lib_seeds_inflected,supply,volatility,9
WY|2017Q1,lib_seeds_and_risk_inflected,supply,volatility,9
PSA|2015Q1,lib_inflected,supply,concern,4
PSA|2015Q1,lib_seeds_inflected,supply,concern,4
PSA|2015Q1,lib_seeds_and_risk_inflected,supply,concern,4
WY|2018Q3,lib_inflected,supply,trade disputes,7
WY|2018Q3,lib_seeds_inflected,supply,trade disputes,7
WY|2018Q3,lib_seeds_and_risk_inflected,supply,trade disputes,7
WY|2019Q1,lib_inflected,customers,trade dispute,6
WY|2019Q1,lib_seeds_inflected,customers,trade dispute,6
WY|2019Q1,lib_seeds_and_risk_inflected,customers,trade dispute,6
WY|2019Q4,lib_inflected,supply,disruption,3
WY|2019Q4,lib_seeds_inflected,supply,disruption,3
WY|2019Q4,lib_seeds_and_risk_inflected,supply,disruption,3
PSA|2010Q3,lib_inflected,customers,susceptible,2
PSA|2010Q3,lib_seeds_inflected,customers,susceptible,2
PSA|2010Q3,lib_seeds_and_risk_inflected,customers,susceptible,2
PSA|2020Q4,lib_inflected,supply,risk,6
PSA|2020Q4,lib_seeds_inflected,supply,risk,6
PSA|2020Q4,lib_seeds_and_risk_inflected,supply,risk,6
PSA|2022Q3,lib_seeds_inflected,distributions,exposure,10
PSA|2022Q3,lib_seeds_and_risk_inflected,distributions,exposure,10
PSA|2022Q4,lib_seeds_inflected,distributions,exposure,10
PSA|2022Q4,lib_seeds_and_risk_inflected,distributions,exposure,10
HST|2013Q3,lib_inflected,supply,risks,1
HST|2013Q3,lib_seeds_inflected,supply,risks,1
HST|2013Q3,lib_seeds_and_risk_inflected,supply,risks,1
HST|2014Q3,lib_inflected,order,exposure,10
HST|2014Q3,lib_seeds_inflected,order,exposure,10
HST|2014Q3,lib_seeds_and_risk_inflected,order,exposure,10
HST|2015Q2,lib_inflected,supply,concern,6
HST|2015Q2,lib_seeds_inflected,supply,concern,6
HST|2015Q2,lib_seeds_and_risk_inflected,supply,concern,6
HST|2015Q3,lib_inflected,supply,concern,2
HST|2015Q3,lib_seeds_inflected,supply,concern,2
HST|2015Q3,lib_seeds_and_risk_inflected,supply,concern,2
HST|2015Q4,lib_inflected,supply,disruptions,3
HST|2015Q4,lib_seeds_inflected,supply,disruptions,3
HST|2015Q4,lib_seeds_and_risk_inflected,supply,disruptions,3
HST|2016Q1,lib_inflected,shortage,shortage,0
HST|2016Q1,lib_seeds_inflected,shortage,shortage,0
HST|2016Q1,lib_seeds_and_risk_inflected,shortage,shortage,0
HST|2016Q3,lib_inflected,supply,exposure,2
HST|2016Q3,lib_seeds_inflected,supply,exposure,2
HST|2016Q3,lib_seeds_and_risk_inflected,supply,exposure,2
HST|2020Q2,lib_seeds_and_risk_inflected,supply,demand shocks,4
ALX|2023Q2,lib_inflected,shortage,shortage,0
ALX|2023Q2,lib_seeds_inflected,shortage,shortage,0
ALX|2023Q2,lib_seeds_and_risk_inflected,shortage,shortage,0
ALX|2024Q4,lib_inflected,shortage,shortage,0
ALX|2024Q4,lib_seeds_inflected,shortage,shortage,0
ALX|2024Q4,lib_seeds_and_risk_inflected,shortage,shortage,0
BDN|2011Q1,lib_inflected,shortage,shortage,0
BDN|2011Q1,lib_seeds_inflected,shortage,shortage,0
BDN|2011Q1,lib_seeds_and_risk_inflected,shortage,shortage,0
BXMT|2011Q4,lib_inflected,material,risks,1
BXMT|2011Q4,lib_seeds_inflected,material,risks,1
BXMT|2011Q4,lib_seeds_and_risk_inflected,material,risks,1
BXMT|2012Q1,lib_inflected,material,risk,1
BXMT|2012Q1,lib_seeds_inflected,material,risk,1
BXMT|2012Q1,lib_seeds_and_risk_inflected,material,risk,1
BDN|2011Q4,lib_inflected,order,exposure,5
BDN|2011Q4,lib_seeds_inflected,order,exposure,5
BDN|2011Q4,lib_seeds_and_risk_inflected,order,exposure,5
BDN|2012Q3,lib_inflected,order,uncertainty,3
BDN|2012Q3,lib_seeds_inflected,order,uncertainty,3
BDN|2012Q3,lib_seeds_and_risk_inflected,order,uncertainty,3
BDN|2014Q1,lib_inflected,inventory,exposure,3
BDN|2014Q1,lib_seeds_inflected,inventory,exposure,3
BDN|2014Q1,lib_seeds_and_risk_inflected,inventory,exposure,3
BDN|2014Q2,lib_inflected,shortage,shortage,0
BDN|2014Q2,lib_seeds_inflected,shortage,shortage,0
BDN|2014Q2,lib_seeds_and_risk_inflected,shortage,shortage,0
BDN|2016Q3,lib_inflected,inventory,risk,1
BDN|2016Q3,lib_seeds_inflected,inventory,risk,1
BDN|2016Q3,lib_seeds_and_risk_inflected,inventory,risk,1
BDN|2018Q1,lib_inflected,supply,risk,1
BDN|2018Q1,lib_seeds_inflected,supply,risk,1
BDN|2018Q1,lib_seeds_and_risk_inflected,supply,risk,1
BDN|2018Q3,lib_inflected,inventory,exposure,10
BDN|2018Q3,lib_seeds_inflected,inventory,exposure,10
BDN|2018Q3,lib_seeds_and_risk_inflected,inventory,exposure,10
BDN|2021Q1,lib_seeds_and_risk_inflected,pipeline,geographic concentrations,5
BDN|2022Q1,lib_inflected,supply,disruption,3
BDN|2022Q1,lib_seeds_inflected,supply,disruption,3
BDN|2022Q1,lib_seeds_and_risk_inflected,supply,disruption,3
BDN|2024Q3,lib_inflected,material,risk,3
BDN|2024Q3,lib_seeds_inflected,material,risk,3
BDN|2024Q3,lib_seeds_and_risk_inflected,material,risk,3
BXMT|2015Q3,lib_inflected,supply,volatility,7
BXMT|2015Q3,lib_seeds_inflected,supply,volatility,7
BXMT|2015Q3,lib_seeds_and_risk_inflected,supply,volatility,7
BXMT|2017Q3,lib_inflected,shortage,shortage,0
BXMT|2017Q3,lib_seeds_inflected,shortage,shortage,0
BXMT|2017Q3,lib_seeds_and_risk_inflected,shortage,shortage,0
BXMT|2020Q3,lib_inflected,material,risk,1
BXMT|2020Q3,lib_seeds_inflected,material,risk,1
BXMT|2020Q3,lib_seeds_and_risk_inflected,material,risk,1
BXMT|2021Q4,lib_seeds_inflected,logistics,exposure,5
BXMT|2021Q4,lib_seeds_and_risk_inflected,logistics,exposure,5
DOC|2015Q2,lib_seeds_and_risk_inflected,pipeline,downsides,10
DOC|2016Q1,lib_inflected,supply,risk,7
DOC|2016Q1,lib_seeds_inflected,supply,risk,7
DOC|2016Q1,lib_seeds_and_risk_inflected,supply,risk,7
DOC|2016Q3,lib_inflected,supply,threat,1
DOC|2016Q3,lib_seeds_inflected,supply,threat,1
DOC|2016Q3,lib_seeds_and_risk_inflected,supply,threat,1
DOC|2017Q2,lib_inflected,material,concerns,1
DOC|2017Q2,lib_seeds_inflected,material,concerns,1
DOC|2017Q2,lib_seeds_and_risk_inflected,material,concerns,1
DOC|2013Q1,lib_inflected,shortage,shortage,0
DOC|2013Q1,lib_seeds_inflected,shortage,shortage,0
DOC|2013Q1,lib_seeds_and_risk_inflected,shortage,shortage,0
DOC|2020Q4,lib_inflected,order,extreme weather,6
DOC|2020Q4,lib_seeds_inflected,order,extreme weather,6
DOC|2020Q4,lib_seeds_and_risk_inflected,order,extreme weather,6
DOC|2018Q2,lib_inflected,shortage,shortage,0
DOC|2018Q2,lib_seeds_inflected,shortage,shortage,0
DOC|2018Q2,lib_seeds_and_risk_inflected,shortage,shortage,0
DOC|2012Q1,lib_inflected,order,concerns,2
DOC|2012Q1,lib_seeds_inflected,order,concerns,2
DOC|2012Q1,lib_seeds_and_risk_inflected,order,concerns,2
VNO|2012Q2,lib_inflected,supply,uncertainty,8
VNO|2012Q2,lib_seeds_inflected,supply,uncertainty,8
VNO|2012Q2,lib_seeds_and_risk_inflected,supply,uncertainty,8
VNO|2018Q1,lib_inflected,shortage,shortage,0
VNO|2018Q1,lib_seeds_inflected,shortage,shortage,0
VNO|2018Q1,lib_seeds_and_risk_inflected,shortage,shortage,0
VNO|2023Q2,lib_inflected,shortage,shortage,0
VNO|2023Q2,lib_seeds_inflected,shortage,shortage,0
VNO|2023Q2,lib_seeds_and_risk_inflected,shortage,shortage,0
VNO|2024Q1,lib_inflected,shortage,shortage,0
VNO|2024Q1,lib_seeds_inflected,shortage,shortage,0
VNO|2024Q1,lib_seeds_and_risk_inflected,shortage,shortage,0
VNO|2024Q3,lib_inflected,supply,concerns,9
VNO|2024Q3,lib_seeds_inflected,supply,concerns,9
VNO|2024Q3,lib_seeds_and_risk_inflected,supply,concerns,9
VNO|2024Q4,lib_inflected,shortage,shortage,0
VNO|2024Q4,lib_seeds_inflected,shortage,shortage,0
VNO|2024Q4,lib_seeds_and_risk_inflected,shortage,shortage,0
DX|2012Q3,lib_inflected,order,risk,2
DX|2012Q3,lib_seeds_inflected,order,risk,2
DX|2012Q3,lib_seeds_and_risk_inflected,order,risk,2
DX|2022Q3,lib_inflected,shortage,shortage,0
DX|2022Q3,lib_seeds_inflected,shortage,shortage,0
DX|2022Q3,lib_seeds_and_risk_inflected,shortage,shortage,0
DX|2013Q2,lib_inflected,supply,uncertainty,2
DX|2013Q2,lib_seeds_inflected,supply,uncertainty,2
DX|2013Q2,lib_seeds_and_risk_inflected,supply,uncertainty,2
DX|2014Q3,lib_inflected,order,risky,6
DX|2014Q3,lib_seeds_inflected,order,risky,6
DX|2014Q3,lib_seeds_and_risk_inflected,order,risky,6
VNO|2018Q4,lib_inflected,shortage,shortage,0
VNO|2018Q4,lib_seeds_inflected,shortage,shortage,0
VNO|2018Q4,lib_seeds_and_risk_inflected,shortage,shortage,0
DX|2022Q4,lib_inflected,supply,risk,9
DX|2022Q4,lib_seeds_inflected,distributions,risk,3
DX|2022Q4,lib_seeds_and_risk_inflected,distributions,risk,3
DX|2023Q4,lib_inflected,supply,volatility,6
DX|2023Q4,lib_seeds_inflected,purchasing,volatility,5
DX|2023Q4,lib_seeds_and_risk_inflected,purchasing,volatility,5
UDR|2011Q2,lib_inflected,supply,threat,4
UDR|2011Q2,lib_seeds_inflected,supply,threat,4
UDR|2011Q2,lib_seeds_and_risk_inflected,supply,threat,4
UDR|2013Q2,lib_inflected,supply,concerns,2
UDR|2013Q2,lib_seeds_inflected,supply,concerns,2
UDR|2013Q2,lib_seeds_and_risk_inflected,supply,concerns,2
UDR|2014Q2,lib_inflected,shortage,shortage,0
UDR|2014Q2,lib_seeds_inflected,shortage,shortage,0
UDR|2014Q2,lib_seeds_and_risk_inflected,shortage,shortage,0
UDR|2014Q3,lib_inflected,shortage,shortage,0
UDR|2014Q3,lib_seeds_inflected,shortage,shortage,0
UDR|2014Q3,lib_seeds_and_risk_inflected,shortage,shortage,0
FRPH|2020Q3,lib_inflected,shortage,shortage,0
FRPH|2020Q3,lib_seeds_inflected,shortage,shortage,0
FRPH|2020Q3,lib_seeds_and_risk_inflected,shortage,shortage,0
UDR|2016Q1,lib_inflected,order,risk,6
UDR|2016Q1,lib_seeds_inflected,order,risk,6
UDR|2016Q1,lib_seeds_and_risk_inflected,order,risk,6
UDR|2016Q4,lib_inflected,supply,exposure,5
UDR|2016Q4,lib_seeds_inflected,supply,exposure,5
UDR|2016Q4,lib_seeds_and_risk_inflected,supply,exposure,5
UDR|2017Q1,lib_inflected,supply,exposure,8
UDR|2017Q1,lib_seeds_inflected,supply,exposure,8
UDR|2017Q1,lib_seeds_and_risk_inflected,supply,exposure,8
UDR|2018Q1,lib_inflected,shortage,shortage,0
UDR|2018Q1,lib_seeds_inflected,shortage,shortage,0
UDR|2018Q1,lib_seeds_and_risk_inflected,shortage,shortage,0
UDR|2018Q2,lib_inflected,order,risk,5
UDR|2018Q2,lib_seeds_inflected,order,risk,5
UDR|2018Q2,lib_seeds_and_risk_inflected,order,risk,5
CUZ|2012Q2,lib_inflected,supply,risk,3
CUZ|2012Q2,lib_seeds_inflected,supply,risk,3
CUZ|2012Q2,lib_seeds_and_risk_inflected,supply,risk,3
UDR|2022Q3,lib_inflected,supply,exposure,4
UDR|2022Q3,lib_seeds_inflected,supply,exposure,4
UDR|2022Q3,lib_seeds_and_risk_inflected,supply,exposure,4
UDR|2023Q1,lib_inflected,supply,risk,3
UDR|2023Q1,lib_seeds_inflected,supply,risk,3
UDR|2023Q1,lib_seeds_and_risk_inflected,supply,risk,3
UDR|2023Q4,lib_inflected,supply,uncertainty,7
UDR|2023Q4,lib_seeds_inflected,supply,uncertainty,7
UDR|2023Q4,lib_seeds_and_risk_inflected,supply,uncertainty,7
UDR|2021Q3,lib_inflected,subcontractor,risk,6
UDR|2021Q3,lib_seeds_inflected,subcontractor,risk,6
UDR|2021Q3,lib_seeds_and_risk_inflected,subcontractor,risk,6
CUZ|2014Q2,lib_inflected,supply,concern,4
CUZ|2014Q2,lib_seeds_inflected,supply,concern,4
CUZ|2014Q2,lib_seeds_and_risk_inflected,supply,concern,4
CUZ|2014Q3,lib_inflected,supply,threat,2
CUZ|2014Q3,lib_seeds_inflected,supply,threat,2
CUZ|2014Q3,lib_seeds_and_risk_inflected,supply,threat,2
NHI|2012Q2,lib_inflected,shortage,shortage,0
NHI|2012Q2,lib_seeds_inflected,shortage,shortage,0
NHI|2012Q2,lib_seeds_and_risk_inflected,shortage,shortage,0
NNN|2021Q3,lib_inflected,shortage,labor shortage,0
NNN|2021Q3,lib_seeds_inflected,shortage,labor shortage,0
NNN|2021Q3,lib_seeds_and_risk_inflected,shortage,labor shortage,0
NHI|2014Q3,lib_inflected,supply,threat,3
NHI|2014Q3,lib_seeds_inflected,supply,threat,3
NHI|2014Q3,lib_seeds_and_risk_inflected,supply,threat,3
NHI|2020Q1,lib_inflected,material,uncertainties,1
NHI|2020Q1,lib_seeds_inflected,material,uncertainties,1
NHI|2020Q1,lib_seeds_and_risk_inflected,material,uncertainties,1
NHI|2023Q4,lib_inflected,shortage,shortage,0
NHI|2023Q4,lib_seeds_inflected,shortage,shortage,0
NHI|2023Q4,lib_seeds_and_risk_inflected,shortage,shortage,0
NHI|2018Q2,lib_inflected,supply,concerns,3
NHI|2018Q2,lib_seeds_inflected,supply,concerns,3
NHI|2018Q2,lib_seeds_and_risk_inflected,supply,concerns,3
NHI|2015Q4,lib_inflected,shortage,shortage,0
NHI|2015Q4,lib_seeds_inflected,shortage,shortage,0
NHI|2015Q4,lib_seeds_and_risk_inflected,shortage,shortage,0
RHP|2015Q1,lib_seeds_inflected,distributions,disruptions,4
RHP|2015Q1,lib_seeds_and_risk_inflected,distributions,disruptions,4
RHP|2016Q3,lib_inflected,supply,concerns,3
RHP|2016Q3,lib_seeds_inflected,supply,concerns,3
RHP|2016Q3,lib_seeds_and_risk_inflected,supply,concerns,3
RHP|2017Q1,lib_inflected,supply,volatility,5
RHP|2017Q1,lib_seeds_inflected,supply,volatility,5
RHP|2017Q1,lib_seeds_and_risk_inflected,supply,volatility,5
RHP|2018Q2,lib_inflected,material,risk,1
RHP|2018Q2,lib_seeds_inflected,material,risk,1
RHP|2018Q2,lib_seeds_and_risk_inflected,material,risk,1
RHP|2019Q2,lib_inflected,supply,threat,5
RHP|2019Q2,lib_seeds_inflected,supply,threat,5
RHP|2019Q2,lib_seeds_and_risk_inflected,supply,threat,5
RHP|2020Q4,lib_inflected,material,uncertain,5
RHP|2020Q4,lib_seeds_inflected,material,uncertain,5
RHP|2020Q4,lib_seeds_and_risk_inflected,material,uncertain,5
RHP|2021Q3,lib_inflected,shortage,shortage,0
RHP|2021Q3,lib_seeds_inflected,shortage,shortage,0
RHP|2021Q3,lib_seeds_and_risk_inflected,shortage,shortage,0
KIM|2010Q1,lib_inflected,shortage,shortage,0
KIM|2010Q1,lib_seeds_inflected,shortage,shortage,0
KIM|2010Q1,lib_seeds_and_risk_inflected,shortage,shortage,0
KIM|2011Q2,lib_inflected,shortage,shortage,0
KIM|2011Q2,lib_seeds_inflected,shortage,shortage,0
KIM|2011Q2,lib_seeds_and_risk_inflected,shortage,shortage,0
KIM|2012Q4,lib_inflected,shortage,shortage,0
KIM|2012Q4,lib_seeds_inflected,shortage,shortage,0
KIM|2012Q4,lib_seeds_and_risk_inflected,shortage,shortage,0
JOE|2012Q3,lib_inflected,shortage,shortage,0
JOE|2012Q3,lib_seeds_inflected,shortage,shortage,0
JOE|2012Q3,lib_seeds_and_risk_inflected,shortage,shortage,0
JOE|2013Q1,lib_inflected,shortage,shortage,0
JOE|2013Q1,lib_seeds_inflected,shortage,shortage,0
JOE|2013Q1,lib_seeds_and_risk_inflected,shortage,shortage,0
KIM|2023Q4,lib_inflected,supply,risk,3
KIM|2023Q4,lib_seeds_inflected,supply,risk,3
KIM|2023Q4,lib_seeds_and_risk_inflected,supply,risk,3
KIM|2019Q4,lib_inflected,shortage,shortage,0
KIM|2019Q4,lib_seeds_inflected,shortage,shortage,0
KIM|2019Q4,lib_seeds_and_risk_inflected,shortage,shortage,0
CDP|2017Q1,lib_inflected,material,uncertain,6
CDP|2017Q1,lib_seeds_inflected,material,uncertain,6
CDP|2017Q1,lib_seeds_and_risk_inflected,material,uncertain,6
ELME|2013Q2,lib_inflected,material,exposure,9
ELME|2013Q2,lib_seeds_inflected,material,exposure,9
ELME|2013Q2,lib_seeds_and_risk_inflected,material,exposure,9
ELME|2014Q1,lib_inflected,supply,concerns,1
ELME|2014Q1,lib_seeds_inflected,supply,concerns,1
ELME|2014Q1,lib_seeds_and_risk_inflected,supply,concerns,1
ELME|2018Q2,lib_inflected,shortage,shortage,0
ELME|2018Q2,lib_seeds_inflected,shortage,shortage,0
ELME|2018Q2,lib_seeds_and_risk_inflected,shortage,shortage,0
ELME|2018Q3,lib_inflected,shortage,shortage,0
ELME|2018Q3,lib_seeds_inflected,shortage,shortage,0
ELME|2018Q3,lib_seeds_and_risk_inflected,shortage,shortage,0
ELME|2020Q3,lib_inflected,shortage,shortage,0
ELME|2020Q3,lib_seeds_inflected,shortage,shortage,0
ELME|2020Q3,lib_seeds_and_risk_inflected,shortage,shortage,0
ELME|2022Q1,lib_inflected,shortage,shortage,0
ELME|2022Q1,lib_seeds_inflected,shortage,shortage,0
ELME|2022Q1,lib_seeds_and_risk_inflected,shortage,shortage,0
ELME|2022Q4,lib_inflected,supply,exposure,7
ELME|2022Q4,lib_seeds_inflected,supply,exposure,7
ELME|2022Q4,lib_seeds_and_risk_inflected,supply,exposure,7
ELME|2023Q1,lib_inflected,order,risk,2
ELME|2023Q1,lib_seeds_inflected,order,risk,2
ELME|2023Q1,lib_seeds_and_risk_inflected,order,risk,2
ELME|2023Q3,lib_inflected,supply,risk,1
ELME|2023Q3,lib_seeds_inflected,supply,risk,1
ELME|2023Q3,lib_seeds_and_risk_inflected,supply,risk,1
ELME|2023Q4,lib_inflected,supply,exposure,5
ELME|2023Q4,lib_seeds_inflected,supply,exposure,5
ELME|2023Q4,lib_seeds_and_risk_inflected,supply,exposure,5
ELME|2015Q4,lib_seeds_inflected,distribution,volatility,9
ELME|2015Q4,lib_seeds_and_risk_inflected,distribution,volatility,9
ELME|2016Q1,lib_inflected,buyer,risk,8
ELME|2016Q1,lib_seeds_inflected,buyer,risk,8
ELME|2016Q1,lib_seeds_and_risk_inflected,buyer,risk,8
ELME|2016Q4,lib_inflected,supply,exposure,5
ELME|2016Q4,lib_seeds_inflected,supply,exposure,5
ELME|2016Q4,lib_seeds_and_risk_inflected,supply,exposure,5
ELME|2017Q4,lib_inflected,shortage,shortage,0
ELME|2017Q4,lib_seeds_inflected,shortage,shortage,0
ELME|2017Q4,lib_seeds_and_risk_inflected,shortage,shortage,0
ELME|2018Q1,lib_inflected,shortage,shortage,0
ELME|2018Q1,lib_seeds_inflected,shortage,shortage,0
ELME|2018Q1,lib_seeds_and_risk_inflected,shortage,shortage,0
EGP|2013Q2,lib_inflected,supply,concern,3
EGP|2013Q2,lib_seeds_inflected,supply,concern,3
EGP|2013Q2,lib_seeds_and_risk_inflected,supply,concern,3
EGP|2013Q3,lib_inflected,supply,concerns,2
EGP|2013Q3,lib_seeds_inflected,supply,concerns,2
EGP|2013Q3,lib_seeds_and_risk_inflected,supply,concerns,2
EGP|2014Q3,lib_inflected,supply,concern,1
EGP|2014Q3,lib_seeds_inflected,supply,concern,1
EGP|2014Q3,lib_seeds_and_risk_inflected,supply,concern,1
EGP|2023Q1,lib_inflected,supply,concern,6
EGP|2023Q1,lib_seeds_inflected,supply,concern,6
EGP|2023Q1,lib_seeds_and_risk_inflected,supply,concern,6
OHI|2016Q4,lib_inflected,shortage,shortage,0
OHI|2016Q4,lib_seeds_inflected,shortage,shortage,0
OHI|2016Q4,lib_seeds_and_risk_inflected,shortage,shortage,0
EGP|2015Q4,lib_inflected,buyer,risk,3
EGP|2015Q4,lib_seeds_inflected,buyer,risk,3
EGP|2015Q4,lib_seeds_and_risk_inflected,buyer,risk,3
EGP|2017Q3,lib_inflected,shortage,labor shortage,0
EGP|2017Q3,lib_seeds_inflected,shortage,labor shortage,0
EGP|2017Q3,lib_seeds_and_risk_inflected,shortage,labor shortage,0
EGP|2021Q2,lib_inflected,shortage,labor shortage,0
EGP|2021Q2,lib_seeds_inflected,shortage,labor shortage,0
EGP|2021Q2,lib_seeds_and_risk_inflected,shortage,labor shortage,0
LTC|2014Q4,lib_inflected,supply,concern,5
LTC|2014Q4,lib_seeds_inflected,supply,concern,5
LTC|2014Q4,lib_seeds_and_risk_inflected,supply,concern,5
LTC|2016Q2,lib_inflected,supply,concerns,1
LTC|2016Q2,lib_seeds_inflected,supply,concerns,1
LTC|2016Q2,lib_seeds_and_risk_inflected,supply,concerns,1
LTC|2016Q3,lib_inflected,supply,threats,3
LTC|2016Q3,lib_seeds_inflected,supply,threats,3
LTC|2016Q3,lib_seeds_and_risk_inflected,supply,threats,3
LTC|2017Q2,lib_inflected,order,exposure,6
LTC|2017Q2,lib_seeds_inflected,order,exposure,6
LTC|2017Q2,lib_seeds_and_risk_inflected,order,exposure,6
CTO|2022Q4,lib_inflected,supply,disruptions,2
CTO|2022Q4,lib_seeds_inflected,supply chain,disruptions,1
CTO|2022Q4,lib_seeds_and_risk_inflected,supply,supply chain disruptions,0
CTO|2024Q1,lib_inflected,buyer,risk,3
CTO|2024Q1,lib_seeds_inflected,buyer,risk,3
CTO|2024Q1,lib_seeds_and_risk_inflected,buyer,risk,3
ELS|2012Q2,lib_inflected,customers,exposure,3
ELS|2012Q2,lib_seeds_inflected,customers,exposure,3
ELS|2012Q2,lib_seeds_and_risk_inflected,customers,exposure,3
ELS|2020Q2,lib_inflected,customers,risks,3
ELS|2020Q2,lib_seeds_inflected,customers,risks,3
ELS|2020Q2,lib_seeds_and_risk_inflected,customers,risks,3
ELS|2020Q4,lib_inflected,customers,concerns,3
ELS|2020Q4,lib_seeds_inflected,customers,concerns,3
ELS|2020Q4,lib_seeds_and_risk_inflected,customers,concerns,3
ELS|2021Q3,lib_inflected,shortage,shortage,0
ELS|2021Q3,lib_seeds_inflected,shortage,shortage,0
ELS|2021Q3,lib_seeds_and_risk_inflected,shortage,shortage,0
HR|2017Q2,lib_inflected,order,exposure,8
HR|2017Q2,lib_seeds_inflected,order,exposure,8
HR|2017Q2,lib_seeds_and_risk_inflected,order,exposure,8
HR|2013Q3,lib_inflected,shortage,shortage,0
HR|2013Q3,lib_seeds_inflected,shortage,shortage,0
HR|2013Q3,lib_seeds_and_risk_inflected,shortage,shortage,0
HR|2013Q4,lib_inflected,shortage,shortage,0
HR|2013Q4,lib_seeds_inflected,shortage,shortage,0
HR|2013Q4,lib_seeds_and_risk_inflected,shortage,shortage,0
HR|2014Q1,lib_inflected,shortage,shortage,0
HR|2014Q1,lib_seeds_inflected,shortage,shortage,0
HR|2014Q1,lib_seeds_and_risk_inflected,shortage,shortage,0
HR|2018Q3,lib_inflected,supply,risk,9
HR|2018Q3,lib_seeds_inflected,supply,risk,9
HR|2018Q3,lib_seeds_and_risk_inflected,supply,risk,9
HR|2021Q1,lib_inflected,order,risk,4
HR|2021Q1,lib_seeds_inflected,order,risk,4
HR|2021Q1,lib_seeds_and_risk_inflected,order,risk,4
SKT|2012Q3,lib_seeds_inflected,distribution,risks,10
SKT|2012Q3,lib_seeds_and_risk_inflected,distribution,risks,10
SKT|2013Q1,lib_seeds_inflected,distribution,risks,10
SKT|2013Q1,lib_seeds_and_risk_inflected,distribution,risks,10
SKT|2013Q2,lib_seeds_inflected,distribution,risks,10
SKT|2013Q2,lib_seeds_and_risk_inflected,distribution,risks,10
SKT|2013Q3,lib_seeds_inflected,distribution,risks,10
SKT|2013Q3,lib_seeds_and_risk_inflected,distribution,risks,10
SKT|2013Q4,lib_seeds_inflected,distribution,risks,10
SKT|2013Q4,lib_seeds_and_risk_inflected,distribution,risks,10
SKT|2014Q1,lib_inflected,channel,concerns,7
SKT|2014Q1,lib_seeds_inflected,channel,concerns,7
SKT|2014Q1,lib_seeds_and_risk_inflected,channel,concerns,7
SKT|2014Q2,lib_seeds_inflected,distribution,risks,10
SKT|2014Q2,lib_seeds_and_risk_inflected,distribution,risks,10
SKT|2014Q3,lib_seeds_inflected,distribution,risks,10
SKT|2014Q3,lib_seeds_and_risk_inflected,distribution,risks,10
SKT|2010Q1,lib_seeds_inflected,distribution,risks,10
SKT|2010Q1,lib_seeds_and_risk_inflected,distribution,risks,10
SKT|2010Q2,lib_seeds_inflected,distribution,risks,10
SKT|2010Q2,lib_seeds_and_risk_inflected,distribution,risks,10
SKT|2010Q3,lib_seeds_inflected,distribution,risks,10
SKT|2010Q3,lib_seeds_and_risk_inflected,distribution,risks,10
SKT|2011Q4,lib_seeds_inflected,distribution,risks,10
SKT|2011Q4,lib_seeds_and_risk_inflected,distribution,risks,10
SKT|2012Q1,lib_seeds_inflected,distribution,risks,10
SKT|2012Q1,lib_seeds_and_risk_inflected,distribution,risks,10
SKT|2012Q2,lib_seeds_inflected,distribution,risks,10
SKT|2012Q2,lib_seeds_and_risk_inflected,distribution,risks,10
AKR|2010Q1,lib_inflected,shortage,shortage,0
AKR|2010Q1,lib_seeds_inflected,shortage,shortage,0
AKR|2010Q1,lib_seeds_and_risk_inflected,shortage,shortage,0
AKR|2020Q4,lib_seeds_inflected,distribution,exposure,9
AKR|2020Q4,lib_seeds_and_risk_inflected,distribution,exposure,9
SKT|2014Q4,lib_seeds_inflected,distribution,risks,10
SKT|2014Q4,lib_seeds_and_risk_inflected,distribution,risks,10
CPT|2011Q4,lib_inflected,supply,concern,3
CPT|2011Q4,lib_seeds_inflected,supply,concern,3
CPT|2011Q4,lib_seeds_and_risk_inflected,supply,concern,3
CPT|2012Q2,lib_inflected,supply,threat,4
CPT|2012Q2,lib_seeds_inflected,supply,threat,4
CPT|2012Q2,lib_seeds_and_risk_inflected,supply,threat,4
CPT|2012Q4,lib_inflected,supply,concerns,4
CPT|2012Q4,lib_seeds_inflected,supply,concerns,4
CPT|2012Q4,lib_seeds_and_risk_inflected,supply,concerns,4
CPT|2024Q2,lib_inflected,supply,concerns,1
CPT|2024Q2,lib_seeds_inflected,supply,concerns,1
CPT|2024Q2,lib_seeds_and_risk_inflected,supply,concerns,1
CPT|2024Q4,lib_inflected,supply,risk,3
CPT|2024Q4,lib_seeds_inflected,supply,risk,3
CPT|2024Q4,lib_seeds_and_risk_inflected,supply,risk,3
LXP|2010Q1,lib_inflected,shortage,shortage,0
LXP|2010Q1,lib_seeds_inflected,shortage,shortage,0
LXP|2010Q1,lib_seeds_and_risk_inflected,shortage,shortage,0
CPT|2013Q1,lib_inflected,supply,concerns,1
CPT|2013Q1,lib_seeds_inflected,supply,concerns,1
CPT|2013Q1,lib_seeds_and_risk_inflected,supply,concerns,1
CPT|2013Q4,lib_inflected,shortage,shortage,0
CPT|2013Q4,lib_seeds_inflected,shortage,shortage,0
CPT|2013Q4,lib_seeds_and_risk_inflected,shortage,shortage,0
CPT|2017Q4,lib_inflected,supply,concern,9
CPT|2017Q4,lib_seeds_inflected,supply,concern,9
CPT|2017Q4,lib_seeds_and_risk_inflected,supply,concern,9
CPT|2018Q4,lib_inflected,supply,concern,1
CPT|2018Q4,lib_seeds_inflected,supply,concern,1
CPT|2018Q4,lib_seeds_and_risk_inflected,supply,concern,1
CPT|2019Q2,lib_inflected,shortage,shortage,0
CPT|2019Q2,lib_seeds_inflected,shortage,shortage,0
CPT|2019Q2,lib_seeds_and_risk_inflected,shortage,shortage,0
LXP|2023Q1,lib_inflected,shortage,shortage,0
LXP|2023Q1,lib_seeds_inflected,shortage,shortage,0
LXP|2023Q1,lib_seeds_and_risk_inflected,shortage,shortage,0
CPT|2020Q2,lib_inflected,customers,uncertain,5
CPT|2020Q2,lib_seeds_inflected,customers,uncertain,5
CPT|2020Q2,lib_seeds_and_risk_inflected,customers,uncertain,5
CPT|2021Q2,lib_inflected,shortage,shortage,0
CPT|2021Q2,lib_seeds_inflected,shortage,shortage,0
CPT|2021Q2,lib_seeds_and_risk_inflected,shortage,shortage,0
CPT|2022Q1,lib_inflected,supply,concerns,3
CPT|2022Q1,lib_seeds_inflected,supply,concerns,3
CPT|2022Q1,lib_seeds_and_risk_inflected,supply,concerns,3
CPT|2022Q3,lib_inflected,supply,risk,3
CPT|2022Q3,lib_seeds_inflected,supply,risk,3
CPT|2022Q3,lib_seeds_and_risk_inflected,supply,risk,3
CPT|2023Q2,lib_inflected,shortage,shortage,0
CPT|2023Q2,lib_seeds_inflected,shortage,shortage,0
CPT|2023Q2,lib_seeds_and_risk_inflected,shortage,shortage,0
CPT|2024Q1,lib_inflected,supply,concerns,1
CPT|2024Q1,lib_seeds_inflected,supply,concerns,1
CPT|2024Q1,lib_seeds_and_risk_inflected,supply,concerns,1
LXP|2023Q4,lib_inflected,supply,risk,1
LXP|2023Q4,lib_seeds_inflected,supply,risk,1
LXP|2023Q4,lib_seeds_and_risk_inflected,supply,risk,1
LXP|2024Q1,lib_inflected,supply,disruptions,2
LXP|2024Q1,lib_seeds_inflected,supply chain,disruptions,1
LXP|2024Q1,lib_seeds_and_risk_inflected,supply,supply chain disruptions,0
REG|2013Q2,lib_inflected,buyer,risk,8
REG|2013Q2,lib_seeds_inflected,buyer,risk,8
REG|2013Q2,lib_seeds_and_risk_inflected,buyer,risk,8
REG|2014Q4,lib_inflected,supply,exposure,6
REG|2014Q4,lib_seeds_inflected,supply,exposure,6
REG|2014Q4,lib_seeds_and_risk_inflected,supply,exposure,6
UMH|2015Q3,lib_inflected,shortage,shortage,0
UMH|2015Q3,lib_seeds_inflected,shortage,shortage,0
UMH|2015Q3,lib_seeds_and_risk_inflected,shortage,shortage,0
UMH|2016Q3,lib_inflected,shortage,shortage,0
UMH|2016Q3,lib_seeds_inflected,shortage,shortage,0
UMH|2016Q3,lib_seeds_and_risk_inflected,shortage,shortage,0
UMH|2017Q1,lib_inflected,shortage,shortage,0
UMH|2017Q1,lib_seeds_inflected,shortage,shortage,0
UMH|2017Q1,lib_seeds_and_risk_inflected,shortage,shortage,0
UMH|2018Q1,lib_inflected,shortage,shortage,0
UMH|2018Q1,lib_seeds_inflected,shortage,shortage,0
UMH|2018Q1,lib_seeds_and_risk_inflected,shortage,shortage,0
UMH|2018Q3,lib_inflected,shortage,shortage,0
UMH|2018Q3,lib_seeds_inflected,shortage,shortage,0
UMH|2018Q3,lib_seeds_and_risk_inflected,shortage,shortage,0
REG|2015Q2,lib_inflected,shortage,shortage,0
REG|2015Q2,lib_seeds_inflected,shortage,shortage,0
REG|2015Q2,lib_seeds_and_risk_inflected,shortage,shortage,0
REG|2016Q3,lib_inflected,shortage,shortage,0
REG|2016Q3,lib_seeds_inflected,shortage,shortage,0
REG|2016Q3,lib_seeds_and_risk_inflected,shortage,shortage,0
UMH|2018Q4,lib_inflected,shortage,shortage,0
UMH|2018Q4,lib_seeds_inflected,shortage,shortage,0
UMH|2018Q4,lib_seeds_and_risk_inflected,shortage,shortage,0
UMH|2019Q2,lib_inflected,shortage,shortage,0
UMH|2019Q2,lib_seeds_inflected,shortage,shortage,0
UMH|2019Q2,lib_seeds_and_risk_inflected,shortage,shortage,0
UMH|2019Q3,lib_inflected,shortage,shortage,0
UMH|2019Q3,lib_seeds_inflected,shortage,shortage,0
UMH|2019Q3,lib_seeds_and_risk_inflected,shortage,shortage,0
UMH|2021Q1,lib_inflected,shortage,shortage,0
UMH|2021Q1,lib_seeds_inflected,shortage,shortage,0
UMH|2021Q1,lib_seeds_and_risk_inflected,shortage,shortage,0
UMH|2021Q3,lib_inflected,inventory,concern,4
UMH|2021Q3,lib_seeds_inflected,inventory,concern,4
UMH|2021Q3,lib_seeds_and_risk_inflected,inventory,concern,4
UMH|2022Q2,lib_inflected,shortage,shortage,0
UMH|2022Q2,lib_seeds_inflected,shortage,shortage,0
UMH|2022Q2,lib_seeds_and_risk_inflected,shortage,shortage,0
UMH|2022Q3,lib_inflected,shortage,shortage,0
UMH|2022Q3,lib_seeds_inflected,shortage,shortage,0
UMH|2022Q3,lib_seeds_and_risk_inflected,shortage,shortage,0
REG|2023Q3,lib_inflected,material,exposure,8
REG|2023Q3,lib_seeds_inflected,material,exposure,8
REG|2023Q3,lib_seeds_and_risk_inflected,material,exposure,8
UMH|2023Q3,lib_inflected,shortage,shortage,0
UMH|2023Q3,lib_seeds_inflected,shortage,shortage,0
UMH|2023Q3,lib_seeds_and_risk_inflected,shortage,shortage,0
UMH|2023Q4,lib_inflected,shortage,shortage,0
UMH|2023Q4,lib_seeds_inflected,shortage,shortage,0
UMH|2023Q4,lib_seeds_and_risk_inflected,shortage,shortage,0
UMH|2024Q2,lib_inflected,shortage,shortage,0
UMH|2024Q2,lib_seeds_inflected,shortage,shortage,0
UMH|2024Q2,lib_seeds_and_risk_inflected,shortage,shortage,0
UMH|2013Q4,lib_inflected,shortage,shortage,0
UMH|2013Q4,lib_seeds_inflected,shortage,shortage,0
UMH|2013Q4,lib_seeds_and_risk_inflected,shortage,shortage,0
SUI|2013Q2,lib_inflected,shortage,shortage,0
SUI|2013Q2,lib_seeds_inflected,shortage,shortage,0
SUI|2013Q2,lib_seeds_and_risk_inflected,shortage,shortage,0
SUI|2017Q1,lib_inflected,shortage,shortage,0
SUI|2017Q1,lib_seeds_inflected,shortage,shortage,0
SUI|2017Q1,lib_seeds_and_risk_inflected,shortage,shortage,0
SUI|2017Q3,lib_inflected,shortage,shortage,0
SUI|2017Q3,lib_seeds_inflected,shortage,shortage,0
SUI|2017Q3,lib_seeds_and_risk_inflected,shortage,shortage,0
SUI|2018Q3,lib_inflected,supply,risk,1
SUI|2018Q3,lib_seeds_inflected,supply,risk,1
SUI|2018Q3,lib_seeds_and_risk_inflected,supply,risk,1
SUI|2022Q4,lib_inflected,channel,concern,5
SUI|2022Q4,lib_seeds_inflected,channel,concern,5
SUI|2022Q4,lib_seeds_and_risk_inflected,channel,concern,5
SUI|2023Q1,lib_inflected,order,risk,5
SUI|2023Q1,lib_seeds_inflected,order,risk,5
SUI|2023Q1,lib_seeds_and_risk_inflected,order,risk,5
SUI|2024Q2,lib_inflected,buyer,uncertainty,7
SUI|2024Q2,lib_seeds_inflected,buyer,uncertainty,7
SUI|2024Q2,lib_seeds_and_risk_inflected,buyer,uncertainty,7
SUI|2021Q3,lib_inflected,shortage,labor shortage,0
SUI|2021Q3,lib_seeds_inflected,shortage,labor shortage,0
SUI|2021Q3,lib_seeds_and_risk_inflected,shortage,labor shortage,0
SUI|2021Q4,lib_inflected,shortage,shortage,0
SUI|2021Q4,lib_seeds_inflected,shortage,shortage,0
SUI|2021Q4,lib_seeds_and_risk_inflected,shortage,shortage,0
SPG|2016Q4,lib_inflected,supply,concern,2
SPG|2016Q4,lib_seeds_inflected,supply,concern,2
SPG|2016Q4,lib_seeds_and_risk_inflected,supply,concern,2
SPG|2023Q4,lib_inflected,material,concern,1
SPG|2023Q4,lib_seeds_inflected,material,concern,1
SPG|2023Q4,lib_seeds_and_risk_inflected,material,concern,1
MAA|2012Q3,lib_inflected,supply,threat,5
MAA|2012Q3,lib_seeds_inflected,supply,threat,5
MAA|2012Q3,lib_seeds_and_risk_inflected,supply,threat,5
MAA|2012Q4,lib_inflected,supply,risk,1
MAA|2012Q4,lib_seeds_inflected,supply,risk,1
MAA|2012Q4,lib_seeds_and_risk_inflected,supply,risk,1
MAA|2013Q3,lib_inflected,supply,exposure,2
MAA|2013Q3,lib_seeds_inflected,supply,exposure,2
MAA|2013Q3,lib_seeds_and_risk_inflected,supply,exposure,2
MAA|2014Q2,lib_inflected,supply,exposure,4
MAA|2014Q2,lib_seeds_inflected,supply,exposure,4
MAA|2014Q2,lib_seeds_and_risk_inflected,supply,exposure,4
MAA|2016Q2,lib_inflected,supply,risk,1
MAA|2016Q2,lib_seeds_inflected,supply,risk,1
MAA|2016Q2,lib_seeds_and_risk_inflected,supply,risk,1
MAA|2017Q2,lib_inflected,supply,exposure,10
MAA|2017Q2,lib_seeds_inflected,supply,exposure,10
MAA|2017Q2,lib_seeds_and_risk_inflected,supply,exposure,10
MAA|2019Q2,lib_inflected,shortage,labor shortage,0
MAA|2019Q2,lib_seeds_inflected,shortage,labor shortage,0
MAA|2019Q2,lib_seeds_and_risk_inflected,shortage,labor shortage,0
MAA|2019Q3,lib_inflected,supply,concerns,9
MAA|2019Q3,lib_seeds_inflected,supply,concerns,9
MAA|2019Q3,lib_seeds_and_risk_inflected,supply,concerns,9
MAA|2019Q4,lib_inflected,supply,risk,5
MAA|2019Q4,lib_seeds_inflected,supply,risk,5
MAA|2019Q4,lib_seeds_and_risk_inflected,supply,risk,5
RYN|2012Q1,lib_inflected,shortage,shortage,0
RYN|2012Q1,lib_seeds_inflected,shortage,shortage,0
RYN|2012Q1,lib_seeds_and_risk_inflected,shortage,shortage,0
RYN|2012Q2,lib_inflected,inventory,disruptions,3
RYN|2012Q2,lib_seeds_inflected,inventory,disruptions,3
RYN|2012Q2,lib_seeds_and_risk_inflected,inventory,disruptions,3
RYN|2012Q3,lib_inflected,shortage,shortage,0
RYN|2012Q3,lib_seeds_inflected,shortage,shortage,0
RYN|2012Q3,lib_seeds_and_risk_inflected,shortage,shortage,0
MAA|2020Q2,lib_inflected,supply,disruptions,7
MAA|2020Q2,lib_seeds_inflected,supply,disruptions,7
MAA|2020Q2,lib_seeds_and_risk_inflected,supply,disruptions,7
MAA|2023Q2,lib_inflected,supply,risks,1
MAA|2023Q2,lib_seeds_inflected,supply,risks,1
MAA|2023Q2,lib_seeds_and_risk_inflected,supply,risks,1
MAA|2024Q2,lib_inflected,supply,exposure,4
MAA|2024Q2,lib_seeds_inflected,supply,exposure,4
MAA|2024Q2,lib_seeds_and_risk_inflected,supply,exposure,4
RYN|2016Q2,lib_inflected,inventory,risk,7
RYN|2016Q2,lib_seeds_inflected,inventory,risk,7
RYN|2016Q2,lib_seeds_and_risk_inflected,inventory,risk,7
RYN|2018Q4,lib_inflected,shortage,labor shortage,0
RYN|2018Q4,lib_seeds_inflected,shortage,labor shortage,0
RYN|2018Q4,lib_seeds_and_risk_inflected,shortage,labor shortage,0
RYN|2019Q1,lib_inflected,customers,tariffs,9
RYN|2019Q1,lib_seeds_inflected,customers,tariffs,9
RYN|2019Q1,lib_seeds_and_risk_inflected,customers,tariffs,9
RYN|2020Q2,lib_inflected,customers,exposure,2
RYN|2020Q2,lib_seeds_inflected,customers,exposure,2
RYN|2020Q2,lib_seeds_and_risk_inflected,customers,exposure,2
RYN|2023Q2,lib_inflected,shortage,shortage,0
RYN|2023Q2,lib_seeds_inflected,shortage,shortage,0
RYN|2023Q2,lib_seeds_and_risk_inflected,supply,supply disruptions,0
RYN|2024Q2,lib_inflected,supply,threat,3
RYN|2024Q2,lib_seeds_inflected,supply,threat,3
RYN|2024Q2,lib_seeds_and_risk_inflected,supply,threat,3
BA|2018Q2,lib_inflected,supply,risk,8
BA|2018Q2,lib_seeds_inflected,supply,risk,8
BA|2018Q2,lib_seeds_and_risk_inflected,supply,risk,8
CAT|2010Q1,lib_inflected,channel,lead time,3
CAT|2010Q1,lib_seeds_inflected,channel,lead time,3
CAT|2010Q1,lib_seeds_and_risk_inflected,channel,lead time,3
CAT|2013Q1,lib_inflected,customers,risks,5
CAT|2013Q1,lib_seeds_inflected,customers,risks,5
CAT|2013Q1,lib_seeds_and_risk_inflected,customers,risks,5
GE|2013Q2,lib_inflected,order,uncertain,3
GE|2013Q2,lib_seeds_inflected,order,uncertain,3
GE|2013Q2,lib_seeds_and_risk_inflected,order,uncertain,3
CAT|2013Q2,lib_inflected,supply,lead times,9
CAT|2013Q2,lib_seeds_inflected,manufacturing,lead times,2
CAT|2013Q2,lib_seeds_and_risk_inflected,manufacturing,lead times,2
CAT|2014Q3,lib_inflected,customers,uncertain,1
CAT|2014Q3,lib_seeds_inflected,customers,uncertain,1
CAT|2014Q3,lib_seeds_and_risk_inflected,customers,uncertain,1
CAT|2016Q2,lib_inflected,material,downside,1
CAT|2016Q2,lib_seeds_inflected,material,downside,1
CAT|2016Q2,lib_seeds_and_risk_inflected,material,downside,1
HWM|2023Q3,lib_seeds_inflected,supply chain,bottleneck,10
HWM|2023Q3,lib_seeds_and_risk_inflected,supply chain,bottleneck,10
HON|2011Q4,lib_inflected,backlogs,uncertainties,8
HON|2011Q4,lib_seeds_inflected,backlogs,uncertainties,8
HON|2011Q4,lib_seeds_and_risk_inflected,backlogs,uncertainties,8
GE|2018Q2,lib_inflected,supply,tariff,8
GE|2018Q2,lib_seeds_inflected,supply chains,tariff,7
GE|2018Q2,lib_seeds_and_risk_inflected,supply chains,tariff,7
GE|2020Q3,lib_inflected,supply,uncertain,3
GE|2020Q3,lib_seeds_inflected,supply chain,uncertain,2
GE|2020Q3,lib_seeds_and_risk_inflected,supply chain,uncertain,2
GE|2022Q3,lib_inflected,shortage,shortage,0
GE|2022Q3,lib_seeds_inflected,shortage,shortage,0
GE|2022Q3,lib_seeds_and_risk_inflected,shortage,shortage,0
HON|2014Q3,lib_seeds_inflected,transportation,exposure,6
HON|2014Q3,lib_seeds_and_risk_inflected,transportation,exposure,6
HON|2015Q3,lib_seeds_inflected,transportation,exposure,5
HON|2015Q3,lib_seeds_and_risk_inflected,transportation,exposure,5
HON|2018Q3,lib_inflected,shortage,shortage,0
HON|2018Q3,lib_seeds_inflected,shortage,shortage,0
HON|2018Q3,lib_seeds_and_risk_inflected,shortage,shortage,0
HON|2020Q3,lib_inflected,supply,disruptions,5
HON|2020Q3,lib_seeds_inflected,supply chain,disruptions,4
HON|2020Q3,lib_seeds_and_risk_inflected,supply chain,disruptions,4
HON|2021Q1,lib_inflected,supply,uncertainties,6
HON|2021Q1,lib_seeds_inflected,supply,uncertainties,6
HON|2021Q1,lib_seeds_and_risk_inflected,supply,uncertainties,6
HON|2023Q4,lib_inflected,customers,uncertain,10
HON|2023Q4,lib_seeds_inflected,customers,uncertain,10
HON|2023Q4,lib_seeds_and_risk_inflected,customers,uncertain,10
MMM|2010Q2,lib_inflected,material,concern,7
MMM|2010Q2,lib_seeds_inflected,material,concern,7
MMM|2010Q2,lib_seeds_and_risk_inflected,material,concern,7
MMM|2011Q4,lib_inflected,customers,contingency,6
MMM|2011Q4,lib_seeds_inflected,customers,contingency,6
MMM|2011Q4,lib_seeds_and_risk_inflected,customers,contingency,6
MMM|2012Q2,lib_seeds_inflected,manufacturing,threat,10
MMM|2012Q2,lib_seeds_and_risk_inflected,manufacturing,threat,10
MMM|2017Q2,lib_seeds_inflected,distribution,disruption,1
MMM|2017Q2,lib_seeds_and_risk_inflected,distribution,disruption,1
MMM|2020Q3,lib_inflected,customers,uncertain,3
MMM|2020Q3,lib_seeds_inflected,customers,uncertain,3
MMM|2020Q3,lib_seeds_and_risk_inflected,customers,uncertain,3
MMM|2014Q1,lib_inflected,customers,exposure,2
MMM|2014Q1,lib_seeds_inflected,customers,exposure,2
MMM|2014Q1,lib_seeds_and_risk_inflected,customers,exposure,2
MMM|2014Q3,lib_inflected,inventory,volatility,8
MMM|2014Q3,lib_seeds_inflected,manufacturing,concern,5
MMM|2014Q3,lib_seeds_and_risk_inflected,manufacturing,concern,5
MMM|2020Q4,lib_inflected,shortage,labor shortage,0
MMM|2020Q4,lib_seeds_inflected,shortage,labor shortage,0
MMM|2020Q4,lib_seeds_and_risk_inflected,shortage,labor shortage,0
MMM|2022Q2,lib_inflected,supply,risks,1
MMM|2022Q2,lib_seeds_inflected,supply,risks,1
MMM|2022Q2,lib_seeds_and_risk_inflected,supply,risks,1
MMM|2024Q2,lib_seeds_inflected,manufacturing,risks,4
MMM|2024Q2,lib_seeds_and_risk_inflected,manufacturing,risks,4
MMM|2024Q4,lib_inflected,inventory,concerns,7
MMM|2024Q4,lib_seeds_inflected,inventory,concerns,7
MMM|2024Q4,lib_seeds_and_risk_inflected,inventory,concerns,7
RTX|2010Q4,lib_inflected,customers,threats,8
RTX|2010Q4,lib_seeds_inflected,customers,threats,8
RTX|2010Q4,lib_seeds_and_risk_inflected,customers,threats,8
RTX|2011Q4,lib_inflected,customers,uncertainty,5
RTX|2011Q4,lib_seeds_inflected,customers,uncertainty,5
RTX|2011Q4,lib_seeds_and_risk_inflected,customers,uncertainty,5
RTX|2013Q1,lib_inflected,customers,threat,4
RTX|2013Q1,lib_seeds_inflected,customers,threat,4
RTX|2013Q1,lib_seeds_and_risk_inflected,customers,threat,4
RTX|2018Q2,lib_inflected,customers,threats,4
RTX|2018Q2,lib_seeds_inflected,customers,threats,4
RTX|2018Q2,lib_seeds_and_risk_inflected,customers,threats,4
RTX|2022Q4,lib_inflected,supply,bottlenecks,3
RTX|2022Q4,lib_seeds_inflected,supply,bottlenecks,3
RTX|2022Q4,lib_seeds_and_risk_inflected,supply,bottlenecks,3
RTX|2023Q3,lib_inflected,customers,risk,4
RTX|2023Q3,lib_seeds_inflected,customers,risk,4
RTX|2023Q3,lib_seeds_and_risk_inflected,customers,risk,4
RTX|2024Q3,lib_inflected,suppliers,lead times,5
RTX|2024Q3,lib_seeds_inflected,suppliers,lead times,5
RTX|2024Q3,lib_seeds_and_risk_inflected,suppliers,lead times,5
RTX|2019Q1,lib_inflected,customers,threats,9
RTX|2019Q1,lib_seeds_inflected,customers,threats,9
RTX|2019Q1,lib_seeds_and_risk_inflected,customers,threats,9
RTX|2019Q4,lib_inflected,customers,threats,4
RTX|2019Q4,lib_seeds_inflected,customers,threats,4
RTX|2019Q4,lib_seeds_and_risk_inflected,customers,threats,4
RTX|2020Q3,lib_inflected,material,concerns,3
RTX|2020Q3,lib_seeds_inflected,material,concerns,3
RTX|2020Q3,lib_seeds_and_risk_inflected,material,concerns,3
RTX|2021Q2,lib_inflected,customers,threats,9
RTX|2021Q2,lib_seeds_inflected,customers,threats,9
RTX|2021Q2,lib_seeds_and_risk_inflected,customers,threats,9
RTX|2022Q1,lib_inflected,shortage,shortage,0
RTX|2022Q1,lib_seeds_inflected,shortage,shortage,0
RTX|2022Q1,lib_seeds_and_risk_inflected,shortage,shortage,0
DE|2012Q4,lib_inflected,customers,concerns,4
DE|2012Q4,lib_seeds_inflected,customers,concerns,4
DE|2012Q4,lib_seeds_and_risk_inflected,customers,concerns,4
DE|2015Q4,lib_inflected,customers,uncertain,5
DE|2015Q4,lib_seeds_inflected,customers,uncertain,5
DE|2015Q4,lib_seeds_and_risk_inflected,customers,uncertain,5
DE|2018Q2,lib_inflected,supply,concerns,7
DE|2018Q2,lib_seeds_inflected,transportation,exposure,3
DE|2018Q2,lib_seeds_and_risk_inflected,transportation,exposure,3
DE|2021Q1,lib_inflected,supply,risks,4
DE|2021Q1,lib_seeds_inflected,supply,risks,4
DE|2021Q1,lib_seeds_and_risk_inflected,supply,risks,4
DE|2023Q4,lib_inflected,customers,volatility,3
DE|2023Q4,lib_seeds_inflected,customers,volatility,3
DE|2023Q4,lib_seeds_and_risk_inflected,customers,volatility,3
ETN|2010Q1,lib_inflected,shortage,shortage,0
ETN|2010Q1,lib_seeds_inflected,shortage,shortage,0
ETN|2010Q1,lib_seeds_and_risk_inflected,shortage,shortage,0
ETN|2011Q3,lib_inflected,plant,disruptions,1
ETN|2011Q3,lib_seeds_inflected,plant,disruptions,1
ETN|2011Q3,lib_seeds_and_risk_inflected,plant,disruptions,1
ETN|2012Q1,lib_inflected,material,lead time,9
ETN|2012Q1,lib_seeds_inflected,material,lead time,9
ETN|2012Q1,lib_seeds_and_risk_inflected,material,lead time,9
ETN|2015Q1,lib_inflected,order,concerns,3
ETN|2015Q1,lib_seeds_inflected,order,concerns,3
ETN|2015Q1,lib_seeds_and_risk_inflected,order,concerns,3
ETN|2015Q2,lib_inflected,plant,disruptions,1
ETN|2015Q2,lib_seeds_inflected,plant,disruptions,1
ETN|2015Q2,lib_seeds_and_risk_inflected,plant,disruptions,1
ETN|2016Q3,lib_seeds_inflected,manufacturing,uncertainty,6
ETN|2016Q3,lib_seeds_and_risk_inflected,manufacturing,uncertainty,6
ETN|2017Q4,lib_inflected,channel,concern,2
ETN|2017Q4,lib_seeds_inflected,channel,concern,2
ETN|2017Q4,lib_seeds_and_risk_inflected,channel,concern,2
ETN|2019Q3,lib_inflected,supply,lead time,7
ETN|2019Q3,lib_seeds_inflected,distribution,uncertainty,4
ETN|2019Q3,lib_seeds_and_risk_inflected,distribution,uncertainty,4
ETN|2020Q2,lib_inflected,customers,disruptions,7
ETN|2020Q2,lib_seeds_inflected,customers,disruptions,7
ETN|2020Q2,lib_seeds_and_risk_inflected,customers,disruptions,7
EMR|2010Q2,lib_inflected,order,concerns,8
EMR|2010Q2,lib_seeds_inflected,order,concerns,8
EMR|2010Q2,lib_seeds_and_risk_inflected,order,concerns,8
EMR|2013Q1,lib_inflected,supply,supply chain disruption,0
EMR|2013Q1,lib_seeds_inflected,supply,supply chain disruption,0
EMR|2013Q1,lib_seeds_and_risk_inflected,supply,supply chain disruption,0
EMR|2019Q2,lib_inflected,inventory,tariff,4
EMR|2019Q2,lib_seeds_inflected,inventory,tariff,4
EMR|2019Q2,lib_seeds_and_risk_inflected,inventory,tariff,4
EMR|2023Q1,lib_seeds_inflected,logistics,disruptions,2
EMR|2023Q1,lib_seeds_and_risk_inflected,logistics,disruptions,2
EMR|2024Q3,lib_seeds_inflected,distribution,exposure,5
EMR|2024Q3,lib_seeds_and_risk_inflected,distribution,exposure,5
EMR|2019Q1,lib_inflected,material,tariff,4
EMR|2019Q1,lib_seeds_inflected,material,tariff,4
EMR|2019Q1,lib_seeds_and_risk_inflected,material,tariff,4
PBI|2011Q1,lib_inflected,supply,disruptions,3
PBI|2011Q1,lib_seeds_inflected,supply,disruptions,3
PBI|2011Q1,lib_seeds_and_risk_inflected,supply,disruptions,3
PBI|2012Q2,lib_seeds_inflected,purchasing,concerns,6
PBI|2012Q2,lib_seeds_and_risk_inflected,purchasing,concerns,6
PBI|2014Q2,lib_inflected,channel,disruption,6
PBI|2014Q2,lib_seeds_inflected,channel,disruption,6
PBI|2014Q2,lib_seeds_and_risk_inflected,channel,disruption,6
PBI|2024Q4,lib_inflected,plant,exposure,3
PBI|2024Q4,lib_seeds_inflected,plant,exposure,3
PBI|2024Q4,lib_seeds_and_risk_inflected,plant,exposure,3
DCO|2016Q4,lib_inflected,customers,lead time,4
DCO|2016Q4,lib_seeds_inflected,customers,lead time,4
DCO|2016Q4,lib_seeds_and_risk_inflected,customers,lead time,4
DCO|2018Q2,lib_inflected,customers,exposure,3
DCO|2018Q2,lib_seeds_inflected,customers,exposure,3
DCO|2018Q2,lib_seeds_and_risk_inflected,customers,exposure,3
DCO|2018Q3,lib_inflected,supply,risk,8
DCO|2018Q3,lib_seeds_inflected,supply,risk,8
DCO|2018Q3,lib_seeds_and_risk_inflected,supply,risk,8
PBI|2018Q4,lib_seeds_inflected,sourcing,exposure,4
PBI|2018Q4,lib_seeds_and_risk_inflected,sourcing,exposure,4
PBI|2019Q2,lib_inflected,buyer,risk,10
PBI|2019Q2,lib_seeds_inflected,buyer,risk,10
PBI|2019Q2,lib_seeds_and_risk_inflected,buyer,risk,10
PBI|2021Q1,lib_inflected,shortage,shortage,0
PBI|2021Q1,lib_seeds_inflected,shortage,shortage,0
PBI|2021Q1,lib_seeds_and_risk_inflected,shortage,shortage,0
PBI|2022Q3,lib_inflected,supply,concern,9
PBI|2022Q3,lib_seeds_inflected,supply chains,concern,8
PBI|2022Q3,lib_seeds_and_risk_inflected,supply chains,concern,8
PBI|2022Q4,lib_inflected,shortage,shortage,0
PBI|2022Q4,lib_seeds_inflected,shortage,shortage,0
PBI|2022Q4,lib_seeds_and_risk_inflected,shortage,shortage,0
MATX|2022Q4,lib_seeds_inflected,logistics,port congestion,7
MATX|2022Q4,lib_seeds_and_risk_inflected,logistics,port congestion,7
MATX|2023Q4,lib_inflected,supply,disruptions,2
MATX|2023Q4,lib_seeds_inflected,supply chain,disruptions,1
MATX|2023Q4,lib_seeds_and_risk_inflected,supply,supply chain disruptions,0
APOG|2021Q4,lib_inflected,order,lead time,5
APOG|2021Q4,lib_seeds_inflected,procurement,lead times,4
APOG|2021Q4,lib_seeds_and_risk_inflected,procurement,lead times,4
APOG|2023Q4,lib_inflected,inventory,volatility,8
APOG|2023Q4,lib_seeds_inflected,inventory,volatility,8
APOG|2023Q4,lib_seeds_and_risk_inflected,inventory,volatility,8
MATX|2012Q4,lib_inflected,customers,risk,6
MATX|2012Q4,lib_seeds_inflected,customers,risk,6
MATX|2012Q4,lib_seeds_and_risk_inflected,customers,risk,6
MATX|2013Q4,lib_inflected,customers,volatile,3
MATX|2013Q4,lib_seeds_inflected,customers,volatile,3
MATX|2013Q4,lib_seeds_and_risk_inflected,customers,volatile,3
PNR|2016Q4,lib_seeds_inflected,manufacturing,tariffs,4
PNR|2016Q4,lib_seeds_and_risk_inflected,manufacturing,tariffs,4
PNR|2019Q1,lib_inflected,inventory,tariff,8
PNR|2019Q1,lib_seeds_inflected,inventory,tariff,8
PNR|2019Q1,lib_seeds_and_risk_inflected,inventory,tariff,8
PNR|2019Q2,lib_inflected,inventory,tariffs,3
PNR|2019Q2,lib_seeds_inflected,inventory,tariffs,3
PNR|2019Q2,lib_seeds_and_risk_inflected,inventory,tariffs,3
PNR|2020Q4,lib_inflected,customers,uncertain,8
PNR|2020Q4,lib_seeds_inflected,customers,uncertain,8
PNR|2020Q4,lib_seeds_and_risk_inflected,customers,uncertain,8
PNR|2023Q1,lib_inflected,inventory,uncertainty,5
PNR|2023Q1,lib_seeds_inflected,inventory,uncertainty,5
PNR|2023Q1,lib_seeds_and_risk_inflected,inventory,uncertainty,5
PNR|2011Q4,lib_inflected,shortage,shortage,0
PNR|2011Q4,lib_seeds_inflected,shortage,shortage,0
PNR|2011Q4,lib_seeds_and_risk_inflected,shortage,shortage,0
PNR|2013Q1,lib_seeds_and_risk_inflected,shipping,shipping delays,0
PNR|2013Q3,lib_seeds_inflected,manufacturing,risks,8
PNR|2013Q3,lib_seeds_and_risk_inflected,manufacturing,risks,8
PNR|2023Q4,lib_inflected,supply,lead times,8
PNR|2023Q4,lib_seeds_inflected,supply,lead times,8
PNR|2023Q4,lib_seeds_and_risk_inflected,supply,lead times,8
TPC|2012Q4,lib_inflected,order,natural disasters,3
TPC|2012Q4,lib_seeds_inflected,order,natural disasters,3
TPC|2012Q4,lib_seeds_and_risk_inflected,order,natural disasters,3
TPC|2017Q4,lib_inflected,backlogs,risk,2
TPC|2017Q4,lib_seeds_inflected,backlogs,risk,2
TPC|2017Q4,lib_seeds_and_risk_inflected,backlogs,risk,2
GFF|2016Q1,lib_inflected,buyer,uncertainty,7
GFF|2016Q1,lib_seeds_inflected,buyer,uncertainty,7
GFF|2016Q1,lib_seeds_and_risk_inflected,buyer,uncertainty,7
GFF|2016Q2,lib_seeds_inflected,manufacturing,volatility,6
GFF|2016Q2,lib_seeds_and_risk_inflected,manufacturing,volatility,6
GFF|2021Q2,lib_inflected,supply,disruptions,2
GFF|2021Q2,lib_seeds_inflected,supply chain,disruptions,1
GFF|2021Q2,lib_seeds_and_risk_inflected,supply,supply chain disruptions,0
GFF|2024Q4,lib_seeds_inflected,sourcing,tariff,7
GFF|2024Q4,lib_seeds_and_risk_inflected,sourcing,tariff,7
XRX|2012Q1,lib_inflected,channel,volatile,2
XRX|2012Q1,lib_seeds_inflected,channel,volatile,2
XRX|2012Q1,lib_seeds_and_risk_inflected,channel,volatile,2
XRX|2015Q2,lib_inflected,inventory,uncertainty,10
XRX|2015Q2,lib_seeds_inflected,inventory,uncertainty,10
XRX|2015Q2,lib_seeds_and_risk_inflected,inventory,uncertainty,10
XRX|2023Q2,lib_inflected,inventory,disruptions,2
XRX|2023Q2,lib_seeds_inflected,inventory,disruptions,2
XRX|2023Q2,lib_seeds_and_risk_inflected,inventory,disruptions,2
XRX|2024Q4,lib_inflected,supply,exposure,5
XRX|2024Q4,lib_seeds_inflected,supply chain,exposure,4
XRX|2024Q4,lib_seeds_and_risk_inflected,supply chain,exposure,4
XRX|2017Q3,lib_inflected,customers,risk,3
XRX|2017Q3,lib_seeds_inflected,customers,risk,3
XRX|2017Q3,lib_seeds_and_risk_inflected,customers,risk,3
XRX|2018Q2,lib_inflected,supply,disruption,3
XRX|2018Q2,lib_seeds_inflected,supply,disruption,3
XRX|2018Q2,lib_seeds_and_risk_inflected,supply,disruption,3
XRX|2019Q3,lib_inflected,channel,disruptions,6
XRX|2019Q3,lib_seeds_inflected,channel,disruptions,6
XRX|2019Q3,lib_seeds_and_risk_inflected,channel,disruptions,6
XRX|2019Q4,lib_inflected,order,uncertainty,4
XRX|2019Q4,lib_seeds_inflected,order,uncertainty,4
XRX|2019Q4,lib_seeds_and_risk_inflected,order,uncertainty,4
XRX|2013Q1,lib_seeds_inflected,channel partners,uncertainty,10
XRX|2013Q1,lib_seeds_and_risk_inflected,channel partners,uncertainty,10
XRX|2014Q3,lib_inflected,shortage,shortage,0
XRX|2014Q3,lib_seeds_inflected,shortage,shortage,0
XRX|2014Q3,lib_seeds_and_risk_inflected,shortage,shortage,0
GD|2016Q2,lib_inflected,order,exposure,5
GD|2016Q2,lib_seeds_inflected,order,exposure,5
GD|2016Q2,lib_seeds_and_risk_inflected,order,exposure,5
GD|2018Q1,lib_inflected,customers,tariffs,6
GD|2018Q1,lib_seeds_inflected,customers,tariffs,6
GD|2018Q1,lib_seeds_and_risk_inflected,customers,tariffs,6
GD|2018Q2,lib_inflected,order,lead time,4
GD|2018Q2,lib_seeds_inflected,order,lead time,4
GD|2018Q2,lib_seeds_and_risk_inflected,order,lead time,4
GD|2019Q1,lib_seeds_inflected,manufacturing,risk,6
GD|2019Q1,lib_seeds_and_risk_inflected,manufacturing,risk,6
GD|2019Q3,lib_inflected,customers,concerns,3
GD|2019Q3,lib_seeds_inflected,customers,concerns,3
GD|2019Q3,lib_seeds_and_risk_inflected,customers,concerns,3
GD|2020Q2,lib_inflected,material,risk,1
GD|2020Q2,lib_seeds_inflected,material,risk,1
GD|2020Q2,lib_seeds_and_risk_inflected,material,risk,1
GD|2023Q1,lib_inflected,shortage,shortage,0
GD|2023Q1,lib_seeds_inflected,shortage,shortage,0
GD|2023Q1,lib_seeds_and_risk_inflected,shortage,shortage,0
LMT|2013Q2,lib_inflected,customers,threat,2
LMT|2013Q2,lib_seeds_inflected,customers,threat,2
LMT|2013Q2,lib_seeds_and_risk_inflected,customers,threat,2
LMT|2014Q2,lib_inflected,inventory,risk,3
LMT|2014Q2,lib_seeds_inflected,inventory,risk,3
LMT|2014Q2,lib_seeds_and_risk_inflected,inventory,risk,3
LMT|2020Q4,lib_inflected,customers,risk,4
LMT|2020Q4,lib_seeds_inflected,customers,risk,4
LMT|2020Q4,lib_seeds_and_risk_inflected,customers,risk,4
LMT|2021Q4,lib_inflected,supply,supply chain disruption,0
LMT|2021Q4,lib_seeds_inflected,supply,supply chain disruption,0
LMT|2021Q4,lib_seeds_and_risk_inflected,supply,supply chain disruption,0
LMT|2022Q4,lib_inflected,supply,disruptions,2
LMT|2022Q4,lib_seeds_inflected,supply chain,disruptions,1
LMT|2022Q4,lib_seeds_and_risk_inflected,supply,supply chain disruptions,0
FDX|2011Q4,lib_inflected,supply,disruptions,2
FDX|2011Q4,lib_seeds_inflected,supply chain,disruptions,1
FDX|2011Q4,lib_seeds_and_risk_inflected,supply,supply chain disruptions,0
FDX|2012Q3,lib_inflected,order,risk,2
FDX|2012Q3,lib_seeds_inflected,order,risk,2
FDX|2012Q3,lib_seeds_and_risk_inflected,order,risk,2
FDX|2015Q2,lib_inflected,customers,volatility,6
FDX|2015Q2,lib_seeds_inflected,customers,volatility,6
FDX|2015Q2,lib_seeds_and_risk_inflected,customers,volatility,6
FDX|2015Q3,lib_inflected,shortage,shortage,0
FDX|2015Q3,lib_seeds_inflected,shortage,shortage,0
FDX|2015Q3,lib_seeds_and_risk_inflected,shortage,shortage,0
FDX|2015Q4,lib_inflected,inventory,disruptions,1
FDX|2015Q4,lib_seeds_inflected,inventory,disruptions,1
FDX|2015Q4,lib_seeds_and_risk_inflected,inventory,disruptions,1
R|2010Q4,lib_inflected,customers,uncertainty,1
R|2010Q4,lib_seeds_inflected,customers,uncertainty,1
R|2010Q4,lib_seeds_and_risk_inflected,customers,uncertainty,1
R|2011Q2,lib_inflected,shortage,shortage,0
R|2011Q2,lib_seeds_inflected,shortage,shortage,0
R|2011Q2,lib_seeds_and_risk_inflected,shortage,shortage,0
R|2013Q1,lib_inflected,customers,uncertainty,1
R|2013Q1,lib_seeds_inflected,customers,uncertainty,1
R|2013Q1,lib_seeds_and_risk_inflected,customers,uncertainty,1
R|2016Q2,lib_inflected,shortage,shortage,0
R|2016Q2,lib_seeds_inflected,shortage,shortage,0
R|2016Q2,lib_seeds_and_risk_inflected,shortage,shortage,0
R|2017Q3,lib_inflected,shortage,shortage,0
R|2017Q3,lib_seeds_inflected,shortage,shortage,0
R|2017Q3,lib_seeds_and_risk_inflected,shortage,shortage,0
R|2020Q4,lib_seeds_inflected,manufacturing,disruption,9
R|2020Q4,lib_seeds_and_risk_inflected,manufacturing,disruption,9
FDX|2016Q3,lib_inflected,customers,concern,5
FDX|2016Q3,lib_seeds_inflected,customers,concern,5
FDX|2016Q3,lib_seeds_and_risk_inflected,customers,concern,5
UNP|2012Q2,lib_seeds_inflected,manufacturing,uncertain,8
UNP|2012Q2,lib_seeds_and_risk_inflected,manufacturing,uncertain,8
UNP|2018Q3,lib_inflected,customers,risks,6
UNP|2018Q3,lib_seeds_inflected,customers,risks,6
UNP|2018Q3,lib_seeds_and_risk_inflected,customers,risks,6
UNP|2024Q4,lib_inflected,customers,disruptions,2
UNP|2024Q4,lib_seeds_inflected,customers,disruptions,2
UNP|2024Q4,lib_seeds_and_risk_inflected,customers,disruptions,2
LUV|2014Q1,lib_inflected,customers,risk,5
LUV|2014Q1,lib_seeds_inflected,customers,risk,5
LUV|2014Q1,lib_seeds_and_risk_inflected,customers,risk,5
LUV|2022Q4,lib_inflected,customers,disruptions,5
LUV|2022Q4,lib_seeds_inflected,customers,disruptions,5
LUV|2022Q4,lib_seeds_and_risk_inflected,customers,disruptions,5
LUV|2018Q1,lib_inflected,order,volatility,8
LUV|2018Q1,lib_seeds_inflected,order,volatility,8
LUV|2018Q1,lib_seeds_and_risk_inflected,order,volatility,8
LUV|2018Q4,lib_inflected,order,risk,7
LUV|2018Q4,lib_seeds_inflected,order,risk,7
LUV|2018Q4,lib_seeds_and_risk_inflected,order,risk,7
LUV|2020Q3,lib_inflected,material,risk,5
LUV|2020Q3,lib_seeds_inflected,material,risk,5
LUV|2020Q3,lib_seeds_and_risk_inflected,material,risk,5
LUV|2017Q4,lib_inflected,order,volatility,9
LUV|2017Q4,lib_seeds_inflected,order,volatility,9
LUV|2017Q4,lib_seeds_and_risk_inflected,order,volatility,9
CSX|2013Q4,lib_inflected,inventory,volatile,3
CSX|2013Q4,lib_seeds_inflected,inventory,volatile,3
CSX|2013Q4,lib_seeds_and_risk_inflected,inventory,volatile,3
CSX|2020Q1,lib_inflected,customers,uncertain,2
CSX|2020Q1,lib_seeds_inflected,customers,uncertain,2
CSX|2020Q1,lib_seeds_and_risk_inflected,customers,uncertain,2
CSX|2023Q4,lib_inflected,supply,disruptions,2
CSX|2023Q4,lib_seeds_inflected,supply chain,disruptions,1
CSX|2023Q4,lib_seeds_and_risk_inflected,supply,supply chain disruptions,0
NOC|2010Q3,lib_inflected,customers,concerns,4
NOC|2010Q3,lib_seeds_inflected,customers,concerns,4
NOC|2010Q3,lib_seeds_and_risk_inflected,customers,concerns,4
NOC|2012Q2,lib_inflected,customers,risks,5
NOC|2012Q2,lib_seeds_inflected,customers,risks,5
NOC|2012Q2,lib_seeds_and_risk_inflected,customers,risks,5
NOC|2013Q3,lib_inflected,customers,threat,10
NOC|2013Q3,lib_seeds_inflected,customers,threat,10
NOC|2013Q3,lib_seeds_and_risk_inflected,customers,threat,10
NOC|2013Q4,lib_inflected,customers,uncertainty,2
NOC|2013Q4,lib_seeds_inflected,customers,uncertainty,2
NOC|2013Q4,lib_seeds_and_risk_inflected,customers,uncertainty,2
NOC|2014Q1,lib_inflected,customers,threat,9
NOC|2014Q1,lib_seeds_inflected,customers,threat,9
NOC|2014Q1,lib_seeds_and_risk_inflected,customers,threat,9
NOC|2015Q3,lib_inflected,supply,risk,10
NOC|2015Q3,lib_seeds_inflected,supply,risk,10
NOC|2015Q3,lib_seeds_and_risk_inflected,supply,risk,10
NOC|2016Q1,lib_inflected,customers,threat,5
NOC|2016Q1,lib_seeds_inflected,customers,threat,5
NOC|2016Q1,lib_seeds_and_risk_inflected,customers,threat,5
NOC|2016Q2,lib_inflected,material,downside,9
NOC|2016Q2,lib_seeds_inflected,material,downside,9
NOC|2016Q2,lib_seeds_and_risk_inflected,material,downside,9
NOC|2016Q3,lib_inflected,customers,threat,7
NOC|2016Q3,lib_seeds_inflected,customers,threat,7
NOC|2016Q3,lib_seeds_and_risk_inflected,customers,threat,7
NOC|2016Q4,lib_inflected,material,exposure,7
NOC|2016Q4,lib_seeds_inflected,material,exposure,7
NOC|2016Q4,lib_seeds_and_risk_inflected,material,exposure,7
NOC|2017Q4,lib_inflected,material,risk,8
NOC|2017Q4,lib_seeds_inflected,material,risk,8
NOC|2017Q4,lib_seeds_and_risk_inflected,material,risk,8
NOC|2019Q1,lib_inflected,customers,concerns,4
NOC|2019Q1,lib_seeds_inflected,customers,concerns,4
NOC|2019Q1,lib_seeds_and_risk_inflected,customers,concerns,4
NOC|2019Q3,lib_inflected,customers,threat,3
NOC|2019Q3,lib_seeds_inflected,customers,threat,3
NOC|2019Q3,lib_seeds_and_risk_inflected,customers,threat,3
NOC|2019Q4,lib_inflected,customers,threats,9
NOC|2019Q4,lib_seeds_inflected,customers,threats,9
NOC|2019Q4,lib_seeds_and_risk_inflected,customers,threats,9
ROK|2016Q3,lib_inflected,shortage,shortage,0
ROK|2016Q3,lib_seeds_inflected,shortage,shortage,0
ROK|2016Q3,lib_seeds_and_risk_inflected,shortage,shortage,0
NOC|2021Q2,lib_inflected,supply,bottlenecks,1
NOC|2021Q2,lib_seeds_inflected,supply,bottlenecks,1
NOC|2021Q2,lib_seeds_and_risk_inflected,supply,bottlenecks,1
NOC|2021Q4,lib_inflected,customers,threat,9
NOC|2021Q4,lib_seeds_inflected,customers,threat,9
NOC|2021Q4,lib_seeds_and_risk_inflected,shipping,shipping delays,0
ROK|2011Q4,lib_inflected,customers,uncertainty,8
ROK|2011Q4,lib_seeds_inflected,customers,uncertainty,8
ROK|2011Q4,lib_seeds_and_risk_inflected,customers,uncertainty,8
ROK|2012Q4,lib_inflected,customers,uncertainty,2
ROK|2012Q4,lib_seeds_inflected,customers,uncertainty,2
ROK|2012Q4,lib_seeds_and_risk_inflected,customers,uncertainty,2
LHX|2011Q2,lib_inflected,material,risk,1
LHX|2011Q2,lib_seeds_inflected,material,risk,1
LHX|2011Q2,lib_seeds_and_risk_inflected,material,risk,1
ROK|2018Q1,lib_inflected,customers,risks,3
ROK|2018Q1,lib_seeds_inflected,customers,risks,3
ROK|2018Q1,lib_seeds_and_risk_inflected,customers,risks,3
ROK|2019Q3,lib_inflected,customers,tariffs,5
ROK|2019Q3,lib_seeds_inflected,customers,tariffs,5
ROK|2019Q3,lib_seeds_and_risk_inflected,customers,tariffs,5
ROK|2020Q2,lib_inflected,supply,disruptions,4
ROK|2020Q2,lib_seeds_inflected,supply chain,disruption,4
ROK|2020Q2,lib_seeds_and_risk_inflected,supply chain,disruption,4
ROK|2020Q4,lib_inflected,customers,contingency,4
ROK|2020Q4,lib_seeds_inflected,customers,contingency,4
ROK|2020Q4,lib_seeds_and_risk_inflected,customers,contingency,4
LHX|2018Q4,lib_inflected,packages,risks,3
LHX|2018Q4,lib_seeds_inflected,packages,risks,3
LHX|2018Q4,lib_seeds_and_risk_inflected,packages,risks,3
LPX|2011Q1,lib_inflected,shortage,shortage,0
LPX|2011Q1,lib_seeds_inflected,shortage,shortage,0
LPX|2011Q1,lib_seeds_and_risk_inflected,shortage,shortage,0
LHX|2015Q4,lib_inflected,order,concern,2
LHX|2015Q4,lib_seeds_inflected,order,concern,2
LHX|2015Q4,lib_seeds_and_risk_inflected,order,concern,2
LHX|2017Q3,lib_inflected,order,risk,4
LHX|2017Q3,lib_seeds_inflected,order,risk,4
LHX|2017Q3,lib_seeds_and_risk_inflected,order,risk,4
LPX|2013Q1,lib_inflected,shortage,shortage,0
LPX|2013Q1,lib_seeds_inflected,shortage,shortage,0
LPX|2013Q1,lib_seeds_and_risk_inflected,shortage,shortage,0
LPX|2016Q3,lib_inflected,shortage,shortage,0
LPX|2016Q3,lib_seeds_inflected,shortage,shortage,0
LPX|2016Q3,lib_seeds_and_risk_inflected,shortage,shortage,0
LPX|2017Q2,lib_seeds_and_risk_inflected,shipping,shipping delays,0
LPX|2018Q2,lib_inflected,shortage,shortage,0
LPX|2018Q2,lib_seeds_inflected,shortage,shortage,0
LPX|2018Q2,lib_seeds_and_risk_inflected,shortage,shortage,0
LPX|2019Q3,lib_inflected,shortage,labor shortage,0
LPX|2019Q3,lib_seeds_inflected,shortage,labor shortage,0
LPX|2019Q3,lib_seeds_and_risk_inflected,shortage,labor shortage,0
FSS|2012Q3,lib_inflected,order,risk,6
FSS|2012Q3,lib_seeds_inflected,order,risk,6
FSS|2012Q3,lib_seeds_and_risk_inflected,order,risk,6
FSS|2013Q4,lib_inflected,order,volatility,1
FSS|2013Q4,lib_seeds_inflected,order,volatility,1
FSS|2013Q4,lib_seeds_and_risk_inflected,order,volatility,1
FSS|2014Q4,lib_inflected,order,volatility,1
FSS|2014Q4,lib_seeds_inflected,order,volatility,1
FSS|2014Q4,lib_seeds_and_risk_inflected,order,volatility,1
ALK|2014Q1,lib_seeds_inflected,distributions,risk,10
ALK|2014Q1,lib_seeds_and_risk_inflected,distributions,risk,10
NSC|2020Q2,lib_inflected,supply,volatile,8
NSC|2020Q2,lib_seeds_inflected,supply,volatile,8
NSC|2020Q2,lib_seeds_and_risk_inflected,supply,volatile,8
NSC|2021Q1,lib_inflected,shortage,shortage,0
NSC|2021Q1,lib_seeds_inflected,shortage,shortage,0
NSC|2021Q1,lib_seeds_and_risk_inflected,supply,supply chain disruptions,0
NSC|2022Q4,lib_inflected,customers,uncertainty,5
NSC|2022Q4,lib_seeds_inflected,customers,uncertainty,5
NSC|2022Q4,lib_seeds_and_risk_inflected,customers,uncertainty,5
NSC|2024Q1,lib_inflected,customers,disruption,2
NSC|2024Q1,lib_seeds_inflected,customers,disruption,2
NSC|2024Q1,lib_seeds_and_risk_inflected,customers,disruption,2
ALK|2017Q1,lib_inflected,customers,concern,4
ALK|2017Q1,lib_seeds_inflected,customers,concern,4
ALK|2017Q1,lib_seeds_and_risk_inflected,customers,concern,4
ALK|2017Q2,lib_inflected,shortage,shortage,0
ALK|2017Q2,lib_seeds_inflected,shortage,shortage,0
ALK|2017Q2,lib_seeds_and_risk_inflected,shortage,shortage,0
ALK|2023Q1,lib_inflected,order,risk,2
ALK|2023Q1,lib_seeds_inflected,order,risk,2
ALK|2023Q1,lib_seeds_and_risk_inflected,order,risk,2
ALK|2021Q3,lib_inflected,inventory,disruption,4
ALK|2021Q3,lib_seeds_inflected,inventory,disruption,4
ALK|2021Q3,lib_seeds_and_risk_inflected,inventory,disruption,4
MAS|2012Q4,lib_inflected,customers,uncertain,4
MAS|2012Q4,lib_seeds_inflected,customers,uncertain,4
MAS|2012Q4,lib_seeds_and_risk_inflected,customers,uncertain,4
MAS|2013Q1,lib_inflected,channel,uncertain,8
MAS|2013Q1,lib_seeds_inflected,channel,uncertain,8
MAS|2013Q1,lib_seeds_and_risk_inflected,channel,uncertain,8
MAS|2023Q2,lib_inflected,supply,disruptions,2
MAS|2023Q2,lib_seeds_inflected,supply chain,disruptions,1
MAS|2023Q2,lib_seeds_and_risk_inflected,supply,supply chain disruptions,0
RRX|2013Q4,lib_inflected,inventory,lead times,2
RRX|2013Q4,lib_seeds_inflected,inventory,lead times,2
RRX|2013Q4,lib_seeds_and_risk_inflected,inventory,lead times,2
RRX|2014Q1,lib_seeds_inflected,manufacturing,lead times,1
RRX|2014Q1,lib_seeds_and_risk_inflected,manufacturing,lead times,1
RRX|2014Q2,lib_inflected,order,lead time,5
RRX|2014Q2,lib_seeds_inflected,order,lead time,5
RRX|2014Q2,lib_seeds_and_risk_inflected,order,lead time,5
RRX|2016Q3,lib_inflected,material,volatile,6
RRX|2016Q3,lib_seeds_inflected,material,volatile,6
RRX|2016Q3,lib_seeds_and_risk_inflected,material,volatile,6
RRX|2023Q2,lib_inflected,supply,lead times,4
RRX|2023Q2,lib_seeds_inflected,supply chains,lead times,3
RRX|2023Q2,lib_seeds_and_risk_inflected,supply chains,lead times,3
WSO|2012Q2,lib_inflected,supply,concerns,2
WSO|2012Q2,lib_seeds_inflected,supply,concerns,2
WSO|2012Q2,lib_seeds_and_risk_inflected,supply,concerns,2
RRX|2016Q4,lib_inflected,order,lead time,8
RRX|2016Q4,lib_seeds_inflected,order,lead time,8
RRX|2016Q4,lib_seeds_and_risk_inflected,order,lead time,8
RRX|2017Q3,lib_inflected,supply,disruptions,2
RRX|2017Q3,lib_seeds_inflected,supply chain,disruptions,1
RRX|2017Q3,lib_seeds_and_risk_inflected,supply,supply chain disruptions,0
RRX|2019Q1,lib_inflected,customers,tariffs,9
RRX|2019Q1,lib_seeds_inflected,manufacturing,tariffs,7
RRX|2019Q1,lib_seeds_and_risk_inflected,manufacturing,tariffs,7
RRX|2019Q4,lib_inflected,channel,uncertainties,6
RRX|2019Q4,lib_seeds_inflected,distribution,uncertainties,5
RRX|2019Q4,lib_seeds_and_risk_inflected,distribution,uncertainties,5
RRX|2021Q3,lib_inflected,supply,disruptions,2
RRX|2021Q3,lib_seeds_inflected,supply chain,disruptions,1
RRX|2021Q3,lib_seeds_and_risk_inflected,supply,supply chain disruptions,0
RRX|2022Q3,lib_inflected,supply,lead times,10
RRX|2022Q3,lib_seeds_inflected,supply,lead times,10
RRX|2022Q3,lib_seeds_and_risk_inflected,supply,lead times,10
WSO|2017Q1,lib_seeds_inflected,distribution,threat,5
WSO|2017Q1,lib_seeds_and_risk_inflected,distribution,threat,5
WSO|2024Q3,lib_inflected,material,disruption,6
WSO|2024Q3,lib_seeds_inflected,material,disruption,6
WSO|2024Q3,lib_seeds_and_risk_inflected,material,disruption,6
ABM|2017Q2,lib_inflected,customers,volatility,6
ABM|2017Q2,lib_seeds_inflected,customers,volatility,6
ABM|2017Q2,lib_seeds_and_risk_inflected,customers,volatility,6
ABM|2022Q1,lib_inflected,shortage,labor shortage,0
ABM|2022Q1,lib_seeds_inflected,shortage,labor shortage,0
ABM|2022Q1,lib_seeds_and_risk_inflected,shortage,labor shortage,0
ABM|2023Q2,lib_inflected,order,downside,4
ABM|2023Q2,lib_seeds_inflected,order,downside,4
ABM|2023Q2,lib_seeds_and_risk_inflected,order,downside,4
AP|2017Q2,lib_inflected,shortage,shortage,0
AP|2017Q2,lib_seeds_inflected,shortage,shortage,0
AP|2017Q2,lib_seeds_and_risk_inflected,shortage,shortage,0
ABM|2013Q3,lib_inflected,shortage,shortage,0
ABM|2013Q3,lib_seeds_inflected,shortage,shortage,0
ABM|2013Q3,lib_seeds_and_risk_inflected,shortage,shortage,0
AP|2020Q2,lib_inflected,shortage,shortage,0
AP|2020Q2,lib_seeds_inflected,shortage,shortage,0
AP|2020Q2,lib_seeds_and_risk_inflected,shortage,shortage,0
AP|2022Q4,lib_seeds_inflected,transportation,risk,8
AP|2022Q4,lib_seeds_and_risk_inflected,transportation,risk,8
AP|2023Q2,lib_inflected,supply,lead times,2
AP|2023Q2,lib_seeds_inflected,supply chain,lead times,1
AP|2023Q2,lib_seeds_and_risk_inflected,supply chain,lead times,1
AP|2023Q4,lib_inflected,supply,disruptions,2
AP|2023Q4,lib_seeds_inflected,supply chain,disruptions,1
AP|2023Q4,lib_seeds_and_risk_inflected,supply,supply chain disruptions,0
AME|2011Q3,lib_inflected,customers,concerns,4
AME|2011Q3,lib_seeds_inflected,customers,concerns,4
AME|2011Q3,lib_seeds_and_risk_inflected,customers,concerns,4
AME|2019Q1,lib_inflected,inventory,disruptions,6
AME|2019Q1,lib_seeds_inflected,inventory,disruptions,6
AME|2019Q1,lib_seeds_and_risk_inflected,inventory,disruptions,6
AME|2019Q2,lib_seeds_inflected,sourcing,tariff,7
AME|2019Q2,lib_seeds_and_risk_inflected,sourcing,tariff,7
AME|2019Q4,lib_inflected,supply,disruptions,2
AME|2019Q4,lib_seeds_inflected,supply chain,disruptions,1
AME|2019Q4,lib_seeds_and_risk_inflected,supply,supply chain disruptions,0
AME|2016Q4,lib_inflected,shortage,shortage,0
AME|2016Q4,lib_seeds_inflected,shortage,shortage,0
AME|2016Q4,lib_seeds_and_risk_inflected,shortage,shortage,0
AME|2023Q2,lib_inflected,order,uncertainties,8
AME|2023Q2,lib_seeds_inflected,order,uncertainties,8
AME|2023Q2,lib_seeds_and_risk_inflected,order,uncertainties,8
AME|2024Q1,lib_seeds_inflected,supply chain,tariff,10
AME|2024Q1,lib_seeds_and_risk_inflected,supply chain,tariff,10
AIR|2021Q4,lib_inflected,shortage,shortage,0
AIR|2021Q4,lib_seeds_inflected,shortage,shortage,0
AIR|2021Q4,lib_seeds_and_risk_inflected,shortage,shortage,0
ATRO|2018Q3,lib_inflected,customers,concerns,9
ATRO|2018Q3,lib_seeds_inflected,customers,concerns,9
ATRO|2018Q3,lib_seeds_and_risk_inflected,customers,concerns,9
ATRO|2019Q4,lib_inflected,shortage,shortage,0
ATRO|2019Q4,lib_seeds_inflected,shortage,shortage,0
ATRO|2019Q4,lib_seeds_and_risk_inflected,shortage,shortage,0
ATRO|2022Q3,lib_inflected,supply,lead times,10
ATRO|2022Q3,lib_seeds_inflected,supply chain,lead times,9
ATRO|2022Q3,lib_seeds_and_risk_inflected,supply chain,lead times,9
ATRO|2024Q4,lib_inflected,supply,bottleneck,3
ATRO|2024Q4,lib_seeds_inflected,supply chains,bottleneck,2
ATRO|2024Q4,lib_seeds_and_risk_inflected,supply chains,bottleneck,2
AZZ|2024Q2,lib_inflected,shortage,shortage,0
AZZ|2024Q2,lib_seeds_inflected,shortage,shortage,0
AZZ|2024Q2,lib_seeds_and_risk_inflected,shortage,shortage,0
AIT|2012Q3,lib_inflected,customers,concerns,7
AIT|2012Q3,lib_seeds_inflected,customers,concerns,7
AIT|2012Q3,lib_seeds_and_risk_inflected,customers,concerns,7
AIT|2014Q1,lib_inflected,customers,concern,6
AIT|2014Q1,lib_seeds_inflected,customers,concern,6
AIT|2014Q1,lib_seeds_and_risk_inflected,customers,concern,6
AIT|2018Q2,lib_inflected,supply,lead times,5
AIT|2018Q2,lib_seeds_inflected,supply chain,lead times,4
AIT|2018Q2,lib_seeds_and_risk_inflected,supply chain,lead times,4
AIT|2020Q4,lib_inflected,supply,supply chain disruption,0
AIT|2020Q4,lib_seeds_inflected,supply,supply chain disruption,0
AIT|2020Q4,lib_seeds_and_risk_inflected,supply,supply chain disruption,0
AIT|2021Q2,lib_inflected,supply,risk,3
AIT|2021Q2,lib_seeds_inflected,supply,risk,3
AIT|2021Q2,lib_seeds_and_risk_inflected,supply,risk,3
AIT|2022Q2,lib_inflected,productions,lead times,2
AIT|2022Q2,lib_seeds_inflected,productions,lead times,2
AIT|2022Q2,lib_seeds_and_risk_inflected,productions,lead times,2
BRC|2012Q2,lib_inflected,customers,uncertainty,6
BRC|2012Q2,lib_seeds_inflected,customers,uncertainty,6
BRC|2012Q2,lib_seeds_and_risk_inflected,customers,uncertainty,6
BRC|2015Q1,lib_inflected,customers,disruption,3
BRC|2015Q1,lib_seeds_inflected,customers,disruption,3
BRC|2015Q1,lib_seeds_and_risk_inflected,customers,disruption,3
BRC|2015Q2,lib_inflected,customers,disruption,3
BRC|2015Q2,lib_seeds_inflected,customers,disruption,3
BRC|2015Q2,lib_seeds_and_risk_inflected,customers,disruption,3
BRC|2018Q2,lib_seeds_inflected,purchasing,uncertainty,8
BRC|2018Q2,lib_seeds_and_risk_inflected,purchasing,uncertainty,8
AOS|2012Q1,lib_seeds_inflected,distribution,concerns,4
AOS|2012Q1,lib_seeds_and_risk_inflected,distribution,concerns,4
AOS|2015Q1,lib_inflected,inventory,volatility,6
AOS|2015Q1,lib_seeds_inflected,inventory,volatility,6
AOS|2015Q1,lib_seeds_and_risk_inflected,inventory,volatility,6
AOS|2023Q1,lib_inflected,supply,disruptions,5
AOS|2023Q1,lib_seeds_inflected,supply chain,disruptions,4
AOS|2023Q1,lib_seeds_and_risk_inflected,supply chain,disruptions,4
AOS|2023Q2,lib_inflected,supply,disruption,4
AOS|2023Q2,lib_seeds_inflected,supply chain,disruption,3
AOS|2023Q2,lib_seeds_and_risk_inflected,supply chain,disruption,3
AOS|2023Q3,lib_inflected,supply,disruption,4
AOS|2023Q3,lib_seeds_inflected,supply chain,disruption,3
AOS|2023Q3,lib_seeds_and_risk_inflected,supply chain,disruption,3
AOS|2023Q4,lib_seeds_inflected,manufacturing,tariff,8
AOS|2023Q4,lib_seeds_and_risk_inflected,manufacturing,tariff,8
PRG|2020Q2,lib_inflected,supply,supply chain disruption,0
PRG|2020Q2,lib_seeds_inflected,supply,supply chain disruption,0
PRG|2020Q2,lib_seeds_and_risk_inflected,supply,supply chain disruptions,0
PRG|2021Q1,lib_inflected,supply,disruptions,2
PRG|2021Q1,lib_seeds_inflected,supply chain,disruptions,1
PRG|2021Q1,lib_seeds_and_risk_inflected,supply,supply chain disruptions,0
PRG|2022Q1,lib_inflected,customers,risky,8
PRG|2022Q1,lib_seeds_inflected,customers,risky,8
PRG|2022Q1,lib_seeds_and_risk_inflected,customers,risky,8
PRG|2023Q3,lib_inflected,customers,uncertain,2
PRG|2023Q3,lib_seeds_inflected,customers,uncertain,2
PRG|2023Q3,lib_seeds_and_risk_inflected,customers,uncertain,2
IP|2010Q4,lib_inflected,shortage,shortage,0
IP|2010Q4,lib_seeds_inflected,shortage,shortage,0
IP|2010Q4,lib_seeds_and_risk_inflected,shortage,shortage,0
IP|2012Q2,lib_inflected,customers,concern,6
IP|2012Q2,lib_seeds_inflected,customers,concern,6
IP|2012Q2,lib_seeds_and_risk_inflected,customers,concern,6
IP|2012Q3,lib_inflected,inventory,exposure,8
IP|2012Q3,lib_seeds_inflected,inventory,exposure,8
IP|2012Q3,lib_seeds_and_risk_inflected,inventory,exposure,8
IP|2015Q3,lib_inflected,supply,tariffs,2
IP|2015Q3,lib_seeds_inflected,supply,tariffs,2
IP|2015Q3,lib_seeds_and_risk_inflected,supply,tariffs,2
IP|2017Q3,lib_inflected,material,risk,1
IP|2017Q3,lib_seeds_inflected,material,risk,1
IP|2017Q3,lib_seeds_and_risk_inflected,supply,supply disruptions,0
IP|2018Q1,lib_inflected,shortage,shortage,0
IP|2018Q1,lib_seeds_inflected,shortage,shortage,0
IP|2018Q1,lib_seeds_and_risk_inflected,shortage,shortage,0
IP|2018Q2,lib_inflected,shortage,shortage,0
IP|2018Q2,lib_seeds_inflected,shortage,shortage,0
IP|2018Q2,lib_seeds_and_risk_inflected,shortage,shortage,0
IP|2019Q1,lib_inflected,inventory,tariffs,2
IP|2019Q1,lib_seeds_inflected,inventory,tariffs,2
IP|2019Q1,lib_seeds_and_risk_inflected,inventory,tariffs,2
IP|2019Q2,lib_inflected,supply,disruptions,3
IP|2019Q2,lib_seeds_inflected,transportation,disruptions,1
IP|2019Q2,lib_seeds_and_risk_inflected,transportation,disruptions,1
IP|2023Q1,lib_inflected,supply,port congestion,5
IP|2023Q1,lib_seeds_inflected,supply chain,port congestion,4
IP|2023Q1,lib_seeds_and_risk_inflected,supply chain,port congestion,4
IP|2023Q2,lib_inflected,supply,supply chain disruption,0
IP|2023Q2,lib_seeds_inflected,supply,supply chain disruption,0
IP|2023Q2,lib_seeds_and_risk_inflected,supply,supply chain disruptions,0
IP|2023Q4,lib_inflected,customers,exposure,10
IP|2023Q4,lib_seeds_inflected,customers,exposure,10
IP|2023Q4,lib_seeds_and_risk_inflected,customers,exposure,10
IP|2024Q2,lib_inflected,customers,risk,2
IP|2024Q2,lib_seeds_inflected,customers,risk,2
IP|2024Q2,lib_seeds_and_risk_inflected,customers,risk,2
MCD|2010Q1,lib_inflected,suppliers,risk,8
MCD|2010Q1,lib_seeds_inflected,suppliers,risk,8
MCD|2010Q1,lib_seeds_and_risk_inflected,suppliers,risk,8
MCD|2012Q3,lib_inflected,suppliers,risk,7
MCD|2012Q3,lib_seeds_inflected,suppliers,risk,7
MCD|2012Q3,lib_seeds_and_risk_inflected,suppliers,risk,7
MCD|2015Q4,lib_seeds_inflected,purchasing,uncertainties,4
MCD|2015Q4,lib_seeds_and_risk_inflected,purchasing,uncertainties,4
MCD|2016Q1,lib_seeds_inflected,purchasing,uncertainties,4
MCD|2016Q1,lib_seeds_and_risk_inflected,purchasing,uncertainties,4
MCD|2018Q1,lib_inflected,customers,concern,6
MCD|2018Q1,lib_seeds_inflected,customers,concern,6
MCD|2018Q1,lib_seeds_and_risk_inflected,customers,concern,6
F|2011Q2,lib_inflected,supply,disruptions,2
F|2011Q2,lib_seeds_inflected,supply,disruptions,2
F|2011Q2,lib_seeds_and_risk_inflected,supply,disruptions,2
MCD|2021Q2,lib_inflected,shortage,labor shortage,0
MCD|2021Q2,lib_seeds_inflected,shortage,labor shortage,0
MCD|2021Q2,lib_seeds_and_risk_inflected,shortage,labor shortage,0
F|2015Q2,lib_inflected,order,lead times,2
F|2015Q2,lib_seeds_inflected,order,lead times,2
F|2015Q2,lib_seeds_and_risk_inflected,order,lead times,2
F|2023Q3,lib_inflected,suppliers,disruptions,5
F|2023Q3,lib_seeds_inflected,suppliers,disruptions,5
F|2023Q3,lib_seeds_and_risk_inflected,suppliers,disruptions,5
F|2023Q4,lib_inflected,customers,uncertain,2
F|2023Q4,lib_seeds_inflected,customers,uncertain,2
F|2023Q4,lib_seeds_and_risk_inflected,customers,uncertain,2
TM|2010Q3,lib_inflected,customers,concerns,3
TM|2010Q3,lib_seeds_inflected,customers,concerns,3
TM|2010Q3,lib_seeds_and_risk_inflected,customers,concerns,3
TM|2021Q2,lib_inflected,supply,concerns,6
TM|2021Q2,lib_seeds_inflected,supply chain,concerns,5
TM|2021Q2,lib_seeds_and_risk_inflected,supply chain,concerns,5
HMC|2012Q4,lib_inflected,supply,disruptions,2
HMC|2012Q4,lib_seeds_inflected,supply chain,disruptions,1
HMC|2012Q4,lib_seeds_and_risk_inflected,supply,supply chain disruptions,0
HMC|2013Q1,lib_inflected,order,risk,7
HMC|2013Q1,lib_seeds_inflected,order,risk,7
HMC|2013Q1,lib_seeds_and_risk_inflected,order,risk,7
HMC|2013Q2,lib_inflected,order,risk,7
HMC|2013Q2,lib_seeds_inflected,order,risk,7
HMC|2013Q2,lib_seeds_and_risk_inflected,order,risk,7
HMC|2013Q3,lib_inflected,supply,natural disasters,3
HMC|2013Q3,lib_seeds_inflected,supply,natural disasters,3
HMC|2013Q3,lib_seeds_and_risk_inflected,supply,natural disasters,3
HD|2012Q1,lib_inflected,inventory,concern,3
HD|2012Q1,lib_seeds_inflected,inventory,concern,3
HD|2012Q1,lib_seeds_and_risk_inflected,inventory,concern,3
NKE|2019Q4,lib_seeds_inflected,manufacturing,exposure,1
NKE|2019Q4,lib_seeds_and_risk_inflected,manufacturing,exposure,1
NKE|2021Q4,lib_inflected,supply,supply chain disruption,0
NKE|2021Q4,lib_seeds_inflected,supply,supply chain disruption,0
NKE|2021Q4,lib_seeds_and_risk_inflected,supply,supply chain disruption,0
NKE|2023Q2,lib_inflected,supply,lead times,3
NKE|2023Q2,lib_seeds_inflected,supply,lead times,3
NKE|2023Q2,lib_seeds_and_risk_inflected,supply,lead times,3
HD|2015Q4,lib_inflected,customers,lead times,3
HD|2015Q4,lib_seeds_inflected,customers,lead times,3
HD|2015Q4,lib_seeds_and_risk_inflected,customers,lead times,3
HD|2016Q2,lib_inflected,inventory,lead times,9
HD|2016Q2,lib_seeds_inflected,inventory,lead times,9
HD|2016Q2,lib_seeds_and_risk_inflected,inventory,lead times,9
HD|2017Q3,lib_inflected,supply,natural disasters,4
HD|2017Q3,lib_seeds_inflected,supply,natural disasters,4
HD|2017Q3,lib_seeds_and_risk_inflected,supply,natural disasters,4
HD|2017Q4,lib_inflected,shortage,shortage,0
HD|2017Q4,lib_seeds_inflected,shortage,shortage,0
HD|2017Q4,lib_seeds_and_risk_inflected,shortage,shortage,0
HD|2012Q3,lib_inflected,customers,threat,7
HD|2012Q3,lib_seeds_inflected,customers,threat,7
HD|2012Q3,lib_seeds_and_risk_inflected,customers,threat,7
HD|2021Q1,lib_inflected,shortage,shortage,0
HD|2021Q1,lib_seeds_inflected,shortage,shortage,0
HD|2021Q1,lib_seeds_and_risk_inflected,shortage,shortage,0
HD|2022Q2,lib_inflected,supply,supply chain disruption,0
HD|2022Q2,lib_seeds_inflected,supply,supply chain disruption,0
HD|2022Q2,lib_seeds_and_risk_inflected,supply,supply chain disruptions,0
HD|2023Q2,lib_inflected,supply,lead times,3
HD|2023Q2,lib_seeds_inflected,supply chain,lead times,2
HD|2023Q2,lib_seeds_and_risk_inflected,supply chain,lead times,2
HD|2023Q4,lib_inflected,shortage,shortage,0
HD|2023Q4,lib_seeds_inflected,shortage,shortage,0
HD|2023Q4,lib_seeds_and_risk_inflected,shortage,shortage,0
HD|2024Q4,lib_inflected,shortage,shortage,0
HD|2024Q4,lib_seeds_inflected,shortage,shortage,0
HD|2024Q4,lib_seeds_and_risk_inflected,shortage,shortage,0
BC|2013Q3,lib_inflected,customers,uncertainties,10
BC|2013Q3,lib_seeds_inflected,customers,uncertainties,10
BC|2013Q3,lib_seeds_and_risk_inflected,customers,uncertainties,10
BC|2014Q2,lib_inflected,order,concern,10
BC|2014Q2,lib_seeds_inflected,order,concern,10
BC|2014Q2,lib_seeds_and_risk_inflected,order,concern,10
BC|2015Q2,lib_inflected,material,exposures,1
BC|2015Q2,lib_seeds_inflected,material,exposures,1
BC|2015Q2,lib_seeds_and_risk_inflected,material,exposures,1
BC|2015Q3,lib_inflected,material,exposures,1
BC|2015Q3,lib_seeds_inflected,material,exposures,1
BC|2015Q3,lib_seeds_and_risk_inflected,material,exposures,1
BC|2011Q2,lib_inflected,shortage,shortage,0
BC|2011Q2,lib_seeds_inflected,shortage,shortage,0
BC|2011Q2,lib_seeds_and_risk_inflected,shortage,shortage,0
BC|2015Q4,lib_inflected,material,exposures,1
BC|2015Q4,lib_seeds_inflected,material,exposures,1
BC|2015Q4,lib_seeds_and_risk_inflected,material,exposures,1
BC|2017Q3,lib_seeds_inflected,manufacturing,disruptions,1
BC|2017Q3,lib_seeds_and_risk_inflected,manufacturing,disruptions,1
BC|2019Q2,lib_inflected,supply,supply disruption,0
BC|2019Q2,lib_seeds_inflected,supply,supply disruption,0
BC|2019Q2,lib_seeds_and_risk_inflected,supply,supply disruption,0
BC|2024Q4,lib_inflected,inventory,tariff,3
BC|2024Q4,lib_seeds_inflected,inventory,tariff,3
BC|2024Q4,lib_seeds_and_risk_inflected,inventory,tariff,3
SKY|2019Q3,lib_seeds_inflected,purchasing,risk,5
SKY|2019Q3,lib_seeds_and_risk_inflected,purchasing,risk,5
SKY|2019Q4,lib_inflected,shortage,shortage,0
SKY|2019Q4,lib_seeds_inflected,shortage,shortage,0
SKY|2019Q4,lib_seeds_and_risk_inflected,shortage,shortage,0
SKY|2020Q2,lib_inflected,channel,concerns,9
SKY|2020Q2,lib_seeds_inflected,channel,concerns,9
SKY|2020Q2,lib_seeds_and_risk_inflected,channel,concerns,9
SKY|2020Q3,lib_inflected,shortage,shortage,0
SKY|2020Q3,lib_seeds_inflected,shortage,shortage,0
SKY|2020Q3,lib_seeds_and_risk_inflected,shortage,shortage,0
MAT|2010Q1,lib_inflected,supply,concern,3
MAT|2010Q1,lib_seeds_inflected,supply,concern,3
MAT|2010Q1,lib_seeds_and_risk_inflected,supply,concern,3
MAT|2022Q1,lib_inflected,supply,supply chain disruption,0
MAT|2022Q1,lib_seeds_inflected,supply,supply chain disruption,0
MAT|2022Q1,lib_seeds_and_risk_inflected,supply,supply chain disruptions,0
MAT|2022Q2,lib_inflected,supply,supply chain disruption,0
MAT|2022Q2,lib_seeds_inflected,supply,supply chain disruption,0
MAT|2022Q2,lib_seeds_and_risk_inflected,supply,supply chain disruption,0
WHR|2012Q4,lib_inflected,inventory,uncertainty,5
WHR|2012Q4,lib_seeds_inflected,inventory,uncertainty,5
WHR|2012Q4,lib_seeds_and_risk_inflected,inventory,uncertainty,5
GPC|2021Q3,lib_inflected,supply,disruptions,2
GPC|2021Q3,lib_seeds_inflected,supply chain,disruptions,1
GPC|2021Q3,lib_seeds_and_risk_inflected,supply,supply chain disruptions,0
GPC|2022Q2,lib_inflected,shortage,shortage,0
GPC|2022Q2,lib_seeds_inflected,shortage,shortage,0
GPC|2022Q2,lib_seeds_and_risk_inflected,supply,supply chain disruptions,0
GPC|2024Q3,lib_inflected,customers,uncertainty,4
GPC|2024Q3,lib_seeds_inflected,customers,uncertainty,4
GPC|2024Q3,lib_seeds_and_risk_inflected,customers,uncertainty,4
GPC|2016Q3,lib_inflected,shortage,shortage,0
GPC|2016Q3,lib_seeds_inflected,shortage,shortage,0
GPC|2016Q3,lib_seeds_and_risk_inflected,shortage,shortage,0
MAT|2024Q1,lib_seeds_inflected,manufacturing,exposures,5
MAT|2024Q1,lib_seeds_and_risk_inflected,manufacturing,exposures,5
GPC|2010Q1,lib_inflected,customers,exposure,9
GPC|2010Q1,lib_seeds_inflected,customers,exposure,9
GPC|2010Q1,lib_seeds_and_risk_inflected,customers,exposure,9
GPC|2010Q3,lib_inflected,customers,exposure,9
GPC|2010Q3,lib_seeds_inflected,customers,exposure,9
GPC|2010Q3,lib_seeds_and_risk_inflected,customers,exposure,9
GPC|2012Q4,lib_inflected,customers,uncertainty,8
GPC|2012Q4,lib_seeds_inflected,customers,uncertainty,8
GPC|2012Q4,lib_seeds_and_risk_inflected,customers,uncertainty,8
GPC|2015Q1,lib_inflected,supply,supply chain disruption,0
GPC|2015Q1,lib_seeds_inflected,supply,supply chain disruption,0
GPC|2015Q1,lib_seeds_and_risk_inflected,supply,supply chain disruption,0
GPC|2015Q3,lib_inflected,channel,volatility,2
GPC|2015Q3,lib_seeds_inflected,channel,volatility,2
GPC|2015Q3,lib_seeds_and_risk_inflected,channel,volatility,2
WHR|2023Q1,lib_inflected,supply,disruptions,2
WHR|2023Q1,lib_seeds_inflected,supply chain,disruptions,1
WHR|2023Q1,lib_seeds_and_risk_inflected,supply,supply chain disruptions,0
WHR|2023Q2,lib_inflected,shortage,shortage,0
WHR|2023Q2,lib_seeds_inflected,shortage,shortage,0
WHR|2023Q2,lib_seeds_and_risk_inflected,shortage,shortage,0
WHR|2023Q3,lib_inflected,shortage,shortage,0
WHR|2023Q3,lib_seeds_inflected,shortage,shortage,0
WHR|2023Q3,lib_seeds_and_risk_inflected,shortage,shortage,0
CASY|2018Q1,lib_inflected,supply,supply disruption,0
CASY|2018Q1,lib_seeds_inflected,supply,supply disruption,0
CASY|2018Q1,lib_seeds_and_risk_inflected,supply,supply disruption,0
CASY|2020Q4,lib_inflected,supply,demand shock,4
CASY|2020Q4,lib_seeds_inflected,supply,demand shock,4
CASY|2020Q4,lib_seeds_and_risk_inflected,supply,demand shock,4
CASY|2021Q1,lib_seeds_inflected,procurement,volatile,8
CASY|2021Q1,lib_seeds_and_risk_inflected,procurement,volatile,8
CASY|2023Q2,lib_seeds_inflected,procurement,volatile,10
CASY|2023Q2,lib_seeds_and_risk_inflected,procurement,volatile,10
AVY|2011Q2,lib_inflected,material,uncertain,7
AVY|2011Q2,lib_seeds_inflected,material,uncertain,7
AVY|2011Q2,lib_seeds_and_risk_inflected,material,uncertain,7
AVY|2018Q2,lib_inflected,customers,exposure,4
AVY|2018Q2,lib_seeds_inflected,customers,exposure,4
AVY|2018Q2,lib_seeds_and_risk_inflected,customers,exposure,4
AVY|2022Q3,lib_inflected,order,lead times,1
AVY|2022Q3,lib_seeds_inflected,supply chain,volatility,1
AVY|2022Q3,lib_seeds_and_risk_inflected,supply chain,volatility,1
BALL|2010Q3,lib_inflected,customers,concerns,3
BALL|2010Q3,lib_seeds_inflected,customers,concerns,3
BALL|2010Q3,lib_seeds_and_risk_inflected,customers,concerns,3
AVY|2014Q1,lib_seeds_inflected,manufacturing,extreme weather,10
AVY|2014Q1,lib_seeds_and_risk_inflected,manufacturing,extreme weather,10
AVY|2015Q3,lib_inflected,customers,disruption,2
AVY|2015Q3,lib_seeds_inflected,customers,disruption,2
AVY|2015Q3,lib_seeds_and_risk_inflected,customers,disruption,2
AVY|2016Q1,lib_seeds_inflected,manufacturing,jeopardy,6
AVY|2016Q1,lib_seeds_and_risk_inflected,manufacturing,jeopardy,6
BALL|2011Q4,lib_seeds_inflected,manufacturing,risks,1
BALL|2011Q4,lib_seeds_and_risk_inflected,manufacturing,risks,1
BALL|2012Q4,lib_inflected,material,concerns,9
BALL|2012Q4,lib_seeds_inflected,material,concerns,9
BALL|2012Q4,lib_seeds_and_risk_inflected,material,concerns,9
BALL|2015Q3,lib_inflected,customers,uncertainty,10
BALL|2015Q3,lib_seeds_inflected,customers,uncertainty,10
BALL|2015Q3,lib_seeds_and_risk_inflected,customers,uncertainty,10
BALL|2017Q1,lib_inflected,shortage,shortage,0
BALL|2017Q1,lib_seeds_inflected,shortage,shortage,0
BALL|2017Q1,lib_seeds_and_risk_inflected,shortage,shortage,0
BALL|2017Q3,lib_inflected,customers,downside,5
BALL|2017Q3,lib_seeds_inflected,customers,downside,5
BALL|2017Q3,lib_seeds_and_risk_inflected,customers,downside,5
BALL|2018Q4,lib_inflected,customers,tariff,7
BALL|2018Q4,lib_seeds_inflected,customers,tariff,7
BALL|2018Q4,lib_seeds_and_risk_inflected,customers,tariff,7
BALL|2019Q4,lib_inflected,customers,disruption,8
BALL|2019Q4,lib_seeds_inflected,customers,disruption,8
BALL|2019Q4,lib_seeds_and_risk_inflected,customers,disruption,8
BALL|2022Q3,lib_inflected,customers,volatile,7
BALL|2022Q3,lib_seeds_inflected,customers,volatile,7
BALL|2022Q3,lib_seeds_and_risk_inflected,customers,volatile,7
CBRL|2012Q2,lib_inflected,supply,concerns,8
CBRL|2012Q2,lib_seeds_inflected,supply,concerns,8
CBRL|2012Q2,lib_seeds_and_risk_inflected,supply,concerns,8
CBRL|2012Q4,lib_inflected,supply,concern,9
CBRL|2012Q4,lib_seeds_inflected,supply,concern,9
CBRL|2012Q4,lib_seeds_and_risk_inflected,supply,concern,9
CBRL|2020Q4,lib_inflected,supply,disruptions,2
CBRL|2020Q4,lib_seeds_inflected,supply chain,disruptions,1
CBRL|2020Q4,lib_seeds_and_risk_inflected,supply,supply chain disruptions,0
CBRL|2023Q1,lib_inflected,supply,risks,3
CBRL|2023Q1,lib_seeds_inflected,supply,risks,3
CBRL|2023Q1,lib_seeds_and_risk_inflected,supply,risks,3
CAL|2013Q4,lib_inflected,inventory,risks,4
CAL|2013Q4,lib_seeds_inflected,inventory,risks,4
CAL|2013Q4,lib_seeds_and_risk_inflected,inventory,risks,4
CAL|2014Q1,lib_inflected,inventory,jeopardy,3
CAL|2014Q1,lib_seeds_inflected,inventory,jeopardy,3
CAL|2014Q1,lib_seeds_and_risk_inflected,inventory,jeopardy,3
CAL|2021Q4,lib_inflected,supply,disruptions,2
CAL|2021Q4,lib_seeds_inflected,supply chain,disruptions,1
CAL|2021Q4,lib_seeds_and_risk_inflected,supply,supply chain disruptions,0
CAL|2023Q2,lib_inflected,inventory,uncertain,4
CAL|2023Q2,lib_seeds_inflected,inventory,uncertain,4
CAL|2023Q2,lib_seeds_and_risk_inflected,inventory,uncertain,4
CAL|2019Q4,lib_inflected,supply,disruptions,2
CAL|2019Q4,lib_seeds_inflected,supply chain,disruptions,1
CAL|2019Q4,lib_seeds_and_risk_inflected,supply,supply chain disruptions,0
CAL|2020Q4,lib_inflected,supply,supply chain disruption,0
CAL|2020Q4,lib_seeds_inflected,supply,supply chain disruption,0
CAL|2020Q4,lib_seeds_and_risk_inflected,supply,supply chain disruptions,0
CAL|2024Q3,lib_inflected,supply,tariffs,4
CAL|2024Q3,lib_seeds_inflected,sourcing,tariffs,2
CAL|2024Q3,lib_seeds_and_risk_inflected,sourcing,tariffs,2
WGO|2019Q2,lib_inflected,inventory,concerns,1
WGO|2019Q2,lib_seeds_inflected,inventory,concerns,1
WGO|2019Q2,lib_seeds_and_risk_inflected,inventory,concerns,1
WWW|2014Q4,lib_inflected,order,risk,5
WWW|2014Q4,lib_seeds_inflected,order,risk,5
WWW|2014Q4,lib_seeds_and_risk_inflected,order,risk,5
WWW|2015Q1,lib_seeds_inflected,distribution,risk,3
WWW|2015Q1,lib_seeds_and_risk_inflected,distribution,risk,3
WWW|2017Q4,lib_inflected,supply,lead times,6
WWW|2017Q4,lib_seeds_inflected,supply chain,lead times,5
WWW|2017Q4,lib_seeds_and_risk_inflected,supply chain,lead times,5
WWW|2019Q1,lib_inflected,inventory,tariff,10
WWW|2019Q1,lib_seeds_inflected,inventory,tariff,10
WWW|2019Q1,lib_seeds_and_risk_inflected,inventory,tariff,10
WWW|2020Q2,lib_inflected,order,risk,3
WWW|2020Q2,lib_seeds_inflected,order,risk,3
WWW|2020Q2,lib_seeds_and_risk_inflected,order,risk,3
WWW|2021Q1,lib_inflected,inventory,bottleneck,9
WWW|2021Q1,lib_seeds_inflected,logistics,capacity constraints,6
WWW|2021Q1,lib_seeds_and_risk_inflected,logistics,capacity constraints,6
WWW|2023Q1,lib_inflected,supply,disruptions,2
WWW|2023Q1,lib_seeds_inflected,supply chain,disruptions,1
WWW|2023Q1,lib_seeds_and_risk_inflected,supply,supply chain disruptions,0
WWW|2024Q4,lib_inflected,supply,supply chain disruption,0
WWW|2024Q4,lib_seeds_inflected,supply,supply chain disruption,0
WWW|2024Q4,lib_seeds_and_risk_inflected,supply,supply chain disruption,0
CCK|2013Q4,lib_inflected,supply,peril,6
CCK|2013Q4,lib_seeds_inflected,supply,peril,6
CCK|2013Q4,lib_seeds_and_risk_inflected,supply,peril,6
CCK|2016Q1,lib_inflected,customers,risk,6
CCK|2016Q1,lib_seeds_inflected,customers,risk,6
CCK|2016Q1,lib_seeds_and_risk_inflected,customers,risk,6
CCK|2017Q1,lib_inflected,customers,volatility,9
CCK|2017Q1,lib_seeds_inflected,customers,volatility,9
CCK|2017Q1,lib_seeds_and_risk_inflected,customers,volatility,9
CCK|2018Q3,lib_inflected,shortage,shortage,0
CCK|2018Q3,lib_seeds_inflected,shortage,shortage,0
CCK|2018Q3,lib_seeds_and_risk_inflected,shortage,shortage,0
CCK|2022Q2,lib_inflected,supply,disruptions,4
CCK|2022Q2,lib_seeds_inflected,supply chain,disruptions,3
CCK|2022Q2,lib_seeds_and_risk_inflected,supply chain,disruptions,3
CCK|2023Q2,lib_inflected,inventory,risk,2
CCK|2023Q2,lib_seeds_inflected,inventory,risk,2
CCK|2023Q2,lib_seeds_and_risk_inflected,inventory,risk,2
CCK|2023Q3,lib_inflected,customers,risk,6
CCK|2023Q3,lib_seeds_inflected,customers,risk,6
CCK|2023Q3,lib_seeds_and_risk_inflected,customers,risk,6
CCK|2024Q3,lib_inflected,customers,risk,8
CCK|2024Q3,lib_seeds_inflected,customers,risk,8
CCK|2024Q3,lib_seeds_and_risk_inflected,customers,risk,8
CCK|2024Q4,lib_inflected,shortage,shortage,0
CCK|2024Q4,lib_seeds_inflected,shortage,shortage,0
CCK|2024Q4,lib_seeds_and_risk_inflected,shortage,shortage,0
BBY|2011Q3,lib_inflected,inventory,risk,7
BBY|2011Q3,lib_seeds_inflected,inventory,risk,7
BBY|2011Q3,lib_seeds_and_risk_inflected,inventory,risk,7
BBY|2013Q3,lib_inflected,inventory,concern,9
BBY|2013Q3,lib_seeds_inflected,inventory,concern,9
BBY|2013Q3,lib_seeds_and_risk_inflected,inventory,concern,9
BBY|2014Q3,lib_inflected,inventory,risk,6
BBY|2014Q3,lib_seeds_inflected,inventory,risk,6
BBY|2014Q3,lib_seeds_and_risk_inflected,inventory,risk,6
BBY|2015Q2,lib_inflected,inventory,uncertain,4
BBY|2015Q2,lib_seeds_inflected,inventory,uncertain,4
BBY|2015Q2,lib_seeds_and_risk_inflected,inventory,uncertain,4
HAS|2017Q4,lib_inflected,inventory,risk,2
HAS|2017Q4,lib_seeds_inflected,inventory,risk,2
HAS|2017Q4,lib_seeds_and_risk_inflected,inventory,risk,2
HAS|2021Q4,lib_inflected,supply,supply chain disruption,0
HAS|2021Q4,lib_seeds_inflected,supply,supply chain disruption,0
HAS|2021Q4,lib_seeds_and_risk_inflected,supply,supply chain disruption,0
HAS|2022Q4,lib_inflected,shortage,shortage,0
HAS|2022Q4,lib_seeds_inflected,shortage,shortage,0
HAS|2022Q4,lib_seeds_and_risk_inflected,supply,supply chain disruptions,0
BBY|2015Q3,lib_inflected,supply,supply chain disruption,0
BBY|2015Q3,lib_seeds_inflected,supply,supply chain disruption,0
BBY|2015Q3,lib_seeds_and_risk_inflected,supply,supply chain disruption,0
BBY|2017Q3,lib_seeds_and_risk_inflected,shipping,shipping delays,0
BBY|2019Q3,lib_inflected,customers,volatility,8
BBY|2019Q3,lib_seeds_inflected,transportation,tariffs,5
BBY|2019Q3,lib_seeds_and_risk_inflected,transportation,tariffs,5
BBY|2021Q1,lib_inflected,material,disruptions,1
BBY|2021Q1,lib_seeds_inflected,material,disruptions,1
BBY|2021Q1,lib_seeds_and_risk_inflected,material,disruptions,1
BBY|2021Q2,lib_inflected,inventory,risk,9
BBY|2021Q2,lib_seeds_inflected,inventory,risk,9
BBY|2021Q2,lib_seeds_and_risk_inflected,inventory,risk,9
BBY|2022Q2,lib_seeds_inflected,transportation,disruptions,1
BBY|2022Q2,lib_seeds_and_risk_inflected,transportation,disruptions,1
SON|2013Q2,lib_inflected,material,volatile,5
SON|2013Q2,lib_seeds_inflected,material,volatile,5
SON|2013Q2,lib_seeds_and_risk_inflected,material,volatile,5
BBY|2022Q3,lib_inflected,supply,disruptions,2
BBY|2022Q3,lib_seeds_inflected,supply,disruptions,2
BBY|2022Q3,lib_seeds_and_risk_inflected,supply,disruptions,2
BBY|2022Q4,lib_inflected,supply,uncertainty,5
BBY|2022Q4,lib_seeds_inflected,transportation,uncertainty,2
BBY|2022Q4,lib_seeds_and_risk_inflected,transportation,uncertainty,2
SON|2011Q3,lib_inflected,customers,volatility,3
SON|2011Q3,lib_seeds_inflected,customers,volatility,3
SON|2011Q3,lib_seeds_and_risk_inflected,customers,volatility,3
SON|2011Q4,lib_inflected,customers,lead time,9
SON|2011Q4,lib_seeds_inflected,customers,lead time,9
SON|2011Q4,lib_seeds_and_risk_inflected,customers,lead time,9
SON|2012Q3,lib_inflected,customers,exposure,3
SON|2012Q3,lib_seeds_inflected,customers,exposure,3
SON|2012Q3,lib_seeds_and_risk_inflected,customers,exposure,3
SON|2021Q4,lib_inflected,supply,disruptions,2
SON|2021Q4,lib_seeds_inflected,supply chain,disruptions,1
SON|2021Q4,lib_seeds_and_risk_inflected,supply,supply chain disruptions,0
SON|2022Q4,lib_inflected,supply,disruptions,4
SON|2022Q4,lib_seeds_inflected,supply chain,disruptions,3
SON|2022Q4,lib_seeds_and_risk_inflected,supply chain,disruptions,3
SON|2023Q3,lib_inflected,supply,tariffs,4
SON|2023Q3,lib_seeds_inflected,supply,tariffs,4
SON|2023Q3,lib_seeds_and_risk_inflected,supply,tariffs,4
SON|2024Q1,lib_inflected,supply,uncertainties,5
SON|2024Q1,lib_seeds_inflected,supply,uncertainties,5
SON|2024Q1,lib_seeds_and_risk_inflected,supply,uncertainties,5
SON|2024Q3,lib_inflected,supply,disruptions,2
SON|2024Q3,lib_seeds_inflected,supply chain,disruptions,1
SON|2024Q3,lib_seeds_and_risk_inflected,supply,supply chain disruptions,0
SON|2024Q4,lib_inflected,supply,tariffs,10
SON|2024Q4,lib_seeds_inflected,supply,tariffs,10
SON|2024Q4,lib_seeds_and_risk_inflected,supply,tariffs,10
VFC|2014Q2,lib_inflected,channel,exposure,4
VFC|2014Q2,lib_seeds_inflected,channel,exposure,4
VFC|2014Q2,lib_seeds_and_risk_inflected,channel,exposure,4
VFC|2015Q1,lib_inflected,inventory,lead times,5
VFC|2015Q1,lib_seeds_inflected,inventory,lead times,5
VFC|2015Q1,lib_seeds_and_risk_inflected,inventory,lead times,5
VFC|2016Q1,lib_inflected,channel,exposure,8
VFC|2016Q1,lib_seeds_inflected,channel,exposure,8
VFC|2016Q1,lib_seeds_and_risk_inflected,channel,exposure,8
BBWI|2014Q4,lib_inflected,inventory,lead time,9
BBWI|2014Q4,lib_seeds_inflected,inventory,lead time,9
BBWI|2014Q4,lib_seeds_and_risk_inflected,inventory,lead time,9
BBWI|2014Q2,lib_inflected,supply,lead times,3
BBWI|2014Q2,lib_seeds_inflected,supply,lead times,3
BBWI|2014Q2,lib_seeds_and_risk_inflected,supply,lead times,3
BBWI|2019Q4,lib_inflected,supply,tariffs,9
BBWI|2019Q4,lib_seeds_inflected,supply,tariffs,9
BBWI|2019Q4,lib_seeds_and_risk_inflected,supply,tariffs,9
VFC|2020Q2,lib_inflected,inventory,tariffs,8
VFC|2020Q2,lib_seeds_inflected,inventory,tariffs,8
VFC|2020Q2,lib_seeds_and_risk_inflected,inventory,tariffs,8
BBWI|2010Q1,lib_seeds_inflected,sourcing,lead times,9
BBWI|2010Q1,lib_seeds_and_risk_inflected,sourcing,lead times,9
PHM|2010Q2,lib_inflected,shortage,shortage,0
PHM|2010Q2,lib_seeds_inflected,shortage,shortage,0
PHM|2010Q2,lib_seeds_and_risk_inflected,shortage,shortage,0
PHM|2013Q2,lib_inflected,inventory,risk,9
PHM|2013Q2,lib_seeds_inflected,inventory,risk,9
PHM|2013Q2,lib_seeds_and_risk_inflected,inventory,risk,9
PHM|2023Q1,lib_inflected,shortage,shortage,0
PHM|2023Q1,lib_seeds_inflected,shortage,shortage,0
PHM|2023Q1,lib_seeds_and_risk_inflected,shortage,shortage,0
PHM|2024Q4,lib_inflected,shortage,shortage,0
PHM|2024Q4,lib_seeds_inflected,shortage,shortage,0
PHM|2024Q4,lib_seeds_and_risk_inflected,shortage,shortage,0
GCO|2013Q1,lib_inflected,inventory,risk,6
GCO|2013Q1,lib_seeds_inflected,inventory,risk,6
GCO|2013Q1,lib_seeds_and_risk_inflected,inventory,risk,6
GCO|2013Q4,lib_inflected,inventory,risk,9
GCO|2013Q4,lib_seeds_inflected,inventory,risk,9
GCO|2013Q4,lib_seeds_and_risk_inflected,inventory,risk,9
GCO|2014Q4,lib_inflected,inventory,risk,3
GCO|2014Q4,lib_seeds_inflected,manufacturing,disruptions,1
GCO|2014Q4,lib_seeds_and_risk_inflected,manufacturing,disruptions,1
PHM|2013Q3,lib_inflected,buyer,uncertainty,1
PHM|2013Q3,lib_seeds_inflected,buyer,uncertainty,1
PHM|2013Q3,lib_seeds_and_risk_inflected,buyer,uncertainty,1
PHM|2018Q3,lib_inflected,shortage,shortage,0
PHM|2018Q3,lib_seeds_inflected,shortage,shortage,0
PHM|2018Q3,lib_seeds_and_risk_inflected,shortage,shortage,0
GCO|2019Q3,lib_inflected,inventory,tariff,9
GCO|2019Q3,lib_seeds_inflected,inventory,tariff,9
GCO|2019Q3,lib_seeds_and_risk_inflected,inventory,tariff,9
GCO|2021Q1,lib_inflected,inventory,risk,6
GCO|2021Q1,lib_seeds_inflected,inventory,risk,6
GCO|2021Q1,lib_seeds_and_risk_inflected,inventory,risk,6
GCO|2021Q4,lib_inflected,supply,disruptions,2
GCO|2021Q4,lib_seeds_inflected,supply chain,disruptions,1
GCO|2021Q4,lib_seeds_and_risk_inflected,supply,supply chain disruptions,0
LOW|2010Q4,lib_seeds_inflected,manufacturing,uncertainty,9
LOW|2010Q4,lib_seeds_and_risk_inflected,manufacturing,uncertainty,9
GCO|2016Q3,lib_inflected,order,volatility,8
GCO|2016Q3,lib_seeds_inflected,order,volatility,8
GCO|2016Q3,lib_seeds_and_risk_inflected,order,volatility,8
LOW|2016Q2,lib_inflected,customers,disruption,2
LOW|2016Q2,lib_seeds_inflected,customers,disruption,2
LOW|2016Q2,lib_seeds_and_risk_inflected,customers,disruption,2
LOW|2021Q1,lib_inflected,supply,disruptions,1
LOW|2021Q1,lib_seeds_inflected,supply,disruptions,1
LOW|2021Q1,lib_seeds_and_risk_inflected,supply,supply disruptions,0
LOW|2021Q4,lib_inflected,supply,disruptions,2
LOW|2021Q4,lib_seeds_inflected,supply chain,disruptions,1
LOW|2021Q4,lib_seeds_and_risk_inflected,supply,supply chain disruptions,0
LOW|2023Q2,lib_inflected,customers,theft,8
LOW|2023Q2,lib_seeds_inflected,customers,theft,8
LOW|2023Q2,lib_seeds_and_risk_inflected,customers,theft,8
ARKR|2022Q1,lib_inflected,supply,disruptions,2
ARKR|2022Q1,lib_seeds_inflected,supply chain,disruptions,1
ARKR|2022Q1,lib_seeds_and_risk_inflected,supply,supply chain disruptions,0
ARKR|2023Q2,lib_inflected,customers,concerns,3
ARKR|2023Q2,lib_seeds_inflected,customers,concerns,3
ARKR|2023Q2,lib_seeds_and_risk_inflected,customers,concerns,3
ARKR|2024Q3,lib_inflected,customers,concerns,10
ARKR|2024Q3,lib_seeds_inflected,customers,concerns,10
ARKR|2024Q3,lib_seeds_and_risk_inflected,customers,concerns,10
LOW|2017Q3,lib_inflected,customers,natural disasters,10
LOW|2017Q3,lib_seeds_inflected,customers,natural disasters,10
LOW|2017Q3,lib_seeds_and_risk_inflected,customers,natural disasters,10
LOW|2019Q2,lib_inflected,inventory,risk,3
LOW|2019Q2,lib_seeds_inflected,inventory,risk,3
LOW|2019Q2,lib_seeds_and_risk_inflected,inventory,risk,3
LOW|2019Q3,lib_inflected,supply,tariff,4
LOW|2019Q3,lib_seeds_inflected,supply,tariff,4
LOW|2019Q3,lib_seeds_and_risk_inflected,supply,tariff,4
ARKR|2021Q2,lib_inflected,shortage,shortage,0
ARKR|2021Q2,lib_seeds_inflected,shortage,shortage,0
ARKR|2021Q2,lib_seeds_and_risk_inflected,shortage,shortage,0
ROST|2011Q1,lib_inflected,shortage,shortage,0
ROST|2011Q1,lib_seeds_inflected,shortage,shortage,0
ROST|2011Q1,lib_seeds_and_risk_inflected,shortage,shortage,0
ROST|2012Q2,lib_inflected,shortage,shortage,0
ROST|2012Q2,lib_seeds_inflected,shortage,shortage,0
ROST|2012Q2,lib_seeds_and_risk_inflected,shortage,shortage,0
ROST|2020Q1,lib_inflected,inventory,risk,6
ROST|2020Q1,lib_seeds_inflected,inventory,risk,6
ROST|2020Q1,lib_seeds_and_risk_inflected,inventory,risk,6
ROST|2020Q4,lib_inflected,inventory,uncertainty,5
ROST|2020Q4,lib_seeds_inflected,inventory,uncertainty,5
ROST|2020Q4,lib_seeds_and_risk_inflected,inventory,uncertainty,5
ROST|2022Q1,lib_inflected,customers,susceptible,6
ROST|2022Q1,lib_seeds_inflected,customers,susceptible,6
ROST|2022Q1,lib_seeds_and_risk_inflected,customers,susceptible,6
ROST|2022Q4,lib_inflected,supply,disruptions,2
ROST|2022Q4,lib_seeds_inflected,supply chain,disruptions,1
ROST|2022Q4,lib_seeds_and_risk_inflected,supply,supply chain disruptions,0
HRB|2023Q1,lib_inflected,material,risks,1
HRB|2023Q1,lib_seeds_inflected,material,risks,1
HRB|2023Q1,lib_seeds_and_risk_inflected,material,risks,1
HRB|2023Q2,lib_inflected,material,risks,1
HRB|2023Q2,lib_seeds_inflected,material,risks,1
HRB|2023Q2,lib_seeds_and_risk_inflected,material,risks,1
HRB|2023Q3,lib_inflected,material,risks,1
HRB|2023Q3,lib_seeds_inflected,material,risks,1
HRB|2023Q3,lib_seeds_and_risk_inflected,material,risks,1
HRB|2024Q1,lib_inflected,material,risks,1
HRB|2024Q1,lib_seeds_inflected,material,risks,1
HRB|2024Q1,lib_seeds_and_risk_inflected,material,risks,1
HRB|2024Q3,lib_inflected,material,risks,1
HRB|2024Q3,lib_seeds_inflected,material,risks,1
HRB|2024Q3,lib_seeds_and_risk_inflected,material,risks,1
HRB|2024Q4,lib_inflected,material,risks,1
HRB|2024Q4,lib_seeds_inflected,material,risks,1
HRB|2024Q4,lib_seeds_and_risk_inflected,material,risks,1
HRB|2022Q1,lib_inflected,material,risks,1
HRB|2022Q1,lib_seeds_inflected,material,risks,1
HRB|2022Q1,lib_seeds_and_risk_inflected,material,risks,1
HRB|2022Q2,lib_inflected,material,risks,1
HRB|2022Q2,lib_seeds_inflected,material,risks,1
HRB|2022Q2,lib_seeds_and_risk_inflected,material,risks,1
HRB|2022Q3,lib_inflected,material,risks,1
HRB|2022Q3,lib_seeds_inflected,material,risks,1
HRB|2022Q3,lib_seeds_and_risk_inflected,material,risks,1
HRB|2022Q4,lib_inflected,material,risks,1
HRB|2022Q4,lib_seeds_inflected,material,risks,1
HRB|2022Q4,lib_seeds_and_risk_inflected,material,risks,1
FUN|2013Q4,lib_inflected,customers,uncertainty,1
FUN|2013Q4,lib_seeds_inflected,customers,uncertainty,1
FUN|2013Q4,lib_seeds_and_risk_inflected,customers,uncertainty,1
FUN|2018Q4,lib_seeds_inflected,distribution,risk,3
FUN|2018Q4,lib_seeds_and_risk_inflected,distribution,risk,3
FUN|2023Q4,lib_inflected,channel,disruptions,7
FUN|2023Q4,lib_seeds_inflected,channel,disruptions,7
FUN|2023Q4,lib_seeds_and_risk_inflected,channel,disruptions,7
SCI|2012Q4,lib_inflected,customers,risk,2
SCI|2012Q4,lib_seeds_inflected,customers,risk,2
SCI|2012Q4,lib_seeds_and_risk_inflected,customers,risk,2
SCI|2015Q4,lib_inflected,order,volatility,1
SCI|2015Q4,lib_seeds_inflected,order,volatility,1
SCI|2015Q4,lib_seeds_and_risk_inflected,order,volatility,1
PVH|2020Q3,lib_inflected,inventory,uncertain,4
PVH|2020Q3,lib_seeds_inflected,inventory,uncertain,4
PVH|2020Q3,lib_seeds_and_risk_inflected,inventory,uncertain,4
FUN|2024Q1,lib_inflected,channel,disruption,6
FUN|2024Q1,lib_seeds_inflected,channel,disruption,6
FUN|2024Q1,lib_seeds_and_risk_inflected,channel,disruption,6
PVH|2013Q3,lib_seeds_inflected,distribution,concerns,1
PVH|2013Q3,lib_seeds_and_risk_inflected,distribution,concerns,1
SCI|2018Q2,lib_inflected,customers,concern,10
SCI|2018Q2,lib_seeds_inflected,customers,concern,10
SCI|2018Q2,lib_seeds_and_risk_inflected,customers,concern,10
SCI|2019Q2,lib_seeds_inflected,distributions,concerns,6
SCI|2019Q2,lib_seeds_and_risk_inflected,distributions,concerns,6
GAP|2012Q4,lib_inflected,inventory,risk,9
GAP|2012Q4,lib_seeds_inflected,inventory,risk,9
GAP|2012Q4,lib_seeds_and_risk_inflected,inventory,risk,9
GAP|2015Q3,lib_inflected,inventory,risk,1
GAP|2015Q3,lib_seeds_inflected,inventory,risk,1
GAP|2015Q3,lib_seeds_and_risk_inflected,inventory,risk,1
GAP|2016Q1,lib_inflected,inventory,volatile,6
GAP|2016Q1,lib_seeds_inflected,inventory,volatile,6
GAP|2016Q1,lib_seeds_and_risk_inflected,inventory,volatile,6
GAP|2016Q2,lib_inflected,inventory,concerns,3
GAP|2016Q2,lib_seeds_inflected,inventory,concerns,3
GAP|2016Q2,lib_seeds_and_risk_inflected,inventory,concerns,3
GAP|2017Q1,lib_inflected,inventory,volatility,8
GAP|2017Q1,lib_seeds_inflected,inventory,volatility,8
GAP|2017Q1,lib_seeds_and_risk_inflected,inventory,volatility,8
GAP|2014Q3,lib_inflected,inventory,contingency,5
GAP|2014Q3,lib_seeds_inflected,inventory,contingency,5
GAP|2014Q3,lib_seeds_and_risk_inflected,inventory,contingency,5
MYE|2019Q2,lib_inflected,customers,uncertain,2
MYE|2019Q2,lib_seeds_inflected,customers,uncertain,2
MYE|2019Q2,lib_seeds_and_risk_inflected,customers,uncertain,2
MYE|2019Q3,lib_seeds_inflected,manufacturing,manufacturing defect,0
MYE|2019Q3,lib_seeds_and_risk_inflected,manufacturing,manufacturing defect,0
MYE|2022Q2,lib_inflected,supply,disruptions,2
MYE|2022Q2,lib_seeds_inflected,supply chain,disruptions,1
MYE|2022Q2,lib_seeds_and_risk_inflected,supply,supply chain disruptions,0
MYE|2018Q2,lib_inflected,supply,tariffs,6
MYE|2018Q2,lib_seeds_inflected,supply,tariffs,6
MYE|2018Q2,lib_seeds_and_risk_inflected,supply,tariffs,6
MYE|2018Q3,lib_inflected,material,volatility,7
MYE|2018Q3,lib_seeds_inflected,material,volatility,7
MYE|2018Q3,lib_seeds_and_risk_inflected,material,volatility,7
GAP|2019Q3,lib_inflected,inventory,tariffs,1
GAP|2019Q3,lib_seeds_inflected,inventory,tariffs,1
GAP|2019Q3,lib_seeds_and_risk_inflected,inventory,tariffs,1
GAP|2022Q2,lib_inflected,supply,supply chain disruption,0
GAP|2022Q2,lib_seeds_inflected,supply,supply chain disruption,0
GAP|2022Q2,lib_seeds_and_risk_inflected,supply,supply chain disruption,0
GAP|2022Q3,lib_seeds_inflected,manufacturing,disruption,1
GAP|2022Q3,lib_seeds_and_risk_inflected,manufacturing,disruption,1
MYE|2024Q2,lib_seeds_inflected,distribution,volatility,4
MYE|2024Q2,lib_seeds_and_risk_inflected,distribution,volatility,4
AIN|2012Q4,lib_inflected,inventory,volatility,10
AIN|2012Q4,lib_seeds_inflected,inventory,volatility,10
AIN|2012Q4,lib_seeds_and_risk_inflected,inventory,volatility,10
AIN|2013Q2,lib_inflected,supply,volatility,7
AIN|2013Q2,lib_seeds_inflected,supply,volatility,7
AIN|2013Q2,lib_seeds_and_risk_inflected,supply,volatility,7
AIN|2014Q4,lib_inflected,suppliers,downside,10
AIN|2014Q4,lib_seeds_inflected,suppliers,downside,10
AIN|2014Q4,lib_seeds_and_risk_inflected,suppliers,downside,10
AIN|2015Q1,lib_inflected,supply,concern,3
AIN|2015Q1,lib_seeds_inflected,supply,concern,3
AIN|2015Q1,lib_seeds_and_risk_inflected,supply,concern,3
AIN|2016Q2,lib_inflected,customers,risk,3
AIN|2016Q2,lib_seeds_inflected,customers,risk,3
AIN|2016Q2,lib_seeds_and_risk_inflected,customers,risk,3
AIN|2016Q4,lib_inflected,supply,volatility,6
AIN|2016Q4,lib_seeds_inflected,supply,volatility,6
AIN|2016Q4,lib_seeds_and_risk_inflected,supply,volatility,6
AIN|2024Q3,lib_inflected,customers,risk,7
AIN|2024Q3,lib_seeds_inflected,customers,risk,7
AIN|2024Q3,lib_seeds_and_risk_inflected,customers,risk,7
AIN|2024Q4,lib_seeds_inflected,manufacturing,exposure,8
AIN|2024Q4,lib_seeds_and_risk_inflected,manufacturing,exposure,8
PII|2014Q3,lib_inflected,customers,lead times,8
PII|2014Q3,lib_seeds_inflected,customers,lead times,8
PII|2014Q3,lib_seeds_and_risk_inflected,customers,lead times,8
PII|2016Q4,lib_inflected,customers,volatile,6
PII|2016Q4,lib_seeds_inflected,customers,volatile,6
PII|2016Q4,lib_seeds_and_risk_inflected,customers,volatile,6
KBH|2013Q2,lib_inflected,shortage,shortage,0
KBH|2013Q2,lib_seeds_inflected,shortage,shortage,0
KBH|2013Q2,lib_seeds_and_risk_inflected,shortage,shortage,0
KBH|2013Q4,lib_inflected,customers,concern,3
KBH|2013Q4,lib_seeds_inflected,customers,concern,3
KBH|2013Q4,lib_seeds_and_risk_inflected,customers,concern,3
KBH|2023Q2,lib_inflected,shortage,shortage,0
KBH|2023Q2,lib_seeds_inflected,shortage,shortage,0
KBH|2023Q2,lib_seeds_and_risk_inflected,shortage,shortage,0
HOG|2022Q4,lib_inflected,supply,volatility,9
HOG|2022Q4,lib_seeds_inflected,supply chain,volatility,8
HOG|2022Q4,lib_seeds_and_risk_inflected,supply chain,volatility,8
LEN|2017Q4,lib_inflected,shortage,labor shortage,0
LEN|2017Q4,lib_seeds_inflected,shortage,labor shortage,0
LEN|2017Q4,lib_seeds_and_risk_inflected,shortage,labor shortage,0
TOL|2015Q4,lib_inflected,shortage,shortage,0
TOL|2015Q4,lib_seeds_inflected,shortage,shortage,0
TOL|2015Q4,lib_seeds_and_risk_inflected,shortage,shortage,0
OXM|2018Q3,lib_inflected,customers,concern,8
OXM|2018Q3,lib_seeds_inflected,customers,concern,8
OXM|2018Q3,lib_seeds_and_risk_inflected,customers,concern,8
OXM|2018Q4,lib_inflected,shortage,shortage,0
OXM|2018Q4,lib_seeds_inflected,shortage,shortage,0
OXM|2018Q4,lib_seeds_and_risk_inflected,shortage,shortage,0
OXM|2019Q4,lib_inflected,inventory,risk,3
OXM|2019Q4,lib_seeds_inflected,inventory,risk,3
OXM|2019Q4,lib_seeds_and_risk_inflected,inventory,risk,3
TOL|2016Q2,lib_inflected,buyer,volatility,3
TOL|2016Q2,lib_seeds_inflected,buyer,volatility,3
TOL|2016Q2,lib_seeds_and_risk_inflected,buyer,volatility,3
TOL|2017Q4,lib_inflected,shortage,shortage,0
TOL|2017Q4,lib_seeds_inflected,shortage,shortage,0
TOL|2017Q4,lib_seeds_and_risk_inflected,shortage,shortage,0
TOL|2018Q1,lib_inflected,shortage,shortage,0
TOL|2018Q1,lib_seeds_inflected,shortage,shortage,0
TOL|2018Q1,lib_seeds_and_risk_inflected,shortage,shortage,0
OXM|2015Q2,lib_seeds_inflected,sourcing,exposure,1
OXM|2015Q2,lib_seeds_and_risk_inflected,sourcing,exposure,1
OXM|2016Q3,lib_seeds_inflected,sourcing,lead times,10
OXM|2016Q3,lib_seeds_and_risk_inflected,sourcing,lead times,10
OXM|2020Q2,lib_inflected,channel,exposure,7
OXM|2020Q2,lib_seeds_inflected,distribution,exposure,5
OXM|2020Q2,lib_seeds_and_risk_inflected,distribution,exposure,5
OXM|2020Q3,lib_inflected,inventory,volatility,2
OXM|2020Q3,lib_seeds_inflected,inventory,volatility,2
OXM|2020Q3,lib_seeds_and_risk_inflected,inventory,volatility,2
OXM|2022Q3,lib_inflected,supply,disruptions,2
OXM|2022Q3,lib_seeds_inflected,supply chain,disruptions,1
OXM|2022Q3,lib_seeds_and_risk_inflected,supply,supply chain disruptions,0
OXM|2023Q4,lib_inflected,supply,disruptions,6
OXM|2023Q4,lib_seeds_inflected,supply chains,disruptions,5
OXM|2023Q4,lib_seeds_and_risk_inflected,supply chains,disruptions,5
TOL|2020Q2,lib_inflected,supply,disruptions,2
TOL|2020Q2,lib_seeds_inflected,supply chain,disruptions,1
TOL|2020Q2,lib_seeds_and_risk_inflected,supply,supply chain disruptions,0
TOL|2021Q3,lib_inflected,shortage,shortage,0
TOL|2021Q3,lib_seeds_inflected,shortage,shortage,0
TOL|2021Q3,lib_seeds_and_risk_inflected,shortage,shortage,0
TOL|2023Q2,lib_inflected,shortage,shortage,0
TOL|2023Q2,lib_seeds_inflected,shortage,shortage,0
TOL|2023Q2,lib_seeds_and_risk_inflected,shortage,shortage,0
TOL|2023Q3,lib_inflected,shortage,shortage,0
TOL|2023Q3,lib_seeds_inflected,shortage,shortage,0
TOL|2023Q3,lib_seeds_and_risk_inflected,shortage,shortage,0
SMP|2013Q4,lib_inflected,inventory,exposure,3
SMP|2013Q4,lib_seeds_inflected,inventory,exposure,3
SMP|2013Q4,lib_seeds_and_risk_inflected,inventory,exposure,3
ROL|2017Q1,lib_inflected,order,exposure,8
ROL|2017Q1,lib_seeds_inflected,order,exposure,8
ROL|2017Q1,lib_seeds_and_risk_inflected,order,exposure,8
SMP|2014Q3,lib_inflected,customers,concern,8
SMP|2014Q3,lib_seeds_inflected,customers,concern,8
SMP|2014Q3,lib_seeds_and_risk_inflected,customers,concern,8
ROL|2017Q3,lib_inflected,customers,natural disasters,4
ROL|2017Q3,lib_seeds_inflected,customers,natural disasters,4
ROL|2017Q3,lib_seeds_and_risk_inflected,customers,natural disasters,4
ROL|2018Q3,lib_inflected,customers,concerns,3
ROL|2018Q3,lib_seeds_inflected,customers,concerns,3
ROL|2018Q3,lib_seeds_and_risk_inflected,customers,concerns,3
ROL|2018Q4,lib_inflected,customers,concerns,3
ROL|2018Q4,lib_seeds_inflected,customers,concerns,3
ROL|2018Q4,lib_seeds_and_risk_inflected,customers,concerns,3
ROL|2020Q1,lib_inflected,customers,uncertain,4
ROL|2020Q1,lib_seeds_inflected,customers,uncertain,4
ROL|2020Q1,lib_seeds_and_risk_inflected,customers,uncertain,4
ROL|2024Q3,lib_inflected,shortage,shortage,0
ROL|2024Q3,lib_seeds_inflected,shortage,shortage,0
ROL|2024Q3,lib_seeds_and_risk_inflected,shortage,shortage,0
ROL|2020Q2,lib_inflected,customers,concern,10
ROL|2020Q2,lib_seeds_inflected,customers,concern,10
ROL|2020Q2,lib_seeds_and_risk_inflected,customers,concern,10
SMP|2019Q2,lib_seeds_inflected,sourcing,tariff,8
SMP|2019Q2,lib_seeds_and_risk_inflected,sourcing,tariff,8
SMP|2019Q3,lib_inflected,customers,tariffs,4
SMP|2019Q3,lib_seeds_inflected,customers,tariffs,4
SMP|2019Q3,lib_seeds_and_risk_inflected,customers,tariffs,4
SMP|2020Q1,lib_inflected,supply,danger,6
SMP|2020Q1,lib_seeds_inflected,supply,danger,6
SMP|2020Q1,lib_seeds_and_risk_inflected,supply,danger,6
SMP|2021Q1,lib_inflected,suppliers,lead times,2
SMP|2021Q1,lib_seeds_inflected,suppliers,lead times,2
SMP|2021Q1,lib_seeds_and_risk_inflected,suppliers,lead times,2
KO|2013Q2,lib_seeds_inflected,transportation,concerns,2
KO|2013Q2,lib_seeds_and_risk_inflected,transportation,concerns,2
KO|2015Q1,lib_inflected,supply,concern,7
KO|2015Q1,lib_seeds_inflected,supply,concern,7
KO|2015Q1,lib_seeds_and_risk_inflected,supply,concern,7
KO|2011Q1,lib_inflected,supply,exposure,9
KO|2011Q1,lib_seeds_inflected,supply chain,exposure,8
KO|2011Q1,lib_seeds_and_risk_inflected,supply chain,exposure,8
KO|2021Q2,lib_inflected,supply,volatility,7
KO|2021Q2,lib_seeds_inflected,supply,volatility,7
KO|2021Q2,lib_seeds_and_risk_inflected,supply,volatility,7
KO|2022Q2,lib_seeds_inflected,purchasing,uncertain,9
KO|2022Q2,lib_seeds_and_risk_inflected,purchasing,uncertain,9
KO|2016Q1,lib_inflected,supply,disruption,9
KO|2016Q1,lib_seeds_inflected,supply,disruption,9
KO|2016Q1,lib_seeds_and_risk_inflected,supply,disruption,9
KO|2017Q1,lib_inflected,customers,risks,6
KO|2017Q1,lib_seeds_inflected,customers,risks,6
KO|2017Q1,lib_seeds_and_risk_inflected,customers,risks,6
KO|2017Q3,lib_inflected,supply,disruption,3
KO|2017Q3,lib_seeds_inflected,supply,disruption,3
KO|2017Q3,lib_seeds_and_risk_inflected,supply,disruption,3
KO|2017Q4,lib_inflected,supply,disruption,3
KO|2017Q4,lib_seeds_inflected,supply,disruption,3
KO|2017Q4,lib_seeds_and_risk_inflected,supply,disruption,3
KO|2019Q1,lib_inflected,shortage,shortage,0
KO|2019Q1,lib_seeds_inflected,shortage,shortage,0
KO|2019Q1,lib_seeds_and_risk_inflected,shortage,shortage,0
KO|2019Q2,lib_inflected,supply,disruptions,2
KO|2019Q2,lib_seeds_inflected,supply chain,disruptions,1
KO|2019Q2,lib_seeds_and_risk_inflected,supply,supply chain disruptions,0
KO|2024Q4,lib_inflected,supply,tariffs,9
KO|2024Q4,lib_seeds_inflected,supply,tariffs,9
KO|2024Q4,lib_seeds_and_risk_inflected,supply,tariffs,9
PG|2010Q2,lib_inflected,channel,threat,6
PG|2010Q2,lib_seeds_inflected,channel,threat,6
PG|2010Q2,lib_seeds_and_risk_inflected,channel,threat,6
PG|2011Q1,lib_inflected,supply,supply disruption,0
PG|2011Q1,lib_seeds_inflected,supply,supply disruption,0
PG|2011Q1,lib_seeds_and_risk_inflected,supply,supply disruption,0
PG|2011Q2,lib_inflected,supply,supply disruption,0
PG|2011Q2,lib_seeds_inflected,supply,supply disruption,0
PG|2011Q2,lib_seeds_and_risk_inflected,supply,supply disruption,0
PG|2013Q2,lib_inflected,supply,risks,2
PG|2013Q2,lib_seeds_inflected,supply chain,risks,1
PG|2013Q2,lib_seeds_and_risk_inflected,supply chain,risks,1
PG|2015Q3,lib_seeds_inflected,manufacturing,exposure,6
PG|2015Q3,lib_seeds_and_risk_inflected,manufacturing,exposure,6
PG|2016Q1,lib_seeds_inflected,sourcing,exposure,5
PG|2016Q1,lib_seeds_and_risk_inflected,sourcing,exposure,5
PG|2018Q2,lib_inflected,supply,supply disruption,0
PG|2018Q2,lib_seeds_inflected,supply,supply disruption,0
PG|2018Q2,lib_seeds_and_risk_inflected,supply,supply disruption,0
PG|2023Q4,lib_inflected,supply,disruptions,2
PG|2023Q4,lib_seeds_inflected,supply chain,disruptions,1
PG|2023Q4,lib_seeds_and_risk_inflected,supply,supply chain disruptions,0
PG|2024Q4,lib_inflected,supply,disruptions,2
PG|2024Q4,lib_seeds_inflected,supply chain,disruptions,1
PG|2024Q4,lib_seeds_and_risk_inflected,supply,supply chain disruptions,0
MO|2021Q1,lib_seeds_inflected,manufacturing,capacity constraint,1
MO|2021Q1,lib_seeds_and_risk_inflected,manufacturing,capacity constraint,1
MO|2021Q2,lib_seeds_inflected,manufacturing,capacity constraints,1
MO|2021Q2,lib_seeds_and_risk_inflected,manufacturing,capacity constraints,1
MO|2022Q1,lib_inflected,supply,risk,9
MO|2022Q1,lib_seeds_inflected,manufacturing,capacity constraints,1
MO|2022Q1,lib_seeds_and_risk_inflected,manufacturing,capacity constraints,1
MO|2018Q2,lib_inflected,inventory,volatility,4
MO|2018Q2,lib_seeds_inflected,inventory,volatility,4
MO|2018Q2,lib_seeds_and_risk_inflected,inventory,volatility,4
MO|2020Q1,lib_inflected,supply,disruptions,3
MO|2020Q1,lib_seeds_inflected,supply,disruptions,3
MO|2020Q1,lib_seeds_and_risk_inflected,supply,disruptions,3
PEP|2015Q1,lib_inflected,inventory,downside,7
PEP|2015Q1,lib_seeds_inflected,inventory,downside,7
PEP|2015Q1,lib_seeds_and_risk_inflected,order,downsides,7
PEP|2011Q3,lib_inflected,channel,concern,4
PEP|2011Q3,lib_seeds_inflected,channel,concern,4
PEP|2011Q3,lib_seeds_and_risk_inflected,channel,concern,4
PEP|2018Q2,lib_inflected,shortage,shortage,0
PEP|2018Q2,lib_seeds_inflected,shortage,shortage,0
PEP|2018Q2,lib_seeds_and_risk_inflected,shortage,shortage,0
PEP|2019Q1,lib_inflected,supply,bottlenecks,2
PEP|2019Q1,lib_seeds_inflected,supply chain,bottlenecks,1
PEP|2019Q1,lib_seeds_and_risk_inflected,supply chain,bottlenecks,1
PEP|2021Q4,lib_inflected,supply,bottlenecks,4
PEP|2021Q4,lib_seeds_inflected,supply chain,bottlenecks,3
PEP|2021Q4,lib_seeds_and_risk_inflected,supply chain,bottlenecks,3
PEP|2022Q2,lib_inflected,customers,volatility,9
PEP|2022Q2,lib_seeds_inflected,customers,volatility,9
PEP|2022Q2,lib_seeds_and_risk_inflected,customers,volatility,9
PEP|2022Q3,lib_inflected,supply,bottlenecks,3
PEP|2022Q3,lib_seeds_inflected,transportation,bottlenecks,1
PEP|2022Q3,lib_seeds_and_risk_inflected,transportation,bottlenecks,1
WMT|2010Q3,lib_inflected,customers,concern,6
WMT|2010Q3,lib_seeds_inflected,customers,concern,6
WMT|2010Q3,lib_seeds_and_risk_inflected,customers,concern,6
WMT|2021Q2,lib_inflected,supply,volatility,2
WMT|2021Q2,lib_seeds_inflected,supply,volatility,2
WMT|2021Q2,lib_seeds_and_risk_inflected,supply,volatility,2
SYY|2012Q1,lib_inflected,customers,volatility,9
SYY|2012Q1,lib_seeds_inflected,customers,volatility,9
SYY|2012Q1,lib_seeds_and_risk_inflected,customers,volatility,9
SYY|2013Q4,lib_inflected,customers,volatility,8
SYY|2013Q4,lib_seeds_inflected,customers,volatility,8
SYY|2013Q4,lib_seeds_and_risk_inflected,customers,volatility,8
SYY|2014Q2,lib_inflected,customers,concerns,6
SYY|2014Q2,lib_seeds_inflected,customers,concerns,6
SYY|2014Q2,lib_seeds_and_risk_inflected,customers,concerns,6
SYY|2014Q4,lib_inflected,customers,disruption,3
SYY|2014Q4,lib_seeds_inflected,customers,disruption,3
SYY|2014Q4,lib_seeds_and_risk_inflected,customers,disruption,3
SYY|2016Q1,lib_inflected,shortage,labor shortage,0
SYY|2016Q1,lib_seeds_inflected,shortage,labor shortage,0
SYY|2016Q1,lib_seeds_and_risk_inflected,shortage,labor shortage,0
SYY|2019Q1,lib_inflected,shortage,labor shortage,0
SYY|2019Q1,lib_seeds_inflected,shortage,labor shortage,0
SYY|2019Q1,lib_seeds_and_risk_inflected,shortage,labor shortage,0
SYY|2020Q2,lib_inflected,shortage,shortage,0
SYY|2020Q2,lib_seeds_inflected,shortage,shortage,0
SYY|2020Q2,lib_seeds_and_risk_inflected,shortage,shortage,0
SYY|2024Q4,lib_inflected,supply,supply chain disruption,0
SYY|2024Q4,lib_seeds_inflected,supply,supply chain disruption,0
SYY|2024Q4,lib_seeds_and_risk_inflected,supply,supply chain disruption,0
KR|2011Q3,lib_inflected,customers,concern,7
KR|2011Q3,lib_seeds_inflected,customers,concern,7
KR|2011Q3,lib_seeds_and_risk_inflected,customers,concern,7
KR|2016Q4,lib_inflected,shortage,shortage,0
KR|2016Q4,lib_seeds_inflected,shortage,shortage,0
KR|2016Q4,lib_seeds_and_risk_inflected,shortage,shortage,0
KR|2017Q1,lib_inflected,customers,uncertain,8
KR|2017Q1,lib_seeds_inflected,customers,uncertain,8
KR|2017Q1,lib_seeds_and_risk_inflected,customers,uncertain,8
KR|2017Q3,lib_inflected,customers,concerns,2
KR|2017Q3,lib_seeds_inflected,customers,concerns,2
KR|2017Q3,lib_seeds_and_risk_inflected,customers,concerns,2
KR|2016Q1,lib_inflected,supply,concern,4
KR|2016Q1,lib_seeds_inflected,supply,concern,4
KR|2016Q1,lib_seeds_and_risk_inflected,supply,concern,4
KR|2019Q3,lib_inflected,customers,concerns,10
KR|2019Q3,lib_seeds_inflected,customers,concerns,10
KR|2019Q3,lib_seeds_and_risk_inflected,customers,concerns,10
KR|2020Q1,lib_inflected,customers,tariffs,8
KR|2020Q1,lib_seeds_inflected,customers,tariffs,8
KR|2020Q1,lib_seeds_and_risk_inflected,customers,tariffs,8
KR|2021Q1,lib_inflected,customers,uncertainty,3
KR|2021Q1,lib_seeds_inflected,customers,uncertainty,3
KR|2021Q1,lib_seeds_and_risk_inflected,customers,uncertainty,3
KR|2022Q4,lib_inflected,inventory,lead times,3
KR|2022Q4,lib_seeds_inflected,inventory,lead times,3
KR|2022Q4,lib_seeds_and_risk_inflected,inventory,lead times,3
SYY|2020Q4,lib_inflected,customers,uncertain,3
SYY|2020Q4,lib_seeds_inflected,customers,uncertain,3
SYY|2020Q4,lib_seeds_and_risk_inflected,customers,uncertain,3
SYY|2021Q1,lib_inflected,inventory,business disruption,2
SYY|2021Q1,lib_seeds_inflected,inventory,business disruption,2
SYY|2021Q1,lib_seeds_and_risk_inflected,inventory,business disruption,2
SYY|2022Q4,lib_inflected,shortage,shortage,0
SYY|2022Q4,lib_seeds_inflected,shortage,shortage,0
SYY|2022Q4,lib_seeds_and_risk_inflected,shortage,shortage,0
SYY|2023Q1,lib_inflected,supply,disruption,9
SYY|2023Q1,lib_seeds_inflected,supply,disruption,9
SYY|2023Q1,lib_seeds_and_risk_inflected,supply,disruption,9
SYY|2023Q4,lib_inflected,supply,supply chain disruption,0
SYY|2023Q4,lib_seeds_inflected,supply,supply chain disruption,0
SYY|2023Q4,lib_seeds_and_risk_inflected,supply,supply chain disruption,0
CL|2010Q4,lib_inflected,supply,disruptions,2
CL|2010Q4,lib_seeds_inflected,supply chain,disruptions,1
CL|2010Q4,lib_seeds_and_risk_inflected,supply,supply chain disruptions,0
CL|2015Q1,lib_seeds_inflected,manufacturing,risk,9
CL|2015Q1,lib_seeds_and_risk_inflected,manufacturing,risk,9
CL|2015Q4,lib_inflected,inventory,risk,10
CL|2015Q4,lib_seeds_inflected,inventory,risk,10
CL|2015Q4,lib_seeds_and_risk_inflected,inventory,risk,10
CL|2018Q1,lib_seeds_inflected,logistics,exposure,7
CL|2018Q1,lib_seeds_and_risk_inflected,logistics,exposure,7
BTI|2024Q4,lib_inflected,supply,disruptions,2
BTI|2024Q4,lib_seeds_inflected,supply chain,disruptions,1
BTI|2024Q4,lib_seeds_and_risk_inflected,supply,supply chain disruptions,0
CLX|2016Q3,lib_inflected,material,risk,9
CLX|2016Q3,lib_seeds_inflected,material,risk,9
CLX|2016Q3,lib_seeds_and_risk_inflected,material,risk,9
CL|2022Q2,lib_seeds_inflected,distribution,uncertain,3
CL|2022Q2,lib_seeds_and_risk_inflected,distribution,uncertain,3
CL|2024Q1,lib_seeds_inflected,sourcing,volatile,8
CL|2024Q1,lib_seeds_and_risk_inflected,sourcing,volatile,8
CLX|2013Q1,lib_inflected,inventory,disruption,10
CLX|2013Q1,lib_seeds_inflected,inventory,disruption,10
CLX|2013Q1,lib_seeds_and_risk_inflected,inventory,disruption,10
CLX|2013Q3,lib_inflected,customers,concerns,8
CLX|2013Q3,lib_seeds_inflected,customers,concerns,8
CLX|2013Q3,lib_seeds_and_risk_inflected,customers,concerns,8
CLX|2020Q2,lib_seeds_inflected,distribution,capacity constraints,5
CLX|2020Q2,lib_seeds_and_risk_inflected,distribution,capacity constraints,5
CLX|2020Q4,lib_inflected,supply,disruptions,8
CLX|2020Q4,lib_seeds_inflected,supply chain,disruptions,7
CLX|2020Q4,lib_seeds_and_risk_inflected,supply chain,disruptions,7
CLX|2021Q4,lib_inflected,supply,supply disruption,0
CLX|2021Q4,lib_seeds_inflected,supply,supply disruption,0
CLX|2021Q4,lib_seeds_and_risk_inflected,supply,supply disruption,0
CLX|2022Q4,lib_inflected,supply,disruptions,2
CLX|2022Q4,lib_seeds_inflected,supply chain,disruptions,1
CLX|2022Q4,lib_seeds_and_risk_inflected,supply,supply chain disruptions,0
CLX|2023Q2,lib_inflected,supply,supply disruption,0
CLX|2023Q2,lib_seeds_inflected,supply,supply disruption,0
CLX|2023Q2,lib_seeds_and_risk_inflected,supply,supply chain disruptions,0
ADM|2010Q4,lib_seeds_inflected,transportation,risk,6
ADM|2010Q4,lib_seeds_and_risk_inflected,transportation,risk,6
ADM|2017Q2,lib_inflected,customers,risk,9
ADM|2017Q2,lib_seeds_inflected,customers,risk,9
ADM|2017Q2,lib_seeds_and_risk_inflected,customers,risk,9
ADM|2021Q1,lib_seeds_inflected,procurement,risk,2
ADM|2021Q1,lib_seeds_and_risk_inflected,procurement,risk,2
ADM|2022Q3,lib_inflected,supply,disruptions,2
ADM|2022Q3,lib_seeds_inflected,supply chain,disruptions,1
ADM|2022Q3,lib_seeds_and_risk_inflected,supply,supply chain disruptions,0
ADM|2023Q3,lib_inflected,supply,disruptions,2
ADM|2023Q3,lib_seeds_inflected,supply chain,disruptions,1
ADM|2023Q3,lib_seeds_and_risk_inflected,supply,supply chain disruptions,0
TGT|2011Q1,lib_inflected,inventory,risk,5
TGT|2011Q1,lib_seeds_inflected,inventory,risk,5
TGT|2011Q1,lib_seeds_and_risk_inflected,inventory,risk,5
TGT|2012Q3,lib_inflected,order,risk,5
TGT|2012Q3,lib_seeds_inflected,order,risk,5
TGT|2012Q3,lib_seeds_and_risk_inflected,order,risk,5
TGT|2013Q2,lib_inflected,inventory,risk,6
TGT|2013Q2,lib_seeds_inflected,inventory,risk,6
TGT|2013Q2,lib_seeds_and_risk_inflected,inventory,risk,6
TGT|2014Q4,lib_inflected,inventory,contingency,5
TGT|2014Q4,lib_seeds_inflected,inventory,contingency,5
TGT|2014Q4,lib_seeds_and_risk_inflected,inventory,contingency,5
TGT|2017Q3,lib_inflected,inventory,contingency,1
TGT|2017Q3,lib_seeds_inflected,inventory,contingency,1
TGT|2017Q3,lib_seeds_and_risk_inflected,inventory,contingency,1
TGT|2018Q3,lib_inflected,inventory,tariffs,8
TGT|2018Q3,lib_seeds_inflected,inventory,tariffs,8
TGT|2018Q3,lib_seeds_and_risk_inflected,inventory,tariffs,8
TGT|2018Q4,lib_seeds_inflected,fulfillment,risk,8
TGT|2018Q4,lib_seeds_and_risk_inflected,fulfillment,risk,8
TGT|2020Q3,lib_inflected,inventory,lead time,3
TGT|2020Q3,lib_seeds_inflected,inventory,lead time,3
TGT|2020Q3,lib_seeds_and_risk_inflected,inventory,lead time,3
GIS|2018Q3,lib_inflected,shortage,shortage,0
GIS|2018Q3,lib_seeds_inflected,shortage,shortage,0
GIS|2018Q3,lib_seeds_and_risk_inflected,shortage,shortage,0
GIS|2021Q4,lib_seeds_inflected,manufacturing,volatility,5
GIS|2021Q4,lib_seeds_and_risk_inflected,manufacturing,volatility,5
GIS|2022Q3,lib_inflected,supply,disruption,9
GIS|2022Q3,lib_seeds_inflected,logistics,bottlenecks,1
GIS|2022Q3,lib_seeds_and_risk_inflected,logistics,bottlenecks,1
GIS|2023Q1,lib_inflected,supply,supply chain disruption,0
GIS|2023Q1,lib_seeds_inflected,supply,supply chain disruption,0
GIS|2023Q1,lib_seeds_and_risk_inflected,supply,supply chain disruption,0
GIS|2023Q4,lib_inflected,supply,disruptions,1
GIS|2023Q4,lib_seeds_inflected,supply chain,disruptions,1
GIS|2023Q4,lib_seeds_and_risk_inflected,supply,supply chain disruptions,0
GIS|2024Q3,lib_inflected,supply,disruptions,2
GIS|2024Q3,lib_seeds_inflected,supply chain,disruptions,1
GIS|2024Q3,lib_seeds_and_risk_inflected,supply,supply chain disruptions,0
ACU|2014Q2,lib_inflected,customers,disruptions,4
ACU|2014Q2,lib_seeds_inflected,customers,disruptions,4
ACU|2014Q2,lib_seeds_and_risk_inflected,customers,disruptions,4
ACU|2018Q4,lib_inflected,supply,tariffs,8
ACU|2018Q4,lib_seeds_inflected,supply chain,tariffs,7
ACU|2018Q4,lib_seeds_and_risk_inflected,supply chain,tariffs,7
ACU|2020Q3,lib_inflected,supply,disruptions,1
ACU|2020Q3,lib_seeds_inflected,supply,disruptions,1
ACU|2020Q3,lib_seeds_and_risk_inflected,supply,supply disruptions,0
ACU|2021Q2,lib_inflected,shortage,shortage,0
ACU|2021Q2,lib_seeds_inflected,shortage,shortage,0
ACU|2021Q2,lib_seeds_and_risk_inflected,shortage,shortage,0
ACU|2023Q1,lib_inflected,supply,disruptions,2
ACU|2023Q1,lib_seeds_inflected,supply chain,disruptions,1
ACU|2023Q1,lib_seeds_and_risk_inflected,supply,supply chain disruptions,0
NWL|2013Q1,lib_inflected,channel,uncertain,1
NWL|2013Q1,lib_seeds_inflected,channel,uncertain,1
NWL|2013Q1,lib_seeds_and_risk_inflected,channel,uncertain,1
NWL|2013Q2,lib_seeds_inflected,distribution,contingencies,10
NWL|2013Q2,lib_seeds_and_risk_inflected,distribution,contingencies,10
NWL|2014Q4,lib_seeds_inflected,distribution,disruption,4
NWL|2014Q4,lib_seeds_and_risk_inflected,distribution,disruption,4
ACU|2023Q4,lib_inflected,supply,disruptions,2
ACU|2023Q4,lib_seeds_inflected,supply chain,disruptions,1
ACU|2023Q4,lib_seeds_and_risk_inflected,supply,supply chain disruptions,0
ACU|2024Q1,lib_inflected,supply,disruptions,2
ACU|2024Q1,lib_seeds_inflected,supply chain,disruptions,1
ACU|2024Q1,lib_seeds_and_risk_inflected,supply,supply chain disruptions,0
ACU|2024Q2,lib_inflected,supply,disruptions,2
ACU|2024Q2,lib_seeds_inflected,supply chain,disruptions,1
ACU|2024Q2,lib_seeds_and_risk_inflected,supply,supply chain disruptions,0
CAG|2011Q2,lib_seeds_inflected,manufacturing,disruption,1
CAG|2011Q2,lib_seeds_and_risk_inflected,manufacturing,disruption,1
CAG|2017Q4,lib_inflected,order,risk,10
CAG|2017Q4,lib_seeds_inflected,order,risk,10
CAG|2017Q4,lib_seeds_and_risk_inflected,order,risk,10
CAG|2018Q3,lib_inflected,inventory,tariffs,9
CAG|2018Q3,lib_seeds_inflected,inventory,tariffs,9
CAG|2018Q3,lib_seeds_and_risk_inflected,inventory,tariffs,9
CAG|2015Q3,lib_inflected,customers,bottlenecks,9
CAG|2015Q3,lib_seeds_inflected,customers,bottlenecks,9
CAG|2015Q3,lib_seeds_and_risk_inflected,customers,bottlenecks,9
CAG|2024Q2,lib_inflected,supply,supply chain disruption,0
CAG|2024Q2,lib_seeds_inflected,supply,supply chain disruption,0
CAG|2024Q2,lib_seeds_and_risk_inflected,supply,supply chain disruption,0
TAP|2013Q1,lib_inflected,channel,volatility,9
TAP|2013Q1,lib_seeds_inflected,channel,volatility,9
TAP|2013Q1,lib_seeds_and_risk_inflected,channel,volatility,9
CAG|2023Q2,lib_inflected,supply,volatility,8
CAG|2023Q2,lib_seeds_inflected,transportation,volatility,4
CAG|2023Q2,lib_seeds_and_risk_inflected,transportation,volatility,4
CAG|2023Q3,lib_inflected,supply,disruptions,2
CAG|2023Q3,lib_seeds_inflected,manufacturing,disruptions,1
CAG|2023Q3,lib_seeds_and_risk_inflected,supply,supply chain disruptions,0
CAG|2023Q4,lib_inflected,supply,supply chain disruption,0
CAG|2023Q4,lib_seeds_inflected,supply,supply chain disruption,0
CAG|2023Q4,lib_seeds_and_risk_inflected,supply,supply chain disruptions,0
TAP|2022Q3,lib_inflected,channel,uncertain,10
TAP|2022Q3,lib_seeds_inflected,channel,uncertain,10
TAP|2022Q3,lib_seeds_and_risk_inflected,channel,uncertain,10
TAP|2017Q3,lib_inflected,shortage,shortage,0
TAP|2017Q3,lib_seeds_inflected,shortage,shortage,0
TAP|2017Q3,lib_seeds_and_risk_inflected,shortage,shortage,0
TAP|2021Q2,lib_seeds_inflected,distribution,exposure,1
TAP|2021Q2,lib_seeds_and_risk_inflected,distribution,exposure,1
KMB|2024Q2,lib_inflected,inventory,uncertainty,3
KMB|2024Q2,lib_seeds_inflected,inventory,uncertainty,3
KMB|2024Q2,lib_seeds_and_risk_inflected,inventory,uncertainty,3
KMB|2024Q4,lib_inflected,suppliers,volatility,7
KMB|2024Q4,lib_seeds_inflected,suppliers,volatility,7
KMB|2024Q4,lib_seeds_and_risk_inflected,suppliers,volatility,7
KMB|2013Q3,lib_inflected,inventory,concern,6
KMB|2013Q3,lib_seeds_inflected,inventory,concern,6
KMB|2013Q3,lib_seeds_and_risk_inflected,inventory,concern,6
CPB|2020Q4,lib_inflected,customers,uncertain,3
CPB|2020Q4,lib_seeds_inflected,customers,uncertain,3
CPB|2020Q4,lib_seeds_and_risk_inflected,customers,uncertain,3
CPB|2021Q1,lib_inflected,supply,volatility,3
CPB|2021Q1,lib_seeds_inflected,supply,volatility,3
CPB|2021Q1,lib_seeds_and_risk_inflected,supply,volatility,3
CPB|2021Q2,lib_inflected,plant,disruption,5
CPB|2021Q2,lib_seeds_inflected,plant,disruption,5
CPB|2021Q2,lib_seeds_and_risk_inflected,plant,disruption,5
CPB|2021Q3,lib_inflected,supply,disruption,10
CPB|2021Q3,lib_seeds_inflected,sourcing,disruption,4
CPB|2021Q3,lib_seeds_and_risk_inflected,sourcing,disruption,4
CPB|2017Q2,lib_inflected,supply,capacity constraints,5
CPB|2017Q2,lib_seeds_inflected,supply,capacity constraints,5
CPB|2017Q2,lib_seeds_and_risk_inflected,supply,capacity constraints,5
CPB|2018Q3,lib_seeds_inflected,transportation,tariffs,6
CPB|2018Q3,lib_seeds_and_risk_inflected,transportation,tariffs,6
CPB|2011Q1,lib_inflected,inventory,concern,8
CPB|2011Q1,lib_seeds_inflected,inventory,concern,8
CPB|2011Q1,lib_seeds_and_risk_inflected,inventory,concern,8
CPB|2014Q1,lib_seeds_inflected,manufacturing,manufacturing defect,0
CPB|2014Q1,lib_seeds_and_risk_inflected,manufacturing,manufacturing defect,0
CPB|2014Q4,lib_seeds_inflected,warehousing,extreme weather,2
CPB|2014Q4,lib_seeds_and_risk_inflected,warehousing,extreme weather,2
HSY|2012Q1,lib_inflected,channel,concerns,10
HSY|2012Q1,lib_seeds_inflected,manufacturing,concern,6
HSY|2012Q1,lib_seeds_and_risk_inflected,manufacturing,concern,6
HSY|2013Q4,lib_inflected,supply,volatile,10
HSY|2013Q4,lib_seeds_inflected,supply,volatile,10
HSY|2013Q4,lib_seeds_and_risk_inflected,supply,volatile,10
HSY|2015Q1,lib_inflected,channel,exposure,5
HSY|2015Q1,lib_seeds_inflected,channel,exposure,5
HSY|2015Q1,lib_seeds_and_risk_inflected,channel,exposure,5
HSY|2015Q3,lib_inflected,shortage,shortage,0
HSY|2015Q3,lib_seeds_inflected,shortage,shortage,0
HSY|2015Q3,lib_seeds_and_risk_inflected,shortage,shortage,0
HSY|2022Q2,lib_inflected,supply,supply chain disruption,0
HSY|2022Q2,lib_seeds_inflected,supply,supply chain disruption,0
HSY|2022Q2,lib_seeds_and_risk_inflected,supply,supply chain disruption,0
HSY|2023Q2,lib_inflected,inventory,volatility,7
HSY|2023Q2,lib_seeds_inflected,inventory,volatility,7
HSY|2023Q2,lib_seeds_and_risk_inflected,inventory,volatility,7
HSY|2023Q3,lib_inflected,inventory,risk,7
HSY|2023Q3,lib_seeds_inflected,inventory,risk,7
HSY|2023Q3,lib_seeds_and_risk_inflected,inventory,risk,7
CHD|2016Q2,lib_seeds_inflected,manufacturing,risk,2
CHD|2016Q2,lib_seeds_and_risk_inflected,manufacturing,risk,2
CHD|2011Q3,lib_inflected,customers,disruption,3
CHD|2011Q3,lib_seeds_inflected,customers,disruption,3
CHD|2011Q3,lib_seeds_and_risk_inflected,customers,disruption,3
CHD|2018Q1,lib_seeds_inflected,distribution,risk,4
CHD|2018Q1,lib_seeds_and_risk_inflected,distribution,risk,4
CHD|2019Q2,lib_seeds_inflected,manufacturing,tariffs,4
CHD|2019Q2,lib_seeds_and_risk_inflected,manufacturing,tariffs,4
CHD|2022Q2,lib_seeds_inflected,manufacturing,volatile,10
CHD|2022Q2,lib_seeds_and_risk_inflected,manufacturing,volatile,10
CHD|2015Q2,lib_inflected,supply,disruptions,1
CHD|2015Q2,lib_seeds_inflected,supply,disruptions,1
CHD|2015Q2,lib_seeds_and_risk_inflected,supply,supply disruptions,0
COST|2012Q2,lib_inflected,inventory,concerns,1
COST|2012Q2,lib_seeds_inflected,inventory,concerns,1
COST|2012Q2,lib_seeds_and_risk_inflected,inventory,concerns,1
COST|2023Q2,lib_inflected,inventory,concern,8
COST|2023Q2,lib_seeds_inflected,inventory,concern,8
COST|2023Q2,lib_seeds_and_risk_inflected,inventory,concern,8
COST|2024Q2,lib_seeds_and_risk_inflected,shipping,shipping delays,0
TSN|2012Q1,lib_inflected,shortage,shortage,0
TSN|2012Q1,lib_seeds_inflected,shortage,shortage,0
TSN|2012Q1,lib_seeds_and_risk_inflected,shortage,shortage,0
TSN|2012Q3,lib_inflected,shortage,shortage,0
TSN|2012Q3,lib_seeds_inflected,shortage,shortage,0
TSN|2012Q3,lib_seeds_and_risk_inflected,shortage,shortage,0
TSN|2014Q3,lib_inflected,customers,disruptions,8
TSN|2014Q3,lib_seeds_inflected,customers,disruptions,8
TSN|2014Q3,lib_seeds_and_risk_inflected,customers,disruptions,8
TSN|2024Q3,lib_inflected,inventory,volatility,9
TSN|2024Q3,lib_seeds_inflected,inventory,volatility,9
TSN|2024Q3,lib_seeds_and_risk_inflected,inventory,volatility,9
CCEP|2010Q1,lib_inflected,channel,volatile,8
CCEP|2010Q1,lib_seeds_inflected,channel,volatile,8
CCEP|2010Q1,lib_seeds_and_risk_inflected,channel,volatile,8
CCEP|2012Q4,lib_inflected,customers,tariff,4
CCEP|2012Q4,lib_seeds_inflected,customers,tariff,4
CCEP|2012Q4,lib_seeds_and_risk_inflected,customers,tariff,4
TSN|2024Q1,lib_inflected,inventory,volatile,9
TSN|2024Q1,lib_seeds_inflected,inventory,volatile,9
TSN|2024Q1,lib_seeds_and_risk_inflected,inventory,volatile,9
CCEP|2016Q2,lib_inflected,supply,supply chain disruption,0
CCEP|2016Q2,lib_seeds_inflected,supply,supply chain disruption,0
CCEP|2016Q2,lib_seeds_and_risk_inflected,supply,supply chain disruption,0
FLO|2012Q2,lib_inflected,supply,concerns,1
FLO|2012Q2,lib_seeds_inflected,supply,concerns,1
FLO|2012Q2,lib_seeds_and_risk_inflected,supply,concerns,1
FLO|2012Q3,lib_inflected,order,uncertainty,10
FLO|2012Q3,lib_seeds_inflected,order,uncertainty,10
FLO|2012Q3,lib_seeds_and_risk_inflected,order,uncertainty,10
CCEP|2018Q3,lib_inflected,shortage,shortage,0
CCEP|2018Q3,lib_seeds_inflected,shortage,shortage,0
CCEP|2018Q3,lib_seeds_and_risk_inflected,shortage,shortage,0
CCEP|2022Q1,lib_inflected,channel,uncertain,6
CCEP|2022Q1,lib_seeds_inflected,channel,uncertain,6
CCEP|2022Q1,lib_seeds_and_risk_inflected,channel,uncertain,6
CCEP|2022Q2,lib_inflected,supply,supply chain disruption,0
CCEP|2022Q2,lib_seeds_inflected,supply,supply chain disruption,0
CCEP|2022Q2,lib_seeds_and_risk_inflected,supply,supply chain disruption,0
FLO|2010Q1,lib_seeds_inflected,distribution,extreme weather,9
FLO|2010Q1,lib_seeds_and_risk_inflected,distribution,extreme weather,9
FLO|2019Q3,lib_inflected,channel,disruption,8
FLO|2019Q3,lib_seeds_inflected,channel,disruption,8
FLO|2019Q3,lib_seeds_and_risk_inflected,channel,disruption,8
FLO|2020Q1,lib_inflected,customers,business disruption,6
FLO|2020Q1,lib_seeds_inflected,sourcing,risk,5
FLO|2020Q1,lib_seeds_and_risk_inflected,sourcing,risk,5
FLO|2021Q2,lib_inflected,shortage,labor shortage,0
FLO|2021Q2,lib_seeds_inflected,shortage,labor shortage,0
FLO|2021Q2,lib_seeds_and_risk_inflected,shortage,labor shortage,0
UVV|2015Q4,lib_inflected,customers,concern,4
UVV|2015Q4,lib_seeds_inflected,customers,concern,4
UVV|2015Q4,lib_seeds_and_risk_inflected,customers,concern,4
UVV|2016Q1,lib_inflected,suppliers,uncertain,9
UVV|2016Q1,lib_seeds_inflected,suppliers,uncertain,9
UVV|2016Q1,lib_seeds_and_risk_inflected,suppliers,uncertain,9
UVV|2016Q2,lib_inflected,shortage,shortage,0
UVV|2016Q2,lib_seeds_inflected,shortage,shortage,0
UVV|2016Q2,lib_seeds_and_risk_inflected,shortage,shortage,0
PPC|2014Q1,lib_inflected,shortage,shortage,0
PPC|2014Q1,lib_seeds_inflected,shortage,shortage,0
PPC|2014Q1,lib_seeds_and_risk_inflected,shortage,shortage,0
UVV|2018Q1,lib_inflected,shortage,shortage,0
UVV|2018Q1,lib_seeds_inflected,shortage,shortage,0
UVV|2018Q1,lib_seeds_and_risk_inflected,shortage,shortage,0
UVV|2018Q4,lib_inflected,shortage,shortage,0
UVV|2018Q4,lib_seeds_inflected,shortage,shortage,0
UVV|2018Q4,lib_seeds_and_risk_inflected,shortage,shortage,0
UVV|2019Q2,lib_inflected,supply,disruptions,1
UVV|2019Q2,lib_seeds_inflected,supply,disruptions,1
UVV|2019Q2,lib_seeds_and_risk_inflected,supply,supply disruptions,0
UL|2024Q4,lib_inflected,material,volatility,6
UL|2024Q4,lib_seeds_inflected,material,volatility,6
UL|2024Q4,lib_seeds_and_risk_inflected,material,volatility,6
UVV|2013Q3,lib_inflected,inventory,risk,5
UVV|2013Q3,lib_seeds_inflected,inventory,risk,5
UVV|2013Q3,lib_seeds_and_risk_inflected,inventory,risk,5
UVV|2022Q2,lib_inflected,shortage,shortage,0
UVV|2022Q2,lib_seeds_inflected,shortage,shortage,0
UVV|2022Q2,lib_seeds_and_risk_inflected,shortage,shortage,0
UVV|2023Q2,lib_inflected,shortage,shortage,0
UVV|2023Q2,lib_seeds_inflected,shortage,shortage,0
UVV|2023Q2,lib_seeds_and_risk_inflected,shortage,shortage,0
UVV|2023Q3,lib_inflected,supply,uncertainties,2
UVV|2023Q3,lib_seeds_inflected,supply chain,uncertainties,1
UVV|2023Q3,lib_seeds_and_risk_inflected,supply chain,uncertainties,1
PPC|2014Q2,lib_inflected,shortage,shortage,0
PPC|2014Q2,lib_seeds_inflected,shortage,shortage,0
PPC|2014Q2,lib_seeds_and_risk_inflected,shortage,shortage,0
PPC|2015Q4,lib_inflected,supply,concerns,1
PPC|2015Q4,lib_seeds_inflected,supply,concerns,1
PPC|2015Q4,lib_seeds_and_risk_inflected,supply,concerns,1
PPC|2016Q4,lib_inflected,channel,exposure,1
PPC|2016Q4,lib_seeds_inflected,channel,exposure,1
PPC|2016Q4,lib_seeds_and_risk_inflected,channel,exposure,1
PPC|2017Q1,lib_inflected,channel,exposure,1
PPC|2017Q1,lib_seeds_inflected,channel,exposure,1
PPC|2017Q1,lib_seeds_and_risk_inflected,channel,exposure,1
PPC|2018Q2,lib_inflected,shortage,shortage,0
PPC|2018Q2,lib_seeds_inflected,shortage,shortage,0
PPC|2018Q2,lib_seeds_and_risk_inflected,shortage,shortage,0
HRL|2013Q1,lib_inflected,supply,disruptions,1
HRL|2013Q1,lib_seeds_inflected,supply,disruptions,1
HRL|2013Q1,lib_seeds_and_risk_inflected,supply,supply disruptions,0
HRL|2013Q4,lib_inflected,shortage,shortage,0
HRL|2013Q4,lib_seeds_inflected,shortage,shortage,0
HRL|2013Q4,lib_seeds_and_risk_inflected,shortage,shortage,0
HRL|2014Q2,lib_inflected,shortage,shortage,0
HRL|2014Q2,lib_seeds_inflected,shortage,shortage,0
HRL|2014Q2,lib_seeds_and_risk_inflected,shortage,shortage,0
MZTI|2015Q4,lib_inflected,supply,disruptions,3
MZTI|2015Q4,lib_seeds_inflected,supply,disruptions,3
MZTI|2015Q4,lib_seeds_and_risk_inflected,supply,disruptions,3
MZTI|2019Q1,lib_seeds_inflected,distribution,exposure,5
MZTI|2019Q1,lib_seeds_and_risk_inflected,distribution,exposure,5
MZTI|2019Q2,lib_inflected,supply,disruptions,1
MZTI|2019Q2,lib_seeds_inflected,supply,disruptions,1
MZTI|2019Q2,lib_seeds_and_risk_inflected,supply,supply disruptions,0
MZTI|2019Q3,lib_inflected,supply,disruptions,1
MZTI|2019Q3,lib_seeds_inflected,supply,disruptions,1
MZTI|2019Q3,lib_seeds_and_risk_inflected,supply,supply disruptions,0
MZTI|2020Q3,lib_inflected,customers,exposure,9
MZTI|2020Q3,lib_seeds_inflected,customers,exposure,9
MZTI|2020Q3,lib_seeds_and_risk_inflected,customers,exposure,9
MZTI|2020Q4,lib_inflected,supply,uncertainty,5
MZTI|2020Q4,lib_seeds_inflected,supply chain,uncertainty,4
MZTI|2020Q4,lib_seeds_and_risk_inflected,supply chain,uncertainty,4
HRL|2023Q2,lib_inflected,channel,exposure,1
HRL|2023Q2,lib_seeds_inflected,channel,exposure,1
HRL|2023Q2,lib_seeds_and_risk_inflected,channel,exposure,1
HRL|2024Q2,lib_inflected,supply,supply disruption,0
HRL|2024Q2,lib_seeds_inflected,supply,supply disruption,0
HRL|2024Q2,lib_seeds_and_risk_inflected,supply,supply disruption,0
HELE|2016Q3,lib_inflected,inventory,concern,4
HELE|2016Q3,lib_seeds_inflected,inventory,concern,4
HELE|2016Q3,lib_seeds_and_risk_inflected,inventory,concern,4
MZTI|2021Q4,lib_inflected,supply,uncertainty,2
MZTI|2021Q4,lib_seeds_inflected,supply chain,uncertainty,1
MZTI|2021Q4,lib_seeds_and_risk_inflected,supply chain,uncertainty,1
MZTI|2023Q3,lib_inflected,supply,supply chain disruption,0
MZTI|2023Q3,lib_seeds_inflected,supply,supply chain disruption,0
MZTI|2023Q3,lib_seeds_and_risk_inflected,supply,supply chain disruption,0
JJSF|2018Q2,lib_inflected,shortage,shortage,0
JJSF|2018Q2,lib_seeds_inflected,shortage,shortage,0
JJSF|2018Q2,lib_seeds_and_risk_inflected,shortage,shortage,0
JJSF|2021Q2,lib_inflected,shortage,labor shortage,0
JJSF|2021Q2,lib_seeds_inflected,shortage,labor shortage,0
JJSF|2021Q2,lib_seeds_and_risk_inflected,shortage,labor shortage,0
HELE|2018Q3,lib_inflected,channel,volatility,6
HELE|2018Q3,lib_seeds_inflected,channel,volatility,6
HELE|2018Q3,lib_seeds_and_risk_inflected,channel,volatility,6
HELE|2023Q2,lib_inflected,supply,disruptions,2
HELE|2023Q2,lib_seeds_inflected,supply chain,disruptions,1
HELE|2023Q2,lib_seeds_and_risk_inflected,supply,supply chain disruptions,0
HELE|2024Q1,lib_inflected,inventory,risk,6
HELE|2024Q1,lib_seeds_inflected,inventory,risk,6
HELE|2024Q1,lib_seeds_and_risk_inflected,inventory,risk,6
JJSF|2024Q3,lib_inflected,channel,volatility,2
JJSF|2024Q3,lib_seeds_inflected,channel,volatility,2
JJSF|2024Q3,lib_seeds_and_risk_inflected,channel,volatility,2
JJSF|2024Q4,lib_inflected,channel,exposure,4
JJSF|2024Q4,lib_seeds_inflected,channel,exposure,4
JJSF|2024Q4,lib_seeds_and_risk_inflected,channel,exposure,4
MGPI|2017Q4,lib_inflected,customers,exposure,6
MGPI|2017Q4,lib_seeds_inflected,customers,exposure,6
MGPI|2017Q4,lib_seeds_and_risk_inflected,customers,exposure,6
MGPI|2019Q2,lib_inflected,shortage,shortage,0
MGPI|2019Q2,lib_seeds_inflected,shortage,shortage,0
MGPI|2019Q2,lib_seeds_and_risk_inflected,shortage,shortage,0
MGPI|2021Q3,lib_inflected,supply,disruptions,2
MGPI|2021Q3,lib_seeds_inflected,supply chain,disruptions,1
MGPI|2021Q3,lib_seeds_and_risk_inflected,supply,supply chain disruptions,0
MGPI|2022Q4,lib_inflected,supply,disruptions,2
MGPI|2022Q4,lib_seeds_inflected,supply chain,disruptions,1
MGPI|2022Q4,lib_seeds_and_risk_inflected,supply,supply chain disruptions,0
MGPI|2023Q2,lib_inflected,supply,disruptions,2
MGPI|2023Q2,lib_seeds_inflected,supply chain,disruptions,1
MGPI|2023Q2,lib_seeds_and_risk_inflected,supply,supply chain disruptions,0
MGPI|2023Q3,lib_inflected,customers,uncertainty,2
MGPI|2023Q3,lib_seeds_inflected,customers,uncertainty,2
MGPI|2023Q3,lib_seeds_and_risk_inflected,customers,uncertainty,2
MGPI|2024Q4,lib_inflected,customers,disruptions,7
MGPI|2024Q4,lib_seeds_inflected,customers,disruptions,7
MGPI|2024Q4,lib_seeds_and_risk_inflected,customers,disruptions,7
JBSS|2012Q2,lib_inflected,material,volatile,10
JBSS|2012Q2,lib_seeds_inflected,material,volatile,10
JBSS|2012Q2,lib_seeds_and_risk_inflected,material,volatile,10
IPAR|2020Q3,lib_inflected,supply,volatility,1
IPAR|2020Q3,lib_seeds_inflected,supply,volatility,1
IPAR|2020Q3,lib_seeds_and_risk_inflected,supply,volatility,1
MKC|2012Q2,lib_inflected,material,volatility,2
MKC|2012Q2,lib_seeds_inflected,material,volatility,2
MKC|2012Q2,lib_seeds_and_risk_inflected,material,volatility,2
MKC|2019Q2,lib_inflected,shortage,shortage,0
MKC|2019Q2,lib_seeds_inflected,shortage,shortage,0
MKC|2019Q2,lib_seeds_and_risk_inflected,shortage,shortage,0
MKC|2020Q3,lib_inflected,shortage,shortage,0
MKC|2020Q3,lib_seeds_inflected,shortage,shortage,0
MKC|2020Q3,lib_seeds_and_risk_inflected,shortage,shortage,0
JBSS|2018Q3,lib_inflected,inventory,concerns,3
JBSS|2018Q3,lib_seeds_inflected,inventory,concerns,3
JBSS|2018Q3,lib_seeds_and_risk_inflected,inventory,concerns,3
JBSS|2019Q1,lib_inflected,order,tariffs,7
JBSS|2019Q1,lib_seeds_inflected,order,tariffs,7
JBSS|2019Q1,lib_seeds_and_risk_inflected,order,tariffs,7
JBSS|2014Q3,lib_inflected,material,volatile,1
JBSS|2014Q3,lib_seeds_inflected,material,volatile,1
JBSS|2014Q3,lib_seeds_and_risk_inflected,material,volatile,1
JBSS|2016Q1,lib_inflected,supply,volatility,3
JBSS|2016Q1,lib_seeds_inflected,supply,volatility,3
JBSS|2016Q1,lib_seeds_and_risk_inflected,supply,volatility,3
JBSS|2024Q2,lib_inflected,supply,risks,1
JBSS|2024Q2,lib_seeds_inflected,supply,risks,1
JBSS|2024Q2,lib_seeds_and_risk_inflected,supply,risks,1
JNJ|2012Q3,lib_inflected,supply,supply disruption,0
JNJ|2012Q3,lib_seeds_inflected,supply,supply disruption,0
JNJ|2012Q3,lib_seeds_and_risk_inflected,supply,supply disruption,0
JNJ|2012Q4,lib_inflected,supply,supply disruption,0
JNJ|2012Q4,lib_seeds_inflected,supply,supply disruption,0
JNJ|2012Q4,lib_seeds_and_risk_inflected,supply,supply disruption,0
JNJ|2017Q2,lib_inflected,order,concern,7
JNJ|2017Q2,lib_seeds_inflected,order,concern,7
JNJ|2017Q2,lib_seeds_and_risk_inflected,order,concern,7
MRK|2012Q1,lib_inflected,order,risks,3
MRK|2012Q1,lib_seeds_inflected,order,risks,3
MRK|2012Q1,lib_seeds_and_risk_inflected,order,risks,3
JNJ|2020Q3,lib_inflected,supply,supply disruption,0
JNJ|2020Q3,lib_seeds_inflected,supply,supply disruption,0
JNJ|2020Q3,lib_seeds_and_risk_inflected,supply,supply disruption,0
JNJ|2024Q4,lib_inflected,shortage,shortage,0
JNJ|2024Q4,lib_seeds_inflected,shortage,shortage,0
JNJ|2024Q4,lib_seeds_and_risk_inflected,shortage,shortage,0
MRK|2011Q1,lib_inflected,inventory,natural disaster,5
MRK|2011Q1,lib_seeds_inflected,inventory,natural disaster,5
MRK|2011Q1,lib_seeds_and_risk_inflected,inventory,natural disaster,5
MRK|2020Q3,lib_inflected,order,exposure,7
MRK|2020Q3,lib_seeds_inflected,order,exposure,7
MRK|2020Q3,lib_seeds_and_risk_inflected,order,exposure,7
MRK|2024Q4,lib_inflected,inventory,risk,4
MRK|2024Q4,lib_seeds_inflected,inventory,risk,4
MRK|2024Q4,lib_seeds_and_risk_inflected,inventory,risk,4
LLY|2016Q3,lib_inflected,inventory,volatile,6
LLY|2016Q3,lib_seeds_inflected,inventory,volatile,6
LLY|2016Q3,lib_seeds_and_risk_inflected,inventory,volatile,6
LLY|2017Q4,lib_inflected,order,concerns,4
LLY|2017Q4,lib_seeds_inflected,order,concerns,4
LLY|2017Q4,lib_seeds_and_risk_inflected,order,concerns,4
LLY|2020Q2,lib_inflected,supply,disruptions,3
LLY|2020Q2,lib_seeds_inflected,supply,disruptions,3
LLY|2020Q2,lib_seeds_and_risk_inflected,supply,disruptions,3
LLY|2024Q4,lib_inflected,shortage,shortage,0
LLY|2024Q4,lib_seeds_inflected,shortage,shortage,0
LLY|2024Q4,lib_seeds_and_risk_inflected,shortage,shortage,0
LLY|2022Q2,lib_inflected,supply,concern,4
LLY|2022Q2,lib_seeds_inflected,supply,concern,4
LLY|2022Q2,lib_seeds_and_risk_inflected,supply,concern,4
LLY|2023Q4,lib_inflected,shortage,shortage,0
LLY|2023Q4,lib_seeds_inflected,shortage,shortage,0
LLY|2023Q4,lib_seeds_and_risk_inflected,shortage,shortage,0
BMY|2017Q3,lib_inflected,supply,supply disruption,0
BMY|2017Q3,lib_seeds_inflected,supply,supply disruption,0
BMY|2017Q3,lib_seeds_and_risk_inflected,supply,supply disruption,0
BMY|2021Q2,lib_inflected,shortage,shortage,0
BMY|2021Q2,lib_seeds_inflected,shortage,shortage,0
BMY|2021Q2,lib_seeds_and_risk_inflected,shortage,shortage,0
BMY|2022Q2,lib_inflected,channel,exposure,3
BMY|2022Q2,lib_seeds_inflected,channel,exposure,3
BMY|2022Q2,lib_seeds_and_risk_inflected,channel,exposure,3
PFE|2024Q4,lib_inflected,shortage,shortage,0
PFE|2024Q4,lib_seeds_inflected,shortage,shortage,0
PFE|2024Q4,lib_seeds_and_risk_inflected,shortage,shortage,0
PFE|2021Q1,lib_inflected,order,risk,3
PFE|2021Q1,lib_seeds_inflected,order,risk,3
PFE|2021Q1,lib_seeds_and_risk_inflected,order,risk,3
PFE|2021Q3,lib_seeds_inflected,manufacturing,risk,3
PFE|2021Q3,lib_seeds_and_risk_inflected,manufacturing,risk,3
PFE|2021Q4,lib_inflected,shortage,shortage,0
PFE|2021Q4,lib_seeds_inflected,shortage,shortage,0
PFE|2021Q4,lib_seeds_and_risk_inflected,shortage,shortage,0
PFE|2015Q2,lib_inflected,order,volatility,8
PFE|2015Q2,lib_seeds_inflected,order,volatility,8
PFE|2015Q2,lib_seeds_and_risk_inflected,order,volatility,8
PFE|2020Q2,lib_inflected,material,disruption,1
PFE|2020Q2,lib_seeds_inflected,material,disruption,1
PFE|2020Q2,lib_seeds_and_risk_inflected,material,disruption,1
CHE|2020Q1,lib_inflected,material,disruption,6
CHE|2020Q1,lib_seeds_inflected,material,disruption,6
CHE|2020Q1,lib_seeds_and_risk_inflected,material,disruption,6
CHE|2020Q2,lib_inflected,customers,concern,2
CHE|2020Q2,lib_seeds_inflected,customers,concern,2
CHE|2020Q2,lib_seeds_and_risk_inflected,customers,concern,2
CHE|2022Q2,lib_inflected,shortage,shortage,0
CHE|2022Q2,lib_seeds_inflected,shortage,shortage,0
CHE|2022Q2,lib_seeds_and_risk_inflected,shortage,shortage,0
CHE|2022Q3,lib_inflected,shortage,shortage,0
CHE|2022Q3,lib_seeds_inflected,shortage,shortage,0
CHE|2022Q3,lib_seeds_and_risk_inflected,shortage,shortage,0
BIO|2020Q3,lib_inflected,supply,supply chain disruption,0
BIO|2020Q3,lib_seeds_inflected,supply,supply chain disruption,0
BIO|2020Q3,lib_seeds_and_risk_inflected,supply,supply chain disruption,0
BIO|2024Q1,lib_inflected,supply,sanctions,7
BIO|2024Q1,lib_seeds_inflected,supply,sanctions,7
BIO|2024Q1,lib_seeds_and_risk_inflected,supply,sanctions,7
BAX|2018Q1,lib_seeds_inflected,manufacturing,disruption,1
BAX|2018Q1,lib_seeds_and_risk_inflected,manufacturing,disruption,1
BAX|2019Q3,lib_inflected,supply,supply disruption,0
BAX|2019Q3,lib_seeds_inflected,supply,supply disruption,0
BAX|2019Q3,lib_seeds_and_risk_inflected,supply,supply disruption,0
BAX|2020Q1,lib_seeds_inflected,purchasing,uncertainty,10
BAX|2020Q1,lib_seeds_and_risk_inflected,purchasing,uncertainty,10
BAX|2021Q2,lib_inflected,customers,exposure,6
BAX|2021Q2,lib_seeds_inflected,customers,exposure,6
BAX|2021Q2,lib_seeds_and_risk_inflected,customers,exposure,6
BAX|2024Q3,lib_inflected,shortage,shortage,0
BAX|2024Q3,lib_seeds_inflected,shortage,shortage,0
BAX|2024Q3,lib_seeds_and_risk_inflected,shortage,shortage,0
BAX|2010Q1,lib_inflected,shortage,shortage,0
BAX|2010Q1,lib_seeds_inflected,shortage,shortage,0
BAX|2010Q1,lib_seeds_and_risk_inflected,shortage,shortage,0
BAX|2011Q4,lib_seeds_inflected,manufacturing,risk,6
BAX|2011Q4,lib_seeds_and_risk_inflected,manufacturing,risk,6
BAX|2014Q2,lib_inflected,shortage,shortage,0
BAX|2014Q2,lib_seeds_inflected,shortage,shortage,0
BAX|2014Q2,lib_seeds_and_risk_inflected,shortage,shortage,0
HUM|2011Q1,lib_inflected,shortage,shortage,0
HUM|2011Q1,lib_seeds_inflected,shortage,shortage,0
HUM|2011Q1,lib_seeds_and_risk_inflected,shortage,shortage,0
BAX|2015Q2,lib_inflected,shortage,shortage,0
BAX|2015Q2,lib_seeds_inflected,shortage,shortage,0
BAX|2015Q2,lib_seeds_and_risk_inflected,shortage,shortage,0
BAX|2017Q1,lib_inflected,supply,supply disruption,0
BAX|2017Q1,lib_seeds_inflected,supply,supply disruption,0
BAX|2017Q1,lib_seeds_and_risk_inflected,supply,supply disruption,0
BAX|2017Q3,lib_inflected,supply,disruptions,5
BAX|2017Q3,lib_seeds_inflected,supply,disruptions,5
BAX|2017Q3,lib_seeds_and_risk_inflected,supply,disruptions,5
HUM|2023Q4,lib_inflected,shortage,shortage,0
HUM|2023Q4,lib_seeds_inflected,shortage,shortage,0
HUM|2023Q4,lib_seeds_and_risk_inflected,shortage,shortage,0
MDT|2010Q4,lib_inflected,customers,disruption,7
MDT|2010Q4,lib_seeds_inflected,customers,disruption,7
MDT|2010Q4,lib_seeds_and_risk_inflected,customers,disruption,7
MDT|2011Q4,lib_inflected,shortage,shortage,0
MDT|2011Q4,lib_seeds_inflected,shortage,shortage,0
MDT|2011Q4,lib_seeds_and_risk_inflected,shortage,shortage,0
MDT|2012Q3,lib_inflected,supply,supply disruption,0
MDT|2012Q3,lib_seeds_inflected,supply,supply disruption,0
MDT|2012Q3,lib_seeds_and_risk_inflected,supply,supply disruption,0
MDT|2014Q4,lib_inflected,supply,supply disruption,0
MDT|2014Q4,lib_seeds_inflected,supply,supply disruption,0
MDT|2014Q4,lib_seeds_and_risk_inflected,supply,supply disruption,0
MDT|2015Q2,lib_inflected,supply,risk,10
MDT|2015Q2,lib_seeds_inflected,supply,risk,10
MDT|2015Q2,lib_seeds_and_risk_inflected,supply,risk,10
MDT|2018Q2,lib_inflected,shortage,shortage,0
MDT|2018Q2,lib_seeds_inflected,shortage,shortage,0
MDT|2018Q2,lib_seeds_and_risk_inflected,shortage,shortage,0
MDT|2018Q3,lib_inflected,shortage,shortage,0
MDT|2018Q3,lib_seeds_inflected,shortage,shortage,0
MDT|2018Q3,lib_seeds_and_risk_inflected,shortage,shortage,0
NVO|2010Q3,lib_seeds_inflected,manufacturing,risks,3
NVO|2010Q3,lib_seeds_and_risk_inflected,manufacturing,risks,3
NVO|2013Q1,lib_inflected,order,risk,6
NVO|2013Q1,lib_seeds_inflected,order,risk,6
NVO|2013Q1,lib_seeds_and_risk_inflected,order,risk,6
NVO|2019Q1,lib_inflected,supply,uncertain,3
NVO|2019Q1,lib_seeds_inflected,supply chain,uncertain,2
NVO|2019Q1,lib_seeds_and_risk_inflected,supply chain,uncertain,2
NVO|2019Q3,lib_inflected,inventory,exposure,4
NVO|2019Q3,lib_seeds_inflected,inventory,exposure,4
NVO|2019Q3,lib_seeds_and_risk_inflected,inventory,exposure,4
NVO|2019Q4,lib_inflected,supply,supply disruption,0
NVO|2019Q4,lib_seeds_inflected,supply,supply disruption,0
NVO|2019Q4,lib_seeds_and_risk_inflected,supply,supply disruption,0
NVO|2015Q2,lib_seeds_inflected,distribution,exposure,10
NVO|2015Q2,lib_seeds_and_risk_inflected,distribution,exposure,10
MDT|2020Q3,lib_seeds_inflected,manufacturing,concern,6
MDT|2020Q3,lib_seeds_and_risk_inflected,manufacturing,concern,6
MDT|2024Q1,lib_seeds_inflected,procurement,sanctions,6
MDT|2024Q1,lib_seeds_and_risk_inflected,procurement,sanctions,6
NVO|2021Q1,lib_inflected,supply,volatility,2
NVO|2021Q1,lib_seeds_inflected,supply chain,volatility,1
NVO|2021Q1,lib_seeds_and_risk_inflected,supply chain,volatility,1
NVO|2022Q3,lib_inflected,supply,concerns,7
NVO|2022Q3,lib_seeds_inflected,supply,concerns,7
NVO|2022Q3,lib_seeds_and_risk_inflected,supply,concerns,7
NVO|2022Q4,lib_inflected,shortage,shortage,0
NVO|2022Q4,lib_seeds_inflected,shortage,shortage,0
NVO|2022Q4,lib_seeds_and_risk_inflected,shortage,shortage,0
NVO|2023Q3,lib_inflected,shortage,shortage,0
NVO|2023Q3,lib_seeds_inflected,shortage,shortage,0
NVO|2023Q3,lib_seeds_and_risk_inflected,shortage,shortage,0
NVO|2023Q4,lib_inflected,shortage,shortage,0
NVO|2023Q4,lib_seeds_inflected,shortage,shortage,0
NVO|2023Q4,lib_seeds_and_risk_inflected,shortage,shortage,0
NVO|2024Q2,lib_inflected,shortage,shortage,0
NVO|2024Q2,lib_seeds_inflected,shortage,shortage,0
NVO|2024Q2,lib_seeds_and_risk_inflected,shortage,shortage,0
THC|2017Q2,lib_inflected,shortage,shortage,0
THC|2017Q2,lib_seeds_inflected,shortage,shortage,0
THC|2017Q2,lib_seeds_and_risk_inflected,shortage,shortage,0
THC|2013Q4,lib_seeds_inflected,purchasing,risk,5
THC|2013Q4,lib_seeds_and_risk_inflected,purchasing,risk,5
THC|2020Q4,lib_seeds_inflected,distribution,uncertainty,3
THC|2020Q4,lib_seeds_and_risk_inflected,distribution,uncertainty,3
THC|2021Q3,lib_inflected,shortage,shortage,0
THC|2021Q3,lib_seeds_inflected,shortage,shortage,0
THC|2021Q3,lib_seeds_and_risk_inflected,shortage,shortage,0
CI|2013Q4,lib_inflected,order,risk,8
CI|2013Q4,lib_seeds_inflected,order,risk,8
CI|2013Q4,lib_seeds_and_risk_inflected,order,risk,8
CI|2017Q1,lib_inflected,customers,risks,5
CI|2017Q1,lib_seeds_inflected,customers,risks,5
CI|2017Q1,lib_seeds_and_risk_inflected,customers,risks,5
CI|2022Q2,lib_inflected,material,disruption,6
CI|2022Q2,lib_seeds_inflected,material,disruption,6
CI|2022Q2,lib_seeds_and_risk_inflected,material,disruption,6
CI|2023Q2,lib_inflected,customers,risks,7
CI|2023Q2,lib_seeds_inflected,customers,risks,7
CI|2023Q2,lib_seeds_and_risk_inflected,customers,risks,7
BDX|2010Q1,lib_seeds_inflected,purchasing,exposures,6
BDX|2010Q1,lib_seeds_and_risk_inflected,purchasing,exposures,6
BDX|2012Q3,lib_inflected,customers,threat,5
BDX|2012Q3,lib_seeds_inflected,customers,threat,5
BDX|2012Q3,lib_seeds_and_risk_inflected,customers,threat,5
CI|2020Q1,lib_inflected,customers,risk,10
CI|2020Q1,lib_seeds_inflected,customers,risk,10
CI|2020Q1,lib_seeds_and_risk_inflected,customers,risk,10
BDX|2017Q2,lib_inflected,inventory,disruption,1
BDX|2017Q2,lib_seeds_inflected,inventory,disruption,1
BDX|2017Q2,lib_seeds_and_risk_inflected,inventory,disruption,1
BDX|2017Q3,lib_seeds_inflected,purchasing,uncertainty,9
BDX|2017Q3,lib_seeds_and_risk_inflected,purchasing,uncertainty,9
BDX|2018Q1,lib_inflected,supply,disruptions,1
BDX|2018Q1,lib_seeds_inflected,supply,disruptions,1
BDX|2018Q1,lib_seeds_and_risk_inflected,supply,supply disruptions,0
BDX|2020Q1,lib_inflected,customers,risks,6
BDX|2020Q1,lib_seeds_inflected,customers,risks,6
BDX|2020Q1,lib_seeds_and_risk_inflected,customers,risks,6
BDX|2020Q3,lib_inflected,customers,disruptions,3
BDX|2020Q3,lib_seeds_inflected,customers,disruptions,3
BDX|2020Q3,lib_seeds_and_risk_inflected,customers,disruptions,3
BDX|2020Q4,lib_inflected,shortage,shortage,0
BDX|2020Q4,lib_seeds_inflected,shortage,shortage,0
BDX|2020Q4,lib_seeds_and_risk_inflected,shortage,shortage,0
BDX|2024Q4,lib_inflected,supply,tariffs,1
BDX|2024Q4,lib_seeds_inflected,supply,tariffs,1
BDX|2024Q4,lib_seeds_and_risk_inflected,supply,tariffs,1
ABT|2011Q1,lib_seeds_inflected,manufacturing,disruption,4
ABT|2011Q1,lib_seeds_and_risk_inflected,manufacturing,disruption,4
ABT|2014Q1,lib_inflected,channel,disruptions,1
ABT|2014Q1,lib_seeds_inflected,channel,disruptions,1
ABT|2014Q1,lib_seeds_and_risk_inflected,channel,disruptions,1
ABT|2014Q2,lib_inflected,order,disruption,7
ABT|2014Q2,lib_seeds_inflected,order,disruption,7
ABT|2014Q2,lib_seeds_and_risk_inflected,order,disruption,7
ABT|2014Q4,lib_inflected,shortage,shortage,0
ABT|2014Q4,lib_seeds_inflected,shortage,shortage,0
ABT|2014Q4,lib_seeds_and_risk_inflected,shortage,shortage,0
RVTY|2011Q4,lib_inflected,customers,risk,7
RVTY|2011Q4,lib_seeds_inflected,customers,risk,7
RVTY|2011Q4,lib_seeds_and_risk_inflected,customers,risk,7
ABT|2022Q4,lib_seeds_inflected,manufacturing,disruptions,1
ABT|2022Q4,lib_seeds_and_risk_inflected,manufacturing,disruptions,1
ABT|2023Q2,lib_inflected,supply,disruptions,2
ABT|2023Q2,lib_seeds_inflected,supply chain,disruptions,1
ABT|2023Q2,lib_seeds_and_risk_inflected,supply,supply chain disruptions,0
RVTY|2018Q2,lib_seeds_inflected,manufacturing,tariff,10
RVTY|2018Q2,lib_seeds_and_risk_inflected,manufacturing,tariff,10
RVTY|2021Q3,lib_inflected,shortage,shortage,0
RVTY|2021Q3,lib_seeds_inflected,shortage,shortage,0
RVTY|2021Q3,lib_seeds_and_risk_inflected,shortage,shortage,0
COO|2024Q4,lib_inflected,inventory,disruption,4
COO|2024Q4,lib_seeds_inflected,inventory,disruption,4
COO|2024Q4,lib_seeds_and_risk_inflected,inventory,disruption,4
RVTY|2024Q4,lib_inflected,customers,uncertainty,8
RVTY|2024Q4,lib_seeds_inflected,customers,uncertainty,8
RVTY|2024Q4,lib_seeds_and_risk_inflected,customers,uncertainty,8
COO|2015Q2,lib_inflected,supply,bottlenecks,3
COO|2015Q2,lib_seeds_inflected,supply,bottlenecks,3
COO|2015Q2,lib_seeds_and_risk_inflected,supply,bottlenecks,3
COO|2016Q2,lib_seeds_inflected,manufacturing,disruptions,9
COO|2016Q2,lib_seeds_and_risk_inflected,manufacturing,disruptions,9
COO|2019Q3,lib_inflected,channel,disruptions,3
COO|2019Q3,lib_seeds_inflected,channel,disruptions,3
COO|2019Q3,lib_seeds_and_risk_inflected,channel,disruptions,3
COO|2020Q1,lib_seeds_inflected,manufacturing,disruptions,9
COO|2020Q1,lib_seeds_and_risk_inflected,manufacturing,disruptions,9
COO|2023Q1,lib_inflected,supply,concerns,1
COO|2023Q1,lib_seeds_inflected,supply,concerns,1
COO|2023Q1,lib_seeds_and_risk_inflected,supply,concerns,1
COO|2023Q2,lib_inflected,supply,disruption,5
COO|2023Q2,lib_seeds_inflected,supply,disruption,5
COO|2023Q2,lib_seeds_and_risk_inflected,supply,disruption,5
AMGN|2022Q4,lib_inflected,channel,disruptions,5
AMGN|2022Q4,lib_seeds_inflected,channel,disruptions,5
AMGN|2022Q4,lib_seeds_and_risk_inflected,channel,disruptions,5
AMGN|2024Q1,lib_inflected,supply,concerns,2
AMGN|2024Q1,lib_seeds_inflected,supply,concerns,2
AMGN|2024Q1,lib_seeds_and_risk_inflected,supply,concerns,2
CVS|2010Q3,lib_inflected,shortage,shortage,0
CVS|2010Q3,lib_seeds_inflected,shortage,shortage,0
CVS|2010Q3,lib_seeds_and_risk_inflected,shortage,shortage,0
CVS|2022Q2,lib_inflected,customers,disruption,3
CVS|2022Q2,lib_seeds_inflected,customers,disruption,3
CVS|2022Q2,lib_seeds_and_risk_inflected,customers,disruption,3
CVS|2010Q4,lib_inflected,shortage,shortage,0
CVS|2010Q4,lib_seeds_inflected,shortage,shortage,0
CVS|2010Q4,lib_seeds_and_risk_inflected,shortage,shortage,0
CVS|2012Q2,lib_inflected,shortage,shortage,0
CVS|2012Q2,lib_seeds_inflected,shortage,shortage,0
CVS|2012Q2,lib_seeds_and_risk_inflected,shortage,shortage,0
CVS|2018Q3,lib_inflected,customers,risk,6
CVS|2018Q3,lib_seeds_inflected,customers,risk,6
CVS|2018Q3,lib_seeds_and_risk_inflected,customers,risk,6
CVS|2019Q3,lib_inflected,channel,concern,6
CVS|2019Q3,lib_seeds_inflected,channel,concern,6
CVS|2019Q3,lib_seeds_and_risk_inflected,channel,concern,6
GSK|2012Q2,lib_inflected,material,exposures,4
GSK|2012Q2,lib_seeds_inflected,material,exposures,4
GSK|2012Q2,lib_seeds_and_risk_inflected,material,exposures,4
GSK|2014Q1,lib_inflected,supply,supply disruption,0
GSK|2014Q1,lib_seeds_inflected,supply,supply disruption,0
GSK|2014Q1,lib_seeds_and_risk_inflected,supply,supply disruptions,0
GSK|2014Q3,lib_inflected,supply,disruptions,1
GSK|2014Q3,lib_seeds_inflected,supply,disruptions,1
GSK|2014Q3,lib_seeds_and_risk_inflected,supply,supply disruptions,0
GSK|2014Q4,lib_inflected,supply,supply disruption,0
GSK|2014Q4,lib_seeds_inflected,supply,supply disruption,0
GSK|2014Q4,lib_seeds_and_risk_inflected,supply,supply disruption,0
GSK|2015Q1,lib_inflected,supply,bottlenecks,3
GSK|2015Q1,lib_seeds_inflected,supply,bottlenecks,3
GSK|2015Q1,lib_seeds_and_risk_inflected,supply,bottlenecks,3
GSK|2016Q1,lib_inflected,shortage,shortage,0
GSK|2016Q1,lib_seeds_inflected,shortage,shortage,0
GSK|2016Q1,lib_seeds_and_risk_inflected,supply,supply disruptions,0
TMO|2010Q2,lib_inflected,customers,risk,9
TMO|2010Q2,lib_seeds_inflected,customers,risk,9
TMO|2010Q2,lib_seeds_and_risk_inflected,customers,risk,9
TMO|2011Q2,lib_seeds_inflected,distribution,disruption,7
TMO|2011Q2,lib_seeds_and_risk_inflected,distribution,disruption,7
GSK|2017Q2,lib_inflected,supply,volatility,7
GSK|2017Q2,lib_seeds_inflected,supply,volatility,7
GSK|2017Q2,lib_seeds_and_risk_inflected,supply,volatility,7
GSK|2019Q1,lib_inflected,order,hazard,8
GSK|2019Q1,lib_seeds_inflected,manufacturing,concerns,4
GSK|2019Q1,lib_seeds_and_risk_inflected,manufacturing,concerns,4
GSK|2020Q1,lib_inflected,supply,vulnerability,3
GSK|2020Q1,lib_seeds_inflected,manufacturing,risk,3
GSK|2020Q1,lib_seeds_and_risk_inflected,manufacturing,risk,3
TMO|2012Q4,lib_inflected,customers,exposure,6
TMO|2012Q4,lib_seeds_inflected,customers,exposure,6
TMO|2012Q4,lib_seeds_and_risk_inflected,customers,exposure,6
TMO|2014Q3,lib_inflected,supply,threat,5
TMO|2014Q3,lib_seeds_inflected,supply,threat,5
TMO|2014Q3,lib_seeds_and_risk_inflected,supply,threat,5
TMO|2016Q3,lib_inflected,customers,concern,6
TMO|2016Q3,lib_seeds_inflected,customers,concern,6
TMO|2016Q3,lib_seeds_and_risk_inflected,customers,concern,6
TMO|2021Q2,lib_inflected,shortage,shortage,0
TMO|2021Q2,lib_seeds_inflected,shortage,shortage,0
TMO|2021Q2,lib_seeds_and_risk_inflected,shortage,shortage,0
TMO|2022Q2,lib_inflected,customers,concerns,5
TMO|2022Q2,lib_seeds_inflected,customers,concerns,5
TMO|2022Q2,lib_seeds_and_risk_inflected,customers,concerns,5
DHR|2015Q2,lib_inflected,shortage,shortage,0
DHR|2015Q2,lib_seeds_inflected,shortage,shortage,0
DHR|2015Q2,lib_seeds_and_risk_inflected,shortage,shortage,0
DHR|2016Q2,lib_inflected,channel,volatility,1
DHR|2016Q2,lib_seeds_inflected,channel,volatility,1
DHR|2016Q2,lib_seeds_and_risk_inflected,channel,volatility,1
DHR|2017Q4,lib_inflected,order,disruptions,7
DHR|2017Q4,lib_seeds_inflected,order,disruptions,7
DHR|2017Q4,lib_seeds_and_risk_inflected,order,disruptions,7
TMO|2022Q4,lib_inflected,supply,disruptions,2
TMO|2022Q4,lib_seeds_inflected,supply chain,disruptions,1
TMO|2022Q4,lib_seeds_and_risk_inflected,supply,supply chain disruptions,0
DHR|2011Q2,lib_inflected,supply,risks,3
DHR|2011Q2,lib_seeds_inflected,supply chains,risks,2
DHR|2011Q2,lib_seeds_and_risk_inflected,supply chains,risks,2
DHR|2014Q4,lib_inflected,buyer,volatility,10
DHR|2014Q4,lib_seeds_inflected,buyer,volatility,10
DHR|2014Q4,lib_seeds_and_risk_inflected,buyer,volatility,10
DHR|2018Q2,lib_inflected,supply,tariffs,10
DHR|2018Q2,lib_seeds_inflected,manufacturing,tariffs,6
DHR|2018Q2,lib_seeds_and_risk_inflected,manufacturing,tariffs,6
DHR|2020Q1,lib_inflected,customers,uncertainty,3
DHR|2020Q1,lib_seeds_inflected,customers,uncertainty,3
DHR|2020Q1,lib_seeds_and_risk_inflected,customers,uncertainty,3
DHR|2020Q4,lib_inflected,order,exposure,4
DHR|2020Q4,lib_seeds_inflected,order,exposure,4
DHR|2020Q4,lib_seeds_and_risk_inflected,order,exposure,4
DHR|2021Q4,lib_inflected,supply,bottlenecks,1
DHR|2021Q4,lib_seeds_inflected,supply,bottlenecks,1
DHR|2021Q4,lib_seeds_and_risk_inflected,supply,bottlenecks,1
DHR|2024Q2,lib_seeds_inflected,manufacturing,capacity constraints,6
DHR|2024Q2,lib_seeds_and_risk_inflected,manufacturing,capacity constraints,6
PHG|2011Q3,lib_inflected,order,uncertain,6
PHG|2011Q3,lib_seeds_inflected,order,uncertain,6
PHG|2011Q3,lib_seeds_and_risk_inflected,order,uncertain,6
PHG|2013Q2,lib_seeds_inflected,purchasing,uncertainties,7
PHG|2013Q2,lib_seeds_and_risk_inflected,purchasing,uncertainties,7
PHG|2013Q3,lib_inflected,customers,volatility,8
PHG|2013Q3,lib_seeds_inflected,purchasing,uncertainties,7
PHG|2013Q3,lib_seeds_and_risk_inflected,purchasing,uncertainties,7
PHG|2014Q3,lib_inflected,material,risk,1
PHG|2014Q3,lib_seeds_inflected,material,risk,1
PHG|2014Q3,lib_seeds_and_risk_inflected,material,risk,1
PHG|2015Q1,lib_inflected,shortage,shortage,0
PHG|2015Q1,lib_seeds_inflected,shortage,shortage,0
PHG|2015Q1,lib_seeds_and_risk_inflected,shortage,shortage,0
CAH|2014Q1,lib_inflected,supply,disruptions,1
CAH|2014Q1,lib_seeds_inflected,supply,disruptions,1
CAH|2014Q1,lib_seeds_and_risk_inflected,supply,supply disruptions,0
WST|2018Q2,lib_inflected,customers,lead times,3
WST|2018Q2,lib_seeds_inflected,customers,lead times,3
WST|2018Q2,lib_seeds_and_risk_inflected,customers,lead times,3
WST|2018Q3,lib_inflected,customers,lead times,7
WST|2018Q3,lib_seeds_inflected,customers,lead times,7
WST|2018Q3,lib_seeds_and_risk_inflected,customers,lead times,7
WST|2019Q4,lib_inflected,customers,risks,3
WST|2019Q4,lib_seeds_inflected,customers,risks,3
WST|2019Q4,lib_seeds_and_risk_inflected,customers,risks,3
CAH|2021Q3,lib_inflected,supply,uncertainties,6
CAH|2021Q3,lib_seeds_inflected,sourcing,geographic concentration,3
CAH|2021Q3,lib_seeds_and_risk_inflected,sourcing,geographic concentration,3
CAH|2022Q1,lib_inflected,supply,disruptions,2
CAH|2022Q1,lib_seeds_inflected,supply chain,disruptions,1
CAH|2022Q1,lib_seeds_and_risk_inflected,supply,supply chain disruptions,0
CAH|2022Q3,lib_inflected,supply,disruptions,1
CAH|2022Q3,lib_seeds_inflected,supply,disruptions,1
CAH|2022Q3,lib_seeds_and_risk_inflected,supply,supply disruptions,0
CAH|2022Q4,lib_inflected,supply,disruptions,2
CAH|2022Q4,lib_seeds_inflected,supply chain,disruptions,1
CAH|2022Q4,lib_seeds_and_risk_inflected,supply,supply chain disruptions,0
CAH|2015Q3,lib_inflected,channel,exposure,4
CAH|2015Q3,lib_seeds_inflected,channel,exposure,4
CAH|2015Q3,lib_seeds_and_risk_inflected,channel,exposure,4
CAH|2016Q3,lib_inflected,inventory,risk,1
CAH|2016Q3,lib_seeds_inflected,inventory,risk,1
CAH|2016Q3,lib_seeds_and_risk_inflected,inventory,risk,1
CAH|2018Q1,lib_inflected,customers,natural disasters,7
CAH|2018Q1,lib_seeds_inflected,customers,natural disasters,7
CAH|2018Q1,lib_seeds_and_risk_inflected,customers,natural disasters,7
CAH|2018Q2,lib_inflected,supply,disruptions,1
CAH|2018Q2,lib_seeds_inflected,supply,disruptions,1
CAH|2018Q2,lib_seeds_and_risk_inflected,supply,supply disruptions,0
CAH|2018Q3,lib_inflected,inventory,concern,5
CAH|2018Q3,lib_seeds_inflected,inventory,concern,5
CAH|2018Q3,lib_seeds_and_risk_inflected,inventory,concern,5
CAH|2019Q2,lib_inflected,inventory,risk,1
CAH|2019Q2,lib_seeds_inflected,inventory,risk,1
CAH|2019Q2,lib_seeds_and_risk_inflected,inventory,risk,1
CAH|2019Q3,lib_inflected,order,disruptions,8
CAH|2019Q3,lib_seeds_inflected,order,disruptions,8
CAH|2019Q3,lib_seeds_and_risk_inflected,order,disruptions,8
WST|2020Q3,lib_inflected,customers,disruptions,6
WST|2020Q3,lib_seeds_inflected,customers,disruptions,6
WST|2020Q3,lib_seeds_and_risk_inflected,customers,disruptions,6
WST|2024Q4,lib_seeds_inflected,manufacturing,lead times,1
WST|2024Q4,lib_seeds_and_risk_inflected,manufacturing,lead times,1
SYK|2010Q1,lib_seeds_inflected,distribution,disruptions,1
SYK|2010Q1,lib_seeds_and_risk_inflected,distribution,disruptions,1
SYK|2015Q1,lib_inflected,supply,supply disruption,0
SYK|2015Q1,lib_seeds_inflected,supply,supply disruption,0
SYK|2015Q1,lib_seeds_and_risk_inflected,supply,supply disruptions,0
SYK|2016Q2,lib_inflected,supply,supply disruption,0
SYK|2016Q2,lib_seeds_inflected,supply,supply disruption,0
SYK|2016Q2,lib_seeds_and_risk_inflected,supply,supply disruption,0
SYK|2016Q3,lib_inflected,supply,disruptions,2
SYK|2016Q3,lib_seeds_inflected,supply chain,disruptions,1
SYK|2016Q3,lib_seeds_and_risk_inflected,supply,supply chain disruptions,0
SYK|2017Q3,lib_inflected,supply,disruptions,1
SYK|2017Q3,lib_seeds_inflected,supply,disruptions,1
SYK|2017Q3,lib_seeds_and_risk_inflected,supply,supply disruptions,0
SYK|2018Q3,lib_inflected,supply,supply disruption,0
SYK|2018Q3,lib_seeds_inflected,supply,supply disruption,0
SYK|2018Q3,lib_seeds_and_risk_inflected,supply,supply disruption,0
SYK|2020Q1,lib_inflected,supply,disruptions,1
SYK|2020Q1,lib_seeds_inflected,supply,disruptions,1
SYK|2020Q1,lib_seeds_and_risk_inflected,supply,supply disruptions,0
SYK|2024Q2,lib_inflected,supply,supply disruption,0
SYK|2024Q2,lib_seeds_inflected,supply,supply disruption,0
SYK|2024Q2,lib_seeds_and_risk_inflected,supply,supply disruption,0
TFX|2013Q1,lib_inflected,order,exposure,9
TFX|2013Q1,lib_seeds_inflected,order,exposure,9
TFX|2013Q1,lib_seeds_and_risk_inflected,order,exposure,9
TFX|2023Q3,lib_inflected,supply,volatility,2
TFX|2023Q3,lib_seeds_inflected,supply chain,volatility,1
TFX|2023Q3,lib_seeds_and_risk_inflected,supply chain,volatility,1
TFX|2019Q2,lib_seeds_inflected,logistics,tariffs,2
TFX|2019Q2,lib_seeds_and_risk_inflected,logistics,tariffs,2
TFX|2020Q3,lib_inflected,material,uncertainty,4
TFX|2020Q3,lib_seeds_inflected,material,uncertainty,4
TFX|2020Q3,lib_seeds_and_risk_inflected,material,uncertainty,4
ACH|2012Q4,lib_inflected,customers,disruption,3
ACH|2012Q4,lib_seeds_inflected,customers,disruption,3
ACH|2012Q4,lib_seeds_and_risk_inflected,customers,disruption,3
ACH|2015Q2,lib_inflected,customers,volatility,9
ACH|2015Q2,lib_seeds_inflected,customers,volatility,9
ACH|2015Q2,lib_seeds_and_risk_inflected,customers,volatility,9
ACH|2017Q1,lib_inflected,supply,supply disruption,0
ACH|2017Q1,lib_seeds_inflected,supply,supply disruption,0
ACH|2017Q1,lib_seeds_and_risk_inflected,supply,supply disruption,0
RGEN|2012Q2,lib_inflected,supply,risk,4
RGEN|2012Q2,lib_seeds_inflected,supply,risk,4
RGEN|2012Q2,lib_seeds_and_risk_inflected,supply,risk,4
RGEN|2014Q2,lib_inflected,material,exposure,5
RGEN|2014Q2,lib_seeds_inflected,material,exposure,5
RGEN|2014Q2,lib_seeds_and_risk_inflected,material,exposure,5
ACH|2017Q4,lib_inflected,shortage,shortage,0
ACH|2017Q4,lib_seeds_inflected,shortage,shortage,0
ACH|2017Q4,lib_seeds_and_risk_inflected,shortage,shortage,0
ACH|2019Q2,lib_inflected,customers,risk,2
ACH|2019Q2,lib_seeds_inflected,customers,risk,2
ACH|2019Q2,lib_seeds_and_risk_inflected,customers,risk,2
ACH|2019Q4,lib_inflected,supply,supply chain disruption,0
ACH|2019Q4,lib_seeds_inflected,supply,supply chain disruption,0
ACH|2019Q4,lib_seeds_and_risk_inflected,supply,supply chain disruptions,0
ACH|2021Q1,lib_inflected,shortage,shortage,0
ACH|2021Q1,lib_seeds_inflected,shortage,shortage,0
ACH|2021Q1,lib_seeds_and_risk_inflected,shortage,shortage,0
RGEN|2015Q1,lib_seeds_inflected,manufacturing,exposure,9
RGEN|2015Q1,lib_seeds_and_risk_inflected,manufacturing,exposure,9
RGEN|2015Q2,lib_seeds_inflected,manufacturing,exposure,9
RGEN|2015Q2,lib_seeds_and_risk_inflected,manufacturing,exposure,9
RGEN|2015Q3,lib_seeds_inflected,manufacturing,exposure,9
RGEN|2015Q3,lib_seeds_and_risk_inflected,manufacturing,exposure,9
RGEN|2017Q1,lib_inflected,customers,lead times,3
RGEN|2017Q1,lib_seeds_inflected,customers,lead times,3
RGEN|2017Q1,lib_seeds_and_risk_inflected,customers,lead times,3
HCSG|2014Q3,lib_seeds_inflected,distribution,risk,1
HCSG|2014Q3,lib_seeds_and_risk_inflected,distribution,risk,1
RGEN|2018Q1,lib_seeds_inflected,logistics,concern,2
RGEN|2018Q1,lib_seeds_and_risk_inflected,logistics,concern,2
RGEN|2020Q2,lib_inflected,order,lead times,4
RGEN|2020Q2,lib_seeds_inflected,order,lead times,4
RGEN|2020Q2,lib_seeds_and_risk_inflected,order,lead times,4
RGEN|2021Q1,lib_inflected,customers,lead times,3
RGEN|2021Q1,lib_seeds_inflected,customers,lead times,3
RGEN|2021Q1,lib_seeds_and_risk_inflected,customers,lead times,3
RGEN|2022Q1,lib_inflected,customers,lead times,3
RGEN|2022Q1,lib_seeds_inflected,customers,lead times,3
RGEN|2022Q1,lib_seeds_and_risk_inflected,customers,lead times,3
RGEN|2022Q4,lib_inflected,order,lead times,7
RGEN|2022Q4,lib_seeds_inflected,order,lead times,7
RGEN|2022Q4,lib_seeds_and_risk_inflected,order,lead times,7
UNH|2013Q1,lib_inflected,customers,risk,10
UNH|2013Q1,lib_seeds_inflected,customers,risk,10
UNH|2013Q1,lib_seeds_and_risk_inflected,customers,risk,10
UNH|2023Q2,lib_inflected,shortage,shortage,0
UNH|2023Q2,lib_seeds_inflected,shortage,shortage,0
UNH|2023Q2,lib_seeds_and_risk_inflected,shortage,shortage,0
UHS|2015Q3,lib_inflected,shortage,shortage,0
UHS|2015Q3,lib_seeds_inflected,shortage,shortage,0
UHS|2015Q3,lib_seeds_and_risk_inflected,shortage,shortage,0
UHS|2018Q1,lib_inflected,supply,volatile,7
UHS|2018Q1,lib_seeds_inflected,supply,volatile,7
UHS|2018Q1,lib_seeds_and_risk_inflected,supply,volatile,7
UHS|2018Q3,lib_inflected,shortage,labor shortage,0
UHS|2018Q3,lib_seeds_inflected,shortage,labor shortage,0
UHS|2018Q3,lib_seeds_and_risk_inflected,shortage,labor shortage,0
UHS|2019Q3,lib_inflected,shortage,labor shortage,0
UHS|2019Q3,lib_seeds_inflected,shortage,labor shortage,0
UHS|2019Q3,lib_seeds_and_risk_inflected,shortage,labor shortage,0
UHS|2020Q1,lib_inflected,shortage,shortage,0
UHS|2020Q1,lib_seeds_inflected,shortage,shortage,0
UHS|2020Q1,lib_seeds_and_risk_inflected,shortage,shortage,0
UHS|2022Q4,lib_inflected,shortage,shortage,0
UHS|2022Q4,lib_seeds_inflected,shortage,shortage,0
UHS|2022Q4,lib_seeds_and_risk_inflected,shortage,shortage,0
UHS|2023Q1,lib_inflected,supply,supply disruption,0
UHS|2023Q1,lib_seeds_inflected,supply,supply disruption,0
UHS|2023Q1,lib_seeds_and_risk_inflected,supply,supply disruption,0
UHS|2023Q3,lib_inflected,shortage,shortage,0
UHS|2023Q3,lib_seeds_inflected,shortage,shortage,0
UHS|2023Q3,lib_seeds_and_risk_inflected,shortage,shortage,0
CNMD|2019Q3,lib_inflected,channel,disruption,1
CNMD|2019Q3,lib_seeds_inflected,channel,disruption,1
CNMD|2019Q3,lib_seeds_and_risk_inflected,channel,disruption,1
CNMD|2013Q3,lib_inflected,customers,uncertainty,4
CNMD|2013Q3,lib_seeds_inflected,customers,uncertainty,4
CNMD|2013Q3,lib_seeds_and_risk_inflected,customers,uncertainty,4
CNMD|2023Q3,lib_inflected,supply,supply disruption,0
CNMD|2023Q3,lib_seeds_inflected,supply,supply disruption,0
CNMD|2023Q3,lib_seeds_and_risk_inflected,supply,supply disruption,0
CNMD|2024Q2,lib_inflected,customers,disruption,1
CNMD|2024Q2,lib_seeds_inflected,customers,disruption,1
CNMD|2024Q2,lib_seeds_and_risk_inflected,customers,disruption,1
AXGN|2016Q1,lib_seeds_inflected,distribution,disruptions,3
AXGN|2016Q1,lib_seeds_and_risk_inflected,distribution,disruptions,3
AXGN|2017Q4,lib_inflected,inventory,concern,5
AXGN|2017Q4,lib_seeds_inflected,inventory,concern,5
AXGN|2017Q4,lib_seeds_and_risk_inflected,inventory,concern,5
AXGN|2020Q3,lib_inflected,customers,disruption,8
AXGN|2020Q3,lib_seeds_inflected,customers,disruption,8
AXGN|2020Q3,lib_seeds_and_risk_inflected,customers,disruption,8
AXGN|2024Q3,lib_inflected,shortage,shortage,0
AXGN|2024Q3,lib_seeds_inflected,shortage,shortage,0
AXGN|2024Q3,lib_seeds_and_risk_inflected,shortage,shortage,0
LH|2016Q2,lib_inflected,order,volatility,6
LH|2016Q2,lib_seeds_inflected,order,volatility,6
LH|2016Q2,lib_seeds_and_risk_inflected,order,volatility,6
LH|2017Q3,lib_inflected,customers,concerns,6
LH|2017Q3,lib_seeds_inflected,customers,concerns,6
LH|2017Q3,lib_seeds_and_risk_inflected,customers,concerns,6
XRAY|2011Q1,lib_inflected,supply,supply disruption,0
XRAY|2011Q1,lib_seeds_inflected,supply,supply disruption,0
XRAY|2011Q1,lib_seeds_and_risk_inflected,supply,supply disruption,0
XRAY|2011Q2,lib_inflected,supply,supply disruption,0
XRAY|2011Q2,lib_seeds_inflected,supply,supply disruption,0
XRAY|2011Q2,lib_seeds_and_risk_inflected,supply,supply disruption,0
LH|2022Q1,lib_inflected,supply,disruptions,2
LH|2022Q1,lib_seeds_inflected,supply chain,disruptions,1
LH|2022Q1,lib_seeds_and_risk_inflected,supply,supply chain disruptions,0
XRAY|2011Q4,lib_inflected,shortage,shortage,0
XRAY|2011Q4,lib_seeds_inflected,shortage,shortage,0
XRAY|2011Q4,lib_seeds_and_risk_inflected,shortage,shortage,0
XRAY|2012Q4,lib_inflected,customers,risk,8
XRAY|2012Q4,lib_seeds_inflected,customers,risk,8
XRAY|2012Q4,lib_seeds_and_risk_inflected,customers,risk,8
XRAY|2017Q1,lib_seeds_inflected,distribution,uncertainty,10
XRAY|2017Q1,lib_seeds_and_risk_inflected,distribution,uncertainty,10
XRAY|2018Q1,lib_inflected,channel,disruption,8
XRAY|2018Q1,lib_seeds_inflected,channel,disruption,8
XRAY|2018Q1,lib_seeds_and_risk_inflected,channel,disruption,8
HAE|2016Q4,lib_inflected,inventory,concerns,8
HAE|2016Q4,lib_seeds_inflected,inventory,concerns,8
HAE|2016Q4,lib_seeds_and_risk_inflected,inventory,concerns,8
XRAY|2023Q3,lib_inflected,supply,disruptions,1
XRAY|2023Q3,lib_seeds_inflected,supply,disruptions,1
XRAY|2023Q3,lib_seeds_and_risk_inflected,supply,supply disruptions,0
XRAY|2024Q1,lib_inflected,customers,concern,2
XRAY|2024Q1,lib_seeds_inflected,customers,concern,2
XRAY|2024Q1,lib_seeds_and_risk_inflected,customers,concern,2
HAE|2013Q4,lib_inflected,customers,concerns,4
HAE|2013Q4,lib_seeds_inflected,customers,concerns,4
HAE|2013Q4,lib_seeds_and_risk_inflected,customers,concerns,4
XRAY|2018Q2,lib_seeds_inflected,manufacturing,lead time,7
XRAY|2018Q2,lib_seeds_and_risk_inflected,manufacturing,lead time,7
XRAY|2018Q3,lib_inflected,supply,supply chain disruption,0
XRAY|2018Q3,lib_seeds_inflected,supply,supply chain disruption,0
XRAY|2018Q3,lib_seeds_and_risk_inflected,shipping,shipping delays,0
XRAY|2019Q4,lib_inflected,supply,supply chain disruption,0
XRAY|2019Q4,lib_seeds_inflected,supply,supply chain disruption,0
XRAY|2019Q4,lib_seeds_and_risk_inflected,supply,supply chain disruption,0
XRAY|2020Q1,lib_inflected,order,risk,3
XRAY|2020Q1,lib_seeds_inflected,order,risk,3
XRAY|2020Q1,lib_seeds_and_risk_inflected,order,risk,3
XRAY|2023Q2,lib_inflected,supply,lead times,4
XRAY|2023Q2,lib_seeds_inflected,supply chain,lead times,3
XRAY|2023Q2,lib_seeds_and_risk_inflected,supply chain,lead times,3
HAE|2019Q3,lib_inflected,customers,risk,9
HAE|2019Q3,lib_seeds_inflected,customers,risk,9
HAE|2019Q3,lib_seeds_and_risk_inflected,customers,risk,9
HAE|2020Q2,lib_inflected,shortage,shortage,0
HAE|2020Q2,lib_seeds_inflected,shortage,shortage,0
HAE|2020Q2,lib_seeds_and_risk_inflected,shortage,shortage,0
HAE|2021Q3,lib_inflected,supply,risks,8
HAE|2021Q3,lib_seeds_inflected,supply,risks,8
HAE|2021Q3,lib_seeds_and_risk_inflected,supply,risks,8
HAE|2021Q4,lib_inflected,supply,disruptions,3
HAE|2021Q4,lib_seeds_inflected,supply,disruptions,3
HAE|2021Q4,lib_seeds_and_risk_inflected,supply,disruptions,3
HAE|2022Q1,lib_inflected,customers,concerns,8
HAE|2022Q1,lib_seeds_inflected,distribution,concerns,8
HAE|2022Q1,lib_seeds_and_risk_inflected,distribution,concerns,8
HAE|2024Q2,lib_inflected,supply,supply disruption,0
HAE|2024Q2,lib_seeds_inflected,supply,supply disruption,0
HAE|2024Q2,lib_seeds_and_risk_inflected,supply,supply disruption,0
HAE|2024Q4,lib_inflected,supply,disruptions,2
HAE|2024Q4,lib_seeds_inflected,supply chain,disruptions,1
HAE|2024Q4,lib_seeds_and_risk_inflected,supply,supply chain disruptions,0
IDXX|2014Q3,lib_inflected,customers,concerns,8
IDXX|2014Q3,lib_seeds_inflected,customers,concerns,8
IDXX|2014Q3,lib_seeds_and_risk_inflected,customers,concerns,8
IDXX|2016Q4,lib_inflected,customers,exposure,1
IDXX|2016Q4,lib_seeds_inflected,customers,exposure,1
IDXX|2016Q4,lib_seeds_and_risk_inflected,customers,exposure,1
IDXX|2020Q3,lib_inflected,customers,uncertainties,8
IDXX|2020Q3,lib_seeds_inflected,customers,uncertainties,8
IDXX|2020Q3,lib_seeds_and_risk_inflected,customers,uncertainties,8
IDXX|2024Q2,lib_inflected,supply,concern,3
IDXX|2024Q2,lib_seeds_inflected,supply,concern,3
IDXX|2024Q2,lib_seeds_and_risk_inflected,supply,concern,3
ALKS|2022Q1,lib_inflected,order,exposure,5
ALKS|2022Q1,lib_seeds_inflected,order,exposure,5
ALKS|2022Q1,lib_seeds_and_risk_inflected,order,exposure,5
ALKS|2024Q4,lib_inflected,supply,tariffs,7
ALKS|2024Q4,lib_seeds_inflected,supply chain,tariffs,6
ALKS|2024Q4,lib_seeds_and_risk_inflected,supply chain,tariffs,6
ALKS|2019Q3,lib_inflected,channel,risks,4
ALKS|2019Q3,lib_seeds_inflected,channel,risks,4
ALKS|2019Q3,lib_seeds_and_risk_inflected,channel,risks,4
ALKS|2020Q4,lib_seeds_inflected,manufacturing,concerns,4
ALKS|2020Q4,lib_seeds_and_risk_inflected,manufacturing,concerns,4
BIIB|2012Q1,lib_inflected,material,risk,2
BIIB|2012Q1,lib_seeds_inflected,manufacturing,lead times,1
BIIB|2012Q1,lib_seeds_and_risk_inflected,manufacturing,lead times,1
BIIB|2013Q2,lib_inflected,supply,disruptions,1
BIIB|2013Q2,lib_seeds_inflected,supply,disruptions,1
BIIB|2013Q2,lib_seeds_and_risk_inflected,supply,supply disruptions,0
BIIB|2021Q1,lib_seeds_inflected,logistics,uncertainty,5
BIIB|2021Q1,lib_seeds_and_risk_inflected,logistics,uncertainty,5
BIIB|2022Q3,lib_inflected,shortage,shortage,0
BIIB|2022Q3,lib_seeds_inflected,shortage,shortage,0
BIIB|2022Q3,lib_seeds_and_risk_inflected,shortage,shortage,0
BIIB|2017Q3,lib_inflected,material,concerns,7
BIIB|2017Q3,lib_seeds_inflected,material,concerns,7
BIIB|2017Q3,lib_seeds_and_risk_inflected,material,concerns,7
BIIB|2018Q2,lib_inflected,channel,uncertainty,2
BIIB|2018Q2,lib_seeds_inflected,channel,uncertainty,2
BIIB|2018Q2,lib_seeds_and_risk_inflected,channel,uncertainty,2
PRGO|2014Q1,lib_inflected,supply,supply disruption,0
PRGO|2014Q1,lib_seeds_inflected,supply,supply disruption,0
PRGO|2014Q1,lib_seeds_and_risk_inflected,supply,supply disruption,0
PRGO|2018Q1,lib_inflected,supply,supply disruption,0
PRGO|2018Q1,lib_seeds_inflected,supply,supply disruption,0
PRGO|2018Q1,lib_seeds_and_risk_inflected,supply,supply disruption,0
PRGO|2018Q3,lib_inflected,shortage,shortage,0
PRGO|2018Q3,lib_seeds_inflected,shortage,shortage,0
PRGO|2018Q3,lib_seeds_and_risk_inflected,shortage,shortage,0
PRGO|2019Q2,lib_inflected,packages,business disruption,10
PRGO|2019Q2,lib_seeds_inflected,packages,business disruption,10
PRGO|2019Q2,lib_seeds_and_risk_inflected,packages,business disruption,10
PRGO|2021Q4,lib_inflected,supply,supply chain disruption,0
PRGO|2021Q4,lib_seeds_inflected,supply,supply chain disruption,0
PRGO|2021Q4,lib_seeds_and_risk_inflected,supply,supply chain disruption,0
GILD|2013Q4,lib_inflected,order,contingency,4
GILD|2013Q4,lib_seeds_inflected,order,contingency,4
GILD|2013Q4,lib_seeds_and_risk_inflected,order,contingency,4
GILD|2020Q2,lib_inflected,shortage,shortage,0
GILD|2020Q2,lib_seeds_inflected,shortage,shortage,0
GILD|2020Q2,lib_seeds_and_risk_inflected,shortage,shortage,0
MMSI|2024Q3,lib_seeds_inflected,purchasing,volatile,4
MMSI|2024Q3,lib_seeds_and_risk_inflected,purchasing,volatile,4
STAA|2012Q1,lib_inflected,customers,disruption,3
STAA|2012Q1,lib_seeds_inflected,customers,disruption,3
STAA|2012Q1,lib_seeds_and_risk_inflected,customers,disruption,3
STAA|2016Q4,lib_inflected,shortage,shortage,0
STAA|2016Q4,lib_seeds_inflected,shortage,shortage,0
STAA|2016Q4,lib_seeds_and_risk_inflected,shortage,shortage,0
MMSI|2012Q1,lib_inflected,shortage,shortage,0
MMSI|2012Q1,lib_seeds_inflected,shortage,shortage,0
MMSI|2012Q1,lib_seeds_and_risk_inflected,shortage,shortage,0
MMSI|2013Q2,lib_inflected,customers,disruptions,2
MMSI|2013Q2,lib_seeds_inflected,customers,disruptions,2
MMSI|2013Q2,lib_seeds_and_risk_inflected,customers,disruptions,2
STAA|2013Q2,lib_inflected,supply,concern,3
STAA|2013Q2,lib_seeds_inflected,supply,concern,3
STAA|2013Q2,lib_seeds_and_risk_inflected,supply,concern,3
STAA|2018Q3,lib_inflected,inventory,lead time,8
STAA|2018Q3,lib_seeds_inflected,inventory,lead time,8
STAA|2018Q3,lib_seeds_and_risk_inflected,inventory,lead time,8
STAA|2019Q4,lib_inflected,supply,risk,4
STAA|2019Q4,lib_seeds_inflected,manufacturing,risk,1
STAA|2019Q4,lib_seeds_and_risk_inflected,manufacturing,risk,1
STAA|2021Q3,lib_seeds_and_risk_inflected,shipping,shipping delays,0
STAA|2022Q3,lib_inflected,inventory,uncertain,6
STAA|2022Q3,lib_seeds_inflected,inventory,uncertain,6
STAA|2022Q3,lib_seeds_and_risk_inflected,inventory,uncertain,6
QDEL|2024Q3,lib_inflected,customers,disruptions,5
QDEL|2024Q3,lib_seeds_inflected,customers,disruptions,5
QDEL|2024Q3,lib_seeds_and_risk_inflected,customers,disruptions,5
QDEL|2015Q1,lib_inflected,customers,threat,8
QDEL|2015Q1,lib_seeds_inflected,customers,threat,8
QDEL|2015Q1,lib_seeds_and_risk_inflected,customers,threat,8
QDEL|2015Q2,lib_inflected,inventory,concerns,10
QDEL|2015Q2,lib_seeds_inflected,inventory,concerns,10
QDEL|2015Q2,lib_seeds_and_risk_inflected,inventory,concerns,10
QDEL|2016Q1,lib_inflected,customers,disruption,5
QDEL|2016Q1,lib_seeds_inflected,customers,disruption,5
QDEL|2016Q1,lib_seeds_and_risk_inflected,customers,disruption,5
OSUR|2014Q1,lib_seeds_inflected,manufacturing,capacity constraints,10
OSUR|2014Q1,lib_seeds_and_risk_inflected,manufacturing,capacity constraints,10
OSUR|2015Q1,lib_inflected,shortage,shortage,0
OSUR|2015Q1,lib_seeds_inflected,shortage,shortage,0
OSUR|2015Q1,lib_seeds_and_risk_inflected,shortage,shortage,0
OSUR|2016Q2,lib_inflected,customers,exposure,5
OSUR|2016Q2,lib_seeds_inflected,customers,exposure,5
OSUR|2016Q2,lib_seeds_and_risk_inflected,customers,exposure,5
QDEL|2020Q2,lib_inflected,shortage,shortage,0
QDEL|2020Q2,lib_seeds_inflected,shortage,shortage,0
QDEL|2020Q2,lib_seeds_and_risk_inflected,shortage,shortage,0
QDEL|2020Q3,lib_inflected,material,risks,1
QDEL|2020Q3,lib_seeds_inflected,material,risks,1
QDEL|2020Q3,lib_seeds_and_risk_inflected,material,risks,1
QDEL|2020Q4,lib_inflected,material,risks,1
QDEL|2020Q4,lib_seeds_inflected,material,risks,1
QDEL|2020Q4,lib_seeds_and_risk_inflected,material,risks,1
QDEL|2021Q1,lib_inflected,material,risks,1
QDEL|2021Q1,lib_seeds_inflected,material,risks,1
QDEL|2021Q1,lib_seeds_and_risk_inflected,material,risks,1
QDEL|2021Q2,lib_inflected,material,risks,1
QDEL|2021Q2,lib_seeds_inflected,material,risks,1
QDEL|2021Q2,lib_seeds_and_risk_inflected,material,risks,1
QDEL|2021Q4,lib_inflected,customers,threat,6
QDEL|2021Q4,lib_seeds_inflected,customers,threat,6
QDEL|2021Q4,lib_seeds_and_risk_inflected,customers,threat,6
QDEL|2022Q4,lib_inflected,supply,disruptions,2
QDEL|2022Q4,lib_seeds_inflected,supply chain,disruptions,1
QDEL|2022Q4,lib_seeds_and_risk_inflected,supply,supply chain disruptions,0
OSUR|2020Q3,lib_inflected,customers,risk,2
OSUR|2020Q3,lib_seeds_inflected,manufacturing,risk,2
OSUR|2020Q3,lib_seeds_and_risk_inflected,manufacturing,risk,2
OSUR|2021Q1,lib_seeds_inflected,manufacturing,risk,4
OSUR|2021Q1,lib_seeds_and_risk_inflected,manufacturing,risk,4
OSUR|2021Q3,lib_inflected,shortage,shortage,0
OSUR|2021Q3,lib_seeds_inflected,shortage,shortage,0
OSUR|2021Q3,lib_seeds_and_risk_inflected,shortage,shortage,0
OSUR|2022Q4,lib_inflected,customers,volatility,3
OSUR|2022Q4,lib_seeds_inflected,customers,volatility,3
OSUR|2022Q4,lib_seeds_and_risk_inflected,customers,volatility,3
OSUR|2023Q4,lib_inflected,customers,uncertainty,7
OSUR|2023Q4,lib_seeds_inflected,customers,uncertainty,7
OSUR|2023Q4,lib_seeds_and_risk_inflected,customers,uncertainty,7
CVX|2010Q3,lib_inflected,shortage,shortage,0
CVX|2010Q3,lib_seeds_inflected,shortage,shortage,0
CVX|2010Q3,lib_seeds_and_risk_inflected,shortage,shortage,0
CVX|2012Q2,lib_seeds_inflected,logistics,risk,6
CVX|2012Q2,lib_seeds_and_risk_inflected,logistics,risk,6
CVX|2012Q4,lib_inflected,supply,lead time,10
CVX|2012Q4,lib_seeds_inflected,supply,lead time,10
CVX|2012Q4,lib_seeds_and_risk_inflected,supply,lead time,10
CVX|2015Q3,lib_inflected,supply,disruptions,1
CVX|2015Q3,lib_seeds_inflected,supply,disruptions,1
CVX|2015Q3,lib_seeds_and_risk_inflected,supply,supply disruptions,0
CVX|2020Q1,lib_inflected,order,risk,7
CVX|2020Q1,lib_seeds_inflected,order,risk,7
CVX|2020Q1,lib_seeds_and_risk_inflected,order,risk,7
XOM|2011Q1,lib_inflected,supply,supply disruption,0
XOM|2011Q1,lib_seeds_inflected,supply,supply disruption,0
XOM|2011Q1,lib_seeds_and_risk_inflected,supply,supply disruption,0
XOM|2020Q4,lib_inflected,supply,disruptions,1
XOM|2020Q4,lib_seeds_inflected,supply,disruptions,1
XOM|2020Q4,lib_seeds_and_risk_inflected,supply,supply disruptions,0
XOM|2022Q4,lib_inflected,supply,disruption,5
XOM|2022Q4,lib_seeds_inflected,logistics,disruption,3
XOM|2022Q4,lib_seeds_and_risk_inflected,logistics,disruption,3
XOM|2014Q1,lib_seeds_inflected,logistics,exposure,8
XOM|2014Q1,lib_seeds_and_risk_inflected,logistics,exposure,8
XOM|2014Q2,lib_inflected,order,sanctions,2
XOM|2014Q2,lib_seeds_inflected,order,sanctions,2
XOM|2014Q2,lib_seeds_and_risk_inflected,order,sanctions,2
XOM|2016Q4,lib_inflected,order,threats,9
XOM|2016Q4,lib_seeds_inflected,order,threats,9
XOM|2016Q4,lib_seeds_and_risk_inflected,order,threats,9
XOM|2017Q2,lib_inflected,material,risk,1
XOM|2017Q2,lib_seeds_inflected,material,risk,1
XOM|2017Q2,lib_seeds_and_risk_inflected,material,risk,1
XOM|2020Q2,lib_inflected,supply,disruptions,2
XOM|2020Q2,lib_seeds_inflected,supply chain,disruptions,1
XOM|2020Q2,lib_seeds_and_risk_inflected,supply,supply chain disruptions,0
HAL|2012Q2,lib_inflected,shortage,shortage,0
HAL|2012Q2,lib_seeds_inflected,shortage,shortage,0
HAL|2012Q2,lib_seeds_and_risk_inflected,shortage,shortage,0
HAL|2012Q4,lib_inflected,customers,uncertainty,2
HAL|2012Q4,lib_seeds_inflected,customers,uncertainty,2
HAL|2012Q4,lib_seeds_and_risk_inflected,customers,uncertainty,2
HAL|2016Q4,lib_seeds_inflected,logistics,bottlenecks,8
HAL|2016Q4,lib_seeds_and_risk_inflected,logistics,bottlenecks,8
HAL|2018Q2,lib_inflected,customers,risk,9
HAL|2018Q2,lib_seeds_inflected,customers,risk,9
HAL|2018Q2,lib_seeds_and_risk_inflected,customers,risk,9
NC|2011Q4,lib_seeds_inflected,manufacturing,uncertainty,8
NC|2011Q4,lib_seeds_and_risk_inflected,manufacturing,uncertainty,8
NC|2017Q3,lib_inflected,supply,exposure,7
NC|2017Q3,lib_seeds_inflected,supply,exposure,7
NC|2017Q3,lib_seeds_and_risk_inflected,supply,exposure,7
NC|2020Q4,lib_inflected,shortage,shortage,0
NC|2020Q4,lib_seeds_inflected,shortage,shortage,0
NC|2020Q4,lib_seeds_and_risk_inflected,shortage,shortage,0
HAL|2022Q4,lib_inflected,delivers,risk,2
HAL|2022Q4,lib_seeds_inflected,delivers,risk,2
HAL|2022Q4,lib_seeds_and_risk_inflected,delivers,risk,2
HAL|2023Q4,lib_inflected,inventory,risk,4
HAL|2023Q4,lib_seeds_inflected,inventory,risk,4
HAL|2023Q4,lib_seeds_and_risk_inflected,inventory,risk,4
HAL|2024Q1,lib_inflected,customers,lead time,2
HAL|2024Q1,lib_seeds_inflected,customers,lead time,2
HAL|2024Q1,lib_seeds_and_risk_inflected,customers,lead time,2
NC|2024Q4,lib_inflected,inventory,uncertain,4
NC|2024Q4,lib_seeds_inflected,inventory,uncertain,4
NC|2024Q4,lib_seeds_and_risk_inflected,inventory,uncertain,4
APA|2015Q1,lib_inflected,material,risk,5
APA|2015Q1,lib_seeds_inflected,material,risk,5
APA|2015Q1,lib_seeds_and_risk_inflected,material,risk,5
APA|2022Q4,lib_inflected,supply,volatility,9
APA|2022Q4,lib_seeds_inflected,supply,volatility,9
APA|2022Q4,lib_seeds_and_risk_inflected,supply,volatility,9
HP|2011Q2,lib_inflected,supply,lead times,6
HP|2011Q2,lib_seeds_inflected,supply chain,lead times,5
HP|2011Q2,lib_seeds_and_risk_inflected,supply chain,lead times,5
APA|2022Q1,lib_inflected,supply,bottlenecks,2
APA|2022Q1,lib_seeds_inflected,supply chain,bottlenecks,1
APA|2022Q1,lib_seeds_and_risk_inflected,supply chain,bottlenecks,1
HP|2011Q3,lib_inflected,shortage,shortage,0
HP|2011Q3,lib_seeds_inflected,shortage,shortage,0
HP|2011Q3,lib_seeds_and_risk_inflected,shortage,shortage,0
HP|2014Q3,lib_inflected,shortage,shortage,0
HP|2014Q3,lib_seeds_inflected,shortage,shortage,0
HP|2014Q3,lib_seeds_and_risk_inflected,shortage,shortage,0
HP|2015Q2,lib_inflected,customers,uncertainty,6
HP|2015Q2,lib_seeds_inflected,customers,uncertainty,6
HP|2015Q2,lib_seeds_and_risk_inflected,customers,uncertainty,6
COP|2019Q3,lib_inflected,supply,concerns,2
COP|2019Q3,lib_seeds_inflected,supply,concerns,2
COP|2019Q3,lib_seeds_and_risk_inflected,supply,concerns,2
COP|2019Q4,lib_inflected,supply,volatility,5
COP|2019Q4,lib_seeds_inflected,supply,volatility,5
COP|2019Q4,lib_seeds_and_risk_inflected,supply,volatility,5
COP|2020Q3,lib_seeds_inflected,distribution,uncertainty,5
COP|2020Q3,lib_seeds_and_risk_inflected,distribution,uncertainty,5
HP|2021Q1,lib_inflected,customers,risk,6
HP|2021Q1,lib_seeds_inflected,customers,risk,6
HP|2021Q1,lib_seeds_and_risk_inflected,customers,risk,6
HP|2021Q2,lib_inflected,shortage,shortage,0
HP|2021Q2,lib_seeds_inflected,shortage,shortage,0
HP|2021Q2,lib_seeds_and_risk_inflected,shortage,shortage,0
HP|2022Q2,lib_inflected,supply,bottlenecks,2
HP|2022Q2,lib_seeds_inflected,supply chain,bottlenecks,1
HP|2022Q2,lib_seeds_and_risk_inflected,supply chain,bottlenecks,1
HP|2023Q1,lib_inflected,customers,exposure,4
HP|2023Q1,lib_seeds_inflected,customers,exposure,4
HP|2023Q1,lib_seeds_and_risk_inflected,customers,exposure,4
HP|2023Q3,lib_inflected,customers,concern,2
HP|2023Q3,lib_seeds_inflected,customers,concern,2
HP|2023Q3,lib_seeds_and_risk_inflected,customers,concern,2
HP|2024Q2,lib_inflected,customers,risk,7
HP|2024Q2,lib_seeds_inflected,customers,risk,7
HP|2024Q2,lib_seeds_and_risk_inflected,customers,risk,7
HP|2019Q1,lib_inflected,customers,risk,2
HP|2019Q1,lib_seeds_inflected,customers,risk,2
HP|2019Q1,lib_seeds_and_risk_inflected,customers,risk,2
COP|2011Q1,lib_inflected,order,risk,9
COP|2011Q1,lib_seeds_inflected,order,risk,9
COP|2011Q1,lib_seeds_and_risk_inflected,order,risk,9
COP|2023Q3,lib_inflected,order,exposure,2
COP|2023Q3,lib_seeds_inflected,order,exposure,2
COP|2023Q3,lib_seeds_and_risk_inflected,order,exposure,2
SLB|2011Q1,lib_inflected,supply,uncertainty,7
SLB|2011Q1,lib_seeds_inflected,supply,uncertainty,7
SLB|2011Q1,lib_seeds_and_risk_inflected,supply,uncertainty,7
SLB|2011Q4,lib_inflected,shortage,shortage,0
SLB|2011Q4,lib_seeds_inflected,shortage,shortage,0
SLB|2011Q4,lib_seeds_and_risk_inflected,shortage,shortage,0
SLB|2012Q3,lib_inflected,material,volatility,9
SLB|2012Q3,lib_seeds_inflected,material,volatility,9
SLB|2012Q3,lib_seeds_and_risk_inflected,material,volatility,9
SLB|2013Q3,lib_inflected,supply,uncertainty,1
SLB|2013Q3,lib_seeds_inflected,supply,uncertainty,1
SLB|2013Q3,lib_seeds_and_risk_inflected,supply,uncertainty,1
SLB|2014Q2,lib_inflected,supply,uncertainty,1
SLB|2014Q2,lib_seeds_inflected,supply,uncertainty,1
SLB|2014Q2,lib_seeds_and_risk_inflected,supply,uncertainty,1
OXY|2010Q2,lib_inflected,order,exposure,6
OXY|2010Q2,lib_seeds_inflected,order,exposure,6
OXY|2010Q2,lib_seeds_and_risk_inflected,order,exposure,6
OXY|2010Q3,lib_inflected,plant,risk,3
OXY|2010Q3,lib_seeds_inflected,plant,risk,3
OXY|2010Q3,lib_seeds_and_risk_inflected,plant,risk,3
OXY|2010Q4,lib_inflected,shortage,shortage,0
OXY|2010Q4,lib_seeds_inflected,shortage,shortage,0
OXY|2010Q4,lib_seeds_and_risk_inflected,shortage,shortage,0
SLB|2021Q3,lib_inflected,supply,disruptions,3
SLB|2021Q3,lib_seeds_inflected,logistics,disruptions,1
SLB|2021Q3,lib_seeds_and_risk_inflected,logistics,disruptions,1
SLB|2022Q2,lib_inflected,supply,disruptions,1
SLB|2022Q2,lib_seeds_inflected,supply,disruptions,1
SLB|2022Q2,lib_seeds_and_risk_inflected,supply,supply disruptions,0
SLB|2022Q3,lib_inflected,supply,disruptions,1
SLB|2022Q3,lib_seeds_inflected,supply,disruptions,1
SLB|2022Q3,lib_seeds_and_risk_inflected,supply,supply disruptions,0
SLB|2022Q4,lib_inflected,inventory,capacity constraints,2
SLB|2022Q4,lib_seeds_inflected,inventory,capacity constraints,2
SLB|2022Q4,lib_seeds_and_risk_inflected,inventory,capacity constraints,2
SLB|2023Q4,lib_inflected,supply,concerns,2
SLB|2023Q4,lib_seeds_inflected,supply,concerns,2
SLB|2023Q4,lib_seeds_and_risk_inflected,supply,concerns,2
OXY|2024Q4,lib_inflected,supply,disruptions,1
OXY|2024Q4,lib_seeds_inflected,supply,disruptions,1
OXY|2024Q4,lib_seeds_and_risk_inflected,supply,supply disruptions,0
WMB|2010Q1,lib_inflected,customers,risk,6
WMB|2010Q1,lib_seeds_inflected,customers,risk,6
WMB|2010Q1,lib_seeds_and_risk_inflected,customers,risk,6
WMB|2012Q1,lib_inflected,supply,concerns,9
WMB|2012Q1,lib_seeds_inflected,supply,concerns,9
WMB|2012Q1,lib_seeds_and_risk_inflected,supply,concerns,9
OXY|2017Q1,lib_inflected,supply,concern,4
OXY|2017Q1,lib_seeds_inflected,supply,concern,4
OXY|2017Q1,lib_seeds_and_risk_inflected,supply,concern,4
OXY|2018Q3,lib_inflected,inventory,disruptions,8
OXY|2018Q3,lib_seeds_inflected,logistics,disruptions,5
OXY|2018Q3,lib_seeds_and_risk_inflected,logistics,disruptions,5
OXY|2021Q3,lib_seeds_inflected,transportation,volatility,8
OXY|2021Q3,lib_seeds_and_risk_inflected,transportation,volatility,8
OXY|2022Q1,lib_inflected,supply,disruptions,6
OXY|2022Q1,lib_seeds_inflected,supply,disruptions,6
OXY|2022Q1,lib_seeds_and_risk_inflected,supply,disruptions,6
WMB|2013Q1,lib_inflected,customers,tariff,2
WMB|2013Q1,lib_seeds_inflected,customers,tariff,2
WMB|2013Q1,lib_seeds_and_risk_inflected,customers,tariff,2
WMB|2022Q2,lib_inflected,customers,downside,3
WMB|2022Q2,lib_seeds_inflected,customers,downside,3
WMB|2022Q2,lib_seeds_and_risk_inflected,customers,downside,3
WMB|2022Q3,lib_inflected,customers,downside,3
WMB|2022Q3,lib_seeds_inflected,customers,downside,3
WMB|2022Q3,lib_seeds_and_risk_inflected,customers,downside,3
VLO|2011Q4,lib_inflected,customers,uncertain,6
VLO|2011Q4,lib_seeds_inflected,customers,uncertain,6
VLO|2011Q4,lib_seeds_and_risk_inflected,customers,uncertain,6
VLO|2020Q1,lib_inflected,supply,disruption,3
VLO|2020Q1,lib_seeds_inflected,supply,disruption,3
VLO|2020Q1,lib_seeds_and_risk_inflected,supply,disruption,3
VLO|2020Q3,lib_inflected,supply,concerns,3
VLO|2020Q3,lib_seeds_inflected,supply,concerns,3
VLO|2020Q3,lib_seeds_and_risk_inflected,supply,concerns,3
MUR|2019Q1,lib_inflected,order,exposure,6
MUR|2019Q1,lib_seeds_inflected,order,exposure,6
MUR|2019Q1,lib_seeds_and_risk_inflected,order,exposure,6
MUR|2019Q2,lib_inflected,order,exposure,6
MUR|2019Q2,lib_seeds_inflected,order,exposure,6
MUR|2019Q2,lib_seeds_and_risk_inflected,order,exposure,6
VLO|2021Q3,lib_inflected,shortage,shortage,0
VLO|2021Q3,lib_seeds_inflected,shortage,shortage,0
VLO|2021Q3,lib_seeds_and_risk_inflected,shortage,shortage,0
VLO|2022Q1,lib_inflected,shortage,shortage,0
VLO|2022Q1,lib_seeds_inflected,shortage,shortage,0
VLO|2022Q1,lib_seeds_and_risk_inflected,shortage,shortage,0
VLO|2022Q3,lib_inflected,inventory,volatility,8
VLO|2022Q3,lib_seeds_inflected,inventory,volatility,8
VLO|2022Q3,lib_seeds_and_risk_inflected,inventory,volatility,8
VLO|2023Q1,lib_inflected,supply,sanctions,5
VLO|2023Q1,lib_seeds_inflected,supply,sanctions,5
VLO|2023Q1,lib_seeds_and_risk_inflected,supply,sanctions,5
VLO|2024Q1,lib_inflected,supply,disruption,10
VLO|2024Q1,lib_seeds_inflected,supply chain,disruption,9
VLO|2024Q1,lib_seeds_and_risk_inflected,supply chain,disruption,9
MUR|2013Q1,lib_inflected,shortage,shortage,0
MUR|2013Q1,lib_seeds_inflected,shortage,shortage,0
MUR|2013Q1,lib_seeds_and_risk_inflected,shortage,shortage,0
MUR|2013Q2,lib_inflected,shortage,shortage,0
MUR|2013Q2,lib_seeds_inflected,shortage,shortage,0
MUR|2013Q2,lib_seeds_and_risk_inflected,shortage,shortage,0
OKE|2013Q1,lib_inflected,material,disruptions,8
OKE|2013Q1,lib_seeds_inflected,material,disruptions,8
OKE|2013Q1,lib_seeds_and_risk_inflected,material,disruptions,8
OKE|2013Q4,lib_inflected,shortage,shortage,0
OKE|2013Q4,lib_seeds_inflected,shortage,shortage,0
OKE|2013Q4,lib_seeds_and_risk_inflected,shortage,shortage,0
OKE|2014Q4,lib_inflected,customers,tariffs,8
OKE|2014Q4,lib_seeds_inflected,customers,tariffs,8
OKE|2014Q4,lib_seeds_and_risk_inflected,customers,tariffs,8
OKE|2011Q2,lib_inflected,customers,volatility,4
OKE|2011Q2,lib_seeds_inflected,customers,volatility,4
OKE|2011Q2,lib_seeds_and_risk_inflected,customers,volatility,4
OKE|2016Q4,lib_seeds_inflected,distribution,risk,10
OKE|2016Q4,lib_seeds_and_risk_inflected,distribution,risk,10
OKE|2018Q3,lib_inflected,plant,risk,9
OKE|2018Q3,lib_seeds_inflected,plant,risk,9
OKE|2018Q3,lib_seeds_and_risk_inflected,plant,risk,9
IEP|2013Q4,lib_inflected,shortage,shortage,0
IEP|2013Q4,lib_seeds_inflected,shortage,shortage,0
IEP|2013Q4,lib_seeds_and_risk_inflected,shortage,shortage,0
IEP|2018Q1,lib_inflected,shortage,shortage,0
IEP|2018Q1,lib_seeds_inflected,shortage,shortage,0
IEP|2018Q1,lib_seeds_and_risk_inflected,shortage,shortage,0
IEP|2020Q4,lib_inflected,plant,exposure,8
IEP|2020Q4,lib_seeds_inflected,plant,exposure,8
IEP|2020Q4,lib_seeds_and_risk_inflected,plant,exposure,8
IEP|2024Q1,lib_inflected,shortage,shortage,0
IEP|2024Q1,lib_seeds_inflected,shortage,shortage,0
IEP|2024Q1,lib_seeds_and_risk_inflected,shortage,shortage,0
OKE|2020Q2,lib_seeds_inflected,transportation,contingency,6
OKE|2020Q2,lib_seeds_and_risk_inflected,transportation,contingency,6
IMO|2023Q4,lib_inflected,supply,risk,9
IMO|2023Q4,lib_seeds_inflected,supply,risk,9
IMO|2023Q4,lib_seeds_and_risk_inflected,supply,risk,9
IMO|2024Q2,lib_inflected,customers,disruption,3
IMO|2024Q2,lib_seeds_inflected,customers,disruption,3
IMO|2024Q2,lib_seeds_and_risk_inflected,customers,disruption,3
NFG|2013Q2,lib_seeds_inflected,transportation,bottleneck,5
NFG|2013Q2,lib_seeds_and_risk_inflected,transportation,bottleneck,5
NFG|2015Q3,lib_seeds_inflected,transportation,risks,3
NFG|2015Q3,lib_seeds_and_risk_inflected,transportation,risks,3
NFG|2016Q3,lib_inflected,shortage,shortage,0
NFG|2016Q3,lib_seeds_inflected,shortage,shortage,0
NFG|2016Q3,lib_seeds_and_risk_inflected,shortage,shortage,0
NFG|2019Q3,lib_seeds_inflected,transportation,risk,4
NFG|2019Q3,lib_seeds_and_risk_inflected,transportation,risk,4
NFG|2020Q2,lib_inflected,customers,exposure,4
NFG|2020Q2,lib_seeds_inflected,customers,exposure,4
NFG|2020Q2,lib_seeds_and_risk_inflected,customers,exposure,4
NFG|2020Q4,lib_inflected,order,lead time,2
NFG|2020Q4,lib_seeds_inflected,order,lead time,2
NFG|2020Q4,lib_seeds_and_risk_inflected,order,lead time,2
NFG|2023Q2,lib_inflected,customers,volatility,8
NFG|2023Q2,lib_seeds_inflected,customers,volatility,8
NFG|2023Q2,lib_seeds_and_risk_inflected,customers,volatility,8
RES|2019Q4,lib_inflected,customers,concern,6
RES|2019Q4,lib_seeds_inflected,customers,concern,6
RES|2019Q4,lib_seeds_and_risk_inflected,customers,concern,6
RES|2020Q1,lib_inflected,customers,concerns,6
RES|2020Q1,lib_seeds_inflected,customers,concerns,6
RES|2020Q1,lib_seeds_and_risk_inflected,customers,concerns,6
RES|2022Q1,lib_inflected,supply,disruptions,1
RES|2022Q1,lib_seeds_inflected,supply,disruptions,1
RES|2022Q1,lib_seeds_and_risk_inflected,supply,supply disruptions,0
RES|2014Q4,lib_inflected,fleets,volatility,10
RES|2014Q4,lib_seeds_inflected,fleets,volatility,10
RES|2014Q4,lib_seeds_and_risk_inflected,fleets,volatility,10
RES|2015Q1,lib_inflected,customers,concerns,9
RES|2015Q1,lib_seeds_inflected,customers,concerns,9
RES|2015Q1,lib_seeds_and_risk_inflected,customers,concerns,9
RES|2016Q1,lib_inflected,customers,concern,3
RES|2016Q1,lib_seeds_inflected,customers,concern,3
RES|2016Q1,lib_seeds_and_risk_inflected,customers,concern,3
EQT|2021Q2,lib_inflected,inventory,risks,5
EQT|2021Q2,lib_seeds_inflected,inventory,risks,5
EQT|2021Q2,lib_seeds_and_risk_inflected,inventory,risks,5
EQT|2022Q3,lib_inflected,supply,lead times,3
EQT|2022Q3,lib_seeds_inflected,supply,lead times,3
EQT|2022Q3,lib_seeds_and_risk_inflected,supply,lead times,3
EQT|2024Q2,lib_inflected,inventory,exposure,2
EQT|2024Q2,lib_seeds_inflected,inventory,exposure,2
EQT|2024Q2,lib_seeds_and_risk_inflected,inventory,exposure,2
TRP|2010Q3,lib_inflected,customers,concerns,1
TRP|2010Q3,lib_seeds_inflected,customers,concerns,1
TRP|2010Q3,lib_seeds_and_risk_inflected,customers,concerns,1
TRP|2012Q2,lib_inflected,order,concerns,4
TRP|2012Q2,lib_seeds_inflected,manufacturing,manufacturing defect,0
TRP|2012Q2,lib_seeds_and_risk_inflected,manufacturing,manufacturing defect,0
TRP|2012Q3,lib_inflected,customers,risks,8
TRP|2012Q3,lib_seeds_inflected,customers,risks,8
TRP|2012Q3,lib_seeds_and_risk_inflected,customers,risks,8
TRP|2015Q4,lib_inflected,shortage,shortage,0
TRP|2015Q4,lib_seeds_inflected,shortage,shortage,0
TRP|2015Q4,lib_seeds_and_risk_inflected,shortage,shortage,0
TRP|2016Q2,lib_inflected,supply,supply disruption,0
TRP|2016Q2,lib_seeds_inflected,supply,supply disruption,0
TRP|2016Q2,lib_seeds_and_risk_inflected,supply,supply disruption,0
TDW|2016Q3,lib_inflected,customers,risks,2
TDW|2016Q3,lib_seeds_inflected,customers,risks,2
TDW|2016Q3,lib_seeds_and_risk_inflected,customers,risks,2
TRP|2023Q4,lib_inflected,material,risk,5
TRP|2023Q4,lib_seeds_inflected,material,risk,5
TRP|2023Q4,lib_seeds_and_risk_inflected,material,risk,5
TDW|2010Q3,lib_inflected,supply,downside,4
TDW|2010Q3,lib_seeds_inflected,supply,downside,4
TDW|2010Q3,lib_seeds_and_risk_inflected,supply,downside,4
TDW|2022Q3,lib_inflected,customers,concerns,1
TDW|2022Q3,lib_seeds_inflected,customers,concerns,1
TDW|2022Q3,lib_seeds_and_risk_inflected,customers,concerns,1
TDW|2023Q3,lib_inflected,shortage,shortage,0
TDW|2023Q3,lib_seeds_inflected,shortage,shortage,0
TDW|2023Q3,lib_seeds_and_risk_inflected,shortage,shortage,0
TDW|2023Q4,lib_inflected,shortage,shortage,0
TDW|2023Q4,lib_seeds_inflected,shortage,shortage,0
TDW|2023Q4,lib_seeds_and_risk_inflected,shortage,shortage,0
SHEL|2024Q2,lib_inflected,shortage,shortage,0
SHEL|2024Q2,lib_seeds_inflected,shortage,shortage,0
SHEL|2024Q2,lib_seeds_and_risk_inflected,shortage,shortage,0
SHEL|2024Q3,lib_inflected,supply,volatility,8
SHEL|2024Q3,lib_seeds_inflected,supply,volatility,8
SHEL|2024Q3,lib_seeds_and_risk_inflected,supply,volatility,8
EOG|2010Q2,lib_inflected,backlogs,bottlenecks,3
EOG|2010Q2,lib_seeds_inflected,backlogs,bottlenecks,3
EOG|2010Q2,lib_seeds_and_risk_inflected,backlogs,bottlenecks,3
EOG|2010Q4,lib_inflected,shortage,shortage,0
EOG|2010Q4,lib_seeds_inflected,shortage,shortage,0
EOG|2010Q4,lib_seeds_and_risk_inflected,shortage,shortage,0
EOG|2014Q1,lib_inflected,plant,concern,4
EOG|2014Q1,lib_seeds_inflected,plant,concern,4
EOG|2014Q1,lib_seeds_and_risk_inflected,plant,concern,4
EOG|2015Q1,lib_inflected,inventory,hazard,6
EOG|2015Q1,lib_seeds_inflected,inventory,hazard,6
EOG|2015Q1,lib_seeds_and_risk_inflected,inventory,hazard,6
EOG|2021Q2,lib_inflected,supply,uncertainty,3
EOG|2021Q2,lib_seeds_inflected,supply,uncertainty,3
EOG|2021Q2,lib_seeds_and_risk_inflected,supply,uncertainty,3
EOG|2022Q3,lib_inflected,supply,volatility,4
EOG|2022Q3,lib_seeds_inflected,transportation,bottlenecks,4
EOG|2022Q3,lib_seeds_and_risk_inflected,transportation,bottlenecks,4
EOG|2023Q1,lib_inflected,inventory,volatility,9
EOG|2023Q1,lib_seeds_inflected,inventory,volatility,9
EOG|2023Q1,lib_seeds_and_risk_inflected,inventory,volatility,9
CRK|2013Q1,lib_inflected,shortage,shortage,0
CRK|2013Q1,lib_seeds_inflected,shortage,shortage,0
CRK|2013Q1,lib_seeds_and_risk_inflected,shortage,shortage,0
CRK|2013Q2,lib_inflected,inventory,risks,5
CRK|2013Q2,lib_seeds_inflected,inventory,risks,5
CRK|2013Q2,lib_seeds_and_risk_inflected,inventory,risks,5
EOG|2018Q2,lib_inflected,plant,contingencies,8
EOG|2018Q2,lib_seeds_inflected,plant,contingencies,8
EOG|2018Q2,lib_seeds_and_risk_inflected,plant,contingencies,8
EOG|2024Q3,lib_inflected,inventory,concern,3
EOG|2024Q3,lib_seeds_inflected,inventory,concern,3
EOG|2024Q3,lib_seeds_and_risk_inflected,inventory,concern,3
CRK|2010Q2,lib_inflected,shortage,shortage,0
CRK|2010Q2,lib_seeds_inflected,shortage,shortage,0
CRK|2010Q2,lib_seeds_and_risk_inflected,shortage,shortage,0
CRK|2011Q4,lib_inflected,shortage,shortage,0
CRK|2011Q4,lib_seeds_inflected,shortage,shortage,0
CRK|2011Q4,lib_seeds_and_risk_inflected,shortage,shortage,0
DWSN|2012Q2,lib_inflected,customers,risk,2
DWSN|2012Q2,lib_seeds_inflected,customers,risk,2
DWSN|2012Q2,lib_seeds_and_risk_inflected,customers,risk,2
DWSN|2014Q2,lib_inflected,customers,risk,2
DWSN|2014Q2,lib_seeds_inflected,customers,risk,2
DWSN|2014Q2,lib_seeds_and_risk_inflected,customers,risk,2
DWSN|2014Q3,lib_inflected,customers,risk,2
DWSN|2014Q3,lib_seeds_inflected,customers,risk,2
DWSN|2014Q3,lib_seeds_and_risk_inflected,customers,risk,2
CRK|2022Q1,lib_inflected,supply,disruptions,1
CRK|2022Q1,lib_seeds_inflected,supply,disruptions,1
CRK|2022Q1,lib_seeds_and_risk_inflected,supply,supply disruptions,0
DWSN|2010Q4,lib_inflected,customers,risk,2
DWSN|2010Q4,lib_seeds_inflected,customers,risk,2
DWSN|2010Q4,lib_seeds_and_risk_inflected,customers,risk,2
DWSN|2012Q1,lib_inflected,customers,risk,2
DWSN|2012Q1,lib_seeds_inflected,customers,risk,2
DWSN|2012Q1,lib_seeds_and_risk_inflected,customers,risk,2
OII|2010Q2,lib_inflected,customers,risk,7
OII|2010Q2,lib_seeds_inflected,customers,risk,7
OII|2010Q2,lib_seeds_and_risk_inflected,customers,risk,7
OII|2010Q3,lib_inflected,customers,risk,7
OII|2010Q3,lib_seeds_inflected,customers,risk,7
OII|2010Q3,lib_seeds_and_risk_inflected,customers,risk,7
OII|2010Q4,lib_inflected,customers,risk,8
OII|2010Q4,lib_seeds_inflected,customers,risk,8
OII|2010Q4,lib_seeds_and_risk_inflected,customers,risk,8
OII|2012Q1,lib_inflected,customers,risk,7
OII|2012Q1,lib_seeds_inflected,customers,risk,7
OII|2012Q1,lib_seeds_and_risk_inflected,customers,risk,7
OII|2012Q3,lib_inflected,customers,risk,7
OII|2012Q3,lib_seeds_inflected,customers,risk,7
OII|2012Q3,lib_seeds_and_risk_inflected,customers,risk,7
OII|2016Q2,lib_inflected,customers,uncertain,3
OII|2016Q2,lib_seeds_inflected,customers,uncertain,3
OII|2016Q2,lib_seeds_and_risk_inflected,customers,uncertain,3
OII|2017Q2,lib_inflected,shortage,shortage,0
OII|2017Q2,lib_seeds_inflected,shortage,shortage,0
OII|2017Q2,lib_seeds_and_risk_inflected,shortage,shortage,0
OII|2017Q3,lib_inflected,customers,exposure,3
OII|2017Q3,lib_seeds_inflected,customers,exposure,3
OII|2017Q3,lib_seeds_and_risk_inflected,customers,exposure,3
OII|2018Q3,lib_inflected,customers,concern,2
OII|2018Q3,lib_seeds_inflected,customers,concern,2
OII|2018Q3,lib_seeds_and_risk_inflected,customers,concern,2
OII|2013Q1,lib_inflected,customers,risk,7
OII|2013Q1,lib_seeds_inflected,customers,risk,7
OII|2013Q1,lib_seeds_and_risk_inflected,customers,risk,7
OII|2015Q1,lib_inflected,customers,risks,6
OII|2015Q1,lib_seeds_inflected,customers,risks,6
OII|2015Q1,lib_seeds_and_risk_inflected,customers,risks,6
OII|2015Q2,lib_inflected,customers,risks,6
OII|2015Q2,lib_seeds_inflected,customers,risks,6
OII|2015Q2,lib_seeds_and_risk_inflected,customers,risks,6
ENB|2024Q4,lib_inflected,supply,risks,8
ENB|2024Q4,lib_seeds_inflected,supply chain,risks,7
ENB|2024Q4,lib_seeds_and_risk_inflected,supply chain,risks,7
TTI|2012Q3,lib_inflected,customers,risks,3
TTI|2012Q3,lib_seeds_inflected,customers,risks,3
TTI|2012Q3,lib_seeds_and_risk_inflected,customers,risks,3
TTI|2022Q1,lib_inflected,supply,disruptions,2
TTI|2022Q1,lib_seeds_inflected,supply chain,disruptions,1
TTI|2022Q1,lib_seeds_and_risk_inflected,supply,supply chain disruptions,0
TTI|2022Q2,lib_inflected,supply,supply chain disruption,0
TTI|2022Q2,lib_seeds_inflected,supply,supply chain disruption,0
TTI|2022Q2,lib_seeds_and_risk_inflected,supply,supply chain disruption,0
ENB|2017Q2,lib_inflected,supply,disruptions,1
ENB|2017Q2,lib_seeds_inflected,supply,disruptions,1
ENB|2017Q2,lib_seeds_and_risk_inflected,supply,supply disruptions,0
ENB|2017Q4,lib_inflected,supply,disruptions,1
ENB|2017Q4,lib_seeds_inflected,supply,disruptions,1
ENB|2017Q4,lib_seeds_and_risk_inflected,supply,supply disruptions,0
ENB|2018Q3,lib_inflected,customers,disruption,3
ENB|2018Q3,lib_seeds_inflected,customers,disruption,3
ENB|2018Q3,lib_seeds_and_risk_inflected,customers,disruption,3
ENB|2020Q1,lib_inflected,supply,disruption,6
ENB|2020Q1,lib_seeds_inflected,supply,disruption,6
ENB|2020Q1,lib_seeds_and_risk_inflected,supply,disruption,6
ENB|2021Q2,lib_inflected,customers,tariffs,9
ENB|2021Q2,lib_seeds_inflected,customers,tariffs,9
ENB|2021Q2,lib_seeds_and_risk_inflected,customers,tariffs,9
ENB|2022Q1,lib_inflected,supply,concerns,2
ENB|2022Q1,lib_seeds_inflected,supply,concerns,2
ENB|2022Q1,lib_seeds_and_risk_inflected,supply,concerns,2
TTI|2018Q3,lib_inflected,customers,concerns,9
TTI|2018Q3,lib_seeds_inflected,customers,concerns,9
TTI|2018Q3,lib_seeds_and_risk_inflected,customers,concerns,9
TTI|2013Q3,lib_inflected,customers,threats,4
TTI|2013Q3,lib_seeds_inflected,customers,threats,4
TTI|2013Q3,lib_seeds_and_risk_inflected,customers,threats,4
TTI|2015Q4,lib_inflected,customers,risk,10
TTI|2015Q4,lib_seeds_inflected,customers,risk,10
TTI|2015Q4,lib_seeds_and_risk_inflected,customers,risk,10
TTI|2024Q2,lib_inflected,customers,exposure,6
TTI|2024Q2,lib_seeds_inflected,customers,exposure,6
TTI|2024Q2,lib_seeds_and_risk_inflected,customers,exposure,6
WKC|2010Q1,lib_inflected,customers,disruption,6
WKC|2010Q1,lib_seeds_inflected,customers,disruption,6
WKC|2010Q1,lib_seeds_and_risk_inflected,customers,disruption,6
WKC|2013Q1,lib_inflected,customers,volatile,7
WKC|2013Q1,lib_seeds_inflected,logistics,risk,1
WKC|2013Q1,lib_seeds_and_risk_inflected,logistics,risk,1
WKC|2015Q1,lib_inflected,customers,risks,6
WKC|2015Q1,lib_seeds_inflected,customers,risks,6
WKC|2015Q1,lib_seeds_and_risk_inflected,customers,risks,6
WKC|2019Q4,lib_inflected,supply,disruptions,1
WKC|2019Q4,lib_seeds_inflected,logistics,risk,1
WKC|2019Q4,lib_seeds_and_risk_inflected,supply,supply disruptions,0
WKC|2020Q1,lib_inflected,supply,disruptions,3
WKC|2020Q1,lib_seeds_inflected,supply,disruptions,3
WKC|2020Q1,lib_seeds_and_risk_inflected,supply,disruptions,3
WKC|2020Q4,lib_inflected,inventory,volatility,1
WKC|2020Q4,lib_seeds_inflected,inventory,volatility,1
WKC|2020Q4,lib_seeds_and_risk_inflected,inventory,volatility,1
WKC|2021Q2,lib_inflected,shortage,shortage,0
WKC|2021Q2,lib_seeds_inflected,shortage,shortage,0
WKC|2021Q2,lib_seeds_and_risk_inflected,shortage,shortage,0
WKC|2023Q2,lib_inflected,supply,disruption,4
WKC|2023Q2,lib_seeds_inflected,supply,disruption,4
WKC|2023Q2,lib_seeds_and_risk_inflected,supply,disruption,4
WKC|2024Q2,lib_inflected,customers,uncertain,3
WKC|2024Q2,lib_seeds_inflected,customers,uncertain,3
WKC|2024Q2,lib_seeds_and_risk_inflected,customers,uncertain,3
WKC|2015Q2,lib_inflected,inventory,volatility,6
WKC|2015Q2,lib_seeds_inflected,inventory,volatility,6
WKC|2015Q2,lib_seeds_and_risk_inflected,inventory,volatility,6
WKC|2017Q1,lib_inflected,material,volatility,2
WKC|2017Q1,lib_seeds_inflected,material,volatility,2
WKC|2017Q1,lib_seeds_and_risk_inflected,material,volatility,2
WKC|2017Q2,lib_inflected,supply,disruptions,1
WKC|2017Q2,lib_seeds_inflected,supply,disruptions,1
WKC|2017Q2,lib_seeds_and_risk_inflected,supply,supply disruptions,0
WKC|2017Q4,lib_inflected,shortage,shortage,0
WKC|2017Q4,lib_seeds_inflected,shortage,shortage,0
WKC|2017Q4,lib_seeds_and_risk_inflected,shortage,shortage,0
WKC|2018Q1,lib_inflected,order,risks,4
WKC|2018Q1,lib_seeds_inflected,order,risks,4
WKC|2018Q1,lib_seeds_and_risk_inflected,order,risks,4
WKC|2019Q2,lib_seeds_inflected,logistics,risk,5
WKC|2019Q2,lib_seeds_and_risk_inflected,logistics,risk,5
NBR|2012Q1,lib_inflected,customers,risk,7
NBR|2012Q1,lib_seeds_inflected,customers,risk,7
NBR|2012Q1,lib_seeds_and_risk_inflected,customers,risk,7
NBR|2013Q1,lib_inflected,customers,uncertainty,5
NBR|2013Q1,lib_seeds_inflected,customers,uncertainty,5
NBR|2013Q1,lib_seeds_and_risk_inflected,customers,uncertainty,5
NBR|2016Q2,lib_inflected,material,uncertainty,9
NBR|2016Q2,lib_seeds_inflected,material,uncertainty,9
NBR|2016Q2,lib_seeds_and_risk_inflected,material,uncertainty,9
NBR|2018Q3,lib_inflected,customers,downside,7
NBR|2018Q3,lib_seeds_inflected,customers,downside,7
NBR|2018Q3,lib_seeds_and_risk_inflected,customers,downside,7
NBR|2019Q2,lib_inflected,customers,sanctions,1
NBR|2019Q2,lib_seeds_inflected,customers,sanctions,1
NBR|2019Q2,lib_seeds_and_risk_inflected,customers,sanctions,1
NBR|2021Q2,lib_inflected,shortage,shortage,0
NBR|2021Q2,lib_seeds_inflected,shortage,shortage,0
NBR|2021Q2,lib_seeds_and_risk_inflected,shortage,shortage,0
VAL|2022Q4,lib_inflected,customers,uncertainty,3
VAL|2022Q4,lib_seeds_inflected,customers,uncertainty,3
VAL|2022Q4,lib_seeds_and_risk_inflected,customers,uncertainty,3
VAL|2023Q2,lib_inflected,shortage,shortage,0
VAL|2023Q2,lib_seeds_inflected,shortage,shortage,0
VAL|2023Q2,lib_seeds_and_risk_inflected,shortage,shortage,0
DVN|2011Q3,lib_inflected,inventory,risk,4
DVN|2011Q3,lib_seeds_inflected,inventory,risk,4
DVN|2011Q3,lib_seeds_and_risk_inflected,inventory,risk,4
DVN|2014Q1,lib_inflected,inventory,risk,1
DVN|2014Q1,lib_seeds_inflected,inventory,risk,1
DVN|2014Q1,lib_seeds_and_risk_inflected,inventory,risk,1
DVN|2015Q1,lib_inflected,order,exposure,8
DVN|2015Q1,lib_seeds_inflected,order,exposure,8
DVN|2015Q1,lib_seeds_and_risk_inflected,order,exposure,8
DVN|2016Q1,lib_inflected,shortage,shortage,0
DVN|2016Q1,lib_seeds_inflected,shortage,shortage,0
DVN|2016Q1,lib_seeds_and_risk_inflected,shortage,shortage,0
DINO|2019Q4,lib_inflected,shortage,shortage,0
DINO|2019Q4,lib_seeds_inflected,shortage,shortage,0
DINO|2019Q4,lib_seeds_and_risk_inflected,shortage,shortage,0
DINO|2020Q3,lib_inflected,supply,disruptions,1
DINO|2020Q3,lib_seeds_inflected,supply,disruptions,1
DINO|2020Q3,lib_seeds_and_risk_inflected,supply,supply disruptions,0
DINO|2021Q1,lib_inflected,plant,exposure,9
DINO|2021Q1,lib_seeds_inflected,plant,exposure,9
DINO|2021Q1,lib_seeds_and_risk_inflected,plant,exposure,9
DVN|2019Q1,lib_inflected,inventory,risk,1
DVN|2019Q1,lib_seeds_inflected,inventory,risk,1
DVN|2019Q1,lib_seeds_and_risk_inflected,inventory,risk,1
DINO|2011Q2,lib_inflected,supply,risk,7
DINO|2011Q2,lib_seeds_inflected,supply,risk,7
DINO|2011Q2,lib_seeds_and_risk_inflected,supply,risk,7
DINO|2014Q4,lib_seeds_inflected,distribution,risk,8
DINO|2014Q4,lib_seeds_and_risk_inflected,distribution,risk,8
DVN|2016Q4,lib_inflected,order,sanction,7
DVN|2016Q4,lib_seeds_inflected,order,sanction,7
DVN|2016Q4,lib_seeds_and_risk_inflected,order,sanction,7
DVN|2017Q4,lib_inflected,shortage,shortage,0
DVN|2017Q4,lib_seeds_inflected,shortage,shortage,0
DVN|2017Q4,lib_seeds_and_risk_inflected,shortage,shortage,0
DVN|2018Q3,lib_inflected,shortage,shortage,0
DVN|2018Q3,lib_seeds_inflected,shortage,shortage,0
DVN|2018Q3,lib_seeds_and_risk_inflected,shortage,shortage,0
DINO|2024Q4,lib_inflected,shortage,shortage,0
DINO|2024Q4,lib_seeds_inflected,shortage,shortage,0
DINO|2024Q4,lib_seeds_and_risk_inflected,shortage,shortage,0
SM|2011Q4,lib_seeds_inflected,distribution,risk,7
SM|2011Q4,lib_seeds_and_risk_inflected,distribution,risk,7
RRC|2017Q3,lib_seeds_inflected,transportation,volatility,9
RRC|2017Q3,lib_seeds_and_risk_inflected,transportation,volatility,9
RRC|2017Q4,lib_seeds_inflected,transportation,volatility,4
RRC|2017Q4,lib_seeds_and_risk_inflected,transportation,volatility,4
RRC|2018Q1,lib_inflected,supply,volatility,10
RRC|2018Q1,lib_seeds_inflected,transportation,tariff,3
RRC|2018Q1,lib_seeds_and_risk_inflected,transportation,tariff,3
RRC|2020Q3,lib_inflected,inventory,exposure,3
RRC|2020Q3,lib_seeds_inflected,inventory,exposure,3
RRC|2020Q3,lib_seeds_and_risk_inflected,inventory,exposure,3
RRC|2021Q1,lib_inflected,inventory,exposure,3
RRC|2021Q1,lib_seeds_inflected,inventory,exposure,3
RRC|2021Q1,lib_seeds_and_risk_inflected,inventory,exposure,3
EGY|2017Q1,lib_inflected,order,risk,6
EGY|2017Q1,lib_seeds_inflected,order,risk,6
EGY|2017Q1,lib_seeds_and_risk_inflected,order,risk,6
EGY|2017Q2,lib_inflected,order,risk,6
EGY|2017Q2,lib_seeds_inflected,order,risk,6
EGY|2017Q2,lib_seeds_and_risk_inflected,order,risk,6
EGY|2012Q2,lib_inflected,order,lead time,2
EGY|2012Q2,lib_seeds_inflected,order,lead time,2
EGY|2012Q2,lib_seeds_and_risk_inflected,order,lead time,2
EGY|2019Q4,lib_inflected,supply,concerns,4
EGY|2019Q4,lib_seeds_inflected,supply,concerns,4
EGY|2019Q4,lib_seeds_and_risk_inflected,supply,concerns,4
EGY|2020Q2,lib_seeds_inflected,manufacturing,lead times,2
EGY|2020Q2,lib_seeds_and_risk_inflected,manufacturing,lead times,2
RIG|2010Q4,lib_inflected,customers,concern,6
RIG|2010Q4,lib_seeds_inflected,customers,concern,6
RIG|2010Q4,lib_seeds_and_risk_inflected,customers,concern,6
RIG|2011Q2,lib_inflected,shortage,shortage,0
RIG|2011Q2,lib_seeds_inflected,shortage,shortage,0
RIG|2011Q2,lib_seeds_and_risk_inflected,shortage,shortage,0
RIG|2013Q2,lib_inflected,customers,concern,10
RIG|2013Q2,lib_seeds_inflected,customers,concern,10
RIG|2013Q2,lib_seeds_and_risk_inflected,customers,concern,10
RIG|2014Q1,lib_inflected,buyer,concern,5
RIG|2014Q1,lib_seeds_inflected,buyer,concern,5
RIG|2014Q1,lib_seeds_and_risk_inflected,buyer,concern,5
RIG|2017Q4,lib_inflected,supply,threat,1
RIG|2017Q4,lib_seeds_inflected,supply,threat,1
RIG|2017Q4,lib_seeds_and_risk_inflected,supply,threat,1
PTEN|2014Q3,lib_inflected,shortage,shortage,0
PTEN|2014Q3,lib_seeds_inflected,shortage,shortage,0
PTEN|2014Q3,lib_seeds_and_risk_inflected,shortage,shortage,0
PTEN|2014Q4,lib_inflected,customers,uncertain,10
PTEN|2014Q4,lib_seeds_inflected,customers,uncertain,10
PTEN|2014Q4,lib_seeds_and_risk_inflected,customers,uncertain,10
PTEN|2015Q2,lib_inflected,shortage,shortage,0
PTEN|2015Q2,lib_seeds_inflected,shortage,shortage,0
PTEN|2015Q2,lib_seeds_and_risk_inflected,shortage,shortage,0
RIG|2019Q3,lib_inflected,customers,uncertainty,7
RIG|2019Q3,lib_seeds_inflected,customers,uncertainty,7
RIG|2019Q3,lib_seeds_and_risk_inflected,customers,uncertainty,7
RIG|2020Q3,lib_inflected,shortage,shortage,0
RIG|2020Q3,lib_seeds_inflected,shortage,shortage,0
RIG|2020Q3,lib_seeds_and_risk_inflected,shortage,shortage,0
RIG|2020Q4,lib_inflected,material,exposures,1
RIG|2020Q4,lib_seeds_inflected,material,exposures,1
RIG|2020Q4,lib_seeds_and_risk_inflected,material,exposures,1
RIG|2021Q1,lib_inflected,supply,disruptions,2
RIG|2021Q1,lib_seeds_inflected,supply chain,disruptions,1
RIG|2021Q1,lib_seeds_and_risk_inflected,supply,supply chain disruptions,0
RIG|2021Q2,lib_inflected,shortage,shortage,0
RIG|2021Q2,lib_seeds_inflected,shortage,shortage,0
RIG|2021Q2,lib_seeds_and_risk_inflected,shortage,shortage,0
PTEN|2019Q2,lib_inflected,inventory,concerns,3
PTEN|2019Q2,lib_seeds_inflected,inventory,concerns,3
PTEN|2019Q2,lib_seeds_and_risk_inflected,inventory,concerns,3
PTEN|2020Q1,lib_inflected,customers,exposure,9
PTEN|2020Q1,lib_seeds_inflected,customers,exposure,9
PTEN|2020Q1,lib_seeds_and_risk_inflected,customers,exposure,9
PTEN|2016Q4,lib_inflected,supply,concern,4
PTEN|2016Q4,lib_seeds_inflected,supply,concern,4
PTEN|2016Q4,lib_seeds_and_risk_inflected,supply,concern,4
PTEN|2021Q2,lib_inflected,customers,concern,9
PTEN|2021Q2,lib_seeds_inflected,customers,concern,9
PTEN|2021Q2,lib_seeds_and_risk_inflected,customers,concern,9
PTEN|2023Q2,lib_inflected,customers,volatility,6
PTEN|2023Q2,lib_seeds_inflected,customers,volatility,6
PTEN|2023Q2,lib_seeds_and_risk_inflected,customers,volatility,6
PTEN|2023Q3,lib_inflected,customers,disruptions,3
PTEN|2023Q3,lib_seeds_inflected,customers,disruptions,3
PTEN|2023Q3,lib_seeds_and_risk_inflected,customers,disruptions,3
PTEN|2023Q4,lib_inflected,material,downside,5
PTEN|2023Q4,lib_seeds_inflected,material,downside,5
PTEN|2023Q4,lib_seeds_and_risk_inflected,material,downside,5
PTEN|2024Q2,lib_inflected,shortage,shortage,0
PTEN|2024Q2,lib_seeds_inflected,shortage,shortage,0
PTEN|2024Q2,lib_seeds_and_risk_inflected,shortage,shortage,0
SU|2023Q3,lib_inflected,supply,uncertainty,1
SU|2023Q3,lib_seeds_inflected,supply,uncertainty,1
SU|2023Q3,lib_seeds_and_risk_inflected,supply,uncertainty,1
SU|2016Q4,lib_inflected,shortage,shortage,0
SU|2016Q4,lib_seeds_inflected,shortage,shortage,0
SU|2016Q4,lib_seeds_and_risk_inflected,shortage,shortage,0
SU|2020Q4,lib_seeds_inflected,logistics,volatility,8
SU|2020Q4,lib_seeds_and_risk_inflected,logistics,volatility,8
PTEN|2024Q3,lib_inflected,customers,volatility,7
PTEN|2024Q3,lib_seeds_inflected,customers,volatility,7
PTEN|2024Q3,lib_seeds_and_risk_inflected,customers,volatility,7
SU|2011Q4,lib_inflected,order,sanctions,5
SU|2011Q4,lib_seeds_inflected,order,sanctions,5
SU|2011Q4,lib_seeds_and_risk_inflected,order,sanctions,5
SU|2014Q1,lib_inflected,supply,disruptions,1
SU|2014Q1,lib_seeds_inflected,supply,disruptions,1
SU|2014Q1,lib_seeds_and_risk_inflected,supply,supply disruptions,0
