ticker,quarter_label,company_name_before,sector_before,year_before,SCRisk_before,SCRisk_after,scrisk_change,SCRisk_raw_before,SCRisk_raw_after,CAR_0_1_before,flip
GIS,2023Q4,"General Mills, Inc.",Consumer Goods,2023,0.0,8.37675943794,8.37675943794,0.0,0.00629425649095,-0.0330088689868955,zero_to_positive
CLFD,2021Q3,"Clearfield, Inc.",Technology,2021,0.0,7.64669649791,7.64669649791,0.0,0.00574569073195,0.1829886078735901,zero_to_positive
ACU,2024Q2,Acme United Corporation,Consumer Goods,2024,0.0,6.85537940781,6.85537940781,0.0,0.0051510989011,-0.0821923825224464,zero_to_positive
GIS,2023Q1,"General Mills, Inc.",Consumer Goods,2023,0.0,6.41778115806,6.41778115806,0.0,0.00482228969459,0.0529181711397057,zero_to_positive
ACU,2023Q1,Acme United Corporation,Consumer Goods,2023,0.0,5.73370938311,5.73370938311,0.0,0.00430828147439,0.0633337714688478,zero_to_positive
CAG,2023Q4,"Conagra Brands, Inc.",Consumer Goods,2023,0.0,5.26682498821,5.26682498821,0.0,0.00395746680018,-0.0043571552117375,zero_to_positive
OXM,2022Q3,"Oxford Industries, Inc.",Retail,2022,0.0,5.19721260246,5.19721260246,0.0,0.00390516039052,-0.1156180769397703,zero_to_positive
ACU,2024Q1,Acme United Corporation,Consumer Goods,2024,0.0,4.35157816578,4.35157816578,0.0,0.00326975476839,-0.1705687798580292,zero_to_positive
MAT,2022Q2,"Mattel, Inc.",Retail,2022,0.0,4.3186294939,4.3186294939,0.0,0.00324499729584,0.08389077959472,zero_to_positive
LSCC,2022Q1,Lattice Semiconductor Corporation,Semiconductors,2022,0.0,4.10078271149,4.10078271149,0.0,0.00308130827811,0.1157759627599761,zero_to_positive
KLIC,2022Q4,"Kulicke and Soffa Industries, Inc.",Semiconductors,2022,0.0,3.92261958452,3.92261958452,0.0,0.00294743736696,0.0046240264931346,zero_to_positive
QDEL,2020Q2,QuidelOrtho Corporation,Healthcare,2020,0.0,3.88481003879,3.88481003879,0.0,0.00291902745733,0.0420875305456209,zero_to_positive
ACU,2020Q3,Acme United Corporation,Consumer Goods,2020,0.0,3.85867687939,3.85867687939,0.0,0.00289939112786,0.0779385948858457,zero_to_positive
CAL,2020Q4,"Caleres, Inc.",Retail,2020,0.0,3.84882762243,3.84882762243,0.0,0.00289199044386,0.0195843187469243,zero_to_positive
NVMI,2022Q2,Nova Ltd.,Semiconductors,2022,0.0,3.83733531133,3.83733531133,0.0,0.00288335517693,0.030623548508233,zero_to_positive
RRX,2021Q3,Regal Rexnord Corporation,Industrials,2021,0.0,3.60717481574,3.60717481574,0.0,0.00271041369472,0.0765115343497826,zero_to_positive
CAG,2023Q3,"Conagra Brands, Inc.",Consumer Goods,2023,0.0,3.42122790669,3.42122790669,0.0,0.0025706940874,-0.005345312576033,zero_to_positive
TTI,2022Q2,"TETRA Technologies, Inc.",Energy,2022,0.0,3.29013017479,3.29013017479,0.0,0.00247218788628,0.1672644491147012,zero_to_positive
ARW,2022Q3,"Arrow Electronics, Inc.",Technology,2022,0.0,3.26584528392,3.26584528392,0.0,0.00245394033684,-0.0898225678126962,zero_to_positive
AME,2019Q4,"AMETEK, Inc.",Industrials,2019,0.0,3.24379658803,3.24379658803,0.0,0.00243737305349,0.0207516822424313,zero_to_positive
TSM,2020Q4,Taiwan Semiconductor Manufacturing Company Limited,Semiconductors,2020,0.0,3.10066757404,3.10066757404,0.0,0.00232982660524,-0.0215778135603866,zero_to_positive
PXLW,2012Q1,"Pixelworks, Inc.",Semiconductors,2012,0.0,3.09501780396,3.09501780396,0.0,0.00232558139535,0.0050245718272315,zero_to_positive
MEI,2023Q1,"Methode Electronics, Inc.",Technology,2023,0.0,3.07441912993,3.07441912993,0.0,0.0023101036514,-0.0431423992441978,zero_to_positive
GPC,2021Q3,Genuine Parts Company,Retail,2021,0.0,3.05894059758,3.05894059758,0.0,0.00229847315712,0.0008464861737782,zero_to_positive
CLX,2023Q2,The Clorox Company,Consumer Goods,2023,0.0,2.91311733764,2.91311733764,0.0,0.00218890226551,0.0556952054423173,zero_to_positive
WKC,2021Q2,World Kinect Corporation,Energy,2021,0.0,2.89783460928,2.89783460928,0.0,0.00217741889741,-0.0898358522612518,zero_to_positive
PXLW,2017Q1,"Pixelworks, Inc.",Semiconductors,2017,0.0,2.89456486412,2.89456486412,0.0,0.00217496202672,0.0724057483562961,zero_to_positive
HD,2022Q2,"The Home Depot, Inc.",Retail,2022,0.0,2.79709469462,2.79709469462,0.0,0.0021017234132,-0.0157642583749337,zero_to_positive
ASYS,2022Q3,"Amtech Systems, Inc.",Semiconductors,2022,0.0,2.73136512202,2.73136512202,0.0,0.00205233453053,0.1064189391895416,zero_to_positive
MAT,2022Q1,"Mattel, Inc.",Retail,2022,0.0,2.71960402566,2.71960402566,0.0,0.00204349729966,0.1212111308265765,zero_to_positive
ADI,2020Q4,"Analog Devices, Inc.",Semiconductors,2020,0.0,2.71096449982,2.71096449982,0.0,0.00203700560177,-0.0250950610460914,zero_to_positive
LXP,2024Q1,LXP Industrial Trust,Real Estate,2024,0.0,2.69872641655,2.69872641655,0.0,0.00202780996524,-0.0277670385593113,zero_to_positive
MZTI,2023Q3,The Marzetti Company,Consumer Goods,2023,0.0,2.59869691131,2.59869691131,0.0,0.00195264827923,-0.1175211979421473,zero_to_positive
PG,2023Q4,The Procter & Gamble Company,Consumer Goods,2023,0.0,2.59763544108,2.59763544108,0.0,0.00195185069564,0.0295099140016808,zero_to_positive
ACLS,2020Q1,"Axcelis Technologies, Inc.",Semiconductors,2020,0.0,2.57353477501,2.57353477501,0.0,0.00193374157183,0.0831065968424073,zero_to_positive
PXLW,2016Q4,"Pixelworks, Inc.",Semiconductors,2016,0.0,2.5292125582,2.5292125582,0.0,0.00190043807267,0.0420845724349264,zero_to_positive
WKC,2020Q1,World Kinect Corporation,Energy,2020,0.0,2.52908393042,2.52908393042,0.0,0.00190034142238,-0.0355799274317177,zero_to_positive
MZTI,2021Q4,The Marzetti Company,Consumer Goods,2021,0.0,2.51294874566,2.51294874566,0.0,0.00188821752266,-0.0640417553782861,zero_to_positive
ADI,2022Q4,"Analog Devices, Inc.",Semiconductors,2022,0.0,2.50503665515,2.50503665515,0.0,0.00188227241615,0.0407831236405454,zero_to_positive
IP,2023Q2,International Paper Company,Retail,2023,0.0,2.50438124274,2.50438124274,0.0,0.00188177994244,-0.0672834897145875,zero_to_positive
ASYS,2024Q3,"Amtech Systems, Inc.",Semiconductors,2024,0.0,2.46303082487,2.46303082487,0.0,0.00185070943862,0.0182415936404588,zero_to_positive
XRAY,2011Q1,DENTSPLY SIRONA Inc.,Healthcare,2011,0.0,2.313253888,2.313253888,0.0,0.00173816777331,-0.0105070034695724,zero_to_positive
PRGO,2021Q4,Perrigo Company plc,Healthcare,2021,0.0,2.3098524538,2.3098524538,0.0,0.00173561195211,-0.0785734791668739,zero_to_positive
CCEP,2016Q2,Coca-Cola Europacific Partners PLC,Consumer Goods,2016,0.0,2.261680562,2.261680562,0.0,0.00169941582581,0.0167808494917361,zero_to_positive
GCO,2021Q4,Genesco Inc.,Retail,2021,0.0,2.25360748349,2.25360748349,0.0,0.00169334975369,-0.0162762529434019,zero_to_positive
KTCC,2023Q3,Key Tronic Corporation,Technology,2023,0.0,2.22644526257,2.22644526257,0.0,0.00167294019239,-0.1219405126495584,zero_to_positive
ACH,2019Q4,"Accendra Health, Inc.",Healthcare,2019,0.0,2.21394494606,2.21394494606,0.0,0.00166354751508,0.089643057733921,zero_to_positive
UVV,2023Q3,Universal Corporation,Consumer Goods,2023,0.0,2.1937214105,2.1937214105,0.0,0.00164835164835,-0.0062504331751975,zero_to_positive
MYE,2022Q2,"Myers Industries, Inc.",Retail,2022,0.0,2.14481491652,2.14481491652,0.0,0.00161160354553,0.0884006286571531,zero_to_positive
ASYS,2020Q2,"Amtech Systems, Inc.",Semiconductors,2020,0.0,2.1280430541,2.1280430541,0.0,0.00159900124929,0.0255179856481481,zero_to_positive
AVY,2022Q3,Avery Dennison Corporation,Retail,2022,0.0,2.10689080106,2.10689080106,0.0,0.00158310754876,0.0666262498999974,zero_to_positive
CTS,2022Q2,CTS Corporation,Technology,2022,0.0,2.07124380339,2.07124380339,0.0,0.00155632256727,0.0876539560888148,zero_to_positive
PRG,2021Q1,"PROG Holdings, Inc.",Industrials,2021,0.0,2.06735169818,2.06735169818,0.0,0.00155339805825,0.0472002539458554,zero_to_positive
ASYS,2023Q4,"Amtech Systems, Inc.",Semiconductors,2023,0.0,2.06334520264,2.06334520264,0.0,0.0015503875969,-0.3668546453570263,zero_to_positive
UVV,2022Q2,Universal Corporation,Consumer Goods,2022,0.0,2.04907649378,2.04907649378,0.0,0.00153966615814,-0.0004392474346552,zero_to_positive
ON,2023Q3,ON Semiconductor Corporation,Semiconductors,2023,0.0,2.02205367045,2.02205367045,0.0,0.0015193613395,0.0260556892595918,zero_to_positive
BC,2019Q2,Brunswick Corporation,Retail,2019,0.0,1.98724452098,1.98724452098,0.0,0.0014932059131,-0.0640916614017753,zero_to_positive
IMOS,2021Q4,ChipMOS TECHNOLOGIES INC.,Semiconductors,2021,0.0,1.98339441982,1.98339441982,0.0,0.00149031296572,-0.0079705414204183,zero_to_positive
RMBS,2020Q3,Rambus Inc.,Semiconductors,2020,0.0,1.97536556642,1.97536556642,0.0,0.00148428012414,-0.0152543666254379,zero_to_positive
IPAR,2020Q3,"Interparfums, Inc.",Consumer Goods,2020,0.0,1.95092742101,1.95092742101,0.0,0.00146591741999,0.0101081362780883,zero_to_positive
EMR,2013Q1,Emerson Electric Co.,Industrials,2013,0.0,1.9410315472,1.9410315472,0.0,0.00145848170831,-0.0140475226017061,zero_to_positive
PRG,2020Q2,"PROG Holdings, Inc.",Industrials,2020,0.0,1.93117819028,1.93117819028,0.0,0.00145107794362,0.1900688949591263,zero_to_positive
CAL,2024Q3,"Caleres, Inc.",Retail,2024,0.0,1.92877921116,1.92877921116,0.0,0.00144927536232,-0.1828603260939234,zero_to_positive
ACU,2023Q4,Acme United Corporation,Consumer Goods,2023,0.0,1.91490310173,1.91490310173,0.0,0.00143884892086,0.0561643952468032,zero_to_positive
SYK,2016Q2,Stryker Corporation,Healthcare,2016,0.0,1.90428568156,1.90428568156,0.0,0.00143087104275,0.0016110275039597,zero_to_positive
UMC,2012Q1,United Microelectronics Corporation,Semiconductors,2012,0.0,1.82451094728,1.82451094728,0.0,0.00137092869359,0.0106850051121323,zero_to_positive
AMKR,2013Q1,"Amkor Technology, Inc.",Semiconductors,2013,0.0,1.81280474604,1.81280474604,0.0,0.00136213271064,0.0215346060191202,zero_to_positive
UMH,2016Q3,"UMH Properties, Inc.",Real Estate,2016,0.0,1.81208511792,1.81208511792,0.0,0.00136159198556,0.0101967673285506,zero_to_positive
ASX,2022Q2,"ASE Technology Holding Co., Ltd.",Semiconductors,2022,0.0,1.80117812633,1.80117812633,0.0,0.00135339652487,0.0545202959225332,zero_to_positive
GSK,2015Q1,GSK plc,Healthcare,2015,0.0,1.7978489101,1.7978489101,0.0,0.00135089496792,0.0357271769487185,zero_to_positive
DIOD,2020Q2,Diodes Incorporated,Semiconductors,2020,0.0,1.7724090637,1.7724090637,0.0,0.00133177959048,-0.0949986941781726,zero_to_positive
SYNA,2020Q3,Synaptics Incorporated,Semiconductors,2020,0.0,1.77164224667,1.77164224667,0.0,0.00133120340788,0.0660134110308977,zero_to_positive
CAL,2021Q4,"Caleres, Inc.",Retail,2021,0.0,1.76975752088,1.76975752088,0.0,0.00132978723404,-0.0097034222572369,zero_to_positive
RVTY,2021Q3,"Revvity, Inc.",Healthcare,2021,0.0,1.7598735923,1.7598735923,0.0,0.00132236049795,0.0410827309131668,zero_to_positive
SMP,2020Q1,"Standard Motor Products, Inc.",Retail,2020,0.0,1.75328823337,1.75328823337,0.0,0.00131741229113,0.0085042602754277,zero_to_positive
LH,2022Q1,Labcorp Holdings Inc.,Healthcare,2022,0.0,1.73996751849,1.73996751849,0.0,0.00130740317045,0.0113303259996336,zero_to_positive
NVEC,2011Q1,NVE Corporation,Semiconductors,2011,0.0,1.73439312211,1.73439312211,0.0,0.001303214596,-0.0320748852227534,zero_to_positive
VSH,2019Q1,"Vishay Intertechnology, Inc.",Semiconductors,2019,0.0,1.7108294975,1.7108294975,0.0,0.00128550900254,0.1052893703449336,zero_to_positive
UMH,2024Q2,"UMH Properties, Inc.",Real Estate,2024,0.0,1.6882377773,1.6882377773,0.0,0.00126853369334,-0.0482964481353673,zero_to_positive
LUV,2022Q4,Southwest Airlines Co.,Industrials,2022,0.0,1.68783469334,1.68783469334,0.0,0.00126823081801,0.0312996175967814,zero_to_positive
WKC,2019Q4,World Kinect Corporation,Energy,2019,0.0,1.6839194294,1.6839194294,0.0,0.00126528890763,0.0553702923432476,zero_to_positive
GPC,2022Q2,Genuine Parts Company,Retail,2022,0.0,1.66700515502,1.66700515502,0.0,0.00125257960375,0.0182744091096671,zero_to_positive
XRAY,2019Q4,DENTSPLY SIRONA Inc.,Healthcare,2019,0.0,1.65752899517,1.65752899517,0.0,0.0012454592631,0.0259737077851248,zero_to_positive
CCEP,2022Q2,Coca-Cola Europacific Partners PLC,Consumer Goods,2022,0.0,1.65716001662,1.65716001662,0.0,0.00124518201441,0.0384493307236863,zero_to_positive
TXN,2013Q1,Texas Instruments Incorporated,Semiconductors,2013,0.0,1.65666928096,1.65666928096,0.0,0.00124481327801,-0.0172061190868665,zero_to_positive
RTX,2022Q1,RTX Corporation,Industrials,2022,0.0,1.63969156026,1.63969156026,0.0,0.00123205630087,0.0171951965480232,zero_to_positive
ALOT,2023Q4,AstroNova Inc,Technology,2023,0.0,1.62995426295,1.62995426295,0.0,0.0012247397428,0.0660246876403201,zero_to_positive
GLW,2020Q4,Corning Incorporated,Technology,2020,0.0,1.62678467108,1.62678467108,0.0,0.00122235812681,-0.0246866716840494,zero_to_positive
WHR,2023Q3,Whirlpool Corporation,Retail,2023,0.0,1.5836946371,1.5836946371,0.0,0.00118998048387,-0.0259955706583639,zero_to_positive
HMC,2012Q4,"Honda Motor Co., Ltd.",Retail,2012,0.0,1.58066709414,1.58066709414,0.0,0.00118770560275,-0.0558836019121083,zero_to_positive
CRUS,2022Q2,"Cirrus Logic, Inc.",Semiconductors,2022,0.0,1.57167286463,1.57167286463,0.0,0.00118094738223,0.0279512733562254,zero_to_positive
HD,2021Q1,"The Home Depot, Inc.",Retail,2021,0.0,1.57038357213,1.57038357213,0.0,0.00117997861409,-0.0702011896196064,zero_to_positive
MSI,2023Q1,"Motorola Solutions, Inc.",Technology,2023,0.0,1.56608337927,1.56608337927,0.0,0.00117674746999,0.0494094555963853,zero_to_positive
LRCX,2014Q1,Lam Research Corporation,Semiconductors,2014,0.0,1.56405882677,1.56405882677,0.0,0.00117522623105,-0.0023595035906862,zero_to_positive
CPT,2021Q2,Camden Property Trust,Real Estate,2021,0.0,1.56277814707,1.56277814707,0.0,0.00117426393452,0.0124111390964314,zero_to_positive
ASYS,2024Q1,"Amtech Systems, Inc.",Semiconductors,2024,0.0,1.56249798145,1.56249798145,0.0,0.00117405341943,0.1055367926234434,zero_to_positive
NKE,2021Q4,"NIKE, Inc.",Retail,2021,0.0,1.56224323742,1.56224323742,0.0,0.001173862006,0.0267870811598137,zero_to_positive
IP,2019Q2,International Paper Company,Retail,2019,0.0,1.5613820889,1.5613820889,0.0,0.00117321494317,0.0444769135363522,zero_to_positive
RES,2022Q1,"RPC, Inc.",Energy,2022,0.0,1.56020827163,1.56020827163,0.0,0.00117233294256,0.0358990773368139,zero_to_positive
AMKR,2023Q1,"Amkor Technology, Inc.",Semiconductors,2023,0.0,1.55762611357,1.55762611357,0.0,0.00117039272149,-0.0246714287722138,zero_to_positive
SON,2021Q4,Sonoco Products Company,Retail,2021,0.0,1.55143155376,1.55143155376,0.0,0.00116573815923,-0.031493197102513,zero_to_positive
BIIB,2022Q3,Biogen Inc.,Healthcare,2022,0.0,1.54543762037,1.54543762037,0.0,0.0011612343467,-0.0495292080287122,zero_to_positive
CAMT,2020Q2,Camtek Ltd.,Semiconductors,2020,0.0,1.54034450891,1.54034450891,0.0,0.00115740740741,0.0561405772816687,zero_to_positive
MZTI,2019Q2,The Marzetti Company,Consumer Goods,2019,0.0,1.5109646409,1.5109646409,0.0,0.0011353315168,-0.0510322197144704,zero_to_positive
CAH,2022Q1,"Cardinal Health, Inc.",Healthcare,2022,0.0,1.50997890308,1.50997890308,0.0,0.00113459083818,0.0091766197268108,zero_to_positive
UVV,2018Q4,Universal Corporation,Consumer Goods,2018,0.0,1.50605701637,1.50605701637,0.0,0.00113164395149,0.0016887768707627,zero_to_positive
UMC,2011Q3,United Microelectronics Corporation,Semiconductors,2011,0.0,1.50421888183,1.50421888183,0.0,0.0011302627861,0.0120405391603951,zero_to_positive
WKC,2013Q1,World Kinect Corporation,Energy,2013,0.0,1.48643818582,1.48643818582,0.0,0.00111690245719,-0.0305527179798637,zero_to_positive
HSY,2022Q2,The Hershey Company,Consumer Goods,2022,0.0,1.47218767224,1.47218767224,0.0,0.00110619469027,0.0194959639638405,zero_to_positive
FDX,2011Q4,FedEx Corporation,Industrials,2011,0.0,1.4677228075,1.4677228075,0.0,0.00110283981252,0.0903698809282196,zero_to_positive
LYTS,2019Q2,LSI Industries Inc.,Technology,2019,0.0,1.44472657632,1.44472657632,0.0,0.00108556055573,0.0310945278357334,zero_to_positive
CNMD,2023Q3,CONMED Corporation,Healthcare,2023,0.0,1.44162230262,1.44162230262,0.0,0.0010832280195,-0.0118993335914464,zero_to_positive
ADM,2022Q3,Archer-Daniels-Midland Company,Consumer Goods,2022,0.0,1.43566090151,1.43566090151,0.0,0.00107874865156,0.0494006676913855,zero_to_positive
ASML,2024Q1,ASML Holding N.V.,Semiconductors,2024,0.0,1.43490342155,1.43490342155,0.0,0.00107817948478,0.1118450198634867,zero_to_positive
AMKR,2022Q4,"Amkor Technology, Inc.",Semiconductors,2022,0.0,1.42124909836,1.42124909836,0.0,0.00106791969244,-0.0097529396362881,zero_to_positive
GIS,2022Q3,"General Mills, Inc.",Consumer Goods,2022,0.0,1.41701198435,1.41701198435,0.0,0.00106473594549,0.0717819739645111,zero_to_positive
LLY,2020Q2,Eli Lilly and Company,Healthcare,2020,0.0,1.41280005913,1.41280005913,0.0,0.00106157112527,0.0354124784917449,zero_to_positive
SLAB,2021Q2,Silicon Laboratories Inc.,Semiconductors,2021,0.0,1.40590885299,1.40590885299,0.0,0.00105639310633,-0.0295695370917362,zero_to_positive
EGP,2021Q2,"EastGroup Properties, Inc.",Real Estate,2021,0.0,1.40322779138,1.40322779138,0.0,0.00105437856962,0.0074956619847668,zero_to_positive
MYE,2019Q2,"Myers Industries, Inc.",Retail,2019,0.0,1.39959188777,1.39959188777,0.0,0.00105164656924,0.0241673173842462,zero_to_positive
CBRL,2020Q4,"Cracker Barrel Old Country Store, Inc.",Retail,2020,0.0,1.39869433074,1.39869433074,0.0,0.00105097214924,-0.0615126460674152,zero_to_positive
GFF,2021Q2,Griffon Corporation,Industrials,2021,0.0,1.39138280784,1.39138280784,0.0,0.00104547830633,0.0096138148614507,zero_to_positive
DGII,2022Q3,Digi International Inc.,Technology,2022,0.0,1.38636740356,1.38636740356,0.0,0.00104170975583,0.1230029586070559,zero_to_positive
MATX,2023Q4,"Matson, Inc.",Industrials,2023,0.0,1.37410275436,1.37410275436,0.0,0.00103249415779,-0.0450863251352852,zero_to_positive
INTC,2011Q2,Intel Corporation,Semiconductors,2011,0.0,1.36282433453,1.36282433453,0.0,0.00102401960773,0.0709383975355792,zero_to_positive
DGII,2015Q2,Digi International Inc.,Technology,2015,0.0,1.35975239408,1.35975239408,0.0,0.00102171136654,0.065020003450797,zero_to_positive
SLB,2022Q2,SLB N.V.,Energy,2022,0.0,1.35646085433,1.35646085433,0.0,0.00101923811951,-0.0071441162657242,zero_to_positive
LMT,2021Q4,Lockheed Martin Corporation,Industrials,2021,0.0,1.35410309212,1.35410309212,0.0,0.00101746650839,-0.1134419725462452,zero_to_positive
NVEC,2019Q1,NVE Corporation,Semiconductors,2019,0.0,1.3531852117,1.3531852117,0.0,0.00101677681749,-0.007045400888665,zero_to_positive
PAR,2020Q1,PAR Technology Corporation,Technology,2020,0.0,1.34407438718,1.34407438718,0.0,0.00100993098805,-0.1536790071392074,zero_to_positive
WHR,2023Q1,Whirlpool Corporation,Retail,2023,0.0,1.34339601854,1.34339601854,0.0,0.00100942126514,0.0054304467153867,zero_to_positive
SMP,2021Q1,"Standard Motor Products, Inc.",Retail,2021,0.0,1.34104963291,1.34104963291,0.0,0.00100765820234,-0.052149375724607,zero_to_positive
MCHP,2017Q1,Microchip Technology Incorporated,Semiconductors,2017,0.0,1.34030522327,1.34030522327,0.0,0.00100709885654,0.064452788541331,zero_to_positive
ONTO,2020Q3,Onto Innovation Inc.,Semiconductors,2020,0.0,1.33352470511,1.33352470511,0.0,0.00100200400802,-0.0414865398218837,zero_to_positive
MGPI,2021Q3,"MGP Ingredients, Inc.",Consumer Goods,2021,0.0,1.3331907395,1.3331907395,0.0,0.00100175306787,0.1444379198597258,zero_to_positive
AIT,2020Q4,"Applied Industrial Technologies, Inc.",Industrials,2020,0.0,1.32193459717,1.32193459717,0.0,0.000993295257015,0.0357703321185759,zero_to_positive
CAH,2018Q2,"Cardinal Health, Inc.",Healthcare,2018,0.0,1.32045904076,1.32045904076,0.0,0.000992186531068,-0.1745512324806487,zero_to_positive
COHU,2020Q1,"Cohu, Inc.",Semiconductors,2020,0.0,1.31715920002,1.31715920002,0.0,0.000989707046714,-0.0488026034882465,zero_to_positive
WKC,2017Q2,World Kinect Corporation,Energy,2017,0.0,1.31585688719,1.31585688719,0.0,0.000988728495155,0.0097592055964759,zero_to_positive
ROK,2020Q2,"Rockwell Automation, Inc.",Industrials,2020,0.0,1.30700481778,1.30700481778,0.0,0.000982077093052,0.0048869293144123,zero_to_positive
NSC,2021Q1,Norfolk Southern Corporation,Industrials,2021,0.0,1.30592475756,1.30592475756,0.0,0.000981265541035,0.0266555251457772,zero_to_positive
SLAB,2022Q1,Silicon Laboratories Inc.,Semiconductors,2022,0.0,1.29234575228,1.29234575228,0.0,0.000971062342202,-0.0230373514904722,zero_to_positive
GSK,2014Q1,GSK plc,Healthcare,2014,0.0,1.27537868299,1.27537868299,0.0,0.000958313368471,0.0182409897018959,zero_to_positive
CSCO,2024Q2,"Cisco Systems, Inc.",Technology,2024,0.0,1.2719945148,1.2719945148,0.0,0.000955770520872,-0.0177052487352324,zero_to_positive
GHI,2021Q2,Greystone Housing Impact Investors LP,Financial Services,2021,0.0,1.26849156285,1.26849156285,0.0,0.000953138419739,-0.0233539967520491,zero_to_positive
ACU,2021Q2,Acme United Corporation,Consumer Goods,2021,0.0,1.26149730539,1.26149730539,0.0,0.000947882968536,0.013466878296469,zero_to_positive
MU,2013Q1,"Micron Technology, Inc.",Semiconductors,2013,0.0,1.25360429125,1.25360429125,0.0,0.000941952195926,0.0849740763948804,zero_to_positive
UVV,2019Q2,Universal Corporation,Consumer Goods,2019,0.0,1.25080606739,1.25080606739,0.0,0.00093984962406,0.1730847864506497,zero_to_positive
UMC,2023Q2,United Microelectronics Corporation,Semiconductors,2023,0.0,1.24282426992,1.24282426992,0.0,0.000933852140078,0.0089562044374671,zero_to_positive
UVV,2023Q2,Universal Corporation,Consumer Goods,2023,0.0,1.24009337081,1.24009337081,0.0,0.000931800155709,-0.0045193604810132,zero_to_positive
ON,2018Q3,ON Semiconductor Corporation,Semiconductors,2018,0.0,1.22651813183,1.22651813183,0.0,0.000921599786859,-0.0350650260758401,zero_to_positive
TXN,2019Q3,Texas Instruments Incorporated,Semiconductors,2019,0.0,1.22388969625,1.22388969625,0.0,0.000919624793084,0.0774702801429852,zero_to_positive
UMH,2015Q3,"UMH Properties, Inc.",Real Estate,2015,0.0,1.22345643036,1.22345643036,0.0,0.000919299239192,0.0127072332679217,zero_to_positive
CLFD,2018Q3,"Clearfield, Inc.",Technology,2018,0.0,1.22321475708,1.22321475708,0.0,0.000919117647059,0.1013051316585252,zero_to_positive
ROG,2020Q3,Rogers Corporation,Technology,2020,0.0,1.21966487463,1.21966487463,0.0,0.000916450282572,-0.1022812358733998,zero_to_positive
ASX,2019Q2,"ASE Technology Holding Co., Ltd.",Semiconductors,2019,0.0,1.1978916793,1.1978916793,0.0,0.000900090009001,0.0027717034856882,zero_to_positive
MBI,2021Q1,MBIA Inc.,Financial Services,2021,0.0,1.19305930587,1.19305930587,0.0,0.000896458987001,-0.0351960771839857,zero_to_positive
UMC,2012Q4,United Microelectronics Corporation,Semiconductors,2012,0.0,1.18641199528,1.18641199528,0.0,0.000891464229998,-0.0048961800871327,zero_to_positive
KLIC,2013Q4,"Kulicke and Soffa Industries, Inc.",Semiconductors,2013,0.0,1.17566930716,1.17566930716,0.0,0.000883392226148,-0.0761004163681516,zero_to_positive
AMAT,2021Q3,"Applied Materials, Inc.",Semiconductors,2021,0.0,1.17330020024,1.17330020024,0.0,0.00088161209068,-0.0252825344423815,zero_to_positive
DWSN,2010Q4,Dawson Geophysical Company,Energy,2010,0.0,1.17256181119,1.17256181119,0.0,0.000881057268722,-0.0266525889887317,zero_to_positive
BIO,2020Q3,"Bio-Rad Laboratories, Inc.",Healthcare,2020,0.0,1.16029438161,1.16029438161,0.0,0.000871839581517,-0.0241504039391658,zero_to_positive
TRV,2021Q2,"The Travelers Companies, Inc.",Financial Services,2021,0.0,1.15995728272,1.15995728272,0.0,0.000871586287042,0.0281214720492894,zero_to_positive
AP,2023Q4,Ampco-Pittsburgh Corporation,Industrials,2023,0.0,1.15076321289,1.15076321289,0.0,0.000864677907479,-0.0088140219270839,zero_to_positive
CNMD,2024Q2,CONMED Corporation,Healthcare,2024,0.0,1.14630289035,1.14630289035,0.0,0.000861326442722,-0.1249706060672094,zero_to_positive
AXGN,2016Q1,"Axogen, Inc.",Healthcare,2016,0.0,1.14334850146,1.14334850146,0.0,0.00085910652921,-0.0691311613846744,zero_to_positive
ARKR,2022Q1,Ark Restaurants Corp.,Retail,2022,0.0,1.14285758326,1.14285758326,0.0,0.000858737655646,0.0610302491850863,zero_to_positive
ELS,2020Q4,"Equity LifeStyle Properties, Inc.",Real Estate,2020,0.0,1.14040930223,1.14040930223,0.0,0.000856898029135,-0.014585588880172,zero_to_positive
HELE,2023Q2,Helen of Troy Limited,Consumer Goods,2023,0.0,1.13845821702,1.13845821702,0.0,0.000855431993157,0.1740877674255567,zero_to_positive
KO,2019Q2,The Coca-Cola Company,Consumer Goods,2019,0.0,1.13732316397,1.13732316397,0.0,0.000854579119784,0.0163443455686273,zero_to_positive
PHM,2024Q4,"PulteGroup, Inc.",Retail,2024,0.0,1.13382134222,1.13382134222,0.0,0.000851947867872,-0.0753202801716173,zero_to_positive
GSK,2020Q1,GSK plc,Healthcare,2020,0.0,1.12940078982,1.12940078982,0.0,0.000848626286199,-0.0671852757533298,zero_to_positive
CRUS,2020Q4,"Cirrus Logic, Inc.",Semiconductors,2020,0.0,1.12498533872,1.12498533872,0.0,0.000845308537616,-0.0407699382836701,zero_to_positive
GAP,2022Q2,"The Gap, Inc.",Retail,2022,0.0,1.12457793215,1.12457793215,0.0,0.000845002414293,-0.0272002795432006,zero_to_positive
GHI,2021Q3,Greystone Housing Impact Investors LP,Financial Services,2021,0.0,1.12391281435,1.12391281435,0.0,0.000844502647998,-0.0533328081428045,zero_to_positive
ASML,2016Q4,ASML Holding N.V.,Semiconductors,2016,0.0,1.11938992975,1.11938992975,0.0,0.000841104174404,0.0125207254851613,zero_to_positive
XOM,2022Q4,ExxonMobil Holdings Corporation,Energy,2022,0.0,1.11899466567,1.11899466567,0.0,0.000840807174888,-0.0003870362215058,zero_to_positive
SONY,2020Q3,Sony Group Corporation,Technology,2020,0.0,1.11701149526,1.11701149526,0.0,0.000839317030243,-0.0077880969907187,zero_to_positive
BMI,2012Q3,"Badger Meter, Inc.",Technology,2012,0.0,1.11663367124,1.11663367124,0.0,0.000839033135106,-0.0751500968799177,zero_to_positive
NVEC,2018Q3,NVE Corporation,Semiconductors,2018,0.0,1.11462115218,1.11462115218,0.0,0.000837520938023,-0.099937089273352,zero_to_positive
RRX,2017Q3,Regal Rexnord Corporation,Industrials,2017,0.0,1.09158272285,1.09158272285,0.0,0.000820209973753,-0.0278892164075049,zero_to_positive
RMBS,2020Q1,Rambus Inc.,Semiconductors,2020,0.0,1.08570538073,1.08570538073,0.0,0.000815793767336,0.0141981399445205,zero_to_positive
TTI,2022Q1,"TETRA Technologies, Inc.",Energy,2022,0.0,1.08486460624,1.08486460624,0.0,0.00081516201345,0.0846872532485773,zero_to_positive
CLX,2022Q4,The Clorox Company,Consumer Goods,2022,0.0,1.08174681722,1.08174681722,0.0,0.000812819321876,-0.0469721001424383,zero_to_positive
ATRO,2019Q4,Astronics Corporation,Industrials,2019,0.0,1.07220345975,1.07220345975,0.0,0.00080564848927,0.010457510993354,zero_to_positive
TM,2021Q2,Toyota Motor Corporation,Retail,2021,0.0,1.0715440062,1.0715440062,0.0,0.000805152979066,0.0227654791807436,zero_to_positive
AXTI,2023Q2,"AXT, Inc.",Semiconductors,2023,0.0,1.06511216943,1.06511216943,0.0,0.000800320128051,-0.2030503959090958,zero_to_positive
ENB,2017Q4,Enbridge Inc.,Energy,2017,0.0,1.06468612456,1.06468612456,0.0,0.0008,-0.0400206313343704,zero_to_positive
SYK,2024Q2,Stryker Corporation,Healthcare,2024,0.0,1.06454418534,1.06454418534,0.0,0.000799893347554,-0.0205316866793094,zero_to_positive
CPT,2023Q2,Camden Property Trust,Real Estate,2023,0.0,1.06032130837,1.06032130837,0.0,0.000796720298243,0.0362828650975418,zero_to_positive
PAR,2020Q3,PAR Technology Corporation,Technology,2020,0.0,1.05847639637,1.05847639637,0.0,0.000795334040297,-0.0455957634194581,zero_to_positive
NVMI,2019Q3,Nova Ltd.,Semiconductors,2019,0.0,1.05400553514,1.05400553514,0.0,0.000791974656811,0.0338158162032486,zero_to_positive
XRAY,2023Q3,DENTSPLY SIRONA Inc.,Healthcare,2023,0.0,1.04874519756,1.04874519756,0.0,0.000788022064618,-0.0390322900501424,zero_to_positive
BELFA,2020Q1,Bel Fuse Inc.,Technology,2020,0.0,1.04791941394,1.04791941394,0.0,0.000787401574803,-0.2196279790640652,zero_to_positive
CSX,2023Q4,CSX Corporation,Industrials,2023,0.0,1.04791941394,1.04791941394,0.0,0.000787401574803,0.0239780281096881,zero_to_positive
NVEC,2015Q4,NVE Corporation,Semiconductors,2015,0.0,1.04462924309,1.04462924309,0.0,0.000784929356358,0.1207104519292719,zero_to_positive
IMOS,2022Q4,ChipMOS TECHNOLOGIES INC.,Semiconductors,2022,0.0,1.04462924309,1.04462924309,0.0,0.000784929356358,0.0114097509146864,zero_to_positive
GIS,2024Q3,"General Mills, Inc.",Consumer Goods,2024,0.0,1.03790809569,1.03790809569,0.0,0.000779879118737,0.0075853999010326,zero_to_positive
TSM,2012Q1,Taiwan Semiconductor Manufacturing Company Limited,Semiconductors,2012,0.0,1.03531926418,1.03531926418,0.0,0.000777933883273,0.03460133503092,zero_to_positive
NVMI,2022Q3,Nova Ltd.,Semiconductors,2022,0.0,1.03447932818,1.03447932818,0.0,0.000777302759425,-0.0093654609034753,zero_to_positive
RRX,2023Q2,Regal Rexnord Corporation,Industrials,2023,0.0,1.02951515888,1.02951515888,0.0,0.000773572706642,-0.0363981675437734,zero_to_positive
DIOD,2020Q4,Diodes Incorporated,Semiconductors,2020,0.0,1.0203343801,1.0203343801,0.0,0.00076667431391,-0.0524041629897546,zero_to_positive
ALOT,2014Q1,AstroNova Inc,Technology,2014,0.0,1.01282926614,1.01282926614,0.0,0.00076103500761,-0.026335609335922,zero_to_positive
AME,2023Q2,"AMETEK, Inc.",Industrials,2023,0.0,1.01257860913,1.01257860913,0.0,0.000760846665148,0.0481138481815577,zero_to_positive
KLIC,2018Q4,"Kulicke and Soffa Industries, Inc.",Semiconductors,2018,0.0,1.01103392431,1.01103392431,0.0,0.000759685996455,0.0804739912266837,zero_to_positive
CTO,2022Q4,"CTO Realty Growth, Inc.",Real Estate,2022,0.0,1.00593927113,1.00593927113,0.0,0.000755857898715,0.0033953920714576,zero_to_positive
WKC,2017Q4,World Kinect Corporation,Energy,2017,0.0,1.00282356343,1.00282356343,0.0,0.000753516771034,-0.1505624660850709,zero_to_positive
CACI,2013Q3,CACI International Inc,Technology,2013,0.0,0.999767864556,0.999767864556,0.0,0.000751220733692,0.0104868279839201,zero_to_positive
CGNX,2024Q1,Cognex Corporation,Technology,2024,0.0,0.999343222069,0.999343222069,0.0,0.000750901659383,0.0577914955220142,zero_to_positive
JNJ,2020Q3,Johnson & Johnson,Healthcare,2020,0.0,0.998392839987,0.998392839987,0.0,0.000750187546887,0.0081347742960295,zero_to_positive
CPT,2018Q4,Camden Property Trust,Real Estate,2018,0.0,0.99659851408,0.99659851408,0.0,0.000748839299086,-0.0263636120311322,zero_to_positive
ASYS,2019Q3,"Amtech Systems, Inc.",Semiconductors,2019,0.0,0.990958790545,0.990958790545,0.0,0.000744601638124,-0.040019195922163,zero_to_positive
SYK,2017Q3,Stryker Corporation,Healthcare,2017,0.0,0.98884697368,0.98884697368,0.0,0.000743014829154,0.0201445655140776,zero_to_positive
XRAY,2011Q2,DENTSPLY SIRONA Inc.,Healthcare,2011,0.0,0.988645186237,0.988645186237,0.0,0.000742863207047,0.018059783434212,zero_to_positive
SYY,2024Q4,Sysco Corporation,Consumer Goods,2024,0.0,0.982700800624,0.982700800624,0.0,0.000738396624473,-0.0081197855307943,zero_to_positive
CRK,2022Q1,"Comstock Resources, Inc.",Energy,2022,0.0,0.980446188082,0.980446188082,0.0,0.000736702519523,-0.0493879560229889,zero_to_positive
MSFT,2022Q4,Microsoft Corporation,Technology,2022,0.0,0.980013001253,0.980013001253,0.0,0.000736377025037,-0.0642945371827698,zero_to_positive
DWSN,2012Q2,Dawson Geophysical Company,Energy,2012,0.0,0.977613361192,0.977613361192,0.0,0.000734573947111,-0.0906691158798701,zero_to_positive
OXM,2020Q2,"Oxford Industries, Inc.",Retail,2020,0.0,0.97476231815,0.97476231815,0.0,0.00073243168717,-0.0491216667242646,zero_to_positive
HAL,2022Q4,Halliburton Company,Energy,2022,0.0,0.973045001055,0.973045001055,0.0,0.000731141303419,0.0341973375842555,zero_to_positive
ENTG,2023Q4,"Entegris, Inc.",Semiconductors,2023,0.0,0.970602398713,0.970602398713,0.0,0.000729305943843,-0.0085932301135518,zero_to_positive
SYK,2015Q1,Stryker Corporation,Healthcare,2015,0.0,0.966290176321,0.966290176321,0.0,0.000726065760813,0.022595951217259,zero_to_positive
SON,2024Q1,Sonoco Products Company,Retail,2024,0.0,0.964564345499,0.964564345499,0.0,0.000724768979888,0.0043807972897041,zero_to_positive
AVT,2015Q4,"Avnet, Inc.",Technology,2015,0.0,0.963412230854,0.963412230854,0.0,0.000723903286521,0.0129927942856657,zero_to_positive
NVEC,2011Q4,NVE Corporation,Semiconductors,2011,0.0,0.95831334344,0.95831334344,0.0,0.000720072007201,-0.1439792302349717,zero_to_positive
AOS,2023Q2,A. O. Smith Corporation,Industrials,2023,0.0,0.953336429586,0.953336429586,0.0,0.000716332378223,-0.0113830828384623,zero_to_positive
PLAB,2013Q2,"Photronics, Inc.",Semiconductors,2013,0.0,0.953108848677,0.953108848677,0.0,0.00071616137503,-0.0409843927718555,zero_to_positive
OXM,2019Q4,"Oxford Industries, Inc.",Retail,2019,0.0,0.947928579892,0.947928579892,0.0,0.000712268946142,-0.0305697608545728,zero_to_positive
VSH,2019Q4,"Vishay Intertechnology, Inc.",Semiconductors,2019,0.0,0.947769303306,0.947769303306,0.0,0.000712149266486,0.0808568965864009,zero_to_positive
MRVL,2011Q1,"Marvell Technology, Inc.",Semiconductors,2011,0.0,0.942579565038,0.942579565038,0.0,0.000708249722275,-0.119450126158238,zero_to_positive
TER,2020Q4,"Teradyne, Inc.",Semiconductors,2020,0.0,0.940646240336,0.940646240336,0.0,0.000706797031452,0.0651621096480481,zero_to_positive
AOS,2023Q1,A. O. Smith Corporation,Industrials,2023,0.0,0.939871225778,0.939871225778,0.0,0.000706214689266,0.1380933294764793,zero_to_positive
SMP,2019Q3,"Standard Motor Products, Inc.",Retail,2019,0.0,0.936344504481,0.936344504481,0.0,0.000703564727955,0.0220292224179882,zero_to_positive
CAL,2019Q4,"Caleres, Inc.",Retail,2019,0.0,0.933935196984,0.933935196984,0.0,0.000701754385965,0.0228261372293057,zero_to_positive
RIG,2021Q1,Transocean Ltd.,Energy,2021,0.0,0.930930089327,0.930930089327,0.0,0.000699496362619,-0.091838333797127,zero_to_positive
DVN,2014Q1,Devon Energy Corporation,Energy,2014,0.0,0.928289459918,0.928289459918,0.0,0.000697512206464,0.0295057246805517,zero_to_positive
ABT,2022Q4,Abbott Laboratories,Healthcare,2022,0.0,0.92600727505,0.92600727505,0.0,0.000695797383802,-0.0880067390526944,zero_to_positive
XRAY,2023Q2,DENTSPLY SIRONA Inc.,Healthcare,2023,0.0,0.924634777005,0.924634777005,0.0,0.000694766095415,-0.0139384677578194,zero_to_positive
AXTI,2022Q3,"AXT, Inc.",Semiconductors,2022,0.0,0.923820958147,0.923820958147,0.0,0.000694154595865,0.2292726071068474,zero_to_positive
ONTO,2011Q2,Onto Innovation Inc.,Semiconductors,2011,0.0,0.920702235333,0.920702235333,0.0,0.000691811202639,-0.0654701092374392,zero_to_positive
JNJ,2012Q4,Johnson & Johnson,Healthcare,2012,0.0,0.920530974029,0.920530974029,0.0,0.000691682517724,0.0242157860576612,zero_to_positive
PLAB,2015Q2,"Photronics, Inc.",Semiconductors,2015,0.0,0.919947688273,0.919947688273,0.0,0.000691244239631,0.0243162985539929,zero_to_positive
QDEL,2021Q2,QuidelOrtho Corporation,Healthcare,2021,0.0,0.9194126281,0.9194126281,0.0,0.000690842198007,0.0811266685073189,zero_to_positive
MMM,2020Q3,3M Company,Industrials,2020,0.0,0.917567126913,0.917567126913,0.0,0.000689455497349,-0.053436920855111,zero_to_positive
WKC,2015Q1,World Kinect Corporation,Energy,2015,0.0,0.916726471984,0.916726471984,0.0,0.000688823833305,-0.0085236396750136,zero_to_positive
IEP,2024Q1,Icahn Enterprises L.P.,Energy,2024,0.0,0.908079301071,0.908079301071,0.0,0.00068232639094,0.0315675433502041,zero_to_positive
HAE,2024Q4,Haemonetics Corporation,Healthcare,2024,0.0,0.908022053015,0.908022053015,0.0,0.000682283375028,0.1184689422298915,zero_to_positive
PXLW,2017Q2,"Pixelworks, Inc.",Semiconductors,2017,0.0,0.906836803454,0.906836803454,0.0,0.000681392784246,0.090245637620907,zero_to_positive
SLB,2021Q3,SLB N.V.,Energy,2021,0.0,0.90442246395,0.90442246395,0.0,0.00067957866123,0.0357276288073359,zero_to_positive
HON,2021Q1,Honeywell International Inc.,Industrials,2021,0.0,0.903501463477,0.903501463477,0.0,0.000678886625933,-0.0308908606928665,zero_to_positive
PLAB,2013Q3,"Photronics, Inc.",Semiconductors,2013,0.0,0.902072518551,0.902072518551,0.0,0.000677812923633,0.0359076763382985,zero_to_positive
ABT,2023Q2,Abbott Laboratories,Healthcare,2023,0.0,0.89892445505,0.89892445505,0.0,0.000675447483958,0.06655882621196,zero_to_positive
SON,2024Q3,Sonoco Products Company,Retail,2024,0.0,0.896925229615,0.896925229615,0.0,0.000673945275644,0.0049864022738496,zero_to_positive
CAH,2014Q1,"Cardinal Health, Inc.",Healthcare,2014,0.0,0.896099869174,0.896099869174,0.0,0.000673325103804,0.013847915786412,zero_to_positive
CAH,2022Q4,"Cardinal Health, Inc.",Healthcare,2022,0.0,0.895476823915,0.895476823915,0.0,0.000672856950612,0.0402580215236533,zero_to_positive
PLAB,2012Q3,"Photronics, Inc.",Semiconductors,2012,0.0,0.892993282735,0.892993282735,0.0,0.000670990829792,0.0724604835860328,zero_to_positive
PLAB,2014Q1,"Photronics, Inc.",Semiconductors,2014,0.0,0.889610732421,0.889610732421,0.0,0.000668449197861,-0.0620773402086247,zero_to_positive
CPT,2012Q2,Camden Property Trust,Real Estate,2012,0.0,0.889462092366,0.889462092366,0.0,0.000668337510443,-0.0216606304852341,zero_to_positive
AME,2019Q1,"AMETEK, Inc.",Industrials,2019,0.0,0.887830324017,0.887830324017,0.0,0.000667111407605,0.010235988201506,zero_to_positive
DGII,2022Q2,Digi International Inc.,Technology,2022,0.0,0.88635208505,0.88635208505,0.0,0.000666000666001,0.0541224103105759,zero_to_positive
OSUR,2020Q3,"OraSure Technologies, Inc.",Healthcare,2020,0.0,0.882531601924,0.882531601924,0.0,0.000663129973475,-0.3342636763675818,zero_to_positive
HAS,2021Q4,"Hasbro, Inc.",Retail,2021,0.0,0.881946756595,0.881946756595,0.0,0.000662690523526,0.0751914202361702,zero_to_positive
AMAT,2022Q1,"Applied Materials, Inc.",Semiconductors,2022,0.0,0.877064489062,0.877064489062,0.0,0.000659022011335,0.0025892063914191,zero_to_positive
GHI,2024Q1,Greystone Housing Impact Investors LP,Financial Services,2024,0.0,0.876590100299,0.876590100299,0.0,0.000658665557915,0.0028720756514889,zero_to_positive
COHR,2024Q2,Coherent Corp.,Technology,2024,0.0,0.875753296034,0.875753296034,0.0,0.000658036787242,-0.046912242155417,zero_to_positive
HAL,2012Q2,Halliburton Company,Energy,2012,0.0,0.872654066375,0.872654066375,0.0,0.000655708041079,0.0615693769529618,zero_to_positive
SYNA,2023Q2,Synaptics Incorporated,Semiconductors,2023,0.0,0.871436552341,0.871436552341,0.0,0.000654793206927,-0.1451822296813231,zero_to_positive
LRCX,2011Q2,Lam Research Corporation,Semiconductors,2011,0.0,0.862932504913,0.862932504913,0.0,0.000648403306857,-0.0543577617332462,zero_to_positive
NVMI,2019Q4,Nova Ltd.,Semiconductors,2019,0.0,0.862326774753,0.862326774753,0.0,0.000647948164147,0.0247566779538205,zero_to_positive
STAA,2019Q4,STAAR Surgical Company,Healthcare,2019,0.0,0.860282906078,0.860282906078,0.0,0.000646412411118,0.1385117596991005,zero_to_positive
BBY,2015Q3,"Best Buy Co., Inc.",Retail,2015,0.0,0.852895190786,0.852895190786,0.0,0.000640861317611,0.1699721445144565,zero_to_positive
ACU,2018Q4,Acme United Corporation,Consumer Goods,2018,0.0,0.849573990234,0.849573990234,0.0,0.000638365783594,-0.1346790189984313,zero_to_positive
PLAB,2013Q4,"Photronics, Inc.",Semiconductors,2013,0.0,0.843382544805,0.843382544805,0.0,0.00063371356147,0.1102718074860646,zero_to_positive
MEI,2012Q3,"Methode Electronics, Inc.",Technology,2012,0.0,0.842048500919,0.842048500919,0.0,0.000632711167352,0.0636934572189098,zero_to_positive
PSA,2015Q1,Public Storage,Real Estate,2015,0.0,0.841516064307,0.841516064307,0.0,0.00063231109706,-0.0196351720488106,zero_to_positive
SUI,2021Q3,"Sun Communities, Inc.",Real Estate,2021,0.0,0.839976799973,0.839976799973,0.0,0.00063115450129,0.0224852846194301,zero_to_positive
DOC,2016Q3,"Healthpeak Properties, Inc.",Real Estate,2016,0.0,0.839481279879,0.839481279879,0.0,0.000630782169891,0.0285811154620423,zero_to_positive
ROST,2022Q4,"Ross Stores, Inc.",Retail,2022,0.0,0.835441089581,0.835441089581,0.0,0.000627746390458,0.1243524646785756,zero_to_positive
WDC,2019Q2,Western Digital Corporation,Technology,2019,0.0,0.835178949295,0.835178949295,0.0,0.000627549419517,0.0214444994523887,zero_to_positive
AIT,2021Q2,"Applied Industrial Technologies, Inc.",Industrials,2021,0.0,0.829711755425,0.829711755425,0.0,0.000623441396509,0.0114726218485592,zero_to_positive
XRAY,2018Q3,DENTSPLY SIRONA Inc.,Healthcare,2018,0.0,0.826728781873,0.826728781873,0.0,0.000621200004622,-0.1563484647611925,zero_to_positive
MSI,2024Q4,"Motorola Solutions, Inc.",Technology,2024,0.0,0.825788611196,0.825788611196,0.0,0.000620493564927,0.0682069585728219,zero_to_positive
EMR,2019Q2,Emerson Electric Co.,Industrials,2019,0.0,0.825568184364,0.825568184364,0.0,0.000620327937272,-0.0332603500226829,zero_to_positive
CLFD,2020Q3,"Clearfield, Inc.",Technology,2020,0.0,0.822611791712,0.822611791712,0.0,0.000618106518144,0.2637626946100124,zero_to_positive
BIIB,2013Q2,Biogen Inc.,Healthcare,2013,0.0,0.810214084806,0.810214084806,0.0,0.000608790941191,0.0299727534764008,zero_to_positive
CLX,2020Q4,The Clorox Company,Consumer Goods,2020,0.0,0.807886071855,0.807886071855,0.0,0.000607041683529,0.0225514066026726,zero_to_positive
UMC,2014Q3,United Microelectronics Corporation,Semiconductors,2014,0.0,0.80560390781,0.80560390781,0.0,0.000605326876513,-0.0644657269860053,zero_to_positive
NVEC,2024Q3,NVE Corporation,Semiconductors,2024,0.0,0.802966057455,0.802966057455,0.0,0.000603344808526,0.0125216938788958,zero_to_positive
RELL,2015Q4,"Richardson Electronics, Ltd.",Technology,2015,0.0,0.799554013639,0.799554013639,0.0,0.00060078101532,0.0274975458809195,zero_to_positive
ASYS,2013Q3,"Amtech Systems, Inc.",Semiconductors,2013,0.0,0.799507518076,0.799507518076,0.0,0.000600746078779,-0.0293894099626207,zero_to_positive
HP,2011Q2,"Helmerich & Payne, Inc.",Energy,2011,0.0,0.798714271989,0.798714271989,0.0,0.000600150037509,-0.0651081252477548,zero_to_positive
MGPI,2023Q2,"MGP Ingredients, Inc.",Consumer Goods,2023,0.0,0.797040069293,0.797040069293,0.0,0.000598892049708,0.0561547467102808,zero_to_positive
SYNA,2016Q3,Synaptics Incorporated,Semiconductors,2016,0.0,0.79680147026,0.79680147026,0.0,0.00059871276755,-0.024535963627655,zero_to_positive
PLAB,2014Q3,"Photronics, Inc.",Semiconductors,2014,0.0,0.788578504267,0.788578504267,0.0,0.000592534070709,0.0166516312635782,zero_to_positive
KO,2019Q1,The Coca-Cola Company,Consumer Goods,2019,0.0,0.787869108263,0.787869108263,0.0,0.000592001033985,-0.0927086137150212,zero_to_positive
AXTI,2015Q1,"AXT, Inc.",Semiconductors,2015,0.0,0.787256820883,0.787256820883,0.0,0.000591540964212,0.0306173207401264,zero_to_positive
DINO,2020Q3,HF Sinclair Corporation,Energy,2020,0.0,0.787024042402,0.787024042402,0.0,0.000591366055588,-0.0337304071133294,zero_to_positive
MGPI,2022Q4,"MGP Ingredients, Inc.",Consumer Goods,2022,0.0,0.786907704776,0.786907704776,0.0,0.000591278640059,0.0464328883406386,zero_to_positive
NVDA,2023Q3,NVIDIA Corporation,Semiconductors,2023,0.0,0.786907704776,0.786907704776,0.0,0.000591278640059,0.0345956418571153,zero_to_positive
NVEC,2018Q4,NVE Corporation,Semiconductors,2018,0.0,0.786791401538,0.786791401538,0.0,0.000591191250369,0.045043839488482,zero_to_positive
ADM,2023Q3,Archer-Daniels-Midland Company,Consumer Goods,2023,0.0,0.785630257203,0.785630257203,0.0,0.000590318772137,0.0424654022751073,zero_to_positive
UMH,2017Q1,"UMH Properties, Inc.",Real Estate,2017,0.0,0.783478785248,0.783478785248,0.0,0.000588702166525,-0.0220108584262403,zero_to_positive
WY,2015Q2,Weyerhaeuser Company,Real Estate,2015,0.0,0.781478365063,0.781478365063,0.0,0.000587199060482,-0.0072391099950828,zero_to_positive
PLXS,2024Q4,Plexus Corp.,Technology,2024,0.0,0.781019750999,0.781019750999,0.0,0.000586854460094,0.0785499953193042,zero_to_positive
PLAB,2015Q1,"Photronics, Inc.",Semiconductors,2015,0.0,0.77827933082,0.77827933082,0.0,0.000584795321637,0.0075884700250979,zero_to_positive
QDEL,2021Q1,QuidelOrtho Corporation,Healthcare,2021,0.0,0.778067016588,0.778067016588,0.0,0.000584635789751,-0.1641795210567224,zero_to_positive
LSCC,2024Q1,Lattice Semiconductor Corporation,Semiconductors,2024,0.0,0.777597227988,0.777597227988,0.0,0.000584282792872,0.0804144730465288,zero_to_positive
STM,2023Q4,STMicroelectronics N.V.,Semiconductors,2023,0.0,0.777302806948,0.777302806948,0.0,0.000584061566327,0.0401237012460012,zero_to_positive
PLXS,2020Q1,Plexus Corp.,Technology,2020,0.0,0.773192537808,0.773192537808,0.0,0.000580973129993,0.0258188043619435,zero_to_positive
PLAB,2012Q1,"Photronics, Inc.",Semiconductors,2012,0.0,0.765594049301,0.765594049301,0.0,0.000575263662512,-0.0416826569770197,zero_to_positive
HP,2014Q3,"Helmerich & Payne, Inc.",Energy,2014,0.0,0.765130196764,0.765130196764,0.0,0.000574915125961,-0.0634850175280341,zero_to_positive
WWW,2023Q1,"Wolverine World Wide, Inc.",Retail,2023,0.0,0.764531182365,0.764531182365,0.0,0.000574465029441,0.1132181514721346,zero_to_positive
ASML,2018Q3,ASML Holding N.V.,Semiconductors,2018,0.0,0.763083566914,0.763083566914,0.0,0.000573377298199,0.0562394724406841,zero_to_positive
FEIM,2018Q1,"Frequency Electronics, Inc.",Technology,2018,0.0,0.762014117207,0.762014117207,0.0,0.000572573718866,0.0561815574157154,zero_to_positive
ETN,2019Q3,Eaton Corporation plc,Industrials,2019,0.0,0.761687025727,0.761687025727,0.0,0.000572327943912,0.0218431192523216,zero_to_positive
AP,2023Q2,Ampco-Pittsburgh Corporation,Industrials,2023,0.0,0.761142496827,0.761142496827,0.0,0.000571918787532,-0.0255497544438726,zero_to_positive
GHI,2024Q2,Greystone Housing Impact Investors LP,Financial Services,2024,0.0,0.760845708433,0.760845708433,0.0,0.00057169578217,-0.001795457582473,zero_to_positive
AIN,2016Q4,Albany International Corp.,Retail,2016,0.0,0.758755790024,0.758755790024,0.0,0.000570125427594,-0.0246530902501872,zero_to_positive
TMO,2022Q4,Thermo Fisher Scientific Inc.,Healthcare,2022,0.0,0.758613856129,0.758613856129,0.0,0.000570018779153,-0.0116523980916226,zero_to_positive
PRGO,2018Q1,Perrigo Company plc,Healthcare,2018,0.0,0.757029383221,0.757029383221,0.0,0.000568828213879,0.0019047996531095,zero_to_positive
KLIC,2023Q2,"Kulicke and Soffa Industries, Inc.",Semiconductors,2023,0.0,0.756384004377,0.756384004377,0.0,0.000568343279341,-0.0384778238880557,zero_to_positive
ONTO,2021Q1,Onto Innovation Inc.,Semiconductors,2021,0.0,0.753173545955,0.753173545955,0.0,0.000565930956423,-0.0065808200634608,zero_to_positive
DWSN,2014Q3,Dawson Geophysical Company,Energy,2014,0.0,0.752038607479,0.752038607479,0.0,0.000565078169147,-0.0816258493963966,zero_to_positive
EGY,2017Q2,"VAALCO Energy, Inc.",Energy,2017,0.0,0.748101665108,0.748101665108,0.0,0.000562119969707,0.0866389647407127,zero_to_positive
INTC,2024Q4,Intel Corporation,Semiconductors,2024,0.0,0.747756857907,0.747756857907,0.0,0.000561860883245,0.0827757724260776,zero_to_positive
INTT,2024Q1,InTest Corporation,Semiconductors,2024,0.0,0.74495250809,0.74495250809,0.0,0.000559753708368,0.1924106411862516,zero_to_positive
PTC,2017Q2,PTC Inc.,Technology,2017,0.0,0.743749616157,0.743749616157,0.0,0.000558849861193,-0.0209147874436121,zero_to_positive
QDEL,2020Q3,QuidelOrtho Corporation,Healthcare,2020,0.0,0.743612720171,0.743612720171,0.0,0.000558746998212,0.051128090383688,zero_to_positive
SLAB,2021Q1,Silicon Laboratories Inc.,Semiconductors,2021,0.0,0.742524377993,0.742524377993,0.0,0.000557929223168,-0.0039311128136924,zero_to_positive
PG,2024Q4,The Procter & Gamble Company,Consumer Goods,2024,0.0,0.741012057741,0.741012057741,0.0,0.000556792873051,-0.0152155122707845,zero_to_positive
HAS,2022Q4,"Hasbro, Inc.",Retail,2022,0.0,0.740085928788,0.740085928788,0.0,0.00055609698424,-0.0402019994015581,zero_to_positive
UMH,2022Q2,"UMH Properties, Inc.",Real Estate,2022,0.0,0.739350194618,0.739350194618,0.0,0.000555544157146,-0.0769876215109291,zero_to_positive
WKC,2020Q4,World Kinect Corporation,Energy,2020,0.0,0.737725973227,0.737725973227,0.0,0.000554323725055,0.0827975745152011,zero_to_positive
CGNX,2016Q4,Cognex Corporation,Technology,2016,0.0,0.735077412705,0.735077412705,0.0,0.0005523336095,0.0068060719915599,zero_to_positive
DWSN,2012Q1,Dawson Geophysical Company,Energy,2012,0.0,0.733254906723,0.733254906723,0.0,0.000550964187328,-0.0946398746468232,zero_to_positive
QCOM,2022Q2,QUALCOMM Incorporated,Semiconductors,2022,0.0,0.731056389914,0.731056389914,0.0,0.00054931223244,0.0686903671769591,zero_to_positive
PLAB,2015Q3,"Photronics, Inc.",Semiconductors,2015,0.0,0.730571448693,0.730571448693,0.0,0.000548947849954,0.0977845861392923,zero_to_positive
MMM,2022Q2,3M Company,Industrials,2022,0.0,0.730037112289,0.730037112289,0.0,0.000548546352167,-0.0102059526690888,zero_to_positive
ENB,2022Q1,Enbridge Inc.,Energy,2022,0.0,0.729336980793,0.729336980793,0.0,0.00054802027675,-0.0096322864203606,zero_to_positive
ATRO,2024Q4,Astronics Corporation,Industrials,2024,0.0,0.728399846205,0.728399846205,0.0,0.000547316118357,-0.1012618837380221,zero_to_positive
GPC,2015Q1,Genuine Parts Company,Retail,2015,0.0,0.726549832511,0.726549832511,0.0,0.000545926027023,-0.0148562013002161,zero_to_positive
MO,2022Q1,"Altria Group, Inc.",Consumer Goods,2022,0.0,0.726450685427,0.726450685427,0.0,0.000545851528384,0.019962843517318,zero_to_positive
OII,2017Q2,"Oceaneering International, Inc.",Energy,2017,0.0,0.725920567479,0.725920567479,0.0,0.000545453200324,0.0174535751957903,zero_to_positive
ROST,2012Q2,"Ross Stores, Inc.",Retail,2012,0.0,0.725534642201,0.725534642201,0.0,0.000545163217939,-0.0119931502215114,zero_to_positive
UMC,2016Q4,United Microelectronics Corporation,Semiconductors,2016,0.0,0.722637641105,0.722637641105,0.0,0.000542986425339,0.0337579325906844,zero_to_positive
MMM,2020Q4,3M Company,Industrials,2020,0.0,0.720952002923,0.720952002923,0.0,0.000541719844969,-0.0081745260065108,zero_to_positive
KLIC,2013Q1,"Kulicke and Soffa Industries, Inc.",Semiconductors,2013,0.0,0.719745740988,0.719745740988,0.0,0.000540813465591,-0.1086138005083389,zero_to_positive
MSI,2022Q4,"Motorola Solutions, Inc.",Technology,2022,0.0,0.71868325721,0.71868325721,0.0,0.000540015120423,0.0638439013933799,zero_to_positive
GLW,2019Q3,Corning Incorporated,Technology,2019,0.0,0.71696035324,0.71696035324,0.0,0.000538720538721,-0.0823977830824727,zero_to_positive
LRCX,2018Q4,Lam Research Corporation,Semiconductors,2018,0.0,0.710181764457,0.710181764457,0.0,0.000533627139923,-0.0043047550469903,zero_to_positive
WDC,2019Q1,Western Digital Corporation,Technology,2019,0.0,0.7070491718,0.7070491718,0.0,0.000531273324965,0.1055189210359388,zero_to_positive
ASML,2013Q4,ASML Holding N.V.,Semiconductors,2013,0.0,0.706507238279,0.706507238279,0.0,0.00053086611874,-0.0390383806771447,zero_to_positive
AIN,2015Q1,Albany International Corp.,Retail,2015,0.0,0.706212605838,0.706212605838,0.0,0.000530644733351,-0.0105360214062235,zero_to_positive
AFL,2022Q1,Aflac Incorporated,Financial Services,2022,0.0,0.703487501693,0.703487501693,0.0,0.000528597103288,0.0210542461025915,zero_to_positive
UMH,2022Q3,"UMH Properties, Inc.",Real Estate,2022,0.0,0.703007811856,0.703007811856,0.0,0.000528236666667,-0.0261409138362036,zero_to_positive
POWI,2014Q3,"Power Integrations, Inc.",Semiconductors,2014,0.0,0.701820036096,0.701820036096,0.0,0.000527344177711,0.0820455536085924,zero_to_positive
COHU,2018Q3,"Cohu, Inc.",Semiconductors,2018,0.0,0.701744084209,0.701744084209,0.0,0.00052728710783,0.0468481581208056,zero_to_positive
POWI,2012Q1,"Power Integrations, Inc.",Semiconductors,2012,0.0,0.70118949194,0.70118949194,0.0,0.000526870389884,0.0389110954439561,zero_to_positive
AKR,2010Q1,Acadia Realty Trust,Real Estate,2010,0.0,0.697676966323,0.697676966323,0.0,0.000524231095139,-0.0088452133299677,zero_to_positive
ALKS,2024Q4,Alkermes plc,Healthcare,2024,0.0,0.697423113168,0.697423113168,0.0,0.000524040351107,-0.0692126948236065,zero_to_positive
ENTG,2022Q2,"Entegris, Inc.",Semiconductors,2022,0.0,0.697149112468,0.697149112468,0.0,0.000523834468308,-0.0075473128756478,zero_to_positive
NVEC,2018Q2,NVE Corporation,Semiconductors,2018,0.0,0.696966564913,0.696966564913,0.0,0.000523697302959,0.0356789232877551,zero_to_positive
QDEL,2022Q4,QuidelOrtho Corporation,Healthcare,2022,0.0,0.695873284027,0.695873284027,0.0,0.000522875816993,-0.0072476134920508,zero_to_positive
ENTG,2024Q3,"Entegris, Inc.",Semiconductors,2024,0.0,0.694602116755,0.694602116755,0.0,0.000521920668058,-0.0996694368286662,zero_to_positive
UVV,2016Q2,Universal Corporation,Consumer Goods,2016,0.0,0.692828347286,0.692828347286,0.0,0.000520587866266,0.025524460546377,zero_to_positive
NVEC,2017Q3,NVE Corporation,Semiconductors,2017,0.0,0.691534245623,0.691534245623,0.0,0.000519615484541,-0.0383822461886181,zero_to_positive
KBH,2023Q2,KB Home,Retail,2023,0.0,0.690270715919,0.690270715919,0.0,0.000518666074438,0.0099729760450326,zero_to_positive
COO,2023Q1,"The Cooper Companies, Inc.",Healthcare,2023,0.0,0.689921024211,0.689921024211,0.0,0.000518403317781,0.0625284863743281,zero_to_positive
ON,2019Q4,ON Semiconductor Corporation,Semiconductors,2019,0.0,0.688048419647,0.688048419647,0.0,0.000516996251777,0.0896755330448983,zero_to_positive
IP,2017Q3,International Paper Company,Retail,2017,0.0,0.687950213683,0.687950213683,0.0,0.000516922460291,-0.0275446389714617,zero_to_positive
IMOS,2020Q2,ChipMOS TECHNOLOGIES INC.,Semiconductors,2020,0.0,0.687604058746,0.687604058746,0.0,0.000516662361147,-0.0121473156205954,zero_to_positive
VECO,2024Q3,Veeco Instruments Inc.,Semiconductors,2024,0.0,0.687604058746,0.687604058746,0.0,0.000516662361147,-0.0679188655126499,zero_to_positive
MBI,2020Q4,MBIA Inc.,Financial Services,2020,0.0,0.684362867176,0.684362867176,0.0,0.000514226945492,0.0449183441913583,zero_to_positive
AP,2017Q2,Ampco-Pittsburgh Corporation,Industrials,2017,0.0,0.684008340409,0.684008340409,0.0,0.000513960555795,-0.0032149661628071,zero_to_positive
MAS,2023Q2,Masco Corporation,Industrials,2023,0.0,0.682491105488,0.682491105488,0.0,0.000512820512821,0.0378865929269776,zero_to_positive
TRV,2022Q3,"The Travelers Companies, Inc.",Financial Services,2022,0.0,0.680791056988,0.680791056988,0.0,0.000511543104607,-0.0109594425503391,zero_to_positive
WKC,2024Q2,World Kinect Corporation,Energy,2024,0.0,0.680571544721,0.680571544721,0.0,0.000511378164152,-0.0765929665696794,zero_to_positive
GHI,2023Q4,Greystone Housing Impact Investors LP,Financial Services,2023,0.0,0.680440426722,0.680440426722,0.0,0.000511279642723,-0.0270068243343958,zero_to_positive
VSH,2014Q3,"Vishay Intertechnology, Inc.",Semiconductors,2014,0.0,0.679611573127,0.679611573127,0.0,0.000510656846143,0.004590161285315,zero_to_positive
SMTC,2017Q1,Semtech Corporation,Semiconductors,2017,0.0,0.676821998153,0.676821998153,0.0,0.000508560773012,0.0245682591655133,zero_to_positive
TER,2019Q4,"Teradyne, Inc.",Semiconductors,2019,0.0,0.669782413539,0.669782413539,0.0,0.000503271263211,-0.0061958385465983,zero_to_positive
PHM,2018Q3,"PulteGroup, Inc.",Retail,2018,0.0,0.668689592403,0.668689592403,0.0,0.000502450122699,-0.0227176948874262,zero_to_positive
TRV,2023Q2,"The Travelers Companies, Inc.",Financial Services,2023,0.0,0.667986324711,0.667986324711,0.0,0.00050192169076,0.0437340636154297,zero_to_positive
COST,2024Q2,Costco Wholesale Corporation,Consumer Goods,2024,0.0,0.666951516551,0.666951516551,0.0,0.000501144140918,0.0130851869217978,zero_to_positive
MZTI,2019Q3,The Marzetti Company,Consumer Goods,2019,0.0,0.666762352556,0.666762352556,0.0,0.000501002004008,-0.0685451645804199,zero_to_positive
ATRO,2022Q3,Astronics Corporation,Industrials,2022,0.0,0.66626165492,0.66626165492,0.0,0.000500625782228,-0.0384915056638554,zero_to_positive
BBY,2022Q4,"Best Buy Co., Inc.",Retail,2022,0.0,0.665317941527,0.665317941527,0.0,0.000499916680553,0.1311992464540048,zero_to_positive
UMH,2018Q1,"UMH Properties, Inc.",Real Estate,2018,0.0,0.663898149919,0.663898149919,0.0,0.000498849856012,-0.0016668731990079,zero_to_positive
BBWI,2014Q4,"Bath & Body Works, Inc.",Retail,2014,0.0,0.663107950026,0.663107950026,0.0,0.000498256103637,0.0319757166609778,zero_to_positive
ROL,2017Q3,"Rollins, Inc.",Retail,2017,0.0,0.661788988415,0.661788988415,0.0,0.000497265042268,0.042843764093119,zero_to_positive
EGY,2017Q1,"VAALCO Energy, Inc.",Energy,2017,0.0,0.661294271656,0.661294271656,0.0,0.00049689331449,-0.1363015797579179,zero_to_positive
SYK,2020Q1,Stryker Corporation,Healthcare,2020,0.0,0.660065793281,0.660065793281,0.0,0.000495970241785,-0.0365126913322551,zero_to_positive
NVO,2019Q4,Novo Nordisk A/S,Healthcare,2019,0.0,0.659428032753,0.659428032753,0.0,0.000495491031612,0.0434835976312912,zero_to_positive
HD,2015Q4,"The Home Depot, Inc.",Retail,2015,0.0,0.657051422218,0.657051422218,0.0,0.000493705257961,0.0304169294907294,zero_to_positive
RGEN,2022Q1,Repligen Corporation,Healthcare,2022,0.0,0.656403282714,0.656403282714,0.0,0.000493218249075,0.017117471193464,zero_to_positive
STM,2020Q2,STMicroelectronics N.V.,Semiconductors,2020,0.0,0.656057202136,0.656057202136,0.0,0.000492958205805,0.0631879398051567,zero_to_positive
DX,2022Q3,"Dynex Capital, Inc.",Real Estate,2022,0.0,0.655512735607,0.655512735607,0.0,0.00049254909629,-0.0017906177534667,zero_to_positive
CHE,2022Q2,Chemed Corporation,Healthcare,2022,0.0,0.653083944927,0.653083944927,0.0,0.000490724114731,0.0014012454130966,zero_to_positive
CRUS,2021Q3,"Cirrus Logic, Inc.",Semiconductors,2021,0.0,0.65177323968,0.65177323968,0.0,0.000489739257153,-0.0279850620825869,zero_to_positive
STAA,2021Q3,STAAR Surgical Company,Healthcare,2021,0.0,0.651625869498,0.651625869498,0.0,0.000489628523912,0.1784910969098883,zero_to_positive
WDC,2010Q2,Western Digital Corporation,Technology,2010,0.0,0.651502952247,0.651502952247,0.0,0.000489536164484,0.08105549476828,zero_to_positive
NVEC,2017Q1,NVE Corporation,Semiconductors,2017,0.0,0.65142322844,0.65142322844,0.0,0.000489476260401,0.0196096078137802,zero_to_positive
BOH,2014Q3,Bank of Hawaii Corporation,Financial Services,2014,0.0,0.649832839698,0.649832839698,0.0,0.00048828125,0.0221313147230701,zero_to_positive
RRX,2019Q4,Regal Rexnord Corporation,Industrials,2019,0.0,0.647488534762,0.647488534762,0.0,0.000486519750619,0.0582276738375532,zero_to_positive
CDNS,2022Q2,"Cadence Design Systems, Inc.",Technology,2022,0.0,0.647146927159,0.647146927159,0.0,0.00048626306832,0.0483560623083432,zero_to_positive
LOW,2021Q4,"Lowe's Companies, Inc.",Retail,2021,0.0,0.646832396453,0.646832396453,0.0,0.00048602673147,0.0096276263344751,zero_to_positive
TSM,2023Q3,Taiwan Semiconductor Manufacturing Company Limited,Semiconductors,2023,0.0,0.646047405681,0.646047405681,0.0,0.000485436893204,-0.0011891492542342,zero_to_positive
GHI,2021Q4,Greystone Housing Impact Investors LP,Financial Services,2021,0.0,0.645624761042,0.645624761042,0.0,0.000485119320069,0.0221441236113176,zero_to_positive
NHI,2014Q3,"National Health Investors, Inc.",Real Estate,2014,0.0,0.645420783561,0.645420783561,0.0,0.000484966052376,0.0249549241158942,zero_to_positive
L,2021Q2,Loews Corporation,Financial Services,2021,0.0,0.645314576793,0.645314576793,0.0,0.000484886249125,0.0125053665719794,zero_to_positive
MAA,2016Q2,"Mid-America Apartment Communities, Inc.",Real Estate,2016,0.0,0.645130323907,0.645130323907,0.0,0.000484747802398,0.0297126392246481,zero_to_positive
ONTO,2022Q4,Onto Innovation Inc.,Semiconductors,2022,0.0,0.644067263608,0.644067263608,0.0,0.000483949024036,-0.0339000483004097,zero_to_positive
RRX,2022Q3,Regal Rexnord Corporation,Industrials,2022,0.0,0.642719408742,0.642719408742,0.0,0.000482936252415,-0.0012476391426828,zero_to_positive
HD,2012Q1,"The Home Depot, Inc.",Retail,2012,0.0,0.641995974772,0.641995974772,0.0,0.000482392667631,-0.004382750433811,zero_to_positive
GD,2023Q1,General Dynamics Corporation,Industrials,2023,0.0,0.64089231789,0.64089231789,0.0,0.000481563385193,-0.0353354038397678,zero_to_positive
TXN,2010Q3,Texas Instruments Incorporated,Semiconductors,2010,0.0,0.640759583872,0.640759583872,0.0,0.000481463649494,-0.0177253763771241,zero_to_positive
MEI,2013Q2,"Methode Electronics, Inc.",Technology,2013,0.0,0.639989254966,0.639989254966,0.0,0.000480884828084,0.1197922953807004,zero_to_positive
KO,2017Q3,The Coca-Cola Company,Consumer Goods,2017,0.0,0.638683937949,0.638683937949,0.0,0.000479904019196,0.0150533244597563,zero_to_positive
NVEC,2016Q2,NVE Corporation,Semiconductors,2016,0.0,0.638454140418,0.638454140418,0.0,0.000479731350444,0.0280388670462394,zero_to_positive
ADI,2021Q3,"Analog Devices, Inc.",Semiconductors,2021,0.0,0.638039850746,0.638039850746,0.0,0.00047942005519,0.0151827407500714,zero_to_positive
NOC,2021Q4,Northrop Grumman Corporation,Industrials,2021,0.0,0.637848363205,0.637848363205,0.0,0.000479276172378,-0.0784870818205876,zero_to_positive
WMB,2022Q2,"The Williams Companies, Inc.",Energy,2022,0.0,0.636241260046,0.636241260046,0.0,0.000478068602845,0.0177155202449539,zero_to_positive
RYN,2018Q4,Rayonier Inc.,Real Estate,2018,0.0,0.634830145376,0.634830145376,0.0,0.000477008298112,0.005299012584749,zero_to_positive
UVV,2013Q3,Universal Corporation,Consumer Goods,2013,0.0,0.634648381355,0.634648381355,0.0,0.000476871721507,-0.0346142573643268,zero_to_positive
CAG,2024Q2,"Conagra Brands, Inc.",Consumer Goods,2024,0.0,0.634572728908,0.634572728908,0.0,0.000476814876624,0.0740775148406968,zero_to_positive
UMC,2018Q4,United Microelectronics Corporation,Semiconductors,2018,0.0,0.633741740811,0.633741740811,0.0,0.00047619047619,-0.0218998575204303,zero_to_positive
CLFD,2021Q4,"Clearfield, Inc.",Technology,2021,0.0,0.633580479735,0.633580479735,0.0,0.000476069305399,0.0318687490138869,zero_to_positive
BELFA,2014Q4,Bel Fuse Inc.,Technology,2014,0.0,0.632386626611,0.632386626611,0.0,0.000475172249941,0.0373802620608337,zero_to_positive
BELFA,2013Q2,Bel Fuse Inc.,Technology,2013,0.0,0.632386626611,0.632386626611,0.0,0.000475172249941,0.0159674578284598,zero_to_positive
GLW,2012Q1,Corning Incorporated,Technology,2012,0.0,0.63231151239,0.63231151239,0.0,0.000475115809479,-0.1431512954383141,zero_to_positive
EQT,2022Q3,EQT Corporation,Energy,2022,0.0,0.630140935465,0.630140935465,0.0,0.000473484848485,-0.0940114469366091,zero_to_positive
PLAB,2012Q4,"Photronics, Inc.",Semiconductors,2012,0.0,0.62894974277,0.62894974277,0.0,0.00047258979206,0.0838550672460469,zero_to_positive
CRUS,2019Q4,"Cirrus Logic, Inc.",Semiconductors,2019,0.0,0.628801160266,0.628801160266,0.0,0.000472478147886,0.162821452001948,zero_to_positive
AIT,2018Q2,"Applied Industrial Technologies, Inc.",Industrials,2018,0.0,0.628652647946,0.628652647946,0.0,0.000472366556448,-0.0942473849747562,zero_to_positive
PLXS,2020Q3,Plexus Corp.,Technology,2020,0.0,0.628578418091,0.628578418091,0.0,0.000472310780494,0.0222064332764549,zero_to_positive
ONTO,2014Q1,Onto Innovation Inc.,Semiconductors,2014,0.0,0.628207531604,0.628207531604,0.0,0.000472032098183,0.0840068703960635,zero_to_positive
AMAT,2011Q2,"Applied Materials, Inc.",Semiconductors,2011,0.0,0.62716042096,0.62716042096,0.0,0.000471245304314,0.0035581732383167,zero_to_positive
BTI,2024Q4,British American Tobacco p.l.c.,Consumer Goods,2024,0.0,0.626728352108,0.626728352108,0.0,0.00047092064987,-0.0106780160718704,zero_to_positive
XRX,2023Q2,Xerox Holdings Corporation,Industrials,2023,0.0,0.62599137145,0.62599137145,0.0,0.000470366886171,0.1705484054210513,zero_to_positive
HAE,2024Q2,Haemonetics Corporation,Healthcare,2024,0.0,0.62579513591,0.62579513591,0.0,0.000470219435737,0.02457342569245,zero_to_positive
CGNX,2024Q3,Cognex Corporation,Technology,2024,0.0,0.625550014431,0.625550014431,0.0,0.000470035252644,-0.1819415197327431,zero_to_positive
CDNS,2012Q4,"Cadence Design Systems, Inc.",Technology,2012,0.0,0.625109279334,0.625109279334,0.0,0.000469704086426,0.0290574568832367,zero_to_positive
STM,2024Q4,STMicroelectronics N.V.,Semiconductors,2024,0.0,0.62425881234,0.62425881234,0.0,0.000469065049643,-0.0023320921201225,zero_to_positive
CL,2010Q4,Colgate-Palmolive Company,Consumer Goods,2010,0.0,0.623498550341,0.623498550341,0.0,0.000468493792457,0.0199287449908648,zero_to_positive
AMKR,2011Q3,"Amkor Technology, Inc.",Semiconductors,2011,0.0,0.623498550341,0.623498550341,0.0,0.000468493792457,-0.0260095093075103,zero_to_positive
MZTI,2020Q4,The Marzetti Company,Consumer Goods,2020,0.0,0.623206581926,0.623206581926,0.0,0.000468274408804,-0.0759164947871856,zero_to_positive
HAS,2017Q4,"Hasbro, Inc.",Retail,2017,0.0,0.622914886825,0.622914886825,0.0,0.000468055230517,-0.0415383053887074,zero_to_positive
UMC,2013Q3,United Microelectronics Corporation,Semiconductors,2013,0.0,0.621896100795,0.621896100795,0.0,0.000467289719626,-0.0422761645051663,zero_to_positive
GHI,2023Q2,Greystone Housing Impact Investors LP,Financial Services,2023,0.0,0.62025748874,0.62025748874,0.0,0.00046605847446,-0.0047838080160087,zero_to_positive
IP,2012Q3,International Paper Company,Retail,2012,0.0,0.618859639945,0.618859639945,0.0,0.000465008137642,0.0181655505905572,zero_to_positive
JJSF,2018Q2,J&J Snack Foods Corp.,Consumer Goods,2018,0.0,0.616656965659,0.616656965659,0.0,0.000463353058846,-0.0492248540413457,zero_to_positive
MBI,2019Q4,MBIA Inc.,Financial Services,2019,0.0,0.616137803566,0.616137803566,0.0,0.000462962962963,0.1034467509884061,zero_to_positive
SYK,2016Q3,Stryker Corporation,Healthcare,2016,0.0,0.615354366294,0.615354366294,0.0,0.000462374291989,-0.0467032829026942,zero_to_positive
ON,2013Q4,ON Semiconductor Corporation,Semiconductors,2013,0.0,0.615093663088,0.615093663088,0.0,0.000462178400863,0.0882469527196211,zero_to_positive
MAA,2023Q2,"Mid-America Apartment Communities, Inc.",Real Estate,2023,0.0,0.61506997375,0.61506997375,0.0,0.000462160600809,0.0126664622458663,zero_to_positive
BELFA,2012Q3,Bel Fuse Inc.,Technology,2012,0.0,0.614934836164,0.614934836164,0.0,0.000462059059081,0.0133116274064767,zero_to_positive
AOS,2023Q3,A. O. Smith Corporation,Industrials,2023,0.0,0.613298458849,0.613298458849,0.0,0.000460829493088,-0.0420794837809196,zero_to_positive
RTX,2018Q2,RTX Corporation,Industrials,2018,0.0,0.61209990663,0.61209990663,0.0,0.000459928906752,-0.0008761981878069,zero_to_positive
ASML,2013Q1,ASML Holding N.V.,Semiconductors,2013,0.0,0.611466443206,0.611466443206,0.0,0.000459452925402,0.0624204961630974,zero_to_positive
COHR,2024Q1,Coherent Corp.,Technology,2024,0.0,0.610141227792,0.610141227792,0.0,0.000458457164955,0.1808680901928573,zero_to_positive
LOW,2019Q2,"Lowe's Companies, Inc.",Retail,2019,0.0,0.609506597528,0.609506597528,0.0,0.000457980306847,-0.1304381442914481,zero_to_positive
CNA,2019Q2,CNA Financial Corporation,Financial Services,2019,0.0,0.609227583292,0.609227583292,0.0,0.000457770656901,0.0111904311514059,zero_to_positive
CLFD,2021Q1,"Clearfield, Inc.",Technology,2021,0.0,0.608253041911,0.608253041911,0.0,0.000457038391225,-0.0443527813518691,zero_to_positive
ROST,2011Q1,"Ross Stores, Inc.",Retail,2011,0.0,0.605933340197,0.605933340197,0.0,0.000455295378586,-0.0036389032956201,zero_to_positive
PEP,2022Q3,"PepsiCo, Inc.",Consumer Goods,2022,0.0,0.605072814595,0.605072814595,0.0,0.000454648783815,0.0105086023582918,zero_to_positive
KLIC,2020Q3,"Kulicke and Soffa Industries, Inc.",Semiconductors,2020,0.0,0.604935298046,0.604935298046,0.0,0.000454545454545,-0.0018753311973074,zero_to_positive
NVEC,2015Q2,NVE Corporation,Semiconductors,2015,0.0,0.60408262494,0.60408262494,0.0,0.000453904760101,0.0553454424581858,zero_to_positive
TXN,2015Q1,Texas Instruments Incorporated,Semiconductors,2015,0.0,0.603837411843,0.603837411843,0.0,0.000453720508167,0.0046096574208562,zero_to_positive
SUI,2017Q1,"Sun Communities, Inc.",Real Estate,2017,0.0,0.603539294385,0.603539294385,0.0,0.000453496504152,0.027423147125736,zero_to_positive
WST,2018Q2,"West Pharmaceutical Services, Inc.",Healthcare,2018,0.0,0.601562899971,0.601562899971,0.0,0.000452011450957,0.0048774599384098,zero_to_positive
ADSK,2010Q1,"Autodesk, Inc.",Technology,2010,0.0,0.598479675583,0.598479675583,0.0,0.000449694731077,0.0730928255861667,zero_to_positive
AIN,2013Q2,Albany International Corp.,Retail,2013,0.0,0.598138272226,0.598138272226,0.0,0.000449438202247,0.0112169165179265,zero_to_positive
STT,2022Q3,State Street Corporation,Financial Services,2022,0.0,0.59706489713,0.59706489713,0.0,0.000448631673396,0.0544071719588615,zero_to_positive
TRV,2024Q3,"The Travelers Companies, Inc.",Financial Services,2024,0.0,0.596707961008,0.596707961008,0.0,0.000448363473322,-0.0658301814126738,zero_to_positive
MEI,2018Q1,"Methode Electronics, Inc.",Technology,2018,0.0,0.593073821614,0.593073821614,0.0,0.000445632798574,-0.0001214106533478,zero_to_positive
CPT,2013Q4,Camden Property Trust,Real Estate,2013,0.0,0.592492766407,0.592492766407,0.0,0.000445196196504,-0.050780786515079,zero_to_positive
SYY,2019Q1,Sysco Corporation,Consumer Goods,2019,0.0,0.59207885058,0.59207885058,0.0,0.000444885182155,0.0193547855662313,zero_to_positive
AIR,2021Q4,AAR Corp.,Industrials,2021,0.0,0.591978514035,0.591978514035,0.0,0.000444809789761,0.0276501455240355,zero_to_positive
NVMI,2018Q2,Nova Ltd.,Semiconductors,2018,0.0,0.591098225939,0.591098225939,0.0,0.000444148345547,-0.0067525940991997,zero_to_positive
ELS,2021Q3,"Equity LifeStyle Properties, Inc.",Real Estate,2021,0.0,0.588581021784,0.588581021784,0.0,0.00044225693053,0.0166149921950506,zero_to_positive
PBI,2021Q1,Pitney Bowes Inc.,Industrials,2021,0.0,0.588194623608,0.588194623608,0.0,0.000441966592811,-0.2051262777896447,zero_to_positive
CVS,2019Q3,CVS Health Corporation,Healthcare,2019,0.0,0.587356319597,0.587356319597,0.0,0.000441336695236,0.0796367972644783,zero_to_positive
HD,2023Q2,"The Home Depot, Inc.",Retail,2023,0.0,0.586539292949,0.586539292949,0.0,0.000440722785368,0.008880823934925,zero_to_positive
AIN,2016Q2,Albany International Corp.,Retail,2016,0.0,0.586410070809,0.586410070809,0.0,0.000440625688478,-0.0190343342849742,zero_to_positive
ADSK,2010Q4,"Autodesk, Inc.",Technology,2010,0.0,0.585693892112,0.585693892112,0.0,0.000440087555272,-0.0709555861823508,zero_to_positive
ENTG,2010Q4,"Entegris, Inc.",Semiconductors,2010,0.0,0.583624172943,0.583624172943,0.0,0.000438532378307,0.2089689598731728,zero_to_positive
ADI,2016Q3,"Analog Devices, Inc.",Semiconductors,2016,0.0,0.581986511732,0.581986511732,0.0,0.0004373018476,-0.0161737514860549,zero_to_positive
ARW,2012Q3,"Arrow Electronics, Inc.",Technology,2012,0.0,0.581922892743,0.581922892743,0.0,0.0004372540446,-0.0181693798225993,zero_to_positive
DCO,2018Q3,Ducommun Incorporated,Industrials,2018,0.0,0.580653427444,0.580653427444,0.0,0.00043630017452,0.1676503074968455,zero_to_positive
WFC,2018Q3,Wells Fargo & Company,Financial Services,2018,0.0,0.580315939174,0.580315939174,0.0,0.000436046587467,0.0033718453966463,zero_to_positive
LMT,2022Q4,Lockheed Martin Corporation,Industrials,2022,0.0,0.580147190803,0.580147190803,0.0,0.000435919790759,0.0926513045472474,zero_to_positive
UMH,2019Q2,"UMH Properties, Inc.",Real Estate,2019,0.0,0.579485460979,0.579485460979,0.0,0.000435422570172,-0.0075336963757919,zero_to_positive
XOM,2011Q1,ExxonMobil Holdings Corporation,Energy,2011,0.0,0.577301310918,0.577301310918,0.0,0.00043378141039,0.0414835731946615,zero_to_positive
IMOS,2018Q4,ChipMOS TECHNOLOGIES INC.,Semiconductors,2018,0.0,0.576878047552,0.576878047552,0.0,0.000433463372345,0.0129359310063889,zero_to_positive
SYY,2023Q4,Sysco Corporation,Consumer Goods,2023,0.0,0.576191213639,0.576191213639,0.0,0.000432947288668,-0.0068069009536352,zero_to_positive
BXMT,2020Q3,"Blackstone Mortgage Trust, Inc.",Real Estate,2020,0.0,0.575270668079,0.575270668079,0.0,0.00043225559519,0.023204710370334,zero_to_positive
BDX,2024Q4,"Becton, Dickinson and Company",Healthcare,2024,0.0,0.574884516502,0.574884516502,0.0,0.000431965442765,-0.0278433868229775,zero_to_positive
NVO,2022Q4,Novo Nordisk A/S,Healthcare,2022,0.0,0.574162126896,0.574162126896,0.0,0.000431422642712,0.0856455651670611,zero_to_positive
NFG,2016Q3,National Fuel Gas Company,Energy,2016,0.0,0.573012649608,0.573012649608,0.0,0.000430558931042,-0.0112380831071392,zero_to_positive
NVEC,2016Q3,NVE Corporation,Semiconductors,2016,0.0,0.572904716187,0.572904716187,0.0,0.000430477830392,0.0713439997993013,zero_to_positive
VSH,2012Q4,"Vishay Intertechnology, Inc.",Semiconductors,2012,0.0,0.572288822061,0.572288822061,0.0,0.000430015050527,0.0006338775234669,zero_to_positive
DX,2023Q4,"Dynex Capital, Inc.",Real Estate,2023,0.0,0.570571342209,0.570571342209,0.0,0.00042872454448,-0.04064799006082,zero_to_positive
NVMI,2010Q2,Nova Ltd.,Semiconductors,2010,0.0,0.56987909893,0.56987909893,0.0,0.000428204396232,-0.0927382823995935,zero_to_positive
TOL,2020Q2,"Toll Brothers, Inc.",Retail,2020,0.0,0.568985744208,0.568985744208,0.0,0.000427533133818,0.0484246239532405,zero_to_positive
KLAC,2017Q1,KLA Corporation,Semiconductors,2017,0.0,0.567610600953,0.567610600953,0.0,0.000426499857833,0.0192181425509028,zero_to_positive
PAR,2019Q1,PAR Technology Corporation,Technology,2019,0.0,0.565600363664,0.565600363664,0.0,0.000424989375266,-0.0072089756703675,zero_to_positive
RMBS,2011Q1,Rambus Inc.,Semiconductors,2011,0.0,0.565240032152,0.565240032152,0.0,0.000424718623912,0.0137643765256397,zero_to_positive
DGII,2020Q4,Digi International Inc.,Technology,2020,0.0,0.564880159466,0.564880159466,0.0,0.000424448217317,-0.0642054989427486,zero_to_positive
PFE,2020Q2,Pfizer Inc.,Healthcare,2020,0.0,0.564746673324,0.564746673324,0.0,0.000424347916476,-0.0133698332225698,zero_to_positive
ABEO,2020Q2,Abeona Therapeutics Inc.,Technology,2020,0.0,0.564401041434,0.564401041434,0.0,0.000424088210348,-0.109883466423862,zero_to_positive
MCHP,2013Q2,Microchip Technology Incorporated,Semiconductors,2013,0.0,0.563486298709,0.563486298709,0.0,0.000423400877092,0.0172857936187985,zero_to_positive
NVEC,2017Q2,NVE Corporation,Semiconductors,2017,0.0,0.56118813228,0.56118813228,0.0,0.000421674045962,-0.0801066943435635,zero_to_positive
XRAY,2011Q4,DENTSPLY SIRONA Inc.,Healthcare,2011,0.0,0.560274452502,0.560274452502,0.0,0.0004209875114,0.0439719654821629,zero_to_positive
MCD,2010Q1,McDonald's Corporation,Retail,2010,0.0,0.559889632184,0.559889632184,0.0,0.000420698359276,0.0087577728220462,zero_to_positive
ON,2024Q2,ON Semiconductor Corporation,Semiconductors,2024,0.0,0.559889632184,0.559889632184,0.0,0.000420698359276,0.0614658837252097,zero_to_positive
NNN,2021Q3,"NNN REIT, Inc.",Real Estate,2021,0.0,0.559644685321,0.559644685321,0.0,0.000420514307389,-0.0147657200904955,zero_to_positive
AIT,2022Q2,"Applied Industrial Technologies, Inc.",Industrials,2022,0.0,0.559530843766,0.559530843766,0.0,0.000420428767396,0.0922156702791048,zero_to_positive
MSI,2011Q1,"Motorola Solutions, Inc.",Technology,2011,0.0,0.558831684108,0.558831684108,0.0,0.000419903422213,-0.0195139384073093,zero_to_positive
MSFT,2018Q3,Microsoft Corporation,Technology,2018,0.0,0.558714381067,0.558714381067,0.0,0.000419815281276,0.0162279918200252,zero_to_positive
BCS,2020Q2,Barclays PLC,Financial Services,2020,0.0,0.55731057609,0.55731057609,0.0,0.000418760469012,0.0742552633754653,zero_to_positive
HRL,2013Q1,Hormel Foods Corporation,Consumer Goods,2013,0.0,0.556960726387,0.556960726387,0.0,0.000418497593639,0.024655015599559,zero_to_positive
BELFA,2014Q2,Bel Fuse Inc.,Technology,2014,0.0,0.556894969233,0.556894969233,0.0,0.000418448184031,-0.0732871229026777,zero_to_positive
HD,2017Q4,"The Home Depot, Inc.",Retail,2017,0.0,0.556642911906,0.556642911906,0.0,0.000418258789376,0.008141344230001,zero_to_positive
CAMT,2022Q2,Camtek Ltd.,Semiconductors,2022,0.0,0.555449772831,0.555449772831,0.0,0.000417362270451,-0.0402110304357801,zero_to_positive
ROK,2019Q3,"Rockwell Automation, Inc.",Industrials,2019,0.0,0.555140846372,0.555140846372,0.0,0.000417130144605,-0.0143405625024607,zero_to_positive
CRUS,2019Q2,"Cirrus Logic, Inc.",Semiconductors,2019,0.0,0.554986511969,0.554986511969,0.0,0.000417014178482,0.0528934683453258,zero_to_positive
ACH,2021Q1,"Accendra Health, Inc.",Healthcare,2021,0.0,0.554692747507,0.554692747507,0.0,0.000416793445287,0.2397376480423163,zero_to_positive
DWSN,2014Q2,Dawson Geophysical Company,Energy,2014,0.0,0.554601051133,0.554601051133,0.0,0.000416724545076,-0.0473274804533577,zero_to_positive
RMBS,2016Q1,Rambus Inc.,Semiconductors,2016,0.0,0.55417766217,0.55417766217,0.0,0.000416406412659,0.0524555596759158,zero_to_positive
XOM,2020Q2,ExxonMobil Holdings Corporation,Energy,2020,0.0,0.554004643856,0.554004643856,0.0,0.000416276407535,0.0176126498529658,zero_to_positive
GHI,2024Q4,Greystone Housing Impact Investors LP,Financial Services,2024,0.0,0.553638645855,0.553638645855,0.0,0.000416001398409,-0.0307485499191868,zero_to_positive
PEP,2021Q4,"PepsiCo, Inc.",Consumer Goods,2021,0.0,0.553486236516,0.553486236516,0.0,0.000415886878769,0.0153306243853021,zero_to_positive
BBY,2014Q3,"Best Buy Co., Inc.",Retail,2014,0.0,0.552567015031,0.552567015031,0.0,0.000415196180195,-0.00268052542682,zero_to_positive
GHI,2020Q2,Greystone Housing Impact Investors LP,Financial Services,2020,0.0,0.551765197223,0.551765197223,0.0,0.000414593698176,-0.024372440238488,zero_to_positive
ASX,2019Q1,"ASE Technology Holding Co., Ltd.",Semiconductors,2019,0.0,0.54941144449,0.54941144449,0.0,0.000412825099766,0.0127197380378218,zero_to_positive
UVV,2016Q1,Universal Corporation,Consumer Goods,2016,0.0,0.548807280702,0.548807280702,0.0,0.000412371134021,-0.0308130984777869,zero_to_positive
ACH,2017Q1,"Accendra Health, Inc.",Healthcare,2017,0.0,0.548242082679,0.548242082679,0.0,0.000411946446962,-0.0303728414518976,zero_to_positive
CTS,2020Q3,CTS Corporation,Technology,2020,0.0,0.547903522315,0.547903522315,0.0,0.000411692054343,-0.0010040941909139,zero_to_positive
MCHP,2012Q3,Microchip Technology Incorporated,Semiconductors,2012,0.0,0.547678047614,0.547678047614,0.0,0.000411522633745,0.0254146521087217,zero_to_positive
LMT,2020Q4,Lockheed Martin Corporation,Industrials,2020,0.0,0.544689354312,0.544689354312,0.0,0.000409276944065,-0.0528170696007962,zero_to_positive
LXP,2023Q1,LXP Industrial Trust,Real Estate,2023,0.0,0.544468870454,0.544468870454,0.0,0.000409111273562,-0.0039279051793855,zero_to_positive
BIIB,2012Q1,Biogen Inc.,Healthcare,2012,0.0,0.544372286403,0.544372286403,0.0,0.000409038700773,0.0295734787863629,zero_to_positive
HRL,2023Q2,Hormel Foods Corporation,Consumer Goods,2023,0.0,0.5438865214,0.5438865214,0.0,0.000408673699302,0.0518255879539409,zero_to_positive
HAE,2022Q1,Haemonetics Corporation,Healthcare,2022,0.0,0.543318087651,0.543318087651,0.0,0.000408246580935,0.1685771594595505,zero_to_positive
HRB,2024Q1,"H&R Block, Inc.",Retail,2024,0.0,0.539688030403,0.539688030403,0.0,0.000405518973491,-0.0088541230816864,zero_to_positive
GD,2019Q3,General Dynamics Corporation,Industrials,2019,0.0,0.538945210241,0.538945210241,0.0,0.000404960822017,0.0070516527395644,zero_to_positive
FLO,2021Q2,"Flowers Foods, Inc.",Consumer Goods,2021,0.0,0.536760494899,0.536760494899,0.0,0.000403319237485,-0.0243529353265554,zero_to_positive
CSCO,2010Q3,"Cisco Systems, Inc.",Technology,2010,0.0,0.536453457539,0.536453457539,0.0,0.000403088531099,-0.0849829174486634,zero_to_positive
L,2020Q3,Loews Corporation,Financial Services,2020,0.0,0.536419853165,0.536419853165,0.0,0.000403063280935,-0.0392175118423337,zero_to_positive
ACLS,2017Q4,"Axcelis Technologies, Inc.",Semiconductors,2017,0.0,0.535125716004,0.535125716004,0.0,0.000402090872537,0.0863835972328234,zero_to_positive
BBWI,2014Q2,"Bath & Body Works, Inc.",Retail,2014,0.0,0.534695723464,0.534695723464,0.0,0.000401767778224,0.0091149599739588,zero_to_positive
ENB,2018Q3,Enbridge Inc.,Energy,2018,0.0,0.534480986226,0.534480986226,0.0,0.000401606425703,0.024258173997911,zero_to_positive
AMKR,2023Q4,"Amkor Technology, Inc.",Semiconductors,2023,0.0,0.533837808144,0.533837808144,0.0,0.000401123144805,-0.0178056792195149,zero_to_positive
ASYS,2016Q1,"Amtech Systems, Inc.",Semiconductors,2016,0.0,0.533837808144,0.533837808144,0.0,0.000401123144805,-0.0325579784042317,zero_to_positive
ASYS,2019Q4,"Amtech Systems, Inc.",Semiconductors,2019,0.0,0.533837808144,0.533837808144,0.0,0.000401123144805,0.0303670886496253,zero_to_positive
WWW,2017Q4,"Wolverine World Wide, Inc.",Retail,2017,0.0,0.533409882045,0.533409882045,0.0,0.000400801603206,0.013522847399189,zero_to_positive
ADSK,2017Q4,"Autodesk, Inc.",Technology,2017,0.0,0.533222366699,0.533222366699,0.0,0.000400660705083,-0.1667929303307933,zero_to_positive
WMB,2022Q3,"The Williams Companies, Inc.",Energy,2022,0.0,0.532627130084,0.532627130084,0.0,0.000400213447172,-0.0209357150295196,zero_to_positive
AAPL,2018Q4,Apple Inc.,Technology,2018,0.0,0.530856663623,0.530856663623,0.0,0.000398883127244,-0.0546994317453827,zero_to_positive
RRC,2018Q1,Range Resources Corporation,Energy,2018,0.0,0.529589198449,0.529589198449,0.0,0.000397930760048,0.0437924395844056,zero_to_positive
KLIC,2024Q1,"Kulicke and Soffa Industries, Inc.",Semiconductors,2024,0.0,0.529273277273,0.529273277273,0.0,0.000397693378405,-0.1242879223186805,zero_to_positive
AMAT,2014Q4,"Applied Materials, Inc.",Semiconductors,2014,0.0,0.529168053957,0.529168053957,0.0,0.000397614314115,0.0146320715516044,zero_to_positive
SONY,2024Q3,Sony Group Corporation,Technology,2024,0.0,0.528933838038,0.528933838038,0.0,0.000397438325408,0.0041813609233558,zero_to_positive
UHS,2023Q1,"Universal Health Services, Inc.",Healthcare,2023,0.0,0.5255114139,0.5255114139,0.0,0.000394866732478,-0.0912848570747161,zero_to_positive
POWI,2021Q4,"Power Integrations, Inc.",Semiconductors,2021,0.0,0.523444505684,0.523444505684,0.0,0.00039331366765,0.0101023623980837,zero_to_positive
ENTG,2013Q1,"Entegris, Inc.",Semiconductors,2013,0.0,0.521393792636,0.521393792636,0.0,0.000391772771792,-0.0256688659414941,zero_to_positive
ASYS,2013Q2,"Amtech Systems, Inc.",Semiconductors,2013,0.0,0.520476204811,0.520476204811,0.0,0.000391083300743,0.0196216326058531,zero_to_positive
MSI,2019Q1,"Motorola Solutions, Inc.",Technology,2019,0.0,0.520069423877,0.520069423877,0.0,0.000390777647519,0.1281791622347468,zero_to_positive
WWW,2024Q4,"Wolverine World Wide, Inc.",Retail,2024,0.0,0.519714011794,0.519714011794,0.0,0.0003905105926,0.3698874183168925,zero_to_positive
RGEN,2017Q1,Repligen Corporation,Healthcare,2017,0.0,0.519257766563,0.519257766563,0.0,0.000390167772142,0.0807304497122863,zero_to_positive
MGPI,2023Q3,"MGP Ingredients, Inc.",Consumer Goods,2023,0.0,0.518751766011,0.518751766011,0.0,0.000389787565777,0.0719696622216882,zero_to_positive
AMD,2014Q2,"Advanced Micro Devices, Inc.",Semiconductors,2014,0.0,0.518549641809,0.518549641809,0.0,0.000389635690629,0.0907920202514328,zero_to_positive
CAH,2016Q3,"Cardinal Health, Inc.",Healthcare,2016,0.0,0.517591698863,0.517591698863,0.0,0.000388915896937,0.0341706226303976,zero_to_positive
QDEL,2020Q4,QuidelOrtho Corporation,Healthcare,2020,0.0,0.517467661979,0.517467661979,0.0,0.000388822696223,0.0497645574215724,zero_to_positive
RYN,2012Q2,Rayonier Inc.,Real Estate,2012,0.0,0.516537029188,0.516537029188,0.0,0.000388123423249,0.0082464330322914,zero_to_positive
CRK,2010Q2,"Comstock Resources, Inc.",Energy,2010,0.0,0.515919508916,0.515919508916,0.0,0.000387659421506,0.006534048624762,zero_to_positive
PNR,2019Q2,Pentair plc,Industrials,2019,0.0,0.515100667517,0.515100667517,0.0,0.000387044148043,-0.0525988050287333,zero_to_positive
BOH,2024Q1,Bank of Hawaii Corporation,Financial Services,2024,0.0,0.515091949232,0.515091949232,0.0,0.000387037597165,-0.0810881091849909,zero_to_positive
L,2016Q1,Loews Corporation,Financial Services,2016,0.0,0.514856532436,0.514856532436,0.0,0.000386860706124,0.0135764305618484,zero_to_positive
KO,2024Q4,The Coca-Cola Company,Consumer Goods,2024,0.0,0.514639464695,0.514639464695,0.0,0.000386697602475,-0.034423252619634,zero_to_positive
SLAB,2013Q3,Silicon Laboratories Inc.,Semiconductors,2013,0.0,0.514493066443,0.514493066443,0.0,0.000386587599537,-0.1190824040875205,zero_to_positive
IP,2023Q1,International Paper Company,Retail,2023,0.0,0.513448865742,0.513448865742,0.0,0.000385802992185,0.0563724775683791,zero_to_positive
ROST,2020Q4,"Ross Stores, Inc.",Retail,2020,0.0,0.511573190737,0.511573190737,0.0,0.000384393619066,-0.0232203612958672,zero_to_positive
SLAB,2019Q3,Silicon Laboratories Inc.,Semiconductors,2019,0.0,0.510559202955,0.510559202955,0.0,0.000383631713555,0.056864543253007,zero_to_positive
UMH,2023Q3,"UMH Properties, Inc.",Real Estate,2023,0.0,0.509196317083,0.509196317083,0.0,0.000382607647708,-0.0224252117026044,zero_to_positive
POWI,2022Q3,"Power Integrations, Inc.",Semiconductors,2022,0.0,0.508640418766,0.508640418766,0.0,0.000382189948404,-0.0331892053578412,zero_to_positive
VLO,2023Q1,Valero Energy Corporation,Energy,2023,0.0,0.508057894904,0.508057894904,0.0,0.000381752242794,0.0146071436088281,zero_to_positive
OXM,2023Q4,"Oxford Industries, Inc.",Retail,2023,0.0,0.508057894904,0.508057894904,0.0,0.000381752242794,0.0665221703927943,zero_to_positive
OSUR,2016Q2,"OraSure Technologies, Inc.",Healthcare,2016,0.0,0.507089981216,0.507089981216,0.0,0.000381024957135,-0.054395907181296,zero_to_positive
ASML,2015Q1,ASML Holding N.V.,Semiconductors,2015,0.0,0.506636186678,0.506636186678,0.0,0.000380683978115,0.0193752533149873,zero_to_positive
CACI,2014Q3,CACI International Inc,Technology,2014,0.0,0.50335009671,0.50335009671,0.0,0.000378214826021,0.0164032580169337,zero_to_positive
CRUS,2012Q4,"Cirrus Logic, Inc.",Semiconductors,2012,0.0,0.500698892288,0.500698892288,0.0,0.000376222723853,-0.1180002744318096,zero_to_positive
ADSK,2020Q2,"Autodesk, Inc.",Technology,2020,0.0,0.499946527311,0.499946527311,0.0,0.000375657400451,0.0111372774589059,zero_to_positive
VLO,2024Q1,Valero Energy Corporation,Energy,2024,0.0,0.497516880636,0.497516880636,0.0,0.000373831775701,0.0537623682951613,zero_to_positive
OXY,2010Q2,Occidental Petroleum Corporation,Energy,2010,0.0,0.497450771494,0.497450771494,0.0,0.000373782101611,0.0489039765128907,zero_to_positive
WY,2010Q1,Weyerhaeuser Company,Real Estate,2010,0.0,0.497021407582,0.497021407582,0.0,0.000373459479646,-0.018080273621493,zero_to_positive
ABM,2017Q2,ABM Industries Incorporated,Industrials,2017,0.0,0.494650680432,0.494650680432,0.0,0.000371678126742,0.0133104158612493,zero_to_positive
TSN,2012Q1,"Tyson Foods, Inc.",Consumer Goods,2012,0.0,0.49362190611,0.49362190611,0.0,0.000370905110697,0.0190475959884282,zero_to_positive
HP,2021Q2,"Helmerich & Payne, Inc.",Energy,2021,0.0,0.493102619929,0.493102619929,0.0,0.000370514921574,-0.0325379054761945,zero_to_positive
SLAB,2020Q2,Silicon Laboratories Inc.,Semiconductors,2020,0.0,0.492718731567,0.492718731567,0.0,0.000370226469717,-0.0048951819759437,zero_to_positive
CSCO,2016Q2,"Cisco Systems, Inc.",Technology,2016,0.0,0.492423898262,0.492423898262,0.0,0.000370004933399,0.03613674728151,zero_to_positive
GTY,2022Q4,Getty Realty Corp.,Real Estate,2022,0.0,0.492342103373,0.492342103373,0.0,0.000369943473116,0.0284842474105757,zero_to_positive
LUV,2014Q1,Southwest Airlines Co.,Industrials,2014,0.0,0.492302462035,0.492302462035,0.0,0.000369913686806,-0.0117014447258305,zero_to_positive
AXTI,2022Q4,"AXT, Inc.",Semiconductors,2022,0.0,0.491544840518,0.491544840518,0.0,0.000369344413666,0.0008447228270838,zero_to_positive
ROK,2012Q4,"Rockwell Automation, Inc.",Industrials,2012,0.0,0.491527950529,0.491527950529,0.0,0.00036933172261,0.0312761490080704,zero_to_positive
UMC,2022Q3,United Microelectronics Corporation,Semiconductors,2022,0.0,0.491272667295,0.491272667295,0.0,0.000369139904024,-0.0088328066513342,zero_to_positive
HAE,2019Q3,Haemonetics Corporation,Healthcare,2019,0.0,0.490638767079,0.490638767079,0.0,0.00036866359447,0.0882278237015085,zero_to_positive
CB,2011Q1,Chubb Limited,Financial Services,2011,0.0,0.490126806667,0.490126806667,0.0,0.000368278909894,0.0174398638999086,zero_to_positive
ABEO,2019Q4,Abeona Therapeutics Inc.,Technology,2019,0.0,0.488836604482,0.488836604482,0.0,0.000367309458219,-0.0443911269471834,zero_to_positive
SWKS,2022Q3,"Skyworks Solutions, Inc.",Semiconductors,2022,0.0,0.48866509976,0.48866509976,0.0,0.000367180590401,-0.0038790736104932,zero_to_positive
ROL,2020Q1,"Rollins, Inc.",Retail,2020,0.0,0.488388130533,0.488388130533,0.0,0.000366972477064,0.0402997376203042,zero_to_positive
HP,2019Q1,"Helmerich & Payne, Inc.",Energy,2019,0.0,0.488388130533,0.488388130533,0.0,0.000366972477064,0.0764866789942849,zero_to_positive
KIM,2010Q1,Kimco Realty Corporation,Real Estate,2010,0.0,0.487661913097,0.487661913097,0.0,0.000366426800799,0.0474021081317563,zero_to_positive
FLO,2020Q1,"Flowers Foods, Inc.",Consumer Goods,2020,0.0,0.48701792719,0.48701792719,0.0,0.000365942912906,0.0046236675890625,zero_to_positive
TRV,2011Q1,"The Travelers Companies, Inc.",Financial Services,2011,0.0,0.486424581762,0.486424581762,0.0,0.000365497076023,0.0108491903451316,zero_to_positive
GILD,2020Q2,"Gilead Sciences, Inc.",Healthcare,2020,0.0,0.48641404368,0.48641404368,0.0,0.000365489157759,-0.023073471386753,zero_to_positive
XRX,2012Q1,Xerox Holdings Corporation,Industrials,2012,0.0,0.48546614183,0.48546614183,0.0,0.000364776908898,-0.0946417956257902,zero_to_positive
UMH,2021Q3,"UMH Properties, Inc.",Real Estate,2021,0.0,0.485448716287,0.485448716287,0.0,0.00036476381543,0.0384319785470074,zero_to_positive
NKE,2023Q2,"NIKE, Inc.",Retail,2023,0.0,0.483889585154,0.483889585154,0.0,0.000363592291843,-0.0420080357856874,zero_to_positive
RRC,2020Q3,Range Resources Corporation,Energy,2020,0.0,0.483537963801,0.483537963801,0.0,0.000363328085261,0.1636810474201093,zero_to_positive
AMD,2016Q1,"Advanced Micro Devices, Inc.",Semiconductors,2016,0.0,0.482982273889,0.482982273889,0.0,0.000362910542551,-0.1120283827519126,zero_to_positive
CAT,2016Q2,Caterpillar Inc.,Industrials,2016,0.0,0.482935645399,0.482935645399,0.0,0.00036287550613,-0.0230961183482824,zero_to_positive
RHP,2019Q2,"Ryman Hospitality Properties, Inc.",Real Estate,2019,0.0,0.481845639284,0.481845639284,0.0,0.000362056480811,0.0418306545545315,zero_to_positive
PRSO,2023Q3,Peraso Inc.,Semiconductors,2023,0.0,0.481310016223,0.481310016223,0.0,0.000361654016236,-0.1082386683525576,zero_to_positive
SUI,2018Q3,"Sun Communities, Inc.",Real Estate,2018,0.0,0.481061867234,0.481061867234,0.0,0.000361467558287,-0.0035530974033151,zero_to_positive
KTCC,2014Q4,Key Tronic Corporation,Technology,2014,0.0,0.480367318427,0.480367318427,0.0,0.000360945677676,0.0060450632976241,zero_to_positive
MAA,2014Q2,"Mid-America Apartment Communities, Inc.",Real Estate,2014,0.0,0.478611000612,0.478611000612,0.0,0.000359625988971,0.0017498997572437,zero_to_positive
NBR,2019Q2,Nabors Industries Ltd.,Energy,2019,0.0,0.478553633838,0.478553633838,0.0,0.000359582883855,0.0548670998630104,zero_to_positive
CTS,2017Q1,CTS Corporation,Technology,2017,0.0,0.478381615996,0.478381615996,0.0,0.000359453630482,0.0870660431711117,zero_to_positive
CTS,2023Q4,CTS Corporation,Technology,2023,0.0,0.478349932219,0.478349932219,0.0,0.000359429823445,-0.0439099988973465,zero_to_positive
HRB,2022Q4,"H&R Block, Inc.",Retail,2022,0.0,0.477955483469,0.477955483469,0.0,0.000359133436563,-0.0535948443337123,zero_to_positive
UMC,2010Q4,United Microelectronics Corporation,Semiconductors,2010,0.0,0.477352100324,0.477352100324,0.0,0.000358680057389,0.0900918747482343,zero_to_positive
MGPI,2017Q4,"MGP Ingredients, Inc.",Consumer Goods,2017,0.0,0.475731065488,0.475731065488,0.0,0.00035746201966,0.1518453059142351,zero_to_positive
NVO,2019Q3,Novo Nordisk A/S,Healthcare,2019,0.0,0.474701786248,0.474701786248,0.0,0.000356688624222,-0.0046697751617604,zero_to_positive
GHI,2022Q4,Greystone Housing Impact Investors LP,Financial Services,2022,0.0,0.474630402585,0.474630402585,0.0,0.000356634986884,-0.0067271561072649,zero_to_positive
SON,2022Q4,Sonoco Products Company,Retail,2022,0.0,0.474628265229,0.474628265229,0.0,0.000356633380884,-0.1009325302215881,zero_to_positive
MCHP,2016Q1,Microchip Technology Incorporated,Semiconductors,2016,0.0,0.472661306563,0.472661306563,0.0,0.000355155417664,-0.0314886720416364,zero_to_positive
ROL,2018Q4,"Rollins, Inc.",Retail,2018,0.0,0.471935338901,0.471935338901,0.0,0.000354609929078,0.0161614835803381,zero_to_positive
RMBS,2019Q1,Rambus Inc.,Semiconductors,2019,0.0,0.471768045268,0.471768045268,0.0,0.000354484225452,-0.030565398352761,zero_to_positive
POWI,2023Q4,"Power Integrations, Inc.",Semiconductors,2023,0.0,0.470850046242,0.470850046242,0.0,0.000353794445427,-0.0777675684325085,zero_to_positive
ROST,2022Q1,"Ross Stores, Inc.",Retail,2022,0.0,0.470683521026,0.470683521026,0.0,0.000353669319187,0.0389249985001317,zero_to_positive
DIOD,2020Q3,Diodes Incorporated,Semiconductors,2020,0.0,0.469861367179,0.469861367179,0.0,0.000353051556765,-0.0178602598797765,zero_to_positive
HRB,2023Q1,"H&R Block, Inc.",Retail,2023,0.0,0.469743189939,0.469743189939,0.0,0.000352962758959,-0.0017892022338191,zero_to_positive
MEI,2018Q2,"Methode Electronics, Inc.",Technology,2018,0.0,0.46946943025,0.46946943025,0.0,0.000352757057254,-0.1029769526720497,zero_to_positive
HP,2023Q3,"Helmerich & Payne, Inc.",Energy,2023,0.0,0.469107386571,0.469107386571,0.0,0.000352485019387,0.0412487953533412,zero_to_positive
MYE,2018Q3,"Myers Industries, Inc.",Retail,2018,0.0,0.468707753076,0.468707753076,0.0,0.000352184736713,0.1897807188971706,zero_to_positive
LMT,2013Q2,Lockheed Martin Corporation,Industrials,2013,0.0,0.467623912755,0.467623912755,0.0,0.000351370344343,0.0115829179969643,zero_to_positive
SLB,2013Q3,SLB N.V.,Energy,2013,0.0,0.467569149444,0.467569149444,0.0,0.000351329195456,0.0657704781687795,zero_to_positive
AAPL,2014Q2,Apple Inc.,Technology,2014,0.0,0.467446219864,0.467446219864,0.0,0.000351236826765,0.071230076180855,zero_to_positive
FUN,2018Q4,Six Flags Entertainment Corporation,Retail,2018,0.0,0.466694677628,0.466694677628,0.0,0.000350672121566,-0.0129693870514035,zero_to_positive
WSO,2012Q2,"Watsco, Inc.",Industrials,2012,0.0,0.466231443581,0.466231443581,0.0,0.000350324049746,-0.0129523038571,zero_to_positive
UMC,2015Q4,United Microelectronics Corporation,Semiconductors,2015,0.0,0.465741961751,0.465741961751,0.0,0.000349956255468,-0.043557142299467,zero_to_positive
ELME,2022Q1,Elme Communities,Real Estate,2022,0.0,0.46540222804,0.46540222804,0.0,0.000349700981202,-0.025907125831344,zero_to_positive
CSPI,2023Q2,CSP Inc.,Technology,2023,0.0,0.46468493565,0.46468493565,0.0,0.000349162011173,-0.1471108358819402,zero_to_positive
KR,2022Q4,The Kroger Co.,Consumer Goods,2022,0.0,0.464360661445,0.464360661445,0.0,0.000348918353105,-0.0315329049950762,zero_to_positive
TXN,2019Q4,Texas Instruments Incorporated,Semiconductors,2019,0.0,0.4636900537,0.4636900537,0.0,0.000348414461692,-0.1037680167755154,zero_to_positive
CCEP,2022Q1,Coca-Cola Europacific Partners PLC,Consumer Goods,2022,0.0,0.461509083394,0.461509083394,0.0,0.000346775691162,0.0013059800093023,zero_to_positive
SLAB,2021Q3,Silicon Laboratories Inc.,Semiconductors,2021,0.0,0.460823287985,0.460823287985,0.0,0.000346260387812,0.0283998910676322,zero_to_positive
POWI,2021Q2,"Power Integrations, Inc.",Semiconductors,2021,0.0,0.460743519371,0.460743519371,0.0,0.000346200450061,0.0088016120744529,zero_to_positive
ASYS,2014Q2,"Amtech Systems, Inc.",Semiconductors,2014,0.0,0.460504379136,0.460504379136,0.0,0.000346020761246,-0.0711943407373712,zero_to_positive
CAT,2013Q2,Caterpillar Inc.,Industrials,2013,0.0,0.459973844137,0.459973844137,0.0,0.000345622119816,0.0288986214967489,zero_to_positive
ASYS,2014Q3,"Amtech Systems, Inc.",Semiconductors,2014,0.0,0.459867883795,0.459867883795,0.0,0.000345542501728,0.0507166521026118,zero_to_positive
ASYS,2019Q1,"Amtech Systems, Inc.",Semiconductors,2019,0.0,0.459550295477,0.459550295477,0.0,0.000345303867403,0.0090242176868643,zero_to_positive
EGP,2013Q2,"EastGroup Properties, Inc.",Real Estate,2013,0.0,0.459074734633,0.459074734633,0.0,0.000344946533287,0.0006092663015186,zero_to_positive
NOC,2015Q3,Northrop Grumman Corporation,Industrials,2015,0.0,0.457706404575,0.457706404575,0.0,0.000343918376705,0.0651325285639939,zero_to_positive
NC,2017Q3,"NACCO Industries, Inc.",Energy,2017,0.0,0.457653939375,0.457653939375,0.0,0.000343878954608,0.0061082794911825,zero_to_positive
KO,2015Q1,The Coca-Cola Company,Consumer Goods,2015,0.0,0.457025293854,0.457025293854,0.0,0.000343406593407,0.0208377006456154,zero_to_positive
GE,2018Q2,GE Aerospace,Industrials,2018,0.0,0.456398373012,0.456398373012,0.0,0.000342935528121,0.0513835504873676,zero_to_positive
TOL,2023Q3,"Toll Brothers, Inc.",Retail,2023,0.0,0.456267670093,0.456267670093,0.0,0.00034283731858,0.0325457289512173,zero_to_positive
GIS,2021Q4,"General Mills, Inc.",Consumer Goods,2021,0.0,0.456163720892,0.456163720892,0.0,0.000342759211654,-0.040697524987279,zero_to_positive
ROL,2018Q3,"Rollins, Inc.",Retail,2018,0.0,0.456007420148,0.456007420148,0.0,0.000342641768032,0.0050980603519477,zero_to_positive
MBI,2020Q1,MBIA Inc.,Financial Services,2020,0.0,0.455929309936,0.455929309936,0.0,0.000342583076396,-0.0472461668666111,zero_to_positive
CCK,2024Q4,"Crown Holdings, Inc.",Retail,2024,0.0,0.455094583066,0.455094583066,0.0,0.000341955866667,0.0409451730631894,zero_to_positive
UHS,2015Q3,"Universal Health Services, Inc.",Healthcare,2015,0.0,0.454412547752,0.454412547752,0.0,0.000341443388633,0.0130505150770168,zero_to_positive
CTS,2023Q2,CTS Corporation,Technology,2023,0.0,0.452502949576,0.452502949576,0.0,0.000340008525808,-0.0878713441709954,zero_to_positive
RYN,2012Q1,Rayonier Inc.,Real Estate,2012,0.0,0.452480142413,0.452480142413,0.0,0.000339991388616,-0.0239792493039056,zero_to_positive
ELME,2022Q4,Elme Communities,Real Estate,2022,0.0,0.451827416636,0.451827416636,0.0,0.000339500933628,0.0125797226333875,zero_to_positive
ACU,2014Q2,Acme United Corporation,Consumer Goods,2014,0.0,0.451750731739,0.451750731739,0.0,0.000339443312967,0.0084692081759661,zero_to_positive
MRK,2024Q4,"Merck & Co., Inc.",Healthcare,2024,0.0,0.451495303303,0.451495303303,0.0,0.000339251385276,-0.027910640407618,zero_to_positive
STAA,2022Q3,STAAR Surgical Company,Healthcare,2022,0.0,0.451444252273,0.451444252273,0.0,0.00033921302578,0.1749445590893938,zero_to_positive
CPB,2021Q3,The Campbell's Company,Consumer Goods,2021,0.0,0.451138188374,0.451138188374,0.0,0.000338983050847,0.0286545405561352,zero_to_positive
ORCL,2018Q3,Oracle Corporation,Technology,2018,0.0,0.451061737232,0.451061737232,0.0,0.00033892560583,-0.0048527159954401,zero_to_positive
RRX,2013Q4,Regal Rexnord Corporation,Industrials,2013,0.0,0.450374841185,0.450374841185,0.0,0.000338409475465,-0.0142581037381377,zero_to_positive
BOH,2022Q1,Bank of Hawaii Corporation,Financial Services,2022,0.0,0.450152284903,0.450152284903,0.0,0.000338242247752,-0.0169336651341773,zero_to_positive
TOL,2018Q1,"Toll Brothers, Inc.",Retail,2018,0.0,0.450065282135,0.450065282135,0.0,0.000338176874294,-0.0460797643460036,zero_to_positive
STM,2011Q4,STMicroelectronics N.V.,Semiconductors,2011,0.0,0.448931575545,0.448931575545,0.0,0.00033732501265,-0.05578123123307,zero_to_positive
MAA,2019Q2,"Mid-America Apartment Communities, Inc.",Real Estate,2019,0.0,0.448343224538,0.448343224538,0.0,0.000336882928551,0.0068005411842028,zero_to_positive
PXLW,2020Q2,"Pixelworks, Inc.",Semiconductors,2020,0.0,0.448106864322,0.448106864322,0.0,0.000336705328629,-0.181724477269652,zero_to_positive
IP,2024Q2,International Paper Company,Retail,2024,0.0,0.447949396063,0.447949396063,0.0,0.000336587007742,-0.0096864267372427,zero_to_positive
ASML,2017Q1,ASML Holding N.V.,Semiconductors,2017,0.0,0.447901487551,0.447901487551,0.0,0.000336551009518,0.0535939871058522,zero_to_positive
MSFT,2022Q3,Microsoft Corporation,Technology,2022,0.0,0.447648051027,0.447648051027,0.0,0.00033636057854,0.0251990010043849,zero_to_positive
LXP,2023Q4,LXP Industrial Trust,Real Estate,2023,0.0,0.447497530498,0.447497530498,0.0,0.000336247478144,0.0094730374714916,zero_to_positive
ADSK,2018Q1,"Autodesk, Inc.",Technology,2018,0.0,0.44729699385,0.44729699385,0.0,0.000336096795877,0.1388906632013871,zero_to_positive
BDN,2016Q3,Brandywine Realty Trust,Real Estate,2016,0.0,0.446896459269,0.446896459269,0.0,0.000335795836132,-0.0084406430776846,zero_to_positive
IDCC,2013Q4,"InterDigital, Inc.",Technology,2013,0.0,0.445475365925,0.445475365925,0.0,0.000334728033473,0.0471350889016218,zero_to_positive
HRB,2023Q3,"H&R Block, Inc.",Retail,2023,0.0,0.444434221043,0.444434221043,0.0,0.000333945722248,0.1236673475720618,zero_to_positive
RGEN,2015Q2,Repligen Corporation,Healthcare,2015,0.0,0.443471394769,0.443471394769,0.0,0.000333222259247,0.139733615994811,zero_to_positive
TDW,2022Q3,Tidewater Inc.,Energy,2022,0.0,0.442954786388,0.442954786388,0.0,0.00033283408221,-0.0372496465798784,zero_to_positive
OXM,2015Q2,"Oxford Industries, Inc.",Retail,2015,0.0,0.442733751065,0.442733751065,0.0,0.000332667997339,0.0493013460181556,zero_to_positive
ENTG,2020Q3,"Entegris, Inc.",Semiconductors,2020,0.0,0.441705162862,0.441705162862,0.0,0.000331895121142,0.1182511474808859,zero_to_positive
AXTI,2021Q4,"AXT, Inc.",Semiconductors,2021,0.0,0.43943508708,0.43943508708,0.0,0.000330189397188,-0.0972201722962295,zero_to_positive
POWI,2020Q3,"Power Integrations, Inc.",Semiconductors,2020,0.0,0.439299440733,0.439299440733,0.0,0.00033008747318,-0.0137739992673533,zero_to_positive
SMTC,2015Q1,Semtech Corporation,Semiconductors,2015,0.0,0.438554963267,0.438554963267,0.0,0.000329528076416,-0.117518475536391,zero_to_positive
CDNS,2013Q3,"Cadence Design Systems, Inc.",Technology,2013,0.0,0.437135048679,0.437135048679,0.0,0.000328461159468,-0.0467805666960257,zero_to_positive
MMSI,2013Q2,"Merit Medical Systems, Inc.",Healthcare,2013,0.0,0.43701542985,0.43701542985,0.0,0.000328371278459,-0.139208717467408,zero_to_positive
ROG,2013Q1,Rogers Corporation,Technology,2013,0.0,0.436991513939,0.436991513939,0.0,0.00032835330816,-0.0070028330207548,zero_to_positive
SYNA,2013Q1,Synaptics Incorporated,Semiconductors,2013,0.0,0.436799570752,0.436799570752,0.0,0.000328209082978,0.1021091127272996,zero_to_positive
GD,2018Q2,General Dynamics Corporation,Industrials,2018,0.0,0.43620694179,0.43620694179,0.0,0.000327763784445,-0.0550466034084583,zero_to_positive
WFC,2018Q1,Wells Fargo & Company,Financial Services,2018,0.0,0.435848621833,0.435848621833,0.0,0.000327494544563,0.0008404051486564,zero_to_positive
TRP,2010Q3,TC Energy Corporation,Energy,2010,0.0,0.435062979961,0.435062979961,0.0,0.000326904217064,0.0161924462421809,zero_to_positive
MU,2011Q4,"Micron Technology, Inc.",Semiconductors,2011,0.0,0.434303180034,0.434303180034,0.0,0.000326333307077,0.119963097005331,zero_to_positive
PGR,2020Q4,The Progressive Corporation,Financial Services,2020,0.0,0.433348361039,0.433348361039,0.0,0.000325615860706,-0.0225988899507151,zero_to_positive
L,2020Q2,Loews Corporation,Financial Services,2020,0.0,0.432155265972,0.432155265972,0.0,0.000324719374849,-0.0263963133329119,zero_to_positive
TGT,2013Q2,Target Corporation,Consumer Goods,2013,0.0,0.431489567395,0.431489567395,0.0,0.00032421917216,-0.0332438120381165,zero_to_positive
WRB,2016Q3,W. R. Berkley Corporation,Financial Services,2016,0.0,0.430350090769,0.430350090769,0.0,0.000323362974939,-0.0048029190905267,zero_to_positive
COO,2015Q2,"The Cooper Companies, Inc.",Healthcare,2015,0.0,0.430071952077,0.430071952077,0.0,0.000323153982873,-0.0484456483286617,zero_to_positive
PPC,2015Q4,Pilgrim's Pride Corporation,Consumer Goods,2015,0.0,0.429655417499,0.429655417499,0.0,0.000322841000807,-0.0493117413551768,zero_to_positive
WKC,2023Q2,World Kinect Corporation,Energy,2023,0.0,0.428272777378,0.428272777378,0.0,0.000321802091714,-0.0559165115705639,zero_to_positive
ACLS,2022Q4,"Axcelis Technologies, Inc.",Semiconductors,2022,0.0,0.427678850786,0.427678850786,0.0,0.000321355818147,0.0952709294984158,zero_to_positive
LEN,2017Q4,Lennar Corporation,Retail,2017,0.0,0.427665869096,0.427665869096,0.0,0.000321346063768,0.0635696490715851,zero_to_positive
KO,2011Q1,The Coca-Cola Company,Consumer Goods,2011,0.0,0.427026732246,0.427026732246,0.0,0.000320865819433,0.0093644838295034,zero_to_positive
AAPL,2017Q1,Apple Inc.,Technology,2017,0.0,0.425853905067,0.425853905067,0.0,0.000319984562768,0.0552662783195452,zero_to_positive
CAG,2023Q2,"Conagra Brands, Inc.",Consumer Goods,2023,0.0,0.425148862433,0.425148862433,0.0,0.000319454797146,0.018653818854015,zero_to_positive
MO,2020Q1,"Altria Group, Inc.",Consumer Goods,2020,0.0,0.425058337816,0.425058337816,0.0,0.000319386777387,-0.0469401189435026,zero_to_positive
QUIK,2012Q2,QuickLogic Corporation,Semiconductors,2012,0.0,0.424515998629,0.424515998629,0.0,0.000318979266348,0.0221357684723884,zero_to_positive
SKT,2014Q1,Tanger Inc.,Real Estate,2014,0.0,0.423798202954,0.423798202954,0.0,0.000318439918152,-0.0282128205301749,zero_to_positive
NVMI,2023Q4,Nova Ltd.,Semiconductors,2023,0.0,0.423031676956,0.423031676956,0.0,0.000317863954228,0.0898059800672378,zero_to_positive
SU,2014Q1,Suncor Energy Inc.,Energy,2014,0.0,0.422695777577,0.422695777577,0.0,0.000317611561061,-0.012265014733278,zero_to_positive
CDNS,2013Q2,"Cadence Design Systems, Inc.",Technology,2013,0.0,0.422025576566,0.422025576566,0.0,0.000317107975266,0.0787557753964136,zero_to_positive
UVV,2018Q1,Universal Corporation,Consumer Goods,2018,0.0,0.421845622249,0.421845622249,0.0,0.000316972758463,0.00962521400956,zero_to_positive
HRB,2022Q1,"H&R Block, Inc.",Retail,2022,0.0,0.421620126858,0.421620126858,0.0,0.000316803322318,0.0574758217401049,zero_to_positive
WMB,2012Q1,"The Williams Companies, Inc.",Energy,2012,0.0,0.421557698987,0.421557698987,0.0,0.000316756414317,-0.0170072737898681,zero_to_positive
WMT,2021Q2,Walmart Inc.,Consumer Goods,2021,0.0,0.421379732676,0.421379732676,0.0,0.000316622691293,0.0304475761301183,zero_to_positive
MYE,2018Q2,"Myers Industries, Inc.",Retail,2018,0.0,0.420292959325,0.420292959325,0.0,0.000315806095058,-0.008751197045081,zero_to_positive
RGEN,2012Q2,Repligen Corporation,Healthcare,2012,0.0,0.419961393406,0.419961393406,0.0,0.000315556958031,0.0480322126842254,zero_to_positive
PAR,2022Q2,PAR Technology Corporation,Technology,2022,0.0,0.419895142989,0.419895142989,0.0,0.000315507177788,0.1220782339039521,zero_to_positive
CPT,2013Q1,Camden Property Trust,Real Estate,2013,0.0,0.418837971897,0.418837971897,0.0,0.000314712824548,-0.0268904314343126,zero_to_positive
CAH,2021Q3,"Cardinal Health, Inc.",Healthcare,2021,0.0,0.418245649184,0.418245649184,0.0,0.000314267756128,-0.144331872396025,zero_to_positive
AOS,2012Q1,A. O. Smith Corporation,Industrials,2012,0.0,0.417786110721,0.417786110721,0.0,0.000313922461152,0.021249519498128,zero_to_positive
PBI,2018Q4,Pitney Bowes Inc.,Industrials,2018,0.0,0.41597967984,0.41597967984,0.0,0.000312565117733,0.1800094764911486,zero_to_positive
PEP,2019Q1,"PepsiCo, Inc.",Consumer Goods,2019,0.0,0.415828044275,0.415828044275,0.0,0.000312451179503,0.0254013775805974,zero_to_positive
IMOS,2019Q3,ChipMOS TECHNOLOGIES INC.,Semiconductors,2019,0.0,0.415633246628,0.415633246628,0.0,0.000312304809494,0.0122581591358074,zero_to_positive
TXN,2022Q3,Texas Instruments Incorporated,Semiconductors,2022,0.0,0.41556835463,0.41556835463,0.0,0.000312256049961,0.036125528190276,zero_to_positive
PHG,2013Q3,Koninklijke Philips N.V.,Healthcare,2013,0.0,0.415201015714,0.415201015714,0.0,0.000311980033278,0.0063781716612221,zero_to_positive
DGII,2018Q3,Digi International Inc.,Technology,2018,0.0,0.414820837446,0.414820837446,0.0,0.000311694369168,0.0231977411782008,zero_to_positive
CBRL,2023Q1,"Cracker Barrel Old Country Store, Inc.",Retail,2023,0.0,0.414339245237,0.414339245237,0.0,0.000311332503113,0.0336417262553343,zero_to_positive
PHM,2023Q1,"PulteGroup, Inc.",Retail,2023,0.0,0.414125757376,0.414125757376,0.0,0.000311172089368,0.0711343055129765,zero_to_positive
TSM,2014Q2,Taiwan Semiconductor Manufacturing Company Limited,Semiconductors,2014,0.0,0.413888246214,0.413888246214,0.0,0.000310993624631,0.0186035440976973,zero_to_positive
BKTI,2021Q3,BK Technologies Corporation,Technology,2021,0.0,0.413512047496,0.413512047496,0.0,0.000310710950735,-0.0070447871127254,zero_to_positive
PNR,2013Q1,Pentair plc,Industrials,2013,0.0,0.413202365843,0.413202365843,0.0,0.00031047825744,-0.05689181224728,zero_to_positive
PBI,2022Q3,Pitney Bowes Inc.,Industrials,2022,0.0,0.412861068932,0.412861068932,0.0,0.000310221808593,-0.2335749356724108,zero_to_positive
ASYS,2016Q4,"Amtech Systems, Inc.",Semiconductors,2016,0.0,0.4125411208,0.4125411208,0.0,0.000309981401116,-0.0833449899684041,zero_to_positive
WDC,2013Q2,Western Digital Corporation,Technology,2013,0.0,0.411329827137,0.411329827137,0.0,0.000309071240921,-0.0264571731420135,zero_to_positive
GE,2020Q3,GE Aerospace,Industrials,2020,0.0,0.411012246974,0.411012246974,0.0,0.000308832612724,-0.0883450560304492,zero_to_positive
SONY,2023Q2,Sony Group Corporation,Technology,2023,0.0,0.410568457721,0.410568457721,0.0,0.000308499151627,-0.034482969252988,zero_to_positive
PAR,2018Q4,PAR Technology Corporation,Technology,2018,0.0,0.410378555566,0.410378555566,0.0,0.000308356460068,0.0087183419583882,zero_to_positive
STT,2015Q3,State Street Corporation,Financial Services,2015,0.0,0.410272524017,0.410272524017,0.0,0.000308276788475,-0.0428195947911806,zero_to_positive
CRUS,2010Q2,"Cirrus Logic, Inc.",Semiconductors,2010,0.0,0.410252051696,0.410252051696,0.0,0.000308261405672,0.2166455264078183,zero_to_positive
EOG,2010Q4,"EOG Resources, Inc.",Energy,2010,0.0,0.410028692858,0.410028692858,0.0,0.000308093574922,-0.0861581207342651,zero_to_positive
PGR,2014Q4,The Progressive Corporation,Financial Services,2014,0.0,0.4096837481,0.4096837481,0.0,0.000307834385101,0.0064626347606774,zero_to_positive
MZTI,2015Q4,The Marzetti Company,Consumer Goods,2015,0.0,0.409494663293,0.409494663293,0.0,0.000307692307692,0.1061059738700223,zero_to_positive
UDR,2018Q2,"UDR, Inc.",Real Estate,2018,0.0,0.40830376913,0.40830376913,0.0,0.000306797475583,0.0068539548222572,zero_to_positive
DIOD,2011Q3,Diodes Incorporated,Semiconductors,2011,0.0,0.407675802022,0.407675802022,0.0,0.000306325624138,0.0283769616888198,zero_to_positive
HST,2020Q2,"Host Hotels & Resorts, Inc.",Real Estate,2020,0.0,0.407052349198,0.407052349198,0.0,0.000305857164704,-0.0080468257105661,zero_to_positive
ENB,2024Q4,Enbridge Inc.,Energy,2024,0.0,0.404516004773,0.404516004773,0.0,0.000303951367781,0.0142517846890633,zero_to_positive
LRCX,2019Q4,Lam Research Corporation,Semiconductors,2019,0.0,0.404024789223,0.404024789223,0.0,0.000303582270795,0.1196500444667732,zero_to_positive
BELFA,2012Q4,Bel Fuse Inc.,Technology,2012,0.0,0.403412444893,0.403412444893,0.0,0.00030312215823,-0.0036426324355861,zero_to_positive
UMC,2015Q2,United Microelectronics Corporation,Semiconductors,2015,0.0,0.403412444893,0.403412444893,0.0,0.00030312215823,0.0297382294199395,zero_to_positive
CUZ,2014Q3,Cousins Properties Incorporated,Real Estate,2014,0.0,0.403409385653,0.403409385653,0.0,0.000303119859532,-0.0160114495069008,zero_to_positive
BBWI,2019Q4,"Bath & Body Works, Inc.",Retail,2019,0.0,0.403106968257,0.403106968257,0.0,0.000302892624565,0.030069383276136,zero_to_positive
XRX,2024Q4,Xerox Holdings Corporation,Industrials,2024,0.0,0.402923904239,0.402923904239,0.0,0.000302755071147,-0.1958056879030903,zero_to_positive
NOC,2013Q4,Northrop Grumman Corporation,Industrials,2013,0.0,0.402741006416,0.402741006416,0.0,0.000302617642609,0.0588751911665519,zero_to_positive
SYY,2020Q4,Sysco Corporation,Consumer Goods,2020,0.0,0.402639468244,0.402639468244,0.0,0.000302541347317,0.0601364688957706,zero_to_positive
CNA,2017Q1,CNA Financial Corporation,Financial Services,2017,0.0,0.402436545419,0.402436545419,0.0,0.00030238887209,0.0119928266981691,zero_to_positive
STM,2011Q1,STMicroelectronics N.V.,Semiconductors,2011,0.0,0.402431223413,0.402431223413,0.0,0.00030238487316,-0.0410268235207487,zero_to_positive
PHG,2015Q1,Koninklijke Philips N.V.,Healthcare,2015,0.0,0.401821327972,0.401821327972,0.0,0.000301926600678,-0.048253799894972,zero_to_positive
PG,2016Q1,The Procter & Gamble Company,Consumer Goods,2016,0.0,0.401586498401,0.401586498401,0.0,0.000301750150875,0.0206099238140322,zero_to_positive
PNR,2019Q1,Pentair plc,Industrials,2019,0.0,0.40074003484,0.40074003484,0.0,0.000301114122252,0.0052630839025389,zero_to_positive
FSS,2012Q3,Federal Signal Corporation,Industrials,2012,0.0,0.400398134937,0.400398134937,0.0,0.000300857220321,0.0501322511673024,zero_to_positive
HOG,2022Q4,"Harley-Davidson, Inc.",Retail,2022,0.0,0.400378356108,0.400378356108,0.0,0.000300842358604,0.1183592219262087,zero_to_positive
RYN,2023Q2,Rayonier Inc.,Real Estate,2023,0.0,0.400030119616,0.400030119616,0.0,0.00030058069539,-0.00795919139101,zero_to_positive
GHI,2017Q1,Greystone Housing Impact Investors LP,Financial Services,2017,0.0,0.399606265199,0.399606265199,0.0,0.000300262213233,-0.0064405946835041,zero_to_positive
PTEN,2021Q2,"Patterson-UTI Energy, Inc.",Energy,2021,0.0,0.399177461218,0.399177461218,0.0,0.000299940011998,0.0124321089854341,zero_to_positive
HP,2024Q2,"Helmerich & Payne, Inc.",Energy,2024,0.0,0.398938146194,0.398938146194,0.0,0.000299760191847,-0.0434092550981612,zero_to_positive
ASYS,2013Q1,"Amtech Systems, Inc.",Semiconductors,2013,0.0,0.398938146194,0.398938146194,0.0,0.000299760191847,0.0019227740754066,zero_to_positive
SKY,2019Q4,"Champion Homes, Inc.",Retail,2019,0.0,0.398692653679,0.398692653679,0.0,0.000299575729959,-0.0289036816325259,zero_to_positive
UVV,2015Q4,Universal Corporation,Consumer Goods,2015,0.0,0.398460375959,0.398460375959,0.0,0.000299401197605,-0.018789676438845,zero_to_positive
AMKR,2024Q3,"Amkor Technology, Inc.",Semiconductors,2024,0.0,0.397918082999,0.397918082999,0.0,0.0002989937213,-0.1881956072658893,zero_to_positive
PNR,2023Q4,Pentair plc,Industrials,2023,0.0,0.397686435291,0.397686435291,0.0,0.000298819662334,-0.074425556874454,zero_to_positive
STAA,2012Q1,STAAR Surgical Company,Healthcare,2012,0.0,0.397033906832,0.397033906832,0.0,0.000298329355609,-0.0571213311115182,zero_to_positive
BAX,2024Q3,Baxter International Inc.,Healthcare,2024,0.0,0.397016710052,0.397016710052,0.0,0.000298316434031,0.0662601223593992,zero_to_positive
HON,2020Q3,Honeywell International Inc.,Industrials,2020,0.0,0.396992011992,0.396992011992,0.0,0.000298297876029,-0.010262609409621,zero_to_positive
QUIK,2020Q1,QuickLogic Corporation,Semiconductors,2020,0.0,0.396560684059,0.396560684059,0.0,0.000297973778308,-0.1266449960809231,zero_to_positive
CACI,2016Q1,CACI International Inc,Technology,2016,0.0,0.396442554573,0.396442554573,0.0,0.000297885016384,0.1485536631334505,zero_to_positive
SON,2011Q3,Sonoco Products Company,Retail,2011,0.0,0.396282781615,0.396282781615,0.0,0.000297764963756,-0.0332960586554889,zero_to_positive
GFF,2024Q4,Griffon Corporation,Industrials,2024,0.0,0.39620650661,0.39620650661,0.0,0.000297707651087,0.1689600933649643,zero_to_positive
DX,2013Q2,"Dynex Capital, Inc.",Real Estate,2013,0.0,0.395689687185,0.395689687185,0.0,0.000297319315473,0.0009320476635486,zero_to_positive
NSC,2022Q4,Norfolk Southern Corporation,Industrials,2022,0.0,0.395617614656,0.395617614656,0.0,0.000297265160523,0.0416558047221459,zero_to_positive
CSPI,2022Q1,CSP Inc.,Technology,2022,0.0,0.395382547743,0.395382547743,0.0,0.000297088532383,-0.0800427043306486,zero_to_positive
ROST,2020Q1,"Ross Stores, Inc.",Retail,2020,0.0,0.395265119009,0.395265119009,0.0,0.000297000297,-0.0339760393333635,zero_to_positive
ASX,2024Q2,"ASE Technology Holding Co., Ltd.",Semiconductors,2024,0.0,0.394503972323,0.394503972323,0.0,0.000296428375066,-0.0379873832718287,zero_to_positive
WDC,2014Q2,Western Digital Corporation,Technology,2014,0.0,0.392467607108,0.392467607108,0.0,0.0002948982601,-0.0659711646237593,zero_to_positive
SMTC,2023Q2,Semtech Corporation,Semiconductors,2023,0.0,0.392467607108,0.392467607108,0.0,0.0002948982601,0.0525164441029234,zero_to_positive
BDN,2018Q1,Brandywine Realty Trust,Real Estate,2018,0.0,0.392467607108,0.392467607108,0.0,0.0002948982601,-0.0074473889958142,zero_to_positive
BBY,2017Q3,"Best Buy Co., Inc.",Retail,2017,0.0,0.392434755891,0.392434755891,0.0,0.000294873575855,-0.1440746610888014,zero_to_positive
MBI,2012Q3,MBIA Inc.,Financial Services,2012,0.0,0.392078212622,0.392078212622,0.0,0.000294605670969,0.0966316913613165,zero_to_positive
AZZ,2024Q2,AZZ Inc.,Industrials,2024,0.0,0.391896362139,0.391896362139,0.0,0.000294469029396,0.071006255786244,zero_to_positive
ELME,2023Q4,Elme Communities,Real Estate,2023,0.0,0.391371167682,0.391371167682,0.0,0.000294074400823,-0.0319052173682561,zero_to_positive
TSN,2024Q1,"Tyson Foods, Inc.",Consumer Goods,2024,0.0,0.390624495363,0.390624495363,0.0,0.000293513354858,-0.0095618601627655,zero_to_positive
USB,2010Q1,U.S. Bancorp,Financial Services,2010,0.0,0.389481315687,0.389481315687,0.0,0.000292654375183,0.0643514351616664,zero_to_positive
LSCC,2022Q3,Lattice Semiconductor Corporation,Semiconductors,2022,0.0,0.389481315687,0.389481315687,0.0,0.000292654375183,0.0273752874498642,zero_to_positive
HRB,2024Q3,"H&R Block, Inc.",Retail,2024,0.0,0.389286768879,0.389286768879,0.0,0.000292508193653,0.113580106533261,zero_to_positive
SMP,2013Q4,"Standard Motor Products, Inc.",Retail,2013,0.0,0.388912231357,0.388912231357,0.0,0.000292226767972,0.0011980612912059,zero_to_positive
DIOD,2021Q2,Diodes Incorporated,Semiconductors,2021,0.0,0.388517362638,0.388517362638,0.0,0.000291930065529,0.0092747110321551,zero_to_positive
MSFT,2018Q4,Microsoft Corporation,Technology,2018,0.0,0.388458159866,0.388458159866,0.0,0.000291885580852,0.0159330462007141,zero_to_positive
NVMI,2016Q1,Nova Ltd.,Semiconductors,2016,0.0,0.386540126547,0.386540126547,0.0,0.000290444379901,0.0375059634920527,zero_to_positive
ASML,2014Q3,ASML Holding N.V.,Semiconductors,2014,0.0,0.386040967417,0.386040967417,0.0,0.000290069314147,-0.0401362431342693,zero_to_positive
ALK,2017Q1,"Alaska Air Group, Inc.",Industrials,2017,0.0,0.385979598521,0.385979598521,0.0,0.000290023201856,0.0378507425619845,zero_to_positive
SWKS,2021Q2,"Skyworks Solutions, Inc.",Semiconductors,2021,0.0,0.38581175698,0.38581175698,0.0,0.000289897086534,-0.0608915751797392,zero_to_positive
SMTC,2023Q4,Semtech Corporation,Semiconductors,2023,0.0,0.38581175698,0.38581175698,0.0,0.000289897086534,0.161713676968239,zero_to_positive
TRP,2012Q2,TC Energy Corporation,Energy,2012,0.0,0.385536325621,0.385536325621,0.0,0.000289690128745,0.0062874756691143,zero_to_positive
BXMT,2012Q1,"Blackstone Mortgage Trust, Inc.",Real Estate,2012,0.0,0.385057093724,0.385057093724,0.0,0.000289330036217,0.0095137380874433,zero_to_positive
CDNS,2018Q4,"Cadence Design Systems, Inc.",Technology,2018,0.0,0.384696532939,0.384696532939,0.0,0.000289059112589,0.1686920300851099,zero_to_positive
SUI,2017Q3,"Sun Communities, Inc.",Real Estate,2017,0.0,0.383295710435,0.383295710435,0.0,0.000288006541341,0.0147647414987669,zero_to_positive
LSCC,2020Q1,Lattice Semiconductor Corporation,Semiconductors,2020,0.0,0.382220128467,0.382220128467,0.0,0.000287198354256,0.0946871721709042,zero_to_positive
ASYS,2015Q1,"Amtech Systems, Inc.",Semiconductors,2015,0.0,0.381991290385,0.381991290385,0.0,0.000287026406429,0.0461184495624394,zero_to_positive
NVEC,2018Q1,NVE Corporation,Semiconductors,2018,0.0,0.381553226979,0.381553226979,0.0,0.000286697247706,-0.0258632443627729,zero_to_positive
BDX,2010Q1,"Becton, Dickinson and Company",Healthcare,2010,0.0,0.381334571834,0.381334571834,0.0,0.000286532951289,0.0109625974403784,zero_to_positive
USB,2014Q3,U.S. Bancorp,Financial Services,2014,0.0,0.381116167154,0.381116167154,0.0,0.00028636884307,-0.0341694351781232,zero_to_positive
BALL,2019Q4,Ball Corporation,Retail,2019,0.0,0.381105975143,0.381105975143,0.0,0.000286361184842,-0.0763937505218446,zero_to_positive
POWI,2016Q2,"Power Integrations, Inc.",Semiconductors,2016,0.0,0.380027885694,0.380027885694,0.0,0.000285551113649,0.0508585313740889,zero_to_positive
MYE,2019Q3,"Myers Industries, Inc.",Retail,2019,0.0,0.380027885694,0.380027885694,0.0,0.000285551113649,-0.1135442528519558,zero_to_positive
PBI,2011Q1,Pitney Bowes Inc.,Industrials,2011,0.0,0.379973634747,0.379973634747,0.0,0.00028551034975,0.0121539787799156,zero_to_positive
ROK,2011Q4,"Rockwell Automation, Inc.",Industrials,2011,0.0,0.379973634747,0.379973634747,0.0,0.00028551034975,0.0540231882859228,zero_to_positive
ASYS,2012Q1,"Amtech Systems, Inc.",Semiconductors,2012,0.0,0.379220277604,0.379220277604,0.0,0.000284944280839,-0.1237463418800388,zero_to_positive
HRB,2022Q3,"H&R Block, Inc.",Retail,2022,0.0,0.378882153199,0.378882153199,0.0,0.000284690215799,0.1161120084593177,zero_to_positive
TFX,2019Q2,Teleflex Incorporated,Healthcare,2019,0.0,0.378084561279,0.378084561279,0.0,0.000284090909091,0.0596450102674462,zero_to_positive
DIOD,2013Q2,Diodes Incorporated,Semiconductors,2013,0.0,0.376960106416,0.376960106416,0.0,0.00028324599915,0.09454633409818,zero_to_positive
SMP,2019Q2,"Standard Motor Products, Inc.",Retail,2019,0.0,0.376906727755,0.376906727755,0.0,0.000283205890683,-0.0646301785154734,zero_to_positive
CRUS,2021Q4,"Cirrus Logic, Inc.",Semiconductors,2021,0.0,0.376906727755,0.376906727755,0.0,0.000283205890683,-0.0009210548720202,zero_to_positive
MSFT,2020Q2,Microsoft Corporation,Technology,2020,0.0,0.376906727755,0.376906727755,0.0,0.000283205890683,0.0389322182002019,zero_to_positive
RHP,2016Q3,"Ryman Hospitality Properties, Inc.",Real Estate,2016,0.0,0.376906727755,0.376906727755,0.0,0.000283205890683,-0.0158192414132996,zero_to_positive
ROK,2016Q3,"Rockwell Automation, Inc.",Industrials,2016,0.0,0.375929282608,0.375929282608,0.0,0.000282471443131,-0.0381103245876314,zero_to_positive
HRB,2024Q4,"H&R Block, Inc.",Retail,2024,0.0,0.375683893956,0.375683893956,0.0,0.000282287059285,-0.0498366526001526,zero_to_positive
ACH,2017Q4,"Accendra Health, Inc.",Healthcare,2017,0.0,0.374378894307,0.374378894307,0.0,0.000281306488867,-0.2457444539185171,zero_to_positive
UHS,2018Q3,"Universal Health Services, Inc.",Healthcare,2018,0.0,0.373228586558,0.373228586558,0.0,0.000280442153192,0.0864057269008677,zero_to_positive
MDT,2018Q2,Medtronic plc,Healthcare,2018,0.0,0.371423965348,0.371423965348,0.0,0.000279086169551,0.0142216315070103,zero_to_positive
FLO,2012Q2,"Flowers Foods, Inc.",Consumer Goods,2012,0.0,0.37102248556,0.37102248556,0.0,0.000278784499582,0.0669011135520953,zero_to_positive
HPQ,2017Q3,HP Inc.,Technology,2017,0.0,0.37091907907,0.37091907907,0.0,0.000278706800446,0.0236818063181085,zero_to_positive
CPB,2018Q3,The Campbell's Company,Consumer Goods,2018,0.0,0.370454462269,0.370454462269,0.0,0.000278357689631,-0.0035744546910222,zero_to_positive
BDN,2022Q1,Brandywine Realty Trust,Real Estate,2022,0.0,0.37040291002,0.37040291002,0.0,0.000278318953521,0.0358433196745131,zero_to_positive
DHR,2024Q2,Danaher Corporation,Healthcare,2024,0.0,0.370351372117,0.370351372117,0.0,0.00027828022819,0.0549104857544108,zero_to_positive
ARKR,2024Q3,Ark Restaurants Corp.,Retail,2024,0.0,0.370299848554,0.370299848554,0.0,0.000278241513634,-0.044628726663119,zero_to_positive
ABM,2022Q1,ABM Industries Incorporated,Industrials,2022,0.0,0.369304978069,0.369304978069,0.0,0.000277493972767,0.0136886948413453,zero_to_positive
IEP,2020Q4,Icahn Enterprises L.P.,Energy,2020,0.0,0.369007793706,0.369007793706,0.0,0.000277270669876,-0.0315426901671904,zero_to_positive
MAA,2012Q3,"Mid-America Apartment Communities, Inc.",Real Estate,2012,0.0,0.368658630388,0.368658630388,0.0,0.000277008310249,-0.0219434640758017,zero_to_positive
PEP,2022Q2,"PepsiCo, Inc.",Consumer Goods,2022,0.0,0.368046918059,0.368046918059,0.0,0.000276548672566,0.0106083412344042,zero_to_positive
PEP,2015Q1,"PepsiCo, Inc.",Consumer Goods,2015,0.0,0.368042730094,0.368042730094,0.0,0.000276545525749,0.0160388531499286,zero_to_positive
GSK,2019Q1,GSK plc,Healthcare,2019,0.0,0.3676166138,0.3676166138,0.0,0.000276225344029,0.033283141073158,zero_to_positive
OXY,2024Q4,Occidental Petroleum Corporation,Energy,2024,0.0,0.367589464356,0.367589464356,0.0,0.000276204944068,0.0037405422603323,zero_to_positive
IDCC,2011Q1,"InterDigital, Inc.",Technology,2011,0.0,0.367538706352,0.367538706352,0.0,0.00027616680475,-0.1560111353931416,zero_to_positive
CCK,2013Q4,"Crown Holdings, Inc.",Retail,2013,0.0,0.367487962364,0.367487962364,0.0,0.000276128675963,-0.0355524479456589,zero_to_positive
RELL,2023Q4,"Richardson Electronics, Ltd.",Technology,2023,0.0,0.367234452456,0.367234452456,0.0,0.000275938189845,-0.0110863407364014,zero_to_positive
SLB,2022Q3,SLB N.V.,Energy,2022,0.0,0.367031896222,0.367031896222,0.0,0.000275785990072,0.0406190852714408,zero_to_positive
OXM,2018Q3,"Oxford Industries, Inc.",Retail,2018,0.0,0.366829563314,0.366829563314,0.0,0.000275633958104,-0.0095329060090773,zero_to_positive
KR,2017Q3,The Kroger Co.,Consumer Goods,2017,0.0,0.3661231515,0.3661231515,0.0,0.000275103163686,-0.0630991925553039,zero_to_positive
HMC,2013Q3,"Honda Motor Co., Ltd.",Retail,2013,0.0,0.365620235083,0.365620235083,0.0,0.000274725274725,-0.0161443737946698,zero_to_positive
ASML,2015Q4,ASML Holding N.V.,Semiconductors,2015,0.0,0.365030599404,0.365030599404,0.0,0.000274282225331,0.0045096845757196,zero_to_positive
BELFA,2015Q2,Bel Fuse Inc.,Technology,2015,0.0,0.365018556144,0.365018556144,0.0,0.000274273176083,0.1247200214366348,zero_to_positive
GSK,2016Q1,GSK plc,Healthcare,2016,0.0,0.364622020718,0.364622020718,0.0,0.000273975221284,-0.0084872340369432,zero_to_positive
SLB,2011Q1,SLB N.V.,Energy,2011,0.0,0.364568594905,0.364568594905,0.0,0.000273935077387,-0.0261959806303737,zero_to_positive
ELME,2018Q1,Elme Communities,Real Estate,2018,0.0,0.364034930674,0.364034930674,0.0,0.000273534084666,0.0241506209644375,zero_to_positive
BBY,2021Q1,"Best Buy Co., Inc.",Retail,2021,0.0,0.36393263495,0.36393263495,0.0,0.000273457220155,-0.0788091905203953,zero_to_positive
KTCC,2012Q2,Key Tronic Corporation,Technology,2012,0.0,0.36392060588,0.36392060588,0.0,0.00027344818157,0.1172194613681284,zero_to_positive
MU,2024Q2,"Micron Technology, Inc.",Semiconductors,2024,0.0,0.363564980787,0.363564980787,0.0,0.000273180966597,-0.0645178336896898,zero_to_positive
PGR,2016Q3,The Progressive Corporation,Financial Services,2016,0.0,0.363522987081,0.363522987081,0.0,0.000273149412729,-0.0097162842895546,zero_to_positive
SWKS,2015Q3,"Skyworks Solutions, Inc.",Semiconductors,2015,0.0,0.363522987081,0.363522987081,0.0,0.000273149412729,0.0069880246874573,zero_to_positive
DX,2022Q4,"Dynex Capital, Inc.",Real Estate,2022,0.0,0.363473345815,0.363473345815,0.0,0.000273112112522,-0.0363577825579506,zero_to_positive
BAX,2018Q1,Baxter International Inc.,Healthcare,2018,0.0,0.363225342713,0.363225342713,0.0,0.000272925764192,-0.0335549791039808,zero_to_positive
PPC,2014Q1,Pilgrim's Pride Corporation,Consumer Goods,2014,0.0,0.362981511607,0.362981511607,0.0,0.000272742550679,-0.0164905028162549,zero_to_positive
PRGO,2014Q1,Perrigo Company plc,Healthcare,2014,0.0,0.361695245469,0.361695245469,0.0,0.000271776056529,-0.070737695149598,zero_to_positive
GE,2022Q3,GE Aerospace,Industrials,2022,0.0,0.360445761855,0.360445761855,0.0,0.00027083720059,0.0348964207309419,zero_to_positive
LMT,2014Q2,Lockheed Martin Corporation,Industrials,2014,0.0,0.359254327359,0.359254327359,0.0,0.000269941962478,0.0001110655120632,zero_to_positive
ARKR,2023Q2,Ark Restaurants Corp.,Retail,2023,0.0,0.358818456647,0.358818456647,0.0,0.000269614451335,-0.0276292712676872,zero_to_positive
PLXS,2019Q3,Plexus Corp.,Technology,2019,0.0,0.357757434329,0.357757434329,0.0,0.000268817204301,-0.0830845233309267,zero_to_positive
LOW,2021Q1,"Lowe's Companies, Inc.",Retail,2021,0.0,0.357469152754,0.357469152754,0.0,0.000268600590921,-0.0497506485429304,zero_to_positive
VLO,2020Q3,Valero Energy Corporation,Energy,2020,0.0,0.357421150988,0.357421150988,0.0,0.000268564522627,-0.0257368587749688,zero_to_positive
LYTS,2023Q1,LSI Industries Inc.,Technology,2023,0.0,0.357373162111,0.357373162111,0.0,0.000268528464017,0.1087077761179159,zero_to_positive
ATRO,2018Q3,Astronics Corporation,Industrials,2018,0.0,0.356989714512,0.356989714512,0.0,0.000268240343348,0.0884847248099498,zero_to_positive
VLO,2022Q1,Valero Energy Corporation,Energy,2022,0.0,0.356273482384,0.356273482384,0.0,0.000267702169994,0.0101706197289496,zero_to_positive
XOM,2017Q2,ExxonMobil Holdings Corporation,Energy,2017,0.0,0.35536313029,0.35536313029,0.0,0.000267018135837,0.0162837905343668,zero_to_positive
CUZ,2014Q2,Cousins Properties Incorporated,Real Estate,2014,0.0,0.354564448036,0.354564448036,0.0,0.000266418009857,0.0120899379281787,zero_to_positive
BOH,2024Q3,Bank of Hawaii Corporation,Financial Services,2024,0.0,0.353387587813,0.353387587813,0.0,0.000265533722783,-0.0016423940380143,zero_to_positive
PHM,2013Q3,"PulteGroup, Inc.",Retail,2013,0.0,0.352504797177,0.352504797177,0.0,0.000264870398172,-0.1163112180179743,zero_to_positive
CTO,2024Q1,"CTO Realty Growth, Inc.",Real Estate,2024,0.0,0.352504797177,0.352504797177,0.0,0.000264870398172,0.0449722133440974,zero_to_positive
PGR,2022Q1,The Progressive Corporation,Financial Services,2022,0.0,0.352358394414,0.352358394414,0.0,0.000264760391845,-0.0133454669128848,zero_to_positive
SCI,2019Q2,Service Corporation International,Retail,2019,0.0,0.351892558356,0.351892558356,0.0,0.000264410364886,0.0391902695387303,zero_to_positive
UNH,2023Q2,UnitedHealth Group Incorporated,Healthcare,2023,0.0,0.351483960365,0.351483960365,0.0,0.000264103346334,-0.0425612308346221,zero_to_positive
HRL,2013Q4,Hormel Foods Corporation,Consumer Goods,2013,0.0,0.351429135227,0.351429135227,0.0,0.00026406215099,0.0583027990509866,zero_to_positive
GFF,2016Q2,Griffon Corporation,Industrials,2016,0.0,0.35142795239,0.35142795239,0.0,0.000264061262213,0.0132619787822257,zero_to_positive
CCK,2022Q2,"Crown Holdings, Inc.",Retail,2022,0.0,0.351288809741,0.351288809741,0.0,0.000263956711099,-0.093646516817248,zero_to_positive
NOC,2019Q1,Northrop Grumman Corporation,Industrials,2019,0.0,0.35114977723,0.35114977723,0.0,0.000263852242744,-0.0339736362351586,zero_to_positive
FLO,2012Q3,"Flowers Foods, Inc.",Consumer Goods,2012,0.0,0.35079072712,0.35079072712,0.0,0.00026358245423,-0.0438733270540951,zero_to_positive
COP,2023Q3,ConocoPhillips,Energy,2023,0.0,0.350680032666,0.350680032666,0.0,0.000263499278952,-0.020545776905676,zero_to_positive
AXP,2022Q1,American Express Company,Financial Services,2022,0.0,0.350640931551,0.350640931551,0.0,0.000263469898564,0.1123531011566342,zero_to_positive
RGEN,2015Q3,Repligen Corporation,Healthcare,2015,0.0,0.350502411299,0.350502411299,0.0,0.000263365815117,0.0606487035868612,zero_to_positive
NOC,2012Q2,Northrop Grumman Corporation,Industrials,2012,0.0,0.350502411299,0.350502411299,0.0,0.000263365815117,-0.0045389359488352,zero_to_positive
CASY,2018Q1,"Casey's General Stores, Inc.",Retail,2018,0.0,0.350317887787,0.350317887787,0.0,0.000263227165043,-0.0214310814047847,zero_to_positive
NVO,2019Q1,Novo Nordisk A/S,Healthcare,2019,0.0,0.349857427892,0.349857427892,0.0,0.000262881177708,0.0293521850093078,zero_to_positive
UHS,2019Q3,"Universal Health Services, Inc.",Healthcare,2019,0.0,0.349831005401,0.349831005401,0.0,0.000262861323976,0.1020708419673328,zero_to_positive
ELS,2020Q2,"Equity LifeStyle Properties, Inc.",Real Estate,2020,0.0,0.34958173252,0.34958173252,0.0,0.000262674021539,-0.0597128911478006,zero_to_positive
CPT,2012Q4,Camden Property Trust,Real Estate,2012,0.0,0.349260636584,0.349260636584,0.0,0.000262432751607,0.0274582984989844,zero_to_positive
ASYS,2013Q4,"Amtech Systems, Inc.",Semiconductors,2013,0.0,0.349214813881,0.349214813881,0.0,0.000262398320651,-0.0302741557449153,zero_to_positive
APA,2022Q1,APA Corporation,Energy,2022,0.0,0.349169003201,0.349169003201,0.0,0.000262363898728,-0.0063473825764532,zero_to_positive
RLI,2017Q1,RLI Corp.,Financial Services,2017,0.0,0.349036536804,0.349036536804,0.0,0.000262264364118,0.011552413563411,zero_to_positive
ASYS,2014Q1,"Amtech Systems, Inc.",Semiconductors,2014,0.0,0.349031643247,0.349031643247,0.0,0.000262260687123,0.0891733430381506,zero_to_positive
SKT,2013Q2,Tanger Inc.,Real Estate,2013,0.0,0.348392056467,0.348392056467,0.0,0.000261780104712,0.0079353532764173,zero_to_positive
WY,2013Q4,Weyerhaeuser Company,Real Estate,2013,0.0,0.348164200314,0.348164200314,0.0,0.000261608894702,0.0335131145619673,zero_to_positive
SONY,2014Q1,Sony Group Corporation,Technology,2014,0.0,0.347880739871,0.347880739871,0.0,0.000261395903897,0.0271452044719077,zero_to_positive
ON,2023Q4,ON Semiconductor Corporation,Semiconductors,2023,0.0,0.34639709935,0.34639709935,0.0,0.000260281103592,-0.2889035551987474,zero_to_positive
ARKR,2021Q2,Ark Restaurants Corp.,Retail,2021,0.0,0.346154102942,0.346154102942,0.0,0.000260098517267,0.135383315370293,zero_to_positive
GEN,2012Q3,Gen Digital Inc.,Technology,2012,0.0,0.345677313169,0.345677313169,0.0,0.00025974025974,0.1454646971537514,zero_to_positive
GSK,2014Q3,GSK plc,Healthcare,2014,0.0,0.345466430365,0.345466430365,0.0,0.000259581803422,-0.0665783845186998,zero_to_positive
MRVL,2022Q4,"Marvell Technology, Inc.",Semiconductors,2022,0.0,0.345452993044,0.345452993044,0.0,0.000259571706684,-0.0491094333513836,zero_to_positive
JOE,2013Q1,The St. Joe Company,Real Estate,2013,0.0,0.34485958498,0.34485958498,0.0,0.000259125822737,-0.0209327487804662,zero_to_positive
JBSS,2024Q2,"John B. Sanfilippo & Son, Inc.",Consumer Goods,2024,0.0,0.344246677626,0.344246677626,0.0,0.000258665287118,0.006748660716963,zero_to_positive
DCO,2018Q2,Ducommun Incorporated,Industrials,2018,0.0,0.344068680378,0.344068680378,0.0,0.000258531540848,0.0399258771006655,zero_to_positive
SYY,2014Q2,Sysco Corporation,Consumer Goods,2014,0.0,0.343358528303,0.343358528303,0.0,0.000257997936017,0.0156008019504813,zero_to_positive
ABEO,2020Q1,Abeona Therapeutics Inc.,Technology,2020,0.0,0.342739545635,0.342739545635,0.0,0.000257532835437,0.2866134138662798,zero_to_positive
LNC,2022Q4,Lincoln National Corporation,Financial Services,2022,0.0,0.342607196731,0.342607196731,0.0,0.000257433389111,-0.3137882505749692,zero_to_positive
BELFA,2017Q3,Bel Fuse Inc.,Technology,2017,0.0,0.342563103141,0.342563103141,0.0,0.0002574002574,0.0713825035704031,zero_to_positive
DGII,2023Q3,Digi International Inc.,Technology,2023,0.0,0.342034863969,0.342034863969,0.0,0.000257003341043,-0.2363230501983115,zero_to_positive
DVN,2011Q3,Devon Energy Corporation,Energy,2011,0.0,0.341946982452,0.341946982452,0.0,0.000256937307297,0.0046977979764651,zero_to_positive
SYY,2021Q1,Sysco Corporation,Consumer Goods,2021,0.0,0.341683608653,0.341683608653,0.0,0.000256739409499,0.0417953391977754,zero_to_positive
COHR,2018Q4,Coherent Corp.,Technology,2018,0.0,0.341595907521,0.341595907521,0.0,0.000256673511294,0.1946043817061042,zero_to_positive
ROG,2016Q4,Rogers Corporation,Technology,2016,0.0,0.341464440206,0.341464440206,0.0,0.000256574727389,0.1828278605909435,zero_to_positive
AJG,2014Q1,Arthur J. Gallagher & Co.,Financial Services,2014,0.0,0.341464440206,0.341464440206,0.0,0.000256574727389,0.0137923604057286,zero_to_positive
SKT,2013Q1,Tanger Inc.,Real Estate,2013,0.0,0.341245552744,0.341245552744,0.0,0.00025641025641,-0.0097135428188037,zero_to_positive
RGEN,2015Q1,Repligen Corporation,Healthcare,2015,0.0,0.340895915907,0.340895915907,0.0,0.000256147540984,0.1307840667805853,zero_to_positive
MAT,2024Q1,"Mattel, Inc.",Retail,2024,0.0,0.339504504006,0.339504504006,0.0,0.000255102040816,0.0112501617488067,zero_to_positive
HRB,2023Q2,"H&R Block, Inc.",Retail,2023,0.0,0.339374668525,0.339374668525,0.0,0.000255004483064,-0.0355039681676024,zero_to_positive
ROK,2018Q1,"Rockwell Automation, Inc.",Industrials,2018,0.0,0.339158423981,0.339158423981,0.0,0.000254841997961,-0.0238883039392304,zero_to_positive
F,2011Q2,Ford Motor Company,Retail,2011,0.0,0.338985648421,0.338985648421,0.0,0.000254712175242,-0.016956371121024,zero_to_positive
OXY,2010Q4,Occidental Petroleum Corporation,Energy,2010,0.0,0.337934931144,0.337934931144,0.0,0.000253922671366,-0.047813151736285,zero_to_positive
VLO,2021Q3,Valero Energy Corporation,Energy,2021,0.0,0.337868049672,0.337868049672,0.0,0.000253872416952,0.0056234901324477,zero_to_positive
WWW,2021Q1,"Wolverine World Wide, Inc.",Retail,2021,0.0,0.337866883905,0.337866883905,0.0,0.000253871541,0.0031568529585079,zero_to_positive
MAA,2024Q2,"Mid-America Apartment Communities, Inc.",Real Estate,2024,0.0,0.337524132818,0.337524132818,0.0,0.000253613999493,0.0070916990424377,zero_to_positive
IMOS,2024Q1,ChipMOS TECHNOLOGIES INC.,Semiconductors,2024,0.0,0.337043634345,0.337043634345,0.0,0.000253252955266,0.0091067890688431,zero_to_positive
TRP,2016Q2,TC Energy Corporation,Energy,2016,0.0,0.337011308104,0.337011308104,0.0,0.000253228665485,0.0126298427745205,zero_to_positive
AIN,2024Q3,Albany International Corp.,Retail,2024,0.0,0.336840712656,0.336840712656,0.0,0.000253100480891,0.0413132144848708,zero_to_positive
SYNA,2013Q2,Synaptics Incorporated,Semiconductors,2013,0.0,0.336823469269,0.336823469269,0.0,0.000253087524294,0.054335107588981,zero_to_positive
AMD,2015Q4,"Advanced Micro Devices, Inc.",Semiconductors,2015,0.0,0.335990319541,0.335990319541,0.0,0.000252461499621,-0.0196898473858975,zero_to_positive
SMTC,2016Q4,Semtech Corporation,Semiconductors,2016,0.0,0.335947912584,0.335947912584,0.0,0.000252429635239,0.0560474454318127,zero_to_positive
RGEN,2014Q2,Repligen Corporation,Healthcare,2014,0.0,0.335742764177,0.335742764177,0.0,0.000252275487719,0.0545914450563417,zero_to_positive
TRV,2024Q4,"The Travelers Companies, Inc.",Financial Services,2024,0.0,0.33573603827,0.33573603827,0.0,0.000252270433905,0.0922143858676726,zero_to_positive
MBI,2023Q3,MBIA Inc.,Financial Services,2023,0.0,0.335507320444,0.335507320444,0.0,0.000252098576438,-0.0041974325346157,zero_to_positive
PRSO,2024Q3,Peraso Inc.,Semiconductors,2024,0.0,0.335482141594,0.335482141594,0.0,0.000252079657172,0.109775953663482,zero_to_positive
MAA,2017Q2,"Mid-America Apartment Communities, Inc.",Real Estate,2017,0.0,0.335439862811,0.335439862811,0.0,0.000252047889099,-0.0398195021839872,zero_to_positive
LYTS,2018Q2,LSI Industries Inc.,Technology,2018,0.0,0.335397594683,0.335397594683,0.0,0.000252016129032,0.0563106762490841,zero_to_positive
L,2020Q1,Loews Corporation,Financial Services,2020,0.0,0.335397594683,0.335397594683,0.0,0.000252016129032,0.016938232431714,zero_to_positive
CLFD,2024Q2,"Clearfield, Inc.",Technology,2024,0.0,0.335397594683,0.335397594683,0.0,0.000252016129032,0.1235750207287745,zero_to_positive
RGEN,2018Q1,Repligen Corporation,Healthcare,2018,0.0,0.335102015788,0.335102015788,0.0,0.000251794032481,0.0652869197494854,zero_to_positive
LRCX,2019Q1,Lam Research Corporation,Semiconductors,2019,0.0,0.33489120677,0.33489120677,0.0,0.000251635631605,0.1501990801446303,zero_to_positive
WDC,2023Q3,Western Digital Corporation,Technology,2023,0.0,0.33484907679,0.33484907679,0.0,0.000251603975343,0.0231952461442743,zero_to_positive
AP,2022Q4,Ampco-Pittsburgh Corporation,Industrials,2022,0.0,0.334806957409,0.334806957409,0.0,0.000251572327044,-0.0920345724250109,zero_to_positive
KLIC,2023Q4,"Kulicke and Soffa Industries, Inc.",Semiconductors,2023,0.0,0.334806957409,0.334806957409,0.0,0.000251572327044,0.0620642042741277,zero_to_positive
MZTI,2019Q1,The Marzetti Company,Consumer Goods,2019,0.0,0.334722750428,0.334722750428,0.0,0.000251509054326,-0.0052039824175183,zero_to_positive
MBI,2024Q3,MBIA Inc.,Financial Services,2024,0.0,0.334699317803,0.334699317803,0.0,0.000251491447165,-0.11543801349517,zero_to_positive
RRX,2014Q2,Regal Rexnord Corporation,Industrials,2014,0.0,0.334579263441,0.334579263441,0.0,0.000251401238898,0.0282072427754935,zero_to_positive
COO,2023Q2,"The Cooper Companies, Inc.",Healthcare,2023,0.0,0.334470383439,0.334470383439,0.0,0.000251319426992,-0.0614158178891659,zero_to_positive
CAH,2022Q3,"Cardinal Health, Inc.",Healthcare,2022,0.0,0.333799261525,0.333799261525,0.0,0.000250815149235,0.0839669194796979,zero_to_positive
AIN,2012Q4,Albany International Corp.,Retail,2012,0.0,0.333548284637,0.333548284637,0.0,0.000250626566416,0.0178283830177251,zero_to_positive
MSFT,2012Q2,Microsoft Corporation,Technology,2012,0.0,0.333328946408,0.333328946408,0.0,0.000250461756732,0.045225117215276,zero_to_positive
TER,2012Q4,"Teradyne, Inc.",Semiconductors,2012,0.0,0.332922490482,0.332922490482,0.0,0.000250156347717,0.0774450930244437,zero_to_positive
RLI,2014Q3,RLI Corp.,Financial Services,2014,0.0,0.332465065127,0.332465065127,0.0,0.00024981264052,-0.0080452398926983,zero_to_positive
GEN,2010Q4,Gen Digital Inc.,Technology,2010,0.0,0.332340530828,0.332340530828,0.0,0.000249719066051,0.0364141411338781,zero_to_positive
PTEN,2016Q4,"Patterson-UTI Energy, Inc.",Energy,2016,0.0,0.332050313299,0.332050313299,0.0,0.000249500998004,-0.0312289801845054,zero_to_positive
QUIK,2010Q1,QuickLogic Corporation,Semiconductors,2010,0.0,0.331520333423,0.331520333423,0.0,0.00024910277369,0.0020399411137847,zero_to_positive
TER,2019Q3,"Teradyne, Inc.",Semiconductors,2019,0.0,0.331430122202,0.331430122202,0.0,0.000249034989416,0.2044888140187591,zero_to_positive
RRX,2019Q1,Regal Rexnord Corporation,Industrials,2019,0.0,0.331347605055,0.331347605055,0.0,0.000248972986431,0.0507101820139295,zero_to_positive
ASML,2020Q4,ASML Holding N.V.,Semiconductors,2020,0.0,0.330752463846,0.330752463846,0.0,0.000248525800207,-0.0429341511602449,zero_to_positive
PRSO,2018Q1,Peraso Inc.,Semiconductors,2018,0.0,0.330319596848,0.330319596848,0.0,0.000248200546041,-0.3078592301592925,zero_to_positive
CPB,2014Q4,The Campbell's Company,Consumer Goods,2014,0.0,0.330237631688,0.330237631688,0.0,0.000248138957816,-0.0008008649130488,zero_to_positive
IP,2015Q3,International Paper Company,Retail,2015,0.0,0.330073823339,0.330073823339,0.0,0.000248015873016,-0.0315702336442372,zero_to_positive
BRT,2022Q1,BRT Apartments Corp.,Real Estate,2022,0.0,0.329812063747,0.329812063747,0.0,0.000247819188126,0.0066919886905081,zero_to_positive
MBI,2014Q4,MBIA Inc.,Financial Services,2014,0.0,0.329499613604,0.329499613604,0.0,0.000247584414601,0.0127863878752593,zero_to_positive
CSCO,2024Q3,"Cisco Systems, Inc.",Technology,2024,0.0,0.329013017479,0.329013017479,0.0,0.000247218788628,0.0624512953342798,zero_to_positive
EOG,2022Q3,"EOG Resources, Inc.",Energy,2022,0.0,0.329013017479,0.329013017479,0.0,0.000247218788628,0.0527480611794374,zero_to_positive
ADI,2015Q3,"Analog Devices, Inc.",Semiconductors,2015,0.0,0.328282598841,0.328282598841,0.0,0.000246669955599,-0.0026931528504078,zero_to_positive
CSPI,2013Q1,CSP Inc.,Technology,2013,0.0,0.327797452143,0.327797452143,0.0,0.000246305418719,-0.0089796610072864,zero_to_positive
KO,2021Q2,The Coca-Cola Company,Consumer Goods,2021,0.0,0.326550768176,0.326550768176,0.0,0.000245368666421,0.0013080953384236,zero_to_positive
CTS,2024Q1,CTS Corporation,Technology,2024,0.0,0.326270570165,0.326270570165,0.0,0.000245158126992,0.035282054356291,zero_to_positive
AFG,2017Q2,"American Financial Group, Inc.",Financial Services,2017,0.0,0.326157944879,0.326157944879,0.0,0.000245073500898,0.0378953506665117,zero_to_positive
SUI,2013Q2,"Sun Communities, Inc.",Real Estate,2013,0.0,0.325734556778,0.325734556778,0.0,0.000244755369128,0.0051411235567792,zero_to_positive
JJSF,2021Q2,J&J Snack Foods Corp.,Consumer Goods,2021,0.0,0.325619537513,0.325619537513,0.0,0.000244668944209,-0.0181857203412495,zero_to_positive
HST,2016Q3,"Host Hotels & Resorts, Inc.",Real Estate,2016,0.0,0.325592087022,0.325592087022,0.0,0.000244648318043,0.0353958600866018,zero_to_positive
BA,2018Q2,The Boeing Company,Industrials,2018,0.0,0.325114854208,0.325114854208,0.0,0.000244289727617,0.0213413360927921,zero_to_positive
ORCL,2019Q2,Oracle Corporation,Technology,2019,0.0,0.325075147949,0.325075147949,0.0,0.000244259892526,0.0653544343748605,zero_to_positive
POWI,2015Q1,"Power Integrations, Inc.",Semiconductors,2015,0.0,0.325075147949,0.325075147949,0.0,0.000244259892526,-0.0505501856628785,zero_to_positive
OKE,2011Q2,"ONEOK, Inc.",Energy,2011,0.0,0.325035451387,0.325035451387,0.0,0.000244230064721,-0.0261711831948191,zero_to_positive
MMM,2014Q3,3M Company,Industrials,2014,0.0,0.32495608734,0.32495608734,0.0,0.000244170430961,0.0066416754865703,zero_to_positive
NVO,2021Q1,Novo Nordisk A/S,Healthcare,2021,0.0,0.324401622353,0.324401622353,0.0,0.000243753808653,0.0078094238769562,zero_to_positive
AXGN,2017Q4,"Axogen, Inc.",Healthcare,2017,0.0,0.324283054508,0.324283054508,0.0,0.000243664717349,0.1160625105872181,zero_to_positive
MBI,2023Q1,MBIA Inc.,Financial Services,2023,0.0,0.323703273987,0.323703273987,0.0,0.000243229073072,-0.1007027781936608,zero_to_positive
XRX,2018Q2,Xerox Holdings Corporation,Industrials,2018,0.0,0.323298349496,0.323298349496,0.0,0.00024292481477,-0.1175616468945061,zero_to_positive
DHR,2018Q2,Danaher Corporation,Healthcare,2018,0.0,0.323062909504,0.323062909504,0.0,0.000242747906299,0.0040069985389313,zero_to_positive
SYNA,2015Q3,Synaptics Incorporated,Semiconductors,2015,0.0,0.322945318054,0.322945318054,0.0,0.000242659548653,-0.0162096976661653,zero_to_positive
CSPI,2022Q2,CSP Inc.,Technology,2022,0.0,0.322657288397,0.322657288397,0.0,0.000242443124563,0.0346606641118674,zero_to_positive
INTC,2013Q2,Intel Corporation,Semiconductors,2013,0.0,0.322491301079,0.322491301079,0.0,0.000242318402496,0.0298684438474753,zero_to_positive
IP,2012Q2,International Paper Company,Retail,2012,0.0,0.322241563124,0.322241563124,0.0,0.000242130750605,-0.0127281788874073,zero_to_positive
WKC,2017Q1,World Kinect Corporation,Energy,2017,0.0,0.321580620411,0.321580620411,0.0,0.000241634121451,0.0155843255827956,zero_to_positive
AMD,2012Q1,"Advanced Micro Devices, Inc.",Semiconductors,2012,0.0,0.321307980614,0.321307980614,0.0,0.000241429261226,-0.0056514261320361,zero_to_positive
UIS,2012Q4,Unisys Corporation,Technology,2012,0.0,0.321276926443,0.321276926443,0.0,0.000241405927273,-0.1280199263953585,zero_to_positive
MCD,2015Q4,McDonald's Corporation,Retail,2015,0.0,0.320959280285,0.320959280285,0.0,0.000241167249488,0.0718603974442949,zero_to_positive
BAX,2019Q3,Baxter International Inc.,Healthcare,2019,0.0,0.320920582518,0.320920582518,0.0,0.000241138172173,0.0115752610841953,zero_to_positive
PII,2016Q4,Polaris Inc.,Retail,2016,0.0,0.320920582518,0.320920582518,0.0,0.000241138172173,-0.0550433487815425,zero_to_positive
MBI,2013Q3,MBIA Inc.,Financial Services,2013,0.0,0.320880911437,0.320880911437,0.0,0.000241108363514,-0.0550802434447125,zero_to_positive
CVX,2010Q3,Chevron Corporation,Energy,2010,0.0,0.320713478426,0.320713478426,0.0,0.00024098255516,-0.0027568672763191,zero_to_positive
R,2010Q4,"Ryder System, Inc.",Industrials,2010,0.0,0.320456936119,0.320456936119,0.0,0.000240789790513,-0.0296137937377482,zero_to_positive
SLAB,2017Q3,Silicon Laboratories Inc.,Semiconductors,2017,0.0,0.319846027779,0.319846027779,0.0,0.000240330756943,0.116757709681175,zero_to_positive
ELME,2023Q3,Elme Communities,Real Estate,2023,0.0,0.319456950481,0.319456950481,0.0,0.000240038406145,-0.0432568398103212,zero_to_positive
RYN,2020Q2,Rayonier Inc.,Real Estate,2020,0.0,0.31926536061,0.31926536061,0.0,0.000239894446444,-0.0839642877301841,zero_to_positive
AIG,2013Q4,"American International Group, Inc.",Financial Services,2013,0.0,0.319074000408,0.319074000408,0.0,0.000239750659314,-0.066824070012688,zero_to_positive
TOL,2023Q2,"Toll Brothers, Inc.",Retail,2023,0.0,0.318852559573,0.318852559573,0.0,0.000239584269742,0.0203703607982652,zero_to_positive
DE,2018Q2,Deere & Company,Industrials,2018,0.0,0.318653814367,0.318653814367,0.0,0.000239434933557,0.0714598983512943,zero_to_positive
COHU,2024Q4,"Cohu, Inc.",Semiconductors,2024,0.0,0.318539410173,0.318539410173,0.0,0.000239348970799,0.0838427442306692,zero_to_positive
TFX,2023Q3,Teleflex Incorporated,Healthcare,2023,0.0,0.317930639203,0.317930639203,0.0,0.000238891543239,-0.041143546427774,zero_to_positive
HD,2012Q3,"The Home Depot, Inc.",Retail,2012,0.0,0.317816753601,0.317816753601,0.0,0.000238805970149,0.0343152767630127,zero_to_positive
BOH,2024Q4,Bank of Hawaii Corporation,Financial Services,2024,0.0,0.317778809862,0.317778809862,0.0,0.000238777459408,0.1033871037380125,zero_to_positive
NOC,2021Q2,Northrop Grumman Corporation,Industrials,2021,0.0,0.317778809862,0.317778809862,0.0,0.000238777459408,0.0447323112763775,zero_to_positive
HRL,2024Q2,Hormel Foods Corporation,Consumer Goods,2024,0.0,0.317437723483,0.317437723483,0.0,0.000238521168754,-0.1025835772827478,zero_to_positive
GD,2019Q1,General Dynamics Corporation,Industrials,2019,0.0,0.317097368526,0.317097368526,0.0,0.000238265427686,-0.0442824278571985,zero_to_positive
RLI,2015Q2,RLI Corp.,Financial Services,2015,0.0,0.316795442919,0.316795442919,0.0,0.000238038562247,-0.0431352845732196,zero_to_positive
GLW,2013Q3,Corning Incorporated,Technology,2013,0.0,0.316644695623,0.316644695623,0.0,0.000237925291458,-0.008337233047531,zero_to_positive
HST,2015Q3,"Host Hotels & Resorts, Inc.",Real Estate,2015,0.0,0.316418843486,0.316418843486,0.0,0.000237755587256,-0.0532847864956567,zero_to_positive
KO,2016Q1,The Coca-Cola Company,Consumer Goods,2016,0.0,0.31634363102,0.31634363102,0.0,0.000237699072974,-0.0044876938584967,zero_to_positive
AAPL,2021Q1,Apple Inc.,Technology,2021,0.0,0.315813314542,0.315813314542,0.0,0.000237300595739,-0.0242125392303008,zero_to_positive
LYTS,2021Q2,LSI Industries Inc.,Technology,2021,0.0,0.314921357241,0.314921357241,0.0,0.000236630383341,0.0366393655960182,zero_to_positive
ASYS,2012Q2,"Amtech Systems, Inc.",Semiconductors,2012,0.0,0.314846854909,0.314846854909,0.0,0.00023657440265,-0.2088579591712797,zero_to_positive
DINO,2021Q1,HF Sinclair Corporation,Energy,2021,0.0,0.314312817401,0.314312817401,0.0,0.000236173129451,-0.0155715319707864,zero_to_positive
AEG,2020Q2,Aegon Ltd.,Financial Services,2020,0.0,0.314233650686,0.314233650686,0.0,0.000236113643965,0.0325589689772029,zero_to_positive
JNJ,2012Q3,Johnson & Johnson,Healthcare,2012,0.0,0.314128478923,0.314128478923,0.0,0.000236034618411,0.0079021348561073,zero_to_positive
USB,2021Q4,U.S. Bancorp,Financial Services,2021,0.0,0.313955568696,0.313955568696,0.0,0.000235904694503,-0.0477305395496412,zero_to_positive
NFG,2013Q2,National Fuel Gas Company,Energy,2013,0.0,0.313881522571,0.313881522571,0.0,0.000235849056604,-0.0314275260811173,zero_to_positive
BALL,2018Q4,Ball Corporation,Retail,2018,0.0,0.313696559977,0.313696559977,0.0,0.000235710076606,0.0457394612539698,zero_to_positive
OXM,2020Q3,"Oxford Industries, Inc.",Retail,2020,0.0,0.313659593614,0.313659593614,0.0,0.000235682300259,-0.1671687557957644,zero_to_positive
LSCC,2011Q3,Lattice Semiconductor Corporation,Semiconductors,2011,0.0,0.313617898552,0.313617898552,0.0,0.000235650970792,0.085886894081902,zero_to_positive
BC,2017Q3,Brunswick Corporation,Retail,2017,0.0,0.312958884351,0.312958884351,0.0,0.000235155790711,-0.056447873300089,zero_to_positive
CLX,2021Q4,The Clorox Company,Consumer Goods,2021,0.0,0.312848532135,0.312848532135,0.0,0.000235072872591,0.0180266571475549,zero_to_positive
HRB,2022Q2,"H&R Block, Inc.",Retail,2022,0.0,0.312548384094,0.312548384094,0.0,0.000234847342806,0.1883703333946531,zero_to_positive
RLI,2012Q4,RLI Corp.,Financial Services,2012,0.0,0.31218804966,0.31218804966,0.0,0.000234576589256,0.0291254631608433,zero_to_positive
RTX,2010Q4,RTX Corporation,Industrials,2010,0.0,0.31174927517,0.31174927517,0.0,0.000234246896229,0.0061377085951361,zero_to_positive
HD,2017Q3,"The Home Depot, Inc.",Retail,2017,0.0,0.311202538455,0.311202538455,0.0,0.000233836080907,-0.0126366934166035,zero_to_positive
BN,2015Q1,Brookfield Corporation,Financial Services,2015,0.0,0.311166157517,0.311166157517,0.0,0.000233808744447,0.0199139512979804,zero_to_positive
BXMT,2011Q4,"Blackstone Mortgage Trust, Inc.",Real Estate,2011,0.0,0.311075057836,0.311075057836,0.0,0.000233740292588,-0.0892033050508137,zero_to_positive
GHI,2019Q4,Greystone Housing Impact Investors LP,Financial Services,2019,0.0,0.31097396097,0.31097396097,0.0,0.000233664328892,-0.0092448886200825,zero_to_positive
ACLS,2023Q4,"Axcelis Technologies, Inc.",Semiconductors,2023,0.0,0.310916625932,0.310916625932,0.0,0.000233621247622,-0.0554150191735594,zero_to_positive
DE,2023Q4,Deere & Company,Industrials,2023,0.0,0.310548980446,0.310548980446,0.0,0.000233345000583,-0.041735301672297,zero_to_positive
EGP,2023Q1,"EastGroup Properties, Inc.",Real Estate,2023,0.0,0.310404117948,0.310404117948,0.0,0.000233236151603,-0.0053071614053355,zero_to_positive
ETN,2011Q3,Eaton Corporation plc,Industrials,2011,0.0,0.310273817613,0.310273817613,0.0,0.000233138244562,0.0130829576855769,zero_to_positive
THC,2013Q4,Tenet Healthcare Corporation,Healthcare,2013,0.0,0.310006442046,0.310006442046,0.0,0.000232937339856,-0.0736624341169505,zero_to_positive
AIT,2012Q3,"Applied Industrial Technologies, Inc.",Industrials,2012,0.0,0.309429819973,0.309429819973,0.0,0.000232504068821,0.0810573464899787,zero_to_positive
SLAB,2012Q4,Silicon Laboratories Inc.,Semiconductors,2012,0.0,0.309147209744,0.309147209744,0.0,0.000232291716863,0.1235218431138581,zero_to_positive
IDXX,2016Q4,"IDEXX Laboratories, Inc.",Healthcare,2016,0.0,0.309142312591,0.309142312591,0.0,0.000232288037166,-0.0024517673313509,zero_to_positive
SKT,2012Q1,Tanger Inc.,Real Estate,2012,0.0,0.309070519206,0.309070519206,0.0,0.000232234091965,-0.0116177698334821,zero_to_positive
AEG,2021Q4,Aegon Ltd.,Financial Services,2021,0.0,0.3087478612,0.3087478612,0.0,0.000231991648301,0.0054116507378494,zero_to_positive
UDR,2023Q4,"UDR, Inc.",Real Estate,2023,0.0,0.308568897682,0.308568897682,0.0,0.00023185717598,-0.059682420566705,zero_to_positive
OII,2015Q1,"Oceaneering International, Inc.",Energy,2015,0.0,0.308211592335,0.308211592335,0.0,0.000231588698472,-0.0973805392875475,zero_to_positive
PPC,2017Q1,Pilgrim's Pride Corporation,Consumer Goods,2017,0.0,0.308002976846,0.308002976846,0.0,0.000231431945803,0.0974095553285147,zero_to_positive
GPC,2024Q3,Genuine Parts Company,Retail,2024,0.0,0.307819510975,0.307819510975,0.0,0.000231294090436,-0.0025840165093111,zero_to_positive
BAX,2017Q3,Baxter International Inc.,Healthcare,2017,0.0,0.307677183147,0.307677183147,0.0,0.000231187145995,-0.0287962148231674,zero_to_positive
CSCO,2011Q4,"Cisco Systems, Inc.",Technology,2011,0.0,0.30757052362,0.30757052362,0.0,0.000231107002542,0.0570333763891519,zero_to_positive
SON,2013Q2,Sonoco Products Company,Retail,2013,0.0,0.307118852498,0.307118852498,0.0,0.000230767619048,-0.023233978130341,zero_to_positive
GL,2022Q1,Globe Life Inc.,Financial Services,2022,0.0,0.306929338148,0.306929338148,0.0,0.000230625218883,0.01268868434329,zero_to_positive
MEI,2014Q2,"Methode Electronics, Inc.",Technology,2014,0.0,0.306578589197,0.306578589197,0.0,0.000230361667818,0.0963771674016199,zero_to_positive
LNC,2020Q2,Lincoln National Corporation,Financial Services,2020,0.0,0.305927324633,0.305927324633,0.0,0.000229872310778,0.1056031441705275,zero_to_positive
SMP,2014Q3,"Standard Motor Products, Inc.",Retail,2014,0.0,0.304823100252,0.304823100252,0.0,0.000229042601924,-0.1086215457387553,zero_to_positive
MCD,2021Q2,McDonald's Corporation,Retail,2021,0.0,0.304777304254,0.304777304254,0.0,0.000229008191032,0.0138020969868556,zero_to_positive
DHR,2011Q2,Danaher Corporation,Healthcare,2011,0.0,0.304335160234,0.304335160234,0.0,0.000228675966156,-0.026901420117613,zero_to_positive
KO,2017Q4,The Coca-Cola Company,Consumer Goods,2017,0.0,0.303744757663,0.303744757663,0.0,0.000228232340523,0.0028612557869418,zero_to_positive
ADSK,2024Q1,"Autodesk, Inc.",Technology,2024,0.0,0.30350231601,0.30350231601,0.0,0.000228050171038,0.0205548527076898,zero_to_positive
KIM,2019Q4,Kimco Realty Corporation,Real Estate,2019,0.0,0.303190981825,0.303190981825,0.0,0.000227816236038,-0.0123702651133134,zero_to_positive
BOH,2012Q1,Bank of Hawaii Corporation,Financial Services,2012,0.0,0.302880668116,0.302880668116,0.0,0.00022758306782,-0.0415850923906826,zero_to_positive
MZTI,2020Q3,The Marzetti Company,Consumer Goods,2020,0.0,0.302124325926,0.302124325926,0.0,0.000227014755959,0.0259887339164999,zero_to_positive
QCOM,2021Q2,QUALCOMM Incorporated,Semiconductors,2021,0.0,0.302012357365,0.302012357365,0.0,0.000226930623324,0.0348219794582324,zero_to_positive
TRV,2024Q1,"The Travelers Companies, Inc.",Financial Services,2024,0.0,0.301987214818,0.301987214818,0.0,0.000226911731337,0.0668108400060458,zero_to_positive
MSFT,2018Q2,Microsoft Corporation,Technology,2018,0.0,0.301610800159,0.301610800159,0.0,0.000226628895184,0.0115873382536283,zero_to_positive
APOG,2021Q4,"Apogee Enterprises, Inc.",Industrials,2021,0.0,0.301452603694,0.301452603694,0.0,0.000226510027126,0.0849449644530255,zero_to_positive
JKHY,2017Q3,"Jack Henry & Associates, Inc.",Technology,2017,0.0,0.301371751744,0.301371751744,0.0,0.000226449275362,-0.0484256493234065,zero_to_positive
HP,2022Q2,"Helmerich & Payne, Inc.",Energy,2022,0.0,0.300860778954,0.300860778954,0.0,0.000226065332881,0.1024304083775775,zero_to_positive
RRC,2021Q1,Range Resources Corporation,Energy,2021,0.0,0.300724812044,0.300724812044,0.0,0.000225963168004,0.0098183456989558,zero_to_positive
JBSS,2016Q1,"John B. Sanfilippo & Son, Inc.",Consumer Goods,2016,0.0,0.300622917484,0.300622917484,0.0,0.000225886604924,0.1381244156602209,zero_to_positive
WMB,2010Q1,"The Williams Companies, Inc.",Energy,2010,0.0,0.300419335373,0.300419335373,0.0,0.000225733634312,-0.0215304120087172,zero_to_positive
NKE,2019Q4,"NIKE, Inc.",Retail,2019,0.0,0.300385431825,0.300385431825,0.0,0.00022570815935,-0.0149582377351606,zero_to_positive
LRCX,2013Q2,Lam Research Corporation,Semiconductors,2013,0.0,0.300352709059,0.300352709059,0.0,0.000225683571622,0.0635714477312825,zero_to_positive
IEP,2018Q1,Icahn Enterprises L.P.,Energy,2018,0.0,0.300082827933,0.300082827933,0.0,0.00022548078425,0.0427315325328602,zero_to_positive
MEI,2014Q1,"Methode Electronics, Inc.",Technology,2014,0.0,0.299877795336,0.299877795336,0.0,0.000225326723749,-0.1611851602960144,zero_to_positive
RMBS,2013Q4,Rambus Inc.,Semiconductors,2013,0.0,0.299877795336,0.299877795336,0.0,0.000225326723749,-0.0281962933637704,zero_to_positive
AGYS,2021Q3,"Agilysys, Inc.",Technology,2021,0.0,0.299338204162,0.299338204162,0.0,0.000224921277553,-0.0071318105815471,zero_to_positive
AMD,2018Q4,"Advanced Micro Devices, Inc.",Semiconductors,2018,0.0,0.298970796342,0.298970796342,0.0,0.000224645209096,-0.2319932011057964,zero_to_positive
POWI,2014Q4,"Power Integrations, Inc.",Semiconductors,2014,0.0,0.298800551348,0.298800551348,0.0,0.000224517287831,-0.0586889671539796,zero_to_positive
MCHP,2016Q4,Microchip Technology Incorporated,Semiconductors,2016,0.0,0.298767012168,0.298767012168,0.0,0.000224492086654,0.0318288676937284,zero_to_positive
KR,2016Q4,The Kroger Co.,Consumer Goods,2016,0.0,0.298728743826,0.298728743826,0.0,0.000224463332007,0.0370801526766931,zero_to_positive
VAL,2022Q4,Valaris Limited,Energy,2022,0.0,0.298064424569,0.298064424569,0.0,0.000223964165733,-0.0521631263211978,zero_to_positive
RTX,2023Q3,RTX Corporation,Industrials,2023,0.0,0.297664427578,0.297664427578,0.0,0.000223663609931,-0.1148711243803783,zero_to_positive
CTS,2010Q3,CTS Corporation,Technology,2010,0.0,0.297464831404,0.297464831404,0.0,0.000223513634332,-0.0580257233917896,zero_to_positive
LYTS,2021Q1,LSI Industries Inc.,Technology,2021,0.0,0.29733191593,0.29733191593,0.0,0.000223413762288,0.1891303935640219,zero_to_positive
ASYS,2017Q2,"Amtech Systems, Inc.",Semiconductors,2017,0.0,0.296669116296,0.296669116296,0.0,0.000222915737851,-0.0853203499997828,zero_to_positive
NVO,2023Q3,Novo Nordisk A/S,Healthcare,2023,0.0,0.296605079771,0.296605079771,0.0,0.000222867621116,-0.0331471423797961,zero_to_positive
MSI,2017Q3,"Motorola Solutions, Inc.",Technology,2017,0.0,0.296470852239,0.296470852239,0.0,0.000222766763199,-0.0014840040857281,zero_to_positive
PVH,2020Q3,PVH Corp.,Retail,2020,0.0,0.296387524608,0.296387524608,0.0,0.00022270415122,0.0566205352192007,zero_to_positive
OXY,2017Q1,Occidental Petroleum Corporation,Energy,2017,0.0,0.29630583451,0.29630583451,0.0,0.000222642769676,0.0215885761018504,zero_to_positive
RTX,2022Q4,RTX Corporation,Industrials,2022,0.0,0.296173952532,0.296173952532,0.0,0.000222543674196,0.0011075346519977,zero_to_positive
OXY,2018Q3,Occidental Petroleum Corporation,Energy,2018,0.0,0.29554911297,0.29554911297,0.0,0.000222074172774,-0.0526745351433706,zero_to_positive
MEI,2024Q4,"Methode Electronics, Inc.",Technology,2024,0.0,0.29554911297,0.29554911297,0.0,0.000222074172774,0.1407698210532822,zero_to_positive
POWI,2024Q3,"Power Integrations, Inc.",Semiconductors,2024,0.0,0.295024973554,0.295024973554,0.0,0.000221680336954,-0.069953086591299,zero_to_positive
SKY,2019Q3,"Champion Homes, Inc.",Retail,2019,0.0,0.294698329429,0.294698329429,0.0,0.00022143489814,0.0774506547944166,zero_to_positive
BALL,2010Q3,Ball Corporation,Retail,2010,0.0,0.29450268991,0.29450268991,0.0,0.000221287895552,0.0206996621735235,zero_to_positive
GFF,2016Q1,Griffon Corporation,Industrials,2016,0.0,0.294458750968,0.294458750968,0.0,0.000221254880044,-0.0709193519297136,zero_to_positive
FEIM,2016Q1,"Frequency Electronics, Inc.",Technology,2016,0.0,0.294307309974,0.294307309974,0.0,0.000221141088014,0.0029706234599893,zero_to_positive
NVEC,2017Q4,NVE Corporation,Semiconductors,2017,0.0,0.293852430051,0.293852430051,0.0,0.000220799293442,0.0805550402603049,zero_to_positive
XRX,2019Q3,Xerox Holdings Corporation,Industrials,2019,0.0,0.293791491955,0.293791491955,0.0,0.000220753504852,-0.0547723654921101,zero_to_positive
TM,2010Q3,Toyota Motor Corporation,Retail,2010,0.0,0.293722722512,0.293722722512,0.0,0.000220701831825,-0.0100262346553051,zero_to_positive
BAX,2017Q1,Baxter International Inc.,Healthcare,2017,0.0,0.293398954079,0.293398954079,0.0,0.000220458553792,0.002640636689094,zero_to_positive
BMY,2017Q3,Bristol-Myers Squibb Company,Healthcare,2017,0.0,0.293075898635,0.293075898635,0.0,0.000220215811495,-0.0146493483299305,zero_to_positive
ASYS,2017Q3,"Amtech Systems, Inc.",Semiconductors,2017,0.0,0.292753553828,0.292753553828,0.0,0.000219973603168,0.1343298217118798,zero_to_positive
GSK,2014Q4,GSK plc,Healthcare,2014,0.0,0.29265698861,0.29265698861,0.0,0.00021990104453,0.0378001550029106,zero_to_positive
FLO,2019Q3,"Flowers Foods, Inc.",Consumer Goods,2019,0.0,0.292244768686,0.292244768686,0.0,0.000219591304475,-0.0497516365889428,zero_to_positive
CSCO,2013Q1,"Cisco Systems, Inc.",Technology,2013,0.0,0.292014844915,0.292014844915,0.0,0.000219418540867,0.0011916468950828,zero_to_positive
CAH,2019Q2,"Cardinal Health, Inc.",Healthcare,2019,0.0,0.291567018447,0.291567018447,0.0,0.000219082046226,-0.0142936694627395,zero_to_positive
PLXS,2020Q4,Plexus Corp.,Technology,2020,0.0,0.290993255866,0.290993255866,0.0,0.0002186509238,-0.0197933485596687,zero_to_positive
PRGO,2019Q2,Perrigo Company plc,Healthcare,2019,0.0,0.290957042377,0.290957042377,0.0,0.00021862371316,0.0957674671139642,zero_to_positive
ACH,2019Q2,"Accendra Health, Inc.",Healthcare,2019,0.0,0.290643733501,0.290643733501,0.0,0.000218388294387,0.1088173396354581,zero_to_positive
NOC,2016Q3,Northrop Grumman Corporation,Industrials,2016,0.0,0.290548554896,0.290548554896,0.0,0.000218316777644,-0.0055870879867737,zero_to_positive
BBY,2019Q3,"Best Buy Co., Inc.",Retail,2019,0.0,0.290168463033,0.290168463033,0.0,0.000218031178459,-0.1001147106375586,zero_to_positive
SKT,2010Q2,Tanger Inc.,Real Estate,2010,0.0,0.290073595402,0.290073595402,0.0,0.000217959895379,-0.0133608789814716,zero_to_positive
R,2017Q3,"Ryder System, Inc.",Industrials,2017,0.0,0.290000281367,0.290000281367,0.0,0.000217904807569,-0.0014470387388487,zero_to_positive
BKTI,2024Q2,BK Technologies Corporation,Technology,2024,0.0,0.289871820026,0.289871820026,0.0,0.000217808282339,-0.0034784028964124,zero_to_positive
AXP,2020Q3,American Express Company,Financial Services,2020,0.0,0.28941125491,0.28941125491,0.0,0.00021746221594,0.0019033235973285,zero_to_positive
SLB,2011Q4,SLB N.V.,Energy,2011,0.0,0.289329932701,0.289329932701,0.0,0.000217401110826,-0.0047270992686211,zero_to_positive
ADBE,2020Q1,Adobe Inc.,Technology,2020,0.0,0.289160903732,0.289160903732,0.0,0.000217274103277,0.1030419547262513,zero_to_positive
RIG,2021Q2,Transocean Ltd.,Energy,2021,0.0,0.288810689135,0.288810689135,0.0,0.000217010953724,0.0247345767560775,zero_to_positive
BIO,2024Q1,"Bio-Rad Laboratories, Inc.",Healthcare,2024,0.0,0.288751932242,0.288751932242,0.0,0.000216966804079,0.0375779177913864,zero_to_positive
PBI,2024Q4,Pitney Bowes Inc.,Industrials,2024,0.0,0.288652786228,0.288652786228,0.0,0.000216892306244,-0.0334305682964708,zero_to_positive
COP,2019Q3,ConocoPhillips,Energy,2019,0.0,0.288314050195,0.288314050195,0.0,0.000216637781629,0.0305890973189598,zero_to_positive
KMB,2024Q2,Kimberly-Clark Corporation,Consumer Goods,2024,0.0,0.288189184864,0.288189184864,0.0,0.000216543958424,0.0691939974215864,zero_to_positive
MCD,2012Q3,McDonald's Corporation,Retail,2012,0.0,0.288064427641,0.288064427641,0.0,0.00021645021645,-0.0321728513545226,zero_to_positive
PGR,2022Q4,The Progressive Corporation,Financial Services,2022,0.0,0.287970930586,0.287970930586,0.0,0.000216379963215,-0.0609425026246065,zero_to_positive
NFG,2015Q3,National Fuel Gas Company,Energy,2015,0.0,0.286637444691,0.286637444691,0.0,0.00021537798837,5.829002367650944e-05,zero_to_positive
NVDA,2023Q1,NVIDIA Corporation,Semiconductors,2023,0.0,0.286575722589,0.286575722589,0.0,0.00021533161068,0.1303265272223092,zero_to_positive
AME,2016Q4,"AMETEK, Inc.",Industrials,2016,0.0,0.286516865073,0.286516865073,0.0,0.000215287385428,0.0170134887533128,zero_to_positive
COP,2020Q3,ConocoPhillips,Energy,2020,0.0,0.286452358093,0.286452358093,0.0,0.000215238915196,-0.033843381731378,zero_to_positive
NFG,2019Q3,National Fuel Gas Company,Energy,2019,0.0,0.286452358093,0.286452358093,0.0,0.000215238915196,0.0389739241483587,zero_to_positive
PG,2018Q2,The Procter & Gamble Company,Consumer Goods,2018,0.0,0.28574506832,0.28574506832,0.0,0.000214707461084,-0.0330518379289444,zero_to_positive
CSPI,2021Q1,CSP Inc.,Technology,2021,0.0,0.285224529726,0.285224529726,0.0,0.000214316330904,-0.1686247557646716,zero_to_positive
ELS,2012Q2,"Equity LifeStyle Properties, Inc.",Real Estate,2012,0.0,0.285102325557,0.285102325557,0.0,0.000214224507284,-0.01281078038563,zero_to_positive
ENB,2017Q2,Enbridge Inc.,Energy,2017,0.0,0.285102325557,0.285102325557,0.0,0.000214224507284,-0.0176814160101127,zero_to_positive
ENTG,2016Q3,"Entegris, Inc.",Semiconductors,2016,0.0,0.285041262733,0.285041262733,0.0,0.000214178624973,0.1108743241452432,zero_to_positive
AGYS,2015Q3,"Agilysys, Inc.",Technology,2015,0.0,0.284553700172,0.284553700172,0.0,0.000213812272824,0.2178664720274987,zero_to_positive
MAT,2010Q1,"Mattel, Inc.",Retail,2010,0.0,0.284249819672,0.284249819672,0.0,0.000213583938488,0.0083238374738227,zero_to_positive
UDR,2016Q4,"UDR, Inc.",Real Estate,2016,0.0,0.283795213925,0.283795213925,0.0,0.000213242349931,0.0265573153171774,zero_to_positive
GEN,2022Q1,Gen Digital Inc.,Technology,2022,0.0,0.283704467214,0.283704467214,0.0,0.000213174163291,0.0631397068305714,zero_to_positive
HPQ,2017Q2,HP Inc.,Technology,2017,0.0,0.28368422114,0.28368422114,0.0,0.000213158950489,-0.0415679570470006,zero_to_positive
MCHP,2017Q2,Microchip Technology Incorporated,Semiconductors,2017,0.0,0.283674231206,0.283674231206,0.0,0.000213151444101,0.0300016016135413,zero_to_positive
CRUS,2019Q1,"Cirrus Logic, Inc.",Semiconductors,2019,0.0,0.282260372365,0.282260372365,0.0,0.000212089077413,-0.0489161788380209,zero_to_positive
GTY,2023Q4,Getty Realty Corp.,Real Estate,2023,0.0,0.282140694446,0.282140694446,0.0,0.000211999152003,0.0241083473670892,zero_to_positive
ORCL,2024Q4,Oracle Corporation,Technology,2024,0.0,0.281841943181,0.281841943181,0.0,0.000211774671749,-0.0512507805535139,zero_to_positive
RTX,2024Q3,RTX Corporation,Industrials,2024,0.0,0.281276055311,0.281276055311,0.0,0.000211349466343,0.0770041543268874,zero_to_positive
ETN,2020Q2,Eaton Corporation plc,Industrials,2020,0.0,0.281186912255,0.281186912255,0.0,0.000211282484682,0.0193460192644627,zero_to_positive
COHU,2016Q1,"Cohu, Inc.",Semiconductors,2016,0.0,0.281018172659,0.281018172659,0.0,0.000211155694567,-0.0005353218727191,zero_to_positive
AMAT,2014Q1,"Applied Materials, Inc.",Semiconductors,2014,0.0,0.280979131363,0.280979131363,0.0,0.000211126359126,0.0468969039340757,zero_to_positive
AFG,2021Q1,"American Financial Group, Inc.",Financial Services,2021,0.0,0.280949473444,0.280949473444,0.0,0.000211104074309,0.002980899544394,zero_to_positive
ENB,2021Q2,Enbridge Inc.,Energy,2021,0.0,0.280830904347,0.280830904347,0.0,0.000211014982064,0.0086153411092242,zero_to_positive
BOH,2024Q2,Bank of Hawaii Corporation,Financial Services,2024,0.0,0.28059406614,0.28059406614,0.0,0.000210837022981,-0.0447511202180149,zero_to_positive
ADSK,2019Q4,"Autodesk, Inc.",Technology,2019,0.0,0.280416699474,0.280416699474,0.0,0.000210703750527,0.0530390339514407,zero_to_positive
WDC,2023Q2,Western Digital Corporation,Technology,2023,0.0,0.280066790201,0.280066790201,0.0,0.000210440830393,0.0207933565287413,zero_to_positive
LYTS,2019Q3,LSI Industries Inc.,Technology,2019,0.0,0.279785636814,0.279785636814,0.0,0.000210229573099,0.1122949133370756,zero_to_positive
AXTI,2019Q2,"AXT, Inc.",Semiconductors,2019,0.0,0.279533219009,0.279533219009,0.0,0.000210039907582,0.1636725005997308,zero_to_positive
NVO,2023Q4,Novo Nordisk A/S,Healthcare,2023,0.0,0.279530047883,0.279530047883,0.0,0.000210037524814,-0.0011499306663767,zero_to_positive
PGR,2020Q1,The Progressive Corporation,Financial Services,2020,0.0,0.278976555016,0.278976555016,0.0,0.000209621632953,0.0610942640634953,zero_to_positive
HSY,2012Q1,The Hershey Company,Consumer Goods,2012,0.0,0.278946787961,0.278946787961,0.0,0.000209599266132,0.0059990467647618,zero_to_positive
ETN,2010Q1,Eaton Corporation plc,Industrials,2010,0.0,0.278941709291,0.278941709291,0.0,0.000209595450043,-0.0220837614865914,zero_to_positive
BC,2015Q3,Brunswick Corporation,Retail,2015,0.0,0.278650978515,0.278650978515,0.0,0.000209376996346,-0.0091426677045519,zero_to_positive
HMC,2013Q1,"Honda Motor Co., Ltd.",Retail,2013,0.0,0.278585564303,0.278585564303,0.0,0.000209327844424,0.0024245009822124,zero_to_positive
SONY,2019Q1,Sony Group Corporation,Technology,2019,0.0,0.278189309302,0.278189309302,0.0,0.000209030100334,-0.0245016658415804,zero_to_positive
HELE,2018Q3,Helen of Troy Limited,Consumer Goods,2018,0.0,0.2781808166,0.2781808166,0.0,0.000209023718959,0.1433421103613129,zero_to_positive
ASYS,2012Q4,"Amtech Systems, Inc.",Semiconductors,2012,0.0,0.278131171516,0.278131171516,0.0,0.000208986415883,-0.0596810052663987,zero_to_positive
UIS,2012Q3,Unisys Corporation,Technology,2012,0.0,0.278131171516,0.278131171516,0.0,0.000208986415883,0.1509689335337761,zero_to_positive
PG,2011Q1,The Procter & Gamble Company,Consumer Goods,2011,0.0,0.277898863166,0.277898863166,0.0,0.000208811860514,-0.0191104411919106,zero_to_positive
POWI,2017Q1,"Power Integrations, Inc.",Semiconductors,2017,0.0,0.277898863166,0.277898863166,0.0,0.000208811860514,-0.0874155781465195,zero_to_positive
UHS,2023Q3,"Universal Health Services, Inc.",Healthcare,2023,0.0,0.277841075697,0.277841075697,0.0,0.000208768439289,-0.0551543769826873,zero_to_positive
ROG,2014Q4,Rogers Corporation,Technology,2014,0.0,0.277666942563,0.277666942563,0.0,0.000208637596495,0.1548574598690869,zero_to_positive
SKT,2010Q3,Tanger Inc.,Real Estate,2010,0.0,0.277435408735,0.277435408735,0.0,0.000208463623098,0.0079198733449726,zero_to_positive
LOW,2019Q3,"Lowe's Companies, Inc.",Retail,2019,0.0,0.277088831085,0.277088831085,0.0,0.000208203206329,0.0959648053528644,zero_to_positive
VLO,2020Q1,Valero Energy Corporation,Energy,2020,0.0,0.276025646729,0.276025646729,0.0,0.000207404334751,-0.0103088005541176,zero_to_positive
XOM,2020Q4,ExxonMobil Holdings Corporation,Energy,2020,0.0,0.275911196372,0.275911196372,0.0,0.000207318337307,0.0135252058898267,zero_to_positive
LPX,2018Q2,Louisiana-Pacific Corporation,Industrials,2018,0.0,0.275665261953,0.275665261953,0.0,0.000207133543375,-0.0358161324928087,zero_to_positive
LTC,2016Q2,"LTC Properties, Inc.",Real Estate,2016,0.0,0.275141132045,0.275141132045,0.0,0.000206739714699,0.0218949108359752,zero_to_positive
NFG,2023Q2,National Fuel Gas Company,Energy,2023,0.0,0.275141132045,0.275141132045,0.0,0.000206739714699,0.036514346449312,zero_to_positive
KMB,2024Q4,Kimberly-Clark Corporation,Consumer Goods,2024,0.0,0.274857012743,0.274857012743,0.0,0.000206526228831,-0.0549659656918849,zero_to_positive
SYK,2018Q3,Stryker Corporation,Healthcare,2018,0.0,0.274460230089,0.274460230089,0.0,0.000206228088266,-0.0445431166914903,zero_to_positive
SON,2023Q3,Sonoco Products Company,Retail,2023,0.0,0.274064591372,0.274064591372,0.0,0.000205930807249,0.006914735537417,zero_to_positive
AMD,2014Q1,"Advanced Micro Devices, Inc.",Semiconductors,2014,0.0,0.273895380881,0.273895380881,0.0,0.000205803663305,-0.1311765204805006,zero_to_positive
CDNS,2013Q1,"Cadence Design Systems, Inc.",Technology,2013,0.0,0.273389000761,0.273389000761,0.0,0.000205423171734,-0.0017654571380288,zero_to_positive
ASB,2014Q4,Associated Banc-Corp,Financial Services,2014,0.0,0.272660859599,0.272660859599,0.0,0.00020487604999,-0.0009370392392197,zero_to_positive
DE,2015Q4,Deere & Company,Industrials,2015,0.0,0.272270387828,0.272270387828,0.0,0.000204582651391,0.0404779472496944,zero_to_positive
PVH,2013Q3,PVH Corp.,Retail,2013,0.0,0.271492789821,0.271492789821,0.0,0.000203998368013,-0.0629904199619588,zero_to_positive
CHD,2015Q2,"Church & Dwight Co., Inc.",Consumer Goods,2015,0.0,0.271326739185,0.271326739185,0.0,0.000203873598369,0.0028655370309259,zero_to_positive
AXP,2020Q4,American Express Company,Financial Services,2020,0.0,0.270774701058,0.270774701058,0.0,0.000203458799593,-0.0591796677252255,zero_to_positive
BKTI,2023Q1,BK Technologies Corporation,Technology,2023,0.0,0.270607148729,0.270607148729,0.0,0.000203332901584,-0.046103467441199,zero_to_positive
WST,2020Q3,"West Pharmaceutical Services, Inc.",Healthcare,2020,0.0,0.270554514272,0.270554514272,0.0,0.000203293352307,0.0563190350123351,zero_to_positive
TOL,2017Q4,"Toll Brothers, Inc.",Retail,2017,0.0,0.27053460446,0.27053460446,0.0,0.000203278392171,-0.073371441283525,zero_to_positive
CRUS,2019Q3,"Cirrus Logic, Inc.",Semiconductors,2019,0.0,0.269786672553,0.269786672553,0.0,0.000202716399757,0.2030201800210892,zero_to_positive
UHS,2020Q1,"Universal Health Services, Inc.",Healthcare,2020,0.0,0.269242198609,0.269242198609,0.0,0.000202307284672,-0.0235904611210182,zero_to_positive
RYN,2024Q2,Rayonier Inc.,Real Estate,2024,0.0,0.269186419034,0.269186419034,0.0,0.000202265372168,-0.0202999427914217,zero_to_positive
IP,2019Q1,International Paper Company,Retail,2019,0.0,0.268860132465,0.268860132465,0.0,0.00020202020202,-0.0323595154151019,zero_to_positive
CVS,2010Q4,CVS Health Corporation,Healthcare,2010,0.0,0.268535421447,0.268535421447,0.0,0.000201776215733,0.0112403446062609,zero_to_positive
GTY,2012Q4,Getty Realty Corp.,Real Estate,2012,0.0,0.268330588308,0.268330588308,0.0,0.000201622305104,-0.0528019933286084,zero_to_positive
PNC,2020Q3,"The PNC Financial Services Group, Inc.",Financial Services,2020,0.0,0.268209926582,0.268209926582,0.0,0.000201531640468,0.019415508307373,zero_to_positive
MMM,2024Q4,3M Company,Industrials,2024,0.0,0.268160032206,0.268160032206,0.0,0.000201494150075,-0.0520139318859465,zero_to_positive
BXMT,2015Q3,"Blackstone Mortgage Trust, Inc.",Real Estate,2015,0.0,0.268155884687,0.268155884687,0.0,0.000201491033649,0.0014781326689147,zero_to_positive
BELFA,2014Q3,Bel Fuse Inc.,Technology,2014,0.0,0.268155884687,0.268155884687,0.0,0.000201491033649,0.094412657041739,zero_to_positive
BIIB,2018Q2,Biogen Inc.,Healthcare,2018,0.0,0.268067478122,0.268067478122,0.0,0.000201424605384,0.058206318532742,zero_to_positive
CSX,2013Q4,CSX Corporation,Industrials,2013,0.0,0.268020875179,0.268020875179,0.0,0.000201389588158,-0.012800614550629,zero_to_positive
QDEL,2015Q1,QuidelOrtho Corporation,Healthcare,2015,0.0,0.26793993471,0.26793993471,0.0,0.000201328769881,0.0558452995805804,zero_to_positive
LYTS,2024Q1,LSI Industries Inc.,Technology,2024,0.0,0.267632770508,0.267632770508,0.0,0.000201097968187,0.0185089027196596,zero_to_positive
JBSS,2018Q3,"John B. Sanfilippo & Son, Inc.",Consumer Goods,2018,0.0,0.267562858002,0.267562858002,0.0,0.000201045436269,-0.0530135554337062,zero_to_positive
ASYS,2015Q4,"Amtech Systems, Inc.",Semiconductors,2015,0.0,0.266865381131,0.266865381131,0.0,0.000200521355524,-0.1311542459049843,zero_to_positive
MAA,2020Q2,"Mid-America Apartment Communities, Inc.",Real Estate,2020,0.0,0.266357981728,0.266357981728,0.0,0.000200140098069,0.0208343927208159,zero_to_positive
L,2012Q2,Loews Corporation,Financial Services,2012,0.0,0.266057279353,0.266057279353,0.0,0.00019991415176,0.0073661409853214,zero_to_positive
KBH,2013Q2,KB Home,Retail,2013,0.0,0.265936282571,0.265936282571,0.0,0.000199823235364,-0.0412703529888582,zero_to_positive
RES,2020Q1,"RPC, Inc.",Energy,2020,0.0,0.265905625515,0.265905625515,0.0,0.0001998001998,0.0629483909660779,zero_to_positive
WSO,2017Q1,"Watsco, Inc.",Industrials,2017,0.0,0.265587239214,0.265587239214,0.0,0.000199560965875,-0.0594201285518815,zero_to_positive
BBY,2022Q3,"Best Buy Co., Inc.",Retail,2022,0.0,0.26540186573,0.26540186573,0.0,0.000199421677136,-0.0232974366166176,zero_to_positive
HSY,2023Q2,The Hershey Company,Consumer Goods,2023,0.0,0.265322499143,0.265322499143,0.0,0.000199362041467,0.0310635426275381,zero_to_positive
OSUR,2023Q4,"OraSure Technologies, Inc.",Healthcare,2023,0.0,0.265269614451,0.265269614451,0.0,0.000199322304166,0.0559655951109751,zero_to_positive
JBSS,2012Q2,"John B. Sanfilippo & Son, Inc.",Consumer Goods,2012,0.0,0.264913310605,0.264913310605,0.0,0.000199054579181,0.0196408094327678,zero_to_positive
ROL,2020Q2,"Rollins, Inc.",Retail,2020,0.0,0.264794599224,0.264794599224,0.0,0.000198965380024,-0.0306189222380192,zero_to_positive
ADSK,2022Q1,"Autodesk, Inc.",Technology,2022,0.0,0.264567107964,0.264567107964,0.0,0.000198794444192,-0.0187456601779025,zero_to_positive
GHI,2020Q3,Greystone Housing Impact Investors LP,Financial Services,2020,0.0,0.264473985048,0.264473985048,0.0,0.000198724472084,0.0601003247009759,zero_to_positive
STM,2019Q3,STMicroelectronics N.V.,Semiconductors,2019,0.0,0.264059058671,0.264059058671,0.0,0.000198412698413,0.0080797301619542,zero_to_positive
PLAB,2019Q4,"Photronics, Inc.",Semiconductors,2019,0.0,0.264059058671,0.264059058671,0.0,0.000198412698413,0.2611279629887912,zero_to_positive
PTEN,2024Q3,"Patterson-UTI Energy, Inc.",Energy,2024,0.0,0.26387581158,0.26387581158,0.0,0.000198275007435,0.0272059232942416,zero_to_positive
AAPL,2022Q3,Apple Inc.,Technology,2022,0.0,0.26377417913,0.26377417913,0.0,0.000198198641304,0.0010844873859092,zero_to_positive
PXLW,2015Q1,"Pixelworks, Inc.",Semiconductors,2015,0.0,0.263442360807,0.263442360807,0.0,0.000197949314623,0.1086895345059846,zero_to_positive
CNA,2021Q1,CNA Financial Corporation,Financial Services,2021,0.0,0.263171377438,0.263171377438,0.0,0.000197745699031,0.0467649558863307,zero_to_positive
HPQ,2014Q1,HP Inc.,Technology,2014,0.0,0.262859501422,0.262859501422,0.0,0.000197511356903,0.0076245721611802,zero_to_positive
PTEN,2023Q2,"Patterson-UTI Energy, Inc.",Energy,2023,0.0,0.262341347467,0.262341347467,0.0,0.000197122018529,-0.0299983737764778,zero_to_positive
AFG,2015Q1,"American Financial Group, Inc.",Financial Services,2015,0.0,0.262289644403,0.262289644403,0.0,0.000197083169097,0.0213997593943837,zero_to_positive
SKT,2014Q3,Tanger Inc.,Real Estate,2014,0.0,0.261928292797,0.261928292797,0.0,0.00019681165125,-0.0171068531163414,zero_to_positive
PLAB,2018Q4,"Photronics, Inc.",Semiconductors,2018,0.0,0.260390854178,0.260390854178,0.0,0.000195656427314,0.0518703523873153,zero_to_positive
DHR,2016Q2,Danaher Corporation,Healthcare,2016,0.0,0.260373905964,0.260373905964,0.0,0.000195643692508,0.0197429949748716,zero_to_positive
SKT,2013Q3,Tanger Inc.,Real Estate,2013,0.0,0.260339917,0.260339917,0.0,0.000195618153365,-0.0497361279090892,zero_to_positive
ROG,2010Q1,Rogers Corporation,Technology,2010,0.0,0.260288999746,0.260288999746,0.0,0.000195579894387,0.0572845643696724,zero_to_positive
CNA,2011Q2,CNA Financial Corporation,Financial Services,2011,0.0,0.260187224966,0.260187224966,0.0,0.00019550342131,-0.0041436087419217,zero_to_positive
RYN,2012Q3,Rayonier Inc.,Real Estate,2012,0.0,0.260018195471,0.260018195471,0.0,0.000195376413365,-0.0102003390537635,zero_to_positive
STT,2014Q1,State Street Corporation,Financial Services,2014,0.0,0.259998242256,0.259998242256,0.0,0.000195361420616,-0.0284088669377181,zero_to_positive
AVY,2018Q2,Avery Dennison Corporation,Retail,2018,0.0,0.259628883282,0.259628883282,0.0,0.000195083886071,-0.0037324463326197,zero_to_positive
TGT,2020Q3,Target Corporation,Consumer Goods,2020,0.0,0.259628883282,0.259628883282,0.0,0.000195083886071,0.1117720724939882,zero_to_positive
CVX,2015Q3,Chevron Corporation,Energy,2015,0.0,0.258997305771,0.258997305771,0.0,0.000194609321787,-0.0479947193311115,zero_to_positive
GCO,2014Q4,Genesco Inc.,Retail,2014,0.0,0.25884618413,0.25884618413,0.0,0.000194495769717,-0.0987514911636757,zero_to_positive
TRP,2015Q4,TC Energy Corporation,Energy,2015,0.0,0.258461877474,0.258461877474,0.0,0.000194207003556,0.0127711075933647,zero_to_positive
MDT,2011Q4,Medtronic plc,Healthcare,2011,0.0,0.257899746559,0.257899746559,0.0,0.000193784621108,0.0485294263030462,zero_to_positive
CAT,2010Q1,Caterpillar Inc.,Industrials,2010,0.0,0.257721141124,0.257721141124,0.0,0.000193650417849,-0.0633806595363868,zero_to_positive
CDNS,2011Q2,"Cadence Design Systems, Inc.",Technology,2011,0.0,0.257071210296,0.257071210296,0.0,0.000193162062971,0.0125285614982695,zero_to_positive
NSC,2020Q2,Norfolk Southern Corporation,Industrials,2020,0.0,0.257021563481,0.257021563481,0.0,0.000193124758594,-0.0203993590476458,zero_to_positive
PLAB,2022Q2,"Photronics, Inc.",Semiconductors,2022,0.0,0.257010738639,0.257010738639,0.0,0.000193116624861,0.2571742673710794,zero_to_positive
HST,2016Q1,"Host Hotels & Resorts, Inc.",Real Estate,2016,0.0,0.256841334466,0.256841334466,0.0,0.000192989335385,0.0132610731400133,zero_to_positive
WST,2019Q4,"West Pharmaceutical Services, Inc.",Healthcare,2019,0.0,0.256674571977,0.256674571977,0.0,0.000192864030858,0.0023172829959087,zero_to_positive
DCO,2016Q4,Ducommun Incorporated,Industrials,2016,0.0,0.256328516121,0.256328516121,0.0,0.000192604006163,0.1412426528316906,zero_to_positive
MSI,2011Q3,"Motorola Solutions, Inc.",Technology,2011,0.0,0.256238188498,0.256238188498,0.0,0.000192536134425,0.0236762193571266,zero_to_positive
SKT,2010Q1,Tanger Inc.,Real Estate,2010,0.0,0.25554102452,0.25554102452,0.0,0.000192012288786,0.0265964707800701,zero_to_positive
LPX,2016Q3,Louisiana-Pacific Corporation,Industrials,2016,0.0,0.255183167509,0.255183167509,0.0,0.000191743396761,-0.0069846875111778,zero_to_positive
PG,2015Q3,The Procter & Gamble Company,Consumer Goods,2015,0.0,0.255026857469,0.255026857469,0.0,0.000191625946153,-0.0469357925641451,zero_to_positive
CGNX,2018Q2,Cognex Corporation,Technology,2018,0.0,0.254807133008,0.254807133008,0.0,0.000191460846257,-0.0058275929617899,zero_to_positive
VSH,2012Q3,"Vishay Intertechnology, Inc.",Semiconductors,2012,0.0,0.254077444769,0.254077444769,0.0,0.000190912562047,0.1496179202662835,zero_to_positive
TER,2016Q2,"Teradyne, Inc.",Semiconductors,2016,0.0,0.253774744981,0.253774744981,0.0,0.000190685114891,-0.0659886306034413,zero_to_positive
UNM,2023Q4,Unum Group,Financial Services,2023,0.0,0.253014763441,0.253014763441,0.0,0.000190114068441,-0.1509197369167499,zero_to_positive
CB,2019Q1,Chubb Limited,Financial Services,2019,0.0,0.252678499279,0.252678499279,0.0,0.000189861401177,-0.0297498601246572,zero_to_positive
CACI,2017Q1,CACI International Inc,Technology,2017,0.0,0.252582587911,0.252582587911,0.0,0.000189789333839,0.07503331277339,zero_to_positive
ENTG,2015Q3,"Entegris, Inc.",Semiconductors,2015,0.0,0.251770271605,0.251770271605,0.0,0.000189178963299,0.096627320878636,zero_to_positive
REG,2015Q2,Regency Centers Corporation,Real Estate,2015,0.0,0.251611058728,0.251611058728,0.0,0.000189059331514,0.014383411110489,zero_to_positive
MRSH,2011Q1,"Marsh & McLennan Companies, Inc.",Financial Services,2011,0.0,0.251437305064,0.251437305064,0.0,0.000188928773852,0.0429346532162694,zero_to_positive
F,2023Q4,Ford Motor Company,Retail,2023,0.0,0.251342333466,0.251342333466,0.0,0.000188857412653,-0.1231651146028264,zero_to_positive
WGO,2019Q2,"Winnebago Industries, Inc.",Retail,2019,0.0,0.251315449149,0.251315449149,0.0,0.000188837211908,0.031674396121213,zero_to_positive
KIM,2012Q4,Kimco Realty Corporation,Real Estate,2012,0.0,0.251131408017,0.251131408017,0.0,0.000188698924292,-0.0237710272096462,zero_to_positive
WKC,2010Q1,World Kinect Corporation,Energy,2010,0.0,0.250349446144,0.250349446144,0.0,0.000188111361926,0.077122427032749,zero_to_positive
AFG,2022Q2,"American Financial Group, Inc.",Financial Services,2022,0.0,0.250302361426,0.250302361426,0.0,0.000188075982697,0.0388394595967794,zero_to_positive
OSUR,2014Q1,"OraSure Technologies, Inc.",Healthcare,2014,0.0,0.250114199531,0.250114199531,0.0,0.00018793459876,0.1033352591519287,zero_to_positive
DVN,2018Q3,Devon Energy Corporation,Energy,2018,0.0,0.249585929538,0.249585929538,0.0,0.000187537659244,-0.0324966412729682,zero_to_positive
LTC,2016Q3,"LTC Properties, Inc.",Real Estate,2016,0.0,0.249270960049,0.249270960049,0.0,0.000187300992695,-0.0086310874853197,zero_to_positive
AFG,2021Q3,"American Financial Group, Inc.",Financial Services,2021,0.0,0.248572591651,0.248572591651,0.0,0.000186776242062,0.0208208429103811,zero_to_positive
SLM,2018Q1,SLM Corporation,Financial Services,2018,0.0,0.248479771416,0.248479771416,0.0,0.000186706497386,-0.0195377721048144,zero_to_positive
AIN,2024Q4,Albany International Corp.,Retail,2024,0.0,0.248387020474,0.248387020474,0.0,0.000186636804778,-0.0308271144308894,zero_to_positive
BELFA,2015Q3,Bel Fuse Inc.,Technology,2015,0.0,0.248340670965,0.248340670965,0.0,0.000186601977981,0.0264006540042568,zero_to_positive
ARW,2024Q2,"Arrow Electronics, Inc.",Technology,2024,0.0,0.24829433875,0.24829433875,0.0,0.000186567164179,-0.0177177857524223,zero_to_positive
UNM,2016Q4,Unum Group,Financial Services,2016,0.0,0.24691236655,0.24691236655,0.0,0.000185528756957,0.0184284583959378,zero_to_positive
WWW,2020Q2,"Wolverine World Wide, Inc.",Retail,2020,0.0,0.246846962132,0.246846962132,0.0,0.000185479612394,-0.1244085535584076,zero_to_positive
HD,2023Q4,"The Home Depot, Inc.",Retail,2023,0.0,0.246664311953,0.246664311953,0.0,0.000185342369934,0.0318869855399693,zero_to_positive
PNC,2011Q2,"The PNC Financial Services Group, Inc.",Financial Services,2011,0.0,0.246637816105,0.246637816105,0.0,0.000185322461082,0.0050232119475803,zero_to_positive
UDR,2014Q2,"UDR, Inc.",Real Estate,2014,0.0,0.246581173902,0.246581173902,0.0,0.000185279900405,-0.0003939531148611,zero_to_positive
DVN,2015Q1,Devon Energy Corporation,Energy,2015,0.0,0.246578844555,0.246578844555,0.0,0.000185278150145,-0.0213526501011108,zero_to_positive
BAX,2020Q1,Baxter International Inc.,Healthcare,2020,0.0,0.246455121426,0.246455121426,0.0,0.000185185185185,0.1763037326980757,zero_to_positive
RMBS,2013Q1,Rambus Inc.,Semiconductors,2013,0.0,0.246433599743,0.246433599743,0.0,0.000185169013896,0.0284823198996662,zero_to_positive
CAL,2023Q2,"Caleres, Inc.",Retail,2023,0.0,0.246363875546,0.246363875546,0.0,0.000185116623473,0.0473908957795711,zero_to_positive
TOL,2016Q2,"Toll Brothers, Inc.",Retail,2016,0.0,0.246322425309,0.246322425309,0.0,0.000185085477965,0.0486393252231339,zero_to_positive
VSH,2024Q3,"Vishay Intertechnology, Inc.",Semiconductors,2024,0.0,0.246045046349,0.246045046349,0.0,0.000184877056757,-0.0709405041195987,zero_to_positive
IEP,2013Q4,Icahn Enterprises L.P.,Energy,2013,0.0,0.245645852487,0.245645852487,0.0,0.000184577104422,0.1221412588131353,zero_to_positive
BMY,2021Q2,Bristol-Myers Squibb Company,Healthcare,2021,0.0,0.245452901835,0.245452901835,0.0,0.000184432122236,-0.0542827607204292,zero_to_positive
EGY,2020Q2,"VAALCO Energy, Inc.",Energy,2020,0.0,0.244958154924,0.244958154924,0.0,0.000184060371802,0.0209840400252651,zero_to_positive
RMBS,2011Q3,Rambus Inc.,Semiconductors,2011,0.0,0.244898251014,0.244898251014,0.0,0.000184015360294,0.0676563488626238,zero_to_positive
ELME,2016Q4,Elme Communities,Real Estate,2016,0.0,0.244732926757,0.244732926757,0.0,0.000183891136447,-0.0042006573434412,zero_to_positive
AVY,2016Q1,Avery Dennison Corporation,Retail,2016,0.0,0.244373421906,0.244373421906,0.0,0.000183621006243,0.0648215456064574,zero_to_positive
SKT,2011Q4,Tanger Inc.,Real Estate,2011,0.0,0.244328558051,0.244328558051,0.0,0.000183587295759,-0.0272941722915059,zero_to_positive
REG,2014Q4,Regency Centers Corporation,Real Estate,2014,0.0,0.24423887974,0.24423887974,0.0,0.00018351991191,0.033771783092628,zero_to_positive
AIN,2014Q4,Albany International Corp.,Retail,2014,0.0,0.244104485639,0.244104485639,0.0,0.000183418928833,0.0010493221632469,zero_to_positive
HAL,2024Q1,Halliburton Company,Energy,2024,0.0,0.244014971709,0.244014971709,0.0,0.0001833516685,0.0759204069785392,zero_to_positive
PRG,2023Q3,"PROG Holdings, Inc.",Industrials,2023,0.0,0.244014971709,0.244014971709,0.0,0.0001833516685,0.1473016286285927,zero_to_positive
GTY,2022Q3,Getty Realty Corp.,Real Estate,2022,0.0,0.243601547328,0.243601547328,0.0,0.000183041023422,0.0159366776356939,zero_to_positive
SLM,2024Q2,SLM Corporation,Financial Services,2024,0.0,0.243230443116,0.243230443116,0.0,0.000182762177513,0.0061488704353141,zero_to_positive
HMC,2013Q2,"Honda Motor Co., Ltd.",Retail,2013,0.0,0.24271975812,0.24271975812,0.0,0.000182378451279,-0.0166529386250458,zero_to_positive
PNC,2016Q3,"The PNC Financial Services Group, Inc.",Financial Services,2016,0.0,0.242635853364,0.242635853364,0.0,0.000182315405652,-0.007565655015375,zero_to_positive
SYY,2023Q1,Sysco Corporation,Consumer Goods,2023,0.0,0.242018122514,0.242018122514,0.0,0.000181851245681,-0.0219201347567412,zero_to_positive
TAP,2021Q2,Molson Coors Beverage Company,Consumer Goods,2021,0.0,0.241842205288,0.241842205288,0.0,0.00018171906233,0.0561526848617507,zero_to_positive
BKTI,2024Q3,BK Technologies Corporation,Technology,2024,0.0,0.241755148536,0.241755148536,0.0,0.000181653648307,0.1326548701477706,zero_to_positive
LSCC,2024Q2,Lattice Semiconductor Corporation,Semiconductors,2024,0.0,0.241754342544,0.241754342544,0.0,0.000181653042688,-0.030759335709083,zero_to_positive
ENTG,2012Q2,"Entegris, Inc.",Semiconductors,2012,0.0,0.241710435108,0.241710435108,0.0,0.000181620050854,-0.0160676209919888,zero_to_positive
ELME,2017Q4,Elme Communities,Real Estate,2017,0.0,0.24165475111,0.24165475111,0.0,0.000181578210168,0.0031213602588057,zero_to_positive
OSUR,2021Q1,"OraSure Technologies, Inc.",Healthcare,2021,0.0,0.241272236349,0.241272236349,0.0,0.000181290790428,0.0499730879136889,zero_to_positive
BEN,2011Q1,Franklin Templeton Inc.,Financial Services,2011,0.0,0.240879213702,0.240879213702,0.0,0.000180995475113,0.0236892776520192,zero_to_positive
AP,2020Q2,Ampco-Pittsburgh Corporation,Industrials,2020,0.0,0.240582971625,0.240582971625,0.0,0.00018077288025,-0.0443831653633044,zero_to_positive
RES,2016Q1,"RPC, Inc.",Energy,2016,0.0,0.240444020904,0.240444020904,0.0,0.000180668473351,0.1016181272747068,zero_to_positive
CHD,2018Q1,"Church & Dwight Co., Inc.",Consumer Goods,2018,0.0,0.240313769538,0.240313769538,0.0,0.000180570603106,0.0492846022856059,zero_to_positive
MEI,2020Q3,"Methode Electronics, Inc.",Technology,2020,0.0,0.24027038377,0.24027038377,0.0,0.00018053800325,-0.0062972350745045,zero_to_positive
CCEP,2012Q4,Coca-Cola Europacific Partners PLC,Consumer Goods,2012,0.0,0.240010397782,0.240010397782,0.0,0.000180342651037,0.0014550679733426,zero_to_positive
MUR,2013Q1,Murphy Oil Corporation,Energy,2013,0.0,0.239824366612,0.239824366612,0.0,0.000180202868116,-0.0664174504385868,zero_to_positive
COHU,2018Q4,"Cohu, Inc.",Semiconductors,2018,0.0,0.239794172199,0.239794172199,0.0,0.00018018018018,-0.1870885561023472,zero_to_positive
MMM,2012Q2,3M Company,Industrials,2012,0.0,0.239664623753,0.239664623753,0.0,0.000180082838106,0.0031435623030904,zero_to_positive
LPX,2019Q3,Louisiana-Pacific Corporation,Industrials,2019,0.0,0.239614013314,0.239614013314,0.0,0.000180044809666,-0.0970986558508127,zero_to_positive
NFG,2020Q2,National Fuel Gas Company,Energy,2020,0.0,0.239190807998,0.239190807998,0.0,0.000179726815241,-0.0345653526583924,zero_to_positive
MBI,2016Q2,MBIA Inc.,Financial Services,2016,0.0,0.238976055971,0.238976055971,0.0,0.000179565451607,0.0035408554422286,zero_to_positive
STAA,2018Q3,STAAR Surgical Company,Healthcare,2018,0.0,0.238547706704,0.238547706704,0.0,0.000179243592042,0.2179696523131611,zero_to_positive
ENTG,2019Q2,"Entegris, Inc.",Semiconductors,2019,0.0,0.238462221054,0.238462221054,0.0,0.000179179358538,-0.026950176993593,zero_to_positive
ADI,2024Q2,"Analog Devices, Inc.",Semiconductors,2024,0.0,0.238248774741,0.238248774741,0.0,0.000179018976011,0.1045976835362696,zero_to_positive
USB,2018Q2,U.S. Bancorp,Financial Services,2018,0.0,0.23806751781,0.23806751781,0.0,0.000178882780431,-0.0158643644026872,zero_to_positive
RELL,2021Q1,"Richardson Electronics, Ltd.",Technology,2021,0.0,0.238035710195,0.238035710195,0.0,0.000178858880343,0.1852303729280051,zero_to_positive
MYE,2024Q2,"Myers Industries, Inc.",Retail,2024,0.0,0.237908054291,0.237908054291,0.0,0.000178762960315,-0.2192938271333499,zero_to_positive
CHE,2020Q2,Chemed Corporation,Healthcare,2020,0.0,0.237738059254,0.237738059254,0.0,0.000178635226867,-0.0594385158981955,zero_to_positive
JBSS,2014Q3,"John B. Sanfilippo & Son, Inc.",Consumer Goods,2014,0.0,0.237671852435,0.237671852435,0.0,0.000178585479384,0.0237699849527039,zero_to_positive
TTI,2015Q4,"TETRA Technologies, Inc.",Energy,2015,0.0,0.23739879695,0.23739879695,0.0,0.000178380306814,0.1545402091590245,zero_to_positive
CNA,2012Q1,CNA Financial Corporation,Financial Services,2012,0.0,0.237102735739,0.237102735739,0.0,0.000178157847853,-0.0072050486891676,zero_to_positive
SUI,2024Q2,"Sun Communities, Inc.",Real Estate,2024,0.0,0.236858486524,0.236858486524,0.0,0.000177974320175,-0.0665373240313375,zero_to_positive
PRGO,2018Q3,Perrigo Company plc,Healthcare,2018,0.0,0.236692641231,0.236692641231,0.0,0.000177849704825,-0.0952635720800851,zero_to_positive
IDCC,2016Q4,"InterDigital, Inc.",Technology,2016,0.0,0.236554862372,0.236554862372,0.0,0.000177746178457,-0.1269629298696938,zero_to_positive
EGP,2017Q3,"EastGroup Properties, Inc.",Real Estate,2017,0.0,0.236116894184,0.236116894184,0.0,0.000177417091282,0.0249065287062539,zero_to_positive
REG,2016Q3,Regency Centers Corporation,Real Estate,2016,0.0,0.236026242702,0.236026242702,0.0,0.000177348976197,-0.0214938999299705,zero_to_positive
ETN,2016Q3,Eaton Corporation plc,Industrials,2016,0.0,0.235967669451,0.235967669451,0.0,0.000177304964539,0.0048196789373641,zero_to_positive
OXM,2016Q3,"Oxford Industries, Inc.",Retail,2016,0.0,0.235925838628,0.235925838628,0.0,0.000177273533062,0.1387520761250231,zero_to_positive
NVMI,2017Q4,Nova Ltd.,Semiconductors,2017,0.0,0.2358004351,0.2358004351,0.0,0.000177179305457,-0.1188733401733449,zero_to_positive
NVO,2022Q3,Novo Nordisk A/S,Healthcare,2022,0.0,0.235216976971,0.235216976971,0.0,0.000176740897844,-0.0913302873464011,zero_to_positive
SKT,2012Q3,Tanger Inc.,Real Estate,2012,0.0,0.235133861431,0.235133861431,0.0,0.00017667844523,0.0296368825495086,zero_to_positive
PTEN,2019Q2,"Patterson-UTI Energy, Inc.",Energy,2019,0.0,0.235009298199,0.235009298199,0.0,0.00017658484902,-0.0599279767091445,zero_to_positive
POWI,2012Q2,"Power Integrations, Inc.",Semiconductors,2012,0.0,0.235009298199,0.235009298199,0.0,0.00017658484902,0.140668155753966,zero_to_positive
HCSG,2014Q3,"Healthcare Services Group, Inc.",Healthcare,2014,0.0,0.23484341904,0.23484341904,0.0,0.000176460208223,-0.027439165921137,zero_to_positive
AXGN,2020Q3,"Axogen, Inc.",Healthcare,2020,0.0,0.234719163263,0.234719163263,0.0,0.000176366843034,-0.0219263425049284,zero_to_positive
BEN,2016Q4,Franklin Templeton Inc.,Financial Services,2016,0.0,0.234302934491,0.234302934491,0.0,0.000176054090749,-0.0055159640781566,zero_to_positive
MDT,2012Q3,Medtronic plc,Healthcare,2012,0.0,0.234264681518,0.234264681518,0.0,0.00017602534765,-0.0161261153528637,zero_to_positive
NC,2024Q4,"NACCO Industries, Inc.",Energy,2024,0.0,0.233442844361,0.233442844361,0.0,0.000175407823189,0.061780093595918,zero_to_positive
AEG,2021Q2,Aegon Ltd.,Financial Services,2021,0.0,0.233381939632,0.233381939632,0.0,0.00017536205967,0.0296687332048232,zero_to_positive
LSCC,2013Q2,Lattice Semiconductor Corporation,Semiconductors,2013,0.0,0.233320065866,0.233320065866,0.0,0.000175315568022,-0.0051325380966373,zero_to_positive
OII,2010Q4,"Oceaneering International, Inc.",Energy,2010,0.0,0.233197416454,0.233197416454,0.0,0.000175223409848,0.1717355507403695,zero_to_positive
EGY,2019Q4,"VAALCO Energy, Inc.",Energy,2019,0.0,0.232748803026,0.232748803026,0.0,0.000174886323889,0.0156631836671662,zero_to_positive
PNC,2012Q3,"The PNC Financial Services Group, Inc.",Financial Services,2012,0.0,0.232667422326,0.232667422326,0.0,0.000174825174825,0.0098931494251432,zero_to_positive
UMH,2018Q3,"UMH Properties, Inc.",Real Estate,2018,0.0,0.232632323471,0.232632323471,0.0,0.000174798801715,0.0284276083584319,zero_to_positive
ONTO,2012Q2,Onto Innovation Inc.,Semiconductors,2012,0.0,0.232626753313,0.232626753313,0.0,0.000174794616326,-0.1232511011816146,zero_to_positive
DINO,2011Q2,HF Sinclair Corporation,Energy,2011,0.0,0.232342467825,0.232342467825,0.0,0.000174581005587,0.0548987829041348,zero_to_positive
CCK,2023Q3,"Crown Holdings, Inc.",Retail,2023,0.0,0.232180330723,0.232180330723,0.0,0.000174459176553,0.0550075555035063,zero_to_positive
ARW,2024Q4,"Arrow Electronics, Inc.",Technology,2024,0.0,0.231464490521,0.231464490521,0.0,0.000173921297691,-0.0967517097276526,zero_to_positive
PG,2011Q2,The Procter & Gamble Company,Consumer Goods,2011,0.0,0.230991522295,0.230991522295,0.0,0.000173565911655,0.0121274704227559,zero_to_positive
DHR,2020Q1,Danaher Corporation,Healthcare,2020,0.0,0.230811247954,0.230811247954,0.0,0.000173430454388,-0.0127607747387183,zero_to_positive
CAMT,2023Q1,Camtek Ltd.,Semiconductors,2023,0.0,0.230451542113,0.230451542113,0.0,0.00017316017316,0.0371482198617996,zero_to_positive
CCEP,2018Q3,Coca-Cola Europacific Partners PLC,Consumer Goods,2018,0.0,0.230275162095,0.230275162095,0.0,0.000173027642069,0.0371066751047879,zero_to_positive
ADI,2021Q2,"Analog Devices, Inc.",Semiconductors,2021,0.0,0.230132743507,0.230132743507,0.0,0.000172920629431,0.0792335331956776,zero_to_positive
ENTG,2010Q3,"Entegris, Inc.",Semiconductors,2010,0.0,0.229894222785,0.229894222785,0.0,0.000172741406115,-0.0568200765256341,zero_to_positive
ACH,2012Q4,"Accendra Health, Inc.",Healthcare,2012,0.0,0.229497785084,0.229497785084,0.0,0.000172443524746,-0.0104574321352402,zero_to_positive
JKHY,2017Q2,"Jack Henry & Associates, Inc.",Technology,2017,0.0,0.228829385286,0.228829385286,0.0,0.000171941292373,0.0104397228427854,zero_to_positive
BRT,2022Q2,BRT Apartments Corp.,Real Estate,2022,0.0,0.228538917035,0.228538917035,0.0,0.000171723035936,-0.0628893982728752,zero_to_positive
AFL,2018Q3,Aflac Incorporated,Financial Services,2018,0.0,0.228522521801,0.228522521801,0.0,0.000171710716636,0.0582204000544441,zero_to_positive
OSUR,2022Q4,"OraSure Technologies, Inc.",Healthcare,2022,0.0,0.228512646927,0.228512646927,0.0,0.000171703296703,0.0381261624423502,zero_to_positive
SCI,2012Q4,Service Corporation International,Retail,2012,0.0,0.228238322021,0.228238322021,0.0,0.000171497170297,0.0520596882563312,zero_to_positive
MATX,2013Q4,"Matson, Inc.",Industrials,2013,0.0,0.228199186506,0.228199186506,0.0,0.00017146776406,-0.1209148846460343,zero_to_positive
LOW,2016Q2,"Lowe's Companies, Inc.",Retail,2016,0.0,0.22816006441,0.22816006441,0.0,0.000171438367907,0.0486504660085453,zero_to_positive
TYL,2022Q3,"Tyler Technologies, Inc.",Technology,2022,0.0,0.22788658488,0.22788658488,0.0,0.000171232876712,0.0508234387103521,zero_to_positive
ENB,2020Q1,Enbridge Inc.,Energy,2020,0.0,0.227815627724,0.227815627724,0.0,0.000171179559849,-0.0141375813567531,zero_to_positive
CBRL,2012Q2,"Cracker Barrel Old Country Store, Inc.",Retail,2012,0.0,0.227769579959,0.227769579959,0.0,0.000171144959781,-0.0003836315618719,zero_to_positive
NHI,2023Q4,"National Health Investors, Inc.",Real Estate,2023,0.0,0.227467817029,0.227467817029,0.0,0.000170918216576,0.0114822698885198,zero_to_positive
AMKR,2016Q3,"Amkor Technology, Inc.",Semiconductors,2016,0.0,0.227429837116,0.227429837116,0.0,0.000170889678653,0.1672132320169054,zero_to_positive
ASX,2017Q4,"ASE Technology Holding Co., Ltd.",Semiconductors,2017,0.0,0.22695389763,0.22695389763,0.0,0.000170532060027,-0.0256544303211002,zero_to_positive
PTEN,2014Q4,"Patterson-UTI Energy, Inc.",Energy,2014,0.0,0.226915201313,0.226915201313,0.0,0.000170502983802,-0.0484240870685762,zero_to_positive
APOG,2023Q4,"Apogee Enterprises, Inc.",Industrials,2023,0.0,0.226915201313,0.226915201313,0.0,0.000170502983802,0.0199496671428451,zero_to_positive
ASX,2023Q1,"ASE Technology Holding Co., Ltd.",Semiconductors,2023,0.0,0.22687651819,0.22687651819,0.0,0.000170473917491,0.0148625238878388,zero_to_positive
UMH,2019Q3,"UMH Properties, Inc.",Real Estate,2019,0.0,0.226796490467,0.226796490467,0.0,0.000170413785047,-0.041715958887944,zero_to_positive
POWI,2022Q4,"Power Integrations, Inc.",Semiconductors,2022,0.0,0.226413347346,0.226413347346,0.0,0.000170125893161,-0.0322996062232982,zero_to_positive
BOH,2011Q3,Bank of Hawaii Corporation,Financial Services,2011,0.0,0.226220917168,0.226220917168,0.0,0.000169981302057,-0.0035197752819165,zero_to_positive
POWI,2016Q1,"Power Integrations, Inc.",Semiconductors,2016,0.0,0.226103547498,0.226103547498,0.0,0.000169893111055,-0.0132618504907112,zero_to_positive
ACLS,2016Q4,"Axcelis Technologies, Inc.",Semiconductors,2016,0.0,0.225875365869,0.225875365869,0.0,0.000169721656483,-0.2006182755010849,zero_to_positive
SON,2024Q4,Sonoco Products Company,Retail,2024,0.0,0.225263651947,0.225263651947,0.0,0.000169262017603,-0.0174739190120788,zero_to_positive
SKT,2012Q2,Tanger Inc.,Real Estate,2012,0.0,0.22514932426,0.22514932426,0.0,0.000169176112333,0.0151544442248765,zero_to_positive
AME,2024Q1,"AMETEK, Inc.",Industrials,2024,0.0,0.224883010426,0.224883010426,0.0,0.000168976005407,-0.0070403210278199,zero_to_positive
JJSF,2024Q4,J&J Snack Foods Corp.,Consumer Goods,2024,0.0,0.224359462027,0.224359462027,0.0,0.000168582613675,-0.0423994570530039,zero_to_positive
BCS,2020Q4,Barclays PLC,Financial Services,2020,0.0,0.224163324188,0.224163324188,0.0,0.000168435236652,0.0668081602357029,zero_to_positive
RYN,2019Q1,Rayonier Inc.,Real Estate,2019,0.0,0.224125573544,0.224125573544,0.0,0.000168406871,-0.0450252850355639,zero_to_positive
DOC,2016Q1,"Healthpeak Properties, Inc.",Real Estate,2016,0.0,0.223937010887,0.223937010887,0.0,0.000168265185933,-0.2101163765634973,zero_to_positive
DINO,2014Q4,HF Sinclair Corporation,Energy,2014,0.0,0.223560835831,0.223560835831,0.0,0.000167982529817,-0.0399959970062551,zero_to_positive
TYL,2023Q2,"Tyler Technologies, Inc.",Technology,2023,0.0,0.222924230436,0.222924230436,0.0,0.000167504187605,0.0401627700485632,zero_to_positive
AFG,2023Q1,"American Financial Group, Inc.",Financial Services,2023,0.0,0.222774967476,0.222774967476,0.0,0.000167392032139,-0.0511018278125625,zero_to_positive
GD,2018Q1,General Dynamics Corporation,Industrials,2018,0.0,0.222477040405,0.222477040405,0.0,0.00016716817118,0.0878781149480359,zero_to_positive
CPT,2024Q2,Camden Property Trust,Real Estate,2024,0.0,0.222179909132,0.222179909132,0.0,0.00016694490818,0.045461810103929,zero_to_positive
TTI,2024Q2,"TETRA Technologies, Inc.",Energy,2024,0.0,0.221957581004,0.221957581004,0.0,0.000166777851901,-0.1760526270437497,zero_to_positive
MDT,2014Q4,Medtronic plc,Healthcare,2014,0.0,0.221569575577,0.221569575577,0.0,0.000166486306501,0.03196448186024,zero_to_positive
NOC,2016Q4,Northrop Grumman Corporation,Industrials,2016,0.0,0.221418046381,0.221418046381,0.0,0.000166372448197,0.0280017789657761,zero_to_positive
VECO,2014Q3,Veeco Instruments Inc.,Semiconductors,2014,0.0,0.220889237461,0.220889237461,0.0,0.000165975103734,-0.0019838732424565,zero_to_positive
MSI,2020Q2,"Motorola Solutions, Inc.",Technology,2020,0.0,0.220852581431,0.220852581431,0.0,0.000165947560571,-0.0476949493154997,zero_to_positive
BMI,2012Q1,"Badger Meter, Inc.",Technology,2012,0.0,0.220049215559,0.220049215559,0.0,0.000165343915344,-0.0540608438921879,zero_to_positive
NHI,2018Q2,"National Health Investors, Inc.",Real Estate,2018,0.0,0.219867446837,0.219867446837,0.0,0.000165207335206,0.018767771285237,zero_to_positive
AGYS,2022Q4,"Agilysys, Inc.",Technology,2022,0.0,0.219794823402,0.219794823402,0.0,0.000165152766309,0.0920014646540224,zero_to_positive
BC,2011Q2,Brunswick Corporation,Retail,2011,0.0,0.21883116522,0.21883116522,0.0,0.000164428678215,-0.1216778502411001,zero_to_positive
UDR,2013Q2,"UDR, Inc.",Real Estate,2013,0.0,0.218567524339,0.218567524339,0.0,0.000164230579734,0.0031605787777238,zero_to_positive
OKE,2016Q4,"ONEOK, Inc.",Energy,2016,0.0,0.218137625914,0.218137625914,0.0,0.000163907556138,-0.0369506624012822,zero_to_positive
MATX,2012Q4,"Matson, Inc.",Industrials,2012,0.0,0.218030415416,0.218030415416,0.0,0.000163826998689,0.0717723336902981,zero_to_positive
GSK,2012Q2,GSK plc,Healthcare,2012,0.0,0.21800310021,0.21800310021,0.0,0.000163806474176,-0.0363105841545862,zero_to_positive
CPT,2024Q1,Camden Property Trust,Real Estate,2024,0.0,0.217673806952,0.217673806952,0.0,0.000163559044815,0.0286967800201068,zero_to_positive
AFL,2024Q1,Aflac Incorporated,Financial Services,2024,0.0,0.217531489981,0.217531489981,0.0,0.000163452108532,-0.102368095256612,zero_to_positive
KR,2021Q1,The Kroger Co.,Consumer Goods,2021,0.0,0.217321047158,0.217321047158,0.0,0.000163293982814,0.0481815691265803,zero_to_positive
BXMT,2021Q4,"Blackstone Mortgage Trust, Inc.",Real Estate,2021,0.0,0.217105653459,0.217105653459,0.0,0.000163132137031,0.0159901490734802,zero_to_positive
SLB,2023Q4,SLB N.V.,Energy,2023,0.0,0.216752061189,0.216752061189,0.0,0.000162866449511,0.0048964777078526,zero_to_positive
ACH,2015Q2,"Accendra Health, Inc.",Healthcare,2015,0.0,0.216716765299,0.216716765299,0.0,0.00016283992835,0.0394545967504755,zero_to_positive
WY,2017Q1,Weyerhaeuser Company,Real Estate,2017,0.0,0.216646207993,0.216646207993,0.0,0.000162786911932,-0.0073183060041522,zero_to_positive
LXP,2010Q1,LXP Industrial Trust,Real Estate,2010,0.0,0.21641739738,0.21641739738,0.0,0.000162614984745,-0.0352183924259304,zero_to_positive
SYY,2016Q1,Sysco Corporation,Consumer Goods,2016,0.0,0.216366619014,0.216366619014,0.0,0.000162576830127,0.0832754026980691,zero_to_positive
CPT,2022Q1,Camden Property Trust,Real Estate,2022,0.0,0.215978197939,0.215978197939,0.0,0.000162284972412,0.0239083988588434,zero_to_positive
JKHY,2019Q2,"Jack Henry & Associates, Inc.",Technology,2019,0.0,0.215809625611,0.215809625611,0.0,0.00016215830798,-0.0496033221994872,zero_to_positive
BC,2015Q2,Brunswick Corporation,Retail,2015,0.0,0.215510558087,0.215510558087,0.0,0.00016193359009,-0.0620847641366202,zero_to_positive
LYTS,2010Q4,LSI Industries Inc.,Technology,2010,0.0,0.215209840832,0.215209840832,0.0,0.0001617076326,0.244634213989295,zero_to_positive
IBM,2018Q4,International Business Machines Corporation,Technology,2018,0.0,0.215098152983,0.215098152983,0.0,0.000161623710891,-0.0675180362053068,zero_to_positive
MSI,2020Q3,"Motorola Solutions, Inc.",Technology,2020,0.0,0.21489708634,0.21489708634,0.0,0.000161472630389,0.0389373238749411,zero_to_positive
WRB,2016Q1,W. R. Berkley Corporation,Financial Services,2016,0.0,0.214170849003,0.214170849003,0.0,0.00016092693917,0.0221438959770787,zero_to_positive
SPG,2016Q4,"Simon Property Group, Inc.",Real Estate,2016,0.0,0.214033074253,0.214033074253,0.0,0.000160823415889,-0.0645588934965201,zero_to_positive
CB,2018Q4,Chubb Limited,Financial Services,2018,0.0,0.213895476648,0.213895476648,0.0,0.000160720025715,0.0067771414367321,zero_to_positive
TTI,2013Q3,"TETRA Technologies, Inc.",Energy,2013,0.0,0.213620811509,0.213620811509,0.0,0.00016051364366,0.1389485028124169,zero_to_positive
WHR,2012Q4,Whirlpool Corporation,Retail,2012,0.0,0.213552255408,0.213552255408,0.0,0.000160462130937,0.1209274764551447,zero_to_positive
ELME,2014Q1,Elme Communities,Real Estate,2014,0.0,0.213278470465,0.213278470465,0.0,0.000160256410256,-0.0111320453849613,zero_to_positive
RLI,2013Q2,RLI Corp.,Financial Services,2013,0.0,0.213067128059,0.213067128059,0.0,0.000160097608595,-0.0156779790756193,zero_to_positive
GEN,2021Q2,Gen Digital Inc.,Technology,2021,0.0,0.212904315747,0.212904315747,0.0,0.000159975272212,0.1237996805631564,zero_to_positive
RTX,2019Q4,RTX Corporation,Industrials,2019,0.0,0.212767011303,0.212767011303,0.0,0.000159872102318,0.0120038479647917,zero_to_positive
TSN,2024Q3,"Tyson Foods, Inc.",Consumer Goods,2024,0.0,0.212563113832,0.212563113832,0.0,0.000159718894745,0.0212110402417332,zero_to_positive
VNO,2023Q2,Vornado Realty Trust,Real Estate,2023,0.0,0.212429055572,0.212429055572,0.0,0.000159618164018,0.0028205033812215,zero_to_positive
PNC,2016Q2,"The PNC Financial Services Group, Inc.",Financial Services,2016,0.0,0.212427399154,0.212427399154,0.0,0.000159616919393,-0.0101162713539931,zero_to_positive
MDT,2024Q1,Medtronic plc,Healthcare,2024,0.0,0.212088869435,0.212088869435,0.0,0.000159362549801,0.0191509945103994,zero_to_positive
AOS,2023Q4,A. O. Smith Corporation,Industrials,2023,0.0,0.21192000887,0.21192000887,0.0,0.00015923566879,0.0504090193648315,zero_to_positive
CHE,2022Q3,Chemed Corporation,Healthcare,2022,0.0,0.211746160789,0.211746160789,0.0,0.000159105040184,-0.0902013728531768,zero_to_positive
UMC,2013Q2,United Microelectronics Corporation,Semiconductors,2013,0.0,0.211600397026,0.211600397026,0.0,0.000158995513997,0.0619082474559414,zero_to_positive
CGNX,2013Q1,Cognex Corporation,Technology,2013,0.0,0.211515838478,0.211515838478,0.0,0.000158931977114,0.0186526973714355,zero_to_positive
AME,2019Q2,"AMETEK, Inc.",Industrials,2019,0.0,0.211347888789,0.211347888789,0.0,0.00015880578053,-0.001652573334863,zero_to_positive
CHE,2020Q1,Chemed Corporation,Healthcare,2020,0.0,0.21132219035,0.21132219035,0.0,0.000158786470848,0.0225697992920632,zero_to_positive
LTC,2014Q4,"LTC Properties, Inc.",Real Estate,2014,0.0,0.211012788283,0.211012788283,0.0,0.000158553987633,0.0133373213087375,zero_to_positive
PRG,2022Q1,"PROG Holdings, Inc.",Industrials,2022,0.0,0.210945895657,0.210945895657,0.0,0.000158503724838,-0.1425405812539411,zero_to_positive
OII,2012Q1,"Oceaneering International, Inc.",Energy,2012,0.0,0.210845636201,0.210845636201,0.0,0.000158428390368,-0.0046830558489694,zero_to_positive
OSUR,2021Q3,"OraSure Technologies, Inc.",Healthcare,2021,0.0,0.210826367224,0.210826367224,0.0,0.000158413911751,0.0224030091345036,zero_to_positive
INTC,2014Q2,Intel Corporation,Semiconductors,2014,0.0,0.210445549605,0.210445549605,0.0,0.000158127767236,0.0005220370570744,zero_to_positive
SLM,2013Q2,SLM Corporation,Financial Services,2013,0.0,0.210212866167,0.210212866167,0.0,0.000157952930027,-0.0308197631103355,zero_to_positive
AFG,2018Q4,"American Financial Group, Inc.",Financial Services,2018,0.0,0.210013832366,0.210013832366,0.0,0.000157803376992,-0.0210555882929834,zero_to_positive
AXTI,2018Q2,"AXT, Inc.",Semiconductors,2018,0.0,0.209947571494,0.209947571494,0.0,0.000157753588894,0.0154473958991324,zero_to_positive
FDX,2015Q3,FedEx Corporation,Industrials,2015,0.0,0.209850534195,0.209850534195,0.0,0.000157680675537,-0.0285140969107075,zero_to_positive
WST,2018Q3,"West Pharmaceutical Services, Inc.",Healthcare,2018,0.0,0.209848258547,0.209848258547,0.0,0.000157678965626,0.1122967862883179,zero_to_positive
BDX,2018Q1,"Becton, Dickinson and Company",Healthcare,2018,0.0,0.209831715523,0.209831715523,0.0,0.000157666535278,-0.0220250809082543,zero_to_positive
HWM,2023Q3,Howmet Aerospace Inc.,Industrials,2023,0.0,0.209782102097,0.209782102097,0.0,0.00015762925599,-0.0455490828232665,zero_to_positive
FSS,2014Q4,Federal Signal Corporation,Industrials,2014,0.0,0.209725397774,0.209725397774,0.0,0.000157586648636,0.1051376394745385,zero_to_positive
VECO,2012Q3,Veeco Instruments Inc.,Semiconductors,2012,0.0,0.209715987347,0.209715987347,0.0,0.000157579577687,0.0619975524418327,zero_to_positive
PHM,2013Q2,"PulteGroup, Inc.",Retail,2013,0.0,0.209320172334,0.209320172334,0.0,0.000157282164203,0.0796807451757177,zero_to_positive
BKTI,2023Q2,BK Technologies Corporation,Technology,2023,0.0,0.208968525422,0.208968525422,0.0,0.000157017938415,-0.0269512080334357,zero_to_positive
GTY,2013Q1,Getty Realty Corp.,Real Estate,2013,0.0,0.208841309446,0.208841309446,0.0,0.000156922348946,0.0227908901491146,zero_to_positive
DIOD,2015Q1,Diodes Incorporated,Semiconductors,2015,0.0,0.208729243366,0.208729243366,0.0,0.000156838143036,-0.0207003940541934,zero_to_positive
XRAY,2012Q4,DENTSPLY SIRONA Inc.,Healthcare,2012,0.0,0.208663790483,0.208663790483,0.0,0.000156788962057,0.0089501250431132,zero_to_positive
NHI,2015Q4,"National Health Investors, Inc.",Real Estate,2015,0.0,0.20863224666,0.20863224666,0.0,0.000156765260181,-0.0032621548696811,zero_to_positive
QDEL,2024Q3,QuidelOrtho Corporation,Healthcare,2024,0.0,0.208598378637,0.208598378637,0.0,0.000156739811912,0.0830736764738362,zero_to_positive
AOS,2015Q1,A. O. Smith Corporation,Industrials,2015,0.0,0.20788154572,0.20788154572,0.0,0.000156201187129,0.0876672438459286,zero_to_positive
GL,2013Q3,Globe Life Inc.,Financial Services,2013,0.0,0.207719315702,0.207719315702,0.0,0.000156079288278,0.0058708131225282,zero_to_positive
SYNA,2024Q2,Synaptics Incorporated,Semiconductors,2024,0.0,0.20765449457,0.20765449457,0.0,0.000156030581994,-0.0312290060290517,zero_to_positive
SMTC,2023Q1,Semtech Corporation,Semiconductors,2023,0.0,0.207169622619,0.207169622619,0.0,0.000155666251557,-0.1904826118931759,zero_to_positive
ETN,2017Q4,Eaton Corporation plc,Industrials,2017,0.0,0.207044482149,0.207044482149,0.0,0.000155572221614,0.0250442827758471,zero_to_positive
NWL,2013Q1,Newell Brands Inc.,Consumer Goods,2013,0.0,0.206999152214,0.206999152214,0.0,0.00015553816092,-0.0066096174387527,zero_to_positive
CNMD,2019Q3,CONMED Corporation,Healthcare,2019,0.0,0.206913411501,0.206913411501,0.0,0.000155473735763,0.0748449562315299,zero_to_positive
AFL,2015Q3,Aflac Incorporated,Financial Services,2015,0.0,0.206719113964,0.206719113964,0.0,0.000155327741535,0.0310467849853171,zero_to_positive
ERIC,2018Q4,Telefonaktiebolaget LM Ericsson (publ),Technology,2018,0.0,0.206366515072,0.206366515072,0.0,0.000155062800434,0.0802278350895871,zero_to_positive
CL,2024Q1,Colgate-Palmolive Company,Consumer Goods,2024,0.0,0.206366515072,0.206366515072,0.0,0.000155062800434,0.0340250038524815,zero_to_positive
CACI,2014Q1,CACI International Inc,Technology,2014,0.0,0.206265763722,0.206265763722,0.0,0.000154987096357,-0.0383190069555034,zero_to_positive
RTX,2019Q1,RTX Corporation,Industrials,2019,0.0,0.206238595336,0.206238595336,0.0,0.000154966682163,0.037794333043633,zero_to_positive
ELME,2013Q2,Elme Communities,Real Estate,2013,0.0,0.205910668798,0.205910668798,0.0,0.00015472027975,-0.0011370297943012,zero_to_positive
STM,2016Q1,STMicroelectronics N.V.,Semiconductors,2016,0.0,0.205792122422,0.205792122422,0.0,0.000154631204577,0.0415073134817044,zero_to_positive
ERIC,2018Q2,Telefonaktiebolaget LM Ericsson (publ),Technology,2018,0.0,0.205760305458,0.205760305458,0.0,0.000154607297464,0.1653912271459563,zero_to_positive
MSFT,2019Q2,Microsoft Corporation,Technology,2019,0.0,0.205633135924,0.205633135924,0.0,0.000154511742892,0.0211015512672832,zero_to_positive
ENTG,2020Q4,"Entegris, Inc.",Semiconductors,2020,0.0,0.205569610087,0.205569610087,0.0,0.000154464009886,-0.0354862360762911,zero_to_positive
ACLS,2023Q1,"Axcelis Technologies, Inc.",Semiconductors,2023,0.0,0.205442676089,0.205442676089,0.0,0.000154368632294,0.0859652768202572,zero_to_positive
SKT,2014Q4,Tanger Inc.,Real Estate,2014,0.0,0.205410967079,0.205410967079,0.0,0.000154344806297,-0.0106537134210241,zero_to_positive
PBI,2012Q2,Pitney Bowes Inc.,Industrials,2012,0.0,0.205189277783,0.205189277783,0.0,0.000154178230034,-0.058426574389627,zero_to_positive
CAMT,2024Q2,Camtek Ltd.,Semiconductors,2024,0.0,0.205094414502,0.205094414502,0.0,0.000154106950223,0.0604958540126661,zero_to_positive
MSI,2011Q4,"Motorola Solutions, Inc.",Technology,2011,0.0,0.204904950839,0.204904950839,0.0,0.000153964588145,-0.0089110436083383,zero_to_positive
PGR,2015Q4,The Progressive Corporation,Financial Services,2015,0.0,0.204432819616,0.204432819616,0.0,0.000153609831029,0.0193162259098094,zero_to_positive
WDC,2012Q3,Western Digital Corporation,Technology,2012,0.0,0.204401421548,0.204401421548,0.0,0.000153586238673,0.2139300417082031,zero_to_positive
KLAC,2014Q1,KLA Corporation,Semiconductors,2014,0.0,0.204338654338,0.204338654338,0.0,0.000153539075695,0.0096683308981565,zero_to_positive
EMR,2019Q1,Emerson Electric Co.,Industrials,2019,0.0,0.204287388203,0.204287388203,0.0,0.000153500554569,-0.0104948584336762,zero_to_positive
STAA,2013Q2,STAAR Surgical Company,Healthcare,2013,0.0,0.204056678274,0.204056678274,0.0,0.000153327200245,0.2387918366619683,zero_to_positive
HAE,2016Q4,Haemonetics Corporation,Healthcare,2016,0.0,0.203994122578,0.203994122578,0.0,0.000153280196199,0.0839913149341794,zero_to_positive
DHR,2021Q4,Danaher Corporation,Healthcare,2021,0.0,0.20275101397,0.20275101397,0.0,0.000152346130408,-0.0072516749258242,zero_to_positive
SU,2016Q4,Suncor Energy Inc.,Energy,2016,0.0,0.202671325327,0.202671325327,0.0,0.000152286252747,0.0532401485433019,zero_to_positive
CL,2022Q2,Colgate-Palmolive Company,Consumer Goods,2022,0.0,0.20247339962,0.20247339962,0.0,0.000152137532329,-0.0586679458859815,zero_to_positive
SAN,2020Q3,"Banco Santander, S.A.",Financial Services,2020,0.0,0.202381030368,0.202381030368,0.0,0.000152068126521,-0.0734817531562375,zero_to_positive
UL,2024Q4,Unilever PLC,Consumer Goods,2024,0.0,0.202340215247,0.202340215247,0.0,0.000152037458236,-0.0132819781588056,zero_to_positive
PAYX,2010Q4,"Paychex, Inc.",Technology,2010,0.0,0.2020198201,0.2020198201,0.0,0.000151796714874,-0.0145894196811529,zero_to_positive
SLAB,2011Q2,Silicon Laboratories Inc.,Semiconductors,2011,0.0,0.201584013284,0.201584013284,0.0,0.000151469251742,-0.0202162092167242,zero_to_positive
ALX,2023Q2,"Alexander's, Inc.",Real Estate,2023,0.0,0.201343783895,0.201343783895,0.0,0.000151288744541,-0.022591815760568,zero_to_positive
AVY,2014Q1,Avery Dennison Corporation,Retail,2014,0.0,0.201157444937,0.201157444937,0.0,0.000151148730351,0.0011607837787224,zero_to_positive
MEI,2016Q4,"Methode Electronics, Inc.",Technology,2016,0.0,0.201066272202,0.201066272202,0.0,0.000151080223599,0.0708376911351566,zero_to_positive
WKC,2015Q2,World Kinect Corporation,Energy,2015,0.0,0.200611645418,0.200611645418,0.0,0.000150738619234,-0.0663915945163327,zero_to_positive
WRB,2021Q2,W. R. Berkley Corporation,Financial Services,2021,0.0,0.200424805529,0.200424805529,0.0,0.000150598228646,0.002818797352077,zero_to_positive
BBY,2022Q2,"Best Buy Co., Inc.",Retail,2022,0.0,0.200008664818,0.200008664818,0.0,0.000150285542531,0.0992513331316508,zero_to_positive
GD,2020Q2,General Dynamics Corporation,Industrials,2020,0.0,0.199680066341,0.199680066341,0.0,0.000150038635225,-0.049711142172078,zero_to_positive
SU,2020Q4,Suncor Energy Inc.,Energy,2020,0.0,0.199558802774,0.199558802774,0.0,0.000149947518369,-0.0313434725040697,zero_to_positive
HPQ,2014Q3,HP Inc.,Technology,2014,0.0,0.1993057442,0.1993057442,0.0,0.000149757371381,0.033371901099304,zero_to_positive
ROG,2010Q3,Rogers Corporation,Technology,2010,0.0,0.199230187979,0.199230187979,0.0,0.000149700598802,0.0096028465998322,zero_to_positive
GAP,2016Q1,"The Gap, Inc.",Retail,2016,0.0,0.198754130183,0.198754130183,0.0,0.000149342891278,-0.040572596671134,zero_to_positive
AMAT,2011Q3,"Applied Materials, Inc.",Semiconductors,2011,0.0,0.198754130183,0.198754130183,0.0,0.000149342891278,-0.0424203565642233,zero_to_positive
LSCC,2016Q1,Lattice Semiconductor Corporation,Semiconductors,2016,0.0,0.198694782876,0.198694782876,0.0,0.000149298297999,0.1054464196976827,zero_to_positive
USB,2013Q2,U.S. Bancorp,Financial Services,2013,0.0,0.198546569551,0.198546569551,0.0,0.000149186931225,-0.0254195347684942,zero_to_positive
CCK,2016Q1,"Crown Holdings, Inc.",Retail,2016,0.0,0.198369005172,0.198369005172,0.0,0.00014905351021,0.045072762241533,zero_to_positive
GAP,2015Q3,"The Gap, Inc.",Retail,2015,0.0,0.198250805259,0.198250805259,0.0,0.000148964695367,-0.0009380893462018,zero_to_positive
WKC,2019Q2,World Kinect Corporation,Energy,2019,0.0,0.198132746122,0.198132746122,0.0,0.000148875986303,0.0157900473999117,zero_to_positive
THC,2020Q4,Tenet Healthcare Corporation,Healthcare,2020,0.0,0.198103253305,0.198103253305,0.0,0.000148853825543,0.0003052560917535,zero_to_positive
LNC,2022Q1,Lincoln National Corporation,Financial Services,2022,0.0,0.198044294003,0.198044294003,0.0,0.00014880952381,-0.048889443694202,zero_to_positive
MBI,2021Q3,MBIA Inc.,Financial Services,2021,0.0,0.198027085659,0.198027085659,0.0,0.000148796593543,-0.0762444509782841,zero_to_positive
WY,2010Q3,Weyerhaeuser Company,Real Estate,2010,0.0,0.197985369786,0.197985369786,0.0,0.000148765248438,8.701789722219758e-05,zero_to_positive
WSO,2024Q3,"Watsco, Inc.",Industrials,2024,0.0,0.197740623663,0.197740623663,0.0,0.000148581347386,-0.0374608948438068,zero_to_positive
CNA,2022Q3,CNA Financial Corporation,Financial Services,2022,0.0,0.197671064888,0.197671064888,0.0,0.000148529081259,-0.0423211270530712,zero_to_positive
NHI,2012Q2,"National Health Investors, Inc.",Real Estate,2012,0.0,0.19721012195,0.19721012195,0.0,0.000148182730967,-0.0080583987568203,zero_to_positive
KLAC,2024Q3,KLA Corporation,Semiconductors,2024,0.0,0.197134891972,0.197134891972,0.0,0.000148126203525,-0.0009191078564056,zero_to_positive
CBRL,2012Q4,"Cracker Barrel Old Country Store, Inc.",Retail,2012,0.0,0.197076507582,0.197076507582,0.0,0.000148082333778,-0.0660646174188964,zero_to_positive
OXY,2021Q3,Occidental Petroleum Corporation,Energy,2021,0.0,0.196901561725,0.196901561725,0.0,0.000147950880308,0.0176682180557785,zero_to_positive
WY,2014Q3,Weyerhaeuser Company,Real Estate,2014,0.0,0.196785103608,0.196785103608,0.0,0.000147863374242,0.0088708911420756,zero_to_positive
NVDA,2021Q4,NVIDIA Corporation,Semiconductors,2021,0.0,0.196639724542,0.196639724542,0.0,0.000147754137116,0.0403331466269565,zero_to_positive
MGPI,2024Q4,"MGP Ingredients, Inc.",Consumer Goods,2024,0.0,0.196147038423,0.196147038423,0.0,0.000147383935151,-0.2058089675664884,zero_to_positive
TSN,2012Q3,"Tyson Foods, Inc.",Consumer Goods,2012,0.0,0.195744965026,0.195744965026,0.0,0.000147081819147,-0.0387322901480131,zero_to_positive
JBSS,2019Q1,"John B. Sanfilippo & Son, Inc.",Consumer Goods,2019,0.0,0.195731429178,0.195731429178,0.0,0.000147071648376,0.0588498674661349,zero_to_positive
BDN,2018Q3,Brandywine Realty Trust,Real Estate,2018,0.0,0.195455669805,0.195455669805,0.0,0.000146864444118,-0.01404939873389,zero_to_positive
SU,2023Q3,Suncor Energy Inc.,Energy,2023,0.0,0.195398275687,0.195398275687,0.0,0.000146821318455,0.0084100304521434,zero_to_positive
TRV,2022Q2,"The Travelers Companies, Inc.",Financial Services,2022,0.0,0.195369591266,0.195369591266,0.0,0.00014679976512,-0.0541144001848866,zero_to_positive
MBI,2016Q3,MBIA Inc.,Financial Services,2016,0.0,0.195199281498,0.195199281498,0.0,0.000146671795186,-0.0156592693165547,zero_to_positive
NVO,2010Q3,Novo Nordisk A/S,Healthcare,2010,0.0,0.195111809955,0.195111809955,0.0,0.000146606069491,0.005552245083802,zero_to_positive
HR,2017Q2,Healthcare Realty Trust Incorporated,Real Estate,2017,0.0,0.195003803047,0.195003803047,0.0,0.000146524913623,-0.0136226061170064,zero_to_positive
COO,2016Q2,"The Cooper Companies, Inc.",Healthcare,2016,0.0,0.194911783202,0.194911783202,0.0,0.000146455770357,-0.0043859382076268,zero_to_positive
COP,2019Q4,ConocoPhillips,Energy,2019,0.0,0.194598282746,0.194598282746,0.0,0.000146220207633,-0.0030396593281938,zero_to_positive
PSA,2010Q3,Public Storage,Real Estate,2010,0.0,0.194512957571,0.194512957571,0.0,0.000146156094709,-0.0217172109619566,zero_to_positive
CDNS,2014Q2,"Cadence Design Systems, Inc.",Technology,2014,0.0,0.194484532471,0.194484532471,0.0,0.000146134736227,-0.0082316451215608,zero_to_positive
USB,2019Q2,U.S. Bancorp,Financial Services,2019,0.0,0.194229079933,0.194229079933,0.0,0.000145942790426,0.0171688526166295,zero_to_positive
SWKS,2012Q1,"Skyworks Solutions, Inc.",Semiconductors,2012,0.0,0.194030858099,0.194030858099,0.0,0.0001457938475,0.1194692385576681,zero_to_positive
CAL,2013Q4,"Caleres, Inc.",Retail,2013,0.0,0.193861275412,0.193861275412,0.0,0.000145666423889,-0.0067214789395743,zero_to_positive
SCI,2018Q2,Service Corporation International,Retail,2018,0.0,0.193522997776,0.193522997776,0.0,0.000145412243711,-0.0318752001054249,zero_to_positive
EMR,2024Q3,Emerson Electric Co.,Industrials,2024,0.0,0.193466732912,0.193466732912,0.0,0.000145369966565,-0.0405507763405736,zero_to_positive
AIT,2014Q1,"Applied Industrial Technologies, Inc.",Industrials,2014,0.0,0.193438612747,0.193438612747,0.0,0.000145348837209,0.0929826291716877,zero_to_positive
SPG,2023Q4,"Simon Property Group, Inc.",Real Estate,2023,0.0,0.193267396062,0.193267396062,0.0,0.000145220185821,0.033256986044046,zero_to_positive
CAL,2014Q1,"Caleres, Inc.",Retail,2014,0.0,0.192961817559,0.192961817559,0.0,0.000144990575613,0.0809189238397143,zero_to_positive
ETN,2015Q2,Eaton Corporation plc,Industrials,2015,0.0,0.192899230385,0.192899230385,0.0,0.000144943547914,0.0181180836439881,zero_to_positive
UMH,2021Q1,"UMH Properties, Inc.",Real Estate,2021,0.0,0.192758053979,0.192758053979,0.0,0.000144837468645,0.0091976547072096,zero_to_positive
AFL,2018Q4,Aflac Incorporated,Financial Services,2018,0.0,0.192626668939,0.192626668939,0.0,0.000144738746562,-0.0389954911128879,zero_to_positive
NOC,2019Q3,Northrop Grumman Corporation,Industrials,2019,0.0,0.192515211298,0.192515211298,0.0,0.00014465499783,0.0903116062927114,zero_to_positive
TXN,2024Q4,Texas Instruments Incorporated,Semiconductors,2024,0.0,0.192515211298,0.192515211298,0.0,0.00014465499783,0.0439264320576037,zero_to_positive
CUZ,2012Q2,Cousins Properties Incorporated,Real Estate,2012,0.0,0.192431702675,0.192431702675,0.0,0.000144592249855,-0.019691234317306,zero_to_positive
UMC,2024Q1,United Microelectronics Corporation,Semiconductors,2024,0.0,0.192376070498,0.192376070498,0.0,0.000144550448106,0.0137694787458337,zero_to_positive
AFG,2011Q1,"American Financial Group, Inc.",Financial Services,2011,0.0,0.192296398293,0.192296398293,0.0,0.000144490582797,-0.0020762400572928,zero_to_positive
UDR,2021Q3,"UDR, Inc.",Real Estate,2021,0.0,0.191584643393,0.191584643393,0.0,0.000143955773611,0.0050956525214686,zero_to_positive
TDW,2016Q3,Tidewater Inc.,Energy,2016,0.0,0.191325137392,0.191325137392,0.0,0.000143760782059,-0.1861979973547542,zero_to_positive
MSFT,2010Q1,Microsoft Corporation,Technology,2010,0.0,0.191160249311,0.191160249311,0.0,0.000143636885952,-0.030528416601013,zero_to_positive
BC,2013Q3,Brunswick Corporation,Retail,2013,0.0,0.191160249311,0.191160249311,0.0,0.000143636885952,0.1008661944728043,zero_to_positive
BDN,2011Q4,Brandywine Realty Trust,Real Estate,2011,0.0,0.191035216652,0.191035216652,0.0,0.000143542937018,0.0151798188904436,zero_to_positive
PNR,2023Q1,Pentair plc,Industrials,2023,0.0,0.190940840129,0.190940840129,0.0,0.000143472022956,0.0925456461758207,zero_to_positive
MO,2021Q2,"Altria Group, Inc.",Consumer Goods,2021,0.0,0.190886066509,0.190886066509,0.0,0.000143430866322,0.010389736887294,zero_to_positive
AFG,2016Q1,"American Financial Group, Inc.",Financial Services,2016,0.0,0.190724910884,0.190724910884,0.0,0.000143309774766,-0.0066347918040388,zero_to_positive
CL,2015Q4,Colgate-Palmolive Company,Consumer Goods,2015,0.0,0.190558083577,0.190558083577,0.0,0.000143184421535,-0.0235084799710831,zero_to_positive
UHS,2022Q4,"Universal Health Services, Inc.",Healthcare,2022,0.0,0.190291896458,0.190291896458,0.0,0.000142984409823,0.1559944302833459,zero_to_positive
STAA,2016Q4,STAAR Surgical Company,Healthcare,2016,0.0,0.19005658084,0.19005658084,0.0,0.000142807594806,0.0876433404369566,zero_to_positive
L,2015Q4,Loews Corporation,Financial Services,2015,0.0,0.190017556218,0.190017556218,0.0,0.000142778271894,0.0046191517446028,zero_to_positive
OKE,2014Q4,"ONEOK, Inc.",Energy,2014,0.0,0.189851306092,0.189851306092,0.0,0.000142653352354,-0.0349789113312481,zero_to_positive
HSY,2023Q3,The Hershey Company,Consumer Goods,2023,0.0,0.189688947506,0.189688947506,0.0,0.000142531356899,-0.0285437855991676,zero_to_positive
HP,2023Q1,"Helmerich & Payne, Inc.",Energy,2023,0.0,0.189553860661,0.189553860661,0.0,0.000142429853297,-0.0510035067639465,zero_to_positive
PTC,2020Q1,PTC Inc.,Technology,2020,0.0,0.189526866377,0.189526866377,0.0,0.000142409569923,0.0860549824890872,zero_to_positive
NC,2020Q4,"NACCO Industries, Inc.",Energy,2020,0.0,0.189276381412,0.189276381412,0.0,0.000142221356732,0.0677980374664721,zero_to_positive
SKT,2014Q2,Tanger Inc.,Real Estate,2014,0.0,0.18914975209,0.18914975209,0.0,0.000142126208073,-0.0061801457774224,zero_to_positive
CGNX,2012Q3,Cognex Corporation,Technology,2012,0.0,0.189090837857,0.189090837857,0.0,0.000142081940204,0.0564601282659999,zero_to_positive
IBM,2011Q4,International Business Machines Corporation,Technology,2011,0.0,0.188854499177,0.188854499177,0.0,0.000141904356464,-0.0638133202341962,zero_to_positive
EOG,2015Q1,"EOG Resources, Inc.",Energy,2015,0.0,0.188774135561,0.188774135561,0.0,0.000141843971631,-0.0198603162943083,zero_to_positive
RTX,2021Q2,RTX Corporation,Industrials,2021,0.0,0.188774135561,0.188774135561,0.0,0.000141843971631,0.026947947786807,zero_to_positive
NOC,2013Q3,Northrop Grumman Corporation,Industrials,2013,0.0,0.188533454555,0.188533454555,0.0,0.000141663125089,0.0197848966843052,zero_to_positive
TGT,2014Q4,Target Corporation,Consumer Goods,2014,0.0,0.188373341218,0.188373341218,0.0,0.000141542816702,0.0488692577025339,zero_to_positive
ADM,2021Q1,Archer-Daniels-Midland Company,Consumer Goods,2021,0.0,0.188213499604,0.188213499604,0.0,0.000141422712488,-0.0560975919207479,zero_to_positive
WDC,2016Q2,Western Digital Corporation,Technology,2016,0.0,0.187974245156,0.187974245156,0.0,0.000141242937853,-0.0777375898386016,zero_to_positive
KMB,2013Q3,Kimberly-Clark Corporation,Consumer Goods,2013,0.0,0.187974245156,0.187974245156,0.0,0.000141242937853,-0.010339565521031,zero_to_positive
C,2017Q1,Citigroup Inc.,Financial Services,2017,0.0,0.187697830211,0.187697830211,0.0,0.000141035241002,-0.0248530709968473,zero_to_positive
PTC,2010Q2,PTC Inc.,Technology,2010,0.0,0.187603278221,0.187603278221,0.0,0.000140964195094,-0.0125338305693902,zero_to_positive
SLAB,2018Q2,Silicon Laboratories Inc.,Semiconductors,2018,0.0,0.187550402438,0.187550402438,0.0,0.000140924464487,0.050676809656151,zero_to_positive
SLAB,2019Q4,Silicon Laboratories Inc.,Semiconductors,2019,0.0,0.187550402438,0.187550402438,0.0,0.000140924464487,0.0184580654027536,zero_to_positive
LNC,2016Q4,Lincoln National Corporation,Financial Services,2016,0.0,0.187471144626,0.187471144626,0.0,0.000140864910551,0.0593477570151276,zero_to_positive
SLAB,2016Q1,Silicon Laboratories Inc.,Semiconductors,2016,0.0,0.18744474024,0.18744474024,0.0,0.000140845070423,-0.0270941686240143,zero_to_positive
CVX,2012Q2,Chevron Corporation,Energy,2012,0.0,0.187365571688,0.187365571688,0.0,0.000140785583556,0.0056026447573509,zero_to_positive
TTI,2012Q3,"TETRA Technologies, Inc.",Energy,2012,0.0,0.187154782127,0.187154782127,0.0,0.0001406271973,-0.0053147089398772,zero_to_positive
JOE,2012Q3,The St. Joe Company,Real Estate,2012,0.0,0.187087549247,0.187087549247,0.0,0.00014057667884,-0.0086087512983737,zero_to_positive
GAP,2016Q2,"The Gap, Inc.",Retail,2016,0.0,0.186944466316,0.186944466316,0.0,0.000140469167018,0.0401352892605799,zero_to_positive
NVDA,2022Q4,NVIDIA Corporation,Semiconductors,2022,0.0,0.186918210071,0.186918210071,0.0,0.000140449438202,-0.0269470911441375,zero_to_positive
OII,2015Q2,"Oceaneering International, Inc.",Energy,2015,0.0,0.186708425323,0.186708425323,0.0,0.000140291806958,-0.0002842755169816,zero_to_positive
SWKS,2023Q1,"Skyworks Solutions, Inc.",Semiconductors,2023,0.0,0.186577548816,0.186577548816,0.0,0.000140193466984,0.089955612751787,zero_to_positive
MU,2023Q4,"Micron Technology, Inc.",Semiconductors,2023,0.0,0.186472979642,0.186472979642,0.0,0.000140114894213,0.047204963671002,zero_to_positive
CPT,2017Q4,Camden Property Trust,Real Estate,2017,0.0,0.186238127022,0.186238127022,0.0,0.000139938427092,-0.0038530444151609,zero_to_positive
NVDA,2024Q1,NVIDIA Corporation,Semiconductors,2024,0.0,0.186081886983,0.186081886983,0.0,0.000139821029083,0.0562800877573727,zero_to_positive
CAT,2013Q1,Caterpillar Inc.,Industrials,2013,0.0,0.18587397426,0.18587397426,0.0,0.000139664804469,0.0275913491783134,zero_to_positive
GTY,2022Q2,Getty Realty Corp.,Real Estate,2022,0.0,0.18576332322,0.18576332322,0.0,0.000139581661813,0.0006693482929276,zero_to_positive
RRX,2014Q1,Regal Rexnord Corporation,Industrials,2014,0.0,0.185485387554,0.185485387554,0.0,0.0001393728223,-0.0346709380580775,zero_to_positive
PLXS,2017Q2,Plexus Corp.,Technology,2017,0.0,0.185382038683,0.185382038683,0.0,0.000139295166458,-0.083405094236927,zero_to_positive
HAL,2018Q2,Halliburton Company,Energy,2018,0.0,0.185175686058,0.185175686058,0.0,0.000139140114095,-0.0086512145438172,zero_to_positive
DIOD,2013Q3,Diodes Incorporated,Semiconductors,2013,0.0,0.185175686058,0.185175686058,0.0,0.000139140114095,-0.1019866408202529,zero_to_positive
QCOM,2012Q4,QUALCOMM Incorporated,Semiconductors,2012,0.0,0.185098422212,0.185098422212,0.0,0.000139082058414,0.0481741134431906,zero_to_positive
SMTC,2017Q2,Semtech Corporation,Semiconductors,2017,0.0,0.185021222814,0.185021222814,0.0,0.000139024051161,-0.0309333546606607,zero_to_positive
BALL,2011Q4,Ball Corporation,Retail,2011,0.0,0.184559375357,0.184559375357,0.0,0.000138677021218,-0.0079989814001808,zero_to_positive
SWKS,2019Q2,"Skyworks Solutions, Inc.",Semiconductors,2019,0.0,0.184533784762,0.184533784762,0.0,0.000138657792568,-0.0225262424238514,zero_to_positive
ABEO,2016Q4,Abeona Therapeutics Inc.,Technology,2016,0.0,0.184394027242,0.184394027242,0.0,0.000138552779444,0.1029254301571233,zero_to_positive
AFL,2019Q2,Aflac Incorporated,Financial Services,2019,0.0,0.184354849107,0.184354849107,0.0,0.000138523341183,0.0075548313169916,zero_to_positive
RMBS,2019Q2,Rambus Inc.,Semiconductors,2019,0.0,0.184227250236,0.184227250236,0.0,0.000138427464009,-0.0539607273630171,zero_to_positive
GPC,2010Q1,Genuine Parts Company,Retail,2010,0.0,0.183820118191,0.183820118191,0.0,0.000138121546961,0.0493981653155756,zero_to_positive
UNP,2012Q2,Union Pacific Corporation,Industrials,2012,0.0,0.18359189622,0.18359189622,0.0,0.000137950062078,-0.0161521832656232,zero_to_positive
LNC,2013Q4,Lincoln National Corporation,Financial Services,2013,0.0,0.183414781657,0.183414781657,0.0,0.000137816979052,0.0122671348242508,zero_to_positive
ALKS,2020Q4,Alkermes plc,Healthcare,2020,0.0,0.183263240939,0.183263240939,0.0,0.00013770311209,0.0662327175346514,zero_to_positive
MMM,2017Q2,3M Company,Industrials,2017,0.0,0.183238008495,0.183238008495,0.0,0.000137684152554,0.0010747607548587,zero_to_positive
UMC,2014Q1,United Microelectronics Corporation,Semiconductors,2014,0.0,0.183221643202,0.183221643202,0.0,0.000137671855752,-0.0207684704898342,zero_to_positive
WFC,2013Q1,Wells Fargo & Company,Financial Services,2013,0.0,0.183185246372,0.183185246372,0.0,0.00013764450735,-0.008893512619974,zero_to_positive
SLB,2022Q4,SLB N.V.,Energy,2022,0.0,0.182935760234,0.182935760234,0.0,0.000137457044674,0.0868997430956801,zero_to_positive
NC,2011Q4,"NACCO Industries, Inc.",Energy,2011,0.0,0.182910617881,0.182910617881,0.0,0.000137438152831,0.0100868147825678,zero_to_positive
RTX,2011Q4,RTX Corporation,Industrials,2011,0.0,0.182885482438,0.182885482438,0.0,0.000137419266181,0.01579000701681,zero_to_positive
ADI,2018Q3,"Analog Devices, Inc.",Semiconductors,2018,0.0,0.182800011734,0.182800011734,0.0,0.000137355043908,0.0145694075453338,zero_to_positive
ROG,2016Q3,Rogers Corporation,Technology,2016,0.0,0.182684647317,0.182684647317,0.0,0.000137268359643,-0.152643941930933,zero_to_positive
INTC,2017Q4,Intel Corporation,Semiconductors,2017,0.0,0.182584395075,0.182584395075,0.0,0.000137193030594,0.0764243382278273,zero_to_positive
CB,2016Q4,Chubb Limited,Financial Services,2016,0.0,0.182434222852,0.182434222852,0.0,0.000137080191912,0.0440429820220725,zero_to_positive
CL,2015Q1,Colgate-Palmolive Company,Consumer Goods,2015,0.0,0.182434222852,0.182434222852,0.0,0.000137080191912,0.0336204590290735,zero_to_positive
OII,2012Q3,"Oceaneering International, Inc.",Energy,2012,0.0,0.182334245198,0.182334245198,0.0,0.000137005069188,-0.0017641798742528,zero_to_positive
RES,2019Q4,"RPC, Inc.",Energy,2019,0.0,0.182334245198,0.182334245198,0.0,0.000137005069188,-0.0732123219236597,zero_to_positive
CBU,2018Q1,"Community Financial System, Inc.",Financial Services,2018,0.0,0.182207968828,0.182207968828,0.0,0.000136910185734,0.0082038584199365,zero_to_positive
RHP,2017Q1,"Ryman Hospitality Properties, Inc.",Real Estate,2017,0.0,0.18196030294,0.18196030294,0.0,0.000136724090785,-0.0390394337721822,zero_to_positive
RVTY,2011Q4,"Revvity, Inc.",Healthcare,2011,0.0,0.181860843906,0.181860843906,0.0,0.000136649357748,-0.0322184229502873,zero_to_positive
PGR,2021Q3,The Progressive Corporation,Financial Services,2021,0.0,0.18176149354,0.18176149354,0.0,0.000136574706364,-0.0021100994055038,zero_to_positive
PGR,2023Q3,The Progressive Corporation,Financial Services,2023,0.0,0.181687051973,0.181687051973,0.0,0.000136518771331,-0.1116795741873615,zero_to_positive
CHD,2022Q2,"Church & Dwight Co., Inc.",Consumer Goods,2022,0.0,0.181687051973,0.181687051973,0.0,0.000136518771331,-0.059651321427099,zero_to_positive
CPB,2017Q2,The Campbell's Company,Consumer Goods,2017,0.0,0.181538351617,0.181538351617,0.0,0.000136407038603,0.0003067092330501,zero_to_positive
SLM,2012Q3,SLM Corporation,Financial Services,2012,0.0,0.181291057853,0.181291057853,0.0,0.000136221223267,-0.0624392343416824,zero_to_positive
DAIO,2020Q2,Data I/O Corporation,Technology,2020,0.0,0.181143013803,0.181143013803,0.0,0.000136109983684,0.0938777901575349,zero_to_positive
CCK,2023Q2,"Crown Holdings, Inc.",Retail,2023,0.0,0.181019811711,0.181019811711,0.0,0.000136017410229,0.0515231181815828,zero_to_positive
GL,2021Q3,Globe Life Inc.,Financial Services,2021,0.0,0.180779685982,0.180779685982,0.0,0.000135836980918,-0.0092050447731918,zero_to_positive
PLXS,2016Q3,Plexus Corp.,Technology,2016,0.0,0.180700292695,0.180700292695,0.0,0.000135777325187,-0.0250207265195754,zero_to_positive
SMTC,2018Q4,Semtech Corporation,Semiconductors,2018,0.0,0.180626717658,0.180626717658,0.0,0.00013572204126,0.0867544374850401,zero_to_positive
IDXX,2024Q2,"IDEXX Laboratories, Inc.",Healthcare,2024,0.0,0.180357454357,0.180357454357,0.0,0.000135519718119,-0.0536865111102339,zero_to_positive
CLX,2013Q1,The Clorox Company,Consumer Goods,2013,0.0,0.18030858362,0.18030858362,0.0,0.000135482996884,0.0090040784110133,zero_to_positive
LNC,2014Q1,Lincoln National Corporation,Financial Services,2014,0.0,0.18030858362,0.18030858362,0.0,0.000135482996884,0.0043073574394126,zero_to_positive
GCO,2013Q4,Genesco Inc.,Retail,2013,0.0,0.180235327154,0.180235327154,0.0,0.000135427952329,-0.0402832431963776,zero_to_positive
GPC,2010Q3,Genuine Parts Company,Retail,2010,0.0,0.18018652257,0.18018652257,0.0,0.000135391280802,0.0360464480444339,zero_to_positive
AFL,2020Q3,Aflac Incorporated,Financial Services,2020,0.0,0.179894249216,0.179894249216,0.0,0.000135171668018,-0.0185890529285685,zero_to_positive
BAX,2021Q2,Baxter International Inc.,Healthcare,2021,0.0,0.179651411407,0.179651411407,0.0,0.000134989200864,-0.0170889154404496,zero_to_positive
NFG,2020Q4,National Fuel Gas Company,Energy,2020,0.0,0.179643914451,0.179643914451,0.0,0.000134983567687,-0.0808066147205528,zero_to_positive
HAL,2023Q4,Halliburton Company,Energy,2023,0.0,0.179554459755,0.179554459755,0.0,0.000134916351862,-0.0265836348227761,zero_to_positive
EGP,2013Q3,"EastGroup Properties, Inc.",Real Estate,2013,0.0,0.179506023159,0.179506023159,0.0,0.000134879956838,0.0287073171553579,zero_to_positive
WMT,2010Q3,Walmart Inc.,Consumer Goods,2010,0.0,0.179264231641,0.179264231641,0.0,0.000134698275862,-0.0002930559213191,zero_to_positive
KR,2019Q3,The Kroger Co.,Consumer Goods,2019,0.0,0.17924008831,0.17924008831,0.0,0.00013468013468,0.0211876112686561,zero_to_positive
ELME,2015Q4,Elme Communities,Real Estate,2015,0.0,0.179167697321,0.179167697321,0.0,0.000134625740442,-0.0350493838922663,zero_to_positive
WDC,2012Q4,Western Digital Corporation,Technology,2012,0.0,0.179129591993,0.179129591993,0.0,0.000134597108283,0.0106815775799584,zero_to_positive
PSA,2022Q3,Public Storage,Real Estate,2022,0.0,0.179119469139,0.179119469139,0.0,0.000134589502019,0.0154450294702266,zero_to_positive
OII,2013Q1,"Oceaneering International, Inc.",Energy,2013,0.0,0.179119469139,0.179119469139,0.0,0.000134589502019,0.0245605715106847,zero_to_positive
SLM,2010Q4,SLM Corporation,Financial Services,2010,0.0,0.17897494025,0.17897494025,0.0,0.000134480903712,0.0267599554496137,zero_to_positive
OII,2016Q2,"Oceaneering International, Inc.",Energy,2016,0.0,0.178902763235,0.178902763235,0.0,0.000134426670251,-0.0767977686927498,zero_to_positive
PNR,2016Q4,Pentair plc,Industrials,2016,0.0,0.178854677557,0.178854677557,0.0,0.000134390538906,-0.0566048303244504,zero_to_positive
UDR,2022Q3,"UDR, Inc.",Real Estate,2022,0.0,0.178734576377,0.178734576377,0.0,0.000134300295461,-0.000838125974918,zero_to_positive
ELME,2023Q1,Elme Communities,Real Estate,2023,0.0,0.178564755974,0.178564755974,0.0,0.000134172693232,0.0112405461047657,zero_to_positive
WDC,2018Q4,Western Digital Corporation,Technology,2018,0.0,0.178446990574,0.178446990574,0.0,0.000134084204881,-0.1524521601611189,zero_to_positive
NOC,2019Q4,Northrop Grumman Corporation,Industrials,2019,0.0,0.178399149558,0.178399149558,0.0,0.000134048257373,-0.0304637089884867,zero_to_positive
BRC,2018Q2,Brady Corporation,Industrials,2018,0.0,0.178375238668,0.178375238668,0.0,0.000134030290846,-0.000367649875317,zero_to_positive
OKE,2020Q2,"ONEOK, Inc.",Energy,2020,0.0,0.178351334187,0.178351334187,0.0,0.000134012329134,-0.0623789067006412,zero_to_positive
PNC,2017Q4,"The PNC Financial Services Group, Inc.",Financial Services,2017,0.0,0.17830354444,0.17830354444,0.0,0.00013397642015,-0.0064427715853642,zero_to_positive
KLIC,2010Q2,"Kulicke and Soffa Industries, Inc.",Semiconductors,2010,0.0,0.178017342924,0.178017342924,0.0,0.000133761369716,0.0212012188749269,zero_to_positive
BCS,2013Q3,Barclays PLC,Financial Services,2013,0.0,0.177773688417,0.177773688417,0.0,0.000133578288899,-0.0790770220343513,zero_to_positive
SON,2012Q3,Sonoco Products Company,Retail,2012,0.0,0.177732058721,0.177732058721,0.0,0.000133547008547,-0.039044778705655,zero_to_positive
TDW,2010Q3,Tidewater Inc.,Energy,2010,0.0,0.177708326306,0.177708326306,0.0,0.000133529176125,-0.0493649103397272,zero_to_positive
MAS,2012Q4,Masco Corporation,Industrials,2012,0.0,0.177637167072,0.177637167072,0.0,0.000133475707421,0.068384346298459,zero_to_positive
KO,2022Q2,The Coca-Cola Company,Consumer Goods,2022,0.0,0.177637167072,0.177637167072,0.0,0.000133475707421,0.0073519648529593,zero_to_positive
NOC,2010Q3,Northrop Grumman Corporation,Industrials,2010,0.0,0.177495019432,0.177495019432,0.0,0.000133368898373,0.0089603685915745,zero_to_positive
LOW,2017Q3,"Lowe's Companies, Inc.",Retail,2017,0.0,0.177164224667,0.177164224667,0.0,0.000133120340788,-0.0378739451243069,zero_to_positive
CACI,2024Q3,CACI International Inc,Technology,2024,0.0,0.177140643645,0.177140643645,0.0,0.000133102622122,0.022685785356083,zero_to_positive
PSA,2020Q4,Public Storage,Real Estate,2020,0.0,0.176858160226,0.176858160226,0.0,0.000132890365449,-0.0454605378065034,zero_to_positive
ABT,2014Q1,Abbott Laboratories,Healthcare,2014,0.0,0.176855336277,0.176855336277,0.0,0.000132888243547,-0.0328989283236999,zero_to_positive
GAP,2022Q3,"The Gap, Inc.",Retail,2022,0.0,0.176740724529,0.176740724529,0.0,0.000132802124834,0.0212573866354214,zero_to_positive
RES,2015Q1,"RPC, Inc.",Energy,2015,0.0,0.176717256102,0.176717256102,0.0,0.000132784490771,0.0028054582319145,zero_to_positive
RTX,2013Q1,RTX Corporation,Industrials,2013,0.0,0.176506320385,0.176506320385,0.0,0.000132625994695,0.0136096339119077,zero_to_positive
INTC,2013Q1,Intel Corporation,Semiconductors,2013,0.0,0.176319244264,0.176319244264,0.0,0.000132485426603,-0.0449356122558757,zero_to_positive
DHR,2014Q4,Danaher Corporation,Healthcare,2014,0.0,0.176252398588,0.176252398588,0.0,0.000132435199086,0.0239908718861255,zero_to_positive
BEN,2022Q2,Franklin Templeton Inc.,Financial Services,2022,0.0,0.176109257073,0.176109257073,0.0,0.000132327643245,-0.0043719210182002,zero_to_positive
CNMD,2013Q3,CONMED Corporation,Healthcare,2013,0.0,0.175992813502,0.175992813502,0.0,0.000132240148109,0.0217334329216824,zero_to_positive
SYK,2010Q1,Stryker Corporation,Healthcare,2010,0.0,0.175830050958,0.175830050958,0.0,0.000132117849121,-0.0316883537419057,zero_to_positive
RIG,2010Q4,Transocean Ltd.,Energy,2010,0.0,0.175760387705,0.175760387705,0.0,0.00013206550449,-0.0280979067705169,zero_to_positive
FDX,2016Q3,FedEx Corporation,Industrials,2016,0.0,0.17564440487,0.17564440487,0.0,0.00013197835555,0.0656463767869991,zero_to_positive
MBI,2014Q2,MBIA Inc.,Financial Services,2014,0.0,0.175122049397,0.175122049397,0.0,0.000131585860176,0.0048173824463643,zero_to_positive
TER,2013Q1,"Teradyne, Inc.",Semiconductors,2013,0.0,0.175089811301,0.175089811301,0.0,0.000131561636627,-0.0602928022912965,zero_to_positive
PTEN,2023Q3,"Patterson-UTI Energy, Inc.",Energy,2023,0.0,0.174882740565,0.174882740565,0.0,0.000131406044678,0.0013053799398522,zero_to_positive
PHG,2014Q3,Koninklijke Philips N.V.,Healthcare,2014,0.0,0.174834072338,0.174834072338,0.0,0.000131369475608,0.0006580353597212,zero_to_positive
JJSF,2024Q3,J&J Snack Foods Corp.,Consumer Goods,2024,0.0,0.174743767775,0.174743767775,0.0,0.000131301621196,0.0288505483302863,zero_to_positive
HR,2018Q3,Healthcare Realty Trust Incorporated,Real Estate,2018,0.0,0.174653235656,0.174653235656,0.0,0.000131233595801,0.0243370707632231,zero_to_positive
MO,2021Q1,"Altria Group, Inc.",Consumer Goods,2021,0.0,0.174561602269,0.174561602269,0.0,0.000131164742917,-0.0090994055246072,zero_to_positive
VNO,2012Q2,Vornado Realty Trust,Real Estate,2012,0.0,0.174515821624,0.174515821624,0.0,0.000131130343562,0.0193694997468082,zero_to_positive
MSFT,2019Q1,Microsoft Corporation,Technology,2019,0.0,0.174492940304,0.174492940304,0.0,0.000131113150649,-0.0258558153643611,zero_to_positive
OXY,2010Q3,Occidental Petroleum Corporation,Energy,2010,0.0,0.17432943523,0.17432943523,0.0,0.000130990293727,-0.0400594254241916,zero_to_positive
PFE,2015Q2,Pfizer Inc.,Healthcare,2015,0.0,0.174306565937,0.174306565937,0.0,0.000130973109851,-0.0032315423572559,zero_to_positive
RIG,2019Q3,Transocean Ltd.,Energy,2019,0.0,0.174264456685,0.174264456685,0.0,0.000130941469163,0.0757025822806594,zero_to_positive
OII,2018Q3,"Oceaneering International, Inc.",Energy,2018,0.0,0.174241641228,0.174241641228,0.0,0.00013092432574,-0.0258577241014372,zero_to_positive
EQT,2021Q2,EQT Corporation,Energy,2021,0.0,0.174218831745,0.174218831745,0.0,0.000130907186805,-0.089105031299658,zero_to_positive
OXM,2018Q4,"Oxford Industries, Inc.",Retail,2018,0.0,0.174155718647,0.174155718647,0.0,0.000130859763928,-0.084629358583039,zero_to_positive
WY,2018Q3,Weyerhaeuser Company,Real Estate,2018,0.0,0.173831982197,0.173831982197,0.0,0.000130616509927,-0.0091097801717377,zero_to_positive
MU,2010Q1,"Micron Technology, Inc.",Semiconductors,2010,0.0,0.173729188063,0.173729188063,0.0,0.000130539270912,-0.0756916644187653,zero_to_positive
EOG,2021Q2,"EOG Resources, Inc.",Energy,2021,0.0,0.173718529657,0.173718529657,0.0,0.000130531262237,0.0638465193808073,zero_to_positive
RHP,2020Q4,"Ryman Hospitality Properties, Inc.",Real Estate,2020,0.0,0.17347115263,0.17347115263,0.0,0.000130345384336,0.0291916685642119,zero_to_positive
PGR,2013Q2,The Progressive Corporation,Financial Services,2013,0.0,0.173469594468,0.173469594468,0.0,0.000130344213542,-0.0107687559001605,zero_to_positive
NVDA,2021Q1,NVIDIA Corporation,Semiconductors,2021,0.0,0.173469454601,0.173469454601,0.0,0.000130344108446,-0.0181808461830714,zero_to_positive
TRV,2015Q1,"The Travelers Companies, Inc.",Financial Services,2015,0.0,0.173446846827,0.173446846827,0.0,0.000130327121074,0.0137025788567,zero_to_positive
BBY,2013Q3,"Best Buy Co., Inc.",Retail,2013,0.0,0.173333896288,0.173333896288,0.0,0.000130242250586,0.0860041985163411,zero_to_positive
ROL,2017Q1,"Rollins, Inc.",Retail,2017,0.0,0.173324079948,0.173324079948,0.0,0.000130234874636,0.0359129834734665,zero_to_positive
R,2013Q1,"Ryder System, Inc.",Industrials,2013,0.0,0.173153481096,0.173153481096,0.0,0.000130106687484,0.0542511216747675,zero_to_positive
IMO,2024Q2,Imperial Oil Limited,Energy,2024,0.0,0.172973441084,0.172973441084,0.0,0.000129971406291,0.0032567140846903,zero_to_positive
COHR,2018Q3,Coherent Corp.,Technology,2018,0.0,0.172973441084,0.172973441084,0.0,0.000129971406291,0.0886052707425548,zero_to_positive
HP,2021Q1,"Helmerich & Payne, Inc.",Energy,2021,0.0,0.172928489566,0.172928489566,0.0,0.000129937629938,0.0531834414904851,zero_to_positive
AVY,2015Q3,Avery Dennison Corporation,Retail,2015,0.0,0.172636873226,0.172636873226,0.0,0.000129718510831,-0.0016084433274683,zero_to_positive
KR,2016Q1,The Kroger Co.,Consumer Goods,2016,0.0,0.172368560511,0.172368560511,0.0,0.000129516901956,-0.0934637979965056,zero_to_positive
LPX,2017Q2,Louisiana-Pacific Corporation,Industrials,2017,0.0,0.172344187753,0.172344187753,0.0,0.000129498588383,-0.0520713005741809,zero_to_positive
QDEL,2015Q2,QuidelOrtho Corporation,Healthcare,2015,0.0,0.172279308182,0.172279308182,0.0,0.000129449838188,-0.0235047487253299,zero_to_positive
MSFT,2019Q3,Microsoft Corporation,Technology,2019,0.0,0.172257009539,0.172257009539,0.0,0.000129433083096,0.0097188629363642,zero_to_positive
NVDA,2021Q2,NVIDIA Corporation,Semiconductors,2021,0.0,0.171989875382,0.171989875382,0.0,0.000129232359783,-0.0179117209318276,zero_to_positive
AXGN,2024Q3,"Axogen, Inc.",Healthcare,2024,0.0,0.17169140388,0.17169140388,0.0,0.000129008089741,0.351125973403315,zero_to_positive
ADBE,2013Q2,Adobe Inc.,Technology,2013,0.0,0.171590724046,0.171590724046,0.0,0.000128932439402,0.0586047824624474,zero_to_positive
CB,2018Q1,Chubb Limited,Financial Services,2018,0.0,0.171480177258,0.171480177258,0.0,0.000128849375081,0.0163858365126122,zero_to_positive
NBR,2012Q1,Nabors Industries Ltd.,Energy,2012,0.0,0.171458084991,0.171458084991,0.0,0.000128832775058,0.0657005331140805,zero_to_positive
PBI,2014Q2,Pitney Bowes Inc.,Industrials,2014,0.0,0.171327994537,0.171327994537,0.0,0.00012873502572,0.0462113400225894,zero_to_positive
XRAY,2017Q1,DENTSPLY SIRONA Inc.,Healthcare,2017,0.0,0.171325650837,0.171325650837,0.0,0.000128733264676,0.0210448633847458,zero_to_positive
BALL,2022Q3,Ball Corporation,Retail,2022,0.0,0.171193421109,0.171193421109,0.0,0.000128633907898,-0.2277364475512333,zero_to_positive
USB,2011Q2,U.S. Bancorp,Financial Services,2011,0.0,0.171083385487,0.171083385487,0.0,0.000128551227664,-0.0375464397095292,zero_to_positive
MSFT,2021Q2,Microsoft Corporation,Technology,2021,0.0,0.170995458782,0.170995458782,0.0,0.000128485159964,-0.0213999171676244,zero_to_positive
SKY,2020Q3,"Champion Homes, Inc.",Retail,2020,0.0,0.170548276352,0.170548276352,0.0,0.000128149149251,0.0780027382609267,zero_to_positive
RGEN,2021Q1,Repligen Corporation,Healthcare,2021,0.0,0.170513472864,0.170513472864,0.0,0.000128122998078,0.038595735074555,zero_to_positive
ADBE,2012Q3,Adobe Inc.,Technology,2012,0.0,0.170491628965,0.170491628965,0.0,0.000128106584678,0.0615293707954877,zero_to_positive
MGPI,2019Q2,"MGP Ingredients, Inc.",Consumer Goods,2019,0.0,0.170485215426,0.170485215426,0.0,0.000128101765576,-0.2046270328792017,zero_to_positive
TMO,2011Q2,Thermo Fisher Scientific Inc.,Healthcare,2011,0.0,0.170469790662,0.170469790662,0.0,0.000128090175484,0.0256591605968967,zero_to_positive
HSY,2013Q4,The Hershey Company,Consumer Goods,2013,0.0,0.170404309309,0.170404309309,0.0,0.000128040973111,-0.0049742053683876,zero_to_positive
TER,2011Q4,"Teradyne, Inc.",Semiconductors,2011,0.0,0.170317079051,0.170317079051,0.0,0.000127975428718,0.0098601606915706,zero_to_positive
BDX,2020Q3,"Becton, Dickinson and Company",Healthcare,2020,0.0,0.170229938053,0.170229938053,0.0,0.000127909951394,-0.0949933391246388,zero_to_positive
CRK,2013Q2,"Comstock Resources, Inc.",Energy,2013,0.0,0.170186400985,0.170186400985,0.0,0.000127877237852,-0.0487285670142101,zero_to_positive
WY,2015Q3,Weyerhaeuser Company,Real Estate,2015,0.0,0.16990395196,0.16990395196,0.0,0.000127665007022,0.011249434053605,zero_to_positive
OII,2010Q2,"Oceaneering International, Inc.",Energy,2010,0.0,0.169838904505,0.169838904505,0.0,0.000127616130679,0.000516860023987,zero_to_positive
ACLS,2024Q1,"Axcelis Technologies, Inc.",Semiconductors,2024,0.0,0.169838904505,0.169838904505,0.0,0.000127616130679,-0.0916771336060129,zero_to_positive
ASB,2016Q4,Associated Banc-Corp,Financial Services,2016,0.0,0.169600822697,0.169600822697,0.0,0.000127437237161,0.004183259338387,zero_to_positive
TSN,2014Q3,"Tyson Foods, Inc.",Consumer Goods,2014,0.0,0.169579211991,0.169579211991,0.0,0.000127420998981,-0.0046973837973985,zero_to_positive
RELL,2024Q3,"Richardson Electronics, Ltd.",Technology,2024,0.0,0.169557606791,0.169557606791,0.0,0.000127404764938,-0.0023378387076242,zero_to_positive
GCO,2013Q1,Genesco Inc.,Retail,2013,0.0,0.169536007096,0.169536007096,0.0,0.000127388535032,-0.0178724353631548,zero_to_positive
LNC,2016Q2,Lincoln National Corporation,Financial Services,2016,0.0,0.169449663318,0.169449663318,0.0,0.000127323656735,-0.0411098605356027,zero_to_positive
CLX,2020Q2,The Clorox Company,Consumer Goods,2020,0.0,0.16938496318,0.16938496318,0.0,0.000127275041364,0.064441157512639,zero_to_positive
SKT,2013Q4,Tanger Inc.,Real Estate,2013,0.0,0.169277239341,0.169277239341,0.0,0.000127194098194,-0.0054516938706611,zero_to_positive
COO,2024Q4,"The Cooper Companies, Inc.",Healthcare,2024,0.0,0.169277239341,0.169277239341,0.0,0.000127194098194,-0.0561028407297387,zero_to_positive
CAT,2014Q3,Caterpillar Inc.,Industrials,2014,0.0,0.169212670782,0.169212670782,0.0,0.000127145581691,-0.0302975778492827,zero_to_positive
ELME,2018Q2,Elme Communities,Real Estate,2018,0.0,0.169109578257,0.169109578257,0.0,0.000127068118467,0.0141240474218654,zero_to_positive
NSC,2024Q1,Norfolk Southern Corporation,Industrials,2024,0.0,0.168976340236,0.168976340236,0.0,0.000126968004063,-0.0033682886406405,zero_to_positive
NVO,2015Q2,Novo Nordisk A/S,Healthcare,2015,0.0,0.168954888371,0.168954888371,0.0,0.000126951885235,0.0243754234178481,zero_to_positive
CASY,2023Q2,"Casey's General Stores, Inc.",Retail,2023,0.0,0.168804877689,0.168804877689,0.0,0.000126839167935,-0.0374157320991513,zero_to_positive
CCEP,2010Q1,Coca-Cola Europacific Partners PLC,Consumer Goods,2010,0.0,0.16878122705,0.16878122705,0.0,0.000126821396959,-0.0723488085868074,zero_to_positive
CVX,2012Q4,Chevron Corporation,Energy,2012,0.0,0.168676508961,0.168676508961,0.0,0.000126742712294,-0.0123909540018044,zero_to_positive
BALL,2015Q3,Ball Corporation,Retail,2015,0.0,0.168655133152,0.168655133152,0.0,0.000126726650615,-0.0129763769836124,zero_to_positive
CBU,2022Q1,"Community Financial System, Inc.",Financial Services,2022,0.0,0.16863376276,0.16863376276,0.0,0.000126710593006,0.0187924803614359,zero_to_positive
AMKR,2024Q1,"Amkor Technology, Inc.",Semiconductors,2024,0.0,0.168584009184,0.168584009184,0.0,0.00012667320841,-0.0339503953120133,zero_to_positive
ADBE,2012Q1,Adobe Inc.,Technology,2012,0.0,0.168505654052,0.168505654052,0.0,0.000126614332742,-0.0157897217832136,zero_to_positive
UDR,2011Q2,"UDR, Inc.",Real Estate,2011,0.0,0.168420356328,0.168420356328,0.0,0.000126550240445,0.0099931307984155,zero_to_positive
AFL,2013Q1,Aflac Incorporated,Financial Services,2013,0.0,0.168313855533,0.168313855533,0.0,0.000126470216264,-0.0496768226613473,zero_to_positive
JKHY,2013Q2,"Jack Henry & Associates, Inc.",Technology,2013,0.0,0.168307087103,0.168307087103,0.0,0.000126465130498,0.0174154475368286,zero_to_positive
EOG,2023Q1,"EOG Resources, Inc.",Energy,2023,0.0,0.168164980503,0.168164980503,0.0,0.000126358352287,-0.0413804357054009,zero_to_positive
WFC,2011Q2,Wells Fargo & Company,Financial Services,2011,0.0,0.168058802336,0.168058802336,0.0,0.000126278570527,-0.0601843665767318,zero_to_positive
PTC,2016Q1,PTC Inc.,Technology,2016,0.0,0.167931565388,0.167931565388,0.0,0.0001261829653,0.0311045790975601,zero_to_positive
WFC,2023Q2,Wells Fargo & Company,Financial Services,2023,0.0,0.167889195875,0.167889195875,0.0,0.000126151129053,0.0406786978685806,zero_to_positive
VECO,2019Q3,Veeco Instruments Inc.,Semiconductors,2019,0.0,0.16787507367,0.16787507367,0.0,0.000126140517696,0.088824595173826,zero_to_positive
TDW,2023Q4,Tidewater Inc.,Energy,2023,0.0,0.167817020971,0.167817020971,0.0,0.000126096897179,-0.1522823304589269,zero_to_positive
AIG,2024Q1,"American International Group, Inc.",Financial Services,2024,0.0,0.167656545188,0.167656545188,0.0,0.000125976316453,-0.0002896358494369,zero_to_positive
INTC,2013Q3,Intel Corporation,Semiconductors,2013,0.0,0.167445603385,0.167445603385,0.0,0.000125817815803,-0.0432555653744448,zero_to_positive
SYNA,2018Q2,Synaptics Incorporated,Semiconductors,2018,0.0,0.167401483188,0.167401483188,0.0,0.000125784664101,-0.0127262440036577,zero_to_positive
BBY,2015Q2,"Best Buy Co., Inc.",Retail,2015,0.0,0.167361375214,0.167361375214,0.0,0.000125754527163,0.0153954342276644,zero_to_positive
PGR,2018Q4,The Progressive Corporation,Financial Services,2018,0.0,0.167361375214,0.167361375214,0.0,0.000125754527163,0.0496860465967068,zero_to_positive
AVY,2011Q2,Avery Dennison Corporation,Retail,2011,0.0,0.167313669856,0.167313669856,0.0,0.000125718681588,-0.0246755654651358,zero_to_positive
APA,2022Q4,APA Corporation,Energy,2022,0.0,0.167298259673,0.167298259673,0.0,0.000125707102451,0.0598587007058274,zero_to_positive
EGP,2014Q3,"EastGroup Properties, Inc.",Real Estate,2014,0.0,0.167193172827,0.167193172827,0.0,0.000125628140704,-0.0086961476802858,zero_to_positive
LOW,2010Q4,"Lowe's Companies, Inc.",Retail,2010,0.0,0.166878702909,0.166878702909,0.0,0.00012539184953,0.0093668895080438,zero_to_positive
WY,2019Q1,Weyerhaeuser Company,Real Estate,2019,0.0,0.166836862944,0.166836862944,0.0,0.000125360411182,-0.0099512383354839,zero_to_positive
GEN,2021Q3,Gen Digital Inc.,Technology,2021,0.0,0.166774142319,0.166774142319,0.0,0.000125313283208,-0.0167946481189162,zero_to_positive
QDEL,2016Q1,QuidelOrtho Corporation,Healthcare,2016,0.0,0.166753245922,0.166753245922,0.0,0.000125297581757,-0.0948596486054076,zero_to_positive
R,2020Q4,"Ryder System, Inc.",Industrials,2020,0.0,0.166690588139,0.166690588139,0.0,0.000125250501002,0.0284451776031882,zero_to_positive
PNR,2013Q3,Pentair plc,Industrials,2013,0.0,0.166648842437,0.166648842437,0.0,0.000125219133484,0.0006975748405305,zero_to_positive
DE,2021Q1,Deere & Company,Industrials,2021,0.0,0.166336414911,0.166336414911,0.0,0.000124984376953,0.101187663246893,zero_to_positive
AXTI,2014Q3,"AXT, Inc.",Semiconductors,2014,0.0,0.166243830942,0.166243830942,0.0,0.000124914809807,0.0553260357783666,zero_to_positive
VLO,2011Q4,Valero Energy Corporation,Energy,2011,0.0,0.16606659043,0.16606659043,0.0,0.000124781632144,0.0319398843238753,zero_to_positive
NBR,2018Q3,Nabors Industries Ltd.,Energy,2018,0.0,0.16606659043,0.16606659043,0.0,0.000124781632144,0.0601697729100533,zero_to_positive
IP,2023Q4,International Paper Company,Retail,2023,0.0,0.166045870955,0.166045870955,0.0,0.000124766063631,0.0013151216181304,zero_to_positive
AKR,2020Q4,Acadia Realty Trust,Real Estate,2020,0.0,0.165963044732,0.165963044732,0.0,0.000124703828408,0.0691126455613131,zero_to_positive
SLB,2014Q2,SLB N.V.,Energy,2014,0.0,0.165880301097,0.165880301097,0.0,0.000124641655241,0.0030142178647061,zero_to_positive
JKHY,2024Q3,"Jack Henry & Associates, Inc.",Technology,2024,0.0,0.165756340229,0.165756340229,0.0,0.000124548511645,0.0073860548676866,zero_to_positive
HST,2013Q3,"Host Hotels & Resorts, Inc.",Real Estate,2013,0.0,0.165694429246,0.165694429246,0.0,0.000124501992032,-0.0051222519856334,zero_to_positive
CHD,2019Q2,"Church & Dwight Co., Inc.",Consumer Goods,2019,0.0,0.165694429246,0.165694429246,0.0,0.000124501992032,0.0039300043284416,zero_to_positive
HD,2016Q2,"The Home Depot, Inc.",Retail,2016,0.0,0.165632564493,0.165632564493,0.0,0.000124455507156,-0.0167700809208901,zero_to_positive
AVT,2017Q1,"Avnet, Inc.",Technology,2017,0.0,0.165611953173,0.165611953173,0.0,0.00012444001991,-0.007171710743767,zero_to_positive
F,2015Q2,Ford Motor Company,Retail,2015,0.0,0.165568583612,0.165568583612,0.0,0.000124407432232,0.0143360487674972,zero_to_positive
WY,2014Q1,Weyerhaeuser Company,Real Estate,2014,0.0,0.165262343934,0.165262343934,0.0,0.00012417732522,-0.0032939545177542,zero_to_positive
TER,2024Q3,"Teradyne, Inc.",Semiconductors,2024,0.0,0.165139304591,0.165139304591,0.0,0.000124084874054,-0.1446087806906937,zero_to_positive
KR,2017Q1,The Kroger Co.,Consumer Goods,2017,0.0,0.164975536842,0.164975536842,0.0,0.00012396181976,-0.0715204553872199,zero_to_positive
AME,2011Q3,"AMETEK, Inc.",Industrials,2011,0.0,0.164975536842,0.164975536842,0.0,0.00012396181976,0.0043918463578847,zero_to_positive
PTC,2014Q3,PTC Inc.,Technology,2014,0.0,0.164955088709,0.164955088709,0.0,0.000123946455131,-0.0236099019246506,zero_to_positive
NBR,2021Q2,Nabors Industries Ltd.,Energy,2021,0.0,0.164935526782,0.164935526782,0.0,0.000123931756394,0.0610089039211096,zero_to_positive
SON,2011Q4,Sonoco Products Company,Retail,2011,0.0,0.164812093585,0.164812093585,0.0,0.000123839009288,0.0140718811746571,zero_to_positive
GAP,2014Q3,"The Gap, Inc.",Retail,2014,0.0,0.16477128336,0.16477128336,0.0,0.000123808344682,-0.0500498009980344,zero_to_positive
CCK,2024Q3,"Crown Holdings, Inc.",Retail,2024,0.0,0.164669346165,0.164669346165,0.0,0.000123731749567,0.0839875794613134,zero_to_positive
CVS,2022Q2,CVS Health Corporation,Healthcare,2022,0.0,0.164628606594,0.164628606594,0.0,0.00012370113805,0.0062819403291126,zero_to_positive
HP,2011Q3,"Helmerich & Payne, Inc.",Energy,2011,0.0,0.164552914032,0.164552914032,0.0,0.000123644263026,-0.0452846152146174,zero_to_positive
OII,2010Q3,"Oceaneering International, Inc.",Energy,2010,0.0,0.164526845803,0.164526845803,0.0,0.000123624675485,0.0602623819033372,zero_to_positive
RIG,2013Q2,Transocean Ltd.,Energy,2013,0.0,0.164486176703,0.164486176703,0.0,0.00012359411692,-0.0011811495022759,zero_to_positive
BC,2024Q4,Brunswick Corporation,Retail,2024,0.0,0.164465849691,0.164465849691,0.0,0.000123578843302,0.0525285784725981,zero_to_positive
BIIB,2021Q1,Biogen Inc.,Healthcare,2021,0.0,0.164262855554,0.164262855554,0.0,0.00012342631449,-0.0391258795189467,zero_to_positive
EMR,2023Q1,Emerson Electric Co.,Industrials,2023,0.0,0.164242583698,0.164242583698,0.0,0.000123411082315,-0.0471447013003866,zero_to_positive
XRX,2015Q2,Xerox Holdings Corporation,Industrials,2015,0.0,0.164202054991,0.164202054991,0.0,0.000123380629241,-0.1148760176864394,zero_to_positive
MU,2018Q3,"Micron Technology, Inc.",Semiconductors,2018,0.0,0.164141299421,0.164141299421,0.0,0.0001233349778,-0.0094400653576001,zero_to_positive
MATX,2022Q4,"Matson, Inc.",Industrials,2022,0.0,0.163959302169,0.163959302169,0.0,0.000123198225946,-0.0680780718952498,zero_to_positive
VLO,2022Q3,Valero Energy Corporation,Energy,2022,0.0,0.163878543985,0.163878543985,0.0,0.000123137544637,-0.0242544148985949,zero_to_positive
ALK,2014Q1,"Alaska Air Group, Inc.",Industrials,2014,0.0,0.163757555765,0.163757555765,0.0,0.000123046634675,0.0227437527138864,zero_to_positive
WMB,2013Q1,"The Williams Companies, Inc.",Energy,2013,0.0,0.163717266048,0.163717266048,0.0,0.000123016361176,-0.0180961960109523,zero_to_positive
WWW,2015Q1,"Wolverine World Wide, Inc.",Retail,2015,0.0,0.16365686863,0.16365686863,0.0,0.000122970978849,0.0325926664542037,zero_to_positive
GLW,2016Q1,Corning Incorporated,Technology,2016,0.0,0.16365686863,0.16365686863,0.0,0.000122970978849,0.0650248636271049,zero_to_positive
PSA,2022Q4,Public Storage,Real Estate,2022,0.0,0.163496026499,0.163496026499,0.0,0.00012285012285,-0.0724601445506286,zero_to_positive
EGY,2012Q2,"VAALCO Energy, Inc.",Energy,2012,0.0,0.16344435325,0.16344435325,0.0,0.000122811295821,-0.0192898460432258,zero_to_positive
MUR,2019Q1,Murphy Oil Corporation,Energy,2019,0.0,0.16341440193,0.16341440193,0.0,0.000122788790544,-0.0052793472517358,zero_to_positive
BDN,2024Q3,Brandywine Realty Trust,Real Estate,2024,0.0,0.163287863124,0.163287863124,0.0,0.000122693709898,-0.003244171695634,zero_to_positive
NOC,2014Q1,Northrop Grumman Corporation,Industrials,2014,0.0,0.163095300944,0.163095300944,0.0,0.000122549019608,0.0230966700443142,zero_to_positive
MO,2018Q2,"Altria Group, Inc.",Consumer Goods,2018,0.0,0.163095300944,0.163095300944,0.0,0.000122549019608,0.0041583355503578,zero_to_positive
RIG,2014Q1,Transocean Ltd.,Energy,2014,0.0,0.16261287241,0.16261287241,0.0,0.000122186525143,-0.0221260726107864,zero_to_positive
TMO,2012Q4,Thermo Fisher Scientific Inc.,Healthcare,2012,0.0,0.162260138466,0.162260138466,0.0,0.000121921482565,0.072136195817312,zero_to_positive
STM,2013Q1,STMicroelectronics N.V.,Semiconductors,2013,0.0,0.162200811176,0.162200811176,0.0,0.000121876904327,0.0360489092863264,zero_to_positive
MMM,2011Q4,3M Company,Industrials,2011,0.0,0.162200811176,0.162200811176,0.0,0.000121876904327,-0.0495933267534217,zero_to_positive
GL,2020Q2,Globe Life Inc.,Financial Services,2020,0.0,0.162180826764,0.162180826764,0.0,0.000121861888136,-0.0092506771451246,zero_to_positive
RRC,2017Q4,Range Resources Corporation,Energy,2017,0.0,0.162161283746,0.162161283746,0.0,0.000121847203607,-0.0125765403971103,zero_to_positive
NVMI,2012Q4,Nova Ltd.,Semiconductors,2012,0.0,0.162008877413,0.162008877413,0.0,0.000121732686226,0.0795139432619303,zero_to_positive
HP,2015Q2,"Helmerich & Payne, Inc.",Energy,2015,0.0,0.161983648454,0.161983648454,0.0,0.000121713729309,0.0144752879037912,zero_to_positive
ROL,2024Q3,"Rollins, Inc.",Retail,2024,0.0,0.161895107134,0.161895107134,0.0,0.000121647199789,-0.0496187276860053,zero_to_positive
VFC,2020Q2,V.F. Corporation,Retail,2020,0.0,0.1618457565,0.1618457565,0.0,0.000121610117962,-0.0312649740611707,zero_to_positive
BRC,2012Q2,Brady Corporation,Industrials,2012,0.0,0.161767066452,0.161767066452,0.0,0.000121550990641,-0.0930874288355632,zero_to_positive
PNC,2012Q4,"The PNC Financial Services Group, Inc.",Financial Services,2012,0.0,0.161335635314,0.161335635314,0.0,0.000121226815372,-0.0773194979013286,zero_to_positive
MAA,2019Q4,"Mid-America Apartment Communities, Inc.",Real Estate,2019,0.0,0.161335635314,0.161335635314,0.0,0.000121226815372,0.0188104656599312,zero_to_positive
MBI,2015Q4,MBIA Inc.,Financial Services,2015,0.0,0.161316079479,0.161316079479,0.0,0.000121212121212,0.0366440455074357,zero_to_positive
AFL,2018Q1,Aflac Incorporated,Financial Services,2018,0.0,0.161140290072,0.161140290072,0.0,0.000121080033902,0.0074311076215002,zero_to_positive
FSS,2013Q4,Federal Signal Corporation,Industrials,2013,0.0,0.16111154315,0.16111154315,0.0,0.000121058433604,0.0647539056189289,zero_to_positive
ARW,2014Q1,"Arrow Electronics, Inc.",Technology,2014,0.0,0.161061585239,0.161061585239,0.0,0.000121020895472,-0.000156493267429,zero_to_positive
COST,2012Q2,Costco Wholesale Corporation,Consumer Goods,2012,0.0,0.16096488337,0.16096488337,0.0,0.000120948234156,0.0134509374475589,zero_to_positive
CPT,2022Q3,Camden Property Trust,Real Estate,2022,0.0,0.160925955949,0.160925955949,0.0,0.000120918984281,0.0251917357176363,zero_to_positive
PPC,2014Q2,Pilgrim's Pride Corporation,Consumer Goods,2014,0.0,0.160906391596,0.160906391596,0.0,0.00012090428372,0.0170609496513161,zero_to_positive
CCK,2018Q3,"Crown Holdings, Inc.",Retail,2018,0.0,0.160626115701,0.160626115701,0.0,0.000120693685769,-0.0131847243851555,zero_to_positive
REG,2013Q2,Regency Centers Corporation,Real Estate,2013,0.0,0.160534289321,0.160534289321,0.0,0.000120624687872,0.0158764266838896,zero_to_positive
HR,2014Q1,Healthcare Realty Trust Incorporated,Real Estate,2014,0.0,0.160458418346,0.160458418346,0.0,0.000120567678789,0.0056666470511374,zero_to_positive
FRT,2013Q1,Federal Realty Investment Trust,Real Estate,2013,0.0,0.16038294236,0.16038294236,0.0,0.000120510966498,0.0087081881131882,zero_to_positive
AAPL,2010Q4,Apple Inc.,Technology,2010,0.0,0.160363616785,0.160363616785,0.0,0.000120496445355,0.012548694061319,zero_to_positive
SKY,2020Q2,"Champion Homes, Inc.",Retail,2020,0.0,0.160357063736,0.160357063736,0.0,0.000120491521425,0.0408130712449463,zero_to_positive
BBWI,2010Q1,"Bath & Body Works, Inc.",Retail,2010,0.0,0.160344295868,0.160344295868,0.0,0.000120481927711,0.0427876232458026,zero_to_positive
ON,2012Q4,ON Semiconductor Corporation,Semiconductors,2012,0.0,0.160281510148,0.160281510148,0.0,0.000120434750825,-0.0120456024472721,zero_to_positive
ADBE,2015Q3,Adobe Inc.,Technology,2015,0.0,0.160132072639,0.160132072639,0.0,0.000120322464204,0.0148773936370774,zero_to_positive
EOG,2024Q3,"EOG Resources, Inc.",Energy,2024,0.0,0.159901196168,0.159901196168,0.0,0.000120148984741,-0.0084555850285905,zero_to_positive
KR,2020Q1,The Kroger Co.,Consumer Goods,2020,0.0,0.159862781466,0.159862781466,0.0,0.00012012012012,0.0649558551550811,zero_to_positive
SLAB,2012Q2,Silicon Laboratories Inc.,Semiconductors,2012,0.0,0.159766825414,0.159766825414,0.0,0.000120048019208,-0.1604749039760449,zero_to_positive
ELME,2018Q3,Elme Communities,Real Estate,2018,0.0,0.159708093217,0.159708093217,0.0,0.000120003888119,-0.0083590154508945,zero_to_positive
MAA,2012Q4,"Mid-America Apartment Communities, Inc.",Real Estate,2012,0.0,0.159670984487,0.159670984487,0.0,0.000119976004799,-0.0026435999554156,zero_to_positive
BDX,2017Q2,"Becton, Dickinson and Company",Healthcare,2017,0.0,0.159632680305,0.159632680305,0.0,0.000119947223222,-0.01513181792112,zero_to_positive
AFL,2018Q2,Aflac Incorporated,Financial Services,2018,0.0,0.159556127047,0.159556127047,0.0,0.000119889701475,0.0063290901915787,zero_to_positive
MUR,2019Q2,Murphy Oil Corporation,Energy,2019,0.0,0.159412297342,0.159412297342,0.0,0.000119781628531,0.0044026047156003,zero_to_positive
LRCX,2015Q4,Lam Research Corporation,Semiconductors,2015,0.0,0.159365064747,0.159365064747,0.0,0.000119746138187,0.0323435186050086,zero_to_positive
KLIC,2023Q1,"Kulicke and Soffa Industries, Inc.",Semiconductors,2023,0.0,0.159321791679,0.159321791679,0.0,0.000119713623013,0.0890790095699255,zero_to_positive
WST,2024Q4,"West Pharmaceutical Services, Inc.",Healthcare,2024,0.0,0.159231593168,0.159231593168,0.0,0.000119645848289,0.0864078655189013,zero_to_positive
UDR,2014Q3,"UDR, Inc.",Real Estate,2014,0.0,0.159211762817,0.159211762817,0.0,0.000119630947859,0.012960686851351,zero_to_positive
ALK,2021Q3,"Alaska Air Group, Inc.",Industrials,2021,0.0,0.159155424026,0.159155424026,0.0,0.000119588615164,0.0126537304956924,zero_to_positive
HAE,2021Q4,Haemonetics Corporation,Healthcare,2021,0.0,0.159060315012,0.159060315012,0.0,0.000119517150711,-0.1062829802520937,zero_to_positive
CB,2010Q1,Chubb Limited,Financial Services,2010,0.0,0.158813562733,0.158813562733,0.0,0.000119331742243,0.0040246591563125,zero_to_positive
NOC,2016Q1,Northrop Grumman Corporation,Industrials,2016,0.0,0.158699935094,0.158699935094,0.0,0.000119246362986,0.0042861327935493,zero_to_positive
FLO,2010Q1,"Flowers Foods, Inc.",Consumer Goods,2010,0.0,0.158643182227,0.158643182227,0.0,0.000119203719156,-0.0148891761347559,zero_to_positive
CVS,2018Q3,CVS Health Corporation,Healthcare,2018,0.0,0.158397721459,0.158397721459,0.0,0.000119019281124,0.0543971946472202,zero_to_positive
MU,2010Q2,"Micron Technology, Inc.",Semiconductors,2010,0.0,0.158303515606,0.158303515606,0.0,0.000118948495302,-0.0007574285549813,zero_to_positive
PEP,2011Q3,"PepsiCo, Inc.",Consumer Goods,2011,0.0,0.158224048161,0.158224048161,0.0,0.000118888783848,-0.0495987490327213,zero_to_positive
PBI,2022Q4,Pitney Bowes Inc.,Industrials,2022,0.0,0.158065569118,0.158065569118,0.0,0.000118769703462,0.0360432871474233,zero_to_positive
HAL,2016Q4,Halliburton Company,Energy,2016,0.0,0.157909071631,0.157909071631,0.0,0.000118652112008,0.0227887882249627,zero_to_positive
KO,2017Q1,The Coca-Cola Company,Consumer Goods,2017,0.0,0.157591196649,0.157591196649,0.0,0.000118413262285,-0.0397214102303701,zero_to_positive
CPB,2014Q1,The Campbell's Company,Consumer Goods,2014,0.0,0.157572537971,0.157572537971,0.0,0.000118399242245,0.0552047526399892,zero_to_positive
MAA,2019Q3,"Mid-America Apartment Communities, Inc.",Real Estate,2019,0.0,0.15755388371,0.15755388371,0.0,0.000118385225524,0.0122572816708272,zero_to_positive
GAP,2019Q3,"The Gap, Inc.",Retail,2019,0.0,0.157516588437,0.157516588437,0.0,0.000118357202036,0.0029754267523236,zero_to_positive
AAPL,2014Q4,Apple Inc.,Technology,2014,0.0,0.15749794742,0.15749794742,0.0,0.000118343195266,0.0182569246735974,zero_to_positive
AXP,2015Q2,American Express Company,Financial Services,2015,0.0,0.157274598878,0.157274598878,0.0,0.000118175372252,-0.0182682790340897,zero_to_positive
DVN,2019Q1,Devon Energy Corporation,Energy,2019,0.0,0.157218860685,0.157218860685,0.0,0.000118133490845,0.0520251893901577,zero_to_positive
BEN,2017Q1,Franklin Templeton Inc.,Financial Services,2017,0.0,0.157030467411,0.157030467411,0.0,0.00011799193305,0.0105575297336572,zero_to_positive
GCO,2019Q3,Genesco Inc.,Retail,2019,0.0,0.156922256303,0.156922256303,0.0,0.000117910623747,0.1208136642344579,zero_to_positive
AVT,2015Q2,"Avnet, Inc.",Technology,2015,0.0,0.156737446202,0.156737446202,0.0,0.000117771758332,-0.0487653253214646,zero_to_positive
QDEL,2021Q4,QuidelOrtho Corporation,Healthcare,2021,0.0,0.156737446202,0.156737446202,0.0,0.000117771758332,-0.130610486851821,zero_to_positive
CDP,2017Q1,COPT Defense Properties,Real Estate,2017,0.0,0.156734951336,0.156734951336,0.0,0.000117769883702,0.0017459656038022,zero_to_positive
AMD,2023Q4,"Advanced Micro Devices, Inc.",Semiconductors,2023,0.0,0.156516247877,0.156516247877,0.0,0.000117605550982,0.0883581669098883,zero_to_positive
WFC,2012Q1,Wells Fargo & Company,Financial Services,2012,0.0,0.156497842862,0.156497842862,0.0,0.000117591721543,0.0068386941566806,zero_to_positive
CASY,2020Q4,"Casey's General Stores, Inc.",Retail,2020,0.0,0.156479442175,0.156479442175,0.0,0.000117577895356,-0.0481272753353774,zero_to_positive
AFL,2017Q2,Aflac Incorporated,Financial Services,2017,0.0,0.156396567991,0.156396567991,0.0,0.000117515624095,0.0080646761012368,zero_to_positive
XRX,2013Q1,Xerox Holdings Corporation,Industrials,2013,0.0,0.156387503608,0.156387503608,0.0,0.000117508813161,0.0335847076011346,zero_to_positive
KIM,2023Q4,Kimco Realty Corporation,Real Estate,2023,0.0,0.156222286149,0.156222286149,0.0,0.000117384669562,0.0409957559650076,zero_to_positive
BEN,2016Q1,Franklin Templeton Inc.,Financial Services,2016,0.0,0.156171438596,0.156171438596,0.0,0.000117346462957,0.0316149299736413,zero_to_positive
LH,2017Q3,Labcorp Holdings Inc.,Healthcare,2017,0.0,0.156075718975,0.156075718975,0.0,0.000117274539697,0.0216075659604653,zero_to_positive
RRC,2017Q3,Range Resources Corporation,Energy,2017,0.0,0.156057417413,0.156057417413,0.0,0.000117260787992,-0.1406232468198743,zero_to_positive
PNC,2016Q1,"The PNC Financial Services Group, Inc.",Financial Services,2016,0.0,0.156002538472,0.156002538472,0.0,0.000117219552221,0.0047893478226609,zero_to_positive
GCO,2021Q1,Genesco Inc.,Retail,2021,0.0,0.155838132986,0.155838132986,0.0,0.000117096018735,-0.0319267346718575,zero_to_positive
NBR,2013Q1,Nabors Industries Ltd.,Energy,2013,0.0,0.155674073658,0.155674073658,0.0,0.00011697274535,-0.0469428018467398,zero_to_positive
BN,2019Q2,Brookfield Corporation,Financial Services,2019,0.0,0.155611631832,0.155611631832,0.0,0.000116925826865,0.0188368442038064,zero_to_positive
IMO,2023Q4,Imperial Oil Limited,Energy,2023,0.0,0.155546710578,0.155546710578,0.0,0.000116877045348,-0.0272432159262153,zero_to_positive
USB,2016Q3,U.S. Bancorp,Financial Services,2016,0.0,0.155528532862,0.155528532862,0.0,0.000116863386701,0.0163260605773508,zero_to_positive
DE,2012Q4,Deere & Company,Industrials,2012,0.0,0.155510359395,0.155510359395,0.0,0.000116849731246,-0.0412665061629126,zero_to_positive
HAL,2012Q4,Halliburton Company,Energy,2012,0.0,0.15522016045,0.15522016045,0.0,0.000116631677164,0.0322089181782088,zero_to_positive
RVTY,2018Q2,"Revvity, Inc.",Healthcare,2018,0.0,0.155021276145,0.155021276145,0.0,0.000116482236459,-0.0206088672720899,zero_to_positive
PLXS,2015Q2,Plexus Corp.,Technology,2015,0.0,0.154985170106,0.154985170106,0.0,0.000116455106556,0.0009773941674232,zero_to_positive
ELME,2016Q1,Elme Communities,Real Estate,2016,0.0,0.154916049706,0.154916049706,0.0,0.000116403169822,0.0260297334591896,zero_to_positive
AXP,2015Q3,American Express Company,Financial Services,2015,0.0,0.15489497855,0.15489497855,0.0,0.000116387337058,-0.0188998616896182,zero_to_positive
XRAY,2024Q1,DENTSPLY SIRONA Inc.,Healthcare,2024,0.0,0.154840913985,0.154840913985,0.0,0.000116346713205,-0.0027930261442469,zero_to_positive
FDX,2015Q2,FedEx Corporation,Industrials,2015,0.0,0.154678946502,0.154678946502,0.0,0.000116225011623,-0.0360206772514636,zero_to_positive
AXTI,2017Q3,"AXT, Inc.",Semiconductors,2017,0.0,0.154660971029,0.154660971029,0.0,0.000116211504939,0.205123788794912,zero_to_positive
HAE,2020Q2,Haemonetics Corporation,Healthcare,2020,0.0,0.15449062326,0.15449062326,0.0,0.00011608350645,-0.1322152701419082,zero_to_positive
LPX,2013Q1,Louisiana-Pacific Corporation,Industrials,2013,0.0,0.154387163944,0.154387163944,0.0,0.000116005767621,0.0202326059342769,zero_to_positive
NVMI,2010Q3,Nova Ltd.,Semiconductors,2010,0.0,0.154283843105,0.154283843105,0.0,0.000115928132843,0.2232643175540625,zero_to_positive
AMGN,2024Q1,Amgen Inc.,Healthcare,2024,0.0,0.154230809561,0.154230809561,0.0,0.000115888283695,-0.0877043679894626,zero_to_positive
DOC,2018Q2,"Healthpeak Properties, Inc.",Real Estate,2018,0.0,0.154129120882,0.154129120882,0.0,0.000115811875313,0.0143972033643996,zero_to_positive
CAG,2011Q2,"Conagra Brands, Inc.",Consumer Goods,2011,0.0,0.153927556755,0.153927556755,0.0,0.000115660421004,-0.0029044802104816,zero_to_positive
CPT,2011Q4,Camden Property Trust,Real Estate,2011,0.0,0.153856376382,0.153856376382,0.0,0.000115606936416,-0.0006933115427091,zero_to_positive
UNM,2013Q4,Unum Group,Financial Services,2013,0.0,0.153820810876,0.153820810876,0.0,0.000115580212668,0.0284084610409532,zero_to_positive
TMO,2016Q3,Thermo Fisher Scientific Inc.,Healthcare,2016,0.0,0.153803034289,0.153803034289,0.0,0.000115566855426,-0.0068565788005216,zero_to_positive
SYY,2012Q1,Sysco Corporation,Consumer Goods,2012,0.0,0.153731969008,0.153731969008,0.0,0.000115513457318,-0.053633048849525,zero_to_positive
CL,2018Q1,Colgate-Palmolive Company,Consumer Goods,2018,0.0,0.153731969008,0.153731969008,0.0,0.000115513457318,-0.0488992832309182,zero_to_positive
CRUS,2018Q1,"Cirrus Logic, Inc.",Semiconductors,2018,0.0,0.153723908177,0.153723908177,0.0,0.000115507400448,-0.0383023870725885,zero_to_positive
CHD,2016Q2,"Church & Dwight Co., Inc.",Consumer Goods,2016,0.0,0.153501459712,0.153501459712,0.0,0.000115340253749,0.0260789680808285,zero_to_positive
MMM,2024Q2,3M Company,Industrials,2024,0.0,0.153448363392,0.153448363392,0.0,0.000115300357431,0.0804110180994617,zero_to_positive
PTC,2013Q2,PTC Inc.,Technology,2013,0.0,0.153395303792,0.153395303792,0.0,0.000115260488704,0.0015179679351208,zero_to_positive
OII,2017Q3,"Oceaneering International, Inc.",Energy,2017,0.0,0.153359951106,0.153359951106,0.0,0.000115233924867,0.0291773141506593,zero_to_positive
AXP,2022Q3,American Express Company,Financial Services,2022,0.0,0.153218703166,0.153218703166,0.0,0.000115127791849,0.0302383133270512,zero_to_positive
NWL,2013Q2,Newell Brands Inc.,Consumer Goods,2013,0.0,0.153183431826,0.153183431826,0.0,0.000115101289134,-0.0119370724788739,zero_to_positive
CAG,2018Q3,"Conagra Brands, Inc.",Consumer Goods,2018,0.0,0.153165802244,0.153165802244,0.0,0.000115088042352,-0.0573819923402602,zero_to_positive
SWKS,2014Q1,"Skyworks Solutions, Inc.",Semiconductors,2014,0.0,0.153108315069,0.153108315069,0.0,0.000115044846767,0.0535232125749521,zero_to_positive
CAG,2015Q3,"Conagra Brands, Inc.",Consumer Goods,2015,0.0,0.15309532448,0.15309532448,0.0,0.000115035085701,-0.0713601198276223,zero_to_positive
PNR,2020Q4,Pentair plc,Industrials,2020,0.0,0.153077715172,0.153077715172,0.0,0.000115021854152,0.0268602562943807,zero_to_positive
HRL,2014Q2,Hormel Foods Corporation,Consumer Goods,2014,0.0,0.153029294762,0.153029294762,0.0,0.000114985471291,-0.0572819051585409,zero_to_positive
F,2023Q3,Ford Motor Company,Retail,2023,0.0,0.15300731843,0.15300731843,0.0,0.000114968958381,-0.0277301840364219,zero_to_positive
MU,2013Q2,"Micron Technology, Inc.",Semiconductors,2013,0.0,0.152972144334,0.152972144334,0.0,0.000114942528736,0.051431018101611,zero_to_positive
RYN,2016Q2,Rayonier Inc.,Real Estate,2016,0.0,0.152936986406,0.152936986406,0.0,0.000114916111239,0.0385652827534691,zero_to_positive
QCOM,2014Q2,QUALCOMM Incorporated,Semiconductors,2014,0.0,0.152936986406,0.152936986406,0.0,0.000114916111239,-0.0325783618205011,zero_to_positive
MCD,2016Q1,McDonald's Corporation,Retail,2016,0.0,0.152919413501,0.152919413501,0.0,0.000114902907044,0.0168279525599325,zero_to_positive
XRX,2017Q3,Xerox Holdings Corporation,Industrials,2017,0.0,0.15286671901,0.15286671901,0.0,0.000114863312658,0.0601450484640029,zero_to_positive
RHP,2015Q1,"Ryman Hospitality Properties, Inc.",Real Estate,2015,0.0,0.152638795241,0.152638795241,0.0,0.000114692051841,0.0576185548199284,zero_to_positive
UNP,2024Q4,Union Pacific Corporation,Industrials,2024,0.0,0.152202385144,0.152202385144,0.0,0.000114364135407,-0.0415181429936601,zero_to_positive
UMH,2018Q4,"UMH Properties, Inc.",Real Estate,2018,0.0,0.152195829384,0.152195829384,0.0,0.000114359209441,-0.1021320653063948,zero_to_positive
BRC,2015Q1,Brady Corporation,Industrials,2015,0.0,0.152028519043,0.152028519043,0.0,0.00011423349326,-0.0509421459366143,zero_to_positive
VNO,2024Q3,Vornado Realty Trust,Real Estate,2024,0.0,0.151872378832,0.151872378832,0.0,0.000114116170261,0.1455040894022817,zero_to_positive
TGT,2011Q1,Target Corporation,Consumer Goods,2011,0.0,0.151785772776,0.151785772776,0.0,0.000114051094891,0.0366169892605178,zero_to_positive
COST,2023Q2,Costco Wholesale Corporation,Consumer Goods,2023,0.0,0.151733856539,0.151733856539,0.0,0.000114012085281,-0.0113581787554124,zero_to_positive
BXMT,2017Q3,"Blackstone Mortgage Trust, Inc.",Real Estate,2017,0.0,0.151520626066,0.151520626066,0.0,0.000113851864936,-0.0176742627110693,zero_to_positive
HAE,2013Q4,Haemonetics Corporation,Healthcare,2013,0.0,0.151457568647,0.151457568647,0.0,0.000113804483897,0.0145762611018752,zero_to_positive
LOW,2023Q2,"Lowe's Companies, Inc.",Retail,2023,0.0,0.151423103391,0.151423103391,0.0,0.00011377858687,0.0210353117163992,zero_to_positive
CGNX,2023Q1,Cognex Corporation,Technology,2023,0.0,0.151371434907,0.151371434907,0.0,0.000113739763421,-0.1301585370893741,zero_to_positive
USB,2020Q3,U.S. Bancorp,Financial Services,2020,0.0,0.151298335822,0.151298335822,0.0,0.000113684837122,0.0102257334531736,zero_to_positive
SYY,2013Q4,Sysco Corporation,Consumer Goods,2013,0.0,0.151285399079,0.151285399079,0.0,0.000113675116517,0.0246694076677599,zero_to_positive
CSX,2020Q1,CSX Corporation,Industrials,2020,0.0,0.151062162963,0.151062162963,0.0,0.00011350737798,0.0118550507581303,zero_to_positive
SYNA,2020Q4,Synaptics Incorporated,Semiconductors,2020,0.0,0.150876068429,0.150876068429,0.0,0.000113367547448,0.0307239721525271,zero_to_positive
MMSI,2024Q3,"Merit Medical Systems, Inc.",Healthcare,2024,0.0,0.150856682805,0.150856682805,0.0,0.000113352981183,0.0709873991175455,zero_to_positive
FDX,2015Q4,FedEx Corporation,Industrials,2015,0.0,0.150634709191,0.150634709191,0.0,0.000113186191285,0.0530984387907021,zero_to_positive
MMSI,2012Q1,"Merit Medical Systems, Inc.",Healthcare,2012,0.0,0.15060501882,0.15060501882,0.0,0.000113163882084,-0.0719050334918283,zero_to_positive
LNC,2011Q2,Lincoln National Corporation,Financial Services,2011,0.0,0.150413387851,0.150413387851,0.0,0.000113019891501,0.0414925749403777,zero_to_positive
GLW,2010Q3,Corning Incorporated,Technology,2010,0.0,0.150379396125,0.150379396125,0.0,0.000112994350282,0.0258456139399464,zero_to_positive
HST,2015Q2,"Host Hotels & Resorts, Inc.",Real Estate,2015,0.0,0.150345419758,0.150345419758,0.0,0.000112968820606,0.0085284091613567,zero_to_positive
GAP,2017Q1,"The Gap, Inc.",Retail,2017,0.0,0.150345419758,0.150345419758,0.0,0.000112968820606,-0.0524305260279984,zero_to_positive
CI,2023Q2,The Cigna Group,Healthcare,2023,0.0,0.150328437332,0.150328437332,0.0,0.000112956060093,0.0744819075198876,zero_to_positive
HELE,2024Q1,Helen of Troy Limited,Consumer Goods,2024,0.0,0.150294483987,0.150294483987,0.0,0.000112930547713,0.0785316456991102,zero_to_positive
ROK,2020Q4,"Rockwell Automation, Inc.",Industrials,2020,0.0,0.150158823841,0.150158823841,0.0,0.000112828613336,-0.0749424258180817,zero_to_positive
STT,2015Q4,State Street Corporation,Financial Services,2015,0.0,0.149787018087,0.149787018087,0.0,0.000112549240293,-0.0391720239424697,zero_to_positive
TDW,2023Q3,Tidewater Inc.,Energy,2023,0.0,0.149627540198,0.149627540198,0.0,0.000112429409379,-0.0235720349748397,zero_to_positive
TOL,2021Q3,"Toll Brothers, Inc.",Retail,2021,0.0,0.14933676603,0.14933676603,0.0,0.000112210923077,0.0486014235614726,zero_to_positive
BDX,2012Q3,"Becton, Dickinson and Company",Healthcare,2012,0.0,0.149299714573,0.149299714573,0.0,0.000112183082791,-0.01705545424247,zero_to_positive
GPC,2012Q4,Genuine Parts Company,Retail,2012,0.0,0.149149126494,0.149149126494,0.0,0.000112069931637,0.0148068671205624,zero_to_positive
WRB,2017Q3,W. R. Berkley Corporation,Financial Services,2017,0.0,0.149137605659,0.149137605659,0.0,0.000112061274938,-0.0329292161139959,zero_to_positive
BRC,2015Q2,Brady Corporation,Industrials,2015,0.0,0.14911570372,0.14911570372,0.0,0.000112044817927,-0.0364493731140312,zero_to_positive
TMO,2022Q2,Thermo Fisher Scientific Inc.,Healthcare,2022,0.0,0.148932145893,0.148932145893,0.0,0.000111906893465,0.0722156329022346,zero_to_positive
WWW,2019Q1,"Wolverine World Wide, Inc.",Retail,2019,0.0,0.148915481224,0.148915481224,0.0,0.000111894371713,-0.0907413388456438,zero_to_positive
TMO,2010Q2,Thermo Fisher Scientific Inc.,Healthcare,2010,0.0,0.148898820284,0.148898820284,0.0,0.000111881852763,0.0301191430282735,zero_to_positive
HST,2015Q4,"Host Hotels & Resorts, Inc.",Real Estate,2015,0.0,0.148832213789,0.148832213789,0.0,0.000111831804965,0.0625152101133664,zero_to_positive
CAH,2018Q1,"Cardinal Health, Inc.",Healthcare,2018,0.0,0.14830149941,0.14830149941,0.0,0.00011143302875,0.0532239227081103,zero_to_positive
CASY,2021Q1,"Casey's General Stores, Inc.",Retail,2021,0.0,0.148185909776,0.148185909776,0.0,0.000111346175259,-0.0431332070987184,zero_to_positive
AXP,2016Q2,American Express Company,Financial Services,2016,0.0,0.148086976266,0.148086976266,0.0,0.000111271837098,0.0366180972368068,zero_to_positive
BDN,2014Q1,Brandywine Realty Trust,Real Estate,2014,0.0,0.14802109395,0.14802109395,0.0,0.000111222333445,-0.0165965577093387,zero_to_positive
CACI,2012Q3,CACI International Inc,Technology,2012,0.0,0.14797172067,0.14797172067,0.0,0.000111185234601,-0.0720578799917903,zero_to_positive
TTI,2018Q3,"TETRA Technologies, Inc.",Energy,2018,0.0,0.147807380687,0.147807380687,0.0,0.000111061750333,0.138070786547737,zero_to_positive
CB,2016Q1,Chubb Limited,Financial Services,2016,0.0,0.147741746859,0.147741746859,0.0,0.000111012433393,-0.0118399933643755,zero_to_positive
XOM,2014Q1,ExxonMobil Holdings Corporation,Energy,2014,0.0,0.147676171294,0.147676171294,0.0,0.000110963160231,-0.0286546780544848,zero_to_positive
WY,2019Q4,Weyerhaeuser Company,Real Estate,2019,0.0,0.147447114525,0.147447114525,0.0,0.000110791048083,-0.0073187190443521,zero_to_positive
SLM,2022Q4,SLM Corporation,Financial Services,2022,0.0,0.147332852397,0.147332852397,0.0,0.000110705192074,-0.0226947392812536,zero_to_positive
RVTY,2024Q4,"Revvity, Inc.",Healthcare,2024,0.0,0.147316543691,0.147316543691,0.0,0.000110692937791,0.0270129857024802,zero_to_positive
SM,2011Q4,SM Energy Company,Energy,2011,0.0,0.14700736283,0.14700736283,0.0,0.000110460620789,-0.0560740831433058,zero_to_positive
IBM,2014Q4,International Business Machines Corporation,Technology,2014,0.0,0.146812758489,0.146812758489,0.0,0.000110314396029,-0.136448037721437,zero_to_positive
UHS,2018Q1,"Universal Health Services, Inc.",Healthcare,2018,0.0,0.146699477039,0.146699477039,0.0,0.000110229276896,0.0075532428914753,zero_to_positive
MUR,2013Q2,Murphy Oil Corporation,Energy,2013,0.0,0.146420217567,0.146420217567,0.0,0.00011001944268,-0.0278880261983266,zero_to_positive
QCOM,2022Q3,QUALCOMM Incorporated,Semiconductors,2022,0.0,0.146257657452,0.146257657452,0.0,0.000109897295797,-0.0834800042791162,zero_to_positive
UNH,2013Q1,UnitedHealth Group Incorporated,Healthcare,2013,0.0,0.146199896265,0.146199896265,0.0,0.000109853894321,0.0125380691644516,zero_to_positive
REG,2023Q3,Regency Centers Corporation,Real Estate,2023,0.0,0.146175813918,0.146175813918,0.0,0.000109835798961,0.0093098146732992,zero_to_positive
TRV,2011Q2,"The Travelers Companies, Inc.",Financial Services,2011,0.0,0.146151730255,0.146151730255,0.0,0.000109817702614,0.0419947738745446,zero_to_positive
TMO,2014Q3,Thermo Fisher Scientific Inc.,Healthcare,2014,0.0,0.145959383165,0.145959383165,0.0,0.000109673173942,0.014903790316999,zero_to_positive
KO,2013Q2,The Coca-Cola Company,Consumer Goods,2013,0.0,0.145863399354,0.145863399354,0.0,0.00010960105217,0.0605191251201364,zero_to_positive
RHP,2021Q3,"Ryman Hospitality Properties, Inc.",Real Estate,2021,0.0,0.145795182646,0.145795182646,0.0,0.000109549794466,-0.0084657480564406,zero_to_positive
OXY,2022Q1,Occidental Petroleum Corporation,Energy,2022,0.0,0.14575157767,0.14575157767,0.0,0.000109517029898,-0.0182710037035044,zero_to_positive
IDXX,2020Q3,"IDEXX Laboratories, Inc.",Healthcare,2020,0.0,0.145687756508,0.145687756508,0.0,0.000109469074986,0.025179491522094,zero_to_positive
RRX,2016Q3,Regal Rexnord Corporation,Industrials,2016,0.0,0.145508953453,0.145508953453,0.0,0.000109334723236,0.0043997547926234,zero_to_positive
BALL,2017Q3,Ball Corporation,Retail,2017,0.0,0.145258421273,0.145258421273,0.0,0.000109146474569,-0.0320105214588138,zero_to_positive
SAN,2023Q2,"Banco Santander, S.A.",Financial Services,2023,0.0,0.144878908742,0.144878908742,0.0,0.00010886131069,-0.044370452094964,zero_to_positive
BCS,2024Q2,Barclays PLC,Financial Services,2024,0.0,0.144815849369,0.144815849369,0.0,0.000108813928183,0.0934676476329054,zero_to_positive
MKC,2012Q2,"McCormick & Company, Incorporated",Consumer Goods,2012,0.0,0.144651077537,0.144651077537,0.0,0.000108690119426,0.024438785921655,zero_to_positive
FUN,2013Q4,Six Flags Entertainment Corporation,Retail,2013,0.0,0.144266412542,0.144266412542,0.0,0.000108401084011,0.0340898545012776,zero_to_positive
ABM,2013Q3,ABM Industries Incorporated,Industrials,2013,0.0,0.144041632339,0.144041632339,0.0,0.000108232185255,0.0507053745233015,zero_to_positive
OKE,2013Q4,"ONEOK, Inc.",Energy,2013,0.0,0.144041632339,0.144041632339,0.0,0.000108232185255,0.0180172650162131,zero_to_positive
KR,2011Q3,The Kroger Co.,Consumer Goods,2011,0.0,0.144016627605,0.144016627605,0.0,0.000108213396819,-0.0531520132887134,zero_to_positive
SAN,2011Q3,"Banco Santander, S.A.",Financial Services,2011,0.0,0.144001044763,0.144001044763,0.0,0.000108201687946,-0.009697085947609,zero_to_positive
KBH,2013Q4,KB Home,Retail,2013,0.0,0.143876503319,0.143876503319,0.0,0.000108108108108,-0.0445453080036453,zero_to_positive
LLY,2022Q2,Eli Lilly and Company,Healthcare,2022,0.0,0.143860950784,0.143860950784,0.0,0.000108096422008,0.0328703584231808,zero_to_positive
ROG,2015Q3,Rogers Corporation,Technology,2015,0.0,0.143525996924,0.143525996924,0.0,0.0001078447393,0.0550755004991091,zero_to_positive
TRV,2018Q3,"The Travelers Companies, Inc.",Financial Services,2018,0.0,0.1431799522,0.1431799522,0.0,0.000107584722969,-0.0284197561529871,zero_to_positive
RIG,2017Q4,Transocean Ltd.,Energy,2017,0.0,0.143164549882,0.143164549882,0.0,0.000107573149742,0.0109300335688177,zero_to_positive
ERIC,2020Q3,Telefonaktiebolaget LM Ericsson (publ),Technology,2020,0.0,0.143164549882,0.143164549882,0.0,0.000107573149742,0.1738430387440244,zero_to_positive
TPC,2012Q4,Tutor Perini Corporation,Industrials,2012,0.0,0.143092488982,0.143092488982,0.0,0.00010751900353,0.195314662311253,zero_to_positive
NWL,2014Q4,Newell Brands Inc.,Consumer Goods,2014,0.0,0.143072205515,0.143072205515,0.0,0.000107503762632,-0.0365243052584044,zero_to_positive
ON,2014Q2,ON Semiconductor Corporation,Semiconductors,2014,0.0,0.143006277965,0.143006277965,0.0,0.000107454224989,-0.0558297283354353,zero_to_positive
ADI,2015Q4,"Analog Devices, Inc.",Semiconductors,2015,0.0,0.142887873706,0.142887873706,0.0,0.000107365256603,0.0541092169790829,zero_to_positive
TRP,2012Q3,TC Energy Corporation,Energy,2012,0.0,0.142841864946,0.142841864946,0.0,0.000107330685843,0.0173023648632867,zero_to_positive
INTC,2023Q4,Intel Corporation,Semiconductors,2023,0.0,0.142811208896,0.142811208896,0.0,0.000107307651036,0.1043916649578615,zero_to_positive
OHI,2016Q4,"Omega Healthcare Investors, Inc.",Real Estate,2016,0.0,0.142770479987,0.142770479987,0.0,0.000107277047531,-0.0097406513304688,zero_to_positive
EQT,2024Q2,EQT Corporation,Energy,2024,0.0,0.142704016267,0.142704016267,0.0,0.000107227107013,0.0292254671154588,zero_to_positive
MAS,2013Q1,Masco Corporation,Industrials,2013,0.0,0.142659175348,0.142659175348,0.0,0.000107193413764,0.121967261096179,zero_to_positive
COO,2020Q1,"The Cooper Companies, Inc.",Healthcare,2020,0.0,0.142642835552,0.142642835552,0.0,0.00010718113612,0.0206659170826768,zero_to_positive
BBY,2021Q2,"Best Buy Co., Inc.",Retail,2021,0.0,0.142642835552,0.142642835552,0.0,0.00010718113612,-0.0212062133650737,zero_to_positive
TRV,2019Q4,"The Travelers Companies, Inc.",Financial Services,2019,0.0,0.142505370565,0.142505370565,0.0,0.000107077845594,-0.0582894902678956,zero_to_positive
BALL,2012Q4,Ball Corporation,Retail,2012,0.0,0.142179328069,0.142179328069,0.0,0.000106832858841,0.0172937242610281,zero_to_positive
ADM,2010Q4,Archer-Daniels-Midland Company,Consumer Goods,2010,0.0,0.141867354834,0.141867354834,0.0,0.000106598443663,-0.0792455286122204,zero_to_positive
PTEN,2020Q1,"Patterson-UTI Energy, Inc.",Energy,2020,0.0,0.141731379734,0.141731379734,0.0,0.00010649627263,-0.0932216567520545,zero_to_positive
UNM,2012Q3,Unum Group,Financial Services,2012,0.0,0.141716287478,0.141716287478,0.0,0.000106484932382,0.006977020328119,zero_to_positive
HAE,2021Q3,Haemonetics Corporation,Healthcare,2021,0.0,0.141640874383,0.141640874383,0.0,0.000106428267348,0.0962464984838683,zero_to_positive
GD,2016Q2,General Dynamics Corporation,Industrials,2016,0.0,0.141435748031,0.141435748031,0.0,0.0001062741364,0.0246386478064384,zero_to_positive
OSUR,2015Q1,"OraSure Technologies, Inc.",Healthcare,2015,0.0,0.141434743901,0.141434743901,0.0,0.000106273381902,-0.1426875993972127,zero_to_positive
TGT,2017Q3,Target Corporation,Consumer Goods,2017,0.0,0.141325013879,0.141325013879,0.0,0.000106190931294,0.0402363760548734,zero_to_positive
UDR,2017Q1,"UDR, Inc.",Real Estate,2017,0.0,0.141295005383,0.141295005383,0.0,0.000106168383056,0.0069766780796587,zero_to_positive
SHEL,2024Q3,Shell plc,Energy,2024,0.0,0.141250016525,0.141250016525,0.0,0.000106134578646,-0.0031443824606769,zero_to_positive
SCI,2015Q4,Service Corporation International,Retail,2015,0.0,0.141234144969,0.141234144969,0.0,0.000106122652835,-0.0390339467322281,zero_to_positive
WDC,2018Q2,Western Digital Corporation,Technology,2018,0.0,0.141110104091,0.141110104091,0.0,0.00010602944912,-0.0756886711869375,zero_to_positive
HON,2023Q4,Honeywell International Inc.,Industrials,2023,0.0,0.141010558985,0.141010558985,0.0,0.000105954651409,0.0071150513414051,zero_to_positive
PII,2014Q3,Polaris Inc.,Retail,2014,0.0,0.140846402339,0.140846402339,0.0,0.0001058313049,0.0918202456665754,zero_to_positive
MCD,2018Q1,McDonald's Corporation,Retail,2018,0.0,0.140593456127,0.140593456127,0.0,0.000105641242341,-0.0359068820574828,zero_to_positive
ABT,2011Q1,Abbott Laboratories,Healthcare,2011,0.0,0.140474736722,0.140474736722,0.0,0.000105552037154,-0.0312625876826384,zero_to_positive
BBY,2011Q3,"Best Buy Co., Inc.",Retail,2011,0.0,0.140326619117,0.140326619117,0.0,0.000105440742303,-0.0576189734929396,zero_to_positive
COP,2011Q1,ConocoPhillips,Energy,2011,0.0,0.140322956937,0.140322956937,0.0,0.000105437990559,0.0221966593095286,zero_to_positive
CPT,2024Q4,Camden Property Trust,Real Estate,2024,0.0,0.140031318992,0.140031318992,0.0,0.000105218855219,-0.0267524460102033,zero_to_positive
WKC,2018Q1,World Kinect Corporation,Energy,2018,0.0,0.139795013534,0.139795013534,0.0,0.000105041296441,0.0009781082123763,zero_to_positive
CPB,2011Q1,The Campbell's Company,Consumer Goods,2011,0.0,0.139576051988,0.139576051988,0.0,0.000104876769795,-0.0333490363386471,zero_to_positive
OKE,2013Q1,"ONEOK, Inc.",Energy,2013,0.0,0.139403682678,0.139403682678,0.0,0.000104747252331,-0.0549023191643717,zero_to_positive
HELE,2016Q3,Helen of Troy Limited,Consumer Goods,2016,0.0,0.139386013375,0.139386013375,0.0,0.000104733975702,-0.0615726233217348,zero_to_positive
MRK,2011Q1,"Merck & Co., Inc.",Healthcare,2011,0.0,0.139313059322,0.139313059322,0.0,0.00010467915838,-0.0321059503896132,zero_to_positive
VNO,2024Q1,Vornado Realty Trust,Real Estate,2024,0.0,0.139298267407,0.139298267407,0.0,0.000104668043807,-0.0403241861900934,zero_to_positive
MSFT,2017Q3,Microsoft Corporation,Technology,2017,0.0,0.139283899079,0.139283899079,0.0,0.000104657247514,-0.004423532429039,zero_to_positive
CB,2014Q2,Chubb Limited,Financial Services,2014,0.0,0.139138280784,0.139138280784,0.0,0.000104547830633,0.001448491962132,zero_to_positive
LLY,2016Q3,Eli Lilly and Company,Healthcare,2016,0.0,0.138732164672,0.138732164672,0.0,0.000104242676952,0.0237733491724816,zero_to_positive
SAN,2011Q1,"Banco Santander, S.A.",Financial Services,2011,0.0,0.13847233958,0.13847233958,0.0,0.000104047445635,0.0030937408949428,zero_to_positive
MDT,2015Q2,Medtronic plc,Healthcare,2015,0.0,0.138371559129,0.138371559129,0.0,0.000103971719692,-7.019937569249964e-05,zero_to_positive
PPC,2016Q4,Pilgrim's Pride Corporation,Consumer Goods,2016,0.0,0.138333776012,0.138333776012,0.0,0.000103943329641,0.0211158522264121,zero_to_positive
WRB,2013Q3,W. R. Berkley Corporation,Financial Services,2013,0.0,0.138295520432,0.138295520432,0.0,0.000103914584583,-0.037893915759486,zero_to_positive
GL,2022Q4,Globe Life Inc.,Financial Services,2022,0.0,0.138175722441,0.138175722441,0.0,0.000103824568953,-0.0252764546715201,zero_to_positive
UNM,2020Q2,Unum Group,Financial Services,2020,0.0,0.138170437677,0.138170437677,0.0,0.000103820598007,-0.0550266842568897,zero_to_positive
BDX,2020Q1,"Becton, Dickinson and Company",Healthcare,2020,0.0,0.138098750203,0.138098750203,0.0,0.000103766732386,-0.1381152588498162,zero_to_positive
MDT,2020Q3,Medtronic plc,Healthcare,2020,0.0,0.137727171241,0.137727171241,0.0,0.000103487529753,0.0334860485690574,zero_to_positive
ELME,2020Q3,Elme Communities,Real Estate,2020,0.0,0.137511859564,0.137511859564,0.0,0.000103325745601,0.033729957283493,zero_to_positive
ADSK,2019Q3,"Autodesk, Inc.",Technology,2019,0.0,0.137244266856,0.137244266856,0.0,0.000103124677735,-0.0542807838221486,zero_to_positive
SLAB,2015Q4,Silicon Laboratories Inc.,Semiconductors,2015,0.0,0.137150475443,0.137150475443,0.0,0.000103054203322,0.0726299420054424,zero_to_positive
FUN,2024Q1,Six Flags Entertainment Corporation,Retail,2024,0.0,0.137006014553,0.137006014553,0.0,0.000102945656109,0.0263904307218632,zero_to_positive
BDN,2021Q1,Brandywine Realty Trust,Real Estate,2021,0.0,0.136923906566,0.136923906566,0.0,0.000102883960564,-0.0118694721949867,zero_to_positive
WDC,2017Q1,Western Digital Corporation,Technology,2017,0.0,0.136858790477,0.136858790477,0.0,0.000102835032651,0.0323116471009225,zero_to_positive
CPB,2021Q1,The Campbell's Company,Consumer Goods,2021,0.0,0.136849116268,0.136849116268,0.0,0.000102827763496,-0.0044140127171041,zero_to_positive
CHD,2011Q3,"Church & Dwight Co., Inc.",Consumer Goods,2011,0.0,0.136680461713,0.136680461713,0.0,0.00010270103728,-0.0047123965114622,zero_to_positive
WHR,2023Q2,Whirlpool Corporation,Retail,2023,0.0,0.136676230953,0.136676230953,0.0,0.000102697858307,-0.0329621341760294,zero_to_positive
MMM,2014Q1,3M Company,Industrials,2014,0.0,0.136652393028,0.136652393028,0.0,0.000102679946606,-0.0195802039609342,zero_to_positive
GAP,2012Q4,"The Gap, Inc.",Retail,2012,0.0,0.13661031161,0.13661031161,0.0,0.000102648326832,-0.0102275068670122,zero_to_positive
LUV,2017Q4,Southwest Airlines Co.,Industrials,2017,0.0,0.136604226614,0.136604226614,0.0,0.000102643754596,-0.0692381028737691,zero_to_positive
SYY,2014Q4,Sysco Corporation,Consumer Goods,2014,0.0,0.136512222351,0.136512222351,0.0,0.000102574623038,-0.026189181178312,zero_to_positive
DOC,2015Q2,"Healthpeak Properties, Inc.",Real Estate,2015,0.0,0.13642509452,0.13642509452,0.0,0.000102509155608,-0.0345800383903855,zero_to_positive
RTX,2020Q3,RTX Corporation,Industrials,2020,0.0,0.136364098319,0.136364098319,0.0,0.000102463323358,-0.0471298864724667,zero_to_positive
CDNS,2021Q2,"Cadence Design Systems, Inc.",Technology,2021,0.0,0.136191778207,0.136191778207,0.0,0.000102333842859,-0.0709287356298878,zero_to_positive
UDR,2023Q1,"UDR, Inc.",Real Estate,2023,0.0,0.135926632183,0.135926632183,0.0,0.00010213461342,0.0100743461894079,zero_to_positive
UNP,2018Q3,Union Pacific Corporation,Industrials,2018,0.0,0.135704869553,0.135704869553,0.0,0.000101967982054,0.0059351087514505,zero_to_positive
AXP,2020Q2,American Express Company,Financial Services,2020,0.0,0.135511419988,0.135511419988,0.0,0.000101822624987,-0.0230442872933022,zero_to_positive
WRB,2023Q2,W. R. Berkley Corporation,Financial Services,2023,0.0,0.135360107974,0.135360107974,0.0,0.000101708929872,-0.0783684900552456,zero_to_positive
ABM,2023Q2,ABM Industries Incorporated,Industrials,2023,0.0,0.135257453562,0.135257453562,0.0,0.000101631795844,0.0343614131972959,zero_to_positive
SU,2011Q4,Suncor Energy Inc.,Energy,2011,0.0,0.135154954734,0.135154954734,0.0,0.000101554778721,0.0226018064080267,zero_to_positive
R,2016Q2,"Ryder System, Inc.",Industrials,2016,0.0,0.134798206437,0.134798206437,0.0,0.000101286719778,0.0749011586698907,zero_to_positive
HSY,2015Q1,The Hershey Company,Consumer Goods,2015,0.0,0.134770011349,0.134770011349,0.0,0.000101265534125,-0.0525701570331414,zero_to_positive
CRK,2013Q1,"Comstock Resources, Inc.",Energy,2013,0.0,0.134503286207,0.134503286207,0.0,0.000101065118145,-0.0754217970529432,zero_to_positive
DOC,2020Q4,"Healthpeak Properties, Inc.",Real Estate,2020,0.0,0.134482339215,0.134482339215,0.0,0.000101049378676,0.0169681440511416,zero_to_positive
WRB,2022Q2,W. R. Berkley Corporation,Financial Services,2022,0.0,0.13435367564,0.13435367564,0.0,0.000100952701488,0.0094927437240951,zero_to_positive
VFC,2015Q1,V.F. Corporation,Retail,2015,0.0,0.134280865271,0.134280865271,0.0,0.00010089799213,0.0563197186741838,zero_to_positive
XRAY,2018Q2,DENTSPLY SIRONA Inc.,Healthcare,2018,0.0,0.133929521556,0.133929521556,0.0,0.000100633994163,-0.1137653798003489,zero_to_positive
BDX,2017Q3,"Becton, Dickinson and Company",Healthcare,2017,0.0,0.133902571255,0.133902571255,0.0,0.000100613743837,-0.0208398115187101,zero_to_positive
AMAT,2015Q3,"Applied Materials, Inc.",Semiconductors,2015,0.0,0.133714222416,0.133714222416,0.0,0.000100472219431,-0.0413496072741637,zero_to_positive
INTC,2015Q3,Intel Corporation,Semiconductors,2015,0.0,0.133705990116,0.133705990116,0.0,0.000100466033721,-0.0035766880060807,zero_to_positive
DOC,2017Q2,"Healthpeak Properties, Inc.",Real Estate,2017,0.0,0.13362196312,0.13362196312,0.0,0.000100402896244,-0.0258872522051343,zero_to_positive
HON,2015Q3,Honeywell International Inc.,Industrials,2015,0.0,0.133620246556,0.133620246556,0.0,0.000100401606426,0.023878276307385,zero_to_positive
USB,2011Q1,U.S. Bancorp,Financial Services,2011,0.0,0.133539800893,0.133539800893,0.0,0.000100341159944,-0.0161678172834266,zero_to_positive
CRUS,2017Q4,"Cirrus Logic, Inc.",Semiconductors,2017,0.0,0.133432865032,0.133432865032,0.0,0.000100260808855,0.0018405018098254,zero_to_positive
PTEN,2014Q3,"Patterson-UTI Energy, Inc.",Energy,2014,0.0,0.133394261571,0.133394261571,0.0,0.000100231802401,0.0308253073645635,zero_to_positive
PBI,2019Q2,Pitney Bowes Inc.,Industrials,2019,0.0,0.13306328675,0.13306328675,0.0,9.99831095232e-05,-0.2394975973966391,zero_to_positive
MDT,2010Q4,Medtronic plc,Healthcare,2010,0.0,0.132780370718,0.132780370718,0.0,9.97705277861e-05,-0.0116398482890866,zero_to_positive
MAA,2013Q3,"Mid-America Apartment Communities, Inc.",Real Estate,2013,0.0,0.132767124471,0.132767124471,0.0,9.97605746209e-05,-0.0349573753943175,zero_to_positive
TGT,2018Q3,Target Corporation,Consumer Goods,2018,0.0,0.132397299612,0.132397299612,0.0,9.94826900119e-05,0.0546275289189676,zero_to_positive
UMH,2023Q4,"UMH Properties, Inc.",Real Estate,2023,0.0,0.131868229692,0.131868229692,0.0,9.90851494351e-05,0.0054925775478912,zero_to_positive
FRPH,2020Q3,"FRP Holdings, Inc.",Real Estate,2020,0.0,0.131830526124,0.131830526124,0.0,9.90568191565e-05,0.000687339302836,zero_to_positive
COO,2019Q3,"The Cooper Companies, Inc.",Healthcare,2019,0.0,0.131731689405,0.131731689405,0.0,9.89825537245e-05,-0.0395993787068688,zero_to_positive
BAC,2014Q4,Bank of America Corporation,Financial Services,2014,0.0,0.131663796567,0.131663796567,0.0,9.89315393748e-05,-0.0137287057335828,zero_to_positive
UDR,2018Q1,"UDR, Inc.",Real Estate,2018,0.0,0.131604756706,0.131604756706,0.0,9.88871771086e-05,-0.0149878152692378,zero_to_positive
AFG,2019Q4,"American Financial Group, Inc.",Financial Services,2019,0.0,0.131075018252,0.131075018252,0.0,9.84891341991e-05,0.008991461671981,zero_to_positive
CI,2017Q1,The Cigna Group,Healthcare,2017,0.0,0.130796821199,0.130796821199,0.0,9.82800982801e-05,0.0093371615654053,zero_to_positive
PHG,2013Q2,Koninklijke Philips N.V.,Healthcare,2013,0.0,0.130771116803,0.130771116803,0.0,9.82607841211e-05,-0.0609517093576529,zero_to_positive
GL,2022Q2,Globe Life Inc.,Financial Services,2022,0.0,0.130719518839,0.130719518839,0.0,9.82220136612e-05,0.0444788493949399,zero_to_positive
HR,2013Q4,Healthcare Realty Trust Incorporated,Real Estate,2013,0.0,0.130709359353,0.130709359353,0.0,9.82143798724e-05,-0.0129016264116512,zero_to_positive
AXP,2016Q1,American Express Company,Financial Services,2016,0.0,0.130489033798,0.130489033798,0.0,9.80488283165e-05,-0.1431161149627837,zero_to_positive
SLB,2012Q3,SLB N.V.,Energy,2012,0.0,0.129973767713,0.129973767713,0.0,9.7661659875e-05,0.0471321570760479,zero_to_positive
LNC,2018Q4,Lincoln National Corporation,Financial Services,2018,0.0,0.129885554215,0.129885554215,0.0,9.75953766798e-05,0.0503487582917328,zero_to_positive
BCS,2023Q2,Barclays PLC,Financial Services,2023,0.0,0.129865110822,0.129865110822,0.0,9.75800156128e-05,0.0244391207729544,zero_to_positive
CSCO,2014Q2,"Cisco Systems, Inc.",Technology,2014,0.0,0.129852439819,0.129852439819,0.0,9.75704946824e-05,0.0720839843513694,zero_to_positive
AFL,2015Q1,Aflac Incorporated,Financial Services,2015,0.0,0.129728308311,0.129728308311,0.0,9.74772228688e-05,0.0331279228082907,zero_to_positive
CPB,2021Q2,The Campbell's Company,Consumer Goods,2021,0.0,0.129678098352,0.129678098352,0.0,9.74394953482e-05,-0.0601124146309489,zero_to_positive
WFC,2016Q2,Wells Fargo & Company,Financial Services,2016,0.0,0.129410507167,0.129410507167,0.0,9.7238428627e-05,-0.013770693931192,zero_to_positive
CI,2020Q1,The Cigna Group,Healthcare,2020,0.0,0.129046606778,0.129046606778,0.0,9.69649956366e-05,0.0104292454632325,zero_to_positive
AAPL,2012Q1,Apple Inc.,Technology,2012,0.0,0.128774546884,0.128774546884,0.0,9.67605711493e-05,0.0309682910764315,zero_to_positive
SUI,2023Q1,"Sun Communities, Inc.",Real Estate,2023,0.0,0.128476068482,0.128476068482,0.0,9.65362959228e-05,-0.0553545224766041,zero_to_positive
NVO,2024Q2,Novo Nordisk A/S,Healthcare,2024,0.0,0.128451668789,0.128451668789,0.0,9.65179621117e-05,-0.0643721044334208,zero_to_positive
MSFT,2014Q2,Microsoft Corporation,Technology,2014,0.0,0.128415893363,0.128415893363,0.0,9.64910806294e-05,0.006183873573934,zero_to_positive
CCK,2017Q1,"Crown Holdings, Inc.",Retail,2017,0.0,0.128176601724,0.128176601724,0.0,9.63112780507e-05,-0.0227491209012865,zero_to_positive
XRAY,2018Q1,DENTSPLY SIRONA Inc.,Healthcare,2018,0.0,0.127707676909,0.127707676909,0.0,9.59589302147e-05,0.012430888966492,zero_to_positive
IP,2010Q4,International Paper Company,Retail,2010,0.0,0.127633845016,0.127633845016,0.0,9.59034532872e-05,0.0370124212452493,zero_to_positive
AAPL,2010Q1,Apple Inc.,Technology,2010,0.0,0.127633303709,0.127633303709,0.0,9.5903046552e-05,0.0382935818546977,zero_to_positive
SUI,2021Q4,"Sun Communities, Inc.",Real Estate,2021,0.0,0.127369410254,0.127369410254,0.0,9.57047582873e-05,-0.0280023116935588,zero_to_positive
ADM,2017Q2,Archer-Daniels-Midland Company,Consumer Goods,2017,0.0,0.127306069993,0.127306069993,0.0,9.56571647216e-05,-0.1059288937210042,zero_to_positive
IDXX,2014Q3,"IDEXX Laboratories, Inc.",Healthcare,2014,0.0,0.127196564628,0.127196564628,0.0,9.55748829208e-05,-0.0236824533043846,zero_to_positive
CPT,2020Q2,Camden Property Trust,Real Estate,2020,0.0,0.127026596898,0.127026596898,0.0,9.54471699914e-05,0.0342804931677323,zero_to_positive
BEN,2015Q4,Franklin Templeton Inc.,Financial Services,2015,0.0,0.126912849503,0.126912849503,0.0,9.53617007494e-05,0.0346050946430593,zero_to_positive
SUI,2022Q4,"Sun Communities, Inc.",Real Estate,2022,0.0,0.126800109662,0.126800109662,0.0,9.52769885787e-05,0.0753093420964715,zero_to_positive
DHR,2015Q2,Danaher Corporation,Healthcare,2015,0.0,0.126756636459,0.126756636459,0.0,9.52443230241e-05,-0.0267507953765262,zero_to_positive
PTEN,2024Q2,"Patterson-UTI Energy, Inc.",Energy,2024,0.0,0.126686980387,0.126686980387,0.0,9.5191983789e-05,-0.0264399570603561,zero_to_positive
CPT,2019Q2,Camden Property Trust,Real Estate,2019,0.0,0.126669578329,0.126669578329,0.0,9.5178907967e-05,0.0026128621972116,zero_to_positive
CAH,2018Q3,"Cardinal Health, Inc.",Healthcare,2018,0.0,0.12614764509,0.12614764509,0.0,9.47867298578e-05,0.0119799242281272,zero_to_positive
CSCO,2015Q2,"Cisco Systems, Inc.",Technology,2015,0.0,0.126135689101,0.126135689101,0.0,9.47777461852e-05,-0.0192627112406125,zero_to_positive
CPB,2020Q4,The Campbell's Company,Consumer Goods,2020,0.0,0.126099834726,0.126099834726,0.0,9.47508053818e-05,-0.0107463640448252,zero_to_positive
PFE,2021Q1,Pfizer Inc.,Healthcare,2021,0.0,0.125634318306,0.125634318306,0.0,9.44010185968e-05,-0.0416277262094119,zero_to_positive
VNO,2024Q4,Vornado Realty Trust,Real Estate,2024,0.0,0.125582804063,0.125582804063,0.0,9.43623110445e-05,0.0101510534828616,zero_to_positive
PG,2010Q2,The Procter & Gamble Company,Consumer Goods,2010,0.0,0.125336786771,0.125336786771,0.0,9.41774548419e-05,-0.0155499807835185,zero_to_positive
DHR,2020Q4,Danaher Corporation,Healthcare,2020,0.0,0.124390067141,0.124390067141,0.0,9.34660942949e-05,0.0230585256037728,zero_to_positive
ALKS,2019Q3,Alkermes plc,Healthcare,2019,0.0,0.124338584388,0.124338584388,0.0,9.34274104032e-05,-0.0835107023998617,zero_to_positive
TFX,2013Q1,Teleflex Incorporated,Healthcare,2013,0.0,0.12421679779,0.12421679779,0.0,9.33359005433e-05,0.0065125659559872,zero_to_positive
SAN,2019Q3,"Banco Santander, S.A.",Financial Services,2019,0.0,0.124091152627,0.124091152627,0.0,9.3241491376e-05,0.0071240020013213,zero_to_positive
LNC,2023Q2,Lincoln National Corporation,Financial Services,2023,0.0,0.123562355101,0.123562355101,0.0,9.28441554752e-05,-0.0191908030803059,zero_to_positive
HON,2014Q3,Honeywell International Inc.,Industrials,2014,0.0,0.123045271422,0.123045271422,0.0,9.24556213018e-05,0.0147204150978058,zero_to_positive
HD,2024Q4,"The Home Depot, Inc.",Retail,2024,0.0,0.122888396887,0.122888396887,0.0,9.23377465352e-05,0.0145009838515529,zero_to_positive
LPX,2011Q1,Louisiana-Pacific Corporation,Industrials,2011,0.0,0.122872022683,0.122872022683,0.0,9.2325443038e-05,-0.0002190585806199,zero_to_positive
BIIB,2017Q3,Biogen Inc.,Healthcare,2017,0.0,0.122361493338,0.122361493338,0.0,9.19418337596e-05,0.0331795552333653,zero_to_positive
UMH,2013Q4,"UMH Properties, Inc.",Real Estate,2013,0.0,0.122317884366,0.122317884366,0.0,9.19090661891e-05,-0.0038848860656672,zero_to_positive
TAP,2022Q3,Molson Coors Beverage Company,Consumer Goods,2022,0.0,0.122299248976,0.122299248976,0.0,9.18950636475e-05,-0.0847529637769819,zero_to_positive
DINO,2019Q4,HF Sinclair Corporation,Energy,2019,0.0,0.122220613683,0.122220613683,0.0,9.18359774685e-05,-0.0611947562670463,zero_to_positive
HR,2013Q3,Healthcare Realty Trust Incorporated,Real Estate,2013,0.0,0.121913607911,0.121913607911,0.0,9.16052948176e-05,-0.0445979570758652,zero_to_positive
CLX,2013Q3,The Clorox Company,Consumer Goods,2013,0.0,0.121806485054,0.121806485054,0.0,9.15248032217e-05,-0.0248151793750974,zero_to_positive
RIG,2020Q3,Transocean Ltd.,Energy,2020,0.0,0.121416001348,0.121416001348,0.0,9.1231395655e-05,0.0403118536324755,zero_to_positive
LYTS,2023Q4,LSI Industries Inc.,Technology,2023,0.0,0.121129094177,0.121129094177,0.0,9.10158149959e-05,-0.1881274959774779,zero_to_positive
TAP,2013Q1,Molson Coors Beverage Company,Consumer Goods,2013,0.0,0.120966690574,0.120966690574,0.0,9.08937857143e-05,-0.0234086721317486,zero_to_positive
PAYX,2011Q3,"Paychex, Inc.",Technology,2011,0.0,0.11981804131,0.11981804131,0.0,9.00306962184e-05,0.0222612329919172,zero_to_positive
UNM,2022Q1,Unum Group,Financial Services,2022,0.0,0.119490507639,0.119490507639,0.0,8.97845890032e-05,-0.0070171053060152,zero_to_positive
MRSH,2018Q3,"Marsh & McLennan Companies, Inc.",Financial Services,2018,0.0,0.118947898004,0.118947898004,0.0,8.93768747499e-05,-0.0399126120110316,zero_to_positive
SWKS,2011Q4,"Skyworks Solutions, Inc.",Semiconductors,2011,0.0,0.118710382233,0.118710382233,0.0,8.91984065495e-05,0.1048474721708676,zero_to_positive
DX,2014Q3,"Dynex Capital, Inc.",Real Estate,2014,0.0,0.118647204808,0.118647204808,0.0,8.91509353379e-05,-0.0144706474430181,zero_to_positive
EGP,2015Q4,"EastGroup Properties, Inc.",Real Estate,2015,0.0,0.118338413339,0.118338413339,0.0,8.89189109236e-05,-0.0095548334551173,zero_to_positive
EOG,2014Q1,"EOG Resources, Inc.",Energy,2014,0.0,0.118182994567,0.118182994567,0.0,8.88021300103e-05,0.025529427271184,zero_to_positive
NHI,2020Q1,"National Health Investors, Inc.",Real Estate,2020,0.0,0.117942423013,0.117942423013,0.0,8.86213657094e-05,0.0124784656190394,zero_to_positive
PFE,2021Q3,Pfizer Inc.,Healthcare,2021,0.0,0.11790021755,0.11790021755,0.0,8.85896527286e-05,0.028605106235147,zero_to_positive
RGEN,2020Q2,Repligen Corporation,Healthcare,2020,0.0,0.117863123359,0.117863123359,0.0,8.85617803331e-05,0.0353562672013685,zero_to_positive
TPC,2017Q4,Tutor Perini Corporation,Industrials,2017,0.0,0.117771198562,0.117771198562,0.0,8.8492708486e-05,-0.0572052433622866,zero_to_positive
CLDX,2015Q4,"Celldex Therapeutics, Inc.",Technology,2015,0.0,0.117505915316,0.117505915316,0.0,8.82933759389e-05,0.0840128180674786,zero_to_positive
PGR,2022Q2,The Progressive Corporation,Financial Services,2022,0.0,0.117019050005,0.117019050005,0.0,8.79275477007e-05,-0.0453948366821831,zero_to_positive
TRP,2023Q4,TC Energy Corporation,Energy,2023,0.0,0.116904933159,0.116904933159,0.0,8.78418008552e-05,0.0113299935252856,zero_to_positive
CAH,2019Q3,"Cardinal Health, Inc.",Healthcare,2019,0.0,0.116813255349,0.116813255349,0.0,8.77729145926e-05,0.0295475571017268,zero_to_positive
BEN,2024Q3,Franklin Templeton Inc.,Financial Services,2024,0.0,0.116767368251,0.116767368251,0.0,8.77384352494e-05,-0.0500212740464925,zero_to_positive
PTEN,2023Q4,"Patterson-UTI Energy, Inc.",Energy,2023,0.0,0.116705315027,0.116705315027,0.0,8.76918087572e-05,0.009509078572175,zero_to_positive
SYNA,2016Q2,Synaptics Incorporated,Semiconductors,2016,0.0,0.116625082868,0.116625082868,0.0,8.76315227014e-05,-0.1511892461577997,zero_to_positive
XOM,2014Q2,ExxonMobil Holdings Corporation,Energy,2014,0.0,0.116599423553,0.116599423553,0.0,8.76122424163e-05,-0.0022267642247571,zero_to_positive
ALKS,2022Q1,Alkermes plc,Healthcare,2022,0.0,0.116523244654,0.116523244654,0.0,8.755500196e-05,0.1123035586417824,zero_to_positive
BC,2014Q2,Brunswick Corporation,Retail,2014,0.0,0.115932448171,0.115932448171,0.0,8.71110803432e-05,-0.0150155123489928,zero_to_positive
C,2012Q3,Citigroup Inc.,Financial Services,2012,0.0,0.115627309555,0.115627309555,0.0,8.68818006637e-05,0.0226542819616889,zero_to_positive
BAX,2011Q4,Baxter International Inc.,Healthcare,2011,0.0,0.115525838169,0.115525838169,0.0,8.68055555556e-05,-0.027461033435048,zero_to_positive
DX,2012Q3,"Dynex Capital, Inc.",Real Estate,2012,0.0,0.115422261369,0.115422261369,0.0,8.67277284494e-05,0.0184084125509211,zero_to_positive
TOL,2015Q4,"Toll Brothers, Inc.",Retail,2015,0.0,0.115384700981,0.115384700981,0.0,8.66995057558e-05,-0.08180659831885,zero_to_positive
THC,2017Q2,Tenet Healthcare Corporation,Healthcare,2017,0.0,0.115298140815,0.115298140815,0.0,8.66344648662e-05,0.1949798809796489,zero_to_positive
NOC,2017Q4,Northrop Grumman Corporation,Industrials,2017,0.0,0.115271277907,0.115271277907,0.0,8.66142802072e-05,0.0142980784622835,zero_to_positive
IP,2018Q2,International Paper Company,Retail,2018,0.0,0.115039237804,0.115039237804,0.0,8.64399263972e-05,-0.02361119482153,zero_to_positive
XRX,2014Q3,Xerox Holdings Corporation,Industrials,2014,0.0,0.114453832722,0.114453832722,0.0,8.60000558521e-05,0.0267141121396555,zero_to_positive
LHX,2011Q2,"L3Harris Technologies, Inc.",Industrials,2011,0.0,0.114389345834,0.114389345834,0.0,8.59516007173e-05,-0.0616180698607407,zero_to_positive
RES,2014Q4,"RPC, Inc.",Energy,2014,0.0,0.114356965852,0.114356965852,0.0,8.59272705552e-05,-0.0358053219321773,zero_to_positive
LHX,2017Q3,"L3Harris Technologies, Inc.",Industrials,2017,0.0,0.114327229658,0.114327229658,0.0,8.59049269231e-05,0.0175398298226029,zero_to_positive
OKE,2018Q3,"ONEOK, Inc.",Energy,2018,0.0,0.114249432403,0.114249432403,0.0,8.58464704421e-05,-0.0408590164273754,zero_to_positive
KIM,2011Q2,Kimco Realty Corporation,Real Estate,2011,0.0,0.11417042593,0.11417042593,0.0,8.57871053609e-05,0.0192191633421833,zero_to_positive
ALX,2024Q4,"Alexander's, Inc.",Real Estate,2024,0.0,0.114099793397,0.114099793397,0.0,8.57340324177e-05,0.0037186422044475,zero_to_positive
KEY,2017Q3,KeyCorp,Financial Services,2017,0.0,0.113655645315,0.113655645315,0.0,8.54003016985e-05,-0.0521717481644175,zero_to_positive
CLX,2016Q3,The Clorox Company,Consumer Goods,2016,0.0,0.113332568744,0.113332568744,0.0,8.51575435272e-05,0.0288873206791394,zero_to_positive
CVX,2020Q1,Chevron Corporation,Energy,2020,0.0,0.113224021246,0.113224021246,0.0,8.50759814627e-05,-0.0373677565011676,zero_to_positive
BAC,2013Q1,Bank of America Corporation,Financial Services,2013,0.0,0.113033604187,0.113033604187,0.0,8.49329030066e-05,-0.0637241787216064,zero_to_positive
PGR,2019Q1,The Progressive Corporation,Financial Services,2019,0.0,0.112765856264,0.112765856264,0.0,8.47317185129e-05,0.0271658443818691,zero_to_positive
BEN,2021Q1,Franklin Templeton Inc.,Financial Services,2021,0.0,0.112673078951,0.112673078951,0.0,8.46620060893e-05,-0.0423650223533656,zero_to_positive
HST,2014Q3,"Host Hotels & Resorts, Inc.",Real Estate,2014,0.0,0.112637664688,0.112637664688,0.0,8.46353959833e-05,-0.0178116515017937,zero_to_positive
ADSK,2014Q4,"Autodesk, Inc.",Technology,2014,0.0,0.112546166269,0.112546166269,0.0,8.45666445145e-05,0.044262019489357,zero_to_positive
NBR,2016Q2,Nabors Industries Ltd.,Energy,2016,0.0,0.112546092438,0.112546092438,0.0,8.45665890379e-05,-0.1414107289715989,zero_to_positive
MRK,2020Q3,"Merck & Co., Inc.",Healthcare,2020,0.0,0.112382153917,0.112382153917,0.0,8.44434064272e-05,0.0291939928755435,zero_to_positive
DHR,2017Q4,Danaher Corporation,Healthcare,2017,0.0,0.112254832746,0.112254832746,0.0,8.43477379154e-05,0.0515927899566082,zero_to_positive
GPC,2015Q3,Genuine Parts Company,Retail,2015,0.0,0.112230131881,0.112230131881,0.0,8.43291778052e-05,-0.0247236828529689,zero_to_positive
LHX,2015Q4,"L3Harris Technologies, Inc.",Industrials,2015,0.0,0.111972927089,0.111972927089,0.0,8.41359153692e-05,-0.0015921104903162,zero_to_positive
FDX,2012Q3,FedEx Corporation,Industrials,2012,0.0,0.111664461725,0.111664461725,0.0,8.3904135988e-05,-0.0244991342676907,zero_to_positive
VNO,2018Q1,Vornado Realty Trust,Real Estate,2018,0.0,0.111277245111,0.111277245111,0.0,8.36131832991e-05,-0.0052282490253344,zero_to_positive
RHP,2018Q2,"Ryman Hospitality Properties, Inc.",Real Estate,2018,0.0,0.111108555261,0.111108555261,0.0,8.3486430562e-05,-0.0024132683367506,zero_to_positive
ETN,2012Q1,Eaton Corporation plc,Industrials,2012,0.0,0.111018317427,0.111018317427,0.0,8.34186262908e-05,0.0038977755149672,zero_to_positive
NVO,2013Q1,Novo Nordisk A/S,Healthcare,2013,0.0,0.110955877981,0.110955877981,0.0,8.33717095931e-05,0.0264485560453038,zero_to_positive
LLY,2024Q4,Eli Lilly and Company,Healthcare,2024,0.0,0.110875860315,0.110875860315,0.0,8.3311584706e-05,-0.0599662398860206,zero_to_positive
GSK,2017Q2,GSK plc,Healthcare,2017,0.0,0.110794010631,0.110794010631,0.0,8.32500832501e-05,-0.0191538983343688,zero_to_positive
PHG,2011Q3,Koninklijke Philips N.V.,Healthcare,2011,0.0,0.110652983166,0.110652983166,0.0,8.31441158953e-05,-0.0149568936418058,zero_to_positive
R,2011Q2,"Ryder System, Inc.",Industrials,2011,0.0,0.110649691653,0.110649691653,0.0,8.31416426686e-05,0.0457133709524859,zero_to_positive
RRX,2016Q4,Regal Rexnord Corporation,Industrials,2016,0.0,0.110433732673,0.110433732673,0.0,8.29793721362e-05,0.0630223702424619,zero_to_positive
GILD,2013Q4,"Gilead Sciences, Inc.",Healthcare,2013,0.0,0.110433732673,0.110433732673,0.0,8.29793721362e-05,0.0587981577319463,zero_to_positive
HUM,2011Q1,Humana Inc.,Healthcare,2011,0.0,0.110358368865,0.110358368865,0.0,8.2922744136e-05,-0.0473549531464094,zero_to_positive
RIG,2020Q4,Transocean Ltd.,Energy,2020,0.0,0.110352540411,0.110352540411,0.0,8.29183646638e-05,0.2085522601776583,zero_to_positive
LUV,2018Q1,Southwest Airlines Co.,Industrials,2018,0.0,0.109916478656,0.109916478656,0.0,8.25907099717e-05,-0.0334691199522446,zero_to_positive
IP,2018Q1,International Paper Company,Retail,2018,0.0,0.109597638488,0.109597638488,0.0,8.23511350131e-05,0.0132330699570401,zero_to_positive
LUV,2020Q3,Southwest Airlines Co.,Industrials,2020,0.0,0.109544004339,0.109544004339,0.0,8.23108345736e-05,-0.0577805944230175,zero_to_positive
TER,2015Q4,"Teradyne, Inc.",Semiconductors,2015,0.0,0.109406228894,0.109406228894,0.0,8.22073107706e-05,0.0719459826430001,zero_to_positive
NOC,2016Q2,Northrop Grumman Corporation,Industrials,2016,0.0,0.109193983556,0.109193983556,0.0,8.20478306516e-05,0.0140288624852553,zero_to_positive
VAL,2023Q2,Valaris Limited,Energy,2023,0.0,0.10916947203,0.10916947203,0.0,8.20294128093e-05,-0.008856951551341,zero_to_positive
DVN,2016Q1,Devon Energy Corporation,Energy,2016,0.0,0.10889873999,0.10889873999,0.0,8.18259860652e-05,-0.1724517964988378,zero_to_positive
AMGN,2022Q4,Amgen Inc.,Healthcare,2022,0.0,0.108760734096,0.108760734096,0.0,8.17222891042e-05,-0.0044526052662359,zero_to_positive
BAC,2021Q4,Bank of America Corporation,Financial Services,2021,0.0,0.108659181556,0.108659181556,0.0,8.16459830176e-05,0.0474016181347385,zero_to_positive
HON,2011Q4,Honeywell International Inc.,Industrials,2011,0.0,0.10858822808,0.10858822808,0.0,8.15926689189e-05,0.0238799085866288,zero_to_positive
LTC,2017Q2,"LTC Properties, Inc.",Real Estate,2017,0.0,0.108274938239,0.108274938239,0.0,8.13572644488e-05,-0.0312916800073491,zero_to_positive
LH,2016Q2,Labcorp Holdings Inc.,Healthcare,2016,0.0,0.108038816493,0.108038816493,0.0,8.11798437121e-05,0.0403370320788206,zero_to_positive
PPC,2018Q2,Pilgrim's Pride Corporation,Consumer Goods,2018,0.0,0.107477217976,0.107477217976,0.0,8.07578613054e-05,0.0129788280624731,zero_to_positive
BDN,2011Q1,Brandywine Realty Trust,Real Estate,2011,0.0,0.107239740695,0.107239740695,0.0,8.05794220258e-05,-0.0029178581110883,zero_to_positive
TAP,2017Q3,Molson Coors Beverage Company,Consumer Goods,2017,0.0,0.106805018559,0.106805018559,0.0,8.02527739171e-05,0.0203854399191896,zero_to_positive
ADSK,2022Q2,"Autodesk, Inc.",Technology,2022,0.0,0.106508954751,0.106508954751,0.0,8.00303130053e-05,0.0554543600649433,zero_to_positive
LRCX,2015Q1,Lam Research Corporation,Semiconductors,2015,0.0,0.106428339059,0.106428339059,0.0,7.99697387647e-05,-0.0004547078074742,zero_to_positive
PEP,2018Q2,"PepsiCo, Inc.",Consumer Goods,2018,0.0,0.106373806695,0.106373806695,0.0,7.99287634099e-05,-0.0016769682076841,zero_to_positive
TMO,2021Q2,Thermo Fisher Scientific Inc.,Healthcare,2021,0.0,0.106300234033,0.106300234033,0.0,7.9873481268e-05,-0.0292000969522354,zero_to_positive
MRK,2012Q1,"Merck & Co., Inc.",Healthcare,2012,0.0,0.106300201613,0.106300201613,0.0,7.98734569079e-05,-0.0180536559000909,zero_to_positive
HSY,2015Q3,The Hershey Company,Consumer Goods,2015,0.0,0.10603133612,0.10603133612,0.0,7.96714326779e-05,-0.0106343274381823,zero_to_positive
XRX,2019Q4,Xerox Holdings Corporation,Industrials,2019,0.0,0.10579575173,0.10579575173,0.0,7.94944157077e-05,0.1093179797536606,zero_to_positive
CAH,2015Q3,"Cardinal Health, Inc.",Healthcare,2015,0.0,0.105722660474,0.105722660474,0.0,7.94394952915e-05,0.0010950593376645,zero_to_positive
EOG,2018Q2,"EOG Resources, Inc.",Energy,2018,0.0,0.105424757014,0.105424757014,0.0,7.92156520743e-05,-0.0252070555913367,zero_to_positive
AXP,2013Q3,American Express Company,Financial Services,2013,0.0,0.10536500574,0.10536500574,0.0,7.91707552559e-05,-0.0709348138030929,zero_to_positive
SHEL,2024Q2,Shell plc,Energy,2024,0.0,0.105005070626,0.105005070626,0.0,7.89003017536e-05,0.0105112504882617,zero_to_positive
ALK,2023Q1,"Alaska Air Group, Inc.",Industrials,2023,0.0,0.104739533866,0.104739533866,0.0,7.87007787174e-05,-0.0179420190005322,zero_to_positive
MMM,2010Q2,3M Company,Industrials,2010,0.0,0.104381681892,0.104381681892,0.0,7.84318904767e-05,0.0230253700847592,zero_to_positive
DOC,2012Q1,"Healthpeak Properties, Inc.",Real Estate,2012,0.0,0.104371768649,0.104371768649,0.0,7.84244417135e-05,-0.0328087102671955,zero_to_positive
VNO,2018Q4,Vornado Realty Trust,Real Estate,2018,0.0,0.104304324198,0.104304324198,0.0,7.83737642801e-05,0.0084208908990068,zero_to_positive
MKC,2019Q2,"McCormick & Company, Incorporated",Consumer Goods,2019,0.0,0.103776111888,0.103776111888,0.0,7.79768681071e-05,0.0266480502101271,zero_to_positive
TFX,2020Q3,Teleflex Incorporated,Healthcare,2020,0.0,0.103680450526,0.103680450526,0.0,7.79049886228e-05,-0.0778270816432204,zero_to_positive
GIS,2018Q3,"General Mills, Inc.",Consumer Goods,2018,0.0,0.103543064253,0.103543064253,0.0,7.78017572423e-05,-0.0826080288759161,zero_to_positive
C,2021Q4,Citigroup Inc.,Financial Services,2021,0.0,0.103116603993,0.103116603993,0.0,7.74813170675e-05,0.0055888893733524,zero_to_positive
GCO,2016Q3,Genesco Inc.,Retail,2016,0.0,0.103092762004,0.103092762004,0.0,7.74634023121e-05,-0.3378120781847536,zero_to_positive
CRK,2011Q4,"Comstock Resources, Inc.",Energy,2011,0.0,0.10306857385,0.10306857385,0.0,7.74452274505e-05,-0.0668129757755154,zero_to_positive
THC,2021Q3,Tenet Healthcare Corporation,Healthcare,2021,0.0,0.102999500753,0.102999500753,0.0,7.73933262594e-05,-0.0048779961134495,zero_to_positive
LRCX,2023Q2,Lam Research Corporation,Semiconductors,2023,0.0,0.102507173214,0.102507173214,0.0,7.70233937305e-05,0.0763398730525385,zero_to_positive
TGT,2012Q3,Target Corporation,Consumer Goods,2012,0.0,0.102429633739,0.102429633739,0.0,7.69651309442e-05,0.0063082474965545,zero_to_positive
FUN,2023Q4,Six Flags Entertainment Corporation,Retail,2023,0.0,0.102427971721,0.102427971721,0.0,7.69638821117e-05,-0.0079086311288544,zero_to_positive
BALL,2017Q1,Ball Corporation,Retail,2017,0.0,0.102359255216,0.102359255216,0.0,7.69122488622e-05,-0.0440782517442491,zero_to_positive
RGEN,2022Q4,Repligen Corporation,Healthcare,2022,0.0,0.102206577803,0.102206577803,0.0,7.67975277937e-05,-0.0053966788655642,zero_to_positive
BDN,2014Q2,Brandywine Realty Trust,Real Estate,2014,0.0,0.102132520793,0.102132520793,0.0,7.67418817145e-05,0.0212893037039313,zero_to_positive
BMY,2022Q2,Bristol-Myers Squibb Company,Healthcare,2022,0.0,0.102124372868,0.102124372868,0.0,7.67357594031e-05,-0.017970545871629,zero_to_positive
CI,2022Q2,The Cigna Group,Healthcare,2022,0.0,0.101946183455,0.101946183455,0.0,7.66018687407e-05,0.061384292998383,zero_to_positive
EMR,2010Q2,Emerson Electric Co.,Industrials,2010,0.0,0.101798218189,0.101798218189,0.0,7.64906883562e-05,-0.0483853852599696,zero_to_positive
LHX,2018Q4,"L3Harris Technologies, Inc.",Industrials,2018,0.0,0.101647529671,0.101647529671,0.0,7.63774617333e-05,0.1088394846677228,zero_to_positive
TRV,2013Q4,"The Travelers Companies, Inc.",Financial Services,2013,0.0,0.101450783997,0.101450783997,0.0,7.62296279863e-05,-0.0046708486009903,zero_to_positive
BDN,2012Q3,Brandywine Realty Trust,Real Estate,2012,0.0,0.101347015721,0.101347015721,0.0,7.61516570065e-05,0.0157873553450204,zero_to_positive
GL,2022Q3,Globe Life Inc.,Financial Services,2022,0.0,0.100733432772,0.100733432772,0.0,7.56906137488e-05,-0.0395676665551348,zero_to_positive
SYNA,2015Q2,Synaptics Incorporated,Semiconductors,2015,0.0,0.100638931599,0.100638931599,0.0,7.56196060242e-05,-0.0479387171169874,zero_to_positive
DINO,2024Q4,HF Sinclair Corporation,Energy,2024,0.0,0.100190626927,0.100190626927,0.0,7.52827520643e-05,-0.0302247546422406,zero_to_positive
RIG,2011Q2,Transocean Ltd.,Energy,2011,0.0,0.100005913701,0.100005913701,0.0,7.51439594404e-05,0.0139141486499922,zero_to_positive
PFE,2024Q4,Pfizer Inc.,Healthcare,2024,0.0,0.099930053125,0.099930053125,0.0,7.50869581708e-05,-0.0100123183953073,zero_to_positive
DVN,2016Q4,Devon Energy Corporation,Energy,2016,0.0,0.0993595979201,0.0993595979201,0.0,7.46583208914e-05,0.0515783205077061,zero_to_positive
BC,2015Q4,Brunswick Corporation,Retail,2015,0.0,0.0993012534148,0.0993012534148,0.0,7.46144811125e-05,0.0950646078565615,zero_to_positive
GE,2013Q2,GE Aerospace,Industrials,2013,0.0,0.0980163103246,0.0980163103246,0.0,7.36489810947e-05,-0.0736231309467098,zero_to_positive
MDT,2018Q3,Medtronic plc,Healthcare,2018,0.0,0.0979660607922,0.0979660607922,0.0,7.36112238394e-05,0.0608502593622426,zero_to_positive
VFC,2016Q1,V.F. Corporation,Retail,2016,0.0,0.0979400964652,0.0979400964652,0.0,7.35917143697e-05,-0.0067256321954012,zero_to_positive
APA,2015Q1,APA Corporation,Energy,2015,0.0,0.0976195549791,0.0976195549791,0.0,7.33508610488e-05,-0.0092995667486737,zero_to_positive
JNJ,2024Q4,Johnson & Johnson,Healthcare,2024,0.0,0.0973866860531,0.0973866860531,0.0,7.31758844651e-05,0.0175406046234149,zero_to_positive
EOG,2010Q2,"EOG Resources, Inc.",Energy,2010,0.0,0.0972706558275,0.0972706558275,0.0,7.30886999153e-05,-0.0011314189414326,zero_to_positive
DVN,2017Q4,Devon Energy Corporation,Energy,2017,0.0,0.0971404751119,0.0971404751119,0.0,7.29908827557e-05,0.0828715241788047,zero_to_positive
DOC,2013Q1,"Healthpeak Properties, Inc.",Real Estate,2013,0.0,0.09627840157,0.09627840157,0.0,7.23431248695e-05,0.0034459128360852,zero_to_positive
PTC,2021Q4,PTC Inc.,Technology,2021,0.0,0.0962049744019,0.0962049744019,0.0,7.22879520508e-05,-0.06585253155645,zero_to_positive
CVS,2010Q3,CVS Health Corporation,Healthcare,2010,0.0,0.0961980523928,0.0961980523928,0.0,7.22827508867e-05,0.0176570772097709,zero_to_positive
ALK,2017Q2,"Alaska Air Group, Inc.",Industrials,2017,0.0,0.0959777820813,0.0959777820813,0.0,7.2117240841e-05,-0.0757942435168663,zero_to_positive
PTEN,2015Q2,"Patterson-UTI Energy, Inc.",Energy,2015,0.0,0.0956691078159,0.0956691078159,0.0,7.18853044922e-05,0.0090257210086238,zero_to_positive
HR,2021Q1,Healthcare Realty Trust Incorporated,Real Estate,2021,0.0,0.0954767014275,0.0954767014275,0.0,7.17407312634e-05,0.0410975752093035,zero_to_positive
BAX,2014Q2,Baxter International Inc.,Healthcare,2014,0.0,0.0950087090704,0.0950087090704,0.0,7.13890840717e-05,-0.0062768930482795,zero_to_positive
BAC,2022Q1,Bank of America Corporation,Financial Services,2022,0.0,0.0943469609451,0.0943469609451,0.0,7.08918497338e-05,0.0209497064561708,zero_to_positive
PNR,2011Q4,Pentair plc,Industrials,2011,0.0,0.0939727433239,0.0939727433239,0.0,7.06106644247e-05,-0.044191775291443,zero_to_positive
CVS,2012Q2,CVS Health Corporation,Healthcare,2012,0.0,0.0938770772918,0.0938770772918,0.0,7.05387814313e-05,0.0371275176351407,zero_to_positive
ABT,2014Q2,Abbott Laboratories,Healthcare,2014,0.0,0.0933283507413,0.0933283507413,0.0,7.01264709576e-05,0.0143954556996011,zero_to_positive
ABT,2014Q4,Abbott Laboratories,Healthcare,2014,0.0,0.0931939899179,0.0931939899179,0.0,7.00255128853e-05,-0.002772499072303,zero_to_positive
LLY,2023Q4,Eli Lilly and Company,Healthcare,2023,0.0,0.0927067990587,0.0927067990587,0.0,6.96594400322e-05,0.0274863970484615,zero_to_positive
AEG,2016Q2,Aegon Ltd.,Financial Services,2016,0.0,0.0921837069273,0.0921837069273,0.0,6.92663911368e-05,-0.1017609257466778,zero_to_positive
UDR,2016Q1,"UDR, Inc.",Real Estate,2016,0.0,0.092066115149,0.092066115149,0.0,6.91780332439e-05,0.0192942356547541,zero_to_positive
GPC,2016Q3,Genuine Parts Company,Retail,2016,0.0,0.0919854893005,0.0919854893005,0.0,6.91174513716e-05,-0.0203784281541177,zero_to_positive
VFC,2014Q2,V.F. Corporation,Retail,2014,0.0,0.0918875173936,0.0918875173936,0.0,6.9043835755e-05,0.0215487629497895,zero_to_positive
BAX,2010Q1,Baxter International Inc.,Healthcare,2010,0.0,0.0918023424826,0.0918023424826,0.0,6.89798357392e-05,-0.012257229989819,zero_to_positive
HUM,2023Q4,Humana Inc.,Healthcare,2023,0.0,0.0916381327872,0.0916381327872,0.0,6.8856449369e-05,-0.1007904672240839,zero_to_positive
BAX,2015Q2,Baxter International Inc.,Healthcare,2015,0.0,0.0909422613646,0.0909422613646,0.0,6.83335749507e-05,0.0079176017153073,zero_to_positive
SYY,2022Q4,Sysco Corporation,Consumer Goods,2022,0.0,0.0905404546134,0.0905404546134,0.0,6.80316593029e-05,-0.0390487272157466,zero_to_positive
WWW,2014Q4,"Wolverine World Wide, Inc.",Retail,2014,0.0,0.0898491074391,0.0898491074391,0.0,6.75121843829e-05,0.0178439064386576,zero_to_positive
XRAY,2020Q1,DENTSPLY SIRONA Inc.,Healthcare,2020,0.0,0.0898400555444,0.0898400555444,0.0,6.7505382833e-05,-0.0482693168908782,zero_to_positive
TGT,2018Q4,Target Corporation,Consumer Goods,2018,0.0,0.0892773633663,0.0892773633663,0.0,6.70825786543e-05,-0.0924780688333529,zero_to_positive
MKC,2020Q3,"McCormick & Company, Incorporated",Consumer Goods,2020,0.0,0.0867665158296,0.0867665158296,0.0,6.51959399699e-05,-0.0108384900990683,zero_to_positive
HON,2018Q3,Honeywell International Inc.,Industrials,2018,0.0,0.0864898265088,0.0864898265088,0.0,6.49880369537e-05,0.0361036686236451,zero_to_positive
ETN,2015Q1,Eaton Corporation plc,Industrials,2015,0.0,0.0850989971689,0.0850989971689,0.0,6.39429745205e-05,0.0489768805924587,zero_to_positive
XOM,2016Q4,ExxonMobil Holdings Corporation,Energy,2016,0.0,0.0850259717137,0.0850259717137,0.0,6.38881035469e-05,-0.040468361480456,zero_to_positive
SYY,2020Q2,Sysco Corporation,Consumer Goods,2020,0.0,0.0840921512162,0.0840921512162,0.0,6.31864353456e-05,-0.0247161146227611,zero_to_positive
BCS,2024Q4,Barclays PLC,Financial Services,2024,0.0,0.0837300383186,0.0837300383186,0.0,6.29143454673e-05,0.0138290224004153,zero_to_positive
CAG,2017Q4,"Conagra Brands, Inc.",Consumer Goods,2017,0.0,0.0835678372536,0.0835678372536,0.0,6.27924683722e-05,-0.0037214605198426,zero_to_positive
BDX,2020Q4,"Becton, Dickinson and Company",Healthcare,2020,0.0,0.0831818988127,0.0831818988127,0.0,6.2502476096e-05,-0.0125349059743579,zero_to_positive
PHM,2010Q2,"PulteGroup, Inc.",Retail,2010,0.0,0.0805656587661,0.0805656587661,0.0,6.05366459899e-05,-0.0404731352484782,zero_to_positive
CI,2013Q4,The Cigna Group,Healthcare,2013,0.0,0.0800064948262,0.0800064948262,0.0,6.01164929123e-05,0.0475059401118482,zero_to_positive
PGR,2017Q3,The Progressive Corporation,Financial Services,2017,0.0,0.0786447121733,0.0786447121733,0.0,5.9093256019e-05,-0.0003792342293624,zero_to_positive
RJF,2010Q1,"Raymond James Financial, Inc.",Financial Services,2010,0.0,0.07818844584,0.07818844584,0.0,5.87504197049e-05,0.119380749605727,zero_to_positive
BAC,2014Q3,Bank of America Corporation,Financial Services,2014,0.0,0.0751249806002,0.0751249806002,0.0,5.64485467536e-05,-0.0307696939166497,zero_to_positive
LUV,2018Q4,Southwest Airlines Co.,Industrials,2018,0.0,0.0738572462592,0.0738572462592,0.0,5.54959773066e-05,-0.0912343619637817,zero_to_positive
LLY,2017Q4,Eli Lilly and Company,Healthcare,2017,0.0,0.0706058900501,0.0706058900501,0.0,5.30529239905e-05,-0.0220507763080947,zero_to_positive
JNJ,2017Q2,Johnson & Johnson,Healthcare,2017,0.0,0.0697062761927,0.0697062761927,0.0,5.23769584929e-05,-0.0331926910690602,zero_to_positive
PFE,2021Q4,Pfizer Inc.,Healthcare,2021,0.0,0.0604532929223,0.0604532929223,0.0,4.5424311656e-05,0.0243309655584597,zero_to_positive
