company_id,security_id,symbol,name,exchange,review_reason
AVC207497FB5D5EDD7B,AVS773C93D98214BB95,AAAP,Advanced Accelerator Applications S.A.,NASDAQ,no unique public CIK match
AVC207497FB5D5EDD7B,AVSA9A1ED65B0115ED8,AAAP,Advanced Accelerator Applications S.A.,NASDAQ,no unique public CIK match
AVC05A188CC034F756F,AVSB6BA428470C71F57,AABA,Altaba Inc,NASDAQ,no unique public CIK match
AVC05A188CC034F756F,AVS433FC93B14C6E765,AABA,Altaba Inc,NASDAQ,no unique public CIK match
AVC379926059C48B702,AVSA9DCC1D5C07F87B6,AAIC,Arlington Asset Investment Corp - Class A,NYSE,no unique public CIK match
AVCD7E174C7199CFFAA,AVSBE75999DE2F30851,AATI,Advanced Analogic Technologies Incorp.,NASDAQ,no unique public CIK match
AVCD7E174C7199CFFAA,AVS1A4EA779F6C3B0B6,AATI,Advanced Analogic Technologies Incorp.,NASDAQ,no unique public CIK match
AVCDDB514B846703D69,AVS4EBEE9F3F3D4C40E,AAV,Advantage Oil & Gas Ltd,NYSE,no unique public CIK match
AVCDDB514B846703D69,AVSEA4DB6B129E86498,AAV,Advantage Oil & Gas Ltd,NYSE,no unique public CIK match
AVCE036430AC6BBC9D5,AVS99607697A0E02028,ABCM,Abcam,NASDAQ,no unique public CIK match
AVC767E56471BA19BA6,AVSA1355C31C0B8292E,ABEOW,ABEOW,NASDAQ,no unique public CIK match
AVC767E56471BA19BA6,AVS60E9B7454CCA785B,ABEOW,ABEOW,NASDAQ,no unique public CIK match
AVCD94C2C61357F4344,AVS6576DC6A9DA0482A,ABFS,Arkansas Best Corp,NASDAQ,no unique public CIK match
AVCD94C2C61357F4344,AVSEDC60F9C6AF8428D,ABFS,Arkansas Best Corp,NASDAQ,no unique public CIK match
AVC5B4205F9BA748D7B,AVS7678B307245A75A8,ABGB,ABENGOA SA,NASDAQ,no unique public CIK match
AVC5B4205F9BA748D7B,AVSF907D8AD3265A20E,ABGB,ABENGOA SA,NASDAQ,no unique public CIK match
AVCE3B0C44298FC1C14,AVSE01E51FBFBA60A66,ABGBY,,NASDAQ,no unique public CIK match
AVC136D311CCB7A8A26,AVS0371E94F5FDE441A,ABI,Safety First Trust Series 2009-2 (Citi ABI),NASDAQ,no unique public CIK match
AVC136D311CCB7A8A26,AVS7E5502B2FEDD457F,ABI,Safety First Trust Series 2009-2 (Citi ABI),NASDAQ,no unique public CIK match
AVC8976B96BE763FC61,AVS223B94A1A5C9C87F,ABILW,ABILW,NASDAQ,no unique public CIK match
AVC8976B96BE763FC61,AVS78AC903BA17E9BD1,ABILW,ABILW,NASDAQ,no unique public CIK match
AVC49F79C76F8BBA603,AVSEE1C5EED324A32D0,ABLX,Ablynx NV,NASDAQ,no unique public CIK match
AVC49F79C76F8BBA603,AVS35D745776F9CDA1B,ABLX,Ablynx NV,NASDAQ,no unique public CIK match
AVCA4EF1D85FEB69C29,AVSCF73E58294B895A7,ABST,Absolute Software Corp,NASDAQ,no unique public CIK match
AVCF12CEC42B91B1986,AVSA43026B70FB56F3B,ABY,Abengoa Yield plc,NASDAQ,no unique public CIK match
AVCF12CEC42B91B1986,AVS221BC55A1254F6EE,ABY,Abengoa Yield plc,NASDAQ,no unique public CIK match
AVC02C79C86FDC170C3,AVS3EB247636E7A73DE,ACGN,Aceragen Inc,NASDAQ,no unique public CIK match
AVC442497EB325BFE9A,AVS17FEDC32408916C5,ACME,Acme Communication,NASDAQ,no unique public CIK match
AVC442497EB325BFE9A,AVSD6FB42A5A696077E,ACME,Acme Communication,NASDAQ,no unique public CIK match
AVC5F3EE782A0F93AA5,AVS90718298FD6D49FA,ACST,Acasti Pharma Inc - Class A,NASDAQ,no unique public CIK match
AVC519B679EC9832E6A,AVS95C7FDA9C93FA38A,ACTT,ACT TELECONFERENCING INC,NASDAQ,no unique public CIK match
AVC10822077C25B8FAA,AVSDA3E4056ACE4E297,ADCC,Savenergy Holdings Inc,NASDAQ,no unique public CIK match
AVC10822077C25B8FAA,AVS5F054FF62426CC46,ADCC,Savenergy Holdings Inc,NASDAQ,no unique public CIK match
AVCDD0BE96281CDDDB8,AVSE42273A68F213BEB,ADHD,Alcobra Ltd,NYSE,no unique public CIK match
AVCDD0BE96281CDDDB8,AVS6B1ADE15D9B9412E,ADHD,Alcobra Ltd,NYSE,no unique public CIK match
AVCEF92783F3262C930,AVS4031DC3A0691EDB7,ADVS,Advent Software Inc,NASDAQ,no unique public CIK match
AVCEF92783F3262C930,AVS7A9A87A1BBD2B174,ADVS,Advent Software Inc,NASDAQ,no unique public CIK match
AVC9550BEED82FA3803,AVSCFF09AF15DA753A7,AEB,Aegon Ltd,NYSE,no unique public CIK match
AVC8878E538A713DA80,AVS612FC060F49B7FDF,AED,AEGON NV Perp Cap Securities Netherlands,NYSE,no unique public CIK match
AVC8878E538A713DA80,AVSE64B2B74E62D1528,AED,AEGON NV Perp Cap Securities Netherlands,NYSE,no unique public CIK match
AVC8878E538A713DA80,AVSF4C03C107B65DD2A,AED-CL,AEGON NV Perp Cap Securities Netherlands,NYSE,no unique public CIK match
AVC785F638087310245,AVS262FE50038D4B004,AEH,AEGON NV Perp Cap Secs,NYSE,no unique public CIK match
AVC785F638087310245,AVS87F1AE47F23B7B34,AEH,AEGON NV Perp Cap Secs,NYSE,no unique public CIK match
AVCE3B0C44298FC1C14,AVS45204E2053A6DA6B,AEH-CL,,NYSE,no unique public CIK match
AVCBFC164B0BB2FE2C2,AVS88FFDFF7ED609240,AEK,AEGON N.V.,NYSE,no unique public CIK match
AVCBFC164B0BB2FE2C2,AVS128E128E3A50326E,AEK,AEGON N.V.,NYSE,no unique public CIK match
AVC6ABC41B0F86B28DF,AVSD22B2CE0A6639EEE,AENZ,Aenza S.A.A,NYSE,no unique public CIK match
AVC6E353134F4C716DA,AVSAE414AE7622774C7,AERO,Aero Grow International Inc,NASDAQ,no unique public CIK match
AVC20CD0CD5561B7DF5,AVSAB6A4439526F3EC9,AET,Aetna Inc,NYSE,no unique public CIK match
AVC20CD0CD5561B7DF5,AVSA461D05F534F6A4F,AET,Aetna Inc,NYSE,no unique public CIK match
AVCE1D8D481BF5D6FE7,AVS0F44DCC9AF57FB1B,AEZ,AMERICAN OIL & GAS INC,NYSE,no unique public CIK match
AVCE1D8D481BF5D6FE7,AVSDF4FFCFE3B9344BB,AEZ,AMERICAN OIL & GAS INC,NYSE,no unique public CIK match
AVC77CA42FA46D9786B,AVS6456B63763BBC26C,AFFMQ,Affirmative Insurance Hldgs Inc,NASDAQ,no unique public CIK match
AVC77CA42FA46D9786B,AVS59E5A828A687C39F,AFFMQ,Affirmative Insurance Hldgs Inc,NASDAQ,no unique public CIK match
AVCE3B0C44298FC1C14,AVSB20A9A62B587FE32,AFGE-CL,,NYSE,no unique public CIK match
AVCBD50DDAD694ABAD6,AVSAE541F797ECC4892,AFM,Affiliated Managers Group Inc 5250 Senior Notes Due 2022,NYSE,no unique public CIK match
AVCBD50DDAD694ABAD6,AVS8456F9C70413B79B,AFM,Affiliated Managers Group Inc 5250 Senior Notes Due 2022,NYSE,no unique public CIK match
AVC0292039F28584E3B,AVS7BB49237C2F15988,AFQ,American Financial Group Inc. 7 Senior Notes due 2050,NYSE,no unique public CIK match
AVC0292039F28584E3B,AVS1110E58226A47BD4,AFQ,American Financial Group Inc. 7 Senior Notes due 2050,NYSE,no unique public CIK match
AVC6B010B77EE6BF85C,AVS9D1CF239EDB670A0,AFW-CL,American Financial Group Inc. 6 38 Senior Notes due 2042,NYSE,no unique public CIK match
AVC66689B45617D6C5B,AVS89741485D285600C,AGBAR,AGBA Group Holding Ltd,NASDAQ,no unique public CIK match
AVCE4D13AEE1379AEA1,AVS07A8DCE92927D60B,AGFSW,AGFSW,NASDAQ,no unique public CIK match
AVC05EE66ACEE5E51D2,AVS0C99CEA1FEFF11A1,AGIIL,Argo Group International Holdings Ltd 6.5 Senior Nt 2042,NASDAQ,no unique public CIK match
AVC05EE66ACEE5E51D2,AVSB136F0D911D269FA,AGIIL,Argo Group International Holdings Ltd 6.5 Senior Nt 2042,NASDAQ,no unique public CIK match
AVCBD652A1AC129BC3E,AVS1580B3C1F83540FB,AGTI,Agiliti Inc,NYSE,no unique public CIK match
AVC3C8B8F01DEB690FD,AVS308D182AF2ABF6A3,AGU,Agrium Inc,NYSE,no unique public CIK match
AVC3C8B8F01DEB690FD,AVSC42D3263D99F6888,AGU,Agrium Inc,NYSE,no unique public CIK match
AVCAB04CB181CA4202C,AVS3782D25F941D64F0,AHL-P-B-CL,Aspen Insurance Holdings Limited Perp Pref Shs Bermuda,NYSE,no unique public CIK match
AVCAB04CB181CA4202C,AVS70F1537E8E0C70F5,AHL-P-B-CL,Aspen Insurance Holdings Limited Perp Pref Shs Bermuda,NYSE,no unique public CIK match
AVC403C0121F3C6A629,AVSC109B8F07E13360F,AIP,Infinya Ltd,NYSE MKT,no unique public CIK match
AVC1DD8C4391C330079,AVS9524BA21809BE72E,AIXG,Aixtron SE,NASDAQ,no unique public CIK match
AVC1DD8C4391C330079,AVSD913D3D8DF534699,AIXG,Aixtron SE,NASDAQ,no unique public CIK match
AVC710648ABC762E8CD,AVS2D83FFF853149FF2,AIY,Apollo Investment Corp Pfd,NYSE,no unique public CIK match
AVC710648ABC762E8CD,AVS04153D5052A9ED9B,AIY,Apollo Investment Corp Pfd,NYSE,no unique public CIK match
AVCF1375533B4C43D26,AVS546B620E3E0AAE6C,AKRO,Akero Therapeutics Inc,NASDAQ,no unique public CIK match
AVC8AF8A1067471B729,AVS6B12B3FA1CB4EBDA,AL,Sumisho Air Lease Corp - Class A,NYSE,no unique public CIK match
AVC1E6623E2E39BE623,AVS800AEA512E8A70EC,ALEX,Alexander & Baldwin Inc,NYSE,no unique public CIK match
AVC3D83378796C495D8,AVSC52251640D37D19C,ALGI,Amer Locker Group,NASDAQ,no unique public CIK match
AVC3D83378796C495D8,AVS76785E3350789909,ALGI,Amer Locker Group,NASDAQ,no unique public CIK match
AVCE3B0C44298FC1C14,AVS0FEFB5DA7DCD8381,ALL-P-A-CL,,NYSE,no unique public CIK match
AVCE3B0C44298FC1C14,AVS6850B4AE0C5744C6,ALL-P-D-CL,,NYSE,no unique public CIK match
AVCE3B0C44298FC1C14,AVSC269864066EF3F3A,ALL-P-D-CL,,NYSE,no unique public CIK match
AVCE3B0C44298FC1C14,AVSA7580B54C7EC4673,ALL-P-E-CL,,NYSE,no unique public CIK match
AVCE3B0C44298FC1C14,AVS570D593DE8FB0BA1,ALL-P-E-CL,,NYSE,no unique public CIK match
AVCE3B0C44298FC1C14,AVSE2B1F7888300C430,ALL-P-F-CL,,NYSE,no unique public CIK match
AVCE3B0C44298FC1C14,AVS16B5E2B162D50001,ALL-P-F-CL,,NYSE,no unique public CIK match
AVCB8CAD6F2AE299E5C,AVSF0D445C6C218D509,ALLPFCL,Allstate Corporation The Leopards Dep Shares Representing 11000th Perp Pfd,NYSE,no unique public CIK match
AVCB8CAD6F2AE299E5C,AVS12CB6C8D99C12464,ALLPFCL,Allstate Corporation The Leopards Dep Shares Representing 11000th Perp Pfd,NYSE,no unique public CIK match
AVCAD6771D889DAE382,AVSACC5DB61B53B0267,ALLYPRA,GMAC Capital Trust I,NYSE,no unique public CIK match
AVC1D5CF3F6E23358CA,AVSD3EF99C051470084,ALNC,Alliance Financial Corp,NASDAQ,no unique public CIK match
AVC1D5CF3F6E23358CA,AVS56C1BC64701987D3,ALNC,Alliance Financial Corp,NASDAQ,no unique public CIK match
AVCAEBAF8402FD7BDF4,AVS765452CDD3E53030,ALO,Alio Gold Inc Canada,NYSE,no unique public CIK match
AVC374EB14495E09F22,AVSC41B8F044001AC54,ALTA,Altabancorp,NASDAQ,no unique public CIK match
AVCDDCF6406C36EF056,AVS7C95FD764BA8331C,ALTR,Altair Engineering Inc - Class A,NASDAQ,no unique public CIK match
AVCEA57FE3BA669B7B5,AVS66E40184359EABCF,ALTUQ,Altus Pharmaceutical,NASDAQ,no unique public CIK match
AVCEA57FE3BA669B7B5,AVS823993FEBBDC9911,ALTUQ,Altus Pharmaceutical,NASDAQ,no unique public CIK match
AVC0AC0F4B9E65B1FC7,AVSFB7C2FB3B68877CC,ALU,AlcatelLucent,NYSE,no unique public CIK match
AVC0AC0F4B9E65B1FC7,AVSD8C82ACD25ACCF49,ALU,AlcatelLucent,NYSE,no unique public CIK match
AVC31D18C0DEFDC3E0E,AVSE57DBB4A700A5057,AMBTQ,Ambient Corp,NASDAQ,no unique public CIK match
AVC31D18C0DEFDC3E0E,AVS714C95EA2CE100CA,AMBTQ,Ambient Corp,NASDAQ,no unique public CIK match
AVCDD7767C04AC5ED6B,AVS511C12ADF2FF6FA8,AMFW,Amec Foster Wheeler plc,NYSE,no unique public CIK match
AVCDD7767C04AC5ED6B,AVS54078797FD20816A,AMFW,Amec Foster Wheeler plc,NYSE,no unique public CIK match
AVC43CFEA872FA8EF4B,AVS2F617C07C2985749,AMGP,Antero Midstream GP LP of Beneficial Interests,NYSE,no unique public CIK match
AVC43CFEA872FA8EF4B,AVSB56751B1A01A755A,AMGP,Antero Midstream GP LP of Beneficial Interests,NYSE,no unique public CIK match
AVCADC8756961076CF8,AVSBBCB33A2C5B23F61,AMIEQ,AMBASSADORS INTL INC,NASDAQ,no unique public CIK match
AVCADC8756961076CF8,AVS3B284E9DCF17B1AA,AMIEQ,AMBASSADORS INTL INC,NASDAQ,no unique public CIK match
AVC4A5EBA52D3F47BB4,AVSAEC833774B6784A0,AMK,Assetmark Financial Holdings Inc,NYSE,no unique public CIK match
AVC78BE9A414FA48BCE,AVSAE75CB2A61A01EAE,AMOV,America Movil S.A.B.DE C.V.,NYSE,no unique public CIK match
AVC6BDD9DCA252F575D,AVS8004851C72A20167,AMR1,AMR Corporation AAMRQ,NASDAQ,no unique public CIK match
AVC6BDD9DCA252F575D,AVS2117B0E8A55B332E,AMR1,AMR Corporation AAMRQ,NASDAQ,no unique public CIK match
AVC0D9C4C116DAF1C80,AVS19FD7377E22D63A7,AMRB,American River Bancshares,NASDAQ,no unique public CIK match
AVC34997D529D7B3E40,AVSD31DB03946CB35B7,AMRK,Gold.com Inc,NASDAQ,no unique public CIK match
AVC2DA8DA01E9C274C7,AVS3255E29573803F0E,AMSGP,Amsurg Corp 5.25 Mand Conv Pfd Ser A1,NASDAQ,no unique public CIK match
AVC2DA8DA01E9C274C7,AVSCD98B90561F8978D,AMSGP,Amsurg Corp 5.25 Mand Conv Pfd Ser A1,NASDAQ,no unique public CIK match
AVC95D7F4270C1BAB91,AVS5A9D686EA8991E06,AMSWA,Logility Supply Chain Solutions Inc - Class A,NASDAQ,no unique public CIK match
AVC355B6ECFC279F883,AVSD989A304E5254919,AMTBB,Amerant Bancorp Inc - Class B,NASDAQ,no unique public CIK match
AVC322A465D6E121F31,AVS8AB40632639DA934,AMYT,Amryt Pharma Plc,NASDAQ,no unique public CIK match
AVC76053A348276196B,AVS6DA68EEBE7DE3C29,ANAT,American National Group Inc,NASDAQ,no unique public CIK match
AVCE52B1CEE102F2FA7,AVS1976F89E3DB6617F,ANDAR,Stryve Foods Inc,NASDAQ,no unique public CIK match
AVCAD9357762CC07E09,AVSA715F0F4AC116B8A,ANDX,Andeavor Logistics LP representing Limited Partner Interests,NYSE,no unique public CIK match
AVCAD9357762CC07E09,AVS694F710DD237A193,ANDX,Andeavor Logistics LP representing Limited Partner Interests,NYSE,no unique public CIK match
AVC300B8F0DA2321DEE,AVS44AC6ABE8987905B,ANRZQ,Alpha Natural Resources Inc,NYSE,no unique public CIK match
AVC300B8F0DA2321DEE,AVSD9649F2F9CAD586E,ANRZQ,Alpha Natural Resources Inc,NYSE,no unique public CIK match
AVCAC4E9196658B41B2,AVSEE17B5C8375886C9,ANTE,AirNet Technology Inc,NASDAQ,no unique public CIK match
AVC0E63B6294D73B88D,AVSFB656A59CA51D658,ANVS,Anv Sec Group Inc,NYSE MKT,no unique public CIK match
AVC4482DDC7C433DA9E,AVS212567600A18837E,APHA,Aphria Inc,NYSE,no unique public CIK match
AVCFBF3CC248A4F0266,AVSDE315B6C657B8B7C,APLP,Archrock Partners LP,NASDAQ,no unique public CIK match
AVCFBF3CC248A4F0266,AVS23909C995B774BDA,APLP,Archrock Partners LP,NASDAQ,no unique public CIK match
AVCB4F94D4F59845CD3,AVS8945236CC0A541BF,APLT,Applied Therapeutics Inc,NASDAQ,no unique public CIK match
AVC98EA32D41FDB7065,AVS7F18A97A2835435F,APM,Aptorum Group Ltd - Class A,NASDAQ,no unique public CIK match
AVCC1501D3A220FA41E,AVS44117E4563B7F9D0,APRN,Blue Apron Holdings Inc - Class A,NASDAQ,no unique public CIK match
AVC44DA79E146CB7107,AVSBEC59FF6DCE8B68A,AQ,ACQUITY GROUP LTD Foreign,NYSE,no unique public CIK match
AVC44DA79E146CB7107,AVS9F7C60C97D7EECEC,AQ,ACQUITY GROUP LTD Foreign,NYSE,no unique public CIK match
AVCF6E009C5E37E7A13,AVSAC27EE9FFEB776B5,AQNA,Algonquin Power & Utilities Corp,NYSE,no unique public CIK match
AVC77FB39FC7226B373,AVS1FDC5F0F0FCCA16F,ARA,American Renal Associates Holdings Inc,NYSE,no unique public CIK match
AVC78473C2CDFE2CB00,AVS16CB79E6274D2E07,ARCE,Arco Platform Ltd - Class A,NASDAQ,no unique public CIK match
AVC5D992D9BCB7F668C,AVSAD917B206BC2FAD1,ARCH,Arch Resources Inc - Class A,NYSE,no unique public CIK match
AVC97B945E08AB0F2B4,AVS85F7811B2BCADF78,ARCPP,American Realty Capital Properties Inc Pfd Ser F,NASDAQ,no unique public CIK match
AVC97B945E08AB0F2B4,AVS2A7ECA46237358A5,ARCPP,American Realty Capital Properties Inc Pfd Ser F,NASDAQ,no unique public CIK match
AVC7DA87B239C376AA2,AVS23734B67EC4702F4,ARD,Ardagh Group S.A. - Class A,NYSE,no unique public CIK match
AVC518026920AE7D41C,AVS3458BC60C7FDC17E,ARE-P-E-CL,Alexandria Real Estate Equities Inc. Pfd Ser E,NYSE,no unique public CIK match
AVC518026920AE7D41C,AVSB0F9949FC24B7014,ARE-P-E-CL,Alexandria Real Estate Equities Inc. Pfd Ser E,NYSE,no unique public CIK match
AVC84FC5218382DEDFD,AVSE109D61458710E3F,AREN,Paradium.AI Inc,NYSE MKT,no unique public CIK match
AVCE3B0C44298FC1C14,AVSFA6C56EE10B6408C,ARGD,,NYSE,no unique public CIK match
AVCE3B0C44298FC1C14,AVS1D6499DA5791A00A,ARGD,,NYSE,no unique public CIK match
AVCC14949AAFAB5B6D4,AVSC7DA7A7E541FCC16,ARGD-1,Argo Group International Holdings Ltd. 6.5 Senior Notes Due 2042,NYSE,no unique public CIK match
AVCC14949AAFAB5B6D4,AVS7069881F43BF507F,ARGD-1,Argo Group International Holdings Ltd. 6.5 Senior Notes Due 2042,NYSE,no unique public CIK match
AVCB78CC6336815A0D1,AVS176849ABF3D56E53,ARI-P-C-CL,Apollo Commercial Real Estate Finance 8.00 Series C Cum Redeemable Perpetual Pfd Stk,NYSE,no unique public CIK match
AVCC7BB34F5E73BAA9E,AVSCE91E33939230210,ARIS,ARI Network Services Inc,NASDAQ,no unique public CIK match
AVC8BE9750BD413561E,AVS5C05617C9D61D4C9,ARMH,ARM HOLDINGS PLC ADRHEDGED(TM),NYSE ARCA,no unique public CIK match
AVC68A7109E4320646B,AVS29F592F2AB239CCE,ARRS,ARRIS GROUP DL01,NASDAQ,no unique public CIK match
AVC68A7109E4320646B,AVS11F0B1FF36B13B66,ARRS,ARRIS GROUP DL01,NASDAQ,no unique public CIK match
AVCE8147081970F89E7,AVS26CA90738D4F1472,ARU-CL,Ares Capital Corporation 5.875 Senior Notes due 2022,NYSE,no unique public CIK match
AVCDC102DEBBBAC8B4F,AVS584E49027B5E689D,ARY,Ares Capital Corporation 7.75 Senior Notes due 2040,NYSE,no unique public CIK match
AVCDC102DEBBBAC8B4F,AVSAC9F2692BB26D6AA,ARY,Ares Capital Corporation 7.75 Senior Notes due 2040,NYSE,no unique public CIK match
AVC713E95616D316F25,AVS2CC61D16FB8511DC,ARYA,Nautilus Biotechnology Inc - Class A,NASDAQ,no unique public CIK match
AVC714C498F37D31BAB,AVS509DAAC01B0E0FD4,ASCMA,Ascent Capital Group Inc Series A Common Stock,NASDAQ,no unique public CIK match
AVC714C498F37D31BAB,AVS3A846FF12DF267B0,ASCMA,Ascent Capital Group Inc Series A Common Stock,NASDAQ,no unique public CIK match
AVCC23DE355A876AE6A,AVSAC931EDA4B926615,ASLN,ASLAN Pharmaceuticals Ltd,NASDAQ,no unique public CIK match
AVC310F3C0597B7AD58,AVS47466E4FD1E817B1,ASMI,ASM International NV (ADR),NASDAQ,no unique public CIK match
AVC310F3C0597B7AD58,AVS209D687493580511,ASMI,ASM International NV (ADR),NASDAQ,no unique public CIK match
AVCE3B0C44298FC1C14,AVSEFFC29B1531EBE9C,ASPX,,NASDAQ,no unique public CIK match
AVCE3B0C44298FC1C14,AVSBA90A62CA8460C75,ASPX,,NASDAQ,no unique public CIK match
AVC8408EF2E11537328,AVSAB1C0B88A433031B,ASRT,Assertio Holdings Inc,NASDAQ,no unique public CIK match
AVC9F067BE2F0BBF13F,AVS9AB42ADB649245C0,ASRV 8.45 06-30-28,Ameriserv Financial Inc,NASDAQ,no unique public CIK match
AVC84384193D95E5C4F,AVSA5B8C716F0F0AC59,ASXC,Asensus Surgical Inc,NYSE MKT,no unique public CIK match
AVCE3B0C44298FC1C14,AVS99B824E8D9EF1349,ATACU,,NASDAQ,no unique public CIK match
AVCE3B0C44298FC1C14,AVS04AACC001E54FC74,ATACU,,NASDAQ,no unique public CIK match
AVC230F2691F5162A1C,AVS2C7A8AD436A6165E,ATB,Arlington Tankers Ltd,NYSE,no unique public CIK match
AVCDA1D210DA0D18D81,AVSDE334B553914A4DE,ATEST-A,ATEST.A,NYSE MKT,no unique public CIK match
AVC73B59B7753673D26,AVS467DE2D5B9DCC2A4,ATEST-B,ATEST.B,NYSE MKT,no unique public CIK match
AVC90124425110733A8,AVS405A1994134EE70D,ATEST-C,ATESTC,NYSE MKT,no unique public CIK match
AVC4093774FFD80701C,AVSA731A779F3F6FCB0,ATEST-G,ATESTG,NYSE MKT,no unique public CIK match
AVC896E36973AD2E40E,AVSCBA8325EEF4A0FAF,ATEST-H,ATEST.H,NYSE MKT,no unique public CIK match
AVC4569FD1A9563C18E,AVS22B7E297D3A9492B,ATEST-L,ATEST.L,NYSE MKT,no unique public CIK match
AVC3C484AAE13168B74,AVSF4D258772AA63624,ATGI,ALPHA TECHNOLOGIES GROUP INC,NASDAQ,no unique public CIK match
AVC3C484AAE13168B74,AVS0DA045CBA59D1961,ATGI,ALPHA TECHNOLOGIES GROUP INC,NASDAQ,no unique public CIK match
AVCC0BC70C140A38B57,AVSC7912755180BBA09,ATH,Athene Holding Ltd - Class A,NYSE,no unique public CIK match
AVCB17D3A36D542BD3B,AVS292CDDFA6427901F,ATTU,Attunity Ltd,NASDAQ,no unique public CIK match
AVCB17D3A36D542BD3B,AVS59DACEC2B0FF1A05,ATTU,Attunity Ltd,NASDAQ,no unique public CIK match
AVC0E038A399AA811FF,AVSD2811D3377B00E81,ATTY,1800Attorney Inc,NASDAQ,no unique public CIK match
AVC0E038A399AA811FF,AVSA43387C8AB2D65B0,ATTY,1800Attorney Inc,NASDAQ,no unique public CIK match
AVCAE8875CC1CE3EBEA,AVSA075B40BE82AA415,ATV,Acorn International Inc,NYSE,no unique public CIK match
AVC65FA568DBBC05B13,AVS1892810FC03FD32A,ATX,Costa Inc,NASDAQ,no unique public CIK match
AVC65FA568DBBC05B13,AVSEE4DE49AD395807A,ATX,Costa Inc,NASDAQ,no unique public CIK match
AVC17F5DA1E8C07CDE3,AVS5DCF3D22B410E901,ATXS,Astria Therapeutics Inc,NASDAQ,no unique public CIK match
AVC8AEF4BE3465EB59F,AVSC44ABF0897FB6879,AULT,Hyperscale Data Inc - Class A,NYSE MKT,no unique public CIK match
AVCE226BC5BAF770C72,AVS24C56527C3CC743B,AUQ,AuRico Gold Inc,NYSE,no unique public CIK match
AVCE226BC5BAF770C72,AVSA2F3A4DF15264FFD,AUQ,AuRico Gold Inc,NYSE,no unique public CIK match
AVC07C1CA3D2244D8CA,AVS4E0432B04C49F0D0,AUY,Yamana Gold Inc,NYSE,no unique public CIK match
AVC4C00EF3DD8AD27DB,AVS0DB0C12EBC4AE00A,AVCT,American Virtual Cloud Technologies Inc,NASDAQ,no unique public CIK match
AVC1151779EE16A06B3,AVS5728E0A4A6244365,AVH,Avianca Holdings SA ADR,NYSE,no unique public CIK match
AVC2DCC2D4712A16E81,AVS70BB97F4A5D968B9,AVIV,Aviv REIT Inc,NYSE,no unique public CIK match
AVC2DCC2D4712A16E81,AVS2A3CEF0E5EF044ED,AVIV,Aviv REIT Inc,NYSE,no unique public CIK match
AVCA34412E988D026DF,AVS59E0415E0C7847FF,AVL,Avalon Rare Metals Inc,NASDAQ,no unique public CIK match
AVCA34412E988D026DF,AVSE747F39A3F5D15C0,AVL,Avalon Rare Metals Inc,NASDAQ,no unique public CIK match
AVC72686166C467C562,AVS1BDDDCE16B8737F1,AVOL,Avolon Holdings Ltd,NYSE,no unique public CIK match
AVC72686166C467C562,AVS178BE53ADC1293BD,AVOL,Avolon Holdings Ltd,NYSE,no unique public CIK match
AVC540400500DDADC62,AVSA697FDCB4DAECB9D,AVTA,Avantax Inc,NASDAQ,no unique public CIK match
AVC579F222D9728FEF3,AVS935E36301078739D,AVV,Aviva Plc,NYSE,no unique public CIK match
AVC579F222D9728FEF3,AVS221C442C1575CB97,AVV,Aviva Plc,NYSE,no unique public CIK match
AVC301BD791191EAAA2,AVS542EBFD5E9447BAD,AVV-CL,Aviva plc Subordinated Capital Securities due 2041,NYSE,no unique public CIK match
AVCE24A18822F97BFF0,AVS6586381910E10E19,AVZAQ,Aviza Technology Inc,NASDAQ,no unique public CIK match
AVCE24A18822F97BFF0,AVSFAB658A78A9CADF3,AVZAQ,Aviza Technology Inc,NASDAQ,no unique public CIK match
AVC7C2D526A0D3D9627,AVS2CF0011D211A65DC,AXIA,Axia Energia,NYSE,no unique public CIK match
AVC1E688ECF1EAD45DE,AVSA3F9F136B1B5BDE9,AXLA,Axcella Health Inc,NASDAQ,no unique public CIK match
AVCC4AF1055C819A136,AVS11E5E7D6B176EFFC,AXLL,Axiall Corp,NYSE,no unique public CIK match
AVCC4AF1055C819A136,AVS5451EAE967D4A21C,AXLL,Axiall Corp,NYSE,no unique public CIK match
AVCB5BF59648B5B6218,AVS0E7CE73B980B2DE8,AXNX,Axonics Inc,NASDAQ,no unique public CIK match
AVCE3B0C44298FC1C14,AVSE7799E0AED6D34C2,AXS-P-D-CL,,NYSE,no unique public CIK match
AVCECED160B558E766A,AVS340BC99F4E7273C3,AXU,Alexco Resource Corp,NYSE MKT,no unique public CIK match
AVC30772FFBF6AC620A,AVSF8F8C7E720189DBF,AY,Atlantica Sustainable Infrastructure Plc,NASDAQ,no unique public CIK match
AVC4ACCA1F7E33E22B9,AVS42F824554CF90744,AYX,Alteryx Inc - Class A,NYSE,no unique public CIK match
AVCF882E5FC4445BE50,AVSA47B3980E1CD870E,AZPN,Aspen Technology Inc,NASDAQ,no unique public CIK match
AVCC28B1D00DC0F7E51,AVS34FDA6725FEAE10D,BAA,Banro Corporation USA,NYSE,no unique public CIK match
AVCC28B1D00DC0F7E51,AVS3B704CB7E9F96E07,BAA,Banro Corporation USA,NYSE,no unique public CIK match
AVCD06611F6BAEC920C,AVSE893F175BF5D13FD,BAC-P-W-CL,Bank of America Corporation Depository Shares Series W,NYSE,no unique public CIK match
AVCD06611F6BAEC920C,AVS7D5F1DA7EB85A001,BAC-P-W-CL,Bank of America Corporation Depository Shares Series W,NYSE,no unique public CIK match
AVCD06611F6BAEC920C,AVSC7A7D0B39C02BDF8,BAC-P-W-CL,Bank of America Corporation Depository Shares Series W,NYSE,no unique public CIK match
AVCE3B0C44298FC1C14,AVS66B41A001AC4FA89,BAC-P-Y-CL,,NYSE,no unique public CIK match
AVCF93A38B675B3CA31,AVSB888857EDF9D4BA2,BAMM,BooksAMillion Inc,NASDAQ,no unique public CIK match
AVCF93A38B675B3CA31,AVSC2C9F28EF6596ACB,BAMM,BooksAMillion Inc,NASDAQ,no unique public CIK match
AVC06ECD5CB17BF3343,AVS1218775ACE722607,BATRR,BATRR,NASDAQ,no unique public CIK match
AVCE3B0C44298FC1C14,AVS77716BF288EF2391,BATS,,BATS,no unique public CIK match
AVCE3B0C44298FC1C14,AVS9CE09AA14E006BCC,BATS,,BATS,no unique public CIK match
AVCC4F89DB729DA585F,AVS20D14EC02A534B68,BBL,BHP Group Plc,NYSE,no unique public CIK match
AVCDE433ED550A1624A,AVSE41629965309D2BB,BBQ,BBQ Holdings Inc,NASDAQ,no unique public CIK match
AVC82F2E2CD0F6467B7,AVS4C6769D748C4CD01,BBU,Brookfield Business Partners L.P.,NYSE,no unique public CIK match
AVC4736CC500DC2A56F,AVS86EE37ADB7B41584,BCF,BlackRock Real Asset Trust,NYSE,no unique public CIK match
AVC4736CC500DC2A56F,AVSFF17CA28F74B4274,BCF,BlackRock Real Asset Trust,NYSE,no unique public CIK match
AVC3B78AFCF1EB0EDFD,AVS0724F65DF7B634A2,BCONQ,BP FLY Corp,NASDAQ,no unique public CIK match
AVC3B78AFCF1EB0EDFD,AVS265C19041BF3C433,BCONQ,BP FLY Corp,NASDAQ,no unique public CIK match
AVC6D575C8B0C99387C,AVS7621EFD5D3FB7257,BCR,C.R. Bard Inc,NYSE,no unique public CIK match
AVC6D575C8B0C99387C,AVSEF3E14797F07742A,BCR,C.R. Bard Inc,NYSE,no unique public CIK match
AVCE3B0C44298FC1C14,AVSCA58233DA23C073F,BCS-P-D-CL,,NYSE,no unique public CIK match
AVCF4981E38E21D78E0,AVS13BD2E6DFE407B88,BDCY,UBS AG London Branch,NYSE ARCA,no unique public CIK match
AVCEA502B38626A03A6,AVS757C4A1BD2845BC3,BDN-P-E-CL,Brandywine Realty Tr Pfd Shs Ben Int Ser E,NYSE,no unique public CIK match
AVCEA502B38626A03A6,AVSA7A7339EEB86EE3F,BDN-P-E-CL,Brandywine Realty Tr Pfd Shs Ben Int Ser E,NYSE,no unique public CIK match
AVC8A47613B1822A272,AVS1AFC5C3A21A78D1C,BECN,Beacon Roofing Supply Inc - Class A,NASDAQ,no unique public CIK match
AVCE8FE96E5323EF798,AVSA8948772682A89F2,BEDU,Bright Scholar Education Holdings Ltd,NYSE,no unique public CIK match
AVC8F4375EC65C2C409,AVS9487B1A63F94C347,BEST,BEST Inc,NYSE,no unique public CIK match
AVCE7DBAF2DBB4CCC2E,AVS6F64EF28DA920820,BFA,BrownForman Corp,NYSE,no unique public CIK match
AVCE7DBAF2DBB4CCC2E,AVS1250C9C25F72802C,BFA,BrownForman Corp,NYSE,no unique public CIK match
AVCA8BB7406E77EFE11,AVSE5D8D0A11CAC55D4,BFRA,Biofrontera AG,NASDAQ,no unique public CIK match
AVCE3B0C44298FC1C14,AVSD9A6E99F70910F46,BFS-P-C-CL,,NYSE,no unique public CIK match
AVCE3B0C44298FC1C14,AVS426726682F07EACD,BFS-P-C-CL,,NYSE,no unique public CIK match
AVCEE7D51C932AEC774,AVS1BF1487987AAB087,BFYT,Benefytt Technologies Inc - Class A,NASDAQ,no unique public CIK match
AVC69A8186B2C32D53A,AVSE9A7FD190DADCC8F,BGC,General Cable Corp,NYSE,no unique public CIK match
AVC69A8186B2C32D53A,AVSD15A48239C09B96F,BGC,General Cable Corp,NYSE,no unique public CIK match
AVCE76C3B91206AAF1B,AVS48327B4E298A7018,BGCP,BGC Partners Inc - Class A,NASDAQ,no unique public CIK match
AVC3C7B123AD7D3DDC6,AVS7FCC1C23454C2A85,BGD,Morgan Stanley BRIDGES Dow Jones Industrial Average due 63009,NYSE MKT,no unique public CIK match
AVC1877A54C4E80AFD5,AVS317FE54F01AA7978,BGG,Briggs Stratton Corp,NYSE,no unique public CIK match
AVC32D55A3ED35B98D8,AVSAE37D9FE0D4B1269,BGICF,Birks Group Inc - Class A,NYSE MKT,no unique public CIK match
AVCA4748B643EB008F6,AVSA12811AADA4B1199,BHAT,Blue Hat Interactive Entertainment Technology,NASDAQ,no unique public CIK match
AVCE3B0C44298FC1C14,AVSB185226FC6259926,BHF1,,NASDAQ,no unique public CIK match
AVCE3B0C44298FC1C14,AVS0B22DEA2C853F73D,BHF1,,NASDAQ,no unique public CIK match
AVCE3B0C44298FC1C14,AVSDB982849E9D65624,BINDQ,,NASDAQ,no unique public CIK match
AVCE3B0C44298FC1C14,AVS1A90CD26436CAD1B,BINDQ,,NASDAQ,no unique public CIK match
AVCBB4E342E8D36A4DD,AVS21769AAB678B3CA7,BITA,BitAuto Holdings Company,NYSE,no unique public CIK match
AVC6D864CDE31ADD494,AVSA72258BCC35AA24C,BITI,Biotie Therapies Corp,NASDAQ,no unique public CIK match
AVC6D864CDE31ADD494,AVS069CDC9F1E80EC43,BITI,Biotie Therapies Corp,NASDAQ,no unique public CIK match
AVCC04B992BAE1D5948,AVS3F0556A0513BB764,BKEPP,Blueknight Energy Partners LP,NASDAQ,no unique public CIK match
AVC3C899A2E202DF00E,AVSFA61AFFB1752FADC,BKHU,Bankhaus Brenner Inc,NYSE,no unique public CIK match
AVC3C899A2E202DF00E,AVS7035775DD7A33E1A,BKHU,Bankhaus Brenner Inc,NYSE,no unique public CIK match
AVCC0726EAA53A91F66,AVS384973B21A0A80FB,BKI,Black Knight Inc - Class A,NYSE,no unique public CIK match
AVC006DBC354A007D9F,AVS34E1D974B25272BF,BKS,Barnes Noble Inc,NYSE,no unique public CIK match
AVC006DBC354A007D9F,AVS5D71D4514744D3C5,BKS,Barnes Noble Inc,NYSE,no unique public CIK match
AVCF92F4A326597D8F8,AVSC1DF6389F457C7BD,BLDE,Blade Air Mobility Inc - Class A,NASDAQ,no unique public CIK match
AVC86BE860E3CCF257B,AVS6E0D80AF30281225,BLU,Bellus Health Inc,NASDAQ,no unique public CIK match
AVCF3A0BD2A94C755D5,AVS7E0C8B714566FA9D,BMLP,Bank of Montreal,NASDAQ,no unique public CIK match
AVC6A070B6F5A572C0C,AVS76C7F74FD5E3CFA1,BNNY,Annies Inc,NYSE,no unique public CIK match
AVC6A070B6F5A572C0C,AVSDC609A1C4B60E641,BNNY,Annies Inc,NYSE,no unique public CIK match
AVC7A29CCC780779B80,AVSD9770AABDBD865E7,BNTCW,Benitec Biopharma Ltd,NASDAQ,no unique public CIK match
AVCC27049B0980DA756,AVS61C1A149CF310083,BOCA-CL,BOCA.CL,NYSE,no unique public CIK match
AVCC27049B0980DA756,AVS4E4047907BECD81D,BOCA-CL,BOCA.CL,NYSE,no unique public CIK match
AVCDCF44D153A2AF41E,AVSE83672E24F4CB26C,BOFIL,BofI Holding Inc. 6.25 Sub Nt 02282026,NASDAQ,no unique public CIK match
AVCDCF44D153A2AF41E,AVSBD2F8CA407D539BB,BOFIL,BofI Holding Inc. 6.25 Sub Nt 02282026,NASDAQ,no unique public CIK match
AVCD84E405F81D506A9,AVS29A6BCED5E73186F,BOKFL,BOK Financial Corp,NASDAQ,no unique public CIK match
AVC4BFB59984CEC99CF,AVS9C7F97C8401A3115,BONA,Bona Film Group Ltd ADR,NASDAQ,no unique public CIK match
AVC4BFB59984CEC99CF,AVS540E294C5FA2B1FC,BONA,Bona Film Group Ltd ADR,NASDAQ,no unique public CIK match
AVCCE4085DFFADD34A9,AVSD878B9AA9751160F,BOXC,Brookfield Canada Office Properties,NYSE,no unique public CIK match
AVCCE4085DFFADD34A9,AVSA80CD787710A3405,BOXC,Brookfield Canada Office Properties,NYSE,no unique public CIK match
AVC842638866537B13C,AVSE0BF03952F1341E7,BPL,Buckeye Partners LP,NYSE,no unique public CIK match
AVC842638866537B13C,AVS825AC577F12AB511,BPL,Buckeye Partners LP,NYSE,no unique public CIK match
AVCA569312F92ED7AE7,AVS0376B33EFF2567D9,BPOPN,Popular Capital Trust I,NASDAQ,no unique public CIK match
AVC5663AA353F36A35C,AVS3159F6FC7481054E,BPY,Brookfield Property Partners L.P.,NASDAQ,no unique public CIK match
AVCB83CBA030F3835DC,AVSEED51996A16CE8B4,BPYU,Brookfield Property REIT Inc - Class A,NASDAQ,no unique public CIK match
AVC0F9D72FADBD06D4E,AVS127807E926F97456,BRFS,BRF S.A.,NYSE,no unique public CIK match
AVC907B4272855C602E,AVS9B3C70D1262766FA,BRG,Bluerock Residential Growth REIT Inc - Class A,NYSE MKT,no unique public CIK match
AVCE3B0C44298FC1C14,AVSE0AD61C97F601E9D,BRKB,,NYSE,no unique public CIK match
AVC5C00CD2B2EB092C9,AVSBC0585536D9E3ABB,BRL,BARR PHARMACEUTICALS INC,NYSE,no unique public CIK match
AVC3C190B197FE3DB2C,AVSBC949CD00C1C11AD,BRLI,BioReference Laboratories Inc,NASDAQ,no unique public CIK match
AVC23418D7AC8B51374,AVS23BBE851EA6DBAE9,BRMK,Broadmark Realty Capital Inc,NYSE,no unique public CIK match
AVC8966F7E209B8800E,AVS1397C8CF57AFC97C,BRPAR,NRX Pharmaceuticals Inc,NASDAQ,no unique public CIK match
AVCE3B0C44298FC1C14,AVS0C26D0ED61D1A6DF,BRY,,NYSE,no unique public CIK match
AVCE3B0C44298FC1C14,AVS7DEAAAB8A7427E93,BRY,,NYSE,no unique public CIK match
AVC73CCE42F1F0E9099,AVSD8C005AED3F1630C,BRY,Berry Corp,NASDAQ,no unique public CIK match
AVCC51A05FF9FC22F9A,AVSAFC82EDEAE3688C9,BSMX,Banco Santander Mexico S.A.,NYSE,no unique public CIK match
AVCFCC943A551AF0AA6,AVSB9814952BCA02E48,BSPE,Vintage Wine Estates Inc - Class A (Restricted Voting),NASDAQ,no unique public CIK match
AVCFCC943A551AF0AA6,AVS449C055DDF7A6E70,BSPE,Vintage Wine Estates Inc - Class A (Restricted Voting),NASDAQ,no unique public CIK match
AVC001EDCDD8E665C8C,AVS78185EC76D3864B8,BSQR,BSquare Corp,NASDAQ,no unique public CIK match
AVC94F0F21C233DB57A,AVS2DFAFF81DAD75215,BTRS,BTRS Holdings Inc - Class 1,NASDAQ,no unique public CIK match
AVCC9118177F14FAF7F,AVSB04A480F138A55B6,BVH,Bluegreen Vacations Holding Corporation - Class A,NYSE,no unique public CIK match
AVC991B0749DFE87F94,AVSBEB361346A0B04B3,BWL-A,Bowl America Inc - Class A,NYSE MKT,no unique public CIK match
AVCE3B0C44298FC1C14,AVSF3A4E5238E44E68B,BWLA,,NYSE,no unique public CIK match
AVCE3B0C44298FC1C14,AVS253C77F689656CE4,BWLA,,NYSE,no unique public CIK match
AVCB55332F615FB12AA,AVS2C203842247C4E79,BXE,Bellatrix Exploration Ltd,NYSE,no unique public CIK match
AVC4A5DAACCCE6DFDD9,AVSBD133D1A4095DD44,BXRX,Baudax Bio Inc,NASDAQ,no unique public CIK match
AVCA5E9AA31EBC62627,AVS00CD06D01AC5EC81,BYU,Baiyu Holdings Inc,NASDAQ,no unique public CIK match
AVCD4B64B322519B9AE,AVS5ADFE76AF8F859B4,BZC,BreezeEastern Corp,NYSE,no unique public CIK match
AVCD4B64B322519B9AE,AVS3195A5CEAE56D528,BZC,BreezeEastern Corp,NYSE,no unique public CIK match
AVCB9DAD257E2D03680,AVS82E11A1748B1D7A7,CADE,Cadence Bancorporation - Class A,NYSE,no unique public CIK match
AVCC76B9DA170A2BE9E,AVSCBD91F05DFA21D83,CADE,Cadence Bank,NYSE,no unique public CIK match
AVC32906664311C41DF,AVS8267313D30FA1E7D,CAE,Cae Inc,NYSE,no unique public CIK match
AVC3CABD82929911FBE,AVSE8AD6257FBFD0432,CALB,California Bancorp,NASDAQ,no unique public CIK match
AVC5934B88E2954A8F1,AVS9A2032A25D579F84,CAPEQ,Cape Fear Bank CORP,NASDAQ,no unique public CIK match
AVC5934B88E2954A8F1,AVSF7C4F0AB6560697E,CAPEQ,Cape Fear Bank CORP,NASDAQ,no unique public CIK match
AVCE7B68077CC378E70,AVS0B5623F95514C702,CAS,A. M. Castle & Company,NYSE,no unique public CIK match
AVC802A54471F5FCB09,AVS968C55E87283E4BD,CASL,CASTLE DENTAL CENTERS INC,NASDAQ,no unique public CIK match
AVCC2F1D47D23E92AFE,AVS3AC1739FD3017CA9,CATG,Capstone Technologies Group Inc,BATS,no unique public CIK match
AVCA95FFBB8E0018021,AVS88A1E5092E3C761A,CATM,Cardtronics plc - Class A,NASDAQ,no unique public CIK match
AVCDF69E547E638AEA3,AVSFCA83D94DD57CF45,CATS,Catalyst Semiconductor Inc,NASDAQ,no unique public CIK match
AVC99713D16EC856924,AVS667A82CF225C970C,CBCY,Central Bancompany Inc - Class A,NASDAQ,no unique public CIK match
AVCD7C7DB207A83DE59,AVS3D842480E9F02AC8,CBDE,BlueNRGY Group Ltd,NASDAQ,no unique public CIK match
AVCF05C22A9FEAAF436,AVSA786C72CD4FBD7E5,CBI,Chicago Bridge Iron Company NV,NYSE,no unique public CIK match
AVCF05C22A9FEAAF436,AVS744A8A7D2595091D,CBI,Chicago Bridge Iron Company NV,NYSE,no unique public CIK match
AVC97A28450718EFFBE,AVS7A91372751E22BA8,CBO,NYSE LISTED TEST STOCK FOR CTS AND CQS,NYSE,no unique public CIK match
AVCCC08125B2FF8B10D,AVSC62D687FF3689854,CBSHP,Commerce Bancshares Inc,NASDAQ,no unique public CIK match
AVCC649B3A5DA0CF726,AVS1B97551C60C7D155,CBX,NYSE LISTED TEST,NYSE,no unique public CIK match
AVC5424521952073F52,AVS832F37233F4A670F,CCLDP,CareCloud Inc,NASDAQ,no unique public CIK match
AVC6E4B24E47AADF34B,AVS351A423F90BFB0E5,CCMP,CMC Materials Inc,NASDAQ,no unique public CIK match
AVCA2F8A923C517EC60,AVS445422FA40148A32,CCRC,China Customer Relations Centers Inc,NASDAQ,no unique public CIK match
AVC436CFB1AE3FE74D8,AVSA07C5E126940A14F,CCRD,CoreCard Corporation - Class A,NYSE,no unique public CIK match
AVC947281743F7E6B3F,AVS10D200BE829C6260,CCRN,Cross Country Healthcares Inc,NASDAQ,no unique public CIK match
AVC20A47572353CB962,AVSE610D54C1DEBADF0,CCSC,Country Syl Ckng Restaurant Chain Company Ltd,NYSE,no unique public CIK match
AVC20A47572353CB962,AVSABF4CE0D9957EAB8,CCSC,Country Syl Ckng Restaurant Chain Company Ltd,NYSE,no unique public CIK match
AVCABE828231350D1C6,AVSD0324A2AC897B22C,CCV,Comcast Corporation 5.00 Notes Due 2061,NYSE,no unique public CIK match
AVCABE828231350D1C6,AVS9B96F2A16CDE5A60,CCV,Comcast Corporation 5.00 Notes Due 2061,NYSE,no unique public CIK match
AVCA15AF378C5C4F959,AVSB9C065BD35815D05,CDLA,Candela Medical Inc,NASDAQ,no unique public CIK match
AVCC63EB40E233E8571,AVSD4633567DD2650AC,CDORP,CDORP,NASDAQ,no unique public CIK match
AVCC63EB40E233E8571,AVSA3C15ADEBDF9CC03,CDORP,CDORP,NASDAQ,no unique public CIK match
AVC4BEC23EBD6CBED57,AVSA75C38E7898D2C92,CDY,Cardero Resource Corp,NYSE MKT,no unique public CIK match
AVC867A05AD92B87464,AVSAB6E1E65716C736D,CEAI,China Ed Alliance Inc,NYSE,no unique public CIK match
AVC867A05AD92B87464,AVSD5AC32DCB05E8D65,CEAI,China Ed Alliance Inc,NYSE,no unique public CIK match
AVC9DB78258C832CD18,AVSB8393590B3946406,CEG,CONSTELLATION ENERGY GROUP INC,NYSE,no unique public CIK match
AVC9DB78258C832CD18,AVS76207147B9E5F694,CEG,CONSTELLATION ENERGY GROUP INC,NYSE,no unique public CIK match
AVC19B89FD24F6015D3,AVS10C2ABAD664780FD,CELG,Celgene Corp,NASDAQ,no unique public CIK match
AVC19B89FD24F6015D3,AVS76B4803D4674FD6C,CELG,Celgene Corp,NASDAQ,no unique public CIK match
AVC3E9BAF33B15096D9,AVSC7BF6B25790F0E06,CEO,Cnooc Ltd,NYSE,no unique public CIK match
AVCDEC812E872BE0851,AVSF6113BF82056EE45,CERCU,CERCU,NASDAQ,no unique public CIK match
AVCA74EE86993D6FFD9,AVS3F1F62182591B102,CERCW,CERCW,NASDAQ,no unique public CIK match
AVCA74EE86993D6FFD9,AVS22701207E0D551CF,CERCW,CERCW,NASDAQ,no unique public CIK match
AVC7A03B2E489875B6F,AVS365143476BFDE3C1,CERN,Cerner Corp,NASDAQ,no unique public CIK match
AVCA029C01AD5E1DE5B,AVS6BB240CFE1BF533D,CETV,Central European Media Enterprises - Class A,NASDAQ,no unique public CIK match
AVCBCC60F0CCD11757B,AVSD899A4625D85010A,CFB,Crossfirst Bankshares Inc,NASDAQ,no unique public CIK match
AVCCF31969D91697BA4,AVS62AD066501F6B6DF,CFCOU,CFCOU,NASDAQ,no unique public CIK match
AVCCF31969D91697BA4,AVSDDAA045A31F53DB6,CFCOU,CFCOU,NASDAQ,no unique public CIK match
AVC4D4765C919ABE582,AVSEA1ADAFAD74B35CE,CFL,Brinks Home Security Holdings Inc,NYSE,no unique public CIK match
AVC4D4765C919ABE582,AVSB98592B44618A875,CFL,Brinks Home Security Holdings Inc,NYSE,no unique public CIK match
AVC0005E8B8691B634C,AVSE35EFC69593549F0,CGG,CGG SA ADR,NYSE,no unique public CIK match
AVC0005E8B8691B634C,AVS5E9F1AD8DCB2F05C,CGG,CGG SA ADR,NYSE,no unique public CIK match
AVC7E5DCC4EAEB1EDE2,AVS9DC5B70F4CC90007,CGX,Consolidated Graphics Inc,NYSE,no unique public CIK match
AVC7E5DCC4EAEB1EDE2,AVS0DE992DC79CB9B92,CGX,Consolidated Graphics Inc,NYSE,no unique public CIK match
AVC2F4CDD3B31B9A5DB,AVS0950B1F2CA794D43,CHA,China Telecom Corporation,NYSE,no unique public CIK match
AVCD2E672EE0423BF37,AVSCF95F0BB6F8EA3CB,CHAP,Chaparral Energy Inc - Class A,NYSE,no unique public CIK match
AVC2F50A34512C14737,AVS915ADDD0DAACF040,CHBT,ChinaBiotics,NASDAQ,no unique public CIK match
AVC2F50A34512C14737,AVSF3E78CC6F16CB4CD,CHBT,ChinaBiotics,NASDAQ,no unique public CIK match
AVC7738B47482D32D0D,AVS1B45CE1521948DE0,CHC,China Hydroelectric Corp Foreign,NYSE,no unique public CIK match
AVC7738B47482D32D0D,AVS2ABA1822ECE087D8,CHC,China Hydroelectric Corp Foreign,NYSE,no unique public CIK match
AVC2F05DFDFC14E0504,AVSD41321D8F8BAD2BF,CHEK,MBody AI Ltd,NASDAQ,no unique public CIK match
AVCA1C002E41807F211,AVS467080CF55BC0A6A,CHEKW,CheckCap Ltd,NASDAQ,no unique public CIK match
AVC455F988CCF0F34F0,AVS1F93D9A3F40700FF,CHEV,Cheviot Financial Corp,NASDAQ,no unique public CIK match
AVC455F988CCF0F34F0,AVS375E0BE7EE3855C3,CHEV,Cheviot Financial Corp,NASDAQ,no unique public CIK match
AVC8481815503649A93,AVS0B5B04182AAC31DB,CHG,CH Energy Group Inc,NYSE,no unique public CIK match
AVCC6FAC162A7AC9EA9,AVS9DFD6FFD0DF808DC,CHIC,CHARLOTTE RUSSE HOLDING INC,NASDAQ,no unique public CIK match
AVC85E20683892128E8,AVS7ED7C76E4DDB50DC,CHL,China Mobile Ltd,NYSE,no unique public CIK match
AVC24B271417B69893B,AVS9678652C710774AE,CHOP,China Gerui Advanced Materials Group Ltd,NASDAQ,no unique public CIK match
AVC24B271417B69893B,AVS28678C854F81DC90,CHOP,China Gerui Advanced Materials Group Ltd,NASDAQ,no unique public CIK match
AVC3243112CF76FCB42,AVSE1CB8EC32A22BBCF,CHQGF,Challenger Energy Corp,NYSE,no unique public CIK match
AVCB27F317DBE7FBBB3,AVSD76055CA51007215,CHRM,Charm Communications Inc ADR,NASDAQ,no unique public CIK match
AVCB27F317DBE7FBBB3,AVSE5A6835DC442CC2F,CHRM,Charm Communications Inc ADR,NASDAQ,no unique public CIK match
AVCF82EBC616D206910,AVSD35D4E11FCA345A5,CHS,Chico`s Fas Inc,NYSE,no unique public CIK match
AVC75ECC8CEC48A8F38,AVS2B80C80FFEE6BC1A,CHU,China Unicom (Hong Kong) Ltd,NYSE,no unique public CIK match
AVC5387BF26A34339A2,AVS19E152A40BC18EC0,CHUX,OCharleys LLC,NASDAQ,no unique public CIK match
AVC5387BF26A34339A2,AVSBF3642FF8596296F,CHUX,OCharleys LLC,NASDAQ,no unique public CIK match
AVCC4C84694310B5F78,AVS0255C87E5B24ACA1,CHX,ChampionX Corp,NASDAQ,no unique public CIK match
AVCC4C84694310B5F78,AVSFD0F829E7DBE898D,CHX,ChampionX Corp,NYSE,no unique public CIK match
AVCC806F29765176DF9,AVSB0FCE9E88A3103B7,CIH,China Index Holdings Ltd,NASDAQ,no unique public CIK match
AVCAEBF33C98F641FC0,AVSD820A847753586A2,CIS,Camelot Information Systems Inc. Foreign,NYSE,no unique public CIK match
AVCAEBF33C98F641FC0,AVS63948D2719202E04,CIS,Camelot Information Systems Inc. Foreign,NYSE,no unique public CIK match
AVCE569B9C3280D1002,AVS44A521D38365BD24,CIVI,Civitas Resources Inc New,NYSE,no unique public CIK match
AVC609FE5111D144921,AVSD7FC0059FA496C21,CJ,CJ Energy Services Inc,NYSE,no unique public CIK match
AVC609FE5111D144921,AVS0A8AF74617DF5214,CJ,CJ Energy Services Inc,NYSE,no unique public CIK match
AVC8DD6CFB9541A81E6,AVS903E21F0D0BD26D8,CJES,C&J Energy Services Inc,NYSE,no unique public CIK match
AVC8DD6CFB9541A81E6,AVS186E821F0497CA29,CJES,C&J Energy Services Inc,NYSE,no unique public CIK match
AVC03729D6025F9C307,AVS6F2BC3AF4EB005AB,CKH,SEACOR Holdings Inc,NYSE,no unique public CIK match
AVC9D3DF92C5E09ECAF,AVS2B543E9475037249,CKNN,CASH SYSTEMS INC,NYSE,no unique public CIK match
AVC249EBD76DBDCD2E5,AVSE01DAEA21DF72DD3,CKSW,ClickSoftware Technologies Ltd,NASDAQ,no unique public CIK match
AVC249EBD76DBDCD2E5,AVS0BDE9924D20D75F8,CKSW,ClickSoftware Technologies Ltd,NASDAQ,no unique public CIK match
AVCF43B7FEB94904AA8,AVS7924563A8D521252,CLA,Capitala Finance Corp 7.125 Sr Nt 06162021,NYSE,no unique public CIK match
AVCF43B7FEB94904AA8,AVS36B47E59ED86CF0B,CLA,Capitala Finance Corp 7.125 Sr Nt 06162021,NYSE,no unique public CIK match
AVCB8B484E96C331133,AVS59CC661A438B8E77,CLA-CL,Capitala Finance Corp. 7.125 Notes due 2021,NYSE,no unique public CIK match
AVCE867882C95DD9C3F,AVS184FFE2B7CE7C978,CLAY,CLAYTON HOLDINGS INC,NASDAQ,no unique public CIK match
AVC17489CE4F405A62F,AVSCA1AB8D541AC4152,CLBH,Carolina Bank Holding Inc. NC,NASDAQ,no unique public CIK match
AVC17489CE4F405A62F,AVSEB501B76BC9B1497,CLBH,Carolina Bank Holding Inc. NC,NASDAQ,no unique public CIK match
AVC3CE235CCFD045723,AVS7AC1129FDD1F6A55,CLMS,Calamos Asset Management Inc,NASDAQ,no unique public CIK match
AVC3CE235CCFD045723,AVSEA6A1DF88A6F42B8,CLMS,Calamos Asset Management Inc,NASDAQ,no unique public CIK match
AVCE3B0C44298FC1C14,AVS5C151388F72E2CC0,CLNY-P-B-CL,,NYSE,no unique public CIK match
AVCE3B0C44298FC1C14,AVS170BFF69E43BA90F,CLNY-P-E-CL,,NYSE,no unique public CIK match
AVCB07244A323A328D7,AVS213507008264B279,CLWR,Clearwire Corp,NASDAQ,no unique public CIK match
AVCB07244A323A328D7,AVS932CE9AC1C121A21,CLWR,Clearwire Corp,NASDAQ,no unique public CIK match
AVC101E7DF3B885C6A3,AVS103843256DE0AF7F,CLZR,CANDELA CORP,NASDAQ,no unique public CIK match
AVCF39AE6B82C3C2CE2,AVSDBE3AF5C127B81E2,CMA,Comerica Inc,NYSE,no unique public CIK match
AVCEAD48BCA845EEFB8,AVS3D3643D4B5DAB824,CMCTP,Creative Media & Community Trust,NASDAQ,no unique public CIK match
AVC9B1FEE6180BEA767,AVS1F92F38F7FE1E144,CMGE,China Mobile Games & Entnmnt Grp Ltd,NASDAQ,no unique public CIK match
AVC9B1FEE6180BEA767,AVS117A72D7C74B63CA,CMGE,China Mobile Games & Entnmnt Grp Ltd,NASDAQ,no unique public CIK match
AVC3FADCE7C11EAF4C8,AVS04C769190DA91568,CMLP,Crestwood Midstream Partners LP,NYSE,no unique public CIK match
AVC3FADCE7C11EAF4C8,AVS86AAAF1588DA40DA,CMLP,Crestwood Midstream Partners LP,NYSE,no unique public CIK match
AVC789B4CF045E48CFC,AVS4845CAB3BEB45F94,CMLSQ,Cumulus Media Inc. Class A,NASDAQ,no unique public CIK match
AVC7F7F3E998760B2B2,AVSBF82B5DBAF457234,CMOS,CREDENCE SYSTEMS CORP,NASDAQ,no unique public CIK match
AVC87303450CDCB2017,AVS30825B1290800FAC,CMTA,Clementia Pharmaceuticals Inc,NASDAQ,no unique public CIK match
AVC87303450CDCB2017,AVS5E5CBD2E0139FECC,CMTA,Clementia Pharmaceuticals Inc,NASDAQ,no unique public CIK match
AVCA3EB44BDAB28BC6A,AVS24D590211FFEB191,CMVT,Comverse Technology Inc,NASDAQ,no unique public CIK match
AVC59BFDC476261E1B9,AVS0FA14F78743228A9,CNBKA,Century Bancorp Inc - Class A,NASDAQ,no unique public CIK match
AVCD542BB9E3BDB1658,AVS633B9DAED8D2A59E,CNCO,Cencosud SA,NYSE,no unique public CIK match
AVCD542BB9E3BDB1658,AVSA90833046E40AD69,CNCO,Cencosud SA,NYSE,no unique public CIK match
AVC808E761B244D352E,AVSE3E45A252A40D525,CNL,Cleco Corp,NYSE,no unique public CIK match
AVC61E432FB7DEEDF85,AVS9905866C18A2339D,CNR,China Metro Rural Holdings Ltd,NYSE MKT,no unique public CIK match
AVC1865291EA2337224,AVSB424AD716C0CF604,CNTF,China TechFaith Wireless Communication Technology Ltd,NASDAQ,no unique public CIK match
AVCD23054821F77120B,AVS61402869CB7652B4,CNTF,China Techfaith Wireless Comm Tech Ltd,NASDAQ,no unique public CIK match
AVCD23054821F77120B,AVS550A11CE1A5F514B,CNTF,China Techfaith Wireless Comm Tech Ltd,NASDAQ,no unique public CIK match
AVCF5F1909A10162E8A,AVSEEF0C78276DFBBBF,CNV,Cnova N.V.,NASDAQ,no unique public CIK match
AVCF5F1909A10162E8A,AVSE79B67CFAEB5374C,CNV,Cnova N.V.,NASDAQ,no unique public CIK match
AVCE3B0C44298FC1C14,AVS61251D315FC50F57,CNVR,,NASDAQ,no unique public CIK match
AVCE3B0C44298FC1C14,AVS4C2AE56654A855BD,CNVR,,NASDAQ,no unique public CIK match
AVC37DCDD8D56719B6C,AVS28E8F76EDCC6955B,CNW,Conway Inc,NYSE,no unique public CIK match
AVC37DCDD8D56719B6C,AVSC8D0FD0E4634248E,CNW,Conway Inc,NYSE,no unique public CIK match
AVCE3B0C44298FC1C14,AVS7A24680AB1B6D91C,COF-P-C-CL,,NYSE,no unique public CIK match
AVCE3B0C44298FC1C14,AVS02BCCE3910B9577D,COF-P-D-CL,,NYSE,no unique public CIK match
AVC22B22641EB37C5C8,AVS661DC579493EEEC5,COLE,Cole Real Estate Investments Inc,NYSE,no unique public CIK match
AVC22B22641EB37C5C8,AVS1AD1A3972514BE0C,COLE,Cole Real Estate Investments Inc,NYSE,no unique public CIK match
AVC4E3D8085D26FE52F,AVSDE590A192D8411FF,CORE,Core-Mark Hldg Co Inc,NASDAQ,no unique public CIK match
AVC3639D76B0CA9D675,AVS8D585A49DB2FA67F,CORV,Correvio Pharma Corp,NASDAQ,no unique public CIK match
AVC4F9F8DEEF3F35978,AVSAB4ACA35F54F9E03,CORX,Core Lithium Corp,BATS,no unique public CIK match
AVCFE208BC46357E3D1,AVS9C0A943B627D722B,COUP,Couponscom Inc,NASDAQ,no unique public CIK match
AVCFE208BC46357E3D1,AVS224CACF4CA0CDFC3,COUP,Couponscom Inc,NASDAQ,no unique public CIK match
AVC4675CA39CA514509,AVSE5D7CF174D61A74D,COWN,Cowen Inc - Class A,NASDAQ,no unique public CIK match
AVCEE9F2AEDC81E49E8,AVS6A06E5F8C9437805,COWNL,Cowen Inc. 8.25 Senior Notes due 2021,NASDAQ,no unique public CIK match
AVCEE9F2AEDC81E49E8,AVS6CC3EACF309A9CBD,COWNL,Cowen Inc. 8.25 Senior Notes due 2021,NASDAQ,no unique public CIK match
AVC33D12E6E455AFE01,AVSFEB37F2D014CE06D,COYNW,COYNW,NASDAQ,no unique public CIK match
AVC33D12E6E455AFE01,AVS9BDB0397AB88DA6A,COYNW,COYNW,NASDAQ,no unique public CIK match
AVCDED4C12D3A0A5402,AVS094D480D5C069E6C,CPHR,Cipher Pharmaceuticals Inc,NASDAQ,no unique public CIK match
AVCDED4C12D3A0A5402,AVSCB6F094B06CBE78A,CPHR,Cipher Pharmaceuticals Inc,NASDAQ,no unique public CIK match
AVCBAB26BD71FED276A,AVS20E6B7321AD632F7,CPL,CPFL Energia SA,NYSE,no unique public CIK match
AVCCC11197C6FCB4FF4,AVS1F58458EFAE9AA13,CPLP,Capital Product Partners L P,NASDAQ,no unique public CIK match
AVC9F5E722625DACF0D,AVSCA519954B9CD2B37,CPTAG,Logan Ridge Finance Corporation,NASDAQ,no unique public CIK match
AVC9F5E722625DACF0D,AVSC0CB6191B1232659,CPTAL,Logan Ridge Finance Corporation,NASDAQ,no unique public CIK match
AVCEAEC330F5175EEFC,AVS988BB95BC75CC2E4,CPV,CentraCore Properties Trust,NYSE,no unique public CIK match
AVCEAEC330F5175EEFC,AVSD51925B554A2595D,CPV,CentraCore Properties Trust,NYSE,no unique public CIK match
AVC94B45BFC7EABB51D,AVS941D59485C3312BA,CRCM,Carecom Inc,NYSE,no unique public CIK match
AVC4AB2CA783BD3942E,AVS5A3AA9226C1EF1C5,CRCO,Carolco Pictures Inc FL,NYSE,no unique public CIK match
AVCE3B0C44298FC1C14,AVS0687A35D00824C46,CRDA,,NYSE,no unique public CIK match
AVCE3B0C44298FC1C14,AVS9A2D82C23B05969D,CRDA,,NYSE,no unique public CIK match
AVC092496065EC83576,AVS89B1BB835CEF91DD,CRGEQ,Charge Enterprises Inc,NASDAQ,no unique public CIK match
AVCCF5E654E7CA2A52D,AVS02D785D930F99227,CRHCF,CRH Plc,NYSE,no unique public CIK match
AVCC79E9C79802109DD,AVSF806839E4893ADFA,CRME,CARDIOME PHARMA CORP,NASDAQ,no unique public CIK match
AVCC79E9C79802109DD,AVS0BF6444DA2F11990,CRME,CARDIOME PHARMA CORP,NASDAQ,no unique public CIK match
AVC687B256A5CCC655C,AVSC6E21BE186B202E3,CRZO,Carrizo Oil Gas Inc,NASDAQ,no unique public CIK match
AVC687B256A5CCC655C,AVSC99AA064C81E8443,CRZO,Carrizo Oil Gas Inc,NASDAQ,no unique public CIK match
AVCD266ED6C8CAFD69F,AVSF4B63462EC2A563A,CS,Credit Suisse Group AG,NYSE,no unique public CIK match
AVC427D347C5F64B9CC,AVSFE32AE218DFF18F0,CSCI,COSCIENS Biopharma Inc,NASDAQ,no unique public CIK match
AVCC8409A9D238783FF,AVS22829D788831AE7D,CSLT,Castlight Health Inc - Class B,NYSE,no unique public CIK match
AVCE3B0C44298FC1C14,AVSD22B3EB133AB8FFE,CTEST,,NYSE,no unique public CIK match
AVCE3B0C44298FC1C14,AVS676549046E59FBD1,CTEST-A,,NYSE,no unique public CIK match
AVCE3B0C44298FC1C14,AVS776A0210C3523B4B,CTEST-B,,NYSE,no unique public CIK match
AVCE3B0C44298FC1C14,AVS9CC1CDC6D0332461,CTEST-C,,NYSE,no unique public CIK match
AVCE3B0C44298FC1C14,AVS947D7321E256F158,CTEST-D,,NYSE,no unique public CIK match
AVCE3B0C44298FC1C14,AVS41DA95F2593FA0BE,CTEST-E,,NYSE,no unique public CIK match
AVCE3B0C44298FC1C14,AVSC62A3465D5089D0C,CTEST-F,,NYSE,no unique public CIK match
AVCE3B0C44298FC1C14,AVS8082DFBCE71DDC50,CTEST-G,,NYSE,no unique public CIK match
AVCE3B0C44298FC1C14,AVSA8508D9051C68D67,CTEST-H,,NYSE,no unique public CIK match
AVCE3B0C44298FC1C14,AVS8958F6F32A5ED2E9,CTEST-I,,NYSE,no unique public CIK match
AVCE3B0C44298FC1C14,AVS3B796BA3043F151A,CTEST-J,,NYSE,no unique public CIK match
AVCE3B0C44298FC1C14,AVS663407BC1AA8829B,CTEST-K,,NYSE,no unique public CIK match
AVCE3B0C44298FC1C14,AVS79A7A67DC42A2606,CTEST-L,,NYSE,no unique public CIK match
AVCE3B0C44298FC1C14,AVSA50A92BAE8240A5E,CTEST-M,,NYSE,no unique public CIK match
AVCE3B0C44298FC1C14,AVSBA4C088C64B62834,CTEST-N,,NYSE,no unique public CIK match
AVCE3B0C44298FC1C14,AVS1814908FCA2FDD81,CTEST-O,,NYSE,no unique public CIK match
AVCE3B0C44298FC1C14,AVSDF674912497D4958,CTEST-Q,,NYSE,no unique public CIK match
AVCE3B0C44298FC1C14,AVS0D1D02C2C9A14ACF,CTEST-S,,NYSE,no unique public CIK match
AVCE3B0C44298FC1C14,AVSF4D9A53DB90B7F90,CTEST-T,,NYSE,no unique public CIK match
AVCE3B0C44298FC1C14,AVS7DE01A7CF922F70E,CTEST-V,,NYSE,no unique public CIK match
AVCE3B0C44298FC1C14,AVS6566E12422ADCF0D,CTEST-WD,,NYSE,no unique public CIK match
AVCE3B0C44298FC1C14,AVS70570920F96AAF47,CTEST-X,,NYSE,no unique public CIK match
AVCE3B0C44298FC1C14,AVSDE5CE65A6E40D2CD,CTEST-Y,,NYSE,no unique public CIK match
AVCE3B0C44298FC1C14,AVSA70E31CE3C1BF78A,CTEST-Z,,NYSE,no unique public CIK match
AVCCD7419471A8BFFEF,AVSB3AA367554F8546E,CTLP,Cantaloupe Inc,NASDAQ,no unique public CIK match
AVC7DFE226167A651EE,AVSFE9CA21C638D3961,CTQ-CL,Qwest Corporation 7.375 Notes due 2051,NYSE,no unique public CIK match
AVC33A89BA12F4021C6,AVSBAF68BD2618C184E,CTRA,Coterra Energy Inc,NYSE,no unique public CIK match
AVCFF5321F30658ACFB,AVS225C0CCCC0A419BD,CTRX,Catamaran Corp USA,NASDAQ,no unique public CIK match
AVCFF5321F30658ACFB,AVS81E883174DED6611,CTRX,Catamaran Corp USA,NASDAQ,no unique public CIK match
AVC99A40CFCE44903DF,AVS469E8A2171250182,CTST,Canntrust Hldgs Inc,NASDAQ,no unique public CIK match
AVC69D83009BB697AD3,AVSF982F4553A0B823B,CTT,CatchMark Timber Trust Inc - Class A,NYSE,no unique public CIK match
AVCCED3E1241E861D2D,AVS68C90AF4DEB331DB,CTU,Qwest Corp 7 PREF 010752,NYSE,no unique public CIK match
AVCCED3E1241E861D2D,AVSEDB8E9D91F1D00BF,CTU,Qwest Corp 7 PREF 010752,NYSE,no unique public CIK match
AVCDBC937BFB1909411,AVSC7BDBD6D6AC2308F,CTV,Qwest Corp 6875 Nt 10012054,NYSE,no unique public CIK match
AVC4A6B6151473636B5,AVS3B0D6A044ED583DF,CTW,Qwest Corporation 7.50 Notes due 2051,NYSE,no unique public CIK match
AVC4A6B6151473636B5,AVS03FF35A20A5C2B45,CTW,Qwest Corporation 7.50 Notes due 2051,NYSE,no unique public CIK match
AVC7F0510A99C948572,AVSA8391EA9D4E7FD06,CTWS,Connecticut Water Service Inc,NASDAQ,no unique public CIK match
AVC7F0510A99C948572,AVSAB28BEDAA0DA26B1,CTWS,Connecticut Water Service Inc,NASDAQ,no unique public CIK match
AVCDB6A33BFF328B2E3,AVSAFDB21523BF1AC34,CTX,Qwest Corporation 7.00 Notes Due 2052,NYSE,no unique public CIK match
AVCDB6A33BFF328B2E3,AVSD21384A18418D098,CTX,Qwest Corporation 7.00 Notes Due 2052,NYSE,no unique public CIK match
AVCCE371D3C6BEDCFCA,AVS635D450CAEE7F993,CUB,Cubic Corp,NYSE,no unique public CIK match
AVC792270CB76137D85,AVS78E3C25CD37DBD59,CUL,Culligan Water Technologies Inc,NYSE,no unique public CIK match
AVC792270CB76137D85,AVS9811CF1A8B1F17D1,CUL,Culligan Water Technologies Inc,NYSE,no unique public CIK match
AVC8BC837A3EF4FD51B,AVSE69864C03D0022FB,CVB,Lehman ABS Corporation 7.75 Corp Backed Tr Ctfs Kinder Morgan DebentureBacked series 20026,NYSE,no unique public CIK match
AVC8BC837A3EF4FD51B,AVS7BEDEDA10EECAA64,CVB,Lehman ABS Corporation 7.75 Corp Backed Tr Ctfs Kinder Morgan DebentureBacked series 20026,NYSE,no unique public CIK match
AVC8BC837A3EF4FD51B,AVS642CBFE40D81AF55,CVB-CL,Lehman ABS Corporation 7.75 Corp Backed Tr Ctfs Kinder Morgan DebentureBacked series 20026,NYSE,no unique public CIK match
AVC5C5D1BD9FC6AEBFD,AVS73580ED2231DCB23,CVC,Cablevision Systems Corp,NYSE,no unique public CIK match
AVC5C5D1BD9FC6AEBFD,AVSCC29C6944AE3B622,CVC,Cablevision Systems Corp,NYSE,no unique public CIK match
AVC79ECA69185AA9720,AVS8D2FA9330124ADCF,CVON,ConvergeOne Holdings Inc,NASDAQ,no unique public CIK match
AVC79ECA69185AA9720,AVSD6BC9C3FEC22C3E5,CVON,ConvergeOne Holdings Inc,NASDAQ,no unique public CIK match
AVC2F2FD4D2D396474C,AVSE635819B0936A7C7,CWEI,Clayton Williams Energy Inc,NYSE,no unique public CIK match
AVC2F2FD4D2D396474C,AVS7C2404F0638D1654,CWEI,Clayton Williams Energy Inc,NYSE,no unique public CIK match
AVC997311D24967263A,AVS388081E4C5C7A57D,CWEN-A,Clearway Energy Inc - Class A,NYSE,no unique public CIK match
AVC997311D24967263A,AVSE6CD3E1AAE2EDA43,CWENA,Clearway Energy Inc Class A,NYSE,no unique public CIK match
AVCEA496593BFEED74A,AVS76AFBB053210D2D7,CXRX,Concordia Healthcare Corp,NASDAQ,no unique public CIK match
AVCEA496593BFEED74A,AVS10F915AF3F537620,CXRX,Concordia Healthcare Corp,NASDAQ,no unique public CIK match
AVC6220836916522478,AVS3BC2C29C21883058,CY,Cypress Semiconductor Corp,NASDAQ,no unique public CIK match
AVCAE745C96E5E0A78E,AVS2F4E770224247234,CYBR,CyberArk Software Ltd,NASDAQ,no unique public CIK match
AVC8AF981FCA1FFC256,AVS24B62F7E6866D314,CYCNV,Cyclerion Therapeutics Inc,NASDAQ,no unique public CIK match
AVC8AF981FCA1FFC256,AVS0676703B523B32E5,CYCNV,Cyclerion Therapeutics Inc,NASDAQ,no unique public CIK match
AVCB64C93C25669DEFE,AVSA4A8D7120CD3232A,CYNA,CYNA,NASDAQ,no unique public CIK match
AVCB64C93C25669DEFE,AVSA8DF9B7932AD851B,CYNA,CYNA,NASDAQ,no unique public CIK match
AVC623471EAD9504E90,AVS2BE4BDBC719512B3,CYOU,ChangyouCom Ltd ADR,NASDAQ,no unique public CIK match
AVC1F2821FACBDB15ED,AVS6443D1FDE25EE63F,CYPS,Cyclo3pss Corp,NASDAQ,no unique public CIK match
AVCE0F4D218BE52C395,AVSB02E94BE51B5AA11,CYT,Cytec Industries Inc,NYSE,no unique public CIK match
AVCE0F4D218BE52C395,AVSC0925D4369CF9CAE,CYT,Cytec Industries Inc,NYSE,no unique public CIK match
AVC21C2183CC568BA64,AVS98E0156F3CFA85B0,CYTH,Cyclo Therapeutics Inc - Class A,NASDAQ,no unique public CIK match
AVC94D600825FD16C77,AVS679E878645D76C12,CZZ,Cosan Ltd - Class A,NYSE,no unique public CIK match
AVC2BC73BE81906A0C4,AVS1759E086FD258849,DALN,DallasNews Corporation - Class A,NASDAQ,no unique public CIK match
AVCBCADF0DF471CDAFF,AVS6184C6D17E093377,DANG,ECommerce China Dangdang Inc,NYSE,no unique public CIK match
AVCBCADF0DF471CDAFF,AVSDE87A23190A6792B,DANG,ECommerce China Dangdang Inc,NYSE,no unique public CIK match
AVC5C077C4B60C61E80,AVSCF209A9DE2859D3C,DATE,Jiayuan.com International Ltd,NASDAQ,no unique public CIK match
AVC5C077C4B60C61E80,AVS8658D3E83DF3BA6A,DATE,Jiayuan.com International Ltd,NASDAQ,no unique public CIK match
AVCA0952472B4DE7549,AVS8EC07FCA35329575,DAY,Dayforce Inc,NYSE,no unique public CIK match
AVC1A438E8B4B7FA481,AVSD04C006B131C858D,DCM,NTT DOCOMO Inc,NYSE,no unique public CIK match
AVC1A438E8B4B7FA481,AVS9306BC5F4F3D2093,DCM,NTT DOCOMO Inc,NYSE,no unique public CIK match
AVC1A438E8B4B7FA481,AVS80E475976272DB3E,DCM,NTT DoCoMo Inc,NYSE,no unique public CIK match
AVC5789A5DD9C1E493D,AVSFF1F0532CDC197B4,DCUA,Dominion Resources Inc,NYSE,no unique public CIK match
AVC5789A5DD9C1E493D,AVSC3D2C5C9A7474905,DCUA,Dominion Resources Inc,NYSE,no unique public CIK match
AVC5789A5DD9C1E493D,AVS088AFB83FF4394F3,DCUB,Dominion Resources Inc,NYSE,no unique public CIK match
AVC5789A5DD9C1E493D,AVS110063AA7D269720,DCUB,Dominion Resources Inc,NYSE,no unique public CIK match
AVC6AFFCEDED76A6C54,AVSD10BFD071AF5AAF4,DDE,Dover Downs Gaming Entertainment Inc,NYSE,no unique public CIK match
AVC6AFFCEDED76A6C54,AVS9F221E14558B4D1A,DDE,Dover Downs Gaming Entertainment Inc,NYSE,no unique public CIK match
AVC9138E53D4C56D27F,AVS9C846C7649E11F14,DDSSF,Labopharm Inc,NASDAQ,no unique public CIK match
AVC9138E53D4C56D27F,AVS8FA19CD3241546AF,DDSSF,Labopharm Inc,NASDAQ,no unique public CIK match
AVCF1309172F9620863,AVSFD4992B62F6EF757,DEG,Etablissements Delhaize Frres et Cie Le Lion Groupe Delhaize SA,NYSE,no unique public CIK match
AVCF1309172F9620863,AVS87736E62CA6EDAF8,DEG,Etablissements Delhaize Frres et Cie Le Lion Groupe Delhaize SA,NYSE,no unique public CIK match
AVC64397C761E3D4074,AVSFA1FC52E46B0A4E4,DELTW,Delta Technology Holdings Ltd,NASDAQ,no unique public CIK match
AVC64397C761E3D4074,AVS7B1ABCBED3BC8526,DELTW,Delta Technology Holdings Ltd,NASDAQ,no unique public CIK match
AVC55542780C5654562,AVSAAFE7B46DE658AD5,DENN,Denny`s Corp,NASDAQ,no unique public CIK match
AVC893A08E9865EA152,AVSA95F55B494A9CEC7,DESP,Despegar.com Corp,NYSE,no unique public CIK match
AVC6F3BC066C3AF8D55,AVSE72EDC22257AE498,DFRG,Del Friscos Restaurant Group Inc,NASDAQ,no unique public CIK match
AVC6F3BC066C3AF8D55,AVS33D286F6F2A630F8,DFRG,Del Friscos Restaurant Group Inc,NASDAQ,no unique public CIK match
AVC80B0D9DD4B36C2D6,AVS9A7F2258766C2F8D,DFZ,R.G. Barry Corp,NASDAQ,no unique public CIK match
AVC80B0D9DD4B36C2D6,AVS29BEE9B729464426,DFZ,R.G. Barry Corp,NASDAQ,no unique public CIK match
AVC50B530C5CB932337,AVSB49AF9C8FA233B48,DGLT,Digiliti Money Group Inc,NASDAQ,no unique public CIK match
AVCA85C65FDB0D612C2,AVS0B577E4DD9905BCE,DGLY,Kustom Entertainment Inc (New),NASDAQ,no unique public CIK match
AVC14D33E5EB0788916,AVS62A2B1EE9DB7A5C2,DHIL,Diamond Hill Investment Group Inc - Class A,NASDAQ,no unique public CIK match
AVCE3B0C44298FC1C14,AVSEA0619A7CD0EA882,DHR-WD,,NYSE,no unique public CIK match
AVC510B77B22B3FB51D,AVSDCCEA8461A7F6631,DHXM,DHX Media Ltd,NASDAQ,no unique public CIK match
AVC510B77B22B3FB51D,AVSABE30FC219B460B0,DHXM,DHX Media Ltd,NASDAQ,no unique public CIK match
AVC6975E49E7DF399EF,AVS0A2882347703F7F0,DIGX,DIGEX INC,NASDAQ,no unique public CIK match
AVC6975E49E7DF399EF,AVSC6212C24B3A395E6,DIGX,DIGEX INC,NASDAQ,no unique public CIK match
AVC1E7537B51B4E6C36,AVS6ACD01C19201D32B,DISCB,Warner Bros. Discovery Inc - Class B,NASDAQ,no unique public CIK match
AVC8D38547E304ECBEF,AVS04D2DDD9F4C8AF3D,DISCK,Warner Bros. Discovery Inc - Series C,NASDAQ,no unique public CIK match
AVC4E701D7C13525C73,AVS834D29B218BA2D6B,DISH,Dish Network Corp - Class A,NASDAQ,no unique public CIK match
AVC132E7D01BBE73FDC,AVSFEBFA8742C4CCFDE,DKT,Deutsch Bk Contingent Cap Tr V Tr Pfd Secs,NYSE,no unique public CIK match
AVC132E7D01BBE73FDC,AVS84070C90901ECCCD,DKT,Deutsch Bk Contingent Cap Tr V Tr Pfd Secs,NYSE,no unique public CIK match
AVC132E7D01BBE73FDC,AVSFBF1CC1127A446FB,DKTCL,Deutsch Bk Contingent Cap Tr V Tr Pfd Secs,NYSE,no unique public CIK match
AVC132E7D01BBE73FDC,AVS0E99FD495FD9A4A7,DKTCL,Deutsch Bk Contingent Cap Tr V Tr Pfd Secs,NYSE,no unique public CIK match
AVC5C459B3C607E67A6,AVS7D5E554663D348A4,DL,China Distance Education Holdings Ltd,NYSE ARCA,no unique public CIK match
AVCCE2AC009093769C7,AVS512EA4F7BECD695C,DM,Desktop Metal Inc - Class A,NYSE,no unique public CIK match
AVC41DC9788C66084AC,AVS59CACC3A168D0AFC,DNB,Dun & Bradstreet Holdings Inc,NYSE,no unique public CIK match
AVC8A949A26D3CF832F,AVSA7D75E9317996441,DNBF,DNB Financial CorpPA,NASDAQ,no unique public CIK match
AVC8A949A26D3CF832F,AVS745562CFA39AB247,DNBF,DNB Financial CorpPA,NASDAQ,no unique public CIK match
AVC65716442963058AC,AVS6B5BD5E55B75660A,DOTA,Draper Oakwood Technology Acquisition Inc Class A,NASDAQ,no unique public CIK match
AVC65716442963058AC,AVS119EFD1FB9383BD7,DOTA,Draper Oakwood Technology Acquisition Inc Class A,NASDAQ,no unique public CIK match
AVC56C767048ABE4360,AVS9BE4D955E77F55D9,DPSI,DecisionPoint Systems Inc,NYSE MKT,no unique public CIK match
AVCB2A3EA4BB26DE210,AVS980E8E8E35F0DFA2,DRC,DresserRand Group Inc,NYSE,no unique public CIK match
AVCB2A3EA4BB26DE210,AVSD21FDBEA947DE1F9,DRC,DresserRand Group Inc,NYSE,no unique public CIK match
AVC75E7064D6828D764,AVS7071906C8F725447,DRS,DRS TECHNOLOGIES INC,NYSE,no unique public CIK match
AVC5C7B5646DB65A87F,AVS7247AF54D8785FDF,DRUA,Dominion Energy Inc,NYSE,no unique public CIK match
AVCE22E13AE7AF9C86B,AVSDC63D5149B90ED10,DRWI,DragonWave Inc.USA,NASDAQ,no unique public CIK match
AVCE22E13AE7AF9C86B,AVS124A66CBE264E709,DRWI,DragonWave Inc.USA,NASDAQ,no unique public CIK match
AVCD328691B29C844E6,AVSBE9419180BE15D3B,DRYS,DryShips Inc,NASDAQ,no unique public CIK match
AVCD328691B29C844E6,AVSF21DF52830022971,DRYS,DryShips Inc,NASDAQ,no unique public CIK match
AVC1C93649169EF6DC7,AVSB58775562DE9A004,DSKY,iDreamSky Technology Ltd,NASDAQ,no unique public CIK match
AVC1C93649169EF6DC7,AVS22B341FEF54BECDF,DSKY,iDreamSky Technology Ltd,NASDAQ,no unique public CIK match
AVC77909277A1FFC4B0,AVS339A35BF91A170ED,DSPG,DSP Group Inc,NASDAQ,no unique public CIK match
AVC19AB266207683ACA,AVS0D6A16D3EE5BB695,DSSI,Diamond S Shipping Inc,NYSE,no unique public CIK match
AVC946E8C61055276DD,AVS315CA4C98B8235AA,DSXN,Diana Shipping Inc 8.500 Sr Nt 05152020,NYSE,no unique public CIK match
AVC946E8C61055276DD,AVS0CF20638536E51EE,DSXN,Diana Shipping Inc 8.500 Sr Nt 05152020,NYSE,no unique public CIK match
AVCC43DF23FAE66A68C,AVS2DB05E3881C7F310,DSXN-CL,Diana Shipping Inc. 8.50 Senior Notes due 2020,NYSE,no unique public CIK match
AVCA3364F2C495F2CC4,AVSBBBC02C9FEF63A55,DTZ,Dte Energy Company 2011 Series I 6.50 Junior Subordinate Debentures Due 2061,NYSE,no unique public CIK match
AVCA3364F2C495F2CC4,AVSAC2C22FDD5B6D50A,DTZ,Dte Energy Company 2011 Series I 6.50 Junior Subordinate Debentures Due 2061,NYSE,no unique public CIK match
AVCA3364F2C495F2CC4,AVSCFAB1C11CADF19C6,DTZ-CL,DTE Energy Company 2011 Series I 6.50 Junior Subordinate Debentures due 2061,NYSE,no unique public CIK match
AVCE3B0C44298FC1C14,AVS4FC603A97D2D5BC4,DUA,,NYSE,no unique public CIK match
AVCE3B0C44298FC1C14,AVS40C1582B477D4E6D,DUA,,NYSE,no unique public CIK match
AVC8647ED424DAA9ACF,AVS20D7F969F5DB05F7,DVINQ,Divine Inc,NASDAQ,no unique public CIK match
AVC8647ED424DAA9ACF,AVS2184F2DA998D00B4,DVINQ,Divine Inc,NASDAQ,no unique public CIK match
AVC0CF2CDBCA9939744,AVS67F7CA83911527BC,DVMT,Dell Technologies Inc. Class V,NYSE,no unique public CIK match
AVC0CF2CDBCA9939744,AVSDC1A84582BEC7560,DVMT,Dell Technologies Inc. Class V,NYSE,no unique public CIK match
AVC147FC1AFF98E7659,AVS4C37492E3D624A69,DXB,Deutsche Bk Contingent Cap TR II Tr Pfd Sec,NYSE,no unique public CIK match
AVC147FC1AFF98E7659,AVS03D298256AC3FC4B,DXBCL,Deutsche Bk Contingent Cap TR II Tr Pfd Sec,NYSE,no unique public CIK match
AVC3914868A167461AE,AVSBB5EEBEE5F9252AA,DYNIQ,Dynegy Inc New,NYSE,no unique public CIK match
AVC3914868A167461AE,AVS3F97848E65D13226,DYNIQ,Dynegy Inc New,NYSE,no unique public CIK match
AVC986CF46F0E25108A,AVS4556478C568FA98C,EAA,Entergy Arkansas Inc. First Mortgage Bonds 5.75 Series Due November 1 2040,NYSE,no unique public CIK match
AVC986CF46F0E25108A,AVS778C8F333B07B790,EAA,Entergy Arkansas Inc. First Mortgage Bonds 5.75 Series Due November 1 2040,NYSE,no unique public CIK match
AVC986CF46F0E25108A,AVS764398066E0A6739,EAA-CL,Entergy Arkansas Inc. First Mortgage Bonds 5.75 Series Due November 1 2040,NYSE,no unique public CIK match
AVC4C29CBA97D4DD8CC,AVS200E355EDE80D472,EAC,Erickson AirCrane Inc,NASDAQ,no unique public CIK match
AVC4C29CBA97D4DD8CC,AVS24EFF6CCB433A106,EAC,Erickson AirCrane Inc,NASDAQ,no unique public CIK match
AVCAE724E9622552EB4,AVS8448F8EF06A4D328,EB,Eventbrite Inc - Class A,NYSE,no unique public CIK match
AVC10196962F597D0B6,AVSA39A54BDB1FEA87C,EBR-B,Centrais Eletricas Brasileiras S.A.,NYSE,no unique public CIK match
AVCB8CFBA0A4618302D,AVSC852A4332746B3C4,EBTC,Enterprise Bancorp Inc,NASDAQ,no unique public CIK match
AVC4DC069BF4F6EE2D8,AVS7CFABC784BF3D9C4,ECCA,Eagle Point Credit Company Inc 775 Pfd Ser A 2022,NYSE,no unique public CIK match
AVCE3B0C44298FC1C14,AVSBE32B69348A59E92,ECCA-CL,,NYSE,no unique public CIK match
AVCAAC90353F1F9A4D5,AVSC6D9108C36CF92F5,ECCX,Eagle Point Credit Company Inc,NYSE,no unique public CIK match
AVCAAC90353F1F9A4D5,AVS91E794E01F13BD5F,ECCY,Eagle Point Credit Company Inc,NYSE,no unique public CIK match
AVC2071A530BDBCA56E,AVS990FFCB321D102D3,ECCZ,Eagle Point Credit Company Inc 7.00 Notes 2020,NYSE,no unique public CIK match
AVC2071A530BDBCA56E,AVS25BA5B35E7DAB8E7,ECCZ,Eagle Point Credit Company Inc 7.00 Notes 2020,NYSE,no unique public CIK match
AVCE3B0C44298FC1C14,AVS736FBA3DCA180C60,ECTYQ,,NASDAQ,no unique public CIK match
AVCE3B0C44298FC1C14,AVS44A26469DEE9CB83,ECTYQ,,NASDAQ,no unique public CIK match
AVCCA173E1003995C49,AVS1ED463BABD892AB4,EDGW,Edgewater Technology Inc,NASDAQ,no unique public CIK match
AVCCA173E1003995C49,AVSDFF5DBF88BB30449,EDGW,Edgewater Technology Inc,NASDAQ,no unique public CIK match
AVC3A12B051E0416DC3,AVSC9020B195AE27715,EDS,Exceed Company Ltd,NASDAQ,no unique public CIK match
AVC3A12B051E0416DC3,AVS4889D1162E86E155,EDS,Exceed Company Ltd,NASDAQ,no unique public CIK match
AVCA3B52973B45BE674,AVS58BD68C7B27F280E,EDVA,Endovia Health Sciences Inc,NYSE MKT,no unique public CIK match
AVC81A2102FB8D68DE0,AVS7A688ED6529DF0CA,EEP,Enbridge Energy Partners L.P.,NYSE,no unique public CIK match
AVC81A2102FB8D68DE0,AVS616E673ACF621357,EEP,Enbridge Energy Partners L.P.,NYSE,no unique public CIK match
AVCFF55B89B08EC9AAD,AVS452229ECA4C18CC4,EEQ,Enbridge Energy Management LLC,NYSE,no unique public CIK match
AVCFF55B89B08EC9AAD,AVSAFEB46CFB242DA24,EEQ,Enbridge Energy Management LLC,NYSE,no unique public CIK match
AVCC26E57CE338C5AF3,AVSFB91ED7C7E35BC1C,EEX,Emerald Holding Inc,NYSE,no unique public CIK match
AVCC3855854B45CE619,AVS63270C25890CA9BA,EFD,EFUNDS CORP,NYSE,no unique public CIK match
AVCED65F2F2E9BEAEA6,AVS68D435931A62B85C,EFM,Entergy Mississippi Inc. First Mortgage Bonds 6.20 Series due April 15 2040,NYSE,no unique public CIK match
AVCED65F2F2E9BEAEA6,AVS194DA2EC57CB3183,EFM,Entergy Mississippi Inc. First Mortgage Bonds 6.20 Series due April 15 2040,NYSE,no unique public CIK match
AVCED65F2F2E9BEAEA6,AVSE4A5788E058C0F0B,EFM-CL,Entergy Mississippi Inc. First Mortgage Bonds 6.20 Series due April 15 2040,NYSE,no unique public CIK match
AVCED65F2F2E9BEAEA6,AVSB9F182446FAD8665,EFM-CL,Entergy Mississippi Inc. First Mortgage Bonds 6.20 Series due April 15 2040,NYSE,no unique public CIK match
AVC0300F298BE46A2B1,AVSE511B97980178E29,EHIC,eHi Car Services Ltd,NYSE,no unique public CIK match
AVC0300F298BE46A2B1,AVS7009814848A0399C,EHIC,eHi Car Services Ltd,NYSE,no unique public CIK match
AVCE564870FD60D65F0,AVSE6ED7651D379626F,EJ,EHouse China Holdings Ltd,NYSE,no unique public CIK match
AVCE564870FD60D65F0,AVS57EEB063FF186024,EJ,EHouse China Holdings Ltd,NYSE,no unique public CIK match
AVCE11F37A8AE160CA6,AVS2D60C04F8F8ADDAF,ELA-CL,Entergy Louisiana LLC First Mortgage Bonds 5.875 Series due June 15 2041,NYSE,no unique public CIK match
AVCEF6DBCC5D20E955A,AVS648A829BACAAB907,ELB,Entergy Louisiana Inc. 6.0 Series Due March 15 2040,NYSE,no unique public CIK match
AVCEF6DBCC5D20E955A,AVSA2DDDC730FFCB538,ELB,Entergy Louisiana Inc. 6.0 Series Due March 15 2040,NYSE,no unique public CIK match
AVCEF6DBCC5D20E955A,AVSD4C10616B5CF66ED,ELB-CL,Entergy Louisiana Inc. 6.0 Series Due March 15 2040,NYSE,no unique public CIK match
AVCED1B03815BDC51A8,AVS1905B243144A3DFF,ELGX,Endologix Inc,NASDAQ,no unique public CIK match
AVCA407AA4ED5488C08,AVSE6EF3DAEAAEA4BD2,ELJ,Entergy Louisiana LLC,NYSE,no unique public CIK match
AVC8DAF6A9581FB374C,AVSBBBD281BC398029B,ELOS,Syneron Medical Ltd,NASDAQ,no unique public CIK match
AVC8DAF6A9581FB374C,AVSF64F9CC1F37214C5,ELOS,Syneron Medical Ltd,NASDAQ,no unique public CIK match
AVCE36F45B669FD4410,AVS0CBF7BBAF4B0FD68,ELP,Cia Paranaense De Energia Copel,NYSE,no unique public CIK match
AVCA407AA4ED5488C08,AVS61437CC120214724,ELU,Entergy Louisiana LLC,NYSE,no unique public CIK match
AVC0CB4D20D39432299,AVS53ACC2BF2570BB7B,ELX,Emulex Corp,NYSE,no unique public CIK match
AVC0CB4D20D39432299,AVS33121665E5DDA0CF,ELX,Emulex Corp,NYSE,no unique public CIK match
AVC07954513E9CC907B,AVS38859B600E5108B4,ELXS,E L X S I Corp,NASDAQ,no unique public CIK match
AVC07954513E9CC907B,AVS4A715D9D5E704EFC,ELXS,E L X S I Corp,NASDAQ,no unique public CIK match
AVCB90C54B448268027,AVS5EFC5D5D8E3084BE,EMQ,Entergy Mississippi Inc,NYSE,no unique public CIK match
AVCB90C54B448268027,AVS12DE68C1BB9385DB,EMQ,Entergy Mississippi Inc,NYSE,no unique public CIK match
AVC95EE16688E76771A,AVS1732C98758AB6F57,EMQ-CL,EMQ.CL,NYSE,no unique public CIK match
AVC619BA5C002E37839,AVS398EB864C55C92DA,EMX,EMX Royalty Corp,NYSE MKT,no unique public CIK match
AVCF8D81A7B1B67F4FB,AVSFF1F4E55A1426A8A,EMZ,Entergy Mississippi Inc. First Mortgage Bonds 6.0 Series due May 1 2051,NYSE,no unique public CIK match
AVCF8D81A7B1B67F4FB,AVSA4D2F5645BB6C142,EMZ,Entergy Mississippi Inc. First Mortgage Bonds 6.0 Series due May 1 2051,NYSE,no unique public CIK match
AVCF8D81A7B1B67F4FB,AVS8F395F36F4FB4496,EMZ-CL,Entergy Mississippi Inc. First Mortgage Bonds 6.0 Series due May 1 2051,NYSE,no unique public CIK match
AVCF8D81A7B1B67F4FB,AVS38A1A79CD73EF371,EMZ-CL,Entergy Mississippi Inc. First Mortgage Bonds 6.0 Series due May 1 2051,NYSE,no unique public CIK match
AVCCFF64013A6FBB2AC,AVS761FA8D8E3ACBFA5,ENA,Enova Corp,NYSE,no unique public CIK match
AVCCFF64013A6FBB2AC,AVS4517FEE98906C53A,ENA,Enova Corp,NYSE,no unique public CIK match
AVC36184789F94627BE,AVSABBE2A0E2732AF5C,ENL,Reed Elsevier NV (ADR),NYSE,no unique public CIK match
AVC36184789F94627BE,AVS5F5954A14DDB44ED,ENL,Reed Elsevier NV (ADR),NYSE,no unique public CIK match
AVCE3B0C44298FC1C14,AVS9C6FE350800370E8,ENVE,,NASDAQ,no unique public CIK match
AVCE3B0C44298FC1C14,AVSE05F9BF773BDFAFD,ENVE,,NASDAQ,no unique public CIK match
AVC909615DE1D2C8E50,AVSEAE4A5F87EE4C3AD,ENZY,Enzymotec Ltd,NASDAQ,no unique public CIK match
AVC909615DE1D2C8E50,AVS982A14AC67E0BD8F,ENZY,Enzymotec Ltd,NASDAQ,no unique public CIK match
AVC06E1A78C93A14CA2,AVSD92B01772368F7BC,EOCA,EOCA,NYSE,no unique public CIK match
AVC06E1A78C93A14CA2,AVS0C0D63D38BB7C4C0,EOCA,EOCA,NYSE,no unique public CIK match
AVC4AF22D4A853D7CD9,AVS67881CF71AC25083,EPAY,Bottomline Technologies (Delaware) Inc,NASDAQ,no unique public CIK match
AVCFD2EB39BECB630FD,AVS46193F18805824E6,EPIX,Essa Pharma Inc,NASDAQ,no unique public CIK match
AVC67A0F3B13BFBE421,AVSE3A2B131DC9A1A56,EQCO,Equity Commonwealth 5.750 Sr Nt 08012042,NYSE,no unique public CIK match
AVC67A0F3B13BFBE421,AVSD9BC56A03D90B16E,EQCO,Equity Commonwealth 5.750 Sr Nt 08012042,NYSE,no unique public CIK match
AVC7D601345D5377FB5,AVS6908615D441BA349,EQU,Equal Energy Ltd. USA,NYSE,no unique public CIK match
AVC7D601345D5377FB5,AVS2C4FC236AA057F43,EQU,Equal Energy Ltd. USA,NYSE,no unique public CIK match
AVCCFBB509C8002914E,AVS42A7F7EAF7B60A14,ERF,Enerplus Corporation,NYSE,no unique public CIK match
AVC981BF06968595931,AVS9A37CE833417868F,ERN,ERN,NYSE,no unique public CIK match
AVC981BF06968595931,AVSA6066729E05E56D4,ERN,ERN,NYSE,no unique public CIK match
AVCDAB509446B6353F5,AVSFDED413F85D02846,ERS,Empire Resources Inc,NASDAQ,no unique public CIK match
AVCDAB509446B6353F5,AVS72251CFCCD0DEEE4,ERS,Empire Resources Inc,NASDAQ,no unique public CIK match
AVC2C3D2A83705E8C7A,AVS7AA6061D5786ED10,ESBK,Elmira Savings Bank Elmira NY,NASDAQ,no unique public CIK match
AVC06E01E91C94E6DEA,AVS0D79BF3805569031,ESC,Emeritus Corp,NYSE,no unique public CIK match
AVC06E01E91C94E6DEA,AVSC514320237BF69CF,ESC,Emeritus Corp,NYSE,no unique public CIK match
AVCD68254BAC39355F6,AVS9A21FEDACB5CE4FE,ESRX,Express Scripts Holding Company,NASDAQ,no unique public CIK match
AVCD68254BAC39355F6,AVSE604EAFBFCC32756,ESRX,Express Scripts Holding Company,NASDAQ,no unique public CIK match
AVCCF385D21199CBAB0,AVSF77B6A28D456E77F,ESTE,Earthstone Energy Inc - Class A,NYSE,no unique public CIK match
AVCBC105E14F6590EB3,AVS7D236E035A646E90,ETNB,89bio Inc,NASDAQ,no unique public CIK match
AVC73C088AED16900A2,AVS94D1A699F283CB94,ETP,Energy Transfer Partners LP,NYSE,no unique public CIK match
AVC73C088AED16900A2,AVS53299D499C5E2127,ETP,Energy Transfer Partners LP,NYSE,no unique public CIK match
AVC405904260738356E,AVSA807D3D45373179A,ETP-,Energy Transfer Partners L.P. ENERGY TRANSFER PARNTERS,NYSE,no unique public CIK match
AVC405904260738356E,AVSA37B03E83B9844C6,ETP-,Energy Transfer Partners L.P. ENERGY TRANSFER PARNTERS,NYSE,no unique public CIK match
AVC7C00AD98E8CC7F33,AVS90E0CB8C791878AC,EV,Eaton Vance Corp (Non Voting),NYSE,no unique public CIK match
AVC47BDEDBC0E53DF92,AVS52C97AFD1933122F,EVAR,Lombard Medical Inc,NASDAQ,no unique public CIK match
AVC47BDEDBC0E53DF92,AVS5DB0ED683972C347,EVAR,Lombard Medical Inc,NASDAQ,no unique public CIK match
AVC1E1EADAE0C97C1CF,AVS9C8FB07FEF2FE35A,EVEP,EV Energy Partners L.P.,NASDAQ,no unique public CIK match
AVC1E1EADAE0C97C1CF,AVS96A9F60AD2C2D5B5,EVEP,EV Energy Partners L.P.,NASDAQ,no unique public CIK match
AVC321E911BFA6450C7,AVS680BB6CB59923266,EVFTC,Eaton Vance NextShares Trust II,NASDAQ,no unique public CIK match
AVC321E911BFA6450C7,AVS4E52CC077B0A0DF4,EVFTC,Eaton Vance NextShares Trust II,NASDAQ,no unique public CIK match
AVC15D611AC6EF736C9,AVSECCFE6100B940FFC,EVOP,EVO Payments Inc - Class A,NASDAQ,no unique public CIK match
AVCC025B04A40304320,AVS4E34AE272EA435B9,EVOQ,EVOQ PROPERTIES INC,NASDAQ,no unique public CIK match
AVCC025B04A40304320,AVS1EFFF053CD9D7EA9,EVOQ,EVOQ PROPERTIES INC,NASDAQ,no unique public CIK match
AVC58FE6D009DFF37CE,AVSAC2E089E00D35278,EVSNF,Elbit Vision Systems Ltd,NASDAQ,no unique public CIK match
AVC58FE6D009DFF37CE,AVS835464231CD66483,EVSNF,Elbit Vision Systems Ltd,NASDAQ,no unique public CIK match
AVC578C246B26DD59A9,AVSA1084D88CE604129,EXCU,Exelon Corp,NYSE,no unique public CIK match
AVC578C246B26DD59A9,AVSA50A869891B9130F,EXCU,Exelon Corp,NYSE,no unique public CIK match
AVC0A6F262844438AC0,AVS3B090907B19CB882,EXFO,EXFO Inc,NASDAQ,no unique public CIK match
AVCADB9AF43C53E99A8,AVS16F0421B2719ED14,EZCH,EZchip Semiconductor Ltd,NASDAQ,no unique public CIK match
AVCADB9AF43C53E99A8,AVS922BC8431B6EDFDF,EZCH,EZchip Semiconductor Ltd,NASDAQ,no unique public CIK match
AVC923811A5718A35C3,AVS5201683AC5F05D8B,EZT,Entergy Texas Inc,NYSE,no unique public CIK match
AVCD445B157BDE337FE,AVSAFB55A1CFBCC8E90,FAC,First Acceptance Corp,NYSE,no unique public CIK match
AVCD445B157BDE337FE,AVS0A9EF7F5396AF28E,FAC,First Acceptance Corp,NYSE,no unique public CIK match
AVC305B0928A410F031,AVSE24DE12B075E56F9,FARM,Farmer Bros. Company,NASDAQ,no unique public CIK match
AVCA3479D6A9361B817,AVSCC177A9D84F00CA9,FBCI,First Banking Center Inc,NASDAQ,no unique public CIK match
AVCA3479D6A9361B817,AVSAA5D21E8D89728BA,FBCI,First Banking Center Inc,NASDAQ,no unique public CIK match
AVCD2FCC139A3FD022F,AVS76DA6BAC285C51FC,FBCP,Founders Bancorp CA,NASDAQ,no unique public CIK match
AVCD2FCC139A3FD022F,AVSFA4629804C694FA9,FBCP,Founders Bancorp CA,NASDAQ,no unique public CIK match
AVCAA36655A8084585B,AVS7062BF846868F872,FBMS,First Bancshares Inc Miss,NYSE,no unique public CIK match
AVC6D82BA866368A971,AVSAC27A950B18F3AB9,FBN,FBI Wind Down Inc,NASDAQ,no unique public CIK match
AVC6D82BA866368A971,AVS1B1BE41C536DAA7A,FBN,FBI Wind Down Inc,NASDAQ,no unique public CIK match
AVC31686E677E6833D2,AVS405075F58BF2A9A4,FBR,Fibria Celulose SA ADR,NYSE,no unique public CIK match
AVC31686E677E6833D2,AVSA83AD3C5ECBA6F4F,FBR,Fibria Celulose SA ADR,NYSE,no unique public CIK match
AVCD82C7C0E8D3C523F,AVSF02C196CE08043B7,FBRX,Forte Biosciences Inc,NASDAQ,no unique public CIK match
AVC84F07E41F5059D82,AVSC11CC8D4B1E4E7F8,FBTXQ,Franklin Bank Corp,NYSE,no unique public CIK match
AVC84F07E41F5059D82,AVS83B6D81C111E26F1,FBTXQ,Franklin Bank Corp,NYSE,no unique public CIK match
AVC6D8FC6EFC7362812,AVSAC5C4BFFF5D8A1F6,FCAM,First Canacord Mnrl Expl Part Unfied,NYSE,no unique public CIK match
AVC6D8FC6EFC7362812,AVSFA2D1E2177F40D81,FCAM,First Canacord Mnrl Expl Part Unfied,NYSE,no unique public CIK match
AVCF3F3390632357FB3,AVS2ECB0705EDF4DCB5,FCE-A,Forest City Enterprises Inc. FCE.A,NYSE,no unique public CIK match
AVCF3F3390632357FB3,AVS3F9F0640798F75FE,FCE-A,Forest City Enterprises Inc. FCE.A,NYSE,no unique public CIK match
AVC94BB1F85FCB5F749,AVSA61DE80451E3B6C6,FCE-B,Forest City Enterprises Inc. FCE.B,NYSE,no unique public CIK match
AVC94BB1F85FCB5F749,AVS6A05E9F7B799B2AC,FCE-B,Forest City Enterprises Inc. FCE.B,NYSE,no unique public CIK match
AVCB103DEC3944016F2,AVSFD9E664E2D323C11,FCKEE,FIRST CHEROKEE BANCSHARES INC,NASDAQ,no unique public CIK match
AVCF90E482A29C99140,AVSC02C4163CE7F789D,FCMCQ,FRANKLIN CREDIT HOLDING CORP,NYSE,no unique public CIK match
AVCF90E482A29C99140,AVSD141A828C56B1D46,FCMCQ,FRANKLIN CREDIT HOLDING CORP,NYSE,no unique public CIK match
AVC1E95B75A3064F1D7,AVSDA3961710CA8D4E4,FCRD,First Eagle Alternative Capital BDC Inc,NASDAQ,no unique public CIK match
AVC1E95B75A3064F1D7,AVS1CCB9F38ED6DAD6C,FCRW,First Eagle Alternative Capital BDC Inc,NYSE,no unique public CIK match
AVC1E95B75A3064F1D7,AVSA33969C6688D6013,FCRZ,First Eagle Alternative Capital BDC Inc,NYSE,no unique public CIK match
AVC5EA1092821CC57C3,AVS7E49177B95FDD76E,FCS,Fairchild Semiconductor Intl Inc,NASDAQ,no unique public CIK match
AVC5EA1092821CC57C3,AVSF5C376DF6503F94B,FCS,Fairchild Semiconductor Intl Inc,NASDAQ,no unique public CIK match
AVCA5B5488F199C5FEC,AVSFC19C8D47F91A84A,FDML,FederalMogul Corp,NASDAQ,no unique public CIK match
AVCA5B5488F199C5FEC,AVS3CFE58D97518DB6E,FDML,FederalMogul Corp,NASDAQ,no unique public CIK match
AVCBA257EC112325185,AVS748AE8FF601FECAB,FFCO,Fedfirst Financial Corp,NASDAQ,no unique public CIK match
AVCBA257EC112325185,AVS33FD66F141A5553F,FFCO,Fedfirst Financial Corp,NASDAQ,no unique public CIK match
AVC0FC8A261E36877FA,AVSABFA932D9F120F40,FFEDQ,Firstfed Fin Cp,NYSE,no unique public CIK match
AVC0FC8A261E36877FA,AVS6D3351A213CA4645,FFEDQ,Firstfed Fin Cp,NYSE,no unique public CIK match
AVC1BADBC51AF23CE39,AVSA0A1383D8BAABD64,FFG,FBL Financial Group Inc - Class A,NYSE,no unique public CIK match
AVCE0E2648C6FA785A3,AVS88C8DD506631EA9F,FFHL,Baijiayun Group Ltd,NASDAQ,no unique public CIK match
AVC963F883008E0B933,AVS611D0C808A3651AC,FFKY,First Financial Service Corp. KY,NASDAQ,no unique public CIK match
AVC963F883008E0B933,AVS2861BFBDB6863E1E,FFKY,First Financial Service Corp. KY,NASDAQ,no unique public CIK match
AVC331EB2F8B1CF5EE1,AVSD74AA50D9976F3E3,FFNM,First Federal of Nrthrn Michgn Bancp Inc,NASDAQ,no unique public CIK match
AVC331EB2F8B1CF5EE1,AVS982FECBD88A5B5BE,FFNM,First Federal of Nrthrn Michgn Bancp Inc,NASDAQ,no unique public CIK match
AVCC380779F6175766F,AVS83CAA7F759000638,FGH,FG Group Holdings Inc,NYSE MKT,no unique public CIK match
AVCEBC9795E898D0588,AVSC43B782C219C2414,FGP,Ferrellgas Partners L.P,NYSE,no unique public CIK match
AVC93D681A52BDA035E,AVS1C039C0495B29941,FILM,Cre8Tive Works Inc,NASDAQ,no unique public CIK match
AVC93D681A52BDA035E,AVS3A7215791C77D573,FILM,Cre8Tive Works Inc,NASDAQ,no unique public CIK match
AVC93377A1FC9C0BAD8,AVS0C06BB80DB4B43BB,FINL,Finish Line Inc,NASDAQ,no unique public CIK match
AVC93377A1FC9C0BAD8,AVSBDB17676E69CFAE8,FINL,Finish Line Inc,NASDAQ,no unique public CIK match
AVC343F99ED987C84BF,AVSFD4628F45598AB66,FIO,FusionIO Inc,NYSE,no unique public CIK match
AVC343F99ED987C84BF,AVSB7994598910EFD48,FIO,FusionIO Inc,NYSE,no unique public CIK match
AVC6A39CB81C132AD9B,AVS81A137280876A198,FIT,Fitbit Inc - Class A,NYSE,no unique public CIK match
AVC45B45E4F154AA1FF,AVS343870C601B5F094,FLJ,XChange Tec.Inc,NASDAQ,no unique public CIK match
AVC8891CE0A88078AB0,AVSF756B9341684C606,FLLC,FIRST FINANCIAL BANCORP,NASDAQ,no unique public CIK match
AVCCCF243BD2BFD609C,AVS0BEF65C8CFD7AC1B,FLXI,Flexiinternational Software Inc,BATS,no unique public CIK match
AVC59E1CAC1B6E97D4D,AVS269807CC1083C89B,FLY,Fly Leasing Ltd,NYSE,no unique public CIK match
AVCB0148DB5A43CF7E1,AVSAF1A839A677E6FAB,FMER,Firstmerit Corp,NASDAQ,no unique public CIK match
AVCB0148DB5A43CF7E1,AVS47135DE020E0BEA0,FMER,Firstmerit Corp,NASDAQ,no unique public CIK match
AVC9FC848E6AD605DCB,AVSEABA520BFFF7D29F,FNFV,Fidelity National Financial Ventures,NYSE,no unique public CIK match
AVC9FC848E6AD605DCB,AVSCA647016E981426D,FNFV,Fidelity National Financial Ventures,NYSE,no unique public CIK match
AVCD62E9BEBCAE5062C,AVS7D7AD7D663AB1F7F,FNKO2,Funko Inc Class A,NASDAQ,no unique public CIK match
AVCD62E9BEBCAE5062C,AVS6F99F6100B90FBAD,FNKO2,Funko Inc Class A,NASDAQ,no unique public CIK match
AVC7E0948664861D85B,AVSB451055A4D96B817,FOCS,Focus Financial Partners Inc - Class A,NASDAQ,no unique public CIK match
AVCCE57103F641B27D9,AVS550749BD590AF6A6,FORK,Fuling Global Inc,NASDAQ,no unique public CIK match
AVCE237452594D5C89B,AVS1731EB2CD826DEFA,FPAMQ,Fpa Medical Management Inc,NASDAQ,no unique public CIK match
AVCE237452594D5C89B,AVSD19A6A8426FC7FC1,FPAMQ,Fpa Medical Management Inc,NASDAQ,no unique public CIK match
AVC7E235A91AEA95DCB,AVSCC47C5781B162CF1,FPFCQ,First Place Financial Corp,NASDAQ,no unique public CIK match
AVC7E235A91AEA95DCB,AVSF9583D3CB7FA72C3,FPFCQ,First Place Financial Corp,NASDAQ,no unique public CIK match
AVC2DAF61E16E41EEB1,AVSA7F4D1BC7D2A392D,FPWBQ,FOUNTAIN POWERBOAT INDUSTRIES INC,NYSE,no unique public CIK match
AVC2DAF61E16E41EEB1,AVS50D6A77C03085C90,FPWBQ,FOUNTAIN POWERBOAT INDUSTRIES INC,NYSE,no unique public CIK match
AVC6D6241BD3BC7747B,AVSE674BA92CC0240EF,FRBA,First Bank (NJ),NASDAQ,no unique public CIK match
AVCE3B0C44298FC1C14,AVSAEB1E6543720D39F,FRC-P-D-CL,,NYSE,no unique public CIK match
AVCE3B0C44298FC1C14,AVS80073E89A251A6C8,FRC-P-D-CL,,NYSE,no unique public CIK match
AVCE3B0C44298FC1C14,AVS1D6401F85D33BC7E,FRC-P-E-CL,,NYSE,no unique public CIK match
AVCD884B6B96A4BF117,AVS8B5C11FCD56D24A0,FREQ,Frequency Therapeutics Inc,NASDAQ,no unique public CIK match
AVCB095E4293E69C3E6,AVS3BECBB5DAA392947,FRG,Franchise Group Inc - Class A,NASDAQ,no unique public CIK match
AVCEA4A1049F7505FBD,AVS8A657511A446BB49,FRRSF,Foremost Lithium Resource & Technology Ltd,NASDAQ,no unique public CIK match
AVCE3B0C44298FC1C14,AVSF86ABC292849EA6B,FSACU,,NASDAQ,no unique public CIK match
AVCE3B0C44298FC1C14,AVS3B950FAEF18FD80B,FSACU,,NASDAQ,no unique public CIK match
AVCA69D4A673322BEE2,AVSA243DEE533C2AA1A,FSBK,First South Bancorp Inc,NASDAQ,no unique public CIK match
AVCA69D4A673322BEE2,AVSB0D58375988850F3,FSBK,First South Bancorp Inc,NASDAQ,no unique public CIK match
AVC70A4CA60E7DC5E3B,AVSFA421F5B926E80E3,FSBS,First South Bancorp Inc Sc,NASDAQ,no unique public CIK match
AVC70A4CA60E7DC5E3B,AVS6364422100F4400F,FSBS,First South Bancorp Inc Sc,NASDAQ,no unique public CIK match
AVCC6F627ED216CC23D,AVSC80FFA52DE8D8A87,FSCE,Fifth Street Finance Corp Pfd.,NYSE,no unique public CIK match
AVCC6F627ED216CC23D,AVS0AEAB02BFD7289DF,FSCE,Fifth Street Finance Corp Pfd.,NYSE,no unique public CIK match
AVCAA8F2EC241F9995E,AVS984EB7E8296AB3B5,FSFF,First Suffield Fincl Inc,NASDAQ,no unique public CIK match
AVCAA8F2EC241F9995E,AVSFCF203DC743C1F92,FSFF,First Suffield Fincl Inc,NASDAQ,no unique public CIK match
AVC1F80C4C578A8FF8F,AVSF42398D2F201247E,FSGI,First Security Group Inc,NASDAQ,no unique public CIK match
AVC1F80C4C578A8FF8F,AVS612B813F5C6520AD,FSGI,First Security Group Inc,NASDAQ,no unique public CIK match
AVCD175588EEC9E36A3,AVSAC01DF1B50F237A6,FSII,TEL FSI Inc,NASDAQ,no unique public CIK match
AVCDC241634DA99221A,AVS2CFDDE3E913FB889,FSNMQ,First State Bancorp. NM,NASDAQ,no unique public CIK match
AVCDC241634DA99221A,AVS87F120772F451B4C,FSNMQ,First State Bancorp. NM,NASDAQ,no unique public CIK match
AVCCB95529827EBB849,AVS42BC0C972DB0E460,FSRV,FirstService Corp,NASDAQ,no unique public CIK match
AVC8E6016FE4712D930,AVSF3177D810D5E9789,FSTX,F-star Therapeutics Inc,NASDAQ,no unique public CIK match
AVCFD812C8B6F659CB7,AVS918EDFB1DE34AF7E,FTAIO,FTAI Aviation Ltd,NASDAQ,no unique public CIK match
AVCFD812C8B6F659CB7,AVS0801B6C84F863141,FTAIP,FTAI Aviation Ltd,NASDAQ,no unique public CIK match
AVC4C6F518F874113E3,AVS0A2029BBFE47D7C5,FTEO,UBIC Inc,NASDAQ,no unique public CIK match
AVC3415325A215AA0DB,AVSFD01D474BAAC6151,FTLK,Funtalk China Holdings Ltd Foreign,NASDAQ,no unique public CIK match
AVC3415325A215AA0DB,AVSF265C7CD2B3C7A39,FTLK,Funtalk China Holdings Ltd Foreign,NASDAQ,no unique public CIK match
AVCD463648FC29410FA,AVS9474EC23CDF5276F,FTO,FRONTIER OIL CORP,NYSE,no unique public CIK match
AVCD463648FC29410FA,AVS42023FB07891455A,FTO,FRONTIER OIL CORP,NYSE,no unique public CIK match
AVC7131A42337F2FD8A,AVS5B7F8CDDA3C65087,FTSI,FTS International Inc Class A,NYSE MKT,no unique public CIK match
AVCFEB811D83DB2DBCC,AVSCA4C0B5EC2BEACD6,FUBC,1st United Bancorp Inc Florida,NASDAQ,no unique public CIK match
AVCFEB811D83DB2DBCC,AVS10C4B3F126C46B32,FUBC,1st United Bancorp Inc Florida,NASDAQ,no unique public CIK match
AVCE08C2797C4BC4E3A,AVSF6C46EF6362A98B3,FULLL,Full Circle Capital Corporation 8.25 Notes due 2020,NASDAQ,no unique public CIK match
AVCE08C2797C4BC4E3A,AVSE1082710B859C879,FULLL,Full Circle Capital Corporation 8.25 Notes due 2020,NASDAQ,no unique public CIK match
AVCC763817084BF1493,AVS0669EC340CCE9DD6,FVE,AlerisLife Inc,NYSE,no unique public CIK match
AVC7E9A6F3DC028F603,AVSB6A712DAB5370E12,FXCB,Fox Chase Bancorp Inc,NASDAQ,no unique public CIK match
AVC7E9A6F3DC028F603,AVS8808B34EE2268DA7,FXCB,Fox Chase Bancorp Inc,NASDAQ,no unique public CIK match
AVCD729B221993A146B,AVSF1965B01E8540134,GA,Giant Interactive Group Inc. Foreign,NYSE,no unique public CIK match
AVCD729B221993A146B,AVS7A9F6435D31ABF72,GA,Giant Interactive Group Inc. Foreign,NYSE,no unique public CIK match
AVCE3B0C44298FC1C14,AVS5A1734809F64E628,GAB-P-D-CL,,NYSE,no unique public CIK match
AVC0D97101E7E012074,AVS012081D786C8D25C,GAI,GlobalTech Advanced Innovations Inc,NASDAQ,no unique public CIK match
AVCCEC05D8099ED9D0F,AVS9AA243D74BAFAD11,GAINM,Gladstone Investment Corporation,NASDAQ,no unique public CIK match
AVCCEC05D8099ED9D0F,AVS63521636A1BF532C,GAINN,Gladstone Investment Corp,NASDAQ,no unique public CIK match
AVCCEC05D8099ED9D0F,AVS8381D79D563D4664,GAINN,Gladstone Investment Corp,NASDAQ,no unique public CIK match
AVCCEC05D8099ED9D0F,AVS13C21ABD1792DA40,GAINO,Gladstone Investment Corp,NASDAQ,no unique public CIK match
AVCCEC05D8099ED9D0F,AVS5213F4EACC7EC2FC,GAINO,Gladstone Investment Corp,NASDAQ,no unique public CIK match
AVCCF6B8608A6DEE21D,AVSFFC9F4E9DBAD7A24,GBUG,Barclays Bank PLC,NYSE ARCA,no unique public CIK match
AVCE3B0C44298FC1C14,AVS7661BC6F5EE98C48,GCV-P-B-CL,,NYSE,no unique public CIK match
AVCE3B0C44298FC1C14,AVS064817471DD3A494,GDV-P-D-CL,,NYSE,no unique public CIK match
AVC3105133E73F43821,AVSF671D50C8CAFEFC2,GEC,Forest Investments Inc,NASDAQ,no unique public CIK match
AVCB3ED786B0C13CBC1,AVSB27340FAE6B52EC4,GECXU,Great Elm Capital Group Inc. Common Stock,NASDAQ,no unique public CIK match
AVCB3ED786B0C13CBC1,AVSD2056E5FB9F6F519,GECXU,Great Elm Capital Group Inc. Common Stock,NASDAQ,no unique public CIK match
AVCF000A6BEC73FCB52,AVS721A9F724FFEFA78,GENE,Genetic Technologies Ltd,NASDAQ,no unique public CIK match
AVCB29AA1FA9397CFC7,AVSDD029C33BC231CF4,GEOW,Geowaste Inc,NASDAQ,no unique public CIK match
AVCB29AA1FA9397CFC7,AVS45E517ECA66B787D,GEOW,Geowaste Inc,NASDAQ,no unique public CIK match
AVC183C2E23CFD9F22E,AVS7A7C68A997F222B8,GGO,Gabelli Go Anywhere Trust,NYSE MKT,no unique public CIK match
AVC183C2E23CFD9F22E,AVS3DF57CE905196A3B,GGO-C,The Gabelli Go Anywhere Trust,NYSE MKT,no unique public CIK match
AVC183C2E23CFD9F22E,AVS36DBEC1128386D02,GGO-C,The Gabelli Go Anywhere Trust,NYSE MKT,no unique public CIK match
AVC2F00BE68855B2852,AVS955CE860EC4B9BB4,GGP,General Growth Properties Inc,NYSE,no unique public CIK match
AVC2F00BE68855B2852,AVS8F5A94E1E0C5051A,GGP,General Growth Properties Inc,NYSE,no unique public CIK match
AVCE3B0C44298FC1C14,AVSF546F30557773397,GGT-P-B-CL,,NYSE,no unique public CIK match
AVC5D22D4B6CB4CF047,AVS69A6FABA619C6000,GIVN,Given Imaging Ltd,NASDAQ,no unique public CIK match
AVC5D22D4B6CB4CF047,AVS422D483AC9CBD5B0,GIVN,Given Imaging Ltd,NASDAQ,no unique public CIK match
AVC99A8CAC17DD94EEB,AVSA53A61D9A2D50DA2,GIXRT,UpHealth Inc,NYSE,no unique public CIK match
AVC4BD56A6341ABE8C2,AVS334306FEA99F0808,GJV,Synthetic FixedIncome Securities Inc 700 Fixed Rate Structured Repackaged AssetBacked Trust Securities STRATS,NYSE,no unique public CIK match
AVC4BD56A6341ABE8C2,AVS887C2BFB8013FD0A,GJV,Synthetic FixedIncome Securities Inc 700 Fixed Rate Structured Repackaged AssetBacked Trust Securities STRATS,NYSE,no unique public CIK match
AVCE3B0C44298FC1C14,AVS934E7EDB464EF397,GJV-CL,,NYSE,no unique public CIK match
AVC526087AC0E781733,AVSB64876902D4C66A1,GLFMQ,GULFMARK OFFSHORE INC A,NYSE,no unique public CIK match
AVC526087AC0E781733,AVSB363FE2E13B4F17F,GLFMQ,GULFMARK OFFSHORE INC A,NYSE,no unique public CIK match
AVCB64B13F481E3755A,AVS8012F955B7B39A22,GLOG,GasLog Ltd,NYSE,no unique public CIK match
AVC70A55380E0F00CE5,AVS53CBA83CC25AD05F,GLOP,Gaslog Partners LP,NYSE,no unique public CIK match
AVCA57526B5D973EBAD,AVS25C3C4C94FCEF17D,GM-WS-A,General Motors Company,NYSE,no unique public CIK match
AVCA57526B5D973EBAD,AVSF9473C694B9CD231,GM-WS-A,General Motors Company,NYSE,no unique public CIK match
AVCA57526B5D973EBAD,AVS00A336FE6674B29F,GM-WS-B,General Motors Company,NYSE,no unique public CIK match
AVCA57526B5D973EBAD,AVSAE58C0E0B51D0636,GM-WS-B,General Motors Company,NYSE,no unique public CIK match
AVC6EC407C499EB29FB,AVSD0B77A927AC94282,GMK,Gruma S.A.B. de CV,NYSE,no unique public CIK match
AVC6EC407C499EB29FB,AVSAE930DF579E08CBE,GMK,Gruma S.A.B. de CV,NYSE,no unique public CIK match
AVCF3350E630FF8CCDB,AVS87DEF80CA9B132FF,GMLP,Golar LNG Partners LP,NASDAQ,no unique public CIK match
AVCF3350E630FF8CCDB,AVS9E54C971B6D817C7,GMLPF,Golar LNG Partners LP,NASDAQ,no unique public CIK match
AVC2DA89EDDD214BD9C,AVSB1187950CEBAE2C7,GNA,Gerdau Ameristeel Corp,NYSE,no unique public CIK match
AVC2DA89EDDD214BD9C,AVSE81CF5E001CDA277,GNA,Gerdau Ameristeel Corp,NYSE,no unique public CIK match
AVC7C636DB8E1B843C9,AVS421493848CD819CD,GNOG,Golden Nugget Online Gaming Inc - Class A,NASDAQ,no unique public CIK match
AVCE2459AB73AA4A52F,AVS160ABDBA09FA0784,GNSM,GENSYM CORP,NASDAQ,no unique public CIK match
AVCEFEDEF865D864FBD,AVS4729DDD372A7B82D,GOEV,Canoo Inc - Class A,NASDAQ,no unique public CIK match
AVCB1395F244FF5B61C,AVS3057102FDD85E464,GOGL,Golden Ocean Group Ltd,NASDAQ,no unique public CIK match
AVC0410FA8EEA652658,AVS30759A2CCAA08F50,GOLD,Randgold Resources Ltd,NASDAQ,no unique public CIK match
AVC0410FA8EEA652658,AVS8B461751CE3FF7A7,GOLD,Randgold Resources Ltd,NASDAQ,no unique public CIK match
AVCB8C1ABAD0A6AE165,AVS8B983C26CF8C1BDF,GOMO,Sungy Mobile Ltd,NASDAQ,no unique public CIK match
AVCB8C1ABAD0A6AE165,AVSD0B70A8790A559AD,GOMO,Sungy Mobile Ltd,NASDAQ,no unique public CIK match
AVCB3C23B8090790AA1,AVS388A24E37C3593A1,GRAF,Velodyne Lidar Inc,NYSE,no unique public CIK match
AVCA7C86F65EB8F400B,AVS12A86014FD0E0673,GRBIC,Gabelli NextShares Trust Gabelli RBI NextShares,NASDAQ,no unique public CIK match
AVCA7C86F65EB8F400B,AVS2EF9C1A090082E6A,GRBIC,Gabelli NextShares Trust Gabelli RBI NextShares,NASDAQ,no unique public CIK match
AVC2AC8E78085F6C294,AVSEA22F38FCB57820B,GRIN,Grindrod Shipping Holdings Ltd,NASDAQ,no unique public CIK match
AVC21B048295F73BAD8,AVS44B69AC9B1E1F657,GRM,Graham Packaging Company Inc,NYSE,no unique public CIK match
AVC21B048295F73BAD8,AVSED2DD19CD63A9F8D,GRM,Graham Packaging Company Inc,NYSE,no unique public CIK match
AVCD1DC89CDCDEA48CD,AVS6ADA81F2BDAB0CF9,GRNVR,Micromobility.com Inc,NASDAQ,no unique public CIK match
AVC5BAFBF9D623DEDEC,AVSFAA3B7363FF9A5CC,GSF,Goldman Sachs Group Inc. The 6.125 Notes due 2060,NYSE,no unique public CIK match
AVC5BAFBF9D623DEDEC,AVS942C508DD5462ECD,GSF,Goldman Sachs Group Inc. The 6.125 Notes due 2060,NYSE,no unique public CIK match
AVCA5E4A0783F209597,AVSD08DA3B896A79CD7,GSJ,Goldman Sachs Group Inc. The 6.50 Notes due 2061,NYSE,no unique public CIK match
AVCA5E4A0783F209597,AVS9C3997786D6F8A59,GSJ,Goldman Sachs Group Inc. The 6.50 Notes due 2061,NYSE,no unique public CIK match
AVCA5E4A0783F209597,AVS7C0DD09BC54B8197,GSJ-CL,Goldman Sachs Group Inc. The 6.50 Notes due 2061,NYSE,no unique public CIK match
AVCD79357776FC042B2,AVS3BFDC04D55462DFC,GSKY,GreenSky Inc - Class A,NASDAQ,no unique public CIK match
AVC7CB1E2C2FD005F3A,AVSA01B8A0F3CA99980,GSLD,Global Ship Lease Inc,NYSE,no unique public CIK match
AVCCC128DA03ABCDB7E,AVS854D60ED025489F7,GSOL,Global Sources Ltd. Bermuda,NYSE ARCA,no unique public CIK match
AVC62FAE6EC4247671E,AVS868976D1CC6B00A3,GSUM,Gridsum Holding Inc,NASDAQ,no unique public CIK match
AVC5FF359763CC2318B,AVS2E5D632A252F68A3,GSV,Gold Standard Ventures Corp,NYSE MKT,no unique public CIK match
AVCC5245CB7438B7107,AVS02578EB47F4576F7,GTWN,Georgetown Bancorp Inc MD,NASDAQ,no unique public CIK match
AVCC5245CB7438B7107,AVSB0C43F5A5D5FC541,GTWN,Georgetown Bancorp Inc MD,NASDAQ,no unique public CIK match
AVC7706E080070C1E99,AVSDCB6B3EE4B7C793A,GUA,Gulf Power Company Series 2011A 5.75 Senior Notes due June 1 2051,NYSE,no unique public CIK match
AVC7706E080070C1E99,AVS088D0E5BD6FD43B5,GUA,Gulf Power Company Series 2011A 5.75 Senior Notes due June 1 2051,NYSE,no unique public CIK match
AVCAAD271C70636D573,AVS15C1C9D38A5BB15E,GUA-CL,GUA.CL,NYSE,no unique public CIK match
AVC4FDD4A77EB644101,AVS1141E61CDE4829AF,GWR,Genesee Wyoming Inc,NYSE,no unique public CIK match
AVC5783634D5BDC249B,AVS303189812F9A081D,GXP,Great Plains Energy Inc,NYSE,no unique public CIK match
AVC5783634D5BDC249B,AVSBE7C996D65B2AB1D,GXP,Great Plains Energy Inc,NYSE,no unique public CIK match
AVC4D6F74E31FA28CC3,AVS5E6743CA7A93FD8A,GYB,CABCO Series 2004101 Trust Goldman Sachs Capital I Floating Rate Callable Certificates,NYSE,no unique public CIK match
AVC4D6F74E31FA28CC3,AVS829E43801B599B13,GYB,CABCO Series 2004101 Trust Goldman Sachs Capital I Floating Rate Callable Certificates,NYSE,no unique public CIK match
AVCE3B0C44298FC1C14,AVS1712ADAC12906745,GYB-CL,,NYSE,no unique public CIK match
AVC2C6ACA57044793B1,AVS5B82A85FED12D13D,GYC,Corporate Asset Backed Corporation,NYSE,no unique public CIK match
AVCBF806D90DFA72432,AVS10C28FFCFE80C11A,HAR,Harman International Industries IncDE,NYSE,no unique public CIK match
AVCBF806D90DFA72432,AVS6868094F3EEFB7E1,HAR,Harman International Industries IncDE,NYSE,no unique public CIK match
AVC0293B5CD9477B7BD,AVSA258895991FC161E,HART,Harvard Apparatus Regenerative Tech Inc,NASDAQ,no unique public CIK match
AVC0293B5CD9477B7BD,AVS267A9FB041F60B4E,HART,Harvard Apparatus Regenerative Tech Inc,NASDAQ,no unique public CIK match
AVCCB76DE2E97A46FAA,AVS8459154259EAC30E,HBANN,Huntington Bancshares Inc,NASDAQ,no unique public CIK match
AVCCB76DE2E97A46FAA,AVSD0B9DCBEBE6CAEFC,HBANO,Huntington Bancshares Inc,NASDAQ,no unique public CIK match
AVC9C41982C33A8B07B,AVS16CCB58EC637B5D3,HBHCL,Hancock Holding Company. 5.95 Sub Nt 06152045,NASDAQ,no unique public CIK match
AVC9C41982C33A8B07B,AVSF5E56BA42963B8A3,HBHCL,Hancock Holding Company. 5.95 Sub Nt 06152045,NASDAQ,no unique public CIK match
AVC174B9330287CB236,AVS021959BF6734C10E,HCAPL,Harvest Capital Credit Corp 7.00 Sr Nt 01162020,NASDAQ,no unique public CIK match
AVC174B9330287CB236,AVS13A48018546AAB65,HCAPL,Harvest Capital Credit Corp 7.00 Sr Nt 01162020,NASDAQ,no unique public CIK match
AVC7E403D5745E04751,AVSF4DB3E16D85C696B,HCAPZ,Portman Ridge Finance Corp,NASDAQ,no unique public CIK match
AVC4A096A8CCC4655A6,AVSDA3EF897036E48BF,HCJ-CL,HCI Group Inc. 8 Senior Notes due 2020,NYSE,no unique public CIK match
AVC4A096A8CCC4655A6,AVS7C12CD32E803F98F,HCJ-CL,HCI Group Inc. 8 Senior Notes due 2020,NYSE,no unique public CIK match
AVCDC9E1482BC957E4B,AVS08DFBD3F862182C8,HCLP,HiCrush Partners LP,NYSE,no unique public CIK match
AVCDC9E1482BC957E4B,AVS618E580EAC68A72C,HCLP,HiCrush Partners LP,NYSE,no unique public CIK match
AVCB4D34BA34082161D,AVSEF6165318084BF86,HCN,Health Care REIT Inc,NYSE,no unique public CIK match
AVCB4D34BA34082161D,AVS670C62B95D877470,HCN,Health Care REIT Inc,NYSE,no unique public CIK match
AVC0E8A3A1893877C98,AVS7881FACE875376A1,HCR,MANOR CARE INC,NYSE,no unique public CIK match
AVCE3B0C44298FC1C14,AVS7AAFE3BA7DA8685E,HCT,,NASDAQ,no unique public CIK match
AVCE3B0C44298FC1C14,AVSD0FF53FA823C0146,HCT,,NASDAQ,no unique public CIK match
AVC22A0A62A7D4B80D3,AVS6A7DDA05AAFDE974,HE-P-U-CL,Hawaiian Electric Industries Inc 65 Cum QUIPS,NYSE,no unique public CIK match
AVC5CB402FEDFDE4FFD,AVSF81A3A549FE09EF9,HEP,Holly Energy Partners L.P.,NYSE,no unique public CIK match
AVC84D60AE50C9C18B9,AVSC629F8B982EA2422,HEXO,HEXO Corp,NASDAQ,no unique public CIK match
AVC16866AA23B310F40,AVSE3A65EC68D5EE7CA,HGGG,HHGregg Inc. IN,NYSE,no unique public CIK match
AVC6AFE81BE3CE1B5EA,AVS0677F44E6AA14ABE,HGH,Hartford Financial Services Group Inc,NYSE,no unique public CIK match
AVC0C5625F68623A7D8,AVS1A9BDE2488EB6321,HHR,HeadHunter Group PLC,NASDAQ,no unique public CIK match
AVC369B770F58440FAF,AVS1FE923B49A98E821,HIBB,Hibbett Inc,NASDAQ,no unique public CIK match
AVC307AD2016DA647E7,AVS40E83317335FD3AC,HIFS,Hingham Institution For Savings,NASDAQ,no unique public CIK match
AVCD820F7EB8DD20696,AVSFAF7BBFE61CD5295,HIRE,HIRERIGHT INC,NASDAQ,no unique public CIK match
AVC1D3024814CF0AA16,AVS48B9C8DB9E19103B,HITK,HiTech Pharmacal Company,NASDAQ,no unique public CIK match
AVC1D3024814CF0AA16,AVSB74F45397AD2017C,HITK,HiTech Pharmacal Company,NASDAQ,no unique public CIK match
AVC8B7E76ED64FB59F9,AVS17EADA098E364638,HJV,MS Structured Asset Corp SATURNS JC Penney Company Inc DebBkd Series 20071 70,NYSE,no unique public CIK match
AVC210A6BC0D5C2933C,AVSF53D53EBFAE455EC,HKRSQ,Halcon Resources Corp New,NYSE,no unique public CIK match
AVC210A6BC0D5C2933C,AVSC32C5FC1C038FF13,HKRSQ,Halcon Resources Corp New,NYSE,no unique public CIK match
AVC95AA0A2BCD393E2D,AVSA87CBF28201D5953,HLG,Hailiang Education Group Inc,NASDAQ,no unique public CIK match
AVCE64CEB47AD064F3F,AVSD9AB90E062B259F0,HLSQ,Tessera Defense and Homeland Security Inc,NYSE MKT,no unique public CIK match
AVCA35B842C7297F6E4,AVSDCE168D44B724D7F,HMIN,Home Inns & Hotels Management Inc. ADR,NASDAQ,no unique public CIK match
AVCA35B842C7297F6E4,AVSDFA0FD9838E4B5F8,HMIN,Home Inns & Hotels Management Inc. ADR,NASDAQ,no unique public CIK match
AVCB37DE37C74FD9B04,AVSF5B2F5D4E8F8363C,HMLP,Hoegh LNG Partners LP,NYSE,no unique public CIK match
AVC2CB56D3CFDF60DC1,AVS0DBBE25FA01CC095,HMTV,Hemisphere Media Group Inc - Class A,NASDAQ,no unique public CIK match
AVC9E0A23AD4BB5242E,AVS0A61D6B9A29F56E0,HNIN,Horne Intl Inc,NASDAQ,no unique public CIK match
AVC9E0A23AD4BB5242E,AVSCE8A40B27200BAEA,HNIN,Horne Intl Inc,NASDAQ,no unique public CIK match
AVCE9335849AA28F867,AVS403C3CF0DC120A41,HNZ,H.J. Heinz Company,NYSE,no unique public CIK match
AVCE9335849AA28F867,AVS53DB56C71A9238E0,HNZ,H.J. Heinz Company,NYSE,no unique public CIK match
AVC927FE2C86F5080A1,AVS7E7BBB96C671F377,HOLI,Hollysys Automation Technologies Ltd,NASDAQ,no unique public CIK match
AVC98D2CF3E9EC9C9CF,AVSF2CEAD25DDDCC08C,HOTT,Hot Topic Inc,NASDAQ,no unique public CIK match
AVC98D2CF3E9EC9C9CF,AVS1C67198348F3910C,HOTT,Hot Topic Inc,NASDAQ,no unique public CIK match
AVCD20C601DC0C4B742,AVSCC3917DB435EF1A8,HOUS,Anywhere Real Estate Inc,NYSE,no unique public CIK match
AVCD50CED435359C1F2,AVS833E1D9DDD617ED6,HPC,HERCULES INC,NYSE,no unique public CIK match
AVCE3B0C44298FC1C14,AVSDA2B88FE7188181F,HPHW,,NYSE,no unique public CIK match
AVCE3B0C44298FC1C14,AVS62AF24F43F0A69B9,HPHW,,NYSE,no unique public CIK match
AVC5370654A332B4EA7,AVS89BD1DE3E7026CD6,HPWR,Health Power Inc,NASDAQ,no unique public CIK match
AVC5370654A332B4EA7,AVSD2893AEB9C6F8DBC,HPWR,Health Power Inc,NASDAQ,no unique public CIK match
AVC3F32A32F58541E24,AVS34B0B2E68D0CDA2E,HQCL,Hanwha Q CELLS Company. Ltd,NASDAQ,no unique public CIK match
AVC3F32A32F58541E24,AVS99D3493C9373715B,HQCL,Hanwha Q CELLS Company. Ltd,NASDAQ,no unique public CIK match
AVCBDFB73AC557D2488,AVS3B37FBD27F3771CA,HSAC,Health Sciences Acquisitions Corp,NASDAQ,no unique public CIK match
AVCBDFB73AC557D2488,AVS4B28FB20AE5ABCCF,HSAC,Health Sciences Acquisitions Corp,NASDAQ,no unique public CIK match
AVCCE749E840DCADA0F,AVSA80625B92ABBADFE,HSEA,HSBC Holdings plc,NYSE,no unique public CIK match
AVCCE749E840DCADA0F,AVS18BA7A7AF86B438B,HSEA,HSBC Holdings plc,NYSE,no unique public CIK match
AVCCE749E840DCADA0F,AVS425B2101825BA9D7,HSEB,HSBC Holdings plc,NYSE,no unique public CIK match
AVCCE749E840DCADA0F,AVS8606E3864A466743,HSEB,HSBC Holdings plc,NYSE,no unique public CIK match
AVCEC40F312F79B9C1C,AVSFCF96050D332046E,HSKA,Heska Corp (Restricted Voting),NASDAQ,no unique public CIK match
AVC83E41BFEB6B7993B,AVSCE34FC1C53C1A023,HT,Hersha Hospitality Trust - Class A,NYSE,no unique public CIK match
AVCCDF8BADC70C269C0,AVSF103DFD1EEB07540,HTGX,Hercules Technology Growth Capital Inc 6.250 Sr Nt 07302024,NYSE,no unique public CIK match
AVCCDF8BADC70C269C0,AVSE0FFC1A2FC5366AA,HTGX,Hercules Technology Growth Capital Inc 6.250 Sr Nt 07302024,NYSE,no unique public CIK match
AVC9770B2CDA2EB823F,AVS4F3C5588589965E1,HTGX-CL,Hercules Capital Inc. 6.25 Notes due 2024,NYSE,no unique public CIK match
AVC9770B2CDA2EB823F,AVS46819F17B2FDA44C,HTGX-CL,Hercules Capital Inc. 6.25 Notes due 2024,NYSE,no unique public CIK match
AVC63CFFBE21BFF10C0,AVS0AAB5FDA9FA9EF36,HTGY,Hercules Technology Growth Capital Inc Pfd.,NYSE,no unique public CIK match
AVC63CFFBE21BFF10C0,AVS7EC90872DF8B441E,HTGY,Hercules Technology Growth Capital Inc Pfd.,NYSE,no unique public CIK match
AVCAFE95C6130587346,AVS2ABFA30D3CA48EA0,HTGY-CL,Hercules Capital Inc. 7.00 Senior Notes due 2019,NYSE,no unique public CIK match
AVCF754260D582C857E,AVSA20EBF4B4B320D25,HTGZ,Hercules Technology Growth Capital Inc. 7.00 Note due 2019,NYSE,no unique public CIK match
AVCF754260D582C857E,AVSA074FE06D9D2E2AE,HTGZ,Hercules Technology Growth Capital Inc. 7.00 Note due 2019,NYSE,no unique public CIK match
AVCFF35A322AC301508,AVSE771F588F754507D,HTGZ-CL,Hercules Capital Inc. 7.00 Note due 2019,NYSE,no unique public CIK match
AVCE8760C2A90D9B4DE,AVSB0F203FED3C8EA68,HTM,U.S. Geothermal Inc,NYSE,no unique public CIK match
AVCE8760C2A90D9B4DE,AVS17022FA5A89DE4B8,HTM,U.S. Geothermal Inc,NYSE,no unique public CIK match
AVC34FBD1667A458B76,AVS24A2399946C3615B,HUD,Hudson Ltd - Class A,NYSE,no unique public CIK match
AVCC902FE165FA5E393,AVSFB60BFE965AD8C2C,HYGS,Hydrogenics Corp,NASDAQ,no unique public CIK match
AVCC902FE165FA5E393,AVSCDFACEA9AB90352A,HYGS,Hydrogenics Corp,NASDAQ,no unique public CIK match
AVCD3A02145891AFB53,AVS557D779EBA71CF61,HYH,Lehman Abs Corp,NYSE,no unique public CIK match
AVCD3A02145891AFB53,AVS71A5B05707686CCA,HYH,Lehman Abs Corp,NYSE,no unique public CIK match
AVC9F1339CD1629D59E,AVSF8D48C5A784360F0,HZNP,Horizon Therapeutics Plc,NASDAQ,no unique public CIK match
AVCF088F5C73C002E17,AVS169F786AB36314E5,I,Intelsat SA,NYSE,no unique public CIK match
AVC6DDB192F7DF184D3,AVSF3E3056D11227C8E,IAA,IAA Inc,NYSE,no unique public CIK match
AVC1E48E683684C74CD,AVS1AAB415D1240606C,IAA-WI,IAA Spinco Inc,NYSE,no unique public CIK match
AVC4DAC7365892DFE7D,AVSF98F0579D3B3A017,IACI,IACInterActiveCorp,NASDAQ,no unique public CIK match
AVC4DAC7365892DFE7D,AVSC2D94039257375A4,IACI,IACInterActiveCorp,NASDAQ,no unique public CIK match
AVC34C048D2394874D9,AVS6C3BCD67A2AB2499,IAMXU,IAM Capital Acquisition Company,NASDAQ,no unique public CIK match
AVC34C048D2394874D9,AVSF9F75B5B7F031563,IAMXU,IAM Capital Acquisition Company,NASDAQ,no unique public CIK match
AVC7130D9CE0CE11487,AVS51295B4F16041C34,IBKCN,IBERIABANK Corp Dep Shs Repstg 1400th Int FxdFltg Non Cum Perp Pfd Ser D,NASDAQ,no unique public CIK match
AVCB8E1EBEB500C311B,AVS137E2F5A59BD27AB,IBKCO,IBKCO,NASDAQ,no unique public CIK match
AVC18EF0A366F800C96,AVS874A2BBE8D209CE7,IBKCP,IBKCP,NASDAQ,no unique public CIK match
AVC7731745EA331D78D,AVS383527667638779A,ICA,Empresas ICA SA ADR,NYSE,no unique public CIK match
AVC7731745EA331D78D,AVS12D6AD22F5A9934C,ICA,Empresas ICA SA ADR,NYSE,no unique public CIK match
AVC001C4BE5B7675136,AVSCC7CF66DB2613E84,ICLK,iClick Interactive Asia Group Ltd,NASDAQ,no unique public CIK match
AVC8ABB0E20B559D300,AVSE9963F9429B677BA,ID,L1 IDENTITY SOLUTIONS INC.,NYSE MKT,no unique public CIK match
AVC4932F09FAF6024AE,AVSDC854123D9DE29F4,IDC,INTERACTIVE DATA CORP,NYSE,no unique public CIK match
AVC4932F09FAF6024AE,AVSC8625FE61196FDB7,IDC,INTERACTIVE DATA CORP,NYSE,no unique public CIK match
AVC17D48EF355697E14,AVS0568FB0CC5B8E0C7,IDICQ,PARTS iD Inc - Class A,NYSE MKT,no unique public CIK match
AVC80B03D6A5A456E49,AVSC71A1E0098EE3B14,IEH,Integrys Energy Group Inc Pfd.,NYSE,no unique public CIK match
AVC80B03D6A5A456E49,AVSB90F6294B6D2AF86,IEH,Integrys Energy Group Inc Pfd.,NYSE,no unique public CIK match
AVCDDC2C1D1C8D04881,AVS66161FB734A86AF3,IGATY,iGATE Computer Systems Ltd Foreign,NYSE,no unique public CIK match
AVCDDC2C1D1C8D04881,AVSDFBA33319F86B162,IGATY,iGATE Computer Systems Ltd Foreign,NYSE,no unique public CIK match
AVCC01841A3DBF6BFD3,AVS02AC124C580A8680,IGEM,EGA Emerging Global Shares Trust,NYSE ARCA,no unique public CIK match
AVCC01841A3DBF6BFD3,AVS9440EE643C478D9D,IGEM,EGA Emerging Global Shares Trust,NYSE ARCA,no unique public CIK match
AVCEF5A6CEAD3ED616C,AVS6C4DF64DF90EB312,IGMS,IGM Biosciences Inc,NASDAQ,no unique public CIK match
AVCADEAB6F1B8DB5091,AVS0E6D3FFB71375480,IGZ,NYSE ARCA LISTED TEST STOCK FOR CTS CQS,NYSE ARCA,no unique public CIK match
AVC7643D1EF33BD3A33,AVSE84AFFAB949DFC9E,IILGV,IILGV,NASDAQ,no unique public CIK match
AVC5151EF23166A0A33,AVSC06AF6726FDB1A3C,IKGH,Iao Kun Group Holding Company Ltd,NASDAQ,no unique public CIK match
AVC5151EF23166A0A33,AVS32E17DED19C01378,IKGH,Iao Kun Group Holding Company Ltd,NASDAQ,no unique public CIK match
AVCEA4610624A5190E4,AVSF6E03A05716DEA6D,IKN,IKON OFFICE SOLUTIONS INC,NYSE,no unique public CIK match
AVCE3B0C44298FC1C14,AVS10F4F0128A3BC58F,IMSCQ,,NYSE,no unique public CIK match
AVCE3B0C44298FC1C14,AVS2B9A1F65917102DC,IMSCQ,,NYSE,no unique public CIK match
AVCE3B0C44298FC1C14,AVSB789FADF3EBEABF1,IMVTW,,NASDAQ,no unique public CIK match
AVC216FE8D7E76150D3,AVSE707A910540E44C0,IND,ING Group N.V. Perpetual Debt Securities,NASDAQ,no unique public CIK match
AVC216FE8D7E76150D3,AVS9D01A1CDEF481065,IND-CL,ING Group N.V. Perpetual Debt Securities,NYSE,no unique public CIK match
AVCDFDF4062F62E79A7,AVSACA610FE95C51B4C,INDT,INDUS Realty Trust Inc,NASDAQ,no unique public CIK match
AVCFC2516AC9BC13412,AVSD6F781608F254FC7,INFO1,Metro One Telecommunications Inc,NASDAQ,no unique public CIK match
AVCFC2516AC9BC13412,AVS5E0C45247A7F8286,INFO1,Metro One Telecommunications Inc,NASDAQ,no unique public CIK match
AVC4EE6D56A43B7606B,AVS6A395E7399428CB8,INNL,Innocoll AG,NASDAQ,no unique public CIK match
AVC4EE6D56A43B7606B,AVS481077A0902FE71A,INNL,Innocoll AG,NASDAQ,no unique public CIK match
AVCDC1BE0F5AA664608,AVS8810DC5FB4A5298E,INOV,Inovalon Holdings Inc - Class A,NASDAQ,no unique public CIK match
AVCEE7D6650DC5D8BEC,AVSC8EACA6D138D9540,INPX,XTI Aerospace Inc,NASDAQ,no unique public CIK match
AVCDA01B14278AB57C2,AVS8B9B6D77211F57ED,INXN,InterXion Holding NV,NYSE,no unique public CIK match
AVCF334B6ABD1478A6A,AVSD81124F8269D60CB,INZ,ING Groep N.V.,NYSE,no unique public CIK match
AVCF334B6ABD1478A6A,AVSDCE0D4827500744D,INZ,ING Groep N.V.,NYSE,no unique public CIK match
AVCC07EF494F2319445,AVSFB36A645A0AA7BC7,INZ-CL,Ing Groep NV Perpetual Debt Securities,NYSE,no unique public CIK match
AVC08BF2421A6A1EBCD,AVS1EF6211D110D3633,IOC,InterOil Corp,NYSE,no unique public CIK match
AVC08BF2421A6A1EBCD,AVSD79CBF194F850E68,IOC,InterOil Corp,NYSE,no unique public CIK match
AVC8768434C7574B81A,AVS6A6B7A53D1EF04DA,IPG,Interpublic Group Of Cos. Inc,NYSE,no unique public CIK match
AVC27144A1E61761E95,AVSBFAF7F699658BC46,IPOA,Social Capital Hedosophia Holdings Corp Class A par value 00001,NYSE,no unique public CIK match
AVC27144A1E61761E95,AVSC27CE06D8FAE2CE0,IPOA,Social Capital Hedosophia Holdings Corp Class A par value 00001,NYSE,no unique public CIK match
AVC0B7866DB02312BFE,AVSC120EE9C2F424783,IRCP,Irsa Propiedades Comerciales S.A.,NASDAQ,no unique public CIK match
AVCE3B0C44298FC1C14,AVS8C9FBD07D65E1B91,IRE,,NYSE,no unique public CIK match
AVCE3B0C44298FC1C14,AVS973F81F5930C6BA7,IRE,,NYSE,no unique public CIK match
AVC68B5520206C0CCEA,AVSA8906EF899412A41,IRF,International Rectifier Corp,NYSE,no unique public CIK match
AVC68B5520206C0CCEA,AVS9DD9A0F4CBE45517,IRF,International Rectifier Corp,NYSE,no unique public CIK match
AVCB75D14C63EEE1A16,AVSD79BF5E277A443A0,ISBC,Investors Bancorp Inc,NASDAQ,no unique public CIK match
AVCD91B24A09EF44530,AVSDFEA093DD9A99D06,ISEE,IVERIC bio Inc,NASDAQ,no unique public CIK match
AVC6AD414933A9EBA5C,AVS92AF003D09B00538,ISF,ING Groep NV,NYSE,no unique public CIK match
AVC6AD414933A9EBA5C,AVS20F3C9F50C3768AC,ISF,ING Groep NV,NYSE,no unique public CIK match
AVC2C41790FA3905569,AVS3316DCB8CD0AFBCE,ISF-CL,ING Group NV Perp Hybrid Cap Secs Netherlands,NYSE,no unique public CIK match
AVC495163B3B80BCC87,AVS8BF269FDAA2BED72,ISG,ING Group NV Perpetual Dent Secs 6125,NYSE,no unique public CIK match
AVC2E635902A4FBEE41,AVSADF6522AB7200626,ISIL,Intersil Corp,NASDAQ,no unique public CIK match
AVC2E635902A4FBEE41,AVS0D998A67714F1648,ISIL,Intersil Corp,NASDAQ,no unique public CIK match
AVCACA2A855F56F69D0,AVS94787AA17D002CB1,ISM,SLM Corporation Medium Term Notes Series A CPILinked Notes due January 16 2018,NASDAQ,no unique public CIK match
AVCACA2A855F56F69D0,AVS3A372D2C05BA0743,ISM,SLM Corporation Medium Term Notes Series A CPILinked Notes due January 16 2018,NASDAQ,no unique public CIK match
AVCF334B6ABD1478A6A,AVSD758D8B1FD22BC21,ISP,ING Groep N.V.,NYSE,no unique public CIK match
AVCF334B6ABD1478A6A,AVS796AC3B83F6F4321,ISP,ING Groep N.V.,NYSE,no unique public CIK match
AVC93A1D87F1126C640,AVSF87F131A05404009,ISS,iSoftStone Holdings Ltd Foreign,NYSE,no unique public CIK match
AVC93A1D87F1126C640,AVSAE0B9C3BBC6A451D,ISS,iSoftStone Holdings Ltd Foreign,NYSE,no unique public CIK match
AVC38BDF7A6039FEE7F,AVS6F2BEC9B7F954B23,ITMR,Itamar Medical Ltd,NASDAQ,no unique public CIK match
AVCFDB845A682886D47,AVS2269E7821EF94B01,IXYS,IXYS Corp,NASDAQ,no unique public CIK match
AVCFDB845A682886D47,AVS8BEA8C7B7CE1A195,IXYS,IXYS Corp,NASDAQ,no unique public CIK match
AVC54959994586908B7,AVSFED38E326190318B,JAS,JOANN STORES INC,NYSE,no unique public CIK match
AVC54959994586908B7,AVSE17B5865AD408982,JAS,JOANN STORES INC,NYSE,no unique public CIK match
AVC0C9A6BA945C054E8,AVSE7AD59C2242D2DE5,JASNW,JASNW,NASDAQ,no unique public CIK match
AVC0C9A6BA945C054E8,AVS2E00361C00C93769,JASNW,JASNW,NASDAQ,no unique public CIK match
AVC8856D41FB4EEEC98,AVS23CFA01464C8F9E3,JASO,JA Solar Holdings Company. Ltd,NASDAQ,no unique public CIK match
AVC8856D41FB4EEEC98,AVS025E410099AFE36D,JASO,JA Solar Holdings Company. Ltd,NASDAQ,no unique public CIK match
AVCA7479187426CED35,AVS63DC6BF045EEFE84,JAX,J. Alexanders Holdings Inc,NYSE,no unique public CIK match
AVC748FC00BAB6A5037,AVSDB74601CB46057B2,JAXB,Jacksonville Bancorp Inc,NASDAQ,no unique public CIK match
AVCB1D19DB8B78466A7,AVS4E30BF923757E3EC,JBN,Select Asset Inc Select Asset Inc on behalf of Corporate Backed Callable Trust Certificates JC Penney Debenture Backed Series 20071 Trust,NYSE,no unique public CIK match
AVCFB41A602CBD28BCC,AVSD86230395F3DE290,JBR,Select Asset Inc Corporate Backed Callable Trust Certificates JC Penney DebentureBacked Series 20061 Class A1,NYSE,no unique public CIK match
AVC11CA992F915A0E86,AVSAD1F75092EACC337,JCLY,Jaclyn Inc,NYSE,no unique public CIK match
AVC11CA992F915A0E86,AVSDDED69F7A93FF12F,JCLY,Jaclyn Inc,NYSE,no unique public CIK match
AVC4F6438B495D49AF8,AVS456941479BF8337E,JDOGQ,John D Oil Gas Company,NASDAQ,no unique public CIK match
AVC4F6438B495D49AF8,AVS03FD97F2196CD9D3,JDOGQ,John D Oil Gas Company,NASDAQ,no unique public CIK match
AVC31BE4B4FA566ABE7,AVS2EB550621A579260,JDSU,JDS Uniphase Corp,NASDAQ,no unique public CIK match
AVC31BE4B4FA566ABE7,AVS2C499D02F2DA61F9,JDSU,JDS Uniphase Corp,NASDAQ,no unique public CIK match
AVCEFF3441C0F9FFFEA,AVSB4A7AE5F32507B3B,JFKKR,Eqonex Ltd,NASDAQ,no unique public CIK match
AVCE92E1EC8DA75606D,AVSF5793F5775E6EC92,JMEI,Jumei International Holding Ltd,NYSE,no unique public CIK match
AVCE3B0C44298FC1C14,AVS74CC04F144841DCC,JMPB-CL,,NYSE,no unique public CIK match
AVCE3B0C44298FC1C14,AVS998163239CFC6E87,JMPB-CL,,NYSE,no unique public CIK match
AVC7B76F352079E3212,AVS165B60AE717987AE,JOBS,51Job Inc,NASDAQ,no unique public CIK match
AVCD36FFB0E68CBA970,AVSB62CF790857CE432,JOR,JORGENSEN EARLE M CO,NYSE,no unique public CIK match
AVCD36FFB0E68CBA970,AVS9C4D70DE4321293D,JOR,JORGENSEN EARLE M CO,NYSE,no unique public CIK match
AVCDCE06EE620098C2A,AVS542E5C0A281BD5E5,JOSB,Jos. A. Bank Clothiers Inc,NASDAQ,no unique public CIK match
AVCDCE06EE620098C2A,AVSE74DF9E68D17BC1D,JOSB,Jos. A. Bank Clothiers Inc,NASDAQ,no unique public CIK match
AVCE3B0C44298FC1C14,AVSFDC177D26DFA70CA,JPM-P-A-CL,,NYSE,no unique public CIK match
AVC888E5A0B7E00D8A6,AVS83F070AD433AA8CE,JPM-P-E-CL,J P Morgan Chase & Company Depository Shares Representing 1400th Int Perp Pfd Ser W,NYSE,no unique public CIK match
AVC888E5A0B7E00D8A6,AVSC9F5124AF7671755,JPM-P-E-CL,J P Morgan Chase & Company Depository Shares Representing 1400th Int Perp Pfd Ser W,NYSE,no unique public CIK match
AVC5272FDBC10BD8A70,AVSC2B2915C4A19AD71,JRJR,JRJR,NYSE,no unique public CIK match
AVC5272FDBC10BD8A70,AVS07663FA3B9105B33,JRJR,JRJR,NYSE,no unique public CIK match
AVC0EADDAD2E2A4F3D4,AVS4C02F8D066DF682B,JST,Jinpan International Ltd,NASDAQ,no unique public CIK match
AVC0EADDAD2E2A4F3D4,AVSD709CBF6B890B615,JST,Jinpan International Ltd,NASDAQ,no unique public CIK match
AVC7C1244FBCE13D76B,AVS6ED6A1ADDBBAEEE3,JSYNU,JSYNU,NASDAQ,no unique public CIK match
AVC7C1244FBCE13D76B,AVSCDFC0FDACC4BC9EE,JSYNU,JSYNU,NASDAQ,no unique public CIK match
AVCCBC81CABCEE6AF00,AVS82F93A5F29BF5F0A,JUPGF,Atlas Critical Minerals Corp,NASDAQ,no unique public CIK match
AVC472C2D27BEB9A858,AVSEE568DA7702DDE04,JWA,WILEY JOHN SONS INC,NYSE,no unique public CIK match
AVC472C2D27BEB9A858,AVSD6842BEE0E8195E0,JWA,WILEY JOHN SONS INC,NYSE,no unique public CIK match
AVC748FC00BAB6A5037,AVS6B6E6616044937B0,JXSB,Jacksonville Bancorp Inc,NASDAQ,no unique public CIK match
AVC748FC00BAB6A5037,AVSB025B514E0AA930A,JXSB,Jacksonville Bancorp Inc,NASDAQ,no unique public CIK match
AVCB952FB18F67DD985,AVS0EF55ED3C8C96BBD,K,Kellanova,NYSE,no unique public CIK match
AVC35FC146AA4AB8068,AVS7E973D44C0B339DF,KANG,iKang Healthcare Group Inc,NASDAQ,no unique public CIK match
AVC35FC146AA4AB8068,AVSF4B2BA55A0778EE9,KANG,iKang Healthcare Group Inc,NASDAQ,no unique public CIK match
AVCE3B0C44298FC1C14,AVSD18D2F6462EC3E4D,KAP-CL,,NYSE,no unique public CIK match
AVCF6599A49DDB614F6,AVS105D736526989A6D,KBAL,Kimball International Inc - Class B,NASDAQ,no unique public CIK match
AVC7D38A84170A04ED0,AVSEF2702DB8FF3C079,KBLMR,180 Life Sciences Corp,NASDAQ,no unique public CIK match
AVC7E403D5745E04751,AVSF250A91E83BA12CA,KCAPL,Portman Ridge Finance Corp,NASDAQ,no unique public CIK match
AVC854F74066FF3F17C,AVS9D3C8EE1E8D170CC,KCC,Structured Products Corp. 8.20 Corporate Backed Trust Securities CorTSIssued by Provident Financial Trust I,NYSE,no unique public CIK match
AVC854F74066FF3F17C,AVS54B9F0CCB240C8CA,KCC,Structured Products Corp. 8.20 Corporate Backed Trust Securities CorTSIssued by Provident Financial Trust I,NYSE,no unique public CIK match
AVC854F74066FF3F17C,AVS73496BE6B1536E39,KCC-CL,Structured Products Corp. 8.20 Corporate Backed Trust Securities CorTSIssued by Provident Financial Trust I,NYSE,no unique public CIK match
AVC84BDBA60050C5497,AVS7FAFE68E535024F5,KCP,Kenneth Cole Productions,NYSE,no unique public CIK match
AVC84BDBA60050C5497,AVSF973A28A4FDADDA8,KCP,Kenneth Cole Productions,NYSE,no unique public CIK match
AVCB508BC1718183805,AVSBF1C2AF7294F647B,KDNY,Chinook Therapeutics Inc,NASDAQ,no unique public CIK match
AVC8FA6C7D99155FE91,AVSB80949C2167280BB,KFH,KKR Financial Holdings LLC 8.375 Senior Notes due 2041,NYSE,no unique public CIK match
AVC8FA6C7D99155FE91,AVS2047EFE1396601FE,KFH,KKR Financial Holdings LLC 8.375 Senior Notes due 2041,NYSE,no unique public CIK match
AVC8FA6C7D99155FE91,AVSC189B761E52C9676,KFH-CL,KKR Financial Holdings LLC 8.375 Senior Notes due 2041,NYSE,no unique public CIK match
AVC79CDA9E242AD2C3E,AVS85C9EDABCF254B97,KFI-CL,KKR Financial Holdings LLC 7.50 Senior Notes due 2042,NYSE,no unique public CIK match
AVCE3B0C44298FC1C14,AVS6CBD36D94CB3E61A,KFX,,NASDAQ,no unique public CIK match
AVCE3B0C44298FC1C14,AVS57FB933933BAD083,KFX,,NASDAQ,no unique public CIK match
AVC59540DFC0627461B,AVS028741EDC8DB745E,KH,China Kanghui Holdings Foreign,NYSE,no unique public CIK match
AVC59540DFC0627461B,AVS363DD9DB16E74366,KH,China Kanghui Holdings Foreign,NYSE,no unique public CIK match
AVCB05BF3B08C2659C9,AVS7D5A4B39E11AC186,KIM-P-I-CL,Kimco Realty Corporation DEPOSITARY SH REPSTG 11000TH PFD SER I,NYSE,no unique public CIK match
AVCE3B0C44298FC1C14,AVS4001CF177F4B63FB,KIM-P-J-CL,,NYSE,no unique public CIK match
AVCF16705E11E053982,AVS4A711993BCEC166E,KING,King Resources Inc,NYSE,no unique public CIK match
AVCF16705E11E053982,AVS6A2D1CD209C28548,KING,King Resources Inc,NYSE,no unique public CIK match
AVC4B4236A3B931A00E,AVSBEF21A73E2166C54,KIRK,Brand House Collective Inc (The).,NASDAQ,no unique public CIK match
AVCABF814C6CEC388F8,AVS51127E4600DF7BBC,KL,Kirkland Lake Gold Ltd,NYSE,no unique public CIK match
AVC9B2D5B4678781E53,AVS37EDD009D8EA142A,KLDX,nan,NYSE,no unique public CIK match
AVC9B2D5B4678781E53,AVS0F8CFDD308AA8943,KLDX,nan,NYSE,no unique public CIK match
AVCEC4FC6C9E564ED9B,AVS87F46601F874E21E,KLREU,KLREU,NASDAQ,no unique public CIK match
AVCEC4FC6C9E564ED9B,AVS7831E9130E107234,KLREU,KLREU,NASDAQ,no unique public CIK match
AVC2EC023CC1ACE990E,AVSB692297E462DA73B,KLREW,KLREW,NASDAQ,no unique public CIK match
AVC2EC023CC1ACE990E,AVSB57D6D94372AD6D7,KLREW,KLREW,NASDAQ,no unique public CIK match
AVC413BE4512DAD7463,AVS5A46026893EA5B09,KMP,Kinder Morgan Energy Partners LP,NYSE,no unique public CIK match
AVC413BE4512DAD7463,AVSD1FF6353E2F126A9,KMP,Kinder Morgan Energy Partners LP,NYSE,no unique public CIK match
AVCC2E35721F305A0F8,AVSE83271649AF6F9C7,KMPA,Kemper Corp DE 7375 Sub Deb 02272054,NYSE,no unique public CIK match
AVCC2E35721F305A0F8,AVS867FA294561F8A6E,KMPA,Kemper Corp DE 7375 Sub Deb 02272054,NYSE,no unique public CIK match
AVC3CD3557A9CB89804,AVS7DDE9C97CEA6E4FC,KNM,Konami Corp ADR,NYSE,no unique public CIK match
AVC3CD3557A9CB89804,AVS642FD9FE4ED9F44E,KNM,Konami Corp ADR,NYSE,no unique public CIK match
AVCCB88F32D725C4F16,AVS7B43849EBE5A17AB,KOG,Kodiak Oil & Gas Corp USA,NYSE,no unique public CIK match
AVCCB88F32D725C4F16,AVSA9BD0B81C6B33CF0,KOG,Kodiak Oil & Gas Corp USA,NYSE,no unique public CIK match
AVCEEA49D25F5B472D1,AVS3CAB6F9AD5842AEC,KONE,Kingtone Wirelessinfo Solutions Hldg Ltd,NASDAQ,no unique public CIK match
AVCEEA49D25F5B472D1,AVS8F85D95C962B6949,KONE,Kingtone Wirelessinfo Solutions Hldg Ltd,NASDAQ,no unique public CIK match
AVCFBE9B6944C0E3DCC,AVSB9BD9E1AF658AEBE,KOSN,KOSAN BIOSCIENCES INC,NASDAQ,no unique public CIK match
AVC745DA737193E17CC,AVS968D8830D9952516,KPFS,Pepper Food Service Company Ltd,NASDAQ,no unique public CIK match
AVC745DA737193E17CC,AVS439D07ACA86C6AA4,KPFS,Pepper Food Service Company Ltd,NASDAQ,no unique public CIK match
AVC947E591897DFEDA4,AVS77CEF7533DD912EC,KRSL,Kreisler Manufacturing Corp,NASDAQ,no unique public CIK match
AVC947E591897DFEDA4,AVS4E2256483BE634B7,KRSL,Kreisler Manufacturing Corp,NASDAQ,no unique public CIK match
AVC57C8EB711FE9F51E,AVSAFAAD0202173DA49,KRTX,Karuna Therapeutics Inc,NASDAQ,no unique public CIK match
AVC04C9651873BA47E7,AVS663AAADAD5B42715,KSP,KSEA TRANSPORTATION PARTNERS LP,NYSE,no unique public CIK match
AVC04C9651873BA47E7,AVSA05C06761EA13BEF,KSP,KSEA TRANSPORTATION PARTNERS LP,NYSE,no unique public CIK match
AVC849A63D91861857F,AVS82A8C924BEB10AF3,KTP,Corts 7625 Pfd,NYSE,no unique public CIK match
AVC66D7CF25E488FD0F,AVSA75B75A0A1297074,KUTV,Ku6 Media Company Ltd ADR,NASDAQ,no unique public CIK match
AVC66D7CF25E488FD0F,AVS46ECC63BEC70C08A,KUTV,Ku6 Media Company Ltd ADR,NASDAQ,no unique public CIK match
AVC0796966F36BCF84C,AVS1A242B2B2D582E4E,KWN,KennedyWilson Holdings Inc,NYSE,no unique public CIK match
AVC0796966F36BCF84C,AVS0D15D5ADB03FD30F,KWN,KennedyWilson Holdings Inc,NYSE,no unique public CIK match
AVCD8DB1708AF804953,AVSF55F0F2FC77F771A,KYO,Kyocera Corp,NYSE,no unique public CIK match
AVCD8DB1708AF804953,AVS4F1D1FA4AAFC5DE4,KYO,Kyocera Corp,NYSE,no unique public CIK match
AVC7FDF065675086175,AVS6656E01B83F55787,KZ,Kongzhong Corp,NASDAQ,no unique public CIK match
AVC7FDF065675086175,AVSF7FA93424904D868,KZ,Kongzhong Corp,NASDAQ,no unique public CIK match
AVC2455EF2CC2D7C92A,AVSE0917533DBB86F24,LABL,MultiColor Corp,NASDAQ,no unique public CIK match
AVC2455EF2CC2D7C92A,AVSDC7E243DDBD49D53,LABL,MultiColor Corp,NASDAQ,no unique public CIK match
AVCF76E222F3C9AA245,AVSE9B873615492D5C2,LBIX,Leading Brands Inc USA,NASDAQ,no unique public CIK match
AVCF76E222F3C9AA245,AVS698CB9A5BA0F9258,LBIX,Leading Brands Inc USA,NASDAQ,no unique public CIK match
AVCF7438C49B76891BE,AVSEF286C3C419C2CEA,LBRDA,Liberty Broadband Corp - Series A,NASDAQ,no unique public CIK match
AVC32CCD1DD2395BDBD,AVS6897C759973719D1,LBRDK,Liberty Broadband Corp - Series C,NASDAQ,no unique public CIK match
AVC48358A2446F78E1E,AVSD5199538C8B37CB8,LDL,Lydall Inc,NYSE,no unique public CIK match
AVC682D8AA4F9314EF4,AVSBB9312D3E88C1B11,LEXEB,Liberty Expedia Holdings Inc Series B Common Stock,NASDAQ,no unique public CIK match
AVC682D8AA4F9314EF4,AVSCDB726C3929EE98C,LEXEB,Liberty Expedia Holdings Inc Series B Common Stock,NASDAQ,no unique public CIK match
AVC81C255A315E6F4F6,AVSBD8F4954E38C984E,LFC,China Life Insurance Company,NYSE,no unique public CIK match
AVCB08BE3A8A534DB15,AVSC77A9C3DC341DFD4,LFG,LANDAMERICA FINANCIAL GROUP INC,NYSE,no unique public CIK match
AVC4E7EB46BE99C2FD4,AVS904F1F02BC3819A8,LFL,LATAM Airlines Group SA ADR,NYSE,no unique public CIK match
AVC4E7EB46BE99C2FD4,AVSDD26DD35A93F1455,LFL,LATAM Airlines Group SA ADR,NYSE,no unique public CIK match
AVC2E22AF90CD6B58C9,AVS0F7AAAE65E8BFCB3,LGF,Lions Gate Entertainment Corp. USA,NYSE,no unique public CIK match
AVC2E22AF90CD6B58C9,AVS5A4B25607064293B,LGF,Lions Gate Entertainment Corp. USA,NYSE,no unique public CIK match
AVC387BEE3E5CDF3A7D,AVS66E7415776B4DBAD,LGF-A,Starz Entertainment Corp - Class A,NYSE,no unique public CIK match
AVC15ABA51D8F0F78E8,AVSEDEBCC2F77E6704B,LGF-B,Lions Gate Entertainment Corp - Class B,NYSE,no unique public CIK match
AVCE3B0C44298FC1C14,AVS09A64133F6CA8747,LGFB,,NYSE,no unique public CIK match
AVCE3B0C44298FC1C14,AVS07C9D1FECE564966,LGFB,,NYSE,no unique public CIK match
AVC578D96467C7415B8,AVS67CCB82ECAC5C6F5,LGTY,Logility Supply Chain Solutions Inc,NASDAQ,no unique public CIK match
AVC41D724F36F33F06A,AVS86A272F07D7B3FB9,LHC,Leo Holdings Corp II - Class A,NYSE,no unique public CIK match
AVC1D691CCFD17B6722,AVSA4131865DAC2C2D7,LINDW,LINDW,NASDAQ,no unique public CIK match
AVC1D691CCFD17B6722,AVS7146671F880CF096,LINDW,LINDW,NASDAQ,no unique public CIK match
AVC643BA8A7077D3EB7,AVS3D17F76D005680F0,LINU,LiNiu Technology Group,NASDAQ,no unique public CIK match
AVC643BA8A7077D3EB7,AVSCAC8B085DCBCB879,LINU,LiNiu Technology Group,NASDAQ,no unique public CIK match
AVC5F20058DA4FF0B94,AVSC8BD003744262BC4,LINX,Linx S.A.,NYSE,no unique public CIK match
AVC30F0FFB45B9DEB3F,AVSA190EDB5294089B0,LIOX,Lionbridge Technologies Inc,NASDAQ,no unique public CIK match
AVC30F0FFB45B9DEB3F,AVSD8066C5AF9F927AA,LIOX,Lionbridge Technologies Inc,NASDAQ,no unique public CIK match
AVCAB9ABF4099EC1EEA,AVS2A8E4F87CE297543,LIXT,Nomad Power Solutions Inc,NASDAQ,no unique public CIK match
AVC16430E69554C0A03,AVSC7F72304DE9DAA51,LLTC,Linear Technology Corp,NASDAQ,no unique public CIK match
AVC16430E69554C0A03,AVS174F9196A13D7DFE,LLTC,Linear Technology Corp,NASDAQ,no unique public CIK match
AVC411AC8C994BE9565,AVSDCA6B6F1E7F312E1,LLY-WD,Eli Lilly and Company When Distributed,NYSE,no unique public CIK match
AVC411AC8C994BE9565,AVS12B52DB40D7D3AC9,LLY-WD,Eli Lilly and Company When Distributed,NYSE,no unique public CIK match
AVCEE6A63A7BC110532,AVS7EF313CF06169CF3,LMCA,Liberty Media Corp,NASDAQ,no unique public CIK match
AVCEE6A63A7BC110532,AVSCA04DD83F0B269DD,LMCA,Liberty Media Corp,NASDAQ,no unique public CIK match
AVC323CBB098292B26D,AVS8E2FF643174FF21C,LMFAU,LMFAU,NASDAQ,no unique public CIK match
AVCF4981E38E21D78E0,AVSCD35C222443856C2,LMLB,UBS AG London Branch,NYSE ARCA,no unique public CIK match
AVC0201BC2D3F86BDAE,AVS36D5DBE553424A76,LMNL,Liminal Biosciences Inc,NASDAQ,no unique public CIK match
AVC7465AD6C732E09B5,AVSC8F23F9A3B2D9C83,LMNS,Lumenis Ltd,NASDAQ,no unique public CIK match
AVC7465AD6C732E09B5,AVS913D9E5E2A9DF7C3,LMNS,Lumenis Ltd,NASDAQ,no unique public CIK match
AVC6A9C5CDD5A03EA98,AVSFDCEC4507316F687,LMT-WD,Lockheed Martin Corporation When Distributed,NYSE,no unique public CIK match
AVC38A9C1E721584DA2,AVSC3B27257116AF62C,LN,Line Corporation,NYSE,no unique public CIK match
AVC9BCBED31D1B31519,AVSB0974943FA06EA32,LNCE,SnydersLance Inc,NASDAQ,no unique public CIK match
AVC9BCBED31D1B31519,AVSFA627F9C73A70EC1,LNCE,SnydersLance Inc,NASDAQ,no unique public CIK match
AVCE79EC0947584EEAC,AVS1246E718C538F776,LODG,ShoLodge Inc,NASDAQ,no unique public CIK match
AVCE79EC0947584EEAC,AVS8BF811051261C853,LODG,ShoLodge Inc,NASDAQ,no unique public CIK match
AVCE3B0C44298FC1C14,AVS8E6BA424B49E7E40,LOLI,,NASDAQ,no unique public CIK match
AVC2EC7249A891FEC50,AVS715E8646D9F0AE73,LONE,Lonestar Resources US Inc - Class A,NASDAQ,no unique public CIK match
AVC2792B6082B4243E7,AVS0380D9CF78FC925A,LONG,eLong Inc. ADR,NASDAQ,no unique public CIK match
AVC2792B6082B4243E7,AVS2887870DC859BD66,LONG,eLong Inc. ADR,NASDAQ,no unique public CIK match
AVCEC06E2DFE1030F05,AVS0BE4E2107097BF1F,LOTZ,CarLotz Inc - Class A,NASDAQ,no unique public CIK match
AVC6CC12E049B1AF490,AVS51AB201A6D8AC170,LPRO,Open Lending Corp,NASDAQ,no unique public CIK match
AVCEBC9838CC8485EEE,AVS81A5BFB172F11FFA,LPSB,LaPorte Bancorp Inc,NASDAQ,no unique public CIK match
AVCEBC9838CC8485EEE,AVS8D6FB3872426A8A6,LPSB,LaPorte Bancorp Inc,NASDAQ,no unique public CIK match
AVC3D799BBA844226FB,AVS7B2E62958CB5267E,LPT,Liberty Property Trust,NYSE,no unique public CIK match
AVC90918CE39EF63A9F,AVS5308FFD00E5D0F62,LRE,LRR Energy LP,NYSE,no unique public CIK match
AVC90918CE39EF63A9F,AVS6E2A040B40BE43AB,LRE,LRR Energy LP,NYSE,no unique public CIK match
AVC9F5E722625DACF0D,AVSC76A1D5D128CDACB,LRFC,Logan Ridge Finance Corporation,NASDAQ,no unique public CIK match
AVC316A9D808E13A6A5,AVS5ABE5829A9DFF764,LSEA,Landsea Homes Corporation - Class A,NASDAQ,no unique public CIK match
AVC1AC315604252A5BF,AVSC0EF5D65797CB9C6,LSG,Lake Shore Gold Corp Canada,NYSE,no unique public CIK match
AVC1AC315604252A5BF,AVSC7F0CBF486F23D3F,LSG,Lake Shore Gold Corp Canada,NYSE,no unique public CIK match
AVC42D509A778B2CEC7,AVS83FD80DC9BFD4D19,LSXMA,Liberty Media Corp (New Liberty SiriusXM) Series A,NASDAQ,no unique public CIK match
AVC911A462163FDEE69,AVS3EABA1C0F03F4AF2,LSXMB,Liberty Media Corp (New Liberty SiriusXM) Series B,NASDAQ,no unique public CIK match
AVCF387A1F474993EF7,AVS38F05C85863ECC09,LSXMK,Liberty Media Corp (New Liberty SiriusXM) Series C,NASDAQ,no unique public CIK match
AVC9DBB76B6452C3BA4,AVS9B7B05B8DCEBAF16,LTRY,Sports Entertainment Gaming Global Corp,NASDAQ,no unique public CIK match
AVC12803AB4728CE476,AVS9A484EE8F39049B5,LUB,Luby`s Inc,NYSE,no unique public CIK match
AVCB2DEA4247CFE55C1,AVS6919B422F9C04A75,LUMCQ,LUMINENT MORTGAGE CAPITAL INC,NYSE,no unique public CIK match
AVC4F970D45A51A894F,AVSF4419A638ED5FB86,LUMO,Lumos Pharma Inc,NASDAQ,no unique public CIK match
AVCA75FA622250C38B4,AVS3414536F53A6C424,LUX,Luxottica Group SpA,NYSE,no unique public CIK match
AVC104132698CEDDE82,AVS842BF881AA712D95,LVGO,Livongo Health Inc,NASDAQ,no unique public CIK match
AVCAD4A042FBD163023,AVS36BA5CA421E69650,LVNTA,Liberty Interactive Ventures group,NASDAQ,no unique public CIK match
AVCAD4A042FBD163023,AVSDDF359A4FDFE6584,LVNTA,Liberty Interactive Ventures group,NASDAQ,no unique public CIK match
AVCAD4A042FBD163023,AVS5C61A68ADBB860A1,LVNTB,Liberty Interactive Ventures group,NASDAQ,no unique public CIK match
AVCAD4A042FBD163023,AVSB1E4DF70A301E1CC,LVNTB,Liberty Interactive Ventures group,NASDAQ,no unique public CIK match
AVC1DC7C6FFFD2C5D9F,AVSFECEE448B915E5E1,LVOX,LiveVox Holdings Inc - Class A,NASDAQ,no unique public CIK match
AVCCF39FCD692015C45,AVS54D689EE10E55081,LXFT,Luxoft Holding Inc,NYSE,no unique public CIK match
AVCCF39FCD692015C45,AVS8D416A6BB7F918B1,LXFT,Luxoft Holding Inc,NYSE,no unique public CIK match
AVCB700B503A7AD56E2,AVS195CFF0760E2EB7A,LXK,Lexmark International Inc,NYSE,no unique public CIK match
AVCB700B503A7AD56E2,AVS1ADD91CBF7C85E90,LXK,Lexmark International Inc,NYSE,no unique public CIK match
AVCCEF5161D9DFA58DD,AVSA5AB1442D1FA4D6F,MAG,MAG Silver Corp,NYSE MKT,no unique public CIK match
AVC174455F73189099B,AVSF8CFE6635AC11DCB,MANT,Mantech International Corp - Class A,NASDAQ,no unique public CIK match
AVCE3B0C44298FC1C14,AVSCD527CD41965A078,MAQ,,NYSE,no unique public CIK match
AVC9735236489E0DE4A,AVSC7E2D8BFE5E8D957,MAXW,MAXWORLDWIDE INC,NASDAQ,no unique public CIK match
AVC9735236489E0DE4A,AVS29F26CDB5156CAEC,MAXW,MAXWORLDWIDE INC,NASDAQ,no unique public CIK match
AVC2CA93D8E2113858D,AVSC6AA50C9A8133E53,MBFI,MB Financial Inc,NASDAQ,no unique public CIK match
AVC2CA93D8E2113858D,AVS98043E31957AFC41,MBFI,MB Financial Inc,NASDAQ,no unique public CIK match
AVC8B20197F45BFEEAB,AVS91756039E657D91D,MBFIP,MB Financial Inc Perp Pfd Ser A,NASDAQ,no unique public CIK match
AVC8B20197F45BFEEAB,AVS01C6214B241E1571,MBFIP,MB Financial Inc Perp Pfd Ser A,NASDAQ,no unique public CIK match
AVCDB3EF3F4BD00A775,AVSB35B279B9FADCC97,MBII,Pro Farm Group Inc,NASDAQ,no unique public CIK match
AVC5EF3331A5E62725A,AVS1BBDECB72239AD59,MBLY,Mobileye N.V.,NYSE,no unique public CIK match
AVC5EF3331A5E62725A,AVSEAE57A20EC7025C0,MBLY,Mobileye N.V.,NYSE,no unique public CIK match
AVC5E5B54EE5477F9A6,AVS7BF7F2EA863E7B51,MBNAA,Mercantil Bank Holding Corporation Class A Common Stock,NASDAQ,no unique public CIK match
AVC5E5B54EE5477F9A6,AVSE632550905B47F6C,MBNAA,Mercantil Bank Holding Corporation Class A Common Stock,NASDAQ,no unique public CIK match
AVC4B283B70B57BC23E,AVSC7F7B3BD6E18E05B,MBNAB,Mercantil Bank Holding Corporation Class B Common Stock,NASDAQ,no unique public CIK match
AVC4B283B70B57BC23E,AVSEFEEED953B7B9FF8,MBNAB,Mercantil Bank Holding Corporation Class B Common Stock,NASDAQ,no unique public CIK match
AVC8B0ABB9ADDB39394,AVSD76476777C952075,MBNKP,Medallion Bank,NASDAQ,no unique public CIK match
AVC5A49BB6E0C7902C0,AVSC87248EBC6AD01FA,MBT,Mobile Telesystems PJSC,NYSE,no unique public CIK match
AVC7E474A53D0DA996F,AVS942767FE93662827,MBVT,Merchants BancsharesInc,NASDAQ,no unique public CIK match
AVC7E474A53D0DA996F,AVSA8F31CF6886B5073,MBVT,Merchants BancsharesInc,NASDAQ,no unique public CIK match
AVC49B1298CB4FB60C8,AVS2977A44EA9D7CE4D,MCOX,Mecox Lane Ltd,NASDAQ,no unique public CIK match
AVC49B1298CB4FB60C8,AVS46B9E35FE95027BD,MCOX,Mecox Lane Ltd,NASDAQ,no unique public CIK match
AVCFF2E2196C04B6AD7,AVS4D82FB04B91C05A7,MCQ-CL,Medley Capital Corporation 7.125 Senior Notes due 2019,NYSE,no unique public CIK match
AVC90EEDCD210411E7A,AVS5F97AA0E4F07A02C,MCUR,Macrocure Ltd,NASDAQ,no unique public CIK match
AVC90EEDCD210411E7A,AVS3386BFEEE83051EF,MCUR,Macrocure Ltd,NASDAQ,no unique public CIK match
AVCCF2F6EA47CF972CC,AVS2472E270F53CE062,MCX,PhenixFIN Corp,NYSE,no unique public CIK match
AVC32B450076A11F904,AVSA39907A4D2B25E6C,MDC,M.D.C. Holdings Inc,NYSE,no unique public CIK match
AVCA30AD5714382C30C,AVS834FCB3BC43117F0,MDCA,MDC Partners Inc - Class A,NASDAQ,no unique public CIK match
AVCE58D50D05376DB71,AVS9CE5EE03C5719E32,MDCO,The Medicines Company,NASDAQ,no unique public CIK match
AVC74BEC9BE9C8F2E09,AVSBB5165A46D29A0ED,MDLA,Medallia Inc,NYSE,no unique public CIK match
AVC27DEEF25BCAFF7A7,AVSED847581EC9DD966,MDLG,Media Logic Inc,NYSE,no unique public CIK match
AVC27DEEF25BCAFF7A7,AVS5BF4D614E7E72B5A,MDLG,Media Logic Inc,NYSE,no unique public CIK match
AVC2D6EF21D846F2BCD,AVSF3BE57F15A08BC75,MDTL,Medis Tech Ltd,NASDAQ,no unique public CIK match
AVC2D6EF21D846F2BCD,AVSAECE5A3FFABEA7C8,MDTL,Medis Tech Ltd,NASDAQ,no unique public CIK match
AVCDC7E4DE9FD937D19,AVS8894150BFACEEF9B,MELA,MELA Sciences Inc,NASDAQ,no unique public CIK match
AVCDC7E4DE9FD937D19,AVS74D8766D52B368D6,MELA,MELA Sciences Inc,NASDAQ,no unique public CIK match
AVC1DA4AF321D0A9615,AVS8A5F708A085BA53A,MEP,Midcoast Energy Partners LP,NYSE,no unique public CIK match
AVC1DA4AF321D0A9615,AVS9643BCD80DB397FC,MEP,Midcoast Energy Partners LP,NYSE,no unique public CIK match
AVC4DE3E09B4098625D,AVSB593BEF332992E4D,MER,MERRILL LYNCH CO INC,NYSE,no unique public CIK match
AVC831554E2F4C74B8F,AVSBEF9EBB163E83C36,MESG,MESG,NASDAQ,no unique public CIK match
AVC831554E2F4C74B8F,AVS3BED765D674AD073,MESG,MESG,NASDAQ,no unique public CIK match
AVC5F925F6797290664,AVSB71E8A5C623BB418,MFGP,Micro Focus International Plc,NYSE,no unique public CIK match
AVCAD877B676E54CA99,AVS58AB9898C019264E,MFNC,Mackinac Financial Corp,NASDAQ,no unique public CIK match
AVC2FDB871EA24B0BCF,AVS4AB4CDE15E189B71,MGH,Minco Gold Corporation USA,NYSE MKT,no unique public CIK match
AVCDA2DE220244DE9C5,AVSDC5684B00A19C9D8,MGIC,Magic Software Enterprises Ltd,NASDAQ,no unique public CIK match
AVCF8DD8640AB92AE2A,AVS7BB98395291F435C,MGP,MGM Growth Properties LLC - Class A,NYSE,no unique public CIK match
AVCB059D03130F9C8B3,AVS737D5F9A35AD02FD,MHM,Bank of America Corporation Market Index Target Securities Linked to the S&P 500 Index,NYSE ARCA,no unique public CIK match
AVCB059D03130F9C8B3,AVSEFF6339B1B07ACDE,MHM,Bank of America Corporation Market Index Target Securities Linked to the S&P 500 Index,NYSE ARCA,no unique public CIK match
AVC49AD125E61EA2E6F,AVSFEB6C05884F63422,MHNA,Maiden Holdings North America Ltd. 8.25 Notes due 2041,NYSE,no unique public CIK match
AVC49AD125E61EA2E6F,AVS899075DC85147FA4,MHNA,Maiden Holdings North America Ltd. 8.25 Notes due 2041,NYSE,no unique public CIK match
AVCB1496B1C8AF15892,AVSB5E131A31408291E,MHNA-CL,MHNA.CL,NYSE,no unique public CIK match
AVC470CFFEBE92DF55F,AVS926678FE5DB3DB78,MHNB,Maiden Holdings North America Ltd. 8.000 Notes Due 2042,NYSE,no unique public CIK match
AVC470CFFEBE92DF55F,AVS68E248E4C55C5698,MHNB,Maiden Holdings North America Ltd. 8.000 Notes Due 2042,NYSE,no unique public CIK match
AVCA30BCA78DFAA31DF,AVSB738906EB42D990E,MHNB-CL,Maiden Holdings North America Ltd. 8.00 Notes due 2042,NYSE,no unique public CIK match
AVCD9DA69EBB6D9BE87,AVSFE0A0443F5E64B54,MIL,MFC Industrial Ltd,NYSE,no unique public CIK match
AVCD9DA69EBB6D9BE87,AVS42C2A15BCC7F2F0A,MIL,MFC Industrial Ltd,NYSE,no unique public CIK match
AVC30EA1586FBAAC4E7,AVS0427F4AF05D85558,MINDP,MIND Technology Inc,NASDAQ,no unique public CIK match
AVCB914CCBE0A325F2E,AVSC666C6D3B28E461E,MINM,FiEE Inc,NASDAQ,no unique public CIK match
AVC00F2195458DE2966,AVS66012F0985A9664D,MITO,Stealth BioTherapeutics Corp,NASDAQ,no unique public CIK match
AVCE6C8033D481011D8,AVS821F17BF34A4F9F6,MIXT,MiX Telematics Ltd,NYSE,no unique public CIK match
AVCC68E345D2BF36ACA,AVS64ED69A78D699BD3,MJRC,Major Automotive Companies Inc,NASDAQ,no unique public CIK match
AVCC68E345D2BF36ACA,AVS0BEB2EADD1BCCF3C,MJRC,Major Automotive Companies Inc,NASDAQ,no unique public CIK match
AVCE3B0C44298FC1C14,AVSFC1C398D0352F1CE,MMDM,,NASDAQ,no unique public CIK match
AVCE3B0C44298FC1C14,AVSCFE0BA8C850AAA4A,MMDM,,NASDAQ,no unique public CIK match
AVCE3B0C44298FC1C14,AVSD6AF1AF8F74AC95A,MMDMR,,NASDAQ,no unique public CIK match
AVCE3B0C44298FC1C14,AVS1C094B2DCD681019,MMDMR,,NASDAQ,no unique public CIK match
AVCE3B0C44298FC1C14,AVSC7E7CB1AF02C4EC2,MMDMW,,NASDAQ,no unique public CIK match
AVCE3B0C44298FC1C14,AVSB191AB7237C287B0,MMDMW,,NASDAQ,no unique public CIK match
AVC352F68BA5B0DECC8,AVS81686F8DA2877FAE,MMP,Magellan Midstream Partners L.P.,NYSE,no unique public CIK match
AVCF5BFEF1BD61CD003,AVSA270C27A06716FB2,MMSY,Marine Management Systems Inc,NASDAQ,no unique public CIK match
AVCF5BFEF1BD61CD003,AVS965574629587B915,MMSY,Marine Management Systems Inc,NASDAQ,no unique public CIK match
AVC3B397ACB46596E4B,AVSC21D89A3938DE90E,MMX,Maverix Metals Inc,NYSE MKT,no unique public CIK match
AVC59A4B246290F1ED6,AVSC83288DF4FC99EC6,MN,Manning & Napier Inc - Class A,NYSE,no unique public CIK match
AVCC176E68213176814,AVSDB93A964FA3320BE,MNC,MONACO COACH CORP,NYSE,no unique public CIK match
AVCE9EF5A462DD94311,AVS7C6A4D5F775D6B92,MNDT,Mandiant Inc,NASDAQ,no unique public CIK match
AVC21188934B4BACA4B,AVSA3AED20AB606248F,MNEL,Mission New Energy Ltd,NASDAQ,no unique public CIK match
AVCBB380B1ED0494AB7,AVS2D6E32A39B501415,MNRL,Brigham Minerals Inc - Class A,NYSE,no unique public CIK match
AVCAE1A6C578D4E412D,AVS60EE9C041761504A,MNTV,Momentive Global Inc,NASDAQ,no unique public CIK match
AVC5E7602A088029587,AVS57FC9EF78BBF7EEE,MOBL,Mobile Iron Inc,NASDAQ,no unique public CIK match
AVC090E204966ED8809,AVS236A6008F7B4C63E,MODV,ModivCare Inc,NASDAQ,no unique public CIK match
AVC97C874B77CAAA0F4,AVSDCB3845C2E7C0C1D,MOKO,Moko Social Media Ltd,NASDAQ,no unique public CIK match
AVC97C874B77CAAA0F4,AVSE57E780A7F0D91A3,MOKO,Moko Social Media Ltd,NASDAQ,no unique public CIK match
AVC1B8AE549A5172CEC,AVSAD3A52A93A50D19C,MON,Monsanto Company,NYSE,no unique public CIK match
AVC1B8AE549A5172CEC,AVS1A106501C0540E4A,MON,Monsanto Company,NYSE,no unique public CIK match
AVC340B35C5BDE6A06D,AVS18B0ABEB556B39B0,MOR,Morphosys AG,NASDAQ,no unique public CIK match
AVC6D70DB1838E13276,AVS5212A0BE32A246D0,MORF,Morphic Holding Inc,NASDAQ,no unique public CIK match
AVCBECC0F0893CFE829,AVSCF671C3EC1F25715,MPR,MetPro Corp,NYSE,no unique public CIK match
AVCBECC0F0893CFE829,AVSDB45F378572D9B24,MPR,MetPro Corp,NYSE,no unique public CIK match
AVC91F6DCA2C337CBE7,AVS177C1367CAB9C181,MPU,Mega Matrix Corp,NYSE MKT,no unique public CIK match
AVC55A28FA86DB60AE2,AVSC0B201CC4CEA54BA,MPVD,Mountain Province Diamonds Inc,NASDAQ,no unique public CIK match
AVC3E8B4337DE51513B,AVS6ADD0130637D2252,MR,Mindray Medical International Ltd ADR,NYSE,no unique public CIK match
AVCAC3BF1F2E7758AC0,AVSC8BF344CD084EB57,MRDG,Miracor Diagnostics Inc,NASDAQ,no unique public CIK match
AVCAC3BF1F2E7758AC0,AVSDE0727D9B58BE200,MRDG,Miracor Diagnostics Inc,NASDAQ,no unique public CIK match
AVCDD5AA5D777FFE18D,AVSCAAAFC0D0C7DB908,MRUS,Merus N.V,NASDAQ,no unique public CIK match
AVCE3B0C44298FC1C14,AVS08CCE67B2C8DA166,MS-P-G-CL,,NYSE,no unique public CIK match
AVC2DBF1A0CBE7EE5FD,AVSE21D0536CD79A858,MSBF,MSB Financial Corp,NASDAQ,no unique public CIK match
AVC86DE083F15205410,AVS01FCA0785BBCF509,MSGI,Msgi Technology Solutions Inc,NASDAQ,no unique public CIK match
AVC86DE083F15205410,AVS9F04064AF5F6055A,MSGI,Msgi Technology Solutions Inc,NASDAQ,no unique public CIK match
AVC6FD1E1F0000CE460,AVS06E74B5AAC90213A,MSGN,MSG Networks Inc - Class A,NYSE,no unique public CIK match
AVCE144931005F34DEB,AVSB26AA06610F97D67,MSK,Morgan Stanley Capital Trust VIII,NYSE,no unique public CIK match
AVCE144931005F34DEB,AVSACCA5B82BD4004BB,MSK,Morgan Stanley Capital Trust VIII,NYSE,no unique public CIK match
AVC4BEA1B025A2445C7,AVS8BCE9ACAEF7FEBC7,MSK-CL,Morgan Stanley Cap TR VIII GDT Cap Securities,NYSE,no unique public CIK match
AVC06C5069A353E61C4,AVSE45347A3378F5EAD,MSLI,Merus Labs International Inc,NASDAQ,no unique public CIK match
AVC06C5069A353E61C4,AVS03F390DA35B09423,MSLI,Merus Labs International Inc,NASDAQ,no unique public CIK match
AVCE3B0C44298FC1C14,AVS8E69E3794D8489ED,MSZ,,NYSE,no unique public CIK match
AVCE3B0C44298FC1C14,AVS3557EE757DCFA3E4,MSZ,,NYSE,no unique public CIK match
AVCE3B0C44298FC1C14,AVSBE90DBABEF79FDEE,MTCH-1,,NASDAQ,no unique public CIK match
AVCE3B0C44298FC1C14,AVS476B776E441D7A90,MTCH-1,,NASDAQ,no unique public CIK match
AVC937322E715EEDB2B,AVS8765F5676B758F49,MTE,Mahanagar Telephone Nigam Ltd,NYSE,no unique public CIK match
AVCE3B0C44298FC1C14,AVSB36A87F9667403A1,MTEST,,NYSE,no unique public CIK match
AVC18373614F24F7E2F,AVSE1570ACEDB4DD4F3,MTFB,Motif Bio plc,NASDAQ,no unique public CIK match
AVC18373614F24F7E2F,AVSB3314417D7148E12,MTFB,Motif Bio plc,NASDAQ,no unique public CIK match
AVCE64F73408F8059CB,AVS16EA5085D579C4FF,MTGE,American Capital Mortgage Investment Crp,NASDAQ,no unique public CIK match
AVCE64F73408F8059CB,AVS0112495E55693A02,MTGE,American Capital Mortgage Investment Crp,NASDAQ,no unique public CIK match
AVCB3D974614A972E29,AVS7B5493F8E2E76432,MTL,Mechel PJSC,NYSE,no unique public CIK match
AVCB8A4453247673ACE,AVS5C1A0DD39B359F1B,MTU,Mitsubishi UFJ Financial Group Inc ADR,NYSE,no unique public CIK match
AVCB8A4453247673ACE,AVS06F9811AA2A2D6E3,MTU,Mitsubishi UFJ Financial Group Inc ADR,NYSE,no unique public CIK match
AVC84D3B43794E979CB,AVSAFCF063781843B38,MULE,MuleSoft Inc. Class A,NYSE,no unique public CIK match
AVC84D3B43794E979CB,AVS1C53088BC7825FE1,MULE,MuleSoft Inc. Class A,NYSE,no unique public CIK match
AVC8E7566A695BCB618,AVS3721412E467B77CF,MVCB,MVC Capital Inc Pfd.,NYSE,no unique public CIK match
AVC8E7566A695BCB618,AVS1A157FC1E6968D42,MVCB,MVC Capital Inc Pfd.,NYSE,no unique public CIK match
AVC87AA3B8157DABACA,AVS40E1F56A31B1D2C0,MVRK,Maverick Lifestyle Inc - Class A,NASDAQ,no unique public CIK match
AVC36ADE063C25D3DC6,AVS9FA1D0C05A73AB28,MWE,Markwest Energy Partners LP,NYSE,no unique public CIK match
AVC36ADE063C25D3DC6,AVSDC79923BC1225662,MWE,Markwest Energy Partners LP,NYSE,no unique public CIK match
AVC8C5C0DA453CEA0F1,AVSC531721E8F9910CF,MWG-CL,Morgan Stanley Cap Tr IV Gtd Cap Secs,NYSE,no unique public CIK match
AVC4AE302DA23D61E27,AVSBF748C68282F5753,MWO,Morgan Stanley Capital Trust V 5.625 Cap. Secs.,NYSE,no unique public CIK match
AVC4AE302DA23D61E27,AVS2805754B4FA568EE,MWO,Morgan Stanley Capital Trust V 5.625 Cap. Secs.,NYSE,no unique public CIK match
AVCAF88D221EF521A97,AVS0E75ED67C2851660,MWO-CL,Morgan Stanley Cap Tr V Gtd Cap Secs,NYSE,no unique public CIK match
AVCF4853EFB737691A4,AVSA9B492A196C27B05,MWR,Morgan Stanley Capital Trust III 6.25 Capital Secs.,NYSE,no unique public CIK match
AVCF4853EFB737691A4,AVS5CC4BE5CE96C0BF9,MWR,Morgan Stanley Capital Trust III 6.25 Capital Secs.,NYSE,no unique public CIK match
AVC191D979727AD5B9D,AVS3F72AC87AE627C72,MWR-CL,Morgan Stanley Cap Tr III Capital Trust Securities,NYSE,no unique public CIK match
AVC4107416EE042339F,AVS3F1377F707A7187C,MY,China Ming Yang Wind Power Group Ltd,NYSE,no unique public CIK match
AVC4107416EE042339F,AVS94FA18A6EE63247B,MY,China Ming Yang Wind Power Group Ltd,NYSE,no unique public CIK match
AVC462EE7F3F20CED93,AVSFAEDFF6E32BF5BEA,MZOR,Mazor Robotics Ltd ADR,NASDAQ,no unique public CIK match
AVC462EE7F3F20CED93,AVS427EE334D586AFFA,MZOR,Mazor Robotics Ltd ADR,NASDAQ,no unique public CIK match
AVC78F8A664D99B1093,AVS24B28454A2C1570B,MZTH,MZT Holdings Inc,NYSE,no unique public CIK match
AVC78F8A664D99B1093,AVS243B4267E0E50455,MZTH,MZT Holdings Inc,NYSE,no unique public CIK match
AVC07BF627DDC447DDE,AVSBD2577D06124A47D,NADL,North Atlantic Drilling Ltd,NYSE,no unique public CIK match
AVC07BF627DDC447DDE,AVSE3BEF06DA5CF9A6E,NADL,North Atlantic Drilling Ltd,NYSE,no unique public CIK match
AVC55F3160A54C413E3,AVSF3D8D11F455BD52E,NAP,Navios Maritime Midstream Partners L.P.,NYSE,no unique public CIK match
AVC55F3160A54C413E3,AVS3BAD4AC2709CD1A1,NAP,Navios Maritime Midstream Partners L.P.,NYSE,no unique public CIK match
AVC055603C15AEE96F5,AVSCA37FEBC00C311AF,NBG,National Bank of Greece S.A.,NASDAQ,no unique public CIK match
AVC055603C15AEE96F5,AVS92FE330A0ED5C83F,NBG,National Bank of Greece S.A.,NASDAQ,no unique public CIK match
AVCA7F9EB689AEF21D7,AVSAF15D435782EA1DB,NBN,Northeast Bank,NASDAQ,no unique public CIK match
AVC34813BE58DA7D37A,AVS9310030DE8EFF253,NBSE,NeuBase Therapeutics Inc,NASDAQ,no unique public CIK match
AVC97CD5067DC9F5FDA,AVS0947CD41084B79DD,NDRE,Nahdree Group Ltd,NYSE,no unique public CIK match
AVC97CD5067DC9F5FDA,AVS9B3737BC17CE3B9B,NDRE,Nahdree Group Ltd,NYSE,no unique public CIK match
AVC2366EEE6B879AA29,AVS7B90F7A0F2DFD6F2,NDRM,NeuroDerm Ltd,NASDAQ,no unique public CIK match
AVC2366EEE6B879AA29,AVS4F88AEA55F2C8C59,NDRM,NeuroDerm Ltd,NASDAQ,no unique public CIK match
AVC573D8B05D692BC8E,AVSAE0416978FF915A4,NEEPK,NextEra Energy Capital Holdings Inc,NYSE,no unique public CIK match
AVC573D8B05D692BC8E,AVS59CACC91E25B4B29,NEEPN,NextEra Energy Capital Holdings Inc,NYSE,no unique public CIK match
AVC3B97C67046C94D69,AVSADF9D9173E00091B,NETI,Eneti Inc,NYSE,no unique public CIK match
AVC9DD1AA421068436F,AVS1C4711F3A86E7FDB,NETS,Netshoes Cayman Ltd,NYSE,no unique public CIK match
AVC9DD1AA421068436F,AVS6D2BE8517ADB25E1,NETS,Netshoes Cayman Ltd,NYSE,no unique public CIK match
AVC3B5C18F3352F001B,AVS3ABF334BBAC41AF4,NEWA,Newater Technology Inc,NASDAQ,no unique public CIK match
AVC3756ABEF137ACCE8,AVSADF229E7912DAD94,NEWTL,Newtek Business Services Corp 7.00 Notes Due 2021,NASDAQ,no unique public CIK match
AVC3756ABEF137ACCE8,AVSCA836C5497D71F02,NEWTL,Newtek Business Services Corp 7.00 Notes Due 2021,NASDAQ,no unique public CIK match
AVCE7CF61F1AA370024,AVS93B8431A46E94B90,NEWTL,NewtekOne Inc,NASDAQ,no unique public CIK match
AVC137D47F6ACDBD2E8,AVS1B7FA021FBB060A8,NEX,NexTier Oilfield Solutions Inc,NYSE,no unique public CIK match
AVCA84AB27D18E493A7,AVS424337F6929B736B,NFBK,Northfield Bancorp Inc,NASDAQ,no unique public CIK match
AVCFAE394A464882F72,AVS6E40190B5FD269A1,NFC,New Frontier Corporation Class A,NASDAQ,no unique public CIK match
AVCFAE394A464882F72,AVSB874453210620AAC,NFC,New Frontier Corporation Class A,NASDAQ,no unique public CIK match
AVCC4C56EA6046AC56E,AVSB5E274CA27DF1FE6,NFH,New Frontier Health Corporation - Class A,NYSE,no unique public CIK match
AVCCA089B02E36B245B,AVSADA6F9DBBA13E068,NFX,Newfield Exploration Company,NYSE,no unique public CIK match
AVCCA089B02E36B245B,AVSC4DA874D2FAE0836,NFX,Newfield Exploration Company,NYSE,no unique public CIK match
AVC232242E7B3392875,AVSF246ACCA9C2C7146,NGD,New Gold Inc,NYSE MKT,no unique public CIK match
AVC048719C001DD4201,AVS47A2C058D12E6C5E,NGM,Ngm Biopharmaceuticals Inc,NASDAQ,no unique public CIK match
AVCD009E729A2DAD541,AVSB99B6E3F42F16912,NHPAP,National Healthcare Properties Inc,NASDAQ,no unique public CIK match
AVCA108D6D354A18AB7,AVS222EBC0C499690DB,NKLA,Nikola Corp,NASDAQ,no unique public CIK match
AVC051F596A947ACC35,AVS00DC7C40EB4720BE,NM,Navios Maritime Holdings Inc,NYSE,no unique public CIK match
AVC97B635FCB7909F6F,AVS5903FC0757820C25,NMCI,Navios Maritime Containers LP,NASDAQ,no unique public CIK match
AVCD68C6DB1B084F7CA,AVSA21715DF9DAFDFA1,NMFS,National Medical Financial Services Corp,NASDAQ,no unique public CIK match
AVCD68C6DB1B084F7CA,AVS5558FA86461FE75C,NMFS,National Medical Financial Services Corp,NASDAQ,no unique public CIK match
AVCDC84D04A959766FA,AVS9798513BE4B57A53,NMRX,Numerex Corp,NASDAQ,no unique public CIK match
AVCDC84D04A959766FA,AVS2CA3EB6AF4E281C4,NMRX,Numerex Corp,NASDAQ,no unique public CIK match
AVCC2844A796CF9FD45,AVSFC7441E13C93ACAA,NMX,NYMEX HOLDINGS INC,NYSE,no unique public CIK match
AVCE3B0C44298FC1C14,AVS6D33E2CA14131E23,NNP,,NYSE,no unique public CIK match
AVCE3B0C44298FC1C14,AVS7CA8ACA4B9D1ED92,NNP,,NYSE,no unique public CIK match
AVC63163CA5002ADF8F,AVS3EC761E89AB37B6D,NORD,Nord Anglia Education Inc,NYSE,no unique public CIK match
AVC2AB83F066FE71297,AVSB98AA66D957CEA97,NOVA,Sunnova Energy International Inc,NYSE,no unique public CIK match
AVC5F8260D984F055A7,AVSF0FBC790371A3841,NPD,China Nepstar Chain Drugstore Ltd.ADR,NYSE,no unique public CIK match
AVC5F8260D984F055A7,AVS546F6701FF58A75B,NPD,China Nepstar Chain Drugstore Ltd.ADR,NYSE,no unique public CIK match
AVCDC3DFBB201CB0C4C,AVS48AA0F5AE7774CA9,NQ,NQ Mobile Inc ADR,NYSE,no unique public CIK match
AVCDC3DFBB201CB0C4C,AVS5C53415B14A8B630,NQ,NQ Mobile Inc ADR,NYSE,no unique public CIK match
AVCF3A0BD2A94C755D5,AVS8FF0564B97C421AB,NRGD,Bank of Montreal,NYSE ARCA,no unique public CIK match
AVCF3A0BD2A94C755D5,AVSAAE6CCDE91B419A2,NRGO,Bank of Montreal,NYSE ARCA,no unique public CIK match
AVCF3A0BD2A94C755D5,AVS196105FE865D9781,NRGU,Bank of Montreal,NYSE ARCA,no unique public CIK match
AVCF3A0BD2A94C755D5,AVS1E5D67E94D5B32A6,NRGZ,Bank of Montreal,NYSE ARCA,no unique public CIK match
AVCE0D24EC849EA08AF,AVS199A6C6E110D1EC3,NRTLQ,Nortel Networks Corporation USA,NYSE,no unique public CIK match
AVCE0D24EC849EA08AF,AVS195DB8E48CE39854,NRTLQ,Nortel Networks Corporation USA,NYSE,no unique public CIK match
AVC8705FA1D328DD749,AVS99FB17B4B3F43D75,NSAT,Norsat International Inc,NYSE,no unique public CIK match
AVC8705FA1D328DD749,AVS6B718DFD7D9D2D06,NSAT,Norsat International Inc,NYSE,no unique public CIK match
AVC7014FBE15B4E006C,AVS620D0E071C208633,NSS,Nustar Logistics LP,NYSE,no unique public CIK match
AVCF4D972B3505FB7FB,AVSF68A0DAD3A25CA92,NTEST,NTEST,NYSE,no unique public CIK match
AVC024E40709D1D1B08,AVSBD7AD1D1A822630C,NTEST-A,NTESTA,NYSE,no unique public CIK match
AVC024E40709D1D1B08,AVS711D49ECDBA554D9,NTEST-A,NTESTA,NYSE,no unique public CIK match
AVCDCA78B8B2273F09F,AVS46A66A78D36191DA,NTEST-B,NTESTB,NYSE,no unique public CIK match
AVCDCA78B8B2273F09F,AVSA9967262B986667F,NTEST-B,NTESTB,NYSE,no unique public CIK match
AVCF797D1BDC1672335,AVSDD5A27888F182B5F,NTEST-C,NTESTC,NYSE,no unique public CIK match
AVCF797D1BDC1672335,AVS4F42408455C1BCE5,NTEST-C,NTESTC,NYSE,no unique public CIK match
AVCE3B0C44298FC1C14,AVSEB27E310E00E87ED,NTEST-D,,NYSE,no unique public CIK match
AVCE3B0C44298FC1C14,AVS2466D3929520A8EB,NTEST-D,,NYSE,no unique public CIK match
AVCE3B0C44298FC1C14,AVS927796AA8202E227,NTEST-E,,NYSE,no unique public CIK match
AVCE3B0C44298FC1C14,AVS3C91882B87089734,NTEST-F,,NYSE,no unique public CIK match
AVCE3B0C44298FC1C14,AVSF4A7782BE68DE239,NTEST-G,,NYSE,no unique public CIK match
AVCE3B0C44298FC1C14,AVS827A164AD462A67A,NTEST-H,,NYSE,no unique public CIK match
AVCE3B0C44298FC1C14,AVSF7D908268A5D23EE,NTEST-I,,NYSE,no unique public CIK match
AVCE3B0C44298FC1C14,AVS0F7697E4287F2BE0,NTEST-J,,NYSE,no unique public CIK match
AVCE3B0C44298FC1C14,AVSF8C74C00A9D52A03,NTEST-K,,NYSE,no unique public CIK match
AVCE3B0C44298FC1C14,AVS56D60B744F566C1C,NTEST-L,,NYSE,no unique public CIK match
AVCE3B0C44298FC1C14,AVS7F74F50D99E60E06,NTEST-M,,NYSE,no unique public CIK match
AVCE3B0C44298FC1C14,AVS95F61D4044EC2A54,NTEST-N,,NYSE,no unique public CIK match
AVCE3B0C44298FC1C14,AVSC80D7C97D3285E02,NTEST-O,,NYSE,no unique public CIK match
AVCE3B0C44298FC1C14,AVSDE1BCE6AD5C3D067,NTEST-Q,,NYSE,no unique public CIK match
AVCE3B0C44298FC1C14,AVS298BE89E0CC3DFBE,NTEST-S,,NYSE,no unique public CIK match
AVCE3B0C44298FC1C14,AVS3DFEE82FE913F5DD,NTEST-T,,NYSE,no unique public CIK match
AVCE3B0C44298FC1C14,AVSDE1B742126423B6A,NTEST-V,,NYSE,no unique public CIK match
AVCE3B0C44298FC1C14,AVS25C2F15E288D21F3,NTEST-WD,,NYSE,no unique public CIK match
AVCE3B0C44298FC1C14,AVSA6A63261EDA8D97B,NTEST-WD,,NYSE,no unique public CIK match
AVCE3B0C44298FC1C14,AVS229B493677A353B1,NTEST-X,,NYSE,no unique public CIK match
AVCE3B0C44298FC1C14,AVS2D7ABF5784109F6E,NTEST-X,,NYSE,no unique public CIK match
AVCE3B0C44298FC1C14,AVSEA6A968EEFE8215D,NTEST-Y,,NYSE,no unique public CIK match
AVCE3B0C44298FC1C14,AVS102F6B0D6940D95D,NTEST-Z,,NYSE,no unique public CIK match
AVC958A01722FBC059A,AVS792B17D25D2EA72F,NTL,Nortel Inversora SA ADR,NYSE,no unique public CIK match
AVC958A01722FBC059A,AVS7E0D88217D5A661A,NTL,Nortel Inversora SA ADR,NYSE,no unique public CIK match
AVC9DA657B4DD621BA8,AVS28872368B4A21FC3,NTRI,NutriSystem Inc,NASDAQ,no unique public CIK match
AVC9DA657B4DD621BA8,AVSD9BD30F768B706B1,NTRI,NutriSystem Inc,NASDAQ,no unique public CIK match
AVCA578948ED85C70FA,AVS8D9FF827E7EFC48D,NTZ,Natuzzi S.P.A.,NYSE,no unique public CIK match
AVCE3B0C44298FC1C14,AVSA9AC986336586416,NUANV,,NASDAQ,no unique public CIK match
AVCE3B0C44298FC1C14,AVS0BF347AB60AC73EE,NUANV,,NASDAQ,no unique public CIK match
AVC3FF5641A85A85AB3,AVSF43B0E61772B0586,NUTR,Nutraceutical Intl Corp,NASDAQ,no unique public CIK match
AVC3FF5641A85A85AB3,AVSAC46F6050F62DD1C,NUTR,Nutraceutical Intl Corp,NASDAQ,no unique public CIK match
AVCDDD5D4BAF2E3BE2B,AVS8930106B014C5D15,NVCN,Neovasc Inc,NASDAQ,no unique public CIK match
AVCC8446E278C0D1BC7,AVS0BC1F6255A61260D,NVDQ,Novadaq Technologies Inc,NASDAQ,no unique public CIK match
AVCC8446E278C0D1BC7,AVS10E6F9A1DC6C3EB6,NVDQ,Novadaq Technologies Inc,NASDAQ,no unique public CIK match
AVCA36BAE8DAFBA8D1D,AVSF237C1F0A1647E50,NVET,Nexvet Biopharma Public Limited Company,NASDAQ,no unique public CIK match
AVCA36BAE8DAFBA8D1D,AVSFB27559A3A3E8E51,NVET,Nexvet Biopharma Public Limited Company,NASDAQ,no unique public CIK match
AVC25F237F19C382E23,AVS387F3742E1F30819,NVGN,Novogen Limited ADR,NASDAQ,no unique public CIK match
AVC25F237F19C382E23,AVS117020EAF59A2092,NVGN,Novogen Limited ADR,NASDAQ,no unique public CIK match
AVCF8485E18F7722BD4,AVS249D13BE9E203ACD,NVSL,Naugatuck Valley Financial Corp,NASDAQ,no unique public CIK match
AVC09657C11468C319B,AVS70849E350540BDF7,NWLI,National Western Life Group Inc - Class A,NASDAQ,no unique public CIK match
AVC02B1BA696D044968,AVSB9CABD9B07A50099,NYLD,NRG Yield Inc Class C,NYSE,no unique public CIK match
AVC02B1BA696D044968,AVS99F55712DF656DBC,NYLD,NRG Yield Inc Class C,NYSE,no unique public CIK match
AVC9488EEA8BE4C605C,AVSDA4D3950B119C2DF,NYLD-A,NRG Yield Inc Class A,NYSE,no unique public CIK match
AVC9488EEA8BE4C605C,AVSC0F4E283488DE201,NYLD-A,NRG Yield Inc Class A,NYSE,no unique public CIK match
AVCD69FA5E7E48DC973,AVSAC1FBC469E2FF330,OBAS,Optibase,NASDAQ,no unique public CIK match
AVC71A14DED3E81D575,AVSA930EC9593D2B650,OCFT,Oneconnect Financial Technology Co Ltd,NYSE,no unique public CIK match
AVC23828101CFE89065,AVS6D8F531F467C313D,OCSLL,Oaktree Specialty Lending Corporation 6125 senior notes due 2028,NASDAQ,no unique public CIK match
AVC0F35911617301EBD,AVS4B366161660065D9,ODP,ODP Corporation (The),NASDAQ,no unique public CIK match
AVC7F9A84FC406C3378,AVS274C593EDF51BB4C,ODV,Osisko Development Corp,NYSE,no unique public CIK match
AVC5C4B25265E4D9190,AVS60D0B14D7684CF2B,OIIM,O2 Micro International,NASDAQ,no unique public CIK match
AVCCF6B8608A6DEE21D,AVS658D3CD9F2F22ED6,OIL,Barclays Bank PLC,NYSE ARCA,no unique public CIK match
AVCB6DC91D019F0FF73,AVS5B94D9D232C4507D,OILT,Oiltanking Partners LP,NYSE,no unique public CIK match
AVCB6DC91D019F0FF73,AVS51B5F1EA52F9D2B0,OILT,Oiltanking Partners LP,NYSE,no unique public CIK match
AVC321E911BFA6450C7,AVS29676BC7C24BF600,OKDCC,Eaton Vance NextShares Trust II,NASDAQ,no unique public CIK match
AVC321E911BFA6450C7,AVS478E97CC50858E56,OKDCC,Eaton Vance NextShares Trust II,NASDAQ,no unique public CIK match
AVC2B1EA6B0812E596D,AVSCD73BF74FA85A847,OLBK,Old Line Bancshares Inc MD,NASDAQ,no unique public CIK match
AVC2B1EA6B0812E596D,AVS8A2E30B2D4F10D1E,OLBK,Old Line Bancshares Inc MD,NASDAQ,no unique public CIK match
AVC6F9BF8C5FE99A477,AVSC8150387819C2222,OMAA,OM Asset Management plc 5.125 Notes due 2031,NYSE,no unique public CIK match
AVC6F9BF8C5FE99A477,AVS7AFCE04B814F6C00,OMAA,OM Asset Management plc 5.125 Notes due 2031,NYSE,no unique public CIK match
AVCE3B0C44298FC1C14,AVSA127CAA5AB7FCE38,OMAD,,NYSE,no unique public CIK match
AVCE3B0C44298FC1C14,AVS2BE2E6387D73B1E9,OMAD,,NYSE,no unique public CIK match
AVCDF970AB66636499F,AVSCD7526CEEF9E0B03,OMTL,Omtool Ltd,NASDAQ,no unique public CIK match
AVCDF970AB66636499F,AVS472C7C604EF17E5B,OMTL,Omtool Ltd,NASDAQ,no unique public CIK match
AVCA9595AF87965D509,AVS49F5657A11721EBB,ONCT,Oncternal Therapeutics Inc,NASDAQ,no unique public CIK match
AVC84DFDC748200B4D4,AVS097EFBF7E452AEB3,ONCYF,Oncolytics Biotech Inc,NASDAQ,no unique public CIK match
AVC84DFDC748200B4D4,AVSA1A498962D8217D9,ONCYF,Oncolytics Biotech Inc,NASDAQ,no unique public CIK match
AVCDA38CD8DAD64703F,AVS8A4E11DE04A85586,ONFC,Oneida Financial Corp,NASDAQ,no unique public CIK match
AVCDA38CD8DAD64703F,AVS9464B1A4ABBC7071,ONFC,Oneida Financial Corp,NASDAQ,no unique public CIK match
AVC892C812373C60225,AVS2674F6C5F8626C32,ONSIU,ONSIU,NASDAQ,no unique public CIK match
AVCB6C32D02E9C28A87,AVSDEE561D342F844E3,OPB,Opus Bank,NASDAQ,no unique public CIK match
AVC566A655B2DDF35AA,AVSFF84F3332E30AC67,OPTM,OPTIUM CORP,NASDAQ,no unique public CIK match
AVCA36E0BB8A978EBCF,AVS0A92B1A799334C4A,OPTT,Ocean Power Technologies - Reg S,NYSE MKT,no unique public CIK match
AVC4CDB72CCEC58327F,AVSF6041D8F4153606E,OPWR,Online Power Supply,NYSE,no unique public CIK match
AVC4CDB72CCEC58327F,AVSF3B730FF1E1F9457,OPWR,Online Power Supply,NYSE,no unique public CIK match
AVCA03DBE67AEBE2F72,AVSB9CACF898DB073B3,ORB,Orbital Sciences Corp,NYSE,no unique public CIK match
AVCA03DBE67AEBE2F72,AVSE42671414789C4D0,ORB,Orbital Sciences Corp,NYSE,no unique public CIK match
AVC7A04C0E20248AA17,AVS50CFB023292EB68C,ORBK,Orbotech Ltd,NASDAQ,no unique public CIK match
AVC7A04C0E20248AA17,AVS594482F91C97A29F,ORBK,Orbotech Ltd,NASDAQ,no unique public CIK match
AVC1FD70EFF734BFAE2,AVS5CE4856F68E9CD77,ORCG,Oak Ridge Capital Group,NASDAQ,no unique public CIK match
AVCC5E50CB7ED6B4E77,AVS021C3A4E68DEA5E5,ORIG,Ocean Rig UDW Inc,NASDAQ,no unique public CIK match
AVCC5E50CB7ED6B4E77,AVSDCA89307305932FD,ORIG,Ocean Rig UDW Inc,NASDAQ,no unique public CIK match
AVCAB12B77340AEB2C2,AVSE2131C15E8E0A244,ORIT,Oritani Financial Corp,NASDAQ,no unique public CIK match
AVCAB12B77340AEB2C2,AVS38CE3BA523DBBC36,ORIT,Oritani Financial Corp,NASDAQ,no unique public CIK match
AVC83C056DD7C4A952B,AVS8AB0146E4CE33226,ORTX,Orchard Therapeutics plc,NASDAQ,no unique public CIK match
AVC4B8FD65FFD9C1006,AVSF626D4BF68FDBFB7,OSB,Norbord Inc,NYSE,no unique public CIK match
AVC6A65C24F7E5DE279,AVS80D09901AD13CA4B,OSHC,Ocean Shore Holding Company,NASDAQ,no unique public CIK match
AVC6A65C24F7E5DE279,AVS89431E6443D6CD36,OSHC,Ocean Shore Holding Company,NASDAQ,no unique public CIK match
AVCCCB72087BB611A1C,AVSEB98009D3DFC9DCF,OSLE,Oaktree Specialty Lending Corporation 5875 Senior Notes due 2024,NYSE,no unique public CIK match
AVC72FDF9C6DB7079D0,AVSA4110F2D5D3FF4BC,OSM,SLM Corporation Medium Term Notes Series A CPILinked Notes due March 15 2017,NASDAQ,no unique public CIK match
AVC72FDF9C6DB7079D0,AVS524D26F32CC72E5B,OSM,SLM Corporation Medium Term Notes Series A CPILinked Notes due March 15 2017,NASDAQ,no unique public CIK match
AVCC7892B880068A9E9,AVS282EBE92DB694FD3,OSN,Ossen Innovation Co Ltd,NASDAQ,no unique public CIK match
AVC7B7D4606B923B8D6,AVS046B3104E342F73F,OTEL,Otelco Inc - Class A,NASDAQ,no unique public CIK match
AVCC8A52CB2A1DE8ACF,AVSDAADA28BD422D456,OVEN,TURBOCHEF TECHNOLOGIES INC,NYSE,no unique public CIK match
AVC0858E73F999F593D,AVS4D4EEE5BA9C03918,OYST,Oyster Point Pharma Inc,NASDAQ,no unique public CIK match
AVC2CED25DC8FFD7E4B,AVSC9D8AC8E48AEF6A3,PACEW,PACEW,NASDAQ,no unique public CIK match
AVC2CED25DC8FFD7E4B,AVSAB6C30789218FB67,PACEW,PACEW,NASDAQ,no unique public CIK match
AVCC942AFF7EF7FCB18,AVS4E65CB04A97692B9,PACT,Pactera Technology International Ltd. Foreign,NASDAQ,no unique public CIK match
AVCC942AFF7EF7FCB18,AVS3E0D3448C0306FBC,PACT,Pactera Technology International Ltd. Foreign,NASDAQ,no unique public CIK match
AVCAB82DF2189EDFDB5,AVS315108D2DE3807BB,PAE,PAE Incorporated - Class A,NASDAQ,no unique public CIK match
AVC594AB5EE3DA4B06E,AVS18422888EC82DCC1,PALDF,North American Palladium Ltd,NYSE,no unique public CIK match
AVC594AB5EE3DA4B06E,AVS2156B9EAE2EDF98F,PALDF,North American Palladium Ltd,NYSE,no unique public CIK match
AVC618B0B17810E8683,AVS1FDAB35400E77ECC,PARAA,Paramount Global - Class A,NASDAQ,no unique public CIK match
AVC2EE56561F02B7121,AVS9AC2DAB1CDB85783,PARN,Parnell Pharmaceuticals Holdings Ltd,NASDAQ,no unique public CIK match
AVC47D1F7ADF40C6480,AVS48F553E9E5F7AF84,PATI,Patriot Transportation Holding Inc,NASDAQ,no unique public CIK match
AVC3E5178CAD41B6D80,AVS95AD0A32EECE787F,PBBI,PBBI,NASDAQ,no unique public CIK match
AVCE4360E75E87E11FB,AVS446FD76A65A11F93,PBCP,Polonia Bancorp Inc. New,NASDAQ,no unique public CIK match
AVCE4360E75E87E11FB,AVS537D02405B98517C,PBCP,Polonia Bancorp Inc. New,NASDAQ,no unique public CIK match
AVCC4205129FA861FE5,AVSE4E187A6D3E58E1F,PBIX,Passport Brands Inc,NASDAQ,no unique public CIK match
AVCC4205129FA861FE5,AVS1DEAF346AB844DAC,PBIX,Passport Brands Inc,NASDAQ,no unique public CIK match
AVCAEC0058485232A50,AVS9F0B2C982F512C5A,PBMD,Prima Biomed Ltd,NASDAQ,no unique public CIK match
AVCAEC0058485232A50,AVS5AD547E899B83082,PBMD,Prima Biomed Ltd,NASDAQ,no unique public CIK match
AVC455E946AF7F424B2,AVS7028938DEC41C0A8,PBY,Pep Boys Manny Moe Jack,NYSE,no unique public CIK match
AVC455E946AF7F424B2,AVS611F19A2C38BA418,PBY,Pep Boys Manny Moe Jack,NYSE,no unique public CIK match
AVC6A2A3736C1F854DE,AVS6C0CEE4E1CB2F7D3,PCBC,Pacific Capital Bancorp,NASDAQ,no unique public CIK match
AVC6A2A3736C1F854DE,AVS249DC87FD923FE07,PCBC,Pacific Capital Bancorp,NASDAQ,no unique public CIK match
AVCFD80AF640D538DCE,AVSF746C3D691B936BB,PCO,Pendrell Corporation Class A,NASDAQ,no unique public CIK match
AVCFD80AF640D538DCE,AVSF5C2311DAF55A490,PCO,Pendrell Corporation Class A,NASDAQ,no unique public CIK match
AVC9BCFE9920D1112DF,AVS60052F909785AA0F,PCOM,Points.com Inc,NASDAQ,no unique public CIK match
AVC25F90169103101F0,AVS8CDFD2B3ED33B5F5,PCOP,PHARMACOPEIA INC,NASDAQ,no unique public CIK match
AVC3435087AB86569B7,AVSFFC9D11096E4E292,PCTI,PCTEL Inc,NASDAQ,no unique public CIK match
AVC3A8B999856BEAA38,AVS9FC0776ACCDD47BA,PDD1,Pinduoduo Inc,NASDAQ,no unique public CIK match
AVC3A8B999856BEAA38,AVSB2ED81A25E6156EC,PDD1,Pinduoduo Inc,NASDAQ,no unique public CIK match
AVCB8A5546C17060332,AVSB4005B2CF41F8FAC,PEDE,GREAT PEE DEE BANCORP INC,NASDAQ,no unique public CIK match
AVCB8A5546C17060332,AVSF54A33AD0A77AE84,PEDE,GREAT PEE DEE BANCORP INC,NASDAQ,no unique public CIK match
AVCDEFEB42C6715EA09,AVSBC8904F0D9D8F786,PETQ,PetIQ Inc - Class A,NASDAQ,no unique public CIK match
AVCA39306615C983A0E,AVS76D7A563DEA27CAA,PFC,Premier Financial Corp,NASDAQ,no unique public CIK match
AVCEB2D28CCC1486F00,AVS74D00281C9B2F2A4,PFFBQ,PFF Bancorp Inc,NYSE,no unique public CIK match
AVCEB2D28CCC1486F00,AVSDD63C331087F031B,PFFBQ,PFF Bancorp Inc,NYSE,no unique public CIK match
AVC1830B6BEEDD27460,AVS60D42E6523383454,PFHD,Professional Holding Corp - Class A,NASDAQ,no unique public CIK match
AVC0907E2B485ED6B89,AVSF692ECD64E680E19,PFIN,P & F Industries Inc - Class A,NASDAQ,no unique public CIK match
AVC39C51F199D4B1AE4,AVSCDE0B8309D8CC708,PFK,Prudential Financial InflationLinked Retail Medium Linked Retail MediumTerm Notes due April 10 2018,NYSE,no unique public CIK match
AVC39C51F199D4B1AE4,AVS1B546FF89C4EB92B,PFK,Prudential Financial InflationLinked Retail Medium Linked Retail MediumTerm Notes due April 10 2018,NYSE,no unique public CIK match
AVC8E2DC2E5BBB290E4,AVSE3E9CCC3D7605EA1,PFX,Phoenix Companies Inc. Phoenix Companies Inc 7.45 Pfd,NYSE,no unique public CIK match
AVC8E2DC2E5BBB290E4,AVSD2C1079E7BB00F08,PFX,Phoenix Companies Inc. Phoenix Companies Inc 7.45 Pfd,NYSE,no unique public CIK match
AVCCF2F6EA47CF972CC,AVS2ADF234803FA248B,PFXNL,PhenixFIN Corp,NASDAQ,no unique public CIK match
AVCADBD5555CE38EA16,AVSC62CA47E3B1332AB,PG-WD,Procter & Gamble Company The When Distributed,NYSE,no unique public CIK match
AVCADBD5555CE38EA16,AVS1442EBA5F0830CDC,PG-WD,Procter & Gamble Company The When Distributed,NYSE,no unique public CIK match
AVC46CC4B9C220552A5,AVSD31BC017D84B44A7,PGH,Pengrowth Energy Corp,NYSE,no unique public CIK match
AVC46CC4B9C220552A5,AVS475E27B7AB2F5063,PGH,Pengrowth Energy Corp,NYSE,no unique public CIK match
AVC05FF0D594EC0E197,AVS7C861ABBD510EFA8,PGICQ,Progressive Gaming International Corp,NASDAQ,no unique public CIK match
AVC05FF0D594EC0E197,AVS302FB3E1294C519E,PGICQ,Progressive Gaming International Corp,NASDAQ,no unique public CIK match
AVC41AF58CFFC4BF4AC,AVSD6DDB0D7106993EE,PHLT,Performant Healthcare Inc,NASDAQ,no unique public CIK match
AVCD6D1FD1019D72A74,AVS23E4C08AFD2DA4B3,PHX,PHX Minerals Inc - Class A,NYSE,no unique public CIK match
AVCCDAEFAE237CCCC18,AVS1CAAB53888F84A12,PHXM,PHAXIAM Therapeutics S.A.,NASDAQ,no unique public CIK match
AVC1CF493E736FAE0DB,AVSACCDF5AC68D2521E,PING,Ping Identity Holding Corp,NYSE,no unique public CIK match
AVCAA291C6D50E58518,AVS8C5F9BD626466CE7,PIR,Pier 1 Imports Inc,NYSE,no unique public CIK match
AVC14ED77B1F36461D0,AVS5F5B1D29ECECFDD9,PJS,PreferredPlus Trust Ser FAR 1 Tr Ctf,NYSE,no unique public CIK match
AVC14ED77B1F36461D0,AVSF4A1745A7C05AAFB,PJS,PreferredPlus Trust Ser FAR 1 Tr Ctf,NYSE,no unique public CIK match
AVC14ED77B1F36461D0,AVS396C9235BDABFA38,PJS-CL,PreferredPlus Trust Ser FAR 1 Tr Ctf,NYSE,no unique public CIK match
AVCC70B576A685CD4F6,AVS40589FD389446F23,PKD,Parker Drilling Company,NYSE,no unique public CIK match
AVCC70B576A685CD4F6,AVS1825202DBB8DF32F,PKDC,Parker Drilling Company,NYSE,no unique public CIK match
AVC8FA8943650D1C4D6,AVS005E36E6D1490F72,PLL,Piedmont Lithium Inc,NASDAQ,no unique public CIK match
AVC8FA8943650D1C4D6,AVS806D66E3554462D3,PLL,Piedmont Lithium Inc,NYSE,no unique public CIK match
AVC3A06CB563548F11A,AVSB92F0FBA731AD147,PLM,Polymet Mining Corp,NYSE MKT,no unique public CIK match
AVC0789A29904902AAF,AVS97C56941878C692B,PMCS,PMCSierra Inc,NASDAQ,no unique public CIK match
AVC5D16AB5CAB4549BE,AVS3E9DD993E3C1974C,PNG,PAA Natural Gas Storage L.P.,NYSE,no unique public CIK match
AVC5D16AB5CAB4549BE,AVSC2C02879E9589365,PNG,PAA Natural Gas Storage L.P.,NYSE,no unique public CIK match
AVC067FA5A613331294,AVSB8F4F0B1FF65F683,PNK,Pinnacle Entertainment Inc,NASDAQ,no unique public CIK match
AVC067FA5A613331294,AVS4A0B11C8D9A4C59C,PNK,Pinnacle Entertainment Inc,NASDAQ,no unique public CIK match
AVC5B4700CEA300C256,AVS8D07575E4A36417D,PNRL,Paringa Resources Ltd,NASDAQ,no unique public CIK match
AVCB45923F18E63F64B,AVS5B9DD10F8054C6A3,PNTA,PennantPark Investment Corp Pfd.,NYSE,no unique public CIK match
AVCB45923F18E63F64B,AVS028FA9B5D149F89A,PNTA,PennantPark Investment Corp Pfd.,NYSE,no unique public CIK match
AVCE994047CE8BCAFF3,AVS87B302D95470D034,PNTA-CL,PennantPark Investment Corporation 6.25 Senior Notes due 2025,NYSE,no unique public CIK match
AVCD29A49A199AEEE52,AVSA106B89B380CEF8B,PNTR,Pointer Telocation Ltd,NASDAQ,no unique public CIK match
AVCD29A49A199AEEE52,AVS14C205D570BFD3AC,PNTR,Pointer Telocation Ltd,NASDAQ,no unique public CIK match
AVC2208DC19DCB09590,AVSBA1300E6DF21C61E,PNX,The Phoenix Companies Inc,NYSE,no unique public CIK match
AVC2208DC19DCB09590,AVSD49C95749D4AEA95,PNX,The Phoenix Companies Inc,NYSE,no unique public CIK match
AVC10E8BF3B97F66915,AVS0AB48CD307470E23,POLY,Plantronics Inc,NYSE,no unique public CIK match
AVC3794E3FED598B12F,AVS705295CA5F194A24,POM,Pepco Holdings Inc,NYSE,no unique public CIK match
AVC3794E3FED598B12F,AVS0E1FE41F64C67898,POM,Pepco Holdings Inc,NYSE,no unique public CIK match
AVCAFBC132D238FD9FA,AVSC1A103C044167686,POPE,Pope Resources A Delaware LP,NASDAQ,no unique public CIK match
AVC6E77D4854FB596A2,AVS15257B18DA02DE92,POT,Potash Corp.Saskatchewan USA,NYSE,no unique public CIK match
AVC6E77D4854FB596A2,AVSF1C3791ACD0D54AD,POT,Potash Corp.Saskatchewan USA,NYSE,no unique public CIK match
AVCD57D930915C9251F,AVS914CA0C8608DC3DF,POZN,POZEN Inc,NASDAQ,no unique public CIK match
AVC494FD6035FA97B33,AVS0C63E4968344A949,PPP,Primero Mining Corp,NYSE,no unique public CIK match
AVC494FD6035FA97B33,AVSE5801F07A13F64F0,PPP,Primero Mining Corp,NYSE,no unique public CIK match
AVC37EAF0E52C6F3FF2,AVS430734B16039762D,PPX,PPL Capital Funding Inc,NYSE,no unique public CIK match
AVCD6CC6BC3180D72EF,AVS59302DF3286D2126,PRCP,Perceptron Inc,NASDAQ,no unique public CIK match
AVC55ABB3A305957219,AVS11062AC241DE73AC,PRGNL,Paragon Shipping Inc 8.375 Sr Nt 08152021,NASDAQ,no unique public CIK match
AVC55ABB3A305957219,AVS3C2E238F8DB1E877,PRGNL,Paragon Shipping Inc 8.375 Sr Nt 08152021,NASDAQ,no unique public CIK match
AVC0A1D8C4EBAEC0D54,AVS47C612A07BECA8F8,PRMW,Primo Brands Corp,NYSE,no unique public CIK match
AVCAE03C30B0437E0AF,AVS5CD0DD0B61FA2DF0,PROS,Prosight Global Inc,NYSE,no unique public CIK match
AVC26C7BE282B1F86F5,AVS5DB3D0C4743BD290,PRVL,Prevail Therapeutics Inc,NASDAQ,no unique public CIK match
AVC5B818AF68B3959D3,AVSD5E21A12A5593B31,PRX,Pharmaceutical Resources,NYSE,no unique public CIK match
AVC5B818AF68B3959D3,AVSA838914A099FE923,PRX,Pharmaceutical Resources,NYSE,no unique public CIK match
AVCE3B0C44298FC1C14,AVS08FD8DA25295DB55,PSA-P-A-CL,,NYSE,no unique public CIK match
AVCE3B0C44298FC1C14,AVSCC71BD978BB3ED9A,PSA-P-A-CL,,NYSE,no unique public CIK match
AVCE3B0C44298FC1C14,AVS7B6C481DC0423988,PSA-P-U-CL,,NYSE,no unique public CIK match
AVCE3B0C44298FC1C14,AVS5101B06AB10BA190,PSA-P-U-CL,,NYSE,no unique public CIK match
AVC5A462C997F20CC64,AVSBB9834595EE57FD6,PSA-P-V-CL,Public Storage Dep Shs Repstg 11000th Pfd Sh Ben Int Ser V,NYSE,no unique public CIK match
AVC5A462C997F20CC64,AVS6B58DA4246DE3CD6,PSA-P-V-CL,Public Storage Dep Shs Repstg 11000th Pfd Sh Ben Int Ser V,NYSE,no unique public CIK match
AVC1A6B9871A616A303,AVS06504A4BE9E75F03,PSA-P-Y-CL,Public Storage Dep Shs Repstg 11000th Pfd Sh Ben Int Ser Y,NYSE,no unique public CIK match
AVC07B4B07720264C45,AVSBE923158389D21B3,PSA-P-Z-CL,Public Storage Dep Shs Representing 11000th Pfd Sh Ben Int Ser Z,NYSE,no unique public CIK match
AVC07B4B07720264C45,AVS8A5983AC8710CA13,PSA-P-Z-CL,Public Storage Dep Shs Representing 11000th Pfd Sh Ben Int Ser Z,NYSE,no unique public CIK match
AVCE72E8DE201CF9C17,AVS5D3FF872294B2D3F,PSB,PS Business Parks Inc,NYSE,no unique public CIK match
AVCE3B0C44298FC1C14,AVS5B4E258AF1CBF0A1,PSB-P-U-CL,,NYSE,no unique public CIK match
AVCE3B0C44298FC1C14,AVSDDD1EBD6157EB693,PSB-P-V-CL,,NYSE,no unique public CIK match
AVCF6585D9C62F406F4,AVS08E76514AF8B0765,PSTB,Park Sterling Bank,NASDAQ,no unique public CIK match
AVCF6585D9C62F406F4,AVS54BB67955C0A948E,PSTB,Park Sterling Bank,NASDAQ,no unique public CIK match
AVC7E5C5112CC0732B8,AVS566E89AA98417164,PTEST,PTEST,NYSE,no unique public CIK match
AVCE3B0C44298FC1C14,AVS562F8E6F90D9E128,PTEST-X,,NYSE,no unique public CIK match
AVCE3B0C44298FC1C14,AVSBDB513E060F6FE50,PTEST-Y,,NYSE,no unique public CIK match
AVC289729666F81860F,AVS507D78D7A04AE471,PTEST-Z,PTEST.Z,NYSE,no unique public CIK match
AVC7C6B14A76C251516,AVSFEA5659600A39909,PTHN,Patheon N.V. par value 0.01 per share,NYSE,no unique public CIK match
AVC7C6B14A76C251516,AVS70E9951D2945E79D,PTHN,Patheon N.V. par value 0.01 per share,NYSE,no unique public CIK match
AVC39493C695F0F4BFA,AVS0AA5CF2363B32B28,PTRS,Partners Bancorp,NASDAQ,no unique public CIK match
AVC5562967EBE93373B,AVSD67D1126C1C5D7C6,PTVCA,Protective Insurance Corp - Class A,NASDAQ,no unique public CIK match
AVC56C95C5AF663BADE,AVSB4A3F00B7CB83538,PTVCB,Protective Insurance Corp - Class B,NASDAQ,no unique public CIK match
AVC12C762A5646C61D9,AVS3417825F445E03E6,PUKPRA,Prudential plc,NYSE,no unique public CIK match
AVCD03A17F42940E84E,AVS6718F13B5B97D2D6,PVG,Pretium Resources Inc,NYSE,no unique public CIK match
AVCD0DFCD0F455E1DD6,AVSB4D9A65F611AA6E4,PVT,PROVIDENT COMPANIES INC,NYSE,no unique public CIK match
AVC801E218E01A5978F,AVS7811CF981EA9DAB2,PWAVQ,POWERWAVE TECHS,NASDAQ,no unique public CIK match
AVC801E218E01A5978F,AVS5F370102F4409485,PWAVQ,POWERWAVE TECHS,NASDAQ,no unique public CIK match
AVCDB55942538FA728C,AVS8FDFBE0A91DC924A,PWE,Penn West Petroleum Ltd,NYSE,no unique public CIK match
AVCDB55942538FA728C,AVSB18F42E1846D602F,PWE,Penn West Petroleum Ltd,NYSE,no unique public CIK match
AVC5706AA18692AB8DF,AVS73AAD3BAD407A0FB,PWRD,Perfect World Company. Ltd. ADR,NASDAQ,no unique public CIK match
AVC5706AA18692AB8DF,AVS45B44C6AB5C6FE81,PWRD,Perfect World Company. Ltd. ADR,NASDAQ,no unique public CIK match
AVC5549B917E5489BE9,AVSA475780F407AAABD,PWX,Providence & Worcester Railroad Company,NASDAQ,no unique public CIK match
AVC5549B917E5489BE9,AVS2250AE2E67C19FC3,PWX,Providence & Worcester Railroad Company,NASDAQ,no unique public CIK match
AVC426196B2097D4D43,AVS1618FBE0986E2852,PZE,Petrobras Argentina SA,NYSE,no unique public CIK match
AVC426196B2097D4D43,AVS4BFA8912A506841F,PZE,Petrobras Argentina SA,NYSE,no unique public CIK match
AVCD69E729B235039BA,AVS5FAACA1D5FE89759,QADA,QAD Inc - Class A,NASDAQ,no unique public CIK match
AVC1566568875CA69F7,AVSEBB2D7911242DAFA,QADB,QAD Inc - Class B,NASDAQ,no unique public CIK match
AVC5EB7E3FF86AE72FC,AVS2FB216C2776BA599,QIHU,Qihoo 360 Technology Company Ltd,NYSE,no unique public CIK match
AVC5EB7E3FF86AE72FC,AVS6A79B446DA780F75,QIHU,Qihoo 360 Technology Company Ltd,NYSE,no unique public CIK match
AVC4FF381E452BF1566,AVS2B1EF3B5450F4924,QIPT,Quipt Home Medical Corp New,NASDAQ,no unique public CIK match
AVCF5AB060A4195D937,AVS52838D785936C1D4,QIWI,QIWI plc,NASDAQ,no unique public CIK match
AVC8AD3CA98E711E01B,AVS87028C32B1E04846,QTS,Qts Realty Trust Inc - Class A,NYSE,no unique public CIK match
AVCAF3FA0C932B9A605,AVS434557459541B489,QUNR,Qunar Cayman Islands Ltd,NASDAQ,no unique public CIK match
AVCAF3FA0C932B9A605,AVS0F51AB2D7F06A885,QUNR,Qunar Cayman Islands Ltd,NASDAQ,no unique public CIK match
AVC33602DF9B45B8ACD,AVSB9E078737D051248,QUSA,Questar Assessment,NASDAQ,no unique public CIK match
AVC072775A7765B0576,AVS0995EC675017BDE6,RADA,Rada Electronic Industries,NASDAQ,no unique public CIK match
AVC26B290E06D5B32BB,AVS5D8561FCE8CFF0C4,RAH,Ralcorp Holdings,NYSE,no unique public CIK match
AVC26B290E06D5B32BB,AVSE4FA63C22ECB286D,RAH,Ralcorp Holdings,NYSE,no unique public CIK match
AVCABEF036EF0216275,AVSDF6919E6D4F860B4,RAPT,RAPT Therapeutics Inc,NASDAQ,no unique public CIK match
AVCD71ABDB391F1E7A0,AVSBAA4EE89B23523E0,RATE,Bankrate Inc,NYSE,no unique public CIK match
AVCD71ABDB391F1E7A0,AVS383D535EEBDF7C4F,RATE,Bankrate Inc,NYSE,no unique public CIK match
AVCE3B0C44298FC1C14,AVSD0032EF801FCA84E,RBS-P-S-CL,,NYSE,no unique public CIK match
AVCF274DFEA08BFD6DD,AVS46956B96666E8949,RBY,Battle North Gold Corp,NYSE MKT,no unique public CIK match
AVCBF3F757D1BF40720,AVS171BA436D02EA9EE,RBZ,Reebonz Holding Ltd,NASDAQ,no unique public CIK match
AVCA0A4B17CB69E1270,AVS616FBF237733E641,RDA,RDA Microelectronics Inc. Foreign,NASDAQ,no unique public CIK match
AVCA0A4B17CB69E1270,AVS6A8AB1BF26CCE02D,RDA,RDA Microelectronics Inc. Foreign,NASDAQ,no unique public CIK match
AVCC06BD4DEBF5FFA68,AVS77F690DAE1917264,RDS-A,Shell Plc ADR (Representing - Class A),NYSE,no unique public CIK match
AVCCE635C4EABFF5E4F,AVS12E42037F3A1E2ED,RDS-B,Shell Plc,NYSE,no unique public CIK match
AVC3662228B8F7B39A2,AVSF98FF01748E1C0B9,RDUS,Radius Recycling Inc - Class A,NASDAQ,no unique public CIK match
AVC78E9B670D8C282D0,AVSC0833EE348556535,RELI,Reliance Global Group Inc,NASDAQ,no unique public CIK match
AVC7578C35D47A3C97B,AVSB75F458F77D33A48,RENX,RELX NV,NYSE,no unique public CIK match
AVC7578C35D47A3C97B,AVSE8A65C15EB9DD90E,RENX,RELX NV,NYSE,no unique public CIK match
AVC7F7929D91D66B2E1,AVS5DB34E4482B2D3B4,REST,Restore Medical Inc,NASDAQ,no unique public CIK match
AVCED1B94311962484F,AVSD235534B21F8C5AF,RETA,Reata Pharmaceuticals Inc - Class A,NASDAQ,no unique public CIK match
AVC2ACB645E98901587,AVS180AEBE4E6947D0B,RHAYY,Rhodia,NYSE,no unique public CIK match
AVC2ACB645E98901587,AVSF1800F5CBA6242BB,RHAYY,Rhodia,NYSE,no unique public CIK match
AVC51A90FC28EF3C64E,AVS57972B28E5592D90,RIC,Richmont Mines Inc,NYSE,no unique public CIK match
AVC51A90FC28EF3C64E,AVS72944CE2CCEC8EF6,RIC,Richmont Mines Inc,NYSE,no unique public CIK match
AVC5BF3938F22397DBF,AVS6D74C7B78E7AA4EB,RIVE,Riverview Financial Corp,NASDAQ,no unique public CIK match
AVCE00427AD0C094143,AVS712A10BCC4A34A81,RJD-CL,Raymond James Financial Inc. 6.90 Senior Notes Due 2042,NYSE,no unique public CIK match
AVCA88BFBF21BC9D505,AVS140E65D4F63223F5,RLM,Realm Therapeutics ADR,NASDAQ,no unique public CIK match
AVCA88BFBF21BC9D505,AVSC49C6FB70CE8BF77,RLM,Realm Therapeutics ADR,NASDAQ,no unique public CIK match
AVCC2DC85F4A464D824,AVS403ADD84925A4D52,RMAX,RE/MAX Holdings Inc - Class A,NYSE,no unique public CIK match
AVC1FA9829560AB7CEE,AVS1BC326EA43E59C34,RMO,Romeo Power Inc - Class A,NYSE,no unique public CIK match
AVCFADC0CFD34D75CC6,AVS15602B81D25DDAA8,RNAM,Avidity Biosciences Inc,NASDAQ,no unique public CIK match
AVC2C5316E201291B44,AVS95A4EFBA6F5B1283,RNDY,Roundys Inc,NYSE,no unique public CIK match
AVC2C5316E201291B44,AVS362BA9BDAA4AEB8B,RNDY,Roundys Inc,NYSE,no unique public CIK match
AVC6822AE7D4372D92E,AVSF9FA6A8C676C01C3,RNF,Rentech Nitrogen Partners LP,NYSE,no unique public CIK match
AVC6822AE7D4372D92E,AVS7C2FAD2402D362E8,RNF,Rentech Nitrogen Partners LP,NYSE,no unique public CIK match
AVCE3820DC81CF8E52D,AVS5126E8FC0C178FED,ROCC,Ranger Oil Corp - Class A,NASDAQ,no unique public CIK match
AVC2C43D84B0C4E9C68,AVSF3D9B28B820A47A4,ROH,ROHM HAAS CO,NYSE,no unique public CIK match
AVCA0621594F7FCB319,AVS900E91CCB62BD7FC,ROSG,Rosetta Genomics Ltd. USA,NASDAQ,no unique public CIK match
AVCA0621594F7FCB319,AVS0921C6E88010F9BE,ROSG,Rosetta Genomics Ltd. USA,NASDAQ,no unique public CIK match
AVCFCC54DE7112477E5,AVSD526BC723B7ED4F2,RPAI,Retail Properties of America Inc - Class A,NYSE,no unique public CIK match
AVC0F5B3BD1652CCCA3,AVS99D4D446EB43E34D,RPRS,Republic Resources Inc,NASDAQ,no unique public CIK match
AVC3F661E466CA526E6,AVS67857FC3A972EC02,RRD,R.R. Donnelley & Sons Company,NASDAQ,no unique public CIK match
AVCD21C8B3E6840A575,AVSD092A61C372C7813,RRM,RR Media Ltd,NASDAQ,no unique public CIK match
AVCD21C8B3E6840A575,AVS7142376C2FC56CAC,RRM,RR Media Ltd,NASDAQ,no unique public CIK match
AVC23D35CA6F6695EC5,AVS5F39203E930B2039,RRMS,Rose Rock Midstream LP,NYSE,no unique public CIK match
AVC23D35CA6F6695EC5,AVSA7057266CB098BCB,RRMS,Rose Rock Midstream LP,NYSE,no unique public CIK match
AVCFBF7908D876A3264,AVS77C8DAE501C4DD69,RSTI,RofinSinar Technologies,NASDAQ,no unique public CIK match
AVCFBF7908D876A3264,AVS05E551D00470E232,RSTI,RofinSinar Technologies,NASDAQ,no unique public CIK match
AVCA35A4C0A4B175960,AVS6D440843A8893A64,RTIX,Surgalign Holdings,NASDAQ,no unique public CIK match
AVC13B888FDE515315D,AVS98B3AB7CD2D8C007,RTL,Necessity Retail REIT Inc (The) - Class A,NASDAQ,no unique public CIK match
AVCCD49F3773C54DAB4,AVSA36A32B3F4874C6D,RTLPP,Necessity Retail REIT Inc (The),NASDAQ,no unique public CIK match
AVCC034610D8766AAA8,AVSD23F04497872BFE4,RTLR,Rattler Midstream Lp,NASDAQ,no unique public CIK match
AVC3D9D8A828E8AF939,AVSAC3DC616C6A2ED5A,RTLX,RETALIX LTD Foreign,NASDAQ,no unique public CIK match
AVC3D9D8A828E8AF939,AVSD68494FD4C5B755F,RTLX,RETALIX LTD Foreign,NASDAQ,no unique public CIK match
AVCBD732730BD39834D,AVS3D1726F4FCC299D6,RTW,New York Company Inc,NYSE,no unique public CIK match
AVCB196FC06E2C7FB10,AVSB9EAE5DB24A38D36,RUHN,Ruhnn Holding Ltd,NASDAQ,no unique public CIK match
AVC2D430956E3C4BA7A,AVSB3224FC4EFA8F4FC,RUK,Reed Elsevier PLC,NYSE,no unique public CIK match
AVC2D430956E3C4BA7A,AVS9C156301F4CC36D4,RUK,Reed Elsevier PLC,NYSE,no unique public CIK match
AVC01167B7D811139CF,AVS5F754D41BAECDDE6,RVM,Revett Minerals Inc ADR,NYSE,no unique public CIK match
AVC01167B7D811139CF,AVS612DD52CFB92704F,RVM,Revett Minerals Inc ADR,NYSE,no unique public CIK match
AVC0EBEC7D9C5ADF649,AVS5BC1B252DF46F4B9,RVPH,Reviva Pharmaceuticals Holdings Inc,NASDAQ,no unique public CIK match
AVC6820CBA933433C7F,AVSEC7CC1E42CFC4B2E,RWGE,Regalwood Global Energy Ltd Class A,NYSE,no unique public CIK match
AVC6820CBA933433C7F,AVSC374E6B4D2ECFC29,RWGE,Regalwood Global Energy Ltd Class A,NYSE,no unique public CIK match
AVC7F05AC2E68B67652,AVSBCF00A1FF0091A0C,RYCE,Amira Nature Foods Ltd,NYSE,no unique public CIK match
AVC6F0A82C323B4E175,AVSE1962CA4B41A739F,SAB,Grupo Casa Saba SA De CV,NYSE,no unique public CIK match
AVCE3B0C44298FC1C14,AVSEDBFA386E245D755,SABA,,NASDAQ,no unique public CIK match
AVCE3B0C44298FC1C14,AVSC62D9A2844A8C197,SABA,,NASDAQ,no unique public CIK match
AVCD140289BBB872A7C,AVS181B6F4926EAF196,SAND,Sandstorm Gold Ltd,NYSE,no unique public CIK match
AVCCADC5689DE66B5D3,AVS8F42720B9A9881D6,SAQ-CL,Saratoga Investment Corp 7.50 Notes due 2020,NYSE,no unique public CIK match
AVCCADC5689DE66B5D3,AVS8990AE7390FCF6A1,SAQ-CL,Saratoga Investment Corp 7.50 Notes due 2020,NYSE,no unique public CIK match
AVCD50AA354367C6016,AVS4A8E8A05860F3204,SASI,Sigma Additive Solutions Inc,NASDAQ,no unique public CIK match
AVCE5422E8FFE65AB51,AVS0E1A401507EF874E,SBBC,SECURITY BUS BCP CA,NYSE,no unique public CIK match
AVCE5422E8FFE65AB51,AVSFE54DF7D6A184B30,SBBC,SECURITY BUS BCP CA,NYSE,no unique public CIK match
AVC12A3709568E8200D,AVS9D6E684262A6BFC8,SBLKL,Star Bulk Carriers Corp,NASDAQ,no unique public CIK match
AVC12A3709568E8200D,AVSA83287F51589A180,SBLKL,Star Bulk Carriers Corp,NASDAQ,no unique public CIK match
AVC12A3709568E8200D,AVSBAB7DF7CF7A43302,SBLKZ,Star Bulk Carriers Corp,NASDAQ,no unique public CIK match
AVC726C7F49822F5CF0,AVS0E26CB8F69BC392D,SBNA,Scorpio Tankers Inc,NYSE,no unique public CIK match
AVC726C7F49822F5CF0,AVS48642849CF7A0CDB,SBNB,Scorpio Tankers Inc,NYSE,no unique public CIK match
AVC726C7F49822F5CF0,AVS62232F4A7C47AE7D,SBNB,Scorpio Tankers Inc,NYSE,no unique public CIK match
AVC240455DC4DEF5867,AVS91717F1CEC932FB2,SBUFQ,Staceys Buffet Inc,NASDAQ,no unique public CIK match
AVC240455DC4DEF5867,AVS58DA57F8F6BF2E8E,SBUFQ,Staceys Buffet Inc,NASDAQ,no unique public CIK match
AVC841AF9808896FF5F,AVSBCBB1AB15F1EF8DA,SCG,SCANA Corp,NYSE,no unique public CIK match
AVC841AF9808896FF5F,AVS9AD4C36F623EFF93,SCG,SCANA Corp,NYSE,no unique public CIK match
AVC38E1C5E30E12624A,AVS4E1C8AF790D17578,SCPE,Sc Health Corp - Class A,NYSE,no unique public CIK match
AVCBE08BFA2644C8891,AVS01FEB9C5F2A30FEE,SCPL,Sciplay Corp - Class A,NASDAQ,no unique public CIK match
AVC8831374C8A7381AA,AVS1BA8DC70A9442610,SCS,Steelcase Inc - Class A,NYSE,no unique public CIK match
AVCACDB9AD32A2BCB41,AVSC15D791BA1E99A83,SCTL,Societal CDMO Inc,NASDAQ,no unique public CIK match
AVC841AF9808896FF5F,AVSE5667C489330CC3C,SCU,SCANA Corp,NYSE,no unique public CIK match
AVC841AF9808896FF5F,AVS0032006A0C16B949,SCU,SCANA Corp,NYSE,no unique public CIK match
AVC7AE73281359FCFD4,AVSECDB89816F9FF6C7,SCU,Sculptor Capital Management Inc - Class A,NYSE,no unique public CIK match
AVC8F025BAE095686AA,AVS5AFA8D655708D545,SCWX,SecureWorks Corp - Class A,NASDAQ,no unique public CIK match
AVCE466CDCA40950514,AVS96F26A3C426DDAF3,SCX,L.S. Starrett Co. - Class A,NYSE,no unique public CIK match
AVC4335A3381CB16B34,AVS0579F8E9600C2092,SDLP,Seadrill Partners LLC,NYSE,no unique public CIK match
AVC4335A3381CB16B34,AVSAA3DDF5F094E29BF,SDLP,Seadrill Partners LLC,NYSE,no unique public CIK match
AVC4DC8A426E1D01E87,AVSD7B3E38272E2DCBF,SEE,Sealed Air Corp,NYSE,no unique public CIK match
AVC8600B28995B1D887,AVS6F04D33568A27BEC,SEHI,Stadium Entertainment Hldgs Inc,NASDAQ,no unique public CIK match
AVC8600B28995B1D887,AVSF45D5AA8A6C3B11F,SEHI,Stadium Entertainment Hldgs Inc,NASDAQ,no unique public CIK match
AVC0AEDE15B0A54070A,AVS5F0AEEDC372FBF76,SFN-CL,Stifel Financial Corporation 5.375 Senior Notes due December 2022,NYSE,no unique public CIK match
AVCEF4F04B145DB73DD,AVS5E3B6B52266BE044,SFS,Smart Final Stores Inc,NYSE,no unique public CIK match
AVCEF4F04B145DB73DD,AVS9250639C62F7D70C,SFS,Smart Final Stores Inc,NYSE,no unique public CIK match
AVC23A328015ED0D6B3,AVS07E3FBF6FF58DDC5,SGBK,Stonegate Bank,NASDAQ,no unique public CIK match
AVC23A328015ED0D6B3,AVS36AB909DCD8B87AC,SGBK,Stonegate Bank,NASDAQ,no unique public CIK match
AVC4D1A34852B54625D,AVS67CBC1895D141931,SGEN,Seagen Inc,NASDAQ,no unique public CIK match
AVC3768C7575CF0C0D4,AVS94C657728B782152,SGZA-CL,Selective Insurance Group Inc 5875 Senior Notes due 2043,NYSE,no unique public CIK match
AVC873CEA6C70160404,AVSF02CFDD4463173D6,SHF,Schiff Nutrition International Inc Cl A,NASDAQ,no unique public CIK match
AVC873CEA6C70160404,AVSF4883E0580038208,SHF,Schiff Nutrition International Inc Cl A,NASDAQ,no unique public CIK match
AVC329FC464667C5541,AVS9C6431A0DF378E11,SHI,Sinopec Shanghai Petrochemical Co. Ltd,NYSE,no unique public CIK match
AVCA2A832D68DD84143,AVS9CC1CBA81F283854,SHLM,A. Schulman Inc,NASDAQ,no unique public CIK match
AVCA2A832D68DD84143,AVS89186A8E1A07651D,SHLM,A. Schulman Inc,NASDAQ,no unique public CIK match
AVCE69BA76629085F06,AVSD9632865157B6F50,SHP,ShangPharma Corp Foreign,NYSE,no unique public CIK match
AVCE69BA76629085F06,AVS4789E8B198AF448E,SHP,ShangPharma Corp Foreign,NYSE,no unique public CIK match
AVC7E4E8008E3F4360C,AVSC4D57961DB7A124D,SHPG,Shire PLC ADR,NASDAQ,no unique public CIK match
AVC7E4E8008E3F4360C,AVSD86A420567921897,SHPG,Shire PLC ADR,NASDAQ,no unique public CIK match
AVC52FBA89CA82D5587,AVS1341FDED0E967BB8,SHS,SauerDanfoss Inc,NYSE,no unique public CIK match
AVC52FBA89CA82D5587,AVSA7E090B0862E35D6,SHS,SauerDanfoss Inc,NYSE,no unique public CIK match
AVCB4A08BE0E47F8C9A,AVS6B5192D1D1CFC620,SHYF,Shyft Group Inc (The),NASDAQ,no unique public CIK match
AVCFAC51611F73DB9C6,AVS023DB8790DFD4D5E,SIAL,SigmaAldrich Corp,NASDAQ,no unique public CIK match
AVCFAC51611F73DB9C6,AVS6186A892DCE1BE1A,SIAL,SigmaAldrich Corp,NASDAQ,no unique public CIK match
AVCCB8C7C22A2AB3CD9,AVSBA1F2596EA356F50,SIC,Select Interior Concepts Inc - Class A,NASDAQ,no unique public CIK match
AVCE7AEA8426020EC41,AVSC6B5805E5FD08E55,SIFI,SI Financial Group Inc,NASDAQ,no unique public CIK match
AVCE7AEA8426020EC41,AVS90F2225876695B30,SIFI,SI Financial Group Inc,NASDAQ,no unique public CIK match
AVC7CC93C0B0AF2F575,AVS246017CED91EE5E1,SILK,Silk Road Medical Inc,NASDAQ,no unique public CIK match
AVCA209A6F113588E72,AVS3827B93C51A65868,SILV,SilverCrest Metals Inc,NYSE MKT,no unique public CIK match
AVCEF014CE3721B7F20,AVSFA48224DAF535D21,SINA,Sina Corp,NASDAQ,no unique public CIK match
AVCC8AD95554A5F58A1,AVS314BA8E677B2E91E,SIRE,Sisecam Resources LP,NYSE,no unique public CIK match
AVCE3B0C44298FC1C14,AVSB4CBB790125F2705,SITC-P-J-CL,,NYSE,no unique public CIK match
AVCE600964D07B04368,AVS21B9B5A4D7DEB8EC,SJR,Shaw Communications Inc - Class B,NYSE,no unique public CIK match
AVC4E39ED898512E16E,AVS5A2C2D8F982D5983,SKBI,Skystar BioPharmaceutical Company,NASDAQ,no unique public CIK match
AVC4E39ED898512E16E,AVSAF34267E0FC7B315,SKBI,Skystar BioPharmaceutical Company,NASDAQ,no unique public CIK match
AVCDF596A571C9A390D,AVS8AC6E719DA15D448,SKP,SCPIE HOLDINGS INC,NYSE,no unique public CIK match
AVCDF596A571C9A390D,AVS8140D062107C3727,SKP,SCPIE HOLDINGS INC,NYSE,no unique public CIK match
AVCAD6DE3F91D550BE5,AVS5D38D908D95E6974,SKX,Skechers U S A Inc - Class A,NYSE,no unique public CIK match
AVCDC087E46B4397738,AVS05A8305FDB0865F9,SKYS,Sky Solar Holdings Ltd,NASDAQ,no unique public CIK match
AVC3C2C62F1BB01D4F5,AVSF017E0F7A2DE1A60,SLAIY,SOLAI Ltd,NYSE,no unique public CIK match
AVC6221817262FC9F15,AVS469BF4EAB8C598AC,SLDA,Sutherland Asset Management Corporation 7.00 Convertible Senior Notes due 2023,NYSE,no unique public CIK match
AVC6221817262FC9F15,AVS9CB2E03E54D787C0,SLDA,Sutherland Asset Management Corporation 7.00 Convertible Senior Notes due 2023,NYSE,no unique public CIK match
AVC8C2AC21DD2BC4C19,AVS4E1A9E570B62AA33,SLDD,Sutherland Asset Management Corporation 6.50 Senior Notes due 2021,NYSE,no unique public CIK match
AVC8C2AC21DD2BC4C19,AVS1ECF77AF6136EB7B,SLDD,Sutherland Asset Management Corporation 6.50 Senior Notes due 2021,NYSE,no unique public CIK match
AVCD6C951C2967B1788,AVS5199C84F0768A9AC,SLRA,Solar Capital Ltd Pfd.,NYSE,no unique public CIK match
AVCD6C951C2967B1788,AVS830C9846190FAF4D,SLRA,Solar Capital Ltd Pfd.,NYSE,no unique public CIK match
AVCCCC1E3C0768EB070,AVS82FDE2E07E6949AE,SLRX,Decoy Therapeutics Inc,NASDAQ,no unique public CIK match
AVCAA387F480E0C08E1,AVSAE0B6C66328D90E1,SLTB,Scorpio Bulkers Inc 75 Sr Nt 09152019,NYSE,no unique public CIK match
AVCAA387F480E0C08E1,AVS7FF5A328F3943C06,SLTB,Scorpio Bulkers Inc 75 Sr Nt 09152019,NYSE,no unique public CIK match
AVC68731DAA77974D7C,AVS296B64322F0C752C,SLTB-CL,Scorpio Bulkers Inc. 7.50 Senior Notes due 2019,NYSE,no unique public CIK match
AVC2F64386B0C6031A5,AVS1A10CA243A9EB508,SLW,Silver Wheaton Corp. USA,NYSE,no unique public CIK match
AVC2F64386B0C6031A5,AVS62C1B63DE3F7A889,SLW,Silver Wheaton Corp. USA,NYSE,no unique public CIK match
AVCD7357B5E35F97E89,AVS4D08B4089F0CC488,SMAR,Smartsheet Inc - Class A,NYSE,no unique public CIK match
AVC2E7FDAB48FB3E78F,AVSAE3E2234C9FD2BC9,SMT,SMART Technologies Inc,NASDAQ,no unique public CIK match
AVC2E7FDAB48FB3E78F,AVS10AB1B8E4610EFDD,SMT,SMART Technologies Inc,NASDAQ,no unique public CIK match
AVCC81CB85DED74B5FE,AVS16781DAA4B904E56,SMTA,Spirit MTA REIT of Beneficial Interest,NYSE,no unique public CIK match
AVCB5C8480247C48A3E,AVS4E47CCA1F58E8CA2,SNAX,Stryve Foods Inc - Class A,NASDAQ,no unique public CIK match
AVC9D71F11DBCFDFA8E,AVS47C7758133AF58C5,SNDEQ,Sundance Energy Inc,NASDAQ,no unique public CIK match
AVC7921C126F8959012,AVSBC799EF2B678D750,SNMP,Evolve Transition Infrastructure LP,NYSE MKT,no unique public CIK match
AVCE05908857363CA68,AVS3862E31513946B72,SODA,SodaStream International Ltd,NASDAQ,no unique public CIK match
AVCE05908857363CA68,AVSAEFF0EF7A00D272E,SODA,SodaStream International Ltd,NASDAQ,no unique public CIK match
AVCAB96360283B6E3C2,AVS1C07EC77638CE1DD,SOGO,Sogou Inc,NYSE,no unique public CIK match
AVCEEEDCFCF975B6D16,AVSA8ECC6127727697A,SOHOK,Sotherly Hotels LP 725 Senior Unsecured Notes Due 2021,NASDAQ,no unique public CIK match
AVCEEEDCFCF975B6D16,AVS521928ABEEED6102,SOHOK,Sotherly Hotels LP 725 Senior Unsecured Notes Due 2021,NASDAQ,no unique public CIK match
AVC5F1137B7BD2A9483,AVS6EABD72342086268,SOHOL,Sotherly Hotels LP 8.00 Sr Unsecured Nts 09302018,NASDAQ,no unique public CIK match
AVC5F1137B7BD2A9483,AVS3CB26347FFF8B288,SOHOL,Sotherly Hotels LP 8.00 Sr Unsecured Nts 09302018,NASDAQ,no unique public CIK match
AVCCD62923661DA673E,AVS5D4B80734BE1CFA9,SOHOM,Sotherly Hotels LP 7.000 Sr Nt 11152019,NASDAQ,no unique public CIK match
AVCCD62923661DA673E,AVS6EC2ADC6A770A48C,SOHOM,Sotherly Hotels LP 7.000 Sr Nt 11152019,NASDAQ,no unique public CIK match
AVCA58B21B6F80ECD2C,AVS74CCB8ED5DFC4456,SOL,Emeren Group Ltd,NYSE,no unique public CIK match
AVCA6365C14C9473136,AVSC5A1138B31728376,SOL,SOL Investments Corp,NYSE,no unique public CIK match
AVCE2262D542BAD4DBE,AVSEE57CD115C931D0C,SOLO,Electrameccanica Vehicles Corp,NASDAQ,no unique public CIK match
AVC2AB1A59FFF5E3F6A,AVSD224F15693C40983,SOMX,Pernix Sleep Inc,NASDAQ,no unique public CIK match
AVC2AB1A59FFF5E3F6A,AVSDF5A3637B46B48D0,SOMX,Pernix Sleep Inc,NASDAQ,no unique public CIK match
AVC4D5D4BF32E062D50,AVSE4F796B44166D709,SONG,Akazoo S.A,NASDAQ,no unique public CIK match
AVC4EDB3864DE94E42E,AVS6BEEC0A5929C0D34,SONN,Sonnet BioTherapeutics Holdings Inc,NASDAQ,no unique public CIK match
AVC232BAC5E6BB24650,AVSBF259603A51DD6AC,SOQ,Sonde Resources Corp,NYSE MKT,no unique public CIK match
AVC848E31095DF45702,AVSD736DE25A21B3DEE,SPAN,SpanAmerica Medical Systems Inc,NASDAQ,no unique public CIK match
AVC848E31095DF45702,AVS5991B28FCD35FC2E,SPAN,SpanAmerica Medical Systems Inc,NASDAQ,no unique public CIK match
AVCAB366D3BDEE33E29,AVS565AFE44553F3CA0,SPF,Standard Pacific Corp,NYSE,no unique public CIK match
AVCAB366D3BDEE33E29,AVS99AE65012E33D544,SPF,Standard Pacific Corp,NYSE,no unique public CIK match
AVC74716F88B3673FCE,AVSF75D02DE977D58F2,SPIL,Siliconware Precision Industries Company Ltd,NASDAQ,no unique public CIK match
AVC74716F88B3673FCE,AVSC3C4151D7C0550EB,SPIL,Siliconware Precision Industries Company Ltd,NASDAQ,no unique public CIK match
AVCDEEF4330BD41E73F,AVSC502884A9D60C07C,SPNS,Sapiens International Corp NV,NASDAQ,no unique public CIK match
AVCCDACC18DE1BA48EC,AVS56840C53D2A7F7D8,SPR,Spirit Aerosystems Holdings Inc - Class A,NYSE,no unique public CIK match
AVCF258D5E45DFB62DF,AVSCF12B0CDC228FEDF,SPRD,SPREADTRUM COMMUNICATIONS INC Foreign,NASDAQ,no unique public CIK match
AVCF258D5E45DFB62DF,AVSD7A47E249E2C10DA,SPRD,SPREADTRUM COMMUNICATIONS INC Foreign,NASDAQ,no unique public CIK match
AVC84E02E5D5D378A3E,AVSFE293E5FA411CE39,SPSX,SUPERIOR ESSEX INC,NASDAQ,no unique public CIK match
AVCEC236A9C2BEA2A38,AVSD89DF0B7E1FED249,SRAQU,SRAQU,NASDAQ,no unique public CIK match
AVCEC236A9C2BEA2A38,AVS72F78A172F37FA88,SRAQU,SRAQU,NASDAQ,no unique public CIK match
AVC989657C126383AD7,AVSB8BD2329484F681B,SRC,Spirit Realty Capital Inc,NYSE,no unique public CIK match
AVC90FAE1568614E647,AVS2F9D253A542AAB39,SRCLP,SRCLP,NASDAQ,no unique public CIK match
AVC90FAE1568614E647,AVSDCAE57AA24A10131,SRCLP,SRCLP,NASDAQ,no unique public CIK match
AVCCBB2D8CC8DC6F854,AVSE75C897AE34116D9,SRSC,Sears Canada Inc,NASDAQ,no unique public CIK match
AVCCBB2D8CC8DC6F854,AVS34C4C5563979504D,SRSC,Sears Canada Inc,NASDAQ,no unique public CIK match
AVC8C74D8298F6C7534,AVSFFF40C2AF8631998,SRUN,Silver Run Acquisition Corporation II,NASDAQ,no unique public CIK match
AVC8C74D8298F6C7534,AVS121C39EB2B481969,SRUN,Silver Run Acquisition Corporation II,NASDAQ,no unique public CIK match
AVC9B7A566483B4D5C5,AVSEA3B301551D6AA50,SRVY,GREENFIELD ONLINE INC,NASDAQ,no unique public CIK match
AVC3D046F0D6BEDE9ED,AVS326A407A2EC2BD85,SRXH,SRX Global Inc,NYSE MKT,no unique public CIK match
AVC24F39133391D8F90,AVSACEB110EF2E9676A,SSBI,Summit State Bank,NASDAQ,no unique public CIK match
AVC19091EA5FB8AD8ED,AVS719522EB947051E2,SSRI,Silver Standard Resources Inc,NASDAQ,no unique public CIK match
AVC19091EA5FB8AD8ED,AVSC4C77EB090CF51CA,SSRI,Silver Standard Resources Inc,NASDAQ,no unique public CIK match
AVC459C7A48114118AF,AVSAF04C43697D10B63,SSRX,3SBio Inc. Foreign,NASDAQ,no unique public CIK match
AVC459C7A48114118AF,AVSD15DDE547F78BA75,SSRX,3SBio Inc. Foreign,NASDAQ,no unique public CIK match
AVC0DA9AD622DC65469,AVSA1C73D9E0AFBEAE3,SSW,Seaspan Corp,NYSE,no unique public CIK match
AVC6E70CF16852603EF,AVS0A540B2DA6C74F6D,SSWA,Seaspan Corporation 7125 Notes due 2027,NYSE,no unique public CIK match
AVC0DA9AD622DC65469,AVSA1FEDA45B0EB6F75,SSWN,Seaspan Corp,NYSE,no unique public CIK match
AVC0DA9AD622DC65469,AVS7834BF075027FBE1,SSWN,Seaspan Corp,NYSE,no unique public CIK match
AVC53116A699B7A74A2,AVS44895AD79CB4AC58,STB,Student Transportation Inc,NASDAQ,no unique public CIK match
AVC53116A699B7A74A2,AVS8C15FFF32A8766FF,STB,Student Transportation Inc,NASDAQ,no unique public CIK match
AVC2100469D633B5FF7,AVS6B3303F5E91C3A64,STBC,State Bancorp Inc.NY,NASDAQ,no unique public CIK match
AVC2100469D633B5FF7,AVS6FE1BB3EA6CEABAC,STBC,State Bancorp Inc.NY,NASDAQ,no unique public CIK match
AVCECA923FE21D9F6E2,AVSCF879CF0023CDB35,STEL,Stellar Bancorp Inc,NYSE,no unique public CIK match
AVCFE2807914D19F5AA,AVSCDE59EDE06626081,STL,Sterling Bancorp.,NYSE,no unique public CIK match
AVCFCCFEB8208C3D1F3,AVS54C566D9381A2666,STO,Statoil ASA,NYSE,no unique public CIK match
AVCFCCFEB8208C3D1F3,AVSBB5B837B05E351B1,STO,Statoil ASA,NYSE,no unique public CIK match
AVC3343E2B4B7996B1C,AVSE1D7CC9FCAE81049,STON,Everstory Partners,NYSE,no unique public CIK match
AVCF6841313E7A38CC4,AVSC3D5EBEAE85D8653,STR,Sitio Royalties Corp - Class A,NYSE,no unique public CIK match
AVC255E666DF2733B96,AVS6320A3117AA19168,STSA,Satsuma Pharmaceuticals Inc,NASDAQ,no unique public CIK match
AVC1737AD0B134211AF,AVSEEFC1BDC9E0BDB35,STSA,Sterling Financial Corp,NASDAQ,no unique public CIK match
AVC1737AD0B134211AF,AVS130AB2B495F1BA3B,STSA,Sterling Financial Corp,NASDAQ,no unique public CIK match
AVCE3B0C44298FC1C14,AVS6ED3F4BCBFF108C7,STT-P-E-CL,,NYSE,no unique public CIK match
AVC985E29BEB4FB5927,AVS93A39D1800BA995D,STV,China Digital TV Holding Company. Ltd.ADR,NYSE,no unique public CIK match
AVC985E29BEB4FB5927,AVSE0598472F709C800,STV,China Digital TV Holding Company. Ltd.ADR,NYSE,no unique public CIK match
AVC469901A2553C5AD0,AVS241F440D5CB78714,STXN,STRATEX NETWORKS INC,NASDAQ,no unique public CIK match
AVC469901A2553C5AD0,AVS030B2A6A0E9D701D,STXN,STRATEX NETWORKS INC,NASDAQ,no unique public CIK match
AVC672924B13FE251E6,AVS3180C79B7104D340,STZ-B,Constellation Brands Inc - Class B,NYSE,no unique public CIK match
AVC734DF205AF4AA6B0,AVSF27FF17DA7D4B007,SUM,Summit Materials Inc - Class A,NYSE,no unique public CIK match
AVCA6B5A0A43C71F965,AVS552C2521591D73E8,SVLC,Silvercrest Mines Inc,NYSE,no unique public CIK match
AVCA6B5A0A43C71F965,AVS8C85807693087E3B,SVLC,Silvercrest Mines Inc,NYSE,no unique public CIK match
AVC4FE983EA722810A3,AVSC4C45E4F90E22D42,SVN,7 Days Group Holdings LTD Foreign,NYSE,no unique public CIK match
AVC4FE983EA722810A3,AVS687E43FE01A76459,SVN,7 Days Group Holdings LTD Foreign,NYSE,no unique public CIK match
AVC9513E56473944AE4,AVS5581820910F49E51,SVT,Servotronics Inc,NYSE MKT,no unique public CIK match
AVC8824B2D98874AB28,AVSED6A05EEAB736316,SWAV,Shockwave Medical Inc,NASDAQ,no unique public CIK match
AVC8001CFF4D68C99B3,AVS0DF27732BA513121,SWC,Stillwater Mining Company,NYSE,no unique public CIK match
AVC8001CFF4D68C99B3,AVSF32AB43070945BBD,SWC,Stillwater Mining Company,NYSE,no unique public CIK match
AVC14E6EE781776F294,AVSEEE6F9DA469BB99E,SWCH,Switch Inc - Class A,NYSE,no unique public CIK match
AVC2C9BAC75FBC77F76,AVS61BCE1A0CDAA3F8E,SWIR,Sierra Wireless Inc,NASDAQ,no unique public CIK match
AVCE3DAA87DEF5F7424,AVSCDDAF2B07550DC26,SWJ-CL,Stanley Black Decker Inc 575 Junior Subordinated Debenture due 2052,NYSE,no unique public CIK match
AVCA21D42420E345E57,AVS48EA88B1539B00A8,SWTX,SpringWorks Therapeutics Inc,NASDAQ,no unique public CIK match
AVC6C1EF080D7746B1A,AVSBE29038225A84A48,SXCP,SunCoke Energy Partners LP,NYSE,no unique public CIK match
AVC6C1EF080D7746B1A,AVSCA4588101B11AB5F,SXCP,SunCoke Energy Partners LP,NYSE,no unique public CIK match
AVC3EEC1AB2765B9827,AVS0CEAB359F4C4B670,SYNH,Syneos Health Inc - Class A,NASDAQ,no unique public CIK match
AVCF8E26B88412BE443,AVSCACEDB6FDD6C5028,SYT,Syngenta AG,NYSE,no unique public CIK match
AVCF8E26B88412BE443,AVS1A6AEA68BE643B1D,SYT,Syngenta AG,NYSE,no unique public CIK match
AVC9E6A9B764DA2958B,AVSCECE688998F5BED0,TAHO,Tahoe Resources Inc,NYSE,no unique public CIK match
AVC9E6A9B764DA2958B,AVS32A3F34D95D30354,TAHO,Tahoe Resources Inc,NYSE,no unique public CIK match
AVC52DAB64A95F5AFE2,AVS8A36CA70317874D5,TAOM,Taomee Holdings Ltd ADR,NYSE,no unique public CIK match
AVC52DAB64A95F5AFE2,AVS926BDA5725BB703F,TAOM,Taomee Holdings Ltd ADR,NYSE,no unique public CIK match
AVCEE7E70CA9314E3DE,AVS045E9AF8A4422399,TARO,Taro Pharmaceutical Industries,NYSE,no unique public CIK match
AVCD790C514A3F015E9,AVS9E5D3B90F1B16AF3,TASIF,Tasman Metals Ltd,NYSE,no unique public CIK match
AVCD790C514A3F015E9,AVS98805145083355E7,TASIF,Tasman Metals Ltd,NYSE,no unique public CIK match
AVC48EDAB5D49BFB58A,AVSB56B30B6633FC78A,TBRG,TruBridge Inc,NASDAQ,no unique public CIK match
AVCC0548E3361285F1A,AVSD87D9D4E911DA183,TCBIL,Texas Capital Bancshares Inc,NASDAQ,no unique public CIK match
AVCC0548E3361285F1A,AVS6CCF417351220410,TCBIP,Texas Capital Bancshares Inc,NASDAQ,no unique public CIK match
AVCE3B0C44298FC1C14,AVS483F11D2FAF79122,TCC,,NYSE,no unique public CIK match
AVCE3B0C44298FC1C14,AVSE837ACA94C8A212D,TCC,,NYSE,no unique public CIK match
AVC07732E951A3CABFA,AVSC09102A4D9EF1269,TCCA,Triangle Capital Corp Pfd.,NYSE,no unique public CIK match
AVC07732E951A3CABFA,AVS2A72CEEC5AFB36C1,TCCA,Triangle Capital Corp Pfd.,NYSE,no unique public CIK match
AVC76A1F0E13B3C0A61,AVSE8F6664CE3A1DBD2,TCCB,Triangle Capital Corp 6.375 Nt 03152022,NYSE,no unique public CIK match
AVC76A1F0E13B3C0A61,AVS519264B85DAC4782,TCCB,Triangle Capital Corp 6.375 Nt 03152022,NYSE,no unique public CIK match
AVC142C88759D857A14,AVS2EEC89815F1747BC,TCGP,The Carlyle Group LP,NASDAQ,no unique public CIK match
AVC142C88759D857A14,AVS2005643F9AE6D947,TCGP,The Carlyle Group LP,NASDAQ,no unique public CIK match
AVCDC3D35337C34DA10,AVS8E5178FFB293AD52,TCN,Tricon Residential Inc,NYSE,no unique public CIK match
AVCD0333D9FE54A98AD,AVSFAE853EAC22E6288,TCRX,THL Credit Inc. 6.750 Sr Nt 11152021,NYSE,no unique public CIK match
AVCD0333D9FE54A98AD,AVS0E3D9BF4B5A4AF86,TCRX,THL Credit Inc. 6.750 Sr Nt 11152021,NYSE,no unique public CIK match
AVCBF8A9C35E8466108,AVSE8E3CD40295C2CAB,TCRX-CL,THL Credit Inc. 6.75 Notes due 2021,NYSE,no unique public CIK match
AVCF432B946610C0745,AVSFC0F8702201295E3,TDA,Telephone And Data Systems Inc,NYSE,no unique public CIK match
AVCF432B946610C0745,AVSAD100B69E3D97934,TDE,Telephone And Data Systems Inc,NYSE,no unique public CIK match
AVCF432B946610C0745,AVSD581CC4651569C5F,TDI,Telephone And Data Systems Inc,NYSE,no unique public CIK match
AVCF432B946610C0745,AVS24EE78A86AB8BFC0,TDJ,Telephone And Data Systems Inc,NYSE,no unique public CIK match
AVCF56201DA6B781932,AVS8E50DC2241338118,TECTP,Tectonic Financial Inc,NASDAQ,no unique public CIK match
AVC0A59394C1FA6BB21,AVSC3C007AC52C34C3F,TELL,Tellurian Inc,NYSE MKT,no unique public CIK match
AVC7424FC1D7F2D5981,AVS6C931E0D4074F748,TEOZF,Altera Infrastructure L.P,NYSE,no unique public CIK match
AVC78B9C5DDCF5B5BB4,AVS1FCE2F77DF7560B9,TERP,TerraForm Power Inc - Class A (New),NASDAQ,no unique public CIK match
AVCBAAA1AE2CC0B52E2,AVS60DA27DEAEF00B3B,TESO,Tesco Corporation USA,NASDAQ,no unique public CIK match
AVCBAAA1AE2CC0B52E2,AVS8FE4E3D9078ACC67,TESO,Tesco Corporation USA,NASDAQ,no unique public CIK match
AVCFAA44EAFC41F93FA,AVS45CE8F53A5767F3F,TFCF,TwentyFirst Century Fox Inc,NASDAQ,no unique public CIK match
AVCFAA44EAFC41F93FA,AVS1815DBF93D282AD6,TFCF,TwentyFirst Century Fox Inc,NASDAQ,no unique public CIK match
AVCFAA44EAFC41F93FA,AVS2BE8B0206FF0C301,TFCFA,TwentyFirst Century Fox Inc,NASDAQ,no unique public CIK match
AVCFAA44EAFC41F93FA,AVS9BC915E3E94C5764,TFCFA,TwentyFirst Century Fox Inc,NASDAQ,no unique public CIK match
AVC85066D48ABFA1EC9,AVS6A70980981596DD2,TFFP,Tff Pharmaceuticals Inc,NASDAQ,no unique public CIK match
AVC5C1ED9582B248E38,AVS1D687DC5B2F20CAB,TFG,Fixed Income Trust for Goldman Sachs Subordinated Notes Series 20111,NYSE,no unique public CIK match
AVC5C1ED9582B248E38,AVSB2430B163EF7C6A6,TFG,Fixed Income Trust for Goldman Sachs Subordinated Notes Series 20111,NYSE,no unique public CIK match
AVCF43CC3B07C851801,AVS9BA845F1BF14C3EA,TGD,Timmins Gold Corp,NYSE,no unique public CIK match
AVCF43CC3B07C851801,AVS85748C6A905EC7DD,TGD,Timmins Gold Corp,NYSE,no unique public CIK match
AVCBE815D9E4AE490C3,AVS1232C11827B7CA07,TGH,Textainer Group Holdings Ltd,NYSE,no unique public CIK match
AVC6E6765AB252A690D,AVS768D61B60B8EADD6,TGP,Seapeak LLC,NYSE,no unique public CIK match
AVC39D6AA76E3F2CBA4,AVSCE50A97AD9A4EC39,THBR,Thunder Bridge Acquisition II Ltd - Class A,NASDAQ,no unique public CIK match
AVC83784ED37285BCE0,AVS5BEFA85086B3328C,THCA,Tuscan Holdings Corp II,NASDAQ,no unique public CIK match
AVCF8FADFF5A9A23FFE,AVS73253DFBE2358B63,THI,Tim Hortons Inc. USA,NYSE,no unique public CIK match
AVCF8FADFF5A9A23FFE,AVS3EBBC3E4297B77C4,THI,Tim Hortons Inc. USA,NYSE,no unique public CIK match
AVC8BCEA26D154B0A40,AVS9EB9328BD1CE673B,THMD,THERMADYNE HOLDINGS CORP,NASDAQ,no unique public CIK match
AVC8BCEA26D154B0A40,AVS857FD116E1C49516,THMD,THERMADYNE HOLDINGS CORP,NASDAQ,no unique public CIK match
AVC65830F14C5F87EB9,AVSFA155EADB9D8E697,THTX,Theratechnologies Inc,NASDAQ,no unique public CIK match
AVC6A112C1411E44A14,AVSEF7A22CBEF4D7D6F,TI,Telecom Italia SpA,NYSE,no unique public CIK match
AVC6A112C1411E44A14,AVSCB00B46570E7F876,TI,Telecom Italia SpA,NYSE,no unique public CIK match
AVC6A112C1411E44A14,AVS3DE98992F151B2F9,TI-A,Telecom Italia SpA,NYSE,no unique public CIK match
AVC6A112C1411E44A14,AVS36EBAA65062A22FA,TI-A,Telecom Italia SpA,NYSE,no unique public CIK match
AVC591BDED0FCED1FC0,AVSBC0F31B2A8962016,TICCL,TICC Capital Corp. 6.50 Notes due 2024,NASDAQ,no unique public CIK match
AVC591BDED0FCED1FC0,AVSD8A91A8909AE7924,TICCL,TICC Capital Corp. 6.50 Notes due 2024,NASDAQ,no unique public CIK match
AVC79A60E73476133F8,AVSA32401BF151B9A0C,TIG,Triumph Gold Corp,NASDAQ,no unique public CIK match
AVC4C8BC8459D4ED4BB,AVS7C96C09A6ACF1CB7,TIN,TempleInland Inc,NYSE,no unique public CIK match
AVC0F5D6BE044A7CD49,AVS401F7DD50F5D4925,TINY,Harris & Harris Group Inc,NASDAQ,no unique public CIK match
AVC0F5D6BE044A7CD49,AVS875EEB512225CF83,TINY,Harris & Harris Group Inc,NASDAQ,no unique public CIK match
AVCF6BC821031CDAA73,AVSCAB712AFD1A0FFEA,TIS,Orchids Paper Products Company,NYSE,no unique public CIK match
AVCF6BC821031CDAA73,AVS109FF0229BF67CC2,TIS,Orchids Paper Products Company,NYSE,no unique public CIK match
AVCC04871373B0F14FF,AVSB78E79EBEF99E96A,TISA,Top Image Systems Ltd,NASDAQ,no unique public CIK match
AVCC04871373B0F14FF,AVSA33DFAA2E06108D1,TISA,Top Image Systems Ltd,NASDAQ,no unique public CIK match
AVC5427B12598C4D301,AVS75ECDCD3C2185CCD,TKPPY,Technip SA,NYSE,no unique public CIK match
AVC5427B12598C4D301,AVSB86510B74D4D6569,TKPPY,Technip SA,NYSE,no unique public CIK match
AVCBE4A46F5C5BD469D,AVS7A3C762E8804EFE0,TLC,Taiwan Liposome Company Ltd,NASDAQ,no unique public CIK match
AVC391EFF8E93BB02EA,AVSBF644481857FBD40,TLM,Talisman Energy Inc,NYSE,no unique public CIK match
AVC391EFF8E93BB02EA,AVSA6870B4DF586AE7C,TLM,Talisman Energy Inc,NYSE,no unique public CIK match
AVC3840A101215F63A2,AVSFE9F13E8A8C32D3F,TMCX,Trinity Merger Corp Class A,NASDAQ,no unique public CIK match
AVC3840A101215F63A2,AVSFD4E0CA33DB3EBD9,TMCX,Trinity Merger Corp Class A,NASDAQ,no unique public CIK match
AVC83125D38E28278BB,AVS7E92BD5DCE87F8FD,TMH,TOYOTA MOTOR CORPORATION ADRHEDGED,NYSE,no unique public CIK match
AVC5738E47B00DB808B,AVS7646550066690DB1,TMUSP,TMUSP,NASDAQ,no unique public CIK match
AVC5738E47B00DB808B,AVS97BEFB13105844D1,TMUSP,TMUSP,NASDAQ,no unique public CIK match
AVCB3512A6C84F40D7A,AVSE08E4C2EE2F3648B,TMX,Terminix Global Holdings Inc,NYSE,no unique public CIK match
AVCD0443FB47C2DA772,AVS91C3B65998BA7374,TNH,Terra Nitrogen Company L.P.,NYSE,no unique public CIK match
AVCD0443FB47C2DA772,AVS93FC19065C22B1A1,TNH,Terra Nitrogen Company L.P.,NYSE,no unique public CIK match
AVC7E6F85F402E61122,AVSAEBA08282E725FC7,TNP-P-B-CL,Tsakos Energy Navigation Ltd Red Perp Pfd Ser B Bermuda,NYSE,no unique public CIK match
AVC7E6F85F402E61122,AVSA136E59ABBA2807C,TNP-P-B-CL,Tsakos Energy Navigation Ltd Red Perp Pfd Ser B Bermuda,NYSE,no unique public CIK match
AVC098EB3A8AB99DE24,AVS7A9172D6A60D1875,TOO,Teekay Offshore Partners LP,NYSE,no unique public CIK match
AVC034A8EE0C467FF48,AVS39664EA6D7E6A97F,TOVX,Theriva Biologics Inc,NYSE MKT,no unique public CIK match
AVCB29CC02166D230D3,AVS13BA956218167A41,TOWN,Townebank Portsmouth VA,NASDAQ,no unique public CIK match
AVCE3B0C44298FC1C14,AVS52C0E654B4A93FD8,TPGE,,NYSE,no unique public CIK match
AVCE3B0C44298FC1C14,AVS527C04FE1017D03E,TPGE,,NYSE,no unique public CIK match
AVC64FD19E24B88C6A7,AVS9CFD8D73BB14DAA0,TPGH,TPG Pace Holdings Corp Class A,NYSE,no unique public CIK match
AVC64FD19E24B88C6A7,AVS5B1C2206975B9244,TPGH,TPG Pace Holdings Corp Class A,NYSE,no unique public CIK match
AVC3097CB2F35B66270,AVSAEC9E69FFF0E659C,TPTX,Turning Point Therapeutics Inc,NASDAQ,no unique public CIK match
AVCD17D87DFBF5A7577,AVSF2DCF1B71993549B,TRAK,ReposiTrak Inc,NASDAQ,no unique public CIK match
AVC7A1B02149DA5E0E1,AVSF7B2F6207469CE8D,TRCB,Two Rivers Bancorp,NASDAQ,no unique public CIK match
AVC3C0421D7FAF8A48E,AVSCF5D4B8CDEE8DC92,TRIL,Trillium Therapeutics Inc.,NASDAQ,no unique public CIK match
AVCB182A7A67D74A2E6,AVS48C2EFDB4B20A71A,TRQ,Turquoise Hill Resources Ltd,NYSE,no unique public CIK match
AVC9F78B4AAB53858B2,AVS00EB1146B29B8741,TRR,TRC Companies Inc,NYSE,no unique public CIK match
AVC9F78B4AAB53858B2,AVSCD569620DCE26A17,TRR,TRC Companies Inc,NYSE,no unique public CIK match
AVC6A5CD181CE912EBB,AVS88058B8BF33D70F7,TRXI,TRX Inc,NASDAQ,no unique public CIK match
AVC6A5CD181CE912EBB,AVS79144183C929EF2A,TRXI,TRX Inc,NASDAQ,no unique public CIK match
AVC699300D8B4FED118,AVS08F24C3128321EB3,TSL,Trina Solar Ltd,NYSE,no unique public CIK match
AVC699300D8B4FED118,AVSEF08328AFFEB67D1,TSL,Trina Solar Ltd,NYSE,no unique public CIK match
AVCF125157916C539ED,AVSC8D6542B8D83AC18,TSU,TIM Participacoes S.A.,NYSE,no unique public CIK match
AVCAF47007A4B0F6C75,AVS96CCDAC8676E1E4E,TSYS,TeleCommunication Systems Inc,NASDAQ,no unique public CIK match
AVCAF47007A4B0F6C75,AVS274D25D007E272DA,TSYS,TeleCommunication Systems Inc,NASDAQ,no unique public CIK match
AVC7803741E377E4D70,AVSCA7E7661DA38F57E,TTHI,Transition Therapeutics Inc USA,NASDAQ,no unique public CIK match
AVC7803741E377E4D70,AVS16FB9ADFF2071B4D,TTHI,Transition Therapeutics Inc USA,NASDAQ,no unique public CIK match
AVC19EEC996C7F16AEE,AVS5D48B224115AF436,TTM,Tata Motors Ltd,NYSE,no unique public CIK match
AVC2D84A948B803338D,AVSE536F2C92E2B4924,TTNP,Titan Pharmaceuticals Inc (de),NASDAQ,no unique public CIK match
AVCD7E3CE81596102CA,AVS857FAFAA407D3B35,TUC,MacGray Corp,NYSE,no unique public CIK match
AVCD7E3CE81596102CA,AVS78CF75AC94A4ACEB,TUC,MacGray Corp,NYSE,no unique public CIK match
AVC6E31C8F15F392186,AVSFBD0F377F1429A5C,TUFN,Tufin Software Technologies Ltd,NYSE,no unique public CIK match
AVC2018F020FB8CD89F,AVS5B6C102D86B782D2,TURN,180 Degree Capital Corp,NASDAQ,no unique public CIK match
AVCB5664E2DBA4E8A88,AVS491647207CAC5AF4,TVIA,TVIA INC,NASDAQ,no unique public CIK match
AVCB5664E2DBA4E8A88,AVS399A905F123F7AE8,TVIA,TVIA INC,NASDAQ,no unique public CIK match
AVC92D1662F1556F405,AVS9CDF23B7A29CCA02,TWNK,Hostess Brands Inc - Class A,NASDAQ,no unique public CIK match
AVC86D22220DBA5B57C,AVSCC1633DEDA0A5E41,TZF,Bear Stearns Depositor Inc. Pfd Stk TRUCs Srs 20012 Issued by IMB,NYSE,no unique public CIK match
AVCDE6920C2D8B45F8A,AVSB6DC9198B51C5DCC,TZF-CL,TZF.CL,NYSE,no unique public CIK match
AVCB9ACE672FB27E1A7,AVS88183CD5DCB5AA64,UA-C,Under Armour Class C,NYSE,no unique public CIK match
AVCB9ACE672FB27E1A7,AVS8AA745FB0648EC71,UA-C,Under Armour Class C,NYSE,no unique public CIK match
AVCEBD878115C428588,AVSD9CFDDE5ED6BD704,UAM,Universal American Corp,NYSE,no unique public CIK match
AVCEBD878115C428588,AVS05736A2CA3777CDD,UAM,Universal American Corp,NYSE,no unique public CIK match
AVC4EBCFC1A076F9894,AVS2AFEBB1F8511DF05,UBA,Urstadt Biddle Properties Inc - Class A,NYSE,no unique public CIK match
AVC8C0200472AD1E15D,AVS7A162115CEEBE082,UBFO,United Security Bancshares (CA),NASDAQ,no unique public CIK match
AVC334588545E3F011B,AVSF4D951B8625F1B8A,UBNK,United Financial Bancorp Inc,NASDAQ,no unique public CIK match
AVC334588545E3F011B,AVSD6876F515EE9C4CB,UBNK,United Financial Bancorp Inc,NASDAQ,no unique public CIK match
AVCE3B0C44298FC1C14,AVSD25AEBAAC640A14B,UBP-P-G-CL,,NYSE,no unique public CIK match
AVCC285E622161A02CC,AVS526247A4E3816C38,UCAP,United Capital Corp,NASDAQ,no unique public CIK match
AVCC285E622161A02CC,AVSACF0A4698E2FFCA1,UCAP,United Capital Corp,NASDAQ,no unique public CIK match
AVC869B37A2955D6D5F,AVS4D7902DA89ED55A3,UCBA,United Community Bancorp,NASDAQ,no unique public CIK match
AVC869B37A2955D6D5F,AVSB7DC4C12139A37E0,UCBA,United Community Bancorp,NASDAQ,no unique public CIK match
AVC273A808D1D3432F7,AVSF95A3CB894A1EA51,UN,Unilever NV,NYSE,no unique public CIK match
AVCCEBD20267AC8FFAF,AVS4023628DAB4B5712,UNVR,Univar Solutions Inc,NYSE,no unique public CIK match
AVC8011688419099B70,AVS1098DE3E174E949C,UNXL,UniPixel Inc,NASDAQ,no unique public CIK match
AVC8011688419099B70,AVS116A3C31C28A0A9D,UNXL,UniPixel Inc,NASDAQ,no unique public CIK match
AVCBC21D88BCEFD4794,AVS39D4DB575CAD2F15,URRE,Uranium Resources Inc,NASDAQ,no unique public CIK match
AVCBC21D88BCEFD4794,AVS94B7ED394B972118,URRE,Uranium Resources Inc,NASDAQ,no unique public CIK match
AVCCF4CAECCB0D7B784,AVSF33B0A14F3FD1667,URS,URS Corp,NYSE,no unique public CIK match
AVCCF4CAECCB0D7B784,AVS9DBF438684CB6DFF,URS,URS Corp,NYSE,no unique public CIK match
AVCF1CD991219610356,AVSF3135375C758725E,USAB,USABANCSHARES COM INC,NASDAQ,no unique public CIK match
AVCF1CD991219610356,AVS2815D9265ECD38B2,USAB,USABANCSHARES COM INC,NASDAQ,no unique public CIK match
AVCF25920A1EF61D5E1,AVS77991BE520A3176F,USB-P-N-CL,US Bancorp Del DEPOSITARY SH S G,NYSE,no unique public CIK match
AVCF25920A1EF61D5E1,AVS3DE1398B0787AA87,USB-P-N-CL,US Bancorp Del DEPOSITARY SH S G,NYSE,no unique public CIK match
AVCD8593B14ADDC5D24,AVSA7F71428C84F57E2,USCR,U.S. Concrete Inc,NASDAQ,no unique public CIK match
AVCDDB0FD40014737A2,AVSF4B0245C7978050D,USMR,Recon Capital USA Managed Risk,NYSE ARCA,no unique public CIK match
AVCDDB0FD40014737A2,AVSBE2CAE86E086C157,USMR,Recon Capital USA Managed Risk,NYSE ARCA,no unique public CIK match
AVC1E904AE732DA91C8,AVSB48143BFB485F282,USWS,U.S. Well Services Inc - Class A,NASDAQ,no unique public CIK match
AVCB860735CBF474575,AVSFFDE08B35BB1D04C,UWN,Nevada Gold Casinos,NYSE,no unique public CIK match
AVCB860735CBF474575,AVS926FE0AC30ECFB6E,UWN,Nevada Gold Casinos,NYSE,no unique public CIK match
AVC48B3F96797DAC3F2,AVSD4F901502177B380,UZV,UNITED STATES CELLULAR CORP. 7.50 SR NOTES 6152034,NYSE,no unique public CIK match
AVC855B3399AE57F814,AVS79887A5FF97430A1,VCO,Vina Concha y Toro S.A. ADR,NYSE,no unique public CIK match
AVC855B3399AE57F814,AVSB021F3FFC9E0282B,VCO,Vina Concha y Toro S.A. ADR,NYSE,no unique public CIK match
AVC5F52272F7924843C,AVSE775F2F7883D17BE,VCRA,Vocera Communication Inc,NYSE,no unique public CIK match
AVCEB7C7ED41CB14936,AVS135C085D04641A51,VDTH,Videocon d2h Ltd,NASDAQ,no unique public CIK match
AVCEB7C7ED41CB14936,AVSAD0FBB4CA8094CB1,VDTH,Videocon d2h Ltd,NASDAQ,no unique public CIK match
AVC7FEF24395D189EA8,AVS5ECDDC8E5076F192,VEDL,Vedanta Ltd,NYSE,no unique public CIK match
AVC54EF66E148530232,AVS57BC79B9EF646C9F,VELTF,Velti plc Foreign,NASDAQ,no unique public CIK match
AVC54EF66E148530232,AVS0488F90D4B2C1428,VELTF,Velti plc Foreign,NASDAQ,no unique public CIK match
AVCB425751A9F015ACB,AVS83BA9D75F4A03850,VER,VEREIT Inc,NYSE,no unique public CIK match
AVC202F1BC4D15CF577,AVSCD6436333DE8AAA8,VERY,Vericity Inc,NASDAQ,no unique public CIK match
AVC01C0B0B80BB54FEF,AVSBCF77DB1E8AABDC2,VIA,Via Renewables Inc - Class A,NASDAQ,no unique public CIK match
AVCDB8CA2F158163B79,AVS52BD332242292ED9,VIASP,Via Renewables Inc,NASDAQ,no unique public CIK match
AVCAABA425121A30541,AVS7D4DF0E192490566,VIE,Viela Bio Inc,NASDAQ,no unique public CIK match
AVC2FBBE23DA7BA1A2C,AVSC3886BF68C305858,VIMC,Vimicro International Corporation ADR,NASDAQ,no unique public CIK match
AVC2FBBE23DA7BA1A2C,AVSE5BF7C54A765BF9A,VIMC,Vimicro International Corporation ADR,NASDAQ,no unique public CIK match
AVCA29E328C2907754E,AVS28CD53BA8330D1DA,VLNS,Valens Company Inc (The),NASDAQ,no unique public CIK match
AVC0EB4F2EADFF942BE,AVS66319A944C12BD46,VMED,Virgin Media Inc,NASDAQ,no unique public CIK match
AVC0EB4F2EADFF942BE,AVS56CE563F08E60F0C,VMED,Virgin Media Inc,NASDAQ,no unique public CIK match
AVCCDEEFCEDBA9356CC,AVSA6E03CED89F3C40A,VMW,Vmware Inc - Class A,NYSE,no unique public CIK match
AVCDE2BC84D11863B99,AVS415DFB6A85339D48,VNLPY,Vernalis Plc ADR,NASDAQ,no unique public CIK match
AVCDE2BC84D11863B99,AVS59DD520A0EECDA06,VNLPY,Vernalis Plc ADR,NASDAQ,no unique public CIK match
AVC67CB7F747BEB996A,AVS28039025438F4643,VOXX,VOXX International Corp - Class A,NASDAQ,no unique public CIK match
AVC72757BABDB0278C8,AVS49E8F688E983B71E,VPRT,VistaPrint Ltd,NASDAQ,no unique public CIK match
AVC72757BABDB0278C8,AVSDDE789C0038DD06E,VPRT,VistaPrint Ltd,NASDAQ,no unique public CIK match
AVC7E76B05A0EC59C88,AVS7278BDBE6ABCC60F,VPS,Vermont Pure Holdings Ltd,NYSE MKT,no unique public CIK match
AVC02F95A710EB26EBE,AVS64DCFF3B39FB6068,VRE,Veris Residential Inc,NYSE,no unique public CIK match
AVC91C0578F0B0C6DB1,AVSF6512564A038C65C,VRN,Veren Inc,NYSE,no unique public CIK match
AVC6F4A9C320DA8E15F,AVSE4C3101562E70BCC,VRNA,Verona Pharma Plc,NASDAQ,no unique public CIK match
AVCE604D8A47E575519,AVS69A44EAEC5E77CA4,VRS,Verso Corp - Class A,NYSE,no unique public CIK match
AVC6E978B23EA5C9EB2,AVS977D9945772A8F91,VRX,Valeant Pharmaceuticals Intl Inc,NYSE,no unique public CIK match
AVC6E978B23EA5C9EB2,AVSD2314ECBD11633B9,VRX,Valeant Pharmaceuticals Intl Inc,NYSE,no unique public CIK match
AVC118C0ABB037137BB,AVS84094B20B3FD5A0C,VTLE,Vital Energy Inc,NYSE,no unique public CIK match
AVC027EECBBFAB6E6CE,AVS4FD05D0680046C89,VTRB,Ventas Realty Limited Partnership,NYSE,no unique public CIK match
AVC027EECBBFAB6E6CE,AVS095FC05BD4387AD7,VTRB,Ventas Realty Limited Partnership,NYSE,no unique public CIK match
AVCE19DC0C1B8EF85E4,AVS0732C2F7DBDF8125,VTTI,VTTI Energy Partners LP,NYSE,no unique public CIK match
AVCE19DC0C1B8EF85E4,AVS195554C961187031,VTTI,VTTI Energy Partners LP,NYSE,no unique public CIK match
AVC7E18FA1C8CECD6D1,AVS45918C6FCAC8CCC7,VWTR,Vidler Water Resources Inc,NASDAQ,no unique public CIK match
AVC2B785C52A5C9811A,AVS63F9177E7F40CA2C,VYFC,Valley Financial Corp. Virginia,NASDAQ,no unique public CIK match
AVC2B785C52A5C9811A,AVSD8BB7E4162A893F0,VYFC,Valley Financial Corp. Virginia,NASDAQ,no unique public CIK match
AVC5A1B52CBA898BB72,AVSAB1179DE4C8FA307,VZA-CL,Verizon Communications Inc 590 Notes due 2054,NYSE,no unique public CIK match
AVC911D4683C74C3E82,AVS4B0A1E5215FAC932,VZLA,Vizsla Silver Corp - New,NYSE MKT,no unique public CIK match
AVC3B8151D1FB5429C6,AVS2957E1030A4DBEE9,WALA,Western Alliance Bancorp,NYSE,no unique public CIK match
AVC0F75A475DDF372B2,AVS030B9C8F41BB7918,WBK,Westpac Banking Corp,NYSE,no unique public CIK match
AVC63DAC2B83FC9BF3B,AVSEB23202AC402266D,WCIC,WCI Communities Inc,NYSE,no unique public CIK match
AVC63DAC2B83FC9BF3B,AVS59504A358857E1BA,WCIC,WCI Communities Inc,NYSE,no unique public CIK match
AVC63DAC2B83FC9BF3B,AVSD6BF7F14613B3191,WCIMQ,WCI COMMUNITIES INC,NYSE,no unique public CIK match
AVC0613B8572580CE35,AVS3B760B7807EE3D27,WDR,Waddell & Reed Financial Inc - Class A,NYSE,no unique public CIK match
AVCE3B0C44298FC1C14,AVSE365B8BB62B5AF84,WEB,,NASDAQ,no unique public CIK match
AVCE3B0C44298FC1C14,AVS1D03A4511D201287,WEB,,NASDAQ,no unique public CIK match
AVCE3B0C44298FC1C14,AVS9676FAECCABF196D,WFE-P-A-CL,,NYSE,no unique public CIK match
AVC873DC8AEAD78AA2D,AVS6617D01DCC2617F3,WGBS,WaferGen Biosystems Inc,NASDAQ,no unique public CIK match
AVC873DC8AEAD78AA2D,AVS1CF6CCC8F7085FC6,WGBS,WaferGen Biosystems Inc,NASDAQ,no unique public CIK match
AVC76905EAA5B4DA8AA,AVS8BCE3D8352572A10,WHFBL,WhiteHorse Finance Inc. 6.50 Sr Nt 2020,NASDAQ,no unique public CIK match
AVC76905EAA5B4DA8AA,AVS0621AA67EE027773,WHFBL,WhiteHorse Finance Inc. 6.50 Sr Nt 2020,NASDAQ,no unique public CIK match
AVC86DCBC0351B11FD8,AVS4FB7EEA50E774EDE,WILN,WiLan Inc,NASDAQ,no unique public CIK match
AVC86DCBC0351B11FD8,AVS1E21AFE8FBE03A21,WILN,WiLan Inc,NASDAQ,no unique public CIK match
AVCCF638D79B58F022C,AVSD5DD68248F6413FE,WMPN,William Penn Bancorporation,NASDAQ,no unique public CIK match
AVC6CA190D5260CE77A,AVSC3AA89E52ABB4477,WNS,WNS Holdings Ltd,NYSE,no unique public CIK match
AVCBD761EE8C7FC09C6,AVSECE34028B6A73160,WOLF,Wolfspeed Inc,NASDAQ,no unique public CIK match
AVCFB1C21380A6CB046,AVS2366875FA894AEE4,WORK,Slack Technologies Inc - Class A,NYSE,no unique public CIK match
AVC1224C7E2F03B86EC,AVS5473AF3EC3B8AD84,WP,Worldpay Inc Class A,NYSE,no unique public CIK match
AVC1224C7E2F03B86EC,AVS71F8BF8FC7E5A5A6,WP,Worldpay Inc Class A,NYSE,no unique public CIK match
AVCCAE047D305C35C1E,AVS649E3F0C312CEBE3,WPPGY,WPP plc,NASDAQ,no unique public CIK match
AVCCAE047D305C35C1E,AVS7506BC5CFF4F9C41,WPPGY,WPP plc,NASDAQ,no unique public CIK match
AVCF4B6195B565AE680,AVS7771D85545AF6D9F,WPZ,Williams Partners L.P.,NYSE,no unique public CIK match
AVCF4B6195B565AE680,AVS0FFEB6DF75657D9C,WPZ,Williams Partners L.P.,NYSE,no unique public CIK match
AVC57E75B0065F9248E,AVSA798C343753C27CC,WR,Westar Energy Inc.,NYSE,no unique public CIK match
AVC57E75B0065F9248E,AVSE393B96B529C9151,WR,Westar Energy Inc.,NYSE,no unique public CIK match
AVC07DCF75D646A28FD,AVS604598459472C672,WRC,Warnaco Group Inc,NYSE,no unique public CIK match
AVC07DCF75D646A28FD,AVS9E58ACEFB4D634B2,WRC,Warnaco Group Inc,NYSE,no unique public CIK match
AVCC5FD9B54C70FD0D8,AVSDB9DF8F5DAFD4C40,WRD,Weingarten Realty Investors,NYSE,no unique public CIK match
AVCC5FD9B54C70FD0D8,AVS3C5B0A5F9F67E16D,WRD,Weingarten Realty Investors,NYSE,no unique public CIK match
AVCC5FD9B54C70FD0D8,AVS2BE72E59A3A32D82,WRI,Weingarten Realty Investors,NYSE,no unique public CIK match
AVC61914CB0BB2BBFC6,AVS41AE67A5C8C749EB,WRK,WestRock Company,NYSE,no unique public CIK match
AVCFA1BB1A28714FC90,AVS7360DC95BECE41D4,WRS,WINDROSE MEDICAL PROPERTIES TRUST,NYSE,no unique public CIK match
AVCFA1BB1A28714FC90,AVS3F88ECA2FDE4CB50,WRS,WINDROSE MEDICAL PROPERTIES TRUST,NYSE,no unique public CIK match
AVCE288E7FC61876C02,AVS2C12BA41E9E84093,WSG,Wanda Sports Group Co Ltd,NASDAQ,no unique public CIK match
AVCF401FE0BA1DF18D8,AVS040C34C852F1DF94,WSH,Willis Group Holdings Public Limited Company,NASDAQ,no unique public CIK match
AVCF401FE0BA1DF18D8,AVS93EDB99F2B3281BA,WSH,Willis Group Holdings Public Limited Company,NASDAQ,no unique public CIK match
AVCF53311C084DE6DDE,AVSC0B39475B0CCEE16,WSTE,Transamerican Waste Industries Inc,NASDAQ,no unique public CIK match
AVCF53311C084DE6DDE,AVSD1C664E979F48473,WSTE,Transamerican Waste Industries Inc,NASDAQ,no unique public CIK match
AVCA27FD1720A7C30A6,AVS44615E1E00DC36DB,WTREP,Watford Holdings Ltd,NASDAQ,no unique public CIK match
AVCACD25F7213847179,AVSD179727C1B5C1DC4,WTRU,Essential Utilities Inc,NYSE,no unique public CIK match
AVC4F27266F75EBAFD4,AVS8F5E51FF2E2B2EB2,WUBA,58.com Inc,NYSE,no unique public CIK match
AVCE3CC19E3EF4050F4,AVS278D0DCD72BA1AEE,WWE,World Wrestling Entertainment Inc - Class A,NYSE,no unique public CIK match
AVC41CD37AE978E5E14,AVS0518C29FE2A37060,WX,WuXi PharmaTech (Cayman) Inc.,NYSE,no unique public CIK match
AVC41CD37AE978E5E14,AVS7F365BF29B70C853,WX,WuXi PharmaTech (Cayman) Inc.,NYSE,no unique public CIK match
AVC355EE7DA78DF1DF9,AVSD448001D7FCE27F3,XBKS,Xenith Bankshares Inc,NASDAQ,no unique public CIK match
AVC355EE7DA78DF1DF9,AVSA7CE704F8E767C2A,XBKS,Xenith Bankshares Inc,NASDAQ,no unique public CIK match
AVCAA20E5AA9972953C,AVS660E8F9749DAA817,XIN,Xinyuan Real Estate Co. Ltd,NYSE,no unique public CIK match
AVCF41681CBD4FF0A5E,AVS04197AA803FDF678,XKE,Lehman ABS Corporation CorporateBacked Trust Certificates,NYSE,no unique public CIK match
AVCF41681CBD4FF0A5E,AVS3DEBDAFA7D2155AD,XKE,Lehman ABS Corporation CorporateBacked Trust Certificates,NYSE,no unique public CIK match
AVCDF9AEE8FD6DF5C9E,AVS026B4E527EEA1C68,XNY,China Xiniya Fashion Ltd ADR,NYSE,no unique public CIK match
AVCDF9AEE8FD6DF5C9E,AVS24C043521C1256E5,XNY,China Xiniya Fashion Ltd ADR,NYSE,no unique public CIK match
AVC366717DF438BFA13,AVS5AD2EDEC8AFFCFC0,XOMA,XOMA Royalty Corp,NASDAQ,no unique public CIK match
AVC0EB167CD9A18A9BE,AVS8CB50E4DCDCDE06E,XRA,Exeter Resource Corp,NYSE,no unique public CIK match
AVC0EB167CD9A18A9BE,AVSE5D260F80FA0BA11,XRA,Exeter Resource Corp,NYSE,no unique public CIK match
AVC844B69C4D54CC264,AVSA64098B1AC0009C7,XTKG,X3 Holdings Co Ltd,NASDAQ,no unique public CIK match
AVC53C8BA1ABB6F3BD5,AVSDF1944DC1D89F6AF,XUE,Xueda Education Group ADR,NYSE,no unique public CIK match
AVC53C8BA1ABB6F3BD5,AVS79B26ED7C6ECB9CD,XUE,Xueda Education Group ADR,NYSE,no unique public CIK match
AVCEBFEFFB880B5FBC2,AVSF570CA9CF59B221E,XYLO,Xylo Technologies Ltd,NASDAQ,no unique public CIK match
AVCFA7EED630425954E,AVSDBD58F63F19EED73,XYN,Xynomic Pharmaceuticals Holdings Inc,NASDAQ,no unique public CIK match
AVCFA7EED630425954E,AVS578D651D03586D2C,XYN,Xynomic Pharmaceuticals Holdings Inc,NASDAQ,no unique public CIK match
AVCEDBB91FC97F8AFBA,AVSB5D0C3159251938C,Y,Alleghany Corp,NYSE,no unique public CIK match
AVC67415067C849A693,AVSBA34E057D38E7B4E,YECO,Yulong EcoMaterials Ltd,NASDAQ,no unique public CIK match
AVC67415067C849A693,AVS5673A330A795A10C,YECO,Yulong EcoMaterials Ltd,NASDAQ,no unique public CIK match
AVC1AA13C2C3492630E,AVSC2396CC472ADCB39,YGE,Yingli Green Energy Hold. Company. Ltd. ADR,NYSE,no unique public CIK match
AVC1AA13C2C3492630E,AVS85A675AE976F6757,YGE,Yingli Green Energy Hold. Company. Ltd. ADR,NYSE,no unique public CIK match
AVCF3A0BD2A94C755D5,AVSE37FC752A202AE9A,YGRN,Bank of Montreal,NYSE ARCA,no unique public CIK match
AVC94D7C1FED5113DDE,AVSDF34B68F12087A19,YIN,Yintech Investment Holdings Ltd,NASDAQ,no unique public CIK match
AVCA18581EEF3C43BEC,AVSFDFB7C5E101B5051,YOKU,Youku Tudou Inc ADR,NYSE,no unique public CIK match
AVCA18581EEF3C43BEC,AVS587370A939D2F9E3,YOKU,Youku Tudou Inc ADR,NYSE,no unique public CIK match
AVC5105E0B4886F93C8,AVS5AA6E0EC736D5BEF,YUMA,Yuma Energy Inc,NYSE,no unique public CIK match
AVC6E6E3B32D8AD1BE7,AVS434DA5375CBEF27B,YZC,Yanzhou Coal Mining Company Ltd ADR,NYSE,no unique public CIK match
AVC6E6E3B32D8AD1BE7,AVS3F06BFF57F60AB98,YZC,Yanzhou Coal Mining Company Ltd ADR,NYSE,no unique public CIK match
AVCA4428D4310EB442E,AVSD0442DBB53529696,ZAZZT,ZAZZT,NASDAQ,no unique public CIK match
AVCA20DA85C84C1E7A5,AVSE48B37D34F9195F8,ZB-P-F-CL,Zions Bancorporation Dep shs Repstg 140th Int Sh Ser F Fxd Rate Non Cum Perp Pfd Stk,NYSE,no unique public CIK match
AVC5471A9503853CF9F,AVS208F0C82CFE8C004,ZBZX,Bats Listed Test,BATS,no unique public CIK match
AVC998067C1A9133B4A,AVS24AF1074EC0A2BB1,ZBZZT,ZBZZT,NASDAQ,no unique public CIK match
AVC11A228F1CFDDA0A5,AVSB12C0FC90E92699A,ZCZZT,Super Montage IPO X Tst Security SM IPO X 3,NASDAQ,no unique public CIK match
AVC13111CE3707E2EEE,AVS44026E5A4D39B4D6,ZEAL,Zealand Pharma A/S.,NASDAQ,no unique public CIK match
AVC648FEF2BCFF2E2A9,AVS455924155E042D24,ZIONL,Zions Bancorporation,NASDAQ,no unique public CIK match
AVC3681894E546FB529,AVS71DA97BE414906EE,ZIONN,Zions Bancorporation N.A,NASDAQ,no unique public CIK match
AVC3681894E546FB529,AVS703BD24C74BFF590,ZIONO,Zions Bancorporation N.A,NASDAQ,no unique public CIK match
AVC1664C80649B0F18B,AVSF22B1F708F6B57B8,ZJZZT,NASDAQ TEST STOCK,NASDAQ,no unique public CIK match
AVCD68107884394BC8D,AVSC2EC0245C2A56D61,ZNGA,Zynga Inc - Class A,NASDAQ,no unique public CIK match
AVC3D925096ECF9370E,AVS3350CCCC78A4A4CE,ZNH,China Southern Airlines Company Ltd,NYSE,no unique public CIK match
AVCEB0CECE233B52EA4,AVSB1A3301F6A578115,ZOES,Zoes Kitchen Inc,NYSE,no unique public CIK match
AVCEB0CECE233B52EA4,AVSF8E024233F4625B0,ZOES,Zoes Kitchen Inc,NYSE,no unique public CIK match
AVC348D9362454A129D,AVSFAC19662A36CBEB3,ZPIN,Zhaopin Ltd,NYSE,no unique public CIK match
AVC348D9362454A129D,AVS000E356F86F9ECE0,ZPIN,Zhaopin Ltd,NYSE,no unique public CIK match
AVCF03FABE530BB2D2C,AVSC620BA0D8E97E8CE,ZTEK,Zentek Ltd,NASDAQ,no unique public CIK match
AVCE3B0C44298FC1C14,AVSE2EDDA4DC7D4B3A2,ZTEST,,BATS,no unique public CIK match
AVCE3B0C44298FC1C14,AVSDD8117F169956D02,ZTST,,BATS,no unique public CIK match
AVC494C6FAFF3464072,AVS8F9B35DB04A5E593,ZUO,Zuora Inc - Class A,NYSE,no unique public CIK match
AVC00B0C9E843D861EE,AVSD7B24A6E22E8A1E1,ZVV,LISTED TEST SYMBOL,NYSE,no unique public CIK match
AVCEC68BDE6C8259AB8,AVSFA54A9010C54AD1E,ZVZZC,ZVZZC,NASDAQ,no unique public CIK match
AVC1664C80649B0F18B,AVSE40AD43FA5BAE068,ZVZZT,NASDAQ TEST STOCK,NASDAQ,no unique public CIK match
AVC1664C80649B0F18B,AVSDD2E3DE310B98521,ZWZZT,NASDAQ TEST STOCK,NASDAQ,no unique public CIK match
AVCE374F909C9E1D544,AVS7F509D791113C5EF,ZX,China Zenix Auto International Ltd,NYSE,no unique public CIK match
AVCE374F909C9E1D544,AVSA988740772967223,ZX,China Zenix Auto International Ltd,NYSE,no unique public CIK match
AVC221B001188617529,AVSA8F91CCEAD56F8B8,ZXYZ-A,NASDAQ SYMBOLOGY TEST,NASDAQ,no unique public CIK match
AVC1664C80649B0F18B,AVS880AB1030AA78C1F,ZXZZT,NASDAQ TEST STOCK,NASDAQ,no unique public CIK match
