company_id,security_id,cik,company_name,provider_ticker,exchange,sic,sic_division,quarter_label,eligibility_start,eligibility_end,eligibility_source,identity_status,active_at_quarter_end,candidate_security_count,primary_selection_reason,sampling_stratum,stratum_population,stratum_sample,selection_probability,design_weight,sample_seed
CIK0000864683,AVSA18AAFBCF039FF8B,0000864683,Cyberonics Inc,CYBX,NASDAQ,3845,manufacturing,2010Q1,1993-02-11,2019-12-31,Alpha Vantage listing interval,resolved_cik,True,2,"ranked by active quarter-end evidence, exchange, and plain common-stock symbol",2010|NASDAQ|manufacturing,2913,13,0.0044627532,224.0769230769,20260916
CIK0000899051,AVSEE475306DA8C3596,0000899051,Allstate Corp (The),ALL,NYSE,6331,finance_insurance_real_estate,2010Q1,1993-06-03,2019-12-31,Alpha Vantage listing interval,resolved_cik,True,1,only eligible resolved security,2010|NYSE|finance_insurance_real_estate,1582,7,0.0044247788,226.0000000000,20260916
CIK0000936528,AVS434EC372132CCAFA,0000936528,WaFd Inc,WAFD,NASDAQ,6021,finance_insurance_real_estate,2010Q1,1990-03-26,2019-12-31,Alpha Vantage listing interval,resolved_cik,True,1,only eligible resolved security,2010|NASDAQ|finance_insurance_real_estate,1752,8,0.0045662100,219.0000000000,20260916
CIK0001026662,AVS4BEE5C8BD99A0008,0001026662,Euro Tech Holdings Co. Ltd,CLWT,NASDAQ,5040,wholesale_trade,2010Q1,1997-03-14,2019-12-31,Alpha Vantage listing interval,resolved_cik,True,1,only eligible resolved security,2010|NASDAQ|wholesale_trade,172,1,0.0058139535,172.0000000000,20260916
CIK0001041061,AVS7BE746CA1FAE3E9F,0001041061,Yum Brands Inc,YUM,NYSE,5812,retail_trade,2010Q1,1997-09-17,2019-12-31,Alpha Vantage listing interval,resolved_cik,True,1,only eligible resolved security,2010|NYSE|retail_trade,304,1,0.0032894737,304.0000000000,20260916
CIK0001064863,AVS0E29C2E02DA43825,0001064863,Amerigroup Corp,AGP,NYSE,6324,finance_insurance_real_estate,2010Q1,2006-12-28,2019-12-31,Alpha Vantage listing interval,resolved_cik,True,2,"ranked by active quarter-end evidence, exchange, and plain common-stock symbol",2010|NYSE|finance_insurance_real_estate,1582,7,0.0044247788,226.0000000000,20260916
CIK0001103982,AVSEAB482829B2B165A,0001103982,Mondelez International Inc - Class A,MDLZ,NASDAQ,2000,manufacturing,2010Q1,2001-06-13,2019-12-31,Alpha Vantage listing interval,resolved_cik,True,1,only eligible resolved security,2010|NASDAQ|manufacturing,2913,13,0.0044627532,224.0769230769,20260916
CIK0001254419,AVS9632020CAF50FD2C,0001254419,MedAssets Inc,MDAS,NASDAQ,7372,services,2010Q1,2007-12-12,2019-12-31,Alpha Vantage listing interval,resolved_cik,True,2,"ranked by active quarter-end evidence, exchange, and plain common-stock symbol",2010|NASDAQ|services,1253,6,0.0047885076,208.8333333333,20260916
CIK0001303942,AVSFFF678F52CEAA157,0001303942,Bankfinancial Corp,BFIN,NASDAQ,6035,finance_insurance_real_estate,2010Q1,2005-06-28,2019-12-31,Alpha Vantage listing interval,resolved_cik,True,1,only eligible resolved security,2010|NASDAQ|finance_insurance_real_estate,1752,8,0.0045662100,219.0000000000,20260916
CIK0001318220,AVS6F39ABEFD518617D,0001318220,Waste Connections Inc,WCN,NYSE,4953,transportation_communications_utilities,2010Q1,1998-05-22,2019-12-31,Alpha Vantage listing interval,resolved_cik,True,1,only eligible resolved security,2010|NYSE|transportation_communications_utilities,790,4,0.0050632911,197.5000000000,20260916
CIK0001320695,AVS93578797E58652D4,0001320695,Treehouse Foods Inc,THS,NYSE,2030,manufacturing,2010Q1,2005-06-28,2019-12-31,Alpha Vantage listing interval,resolved_cik,True,1,only eligible resolved security,2010|NYSE|manufacturing,2028,9,0.0044378698,225.3333333333,20260916
CIK0001410471,AVS4BCE433F2FBF72E6,0001410471,IPC The Hospitalist Company Inc,IPCM,NASDAQ,8090,services,2010Q1,2008-01-25,2019-12-31,Alpha Vantage listing interval,resolved_cik,True,2,"ranked by active quarter-end evidence, exchange, and plain common-stock symbol",2010|NASDAQ|services,1253,6,0.0047885076,208.8333333333,20260916
CIK0000052988,AVSBBFEA8948486144C,0000052988,Jacobs Solutions Inc,J,NYSE,1600,construction,2010Q2,1990-01-12,2019-12-31,Alpha Vantage listing interval,resolved_cik,True,1,only eligible resolved security,2010|NYSE|construction,122,1,0.0081967213,122.0000000000,20260916
CIK0000060714,AVSB71BC5F8E4AD6818,0000060714,LSB Industries Inc,LXU,NYSE,2810,manufacturing,2010Q2,1980-01-02,2019-12-31,Alpha Vantage listing interval,resolved_cik,True,1,only eligible resolved security,2010|NYSE|manufacturing,2028,9,0.0044378698,225.3333333333,20260916
CIK0000726854,AVS3715AD39FFBF126D,0000726854,City Holding Company,CHCO,NASDAQ,6021,finance_insurance_real_estate,2010Q2,1993-02-19,2019-12-31,Alpha Vantage listing interval,resolved_cik,True,1,only eligible resolved security,2010|NASDAQ|finance_insurance_real_estate,1752,8,0.0045662100,219.0000000000,20260916
CIK0000732412,AVS67A4FE51595509E5,0000732412,Multiband Corp,MBND,NASDAQ,4813,transportation_communications_utilities,2010Q2,2006-12-28,2019-12-31,Alpha Vantage listing interval,resolved_cik,True,2,"ranked by active quarter-end evidence, exchange, and plain common-stock symbol",2010|NASDAQ|transportation_communications_utilities,501,2,0.0039920160,250.5000000000,20260916
CIK0000751364,AVSE8E271B81A733D6F,0000751364,NNN REIT Inc,NNN,NYSE,6798,finance_insurance_real_estate,2010Q2,1990-03-26,2019-12-31,Alpha Vantage listing interval,resolved_cik,True,1,only eligible resolved security,2010|NYSE|finance_insurance_real_estate,1582,7,0.0044247788,226.0000000000,20260916
CIK0000825542,AVS8653535E9BFBB8E9,0000825542,Scotts Miracle-Gro Company - Class A,SMG,NYSE,2870,manufacturing,2010Q2,1992-01-31,2019-12-31,Alpha Vantage listing interval,resolved_cik,True,1,only eligible resolved security,2010|NYSE|manufacturing,2028,9,0.0044378698,225.3333333333,20260916
CIK0000863894,AVS43F1721A6DC8B69A,0000863894,Veru Inc,VERU,NASDAQ,2834,manufacturing,2010Q2,1999-02-11,2019-12-31,Alpha Vantage listing interval,resolved_cik,True,3,"ranked by active quarter-end evidence, exchange, and plain common-stock symbol",2010|NASDAQ|manufacturing,2913,13,0.0044627532,224.0769230769,20260916
CIK0000908315,AVS8E82FF890863E9AB,0000908315,Winmark Corporation,WINA,NASDAQ,5900,retail_trade,2010Q2,1993-08-25,2019-12-31,Alpha Vantage listing interval,resolved_cik,True,1,only eligible resolved security,2010|NASDAQ|retail_trade,323,2,0.0061919505,161.5000000000,20260916
CIK0001002242,AVS0B9E0A671037AD83,0001002242,Eni Spa,E,NYSE,1311,mining,2010Q2,1995-11-28,2019-12-31,Alpha Vantage listing interval,resolved_cik,True,1,only eligible resolved security,2010|NYSE|mining,552,3,0.0054347826,184.0000000000,20260916
CIK0001108827,AVS54B85DD1CE9EE779,0001108827,QEP Resources Inc,QEP,NYSE,1311,mining,2010Q2,2010-06-16,2019-12-31,Alpha Vantage listing interval,resolved_cik,True,1,only eligible resolved security,2010|NYSE|mining,552,3,0.0054347826,184.0000000000,20260916
CIK0001131096,AVS648B86EFB3043473,0001131096,athenahealth Inc,ATHN,NASDAQ,7389,services,2010Q2,2007-09-20,2019-12-31,Alpha Vantage listing interval,resolved_cik,True,2,"ranked by active quarter-end evidence, exchange, and plain common-stock symbol",2010|NASDAQ|services,1253,6,0.0047885076,208.8333333333,20260916
CIK0001157377,AVS3E08872FFF7A05C9,0001157377,The Advisory Board Company,ABCO,NASDAQ,8741,services,2010Q2,2001-11-13,2019-12-31,Alpha Vantage listing interval,resolved_cik,True,2,"ranked by active quarter-end evidence, exchange, and plain common-stock symbol",2010|NASDAQ|services,1253,6,0.0047885076,208.8333333333,20260916
CIK0001166663,AVS25A863C3C7F7BF3F,0001166663,Tsakos Energy Navigation Ltd,TEN,NYSE,4412,transportation_communications_utilities,2010Q2,2002-03-05,2019-12-31,Alpha Vantage listing interval,resolved_cik,True,2,"ranked by active quarter-end evidence, exchange, and plain common-stock symbol",2010|NYSE|transportation_communications_utilities,790,4,0.0050632911,197.5000000000,20260916
CIK0001288469,AVSA638D7E0F640912D,0001288469,MaxLinear Inc,MXL,NASDAQ,3674,manufacturing,2010Q2,2010-03-24,2019-12-31,Alpha Vantage listing interval,resolved_cik,True,1,only eligible resolved security,2010|NASDAQ|manufacturing,2913,13,0.0044627532,224.0769230769,20260916
CIK0001325964,AVS3D809C3D6515E0BB,0001325964,Lightwave Logic Inc,LWLG,NASDAQ,3080,manufacturing,2010Q2,2007-07-13,2019-12-31,Alpha Vantage listing interval,resolved_cik,True,1,only eligible resolved security,2010|NASDAQ|manufacturing,2913,13,0.0044627532,224.0769230769,20260916
CIK0001337068,AVSB08E1A2FFA1FB396,0001337068,Magyar Bancorp Inc,MGYR,NASDAQ,6035,finance_insurance_real_estate,2010Q2,2006-01-24,2019-12-31,Alpha Vantage listing interval,resolved_cik,True,1,only eligible resolved security,2010|NASDAQ|finance_insurance_real_estate,1752,8,0.0045662100,219.0000000000,20260916
CIK0001368007,AVS1CF57F3DBC493088,0001368007,NYSE Euronext,NYX,NYSE,6200,finance_insurance_real_estate,2010Q2,2007-06-04,2019-12-31,Alpha Vantage listing interval,resolved_cik,True,2,"ranked by active quarter-end evidence, exchange, and plain common-stock symbol",2010|NYSE|finance_insurance_real_estate,1582,7,0.0044247788,226.0000000000,20260916
CIK0001408100,AVSA6362FC9C6159A96,0001408100,Kennedy-Wilson Holdings Inc,KW,NYSE,6500,finance_insurance_real_estate,2010Q2,2007-12-03,2019-12-31,Alpha Vantage listing interval,resolved_cik,True,1,only eligible resolved security,2010|NYSE|finance_insurance_real_estate,1582,7,0.0044247788,226.0000000000,20260916
CIK0001419945,AVS58F085E49E0724DD,0001419945,Teekay Tankers Ltd - Class A,TNK,NYSE,4400,transportation_communications_utilities,2010Q2,2007-12-13,2019-12-31,Alpha Vantage listing interval,resolved_cik,True,1,only eligible resolved security,2010|NYSE|transportation_communications_utilities,790,4,0.0050632911,197.5000000000,20260916
CIK0001444406,AVSA1B89633F2E18757,0001444406,Ecopetrol SA,EC,NYSE,1311,mining,2010Q2,2008-09-18,2019-12-31,Alpha Vantage listing interval,resolved_cik,True,1,only eligible resolved security,2010|NYSE|mining,552,3,0.0054347826,184.0000000000,20260916
CIK0001499780,AVS4842E52BB14FD7A2,0001499780,Globus Maritime Ltd,GLBS,NASDAQ,4412,transportation_communications_utilities,2010Q2,2008-03-11,2019-12-31,Alpha Vantage listing interval,resolved_cik,True,1,only eligible resolved security,2010|NASDAQ|transportation_communications_utilities,501,2,0.0039920160,250.5000000000,20260916
CIK0000008504,AVSB2F92CBB0C7EC8D8,0000008504,Enerjex Resources Inc,ENRJ,NYSE,3721,manufacturing,2010Q3,2007-03-23,2019-12-31,Alpha Vantage listing interval,resolved_cik,True,2,"ranked by active quarter-end evidence, exchange, and plain common-stock symbol",2010|NYSE|manufacturing,2028,9,0.0044378698,225.3333333333,20260916
CIK0000008947,AVSF58D632BC0C8FDD1,0000008947,AZZ Inc,AZZ,NYSE,3470,manufacturing,2010Q3,1984-09-07,2019-12-31,Alpha Vantage listing interval,resolved_cik,True,1,only eligible resolved security,2010|NYSE|manufacturing,2028,9,0.0044378698,225.3333333333,20260916
CIK0000021665,AVS7752CCD658ABAB84,0000021665,Colgate-Palmolive Company,CL,NYSE,2844,manufacturing,2010Q3,1977-01-03,2019-12-31,Alpha Vantage listing interval,resolved_cik,True,1,only eligible resolved security,2010|NYSE|manufacturing,2028,9,0.0044378698,225.3333333333,20260916
CIK0000062234,AVS3849199388CD27B3,0000062234,Marcus Corp,MCS,NYSE,7830,services,2010Q3,1990-03-29,2019-12-31,Alpha Vantage listing interval,resolved_cik,True,1,only eligible resolved security,2010|NYSE|services,652,3,0.0046012270,217.3333333333,20260916
CIK0000706863,AVS77A7EE3C241E5D94,0000706863,Union Bankshares Inc,UNB,NASDAQ,6022,finance_insurance_real_estate,2010Q3,1999-08-09,2019-12-31,Alpha Vantage listing interval,resolved_cik,True,1,only eligible resolved security,2010|NASDAQ|finance_insurance_real_estate,1752,8,0.0045662100,219.0000000000,20260916
CIK0000913290,AVS7F437C82A06B3789,0000913290,Frontline Plc,FRO,NYSE,4412,transportation_communications_utilities,2010Q3,2001-08-06,2019-12-31,Alpha Vantage listing interval,resolved_cik,True,1,only eligible resolved security,2010|NYSE|transportation_communications_utilities,790,4,0.0050632911,197.5000000000,20260916
CIK0001042783,AVS1AC717381A2AEA8A,0001042783,Dot Hill Systems Corp,HILL,NASDAQ,3572,manufacturing,2010Q3,1997-09-17,2019-12-31,Alpha Vantage listing interval,resolved_cik,True,2,"ranked by active quarter-end evidence, exchange, and plain common-stock symbol",2010|NASDAQ|manufacturing,2913,13,0.0044627532,224.0769230769,20260916
CIK0001067294,AVS888B6ADA4B8472E4,0001067294,Cracker Barrel Old Country Store Inc,CBRL,NASDAQ,5812,retail_trade,2010Q3,1984-09-07,2019-12-31,Alpha Vantage listing interval,resolved_cik,True,1,only eligible resolved security,2010|NASDAQ|retail_trade,323,2,0.0061919505,161.5000000000,20260916
CIK0001126741,AVSF249D1427F3CB62F,0001126741,GSI Technology Inc,GSIT,NASDAQ,3674,manufacturing,2010Q3,2007-03-29,2019-12-31,Alpha Vantage listing interval,resolved_cik,True,1,only eligible resolved security,2010|NASDAQ|manufacturing,2913,13,0.0044627532,224.0769230769,20260916
CIK0001261654,AVS424E419DCF2FBEF8,0001261654,Universal Technical Institute Inc,UTI,NYSE,8200,services,2010Q3,2003-12-18,2019-12-31,Alpha Vantage listing interval,resolved_cik,True,1,only eligible resolved security,2010|NYSE|services,652,3,0.0046012270,217.3333333333,20260916
CIK0001290476,AVS5F5ECB40A6AD7CD4,0001290476,Village Bank & Trust Financial Corporation,VBFC,NASDAQ,6022,finance_insurance_real_estate,2010Q3,1996-04-01,2019-12-31,Alpha Vantage listing interval,resolved_cik,True,1,only eligible resolved security,2010|NASDAQ|finance_insurance_real_estate,1752,8,0.0045662100,219.0000000000,20260916
CIK0001316625,AVSF946EDB467A1219E,0001316625,Silicon Graphics International Corp,SGI,NASDAQ,3571,manufacturing,2010Q3,2009-05-19,2019-12-31,Alpha Vantage listing interval,resolved_cik,True,2,"ranked by active quarter-end evidence, exchange, and plain common-stock symbol",2010|NASDAQ|manufacturing,2913,13,0.0044627532,224.0769230769,20260916
CIK0001486957,AVS151334008B11CBEF,0001486957,Babcock & Wilcox Company,BWC,NYSE,3510,manufacturing,2010Q3,2010-08-02,2019-12-31,Alpha Vantage listing interval,resolved_cik,True,3,"ranked by active quarter-end evidence, exchange, and plain common-stock symbol",2010|NYSE|manufacturing,2028,9,0.0044378698,225.3333333333,20260916
CIK0000014272,AVS0763579394D5463B,0000014272,Bristol-Myers Squibb Company,BMY,NYSE,2834,manufacturing,2010Q4,1972-06-01,2019-12-31,Alpha Vantage listing interval,resolved_cik,True,1,only eligible resolved security,2010|NYSE|manufacturing,2028,9,0.0044378698,225.3333333333,20260916
CIK0000080124,AVS477EEAA068F3E2F3,0000080124,Presidential Life LLC,PLFE,NASDAQ,6311,finance_insurance_real_estate,2010Q4,2006-12-28,2019-12-31,Alpha Vantage listing interval,resolved_cik,True,2,"ranked by active quarter-end evidence, exchange, and plain common-stock symbol",2010|NASDAQ|finance_insurance_real_estate,1752,8,0.0045662100,219.0000000000,20260916
CIK0000105016,AVSB7C1F7D9943A6ED2,0000105016,Watsco Inc - Class A,WSO,NYSE,5070,wholesale_trade,2010Q4,1984-06-07,2019-12-31,Alpha Vantage listing interval,resolved_cik,True,2,"ranked by active quarter-end evidence, exchange, and plain common-stock symbol",2010|NYSE|wholesale_trade,132,1,0.0075757576,132.0000000000,20260916
CIK0000313216,AVS99D2CD567A2CFE42,0000313216,Koninklijke Philips N.V.,PHG,NYSE,3844,manufacturing,2010Q4,1987-12-30,2019-12-31,Alpha Vantage listing interval,resolved_cik,True,1,only eligible resolved security,2010|NYSE|manufacturing,2028,9,0.0044378698,225.3333333333,20260916
CIK0000709804,AVS130DE38A077952E7,0000709804,Steel Excel Inc,SXCL,NASDAQ,1389,mining,2010Q4,2006-12-28,2019-12-31,Alpha Vantage listing interval,resolved_cik,True,2,"ranked by active quarter-end evidence, exchange, and plain common-stock symbol",2010|NASDAQ|mining,197,1,0.0050761421,197.0000000000,20260916
CIK0000866729,AVS75D4288F5B56E00C,0000866729,Scholastic Corp,SCHL,NASDAQ,2731,manufacturing,2010Q4,1992-02-25,2019-12-31,Alpha Vantage listing interval,resolved_cik,True,1,only eligible resolved security,2010|NASDAQ|manufacturing,2913,13,0.0044627532,224.0769230769,20260916
CIK0001001171,AVS4945CE87FBDED8DF,0001001171,Broadway Financial Corp,BYFC,NASDAQ,6035,finance_insurance_real_estate,2010Q4,1996-01-09,2019-12-31,Alpha Vantage listing interval,resolved_cik,True,1,only eligible resolved security,2010|NASDAQ|finance_insurance_real_estate,1752,8,0.0045662100,219.0000000000,20260916
CIK0001105982,AVS7223EC3E0ECDC26C,0001105982,OTIX GLOBAL INC.,OTIX,NASDAQ,3842,manufacturing,2010Q4,2001-01-02,2010-12-10,Alpha Vantage listing interval,resolved_cik,False,2,"ranked by active quarter-end evidence, exchange, and plain common-stock symbol",2010|NASDAQ|manufacturing,2913,13,0.0044627532,224.0769230769,20260916
CIK0001133311,AVS04F1C8603D2A318A,0001133311,Travelzoo,TZOO,NASDAQ,7310,services,2010Q4,2002-08-28,2019-12-31,Alpha Vantage listing interval,resolved_cik,True,1,only eligible resolved security,2010|NASDAQ|services,1253,6,0.0047885076,208.8333333333,20260916
CIK0001137774,AVS64008F64C61A9E09,0001137774,Prudential Financial Inc,PFH,NYSE,6311,finance_insurance_real_estate,2010Q4,1999-04-05,2019-12-31,Alpha Vantage listing interval,resolved_cik,True,2,"ranked by active quarter-end evidence, exchange, and plain common-stock symbol",2010|NYSE|finance_insurance_real_estate,1582,7,0.0044247788,226.0000000000,20260916
CIK0001176309,AVSED7B9C19121E3643,0001176309,Oramed Pharmaceuticals Inc,ORMP,NASDAQ,2834,manufacturing,2010Q4,2006-04-21,2019-12-31,Alpha Vantage listing interval,resolved_cik,True,1,only eligible resolved security,2010|NASDAQ|manufacturing,2913,13,0.0044627532,224.0769230769,20260916
CIK0001224370,AVS0F0F3D6946093E48,0001224370,Mindspeed Technologies Inc,MSPD,NASDAQ,3674,manufacturing,2010Q4,2006-12-28,2019-12-31,Alpha Vantage listing interval,resolved_cik,True,2,"ranked by active quarter-end evidence, exchange, and plain common-stock symbol",2010|NASDAQ|manufacturing,2913,13,0.0044627532,224.0769230769,20260916
CIK0001267332,AVS5A29F55041E5C60D,0001267332,Merrill Lynch Depositor Inc,IPB,NYSE,6189,finance_insurance_real_estate,2010Q4,2004-01-20,2019-12-31,Alpha Vantage listing interval,resolved_cik,True,1,only eligible resolved security,2010|NYSE|finance_insurance_real_estate,1582,7,0.0044247788,226.0000000000,20260916
CIK0001378590,AVS5F52849589FF9CA4,0001378590,Bridgeline Digital Inc,BLIN,NASDAQ,7372,services,2010Q4,2007-06-29,2019-12-31,Alpha Vantage listing interval,resolved_cik,True,1,only eligible resolved security,2010|NASDAQ|services,1253,6,0.0047885076,208.8333333333,20260916
CIK0001390478,AVS33638086E113753C,0001390478,Galena Biopharma Inc,GALE,NASDAQ,2834,manufacturing,2010Q4,2008-03-12,2019-12-31,Alpha Vantage listing interval,resolved_cik,True,2,"ranked by active quarter-end evidence, exchange, and plain common-stock symbol",2010|NASDAQ|manufacturing,2913,13,0.0044627532,224.0769230769,20260916
CIK0001472072,AVSF37BBEC48D2D0244,0001472072,Concord Medical Services,CCM,NYSE,8011,services,2010Q4,2009-12-11,2019-12-31,Alpha Vantage listing interval,resolved_cik,True,1,only eligible resolved security,2010|NYSE|services,652,3,0.0046012270,217.3333333333,20260916
CIK0000023197,AVS0C3B197971B44278,0000023197,Comtech Telecommunications Corp,CMTL,NASDAQ,3663,manufacturing,2011Q1,1992-02-18,2019-12-31,Alpha Vantage listing interval,resolved_cik,True,1,only eligible resolved security,2011|NASDAQ|manufacturing,3035,14,0.0046128501,216.7857142857,20260916
CIK0000033769,AVS5DAC2C1CB81B2613,0000033769,Bob Evans Farms Inc,BOBE,NASDAQ,5812,retail_trade,2011Q1,1984-09-05,2019-12-31,Alpha Vantage listing interval,resolved_cik,True,2,"ranked by active quarter-end evidence, exchange, and plain common-stock symbol",2011|NASDAQ|retail_trade,344,2,0.0058139535,172.0000000000,20260916
CIK0000708955,AVSEF84929DED373003,0000708955,First Financial Bancorp,FFBC,NASDAQ,6021,finance_insurance_real_estate,2011Q1,1990-03-26,2019-12-31,Alpha Vantage listing interval,resolved_cik,True,1,only eligible resolved security,2011|NASDAQ|finance_insurance_real_estate,1799,8,0.0044469150,224.8750000000,20260916
CIK0000722392,AVSDCBE3A85037D3452,0000722392,Planar Systems Inc,PLNR,NASDAQ,3679,manufacturing,2011Q1,1993-12-16,2019-12-31,Alpha Vantage listing interval,resolved_cik,True,2,"ranked by active quarter-end evidence, exchange, and plain common-stock symbol",2011|NASDAQ|manufacturing,3035,14,0.0046128501,216.7857142857,20260916
CIK0000731012,AVS643DB190A629AA64,0000731012,Healthcare Services Group Inc,HCSG,NASDAQ,8050,services,2011Q1,1990-03-26,2019-12-31,Alpha Vantage listing interval,resolved_cik,True,1,only eligible resolved security,2011|NASDAQ|services,1332,6,0.0045045045,222.0000000000,20260916
CIK0000861459,AVS29D6F36FF007E644,0000861459,Granite Construction Inc,GVA,NYSE,1600,construction,2011Q1,1992-02-25,2019-12-31,Alpha Vantage listing interval,resolved_cik,True,1,only eligible resolved security,2011|NYSE|construction,124,1,0.0080645161,124.0000000000,20260916
CIK0000868271,AVSAB56BFED116F52DC,0000868271,Severn Bancorp Inc,SVBI,NASDAQ,6021,finance_insurance_real_estate,2011Q1,2001-01-02,2019-12-31,Alpha Vantage listing interval,resolved_cik,True,1,only eligible resolved security,2011|NASDAQ|finance_insurance_real_estate,1799,8,0.0044469150,224.8750000000,20260916
CIK0000868611,AVS5C10E3F6A091A963,0000868611,Sonic Corp,SONC,NASDAQ,5812,retail_trade,2011Q1,1991-02-28,2019-12-31,Alpha Vantage listing interval,resolved_cik,True,2,"ranked by active quarter-end evidence, exchange, and plain common-stock symbol",2011|NASDAQ|retail_trade,344,2,0.0058139535,172.0000000000,20260916
CIK0000899751,AVS36112CD4CD27B6DF,0000899751,Titan International Inc,TWI,NYSE,3312,manufacturing,2011Q1,1993-05-20,2019-12-31,Alpha Vantage listing interval,resolved_cik,True,1,only eligible resolved security,2011|NYSE|manufacturing,2112,10,0.0047348485,211.2000000000,20260916
CIK0001022469,AVS3D4D97B0E5F7B8B6,0001022469,Deltic Timber Corp,DEL,NYSE,2421,manufacturing,2011Q1,1996-12-12,2019-12-31,Alpha Vantage listing interval,resolved_cik,True,2,"ranked by active quarter-end evidence, exchange, and plain common-stock symbol",2011|NYSE|manufacturing,2112,10,0.0047348485,211.2000000000,20260916
CIK0001053532,AVSB099031FC50A1283,0001053532,LaSalle Hotel Properties,LHO,NYSE,6798,finance_insurance_real_estate,2011Q1,1998-04-24,2019-12-31,Alpha Vantage listing interval,resolved_cik,True,2,"ranked by active quarter-end evidence, exchange, and plain common-stock symbol",2011|NYSE|finance_insurance_real_estate,1660,8,0.0048192771,207.5000000000,20260916
CIK0001089872,AVSC4FC4AAF9E8D8943,0001089872,Gaia Inc - Class A,GAIA,NASDAQ,7812,services,2011Q1,1999-10-29,2019-12-31,Alpha Vantage listing interval,resolved_cik,True,1,only eligible resolved security,2011|NASDAQ|services,1332,6,0.0045045045,222.0000000000,20260916
CIK0001095565,AVS5136367AC97656A1,0001095565,Healthstream Inc,HSTM,NASDAQ,7370,services,2011Q1,2000-04-11,2019-12-31,Alpha Vantage listing interval,resolved_cik,True,1,only eligible resolved security,2011|NASDAQ|services,1332,6,0.0045045045,222.0000000000,20260916
CIK0001099590,AVS3DC89E96B3B90002,0001099590,MercadoLibre Inc,MELI,NASDAQ,7389,services,2011Q1,2007-08-10,2019-12-31,Alpha Vantage listing interval,resolved_cik,True,1,only eligible resolved security,2011|NASDAQ|services,1332,6,0.0045045045,222.0000000000,20260916
CIK0001132924,AVS5E950B89596BC1C9,0001132924,Chunghwa Telecom,CHT,NYSE,4812,transportation_communications_utilities,2011Q1,2003-10-09,2019-12-31,Alpha Vantage listing interval,resolved_cik,True,1,only eligible resolved security,2011|NYSE|transportation_communications_utilities,826,4,0.0048426150,206.5000000000,20260916
CIK0001419521,AVSC80CE88AAA2DD3CC,0001419521,Hatteras Financial Corp,HTS,NYSE,6798,finance_insurance_real_estate,2011Q1,2008-04-29,2019-12-31,Alpha Vantage listing interval,resolved_cik,True,2,"ranked by active quarter-end evidence, exchange, and plain common-stock symbol",2011|NYSE|finance_insurance_real_estate,1660,8,0.0048192771,207.5000000000,20260916
CIK0001442236,AVS07C0B35D77ED76CC,0001442236,Quest Resource Holding Corp,QRHC,NASDAQ,4953,transportation_communications_utilities,2011Q1,2010-01-05,2019-12-31,Alpha Vantage listing interval,resolved_cik,True,1,only eligible resolved security,2011|NASDAQ|transportation_communications_utilities,529,2,0.0037807183,264.5000000000,20260916
CIK0000074303,AVS58F12DB2ECD1CB1C,0000074303,Olin Corp,OLN,NYSE,2800,manufacturing,2011Q2,1987-12-30,2019-12-31,Alpha Vantage listing interval,resolved_cik,True,1,only eligible resolved security,2011|NYSE|manufacturing,2112,10,0.0047348485,211.2000000000,20260916
CIK0000101382,AVS0F38D7ACF0185C7D,0000101382,UMB Financial Corp,UMBF,NASDAQ,6021,finance_insurance_real_estate,2011Q2,1990-03-27,2019-12-31,Alpha Vantage listing interval,resolved_cik,True,1,only eligible resolved security,2011|NASDAQ|finance_insurance_real_estate,1799,8,0.0044469150,224.8750000000,20260916
CIK0000104897,AVSB859ED8F0EB47574,0000104897,WSI Industries Inc,WSCI,NASDAQ,3540,manufacturing,2011Q2,1990-03-27,2019-12-31,Alpha Vantage listing interval,resolved_cik,True,2,"ranked by active quarter-end evidence, exchange, and plain common-stock symbol",2011|NASDAQ|manufacturing,3035,14,0.0046128501,216.7857142857,20260916
CIK0000714256,AVS4C6CF3D293F16314,0000714256,Sanara MedTech Inc,SMTI,NASDAQ,3842,manufacturing,2011Q2,2011-02-22,2019-12-31,Alpha Vantage listing interval,resolved_cik,True,1,only eligible resolved security,2011|NASDAQ|manufacturing,3035,14,0.0046128501,216.7857142857,20260916
CIK0000717423,AVS87DD472B7E5DB00F,0000717423,Murphy Oil Corp,MUR,NYSE,1311,mining,2011Q2,1983-04-06,2019-12-31,Alpha Vantage listing interval,resolved_cik,True,1,only eligible resolved security,2011|NYSE|mining,580,3,0.0051724138,193.3333333333,20260916
CIK0000849146,AVSDA4297C82C522E3A,0000849146,Lifevantage Corporation,LFVN,NASDAQ,2834,manufacturing,2011Q2,2004-10-05,2019-12-31,Alpha Vantage listing interval,resolved_cik,True,1,only eligible resolved security,2011|NASDAQ|manufacturing,3035,14,0.0046128501,216.7857142857,20260916
CIK0000886346,AVSD92DC8A8885DCB2B,0000886346,Kadant Inc,KAI,NYSE,3550,manufacturing,2011Q2,1992-11-03,2019-12-31,Alpha Vantage listing interval,resolved_cik,True,1,only eligible resolved security,2011|NYSE|manufacturing,2112,10,0.0047348485,211.2000000000,20260916
CIK0001027552,AVS398C55482CA6D125,0001027552,Banco Santander Chile SA,BSAC,NYSE,6029,finance_insurance_real_estate,2011Q2,1994-10-31,2019-12-31,Alpha Vantage listing interval,resolved_cik,True,1,only eligible resolved security,2011|NYSE|finance_insurance_real_estate,1660,8,0.0048192771,207.5000000000,20260916
CIK0001084201,AVS489B9A6EAB4ACFEC,0001084201,Sinovac Biotech Ltd,SVA,NASDAQ,2834,manufacturing,2011Q2,2003-11-03,2019-12-31,Alpha Vantage listing interval,resolved_cik,True,1,only eligible resolved security,2011|NASDAQ|manufacturing,3035,14,0.0046128501,216.7857142857,20260916
CIK0001104188,AVSE35A3F75224089D4,0001104188,Sohu.com Ltd,SOHU,NASDAQ,7374,services,2011Q2,2000-07-12,2019-12-31,Alpha Vantage listing interval,resolved_cik,True,1,only eligible resolved security,2011|NASDAQ|services,1332,6,0.0045045045,222.0000000000,20260916
CIK0001160165,AVSC9D0D52A1611B633,0001160165,Shengdatech Inc,SDTHQ,NASDAQ,2890,manufacturing,2011Q2,2011-06-10,2019-12-31,Alpha Vantage listing interval,resolved_cik,True,2,"ranked by active quarter-end evidence, exchange, and plain common-stock symbol",2011|NASDAQ|manufacturing,3035,14,0.0046128501,216.7857142857,20260916
CIK0001195933,AVS7C1C838707F9935F,0001195933,Infinity Property and Casualty Corp,IPCC,NASDAQ,6331,finance_insurance_real_estate,2011Q2,2003-02-12,2019-12-31,Alpha Vantage listing interval,resolved_cik,True,2,"ranked by active quarter-end evidence, exchange, and plain common-stock symbol",2011|NASDAQ|finance_insurance_real_estate,1799,8,0.0044469150,224.8750000000,20260916
CIK0001232524,AVS9E0EBBA091F56D4B,0001232524,Jazz Pharmaceuticals plc,JAZZ,NASDAQ,2834,manufacturing,2011Q2,2007-06-01,2019-12-31,Alpha Vantage listing interval,resolved_cik,True,1,only eligible resolved security,2011|NASDAQ|manufacturing,3035,14,0.0046128501,216.7857142857,20260916
CIK0001373988,AVS0517E6F5E8EE6E05,0001373988,Essex Rental Corp,ESSX,NASDAQ,7350,services,2011Q2,2007-03-27,2019-12-31,Alpha Vantage listing interval,resolved_cik,True,2,"ranked by active quarter-end evidence, exchange, and plain common-stock symbol",2011|NASDAQ|services,1332,6,0.0045045045,222.0000000000,20260916
CIK0001377789,AVS50644F16D8F38D79,0001377789,Aviat Networks Inc,AVNW,NASDAQ,3663,manufacturing,2011Q2,1991-02-07,2019-12-31,Alpha Vantage listing interval,resolved_cik,True,1,only eligible resolved security,2011|NASDAQ|manufacturing,3035,14,0.0046128501,216.7857142857,20260916
CIK0001383312,AVS47A3F28D13C52563,0001383312,Broadridge Financial Solutions Inc,BR,NYSE,7389,services,2011Q2,2007-04-02,2019-12-31,Alpha Vantage listing interval,resolved_cik,True,1,only eligible resolved security,2011|NYSE|services,699,3,0.0042918455,233.0000000000,20260916
CIK0001422892,AVSDB191679AB030BAF,0001422892,Singularity Future Technology Ltd,SGLY,NASDAQ,4731,transportation_communications_utilities,2011Q2,2008-05-21,2019-12-31,Alpha Vantage listing interval,resolved_cik,True,1,only eligible resolved security,2011|NASDAQ|transportation_communications_utilities,529,2,0.0037807183,264.5000000000,20260916
CIK0000056047,AVSE6F1808C87978FDE,0000056047,Kirby Corp,KEX,NYSE,4400,transportation_communications_utilities,2011Q3,1991-08-21,2019-12-31,Alpha Vantage listing interval,resolved_cik,True,1,only eligible resolved security,2011|NYSE|transportation_communications_utilities,826,4,0.0048426150,206.5000000000,20260916
CIK0000060751,AVS846002AEDA58DD25,0000060751,LUBRIZOL Corp,LZ,NYSE,2860,manufacturing,2011Q3,2001-01-02,2019-12-31,Alpha Vantage listing interval,resolved_cik,True,2,"ranked by active quarter-end evidence, exchange, and plain common-stock symbol",2011|NYSE|manufacturing,2112,10,0.0047348485,211.2000000000,20260916
CIK0000310764,AVSE3ABB82EE2D2E95D,0000310764,Stryker Corp,SYK,NYSE,3841,manufacturing,2011Q3,1988-02-01,2019-12-31,Alpha Vantage listing interval,resolved_cik,True,1,only eligible resolved security,2011|NYSE|manufacturing,2112,10,0.0047348485,211.2000000000,20260916
CIK0000350737,AVS1E11FD52509DB028,0000350737,Ocean Bio-Chem Inc,OBCI,NASDAQ,2842,manufacturing,2011Q3,1995-07-13,2019-12-31,Alpha Vantage listing interval,resolved_cik,True,1,only eligible resolved security,2011|NASDAQ|manufacturing,3035,14,0.0046128501,216.7857142857,20260916
CIK0000712034,AVS65160213DCD8A972,0000712034,Acco Brands Corporation,ACCO,NYSE,2780,manufacturing,2011Q3,2005-08-17,2019-12-31,Alpha Vantage listing interval,resolved_cik,True,1,only eligible resolved security,2011|NYSE|manufacturing,2112,10,0.0047348485,211.2000000000,20260916
CIK0000778734,AVSC37F581AE48313D5,0000778734,Measurement Specialties Inc,MEAS,NASDAQ,3829,manufacturing,2011Q3,1993-04-26,2019-12-31,Alpha Vantage listing interval,resolved_cik,True,2,"ranked by active quarter-end evidence, exchange, and plain common-stock symbol",2011|NASDAQ|manufacturing,3035,14,0.0046128501,216.7857142857,20260916
CIK0000785161,AVSCC702659B9C42261,0000785161,HEALTHSOUTH Corp,HLS,NYSE,8060,services,2011Q3,1989-09-13,2019-12-31,Alpha Vantage listing interval,resolved_cik,True,2,"ranked by active quarter-end evidence, exchange, and plain common-stock symbol",2011|NYSE|services,699,3,0.0042918455,233.0000000000,20260916
CIK0000821026,AVS562D0D35CF35D364,0000821026,Andersons Inc,ANDE,NASDAQ,5150,wholesale_trade,2011Q3,1996-02-20,2019-12-31,Alpha Vantage listing interval,resolved_cik,True,1,only eligible resolved security,2011|NASDAQ|wholesale_trade,176,1,0.0056818182,176.0000000000,20260916
CIK0000845289,AVS22DACBDC86FDB629,0000845289,Harvest Natural Resources Inc,HNR,NYSE,1311,mining,2011Q3,1989-11-07,2019-12-31,Alpha Vantage listing interval,resolved_cik,True,2,"ranked by active quarter-end evidence, exchange, and plain common-stock symbol",2011|NYSE|mining,580,3,0.0051724138,193.3333333333,20260916
CIK0000934648,AVS4CD7FB4EFE4B92F2,0000934648,Speedway Motorsports Inc,TRK,NYSE,7948,services,2011Q3,1995-02-24,2019-12-31,Alpha Vantage listing interval,resolved_cik,True,2,"ranked by active quarter-end evidence, exchange, and plain common-stock symbol",2011|NYSE|services,699,3,0.0042918455,233.0000000000,20260916
CIK0001023128,AVS3BB0512CE96F8CAA,0001023128,Lithia Motors Inc - Class A,LAD,NYSE,5500,retail_trade,2011Q3,1996-12-18,2019-12-31,Alpha Vantage listing interval,resolved_cik,True,1,only eligible resolved security,2011|NYSE|retail_trade,312,1,0.0032051282,312.0000000000,20260916
CIK0001132651,AVSFB60CCDA6D444722,0001132651,Ames National Corp,ATLO,NASDAQ,6021,finance_insurance_real_estate,2011Q3,2000-02-15,2019-12-31,Alpha Vantage listing interval,resolved_cik,True,1,only eligible resolved security,2011|NASDAQ|finance_insurance_real_estate,1799,8,0.0044469150,224.8750000000,20260916
CIK0001286043,AVSDAEA829E6CEA712C,0001286043,Kite Realty Group Trust,KRG,NYSE,6798,finance_insurance_real_estate,2011Q3,2004-08-11,2019-12-31,Alpha Vantage listing interval,resolved_cik,True,1,only eligible resolved security,2011|NYSE|finance_insurance_real_estate,1660,8,0.0048192771,207.5000000000,20260916
CIK0001308547,AVSA24517D29239C731,0001308547,Dolby Laboratories Inc - Class A,DLB,NYSE,6794,finance_insurance_real_estate,2011Q3,2005-02-17,2019-12-31,Alpha Vantage listing interval,resolved_cik,True,1,only eligible resolved security,2011|NYSE|finance_insurance_real_estate,1660,8,0.0048192771,207.5000000000,20260916
CIK0001404296,AVS7D2758B541C81496,0001404296,Atlantic Coast Financial Corp,ACFC,NASDAQ,6035,finance_insurance_real_estate,2011Q3,2004-10-05,2019-12-31,Alpha Vantage listing interval,resolved_cik,True,2,"ranked by active quarter-end evidence, exchange, and plain common-stock symbol",2011|NASDAQ|finance_insurance_real_estate,1799,8,0.0044469150,224.8750000000,20260916
CIK0001442620,AVS8D7D1C65C1023AB8,0001442620,Recon Technology Ltd - Class A,RCON,NASDAQ,1389,mining,2011Q3,2009-07-30,2019-12-31,Alpha Vantage listing interval,resolved_cik,True,1,only eligible resolved security,2011|NASDAQ|mining,215,1,0.0046511628,215.0000000000,20260916
CIK0001485469,AVSF0525AD4EECFD2C5,0001485469,Tower International Inc,TOWR,NYSE,3714,manufacturing,2011Q3,2010-10-15,2019-12-31,Alpha Vantage listing interval,resolved_cik,True,2,"ranked by active quarter-end evidence, exchange, and plain common-stock symbol",2011|NYSE|manufacturing,2112,10,0.0047348485,211.2000000000,20260916
CIK0000014693,AVS678515F7E8F6FB2B,0000014693,Brown-Forman Corp - Class A,BF-A,NYSE,2080,manufacturing,2011Q4,1973-05-03,2019-12-31,Alpha Vantage listing interval,resolved_cik,True,2,"ranked by active quarter-end evidence, exchange, and plain common-stock symbol",2011|NYSE|manufacturing,2112,10,0.0047348485,211.2000000000,20260916
CIK0000711669,AVSDB51C807BE357FA6,0000711669,Colony Bankcorp Inc,CBAN,NYSE,6022,finance_insurance_real_estate,2011Q4,1998-04-02,2019-12-31,Alpha Vantage listing interval,resolved_cik,True,1,only eligible resolved security,2011|NYSE|finance_insurance_real_estate,1660,8,0.0048192771,207.5000000000,20260916
CIK0000712034,AVS65160213DCD8A972,0000712034,Acco Brands Corporation,ACCO,NYSE,2780,manufacturing,2011Q4,2005-08-17,2019-12-31,Alpha Vantage listing interval,resolved_cik,True,1,only eligible resolved security,2011|NYSE|manufacturing,2112,10,0.0047348485,211.2000000000,20260916
CIK0000742278,AVSB03C0CCBC7F3C2C2,0000742278,RPC Inc,RES,NYSE,1389,mining,2011Q4,1987-12-30,2019-12-31,Alpha Vantage listing interval,resolved_cik,True,1,only eligible resolved security,2011|NYSE|mining,580,3,0.0051724138,193.3333333333,20260916
CIK0000793524,AVSAF6A61870482942C,0000793524,Research Frontiers Inc,REFR,NASDAQ,6794,finance_insurance_real_estate,2011Q4,1993-12-20,2019-12-31,Alpha Vantage listing interval,resolved_cik,True,1,only eligible resolved security,2011|NASDAQ|finance_insurance_real_estate,1799,8,0.0044469150,224.8750000000,20260916
CIK0000916793,AVS919A77A6F497D1BB,0000916793,Silicom Ltd,SILC,NASDAQ,3576,manufacturing,2011Q4,1994-02-18,2019-12-31,Alpha Vantage listing interval,resolved_cik,True,1,only eligible resolved security,2011|NASDAQ|manufacturing,3035,14,0.0046128501,216.7857142857,20260916
CIK0000945114,AVSC28339D606C9418A,0000945114,Global Industrial Company,GIC,NYSE,5084,wholesale_trade,2011Q4,1995-06-27,2019-12-31,Alpha Vantage listing interval,resolved_cik,True,1,only eligible resolved security,2011|NYSE|wholesale_trade,138,1,0.0072463768,138.0000000000,20260916
CIK0000947263,AVSC4D7B1078282DBFD,0000947263,Toronto Dominion Bank,TD,NYSE,6029,finance_insurance_real_estate,2011Q4,1996-08-30,2019-12-31,Alpha Vantage listing interval,resolved_cik,True,1,only eligible resolved security,2011|NYSE|finance_insurance_real_estate,1660,8,0.0048192771,207.5000000000,20260916
CIK0001057706,AVSF4BF8FF23E10F149,0001057706,First Bancorp PR,FBP,NYSE,6022,finance_insurance_real_estate,2011Q4,1992-02-25,2019-12-31,Alpha Vantage listing interval,resolved_cik,True,1,only eligible resolved security,2011|NYSE|finance_insurance_real_estate,1660,8,0.0048192771,207.5000000000,20260916
CIK0001075607,AVS35CC173725990D5F,0001075607,TC Pipelines LP,TCP,NYSE,4922,transportation_communications_utilities,2011Q4,1999-05-25,2019-12-31,Alpha Vantage listing interval,resolved_cik,True,1,only eligible resolved security,2011|NYSE|transportation_communications_utilities,826,4,0.0048426150,206.5000000000,20260916
CIK0001095981,AVS72731D15FB76F218,0001095981,Cerenome Inc,CNSY,NASDAQ,3841,manufacturing,2011Q4,2000-11-16,2019-12-31,Alpha Vantage listing interval,resolved_cik,True,1,only eligible resolved security,2011|NASDAQ|manufacturing,3035,14,0.0046128501,216.7857142857,20260916
CIK0001240581,AVS313AF511D98B968E,0001240581,Clifton Savings Bancorp Inc,CSBK,NASDAQ,6035,finance_insurance_real_estate,2011Q4,2004-05-11,2019-12-31,Alpha Vantage listing interval,resolved_cik,True,2,"ranked by active quarter-end evidence, exchange, and plain common-stock symbol",2011|NASDAQ|finance_insurance_real_estate,1799,8,0.0044469150,224.8750000000,20260916
CIK0001374339,AVS4B57988A875FC6EA,0001374339,ProMIS Neurosciences Inc,PMN,NASDAQ,2834,manufacturing,2011Q4,2007-07-17,2019-12-31,Alpha Vantage listing interval,resolved_cik,True,1,only eligible resolved security,2011|NASDAQ|manufacturing,3035,14,0.0046128501,216.7857142857,20260916
CIK0001483934,AVS08782371A76A4850,0001483934,Scorpio Tankers Inc,STNG,NYSE,4412,transportation_communications_utilities,2011Q4,2010-03-31,2019-12-31,Alpha Vantage listing interval,resolved_cik,True,1,only eligible resolved security,2011|NYSE|transportation_communications_utilities,826,4,0.0048426150,206.5000000000,20260916
CIK0000061478,AVSE7B0AFF449281F40,0000061478,ADC TELECOMMUNICATIONS INC,ADCT,NYSE,3661,manufacturing,2012Q1,2001-01-02,2019-12-31,Alpha Vantage listing interval,resolved_cik,False,1,only eligible resolved security,2012|NYSE|manufacturing,2195,10,0.0045558087,219.5000000000,20260916
CIK0000755001,AVSE70673DC3BA452D8,0000755001,Unitil Corp,UTL,NYSE,4931,transportation_communications_utilities,2012Q1,1992-03-17,2019-12-31,Alpha Vantage listing interval,resolved_cik,True,1,only eligible resolved security,2012|NYSE|transportation_communications_utilities,850,4,0.0047058824,212.5000000000,20260916
CIK0000898173,AVS512E9BF8B381B77A,0000898173,O`Reilly Automotive Inc,ORLY,NASDAQ,5531,retail_trade,2012Q1,1993-04-23,2019-12-31,Alpha Vantage listing interval,resolved_cik,True,1,only eligible resolved security,2012|NASDAQ|retail_trade,370,2,0.0054054054,185.0000000000,20260916
CIK0000918541,AVS23769CBBA304AC98,0000918541,NN Inc,NNBR,NASDAQ,3540,manufacturing,2012Q1,1994-03-15,2019-12-31,Alpha Vantage listing interval,resolved_cik,True,1,only eligible resolved security,2012|NASDAQ|manufacturing,3193,15,0.0046977764,212.8666666667,20260916
CIK0000924613,AVS03D4A6B1787346EB,0000924613,Nokia Corp,NOK,NYSE,3663,manufacturing,2012Q1,1994-01-03,2019-12-31,Alpha Vantage listing interval,resolved_cik,True,1,only eligible resolved security,2012|NYSE|manufacturing,2195,10,0.0045558087,219.5000000000,20260916
CIK0001002047,AVS9156F0B02C122D1B,0001002047,Netapp Inc,NTAP,NASDAQ,3572,manufacturing,2012Q1,1995-11-21,2019-12-31,Alpha Vantage listing interval,resolved_cik,True,1,only eligible resolved security,2012|NASDAQ|manufacturing,3193,15,0.0046977764,212.8666666667,20260916
CIK0001018946,AVS75291E6448F41C61,0001018946,Steiner Leisure Ltd,STNR,NASDAQ,7200,services,2012Q1,1996-11-13,2019-12-31,Alpha Vantage listing interval,resolved_cik,True,2,"ranked by active quarter-end evidence, exchange, and plain common-stock symbol",2012|NASDAQ|services,1395,6,0.0043010753,232.5000000000,20260916
CIK0001051343,AVS91427B8EB53825DC,0001051343,Community West Bancshares,CWBC,NASDAQ,6022,finance_insurance_real_estate,2012Q1,1996-11-19,2019-12-31,Alpha Vantage listing interval,resolved_cik,True,2,"ranked by active quarter-end evidence, exchange, and plain common-stock symbol",2012|NASDAQ|finance_insurance_real_estate,1857,9,0.0048465267,206.3333333333,20260916
CIK0001076378,AVS423C8DA9E99171DB,0001076378,Cemex S.A.B. De C.V.,CX,NYSE,3241,manufacturing,2012Q1,1999-09-15,2019-12-31,Alpha Vantage listing interval,resolved_cik,True,1,only eligible resolved security,2012|NYSE|manufacturing,2195,10,0.0045558087,219.5000000000,20260916
CIK0001104506,AVS673BD9E074E5BA44,0001104506,Insmed Inc,INSM,NASDAQ,2834,manufacturing,2012Q1,2000-06-01,2019-12-31,Alpha Vantage listing interval,resolved_cik,True,1,only eligible resolved security,2012|NASDAQ|manufacturing,3193,15,0.0046977764,212.8666666667,20260916
CIK0001131383,AVS416103A89704824C,0001131383,Stantec Inc,STN,NYSE,8711,services,2012Q1,2005-08-05,2019-12-31,Alpha Vantage listing interval,resolved_cik,True,1,only eligible resolved security,2012|NYSE|services,755,4,0.0052980132,188.7500000000,20260916
CIK0001172358,AVS5410B778A7737933,0001172358,Dorchester Minerals LP,DMLP,NASDAQ,1311,mining,2012Q1,2003-02-03,2019-12-31,Alpha Vantage listing interval,resolved_cik,True,1,only eligible resolved security,2012|NASDAQ|mining,226,1,0.0044247788,226.0000000000,20260916
CIK0001190723,AVS1292C52F608F5135,0001190723,Tenaris S.A.,TS,NYSE,3312,manufacturing,2012Q1,2002-12-16,2019-12-31,Alpha Vantage listing interval,resolved_cik,True,1,only eligible resolved security,2012|NYSE|manufacturing,2195,10,0.0045558087,219.5000000000,20260916
CIK0001335730,AVS694F50C17C33C4B2,0001335730,Mizuho Financial Group Inc,MFG,NYSE,6021,finance_insurance_real_estate,2012Q1,2006-11-08,2019-12-31,Alpha Vantage listing interval,resolved_cik,True,1,only eligible resolved security,2012|NYSE|finance_insurance_real_estate,1715,8,0.0046647230,214.3750000000,20260916
CIK0001385187,AVS07BAA286C8741DC7,0001385187,Covidien plc,COV,NYSE,3841,manufacturing,2012Q1,2007-06-14,2019-12-31,Alpha Vantage listing interval,resolved_cik,True,2,"ranked by active quarter-end evidence, exchange, and plain common-stock symbol",2012|NYSE|manufacturing,2195,10,0.0045558087,219.5000000000,20260916
CIK0001393883,AVSD48148CE1D8AEEC1,0001393883,DHI Group Inc,DHX,NYSE,7389,services,2012Q1,2007-07-26,2019-12-31,Alpha Vantage listing interval,resolved_cik,True,1,only eligible resolved security,2012|NYSE|services,755,4,0.0052980132,188.7500000000,20260916
CIK0001402829,AVS0C8826CE23CD2A6F,0001402829,Orion Group Holdings Inc,ORN,NYSE,1600,construction,2012Q1,2007-12-20,2019-12-31,Alpha Vantage listing interval,resolved_cik,True,1,only eligible resolved security,2012|NYSE|construction,124,1,0.0080645161,124.0000000000,20260916
CIK0001409134,AVS8B13C6AD723734DD,0001409134,OSG America L.P.,OSP,NYSE,4400,transportation_communications_utilities,2012Q1,2007-11-09,2019-12-31,Alpha Vantage listing interval,resolved_cik,False,1,only eligible resolved security,2012|NYSE|transportation_communications_utilities,850,4,0.0047058824,212.5000000000,20260916
CIK0000002809,AVSA021529BB3E073C5,0000002809,Agnico Eagle Mines Ltd,AEM,NYSE,1040,mining,2012Q2,1984-09-07,2019-12-31,Alpha Vantage listing interval,resolved_cik,True,1,only eligible resolved security,2012|NYSE|mining,612,3,0.0049019608,204.0000000000,20260916
CIK0000004127,AVS9A6AF5C5F3C941AC,0000004127,Skyworks Solutions Inc,SWKS,NASDAQ,3674,manufacturing,2012Q2,1984-09-07,2019-12-31,Alpha Vantage listing interval,resolved_cik,True,1,only eligible resolved security,2012|NASDAQ|manufacturing,3193,15,0.0046977764,212.8666666667,20260916
CIK0000007039,AVS37DA96982223D547,0000007039,Arabian American Development Company,ARSD,NYSE,2911,manufacturing,2012Q2,2006-07-31,2019-12-31,Alpha Vantage listing interval,resolved_cik,True,3,"ranked by active quarter-end evidence, exchange, and plain common-stock symbol",2012|NYSE|manufacturing,2195,10,0.0045558087,219.5000000000,20260916
CIK0000016875,AVS9431A9F67E1F1E4A,0000016875,Canadian Pacific Kansas City Ltd,CP,NYSE,4011,transportation_communications_utilities,2012Q2,1983-12-30,2019-12-31,Alpha Vantage listing interval,resolved_cik,True,1,only eligible resolved security,2012|NYSE|transportation_communications_utilities,850,4,0.0047058824,212.5000000000,20260916
CIK0000048287,AVSD72A14EA4E79CD63,0000048287,HNI Corp,HNI,NYSE,2522,manufacturing,2012Q2,1990-03-26,2019-12-31,Alpha Vantage listing interval,resolved_cik,True,1,only eligible resolved security,2012|NYSE|manufacturing,2195,10,0.0045558087,219.5000000000,20260916
CIK0000066382,AVS315A6105EEA130CD,0000066382,MillerKnoll Inc,MLKN,NASDAQ,2520,manufacturing,2012Q2,1990-03-26,2019-12-31,Alpha Vantage listing interval,resolved_cik,True,1,only eligible resolved security,2012|NASDAQ|manufacturing,3193,15,0.0046977764,212.8666666667,20260916
CIK0000096943,AVSC4DB7C54E097DF57,0000096943,Teleflex Incorporated,TFX,NYSE,3841,manufacturing,2012Q2,1988-02-18,2019-12-31,Alpha Vantage listing interval,resolved_cik,True,1,only eligible resolved security,2012|NYSE|manufacturing,2195,10,0.0045558087,219.5000000000,20260916
CIK0000317540,AVS22333F37F306BA5F,0000317540,Coca-Cola Consolidated Inc,COKE,NASDAQ,2086,manufacturing,2012Q2,1990-03-26,2019-12-31,Alpha Vantage listing interval,resolved_cik,True,1,only eligible resolved security,2012|NASDAQ|manufacturing,3193,15,0.0046977764,212.8666666667,20260916
CIK0000780571,AVS31CD505310B9D850,0000780571,Itron Inc,ITRI,NASDAQ,3825,manufacturing,2012Q2,1993-11-05,2019-12-31,Alpha Vantage listing interval,resolved_cik,True,1,only eligible resolved security,2012|NASDAQ|manufacturing,3193,15,0.0046977764,212.8666666667,20260916
CIK0000798528,AVS6B43CA691A003679,0000798528,Odyssey Marine Exploration Inc,OMEX,NASDAQ,4400,transportation_communications_utilities,2012Q2,1999-10-26,2019-12-31,Alpha Vantage listing interval,resolved_cik,True,1,only eligible resolved security,2012|NASDAQ|transportation_communications_utilities,538,2,0.0037174721,269.0000000000,20260916
CIK0000863157,AVSBD2FA54581C18CF8,0000863157,PetSmart Inc,PETM,NASDAQ,5990,retail_trade,2012Q2,1993-07-23,2019-12-31,Alpha Vantage listing interval,resolved_cik,True,2,"ranked by active quarter-end evidence, exchange, and plain common-stock symbol",2012|NASDAQ|retail_trade,370,2,0.0054054054,185.0000000000,20260916
CIK0000883241,AVSE0CAA4FBC25A17A4,0000883241,Synopsys Inc,SNPS,NASDAQ,7372,services,2012Q2,1992-02-26,2019-12-31,Alpha Vantage listing interval,resolved_cik,True,1,only eligible resolved security,2012|NASDAQ|services,1395,6,0.0043010753,232.5000000000,20260916
CIK0000911649,AVS8E4587E3FA1C154D,0000911649,Standard Diversified Inc,SDI,NYSE,2100,manufacturing,2012Q2,2001-01-02,2019-12-31,Alpha Vantage listing interval,resolved_cik,True,1,only eligible resolved security,2012|NYSE|manufacturing,2195,10,0.0045558087,219.5000000000,20260916
CIK0001010247,AVS86658D4C646E7CA9,0001010247,FPIC INSURANCE GROUP INC,FPIC,NASDAQ,6331,finance_insurance_real_estate,2012Q2,2001-01-02,2019-12-31,Alpha Vantage listing interval,resolved_cik,False,1,only eligible resolved security,2012|NASDAQ|finance_insurance_real_estate,1857,9,0.0048465267,206.3333333333,20260916
CIK0001122904,AVS01927F22E334DCA1,0001122904,Netgear Inc,NTGR,NASDAQ,3576,manufacturing,2012Q2,2003-07-31,2019-12-31,Alpha Vantage listing interval,resolved_cik,True,1,only eligible resolved security,2012|NASDAQ|manufacturing,3193,15,0.0046977764,212.8666666667,20260916
CIK0001420720,AVSD9057B2100441671,0001420720,iBio Inc,IBIO,NASDAQ,2834,manufacturing,2012Q2,2008-08-19,2019-12-31,Alpha Vantage listing interval,resolved_cik,True,1,only eligible resolved security,2012|NASDAQ|manufacturing,3193,15,0.0046977764,212.8666666667,20260916
CIK0001445930,AVSD0249A3EEA5843EB,0001445930,KB Financial Group Inc,KB,NYSE,6029,finance_insurance_real_estate,2012Q2,2001-11-12,2019-12-31,Alpha Vantage listing interval,resolved_cik,True,1,only eligible resolved security,2012|NYSE|finance_insurance_real_estate,1715,8,0.0046647230,214.3750000000,20260916
CIK0001453015,AVS5389C5990AE7B387,0001453015,Ballard Power Systems Inc,BLDP,NASDAQ,3620,manufacturing,2012Q2,1995-11-08,2019-12-31,Alpha Vantage listing interval,resolved_cik,True,1,only eligible resolved security,2012|NASDAQ|manufacturing,3193,15,0.0046977764,212.8666666667,20260916
CIK0001522420,AVSC73FB4DDA6BC3A1F,0001522420,BSB Bancorp Inc,BLMT,NASDAQ,6022,finance_insurance_real_estate,2012Q2,2011-10-05,2019-12-31,Alpha Vantage listing interval,resolved_cik,True,2,"ranked by active quarter-end evidence, exchange, and plain common-stock symbol",2012|NASDAQ|finance_insurance_real_estate,1857,9,0.0048465267,206.3333333333,20260916
CIK0000025232,AVS2C74823A2FF2ABDA,0000025232,Cousins Properties Inc,CUZ,NYSE,6798,finance_insurance_real_estate,2012Q3,1990-03-26,2019-12-31,Alpha Vantage listing interval,resolved_cik,True,1,only eligible resolved security,2012|NYSE|finance_insurance_real_estate,1715,8,0.0046647230,214.3750000000,20260916
CIK0000067347,AVSF107B2E52331FA09,0000067347,Modine Manufacturing Company,MOD,NYSE,3714,manufacturing,2012Q3,1990-03-26,2019-12-31,Alpha Vantage listing interval,resolved_cik,True,1,only eligible resolved security,2012|NYSE|manufacturing,2195,10,0.0045558087,219.5000000000,20260916
CIK0000351903,AVS3C2B18E6637FD032,0000351903,Epoch Holding Corp,EPHC,NASDAQ,6282,finance_insurance_real_estate,2012Q3,2006-12-28,2019-12-31,Alpha Vantage listing interval,resolved_cik,True,2,"ranked by active quarter-end evidence, exchange, and plain common-stock symbol",2012|NASDAQ|finance_insurance_real_estate,1857,9,0.0048465267,206.3333333333,20260916
CIK0000352825,AVS4D215468EF0DFC31,0000352825,L.B. Foster Co. - Class A,FSTR,NASDAQ,5051,wholesale_trade,2012Q3,1990-03-26,2019-12-31,Alpha Vantage listing interval,resolved_cik,True,1,only eligible resolved security,2012|NASDAQ|wholesale_trade,181,1,0.0055248619,181.0000000000,20260916
CIK0000712537,AVS66F309FDC22B27AC,0000712537,First Commonwealth Financial Corp,FCF,NYSE,6021,finance_insurance_real_estate,2012Q3,1992-06-10,2019-12-31,Alpha Vantage listing interval,resolved_cik,True,1,only eligible resolved security,2012|NYSE|finance_insurance_real_estate,1715,8,0.0046647230,214.3750000000,20260916
CIK0000817135,AVSB4A3E1C526566DA4,0000817135,ALLIANCE HEALTHCARE SERVICES INC,AIQ,NASDAQ,8071,services,2012Q3,2001-07-27,2019-12-31,Alpha Vantage listing interval,resolved_cik,True,2,"ranked by active quarter-end evidence, exchange, and plain common-stock symbol",2012|NASDAQ|services,1395,6,0.0043010753,232.5000000000,20260916
CIK0000868857,AVS49F833D16EFF2750,0000868857,AECOM,ACM,NYSE,8711,services,2012Q3,2007-05-10,2019-12-31,Alpha Vantage listing interval,resolved_cik,True,1,only eligible resolved security,2012|NYSE|services,755,4,0.0052980132,188.7500000000,20260916
CIK0000885978,AVSE57051EB8B0F4BDD,0000885978,U.S. Physical Therapy Inc,USPH,NYSE,8000,services,2012Q3,1992-05-29,2019-12-31,Alpha Vantage listing interval,resolved_cik,True,1,only eligible resolved security,2012|NYSE|services,755,4,0.0052980132,188.7500000000,20260916
CIK0000912593,AVS5B5F22163121AFEC,0000912593,Sun Communities Inc,SUI,NYSE,6798,finance_insurance_real_estate,2012Q3,1993-12-09,2019-12-31,Alpha Vantage listing interval,resolved_cik,True,1,only eligible resolved security,2012|NYSE|finance_insurance_real_estate,1715,8,0.0046647230,214.3750000000,20260916
CIK0001012771,AVSB479CE67ABA1E0C4,0001012771,FBL Financial Group Inc,FFG,NYSE,6311,finance_insurance_real_estate,2012Q3,2001-01-02,2019-12-31,Alpha Vantage listing interval,resolved_cik,True,2,"ranked by active quarter-end evidence, exchange, and plain common-stock symbol",2012|NYSE|finance_insurance_real_estate,1715,8,0.0046647230,214.3750000000,20260916
CIK0001060523,AVS7BF2FFC400908681,0001060523,Cardinal Financial Corp,CFNL,NASDAQ,6021,finance_insurance_real_estate,2012Q3,1998-07-17,2019-12-31,Alpha Vantage listing interval,resolved_cik,True,2,"ranked by active quarter-end evidence, exchange, and plain common-stock symbol",2012|NASDAQ|finance_insurance_real_estate,1857,9,0.0048465267,206.3333333333,20260916
CIK0001095073,AVSE473F5061A716039,0001095073,Everest Group Ltd,EG,NYSE,6331,finance_insurance_real_estate,2012Q3,1995-10-03,2019-12-31,Alpha Vantage listing interval,resolved_cik,True,1,only eligible resolved security,2012|NYSE|finance_insurance_real_estate,1715,8,0.0046647230,214.3750000000,20260916
CIK0001158449,AVS77C83994F08E1AE7,0001158449,Advance Auto Parts Inc,AAP,NYSE,5531,retail_trade,2012Q3,2001-11-29,2019-12-31,Alpha Vantage listing interval,resolved_cik,True,1,only eligible resolved security,2012|NYSE|retail_trade,330,2,0.0060606061,165.0000000000,20260916
CIK0001273931,AVSDD20077C670808DF,0001273931,Moneygram International Inc,MGI,NASDAQ,7389,services,2012Q3,2004-07-01,2019-12-31,Alpha Vantage listing interval,resolved_cik,True,1,only eligible resolved security,2012|NASDAQ|services,1395,6,0.0043010753,232.5000000000,20260916
CIK0001313730,AVS7366C2343B735E27,0001313730,Atlantic Southern Financial Group Inc,ASFN,NASDAQ,6035,finance_insurance_real_estate,2012Q3,2011-01-31,2019-12-31,Alpha Vantage listing interval,resolved_cik,True,2,"ranked by active quarter-end evidence, exchange, and plain common-stock symbol",2012|NASDAQ|finance_insurance_real_estate,1857,9,0.0048465267,206.3333333333,20260916
CIK0001413507,AVS87DD413ACAEF86EA,0001413507,Synergy Resources Corp,SRCI,NYSE,1311,mining,2012Q3,2008-02-27,2019-12-31,Alpha Vantage listing interval,resolved_cik,True,1,only eligible resolved security,2012|NYSE|mining,612,3,0.0049019608,204.0000000000,20260916
CIK0001474439,AVS8EF38C164B76E996,0001474439,Telenav Inc,TNAV,NASDAQ,3812,manufacturing,2012Q3,2010-05-13,2019-12-31,Alpha Vantage listing interval,resolved_cik,True,1,only eligible resolved security,2012|NASDAQ|manufacturing,3193,15,0.0046977764,212.8666666667,20260916
CIK0001479094,AVS3085F95E7C78E060,0001479094,STAG Industrial Inc,STAG,NYSE,6798,finance_insurance_real_estate,2012Q3,2011-04-15,2019-12-31,Alpha Vantage listing interval,resolved_cik,True,1,only eligible resolved security,2012|NYSE|finance_insurance_real_estate,1715,8,0.0046647230,214.3750000000,20260916
CIK0001494904,AVS986985E4557F00C6,0001494904,Global Indemnity Group LLC - Class A,GBLI,NASDAQ,6331,finance_insurance_real_estate,2012Q3,2003-12-16,2019-12-31,Alpha Vantage listing interval,resolved_cik,True,1,only eligible resolved security,2012|NASDAQ|finance_insurance_real_estate,1857,9,0.0048465267,206.3333333333,20260916
CIK0000051548,AVS39C33C804F0775A8,0000051548,International Speedway Corp,ISCA,NASDAQ,7948,services,2012Q4,1997-03-10,2019-12-31,Alpha Vantage listing interval,resolved_cik,True,2,"ranked by active quarter-end evidence, exchange, and plain common-stock symbol",2012|NASDAQ|services,1395,6,0.0043010753,232.5000000000,20260916
CIK0000764478,AVS701EF612EB0E7AB6,0000764478,Best Buy Co. Inc,BBY,NYSE,5731,retail_trade,2012Q4,1985-04-19,2019-12-31,Alpha Vantage listing interval,resolved_cik,True,1,only eligible resolved security,2012|NYSE|retail_trade,330,2,0.0060606061,165.0000000000,20260916
CIK0000863110,AVS3E46DCB05035158D,0000863110,Artesian Resources Corp - Class A,ARTNA,NASDAQ,4941,transportation_communications_utilities,2012Q4,1996-05-24,2019-12-31,Alpha Vantage listing interval,resolved_cik,True,1,only eligible resolved security,2012|NASDAQ|transportation_communications_utilities,538,2,0.0037174721,269.0000000000,20260916
CIK0000881890,AVS9218FBE55B20C1B1,0000881890,Abaxis Inc,ABAX,NASDAQ,3829,manufacturing,2012Q4,1992-01-23,2019-12-31,Alpha Vantage listing interval,resolved_cik,True,2,"ranked by active quarter-end evidence, exchange, and plain common-stock symbol",2012|NASDAQ|manufacturing,3193,15,0.0046977764,212.8666666667,20260916
CIK0001002242,AVS0B9E0A671037AD83,0001002242,Eni Spa,E,NYSE,1311,mining,2012Q4,1995-11-28,2019-12-31,Alpha Vantage listing interval,resolved_cik,True,1,only eligible resolved security,2012|NYSE|mining,612,3,0.0049019608,204.0000000000,20260916
CIK0001023459,AVS38ADD096685D1025,0001023459,Simulations Plus Inc,SLP,NASDAQ,7373,services,2012Q4,1997-06-19,2019-12-31,Alpha Vantage listing interval,resolved_cik,True,1,only eligible resolved security,2012|NASDAQ|services,1395,6,0.0043010753,232.5000000000,20260916
CIK0001080667,AVS2CB806A4757F5CCE,0001080667,Ditech Networks Inc,DITC,NASDAQ,3661,manufacturing,2012Q4,2006-12-28,2019-12-31,Alpha Vantage listing interval,resolved_cik,False,2,"ranked by active quarter-end evidence, exchange, and plain common-stock symbol",2012|NASDAQ|manufacturing,3193,15,0.0046977764,212.8666666667,20260916
CIK0001085770,AVSE7631F061CA6799B,0001085770,Move Inc,MOVE,NASDAQ,6531,finance_insurance_real_estate,2012Q4,1999-08-05,2019-12-31,Alpha Vantage listing interval,resolved_cik,True,2,"ranked by active quarter-end evidence, exchange, and plain common-stock symbol",2012|NASDAQ|finance_insurance_real_estate,1857,9,0.0048465267,206.3333333333,20260916
CIK0001298946,AVSA5C512F89ACE51B6,0001298946,Diamondrock Hospitality Company,DRH,NASDAQ,6798,finance_insurance_real_estate,2012Q4,2005-05-26,2019-12-31,Alpha Vantage listing interval,resolved_cik,True,1,only eligible resolved security,2012|NASDAQ|finance_insurance_real_estate,1857,9,0.0048465267,206.3333333333,20260916
CIK0001301787,AVSB82AF17D4554DC9D,0001301787,Bluelinx Hldgs Inc,BXC,NYSE,5031,wholesale_trade,2012Q4,2004-12-14,2019-12-31,Alpha Vantage listing interval,resolved_cik,True,1,only eligible resolved security,2012|NYSE|wholesale_trade,148,1,0.0067567568,148.0000000000,20260916
CIK0001395213,AVSF11A83272B50BD61,0001395213,Empresa Distribuidora y Comercial Norte S.A.,EDN,NYSE,4911,transportation_communications_utilities,2012Q4,2007-04-26,2019-12-31,Alpha Vantage listing interval,resolved_cik,True,1,only eligible resolved security,2012|NYSE|transportation_communications_utilities,850,4,0.0047058824,212.5000000000,20260916
CIK0001434265,AVSB8E553C8B96C22F3,0001434265,Genmab,GMAB,NASDAQ,2834,manufacturing,2012Q4,2009-06-01,2019-12-31,Alpha Vantage listing interval,resolved_cik,True,1,only eligible resolved security,2012|NASDAQ|manufacturing,3193,15,0.0046977764,212.8666666667,20260916
CIK0001506184,AVSE43AF13FC9B9DECF,0001506184,Immutep Ltd,IMMP,NASDAQ,2834,manufacturing,2012Q4,2012-04-17,2019-12-31,Alpha Vantage listing interval,resolved_cik,True,1,only eligible resolved security,2012|NASDAQ|manufacturing,3193,15,0.0046977764,212.8666666667,20260916
CIK0000045919,AVS3CF31D8808E99725,0000045919,Harte-Hanks Inc,HHS,NASDAQ,7331,services,2013Q1,1993-11-04,2019-12-31,Alpha Vantage listing interval,resolved_cik,True,1,only eligible resolved security,2013|NASDAQ|services,1469,7,0.0047651464,209.8571428571,20260916
CIK0000717826,AVS865E8527966DC6F1,0000717826,Telefonaktiebolaget L M Ericsson,ERIC,NASDAQ,3663,manufacturing,2013Q1,1989-09-28,2019-12-31,Alpha Vantage listing interval,resolved_cik,True,1,only eligible resolved security,2013|NASDAQ|manufacturing,3367,16,0.0047520048,210.4375000000,20260916
CIK0000798528,AVS6B43CA691A003679,0000798528,Odyssey Marine Exploration Inc,OMEX,NASDAQ,4400,transportation_communications_utilities,2013Q1,1999-10-26,2019-12-31,Alpha Vantage listing interval,resolved_cik,True,1,only eligible resolved security,2013|NASDAQ|transportation_communications_utilities,560,3,0.0053571429,186.6666666667,20260916
CIK0000812011,AVS4A43E040AA2C6E30,0000812011,Vail Resorts Inc,MTN,NYSE,7990,services,2013Q1,1997-02-04,2019-12-31,Alpha Vantage listing interval,resolved_cik,True,1,only eligible resolved security,2013|NYSE|services,835,4,0.0047904192,208.7500000000,20260916
CIK0000904851,AVS9D5A6378EDF34FD0,0000904851,YPF,YPF,NYSE,2911,manufacturing,2013Q1,1993-06-29,2019-12-31,Alpha Vantage listing interval,resolved_cik,True,1,only eligible resolved security,2013|NYSE|manufacturing,2279,11,0.0048266784,207.1818181818,20260916
CIK0001028918,AVS7B362ABD273FFAA8,0001028918,Pacific Premier Bancorp Inc,PPBI,NASDAQ,6022,finance_insurance_real_estate,2013Q1,1997-06-25,2019-12-31,Alpha Vantage listing interval,resolved_cik,True,1,only eligible resolved security,2013|NASDAQ|finance_insurance_real_estate,1904,9,0.0047268908,211.5555555556,20260916
CIK0001076167,AVSDDFBCA5A0E767326,0001076167,Adolor Corp,ADLR,NASDAQ,2834,manufacturing,2013Q1,2000-11-14,2019-12-31,Alpha Vantage listing interval,resolved_cik,False,1,only eligible resolved security,2013|NASDAQ|manufacturing,3367,16,0.0047520048,210.4375000000,20260916
CIK0001131554,AVS38A902D31C87582A,0001131554,Synchronoss Technologies Inc,SNCR,NASDAQ,7371,services,2013Q1,2006-06-15,2019-12-31,Alpha Vantage listing interval,resolved_cik,True,1,only eligible resolved security,2013|NASDAQ|services,1469,7,0.0047651464,209.8571428571,20260916
CIK0001141391,AVS5A6D38DE30860BBA,0001141391,Mastercard Incorporated - Class A,MA,NYSE,7389,services,2013Q1,2006-05-25,2019-12-31,Alpha Vantage listing interval,resolved_cik,True,1,only eligible resolved security,2013|NYSE|services,835,4,0.0047904192,208.7500000000,20260916
CIK0001308648,AVSCCAE4DA116942E2C,0001308648,First Majestic Silver Corporation,AG,NYSE,1040,mining,2013Q1,2006-11-28,2019-12-31,Alpha Vantage listing interval,resolved_cik,True,1,only eligible resolved security,2013|NYSE|mining,636,3,0.0047169811,212.0000000000,20260916
CIK0001336644,AVS9F3504D577C49512,0001336644,Universal Travel Group,UTRA,NYSE,4700,transportation_communications_utilities,2013Q1,2012-05-07,2019-12-31,Alpha Vantage listing interval,resolved_cik,True,2,"ranked by active quarter-end evidence, exchange, and plain common-stock symbol",2013|NYSE|transportation_communications_utilities,904,4,0.0044247788,226.0000000000,20260916
CIK0001411494,AVSFF6A95C0ECA6F9ED,0001411494,Apollo Global Management Inc,APO,NYSE,6282,finance_insurance_real_estate,2013Q1,2011-03-30,2019-12-31,Alpha Vantage listing interval,resolved_cik,True,1,only eligible resolved security,2013|NYSE|finance_insurance_real_estate,1824,8,0.0043859649,228.0000000000,20260916
CIK0001419852,AVS957674B6AE2542D7,0001419852,Mattress Firm Holding Corp,MFRM,NASDAQ,5712,retail_trade,2013Q1,2011-11-17,2019-12-31,Alpha Vantage listing interval,resolved_cik,True,2,"ranked by active quarter-end evidence, exchange, and plain common-stock symbol",2013|NASDAQ|retail_trade,391,2,0.0051150895,195.5000000000,20260916
CIK0000012208,AVSF229C0679F832A00,0000012208,Bio-Rad Laboratories Inc - Class A,BIO,NYSE,3826,manufacturing,2013Q2,1980-02-27,2019-12-31,Alpha Vantage listing interval,resolved_cik,True,2,"ranked by active quarter-end evidence, exchange, and plain common-stock symbol",2013|NYSE|manufacturing,2279,11,0.0048266784,207.1818181818,20260916
CIK0000060667,AVS2EFBAE32DF31064D,0000060667,Lowe`s Cos. Inc,LOW,NYSE,5211,retail_trade,2013Q2,1985-07-01,2019-12-31,Alpha Vantage listing interval,resolved_cik,True,1,only eligible resolved security,2013|NYSE|retail_trade,350,2,0.0057142857,175.0000000000,20260916
CIK0000097210,AVS2649A0A90EEE1742,0000097210,Teradyne Inc,TER,NASDAQ,3825,manufacturing,2013Q2,1987-03-11,2019-12-31,Alpha Vantage listing interval,resolved_cik,True,1,only eligible resolved security,2013|NASDAQ|manufacturing,3367,16,0.0047520048,210.4375000000,20260916
CIK0000314489,AVS4C9726B9217793EE,0000314489,First Busey Corp,BUSE,NASDAQ,6022,finance_insurance_real_estate,2013Q2,1998-10-06,2019-12-31,Alpha Vantage listing interval,resolved_cik,True,1,only eligible resolved security,2013|NASDAQ|finance_insurance_real_estate,1904,9,0.0047268908,211.5555555556,20260916
CIK0000712537,AVS66F309FDC22B27AC,0000712537,First Commonwealth Financial Corp,FCF,NYSE,6021,finance_insurance_real_estate,2013Q2,1992-06-10,2019-12-31,Alpha Vantage listing interval,resolved_cik,True,1,only eligible resolved security,2013|NYSE|finance_insurance_real_estate,1824,8,0.0043859649,228.0000000000,20260916
CIK0000713095,AVS4065CCF658433991,0000713095,Farmers Capital Bank Corp,FFKT,NASDAQ,6021,finance_insurance_real_estate,2013Q2,1993-03-04,2019-12-31,Alpha Vantage listing interval,resolved_cik,True,2,"ranked by active quarter-end evidence, exchange, and plain common-stock symbol",2013|NASDAQ|finance_insurance_real_estate,1904,9,0.0047268908,211.5555555556,20260916
CIK0000875582,AVSA228F6EB1C0CD5DC,0000875582,Northern Technologies International Corp,NTIC,NASDAQ,3470,manufacturing,2013Q2,1993-09-13,2019-12-31,Alpha Vantage listing interval,resolved_cik,True,1,only eligible resolved security,2013|NASDAQ|manufacturing,3367,16,0.0047520048,210.4375000000,20260916
CIK0000884219,AVSD06EA085BDE344B9,0000884219,Pursuit Attractions and Hospitality Inc,PRSU,NYSE,7990,services,2013Q2,2004-08-12,2019-12-31,Alpha Vantage listing interval,resolved_cik,True,1,only eligible resolved security,2013|NYSE|services,835,4,0.0047904192,208.7500000000,20260916
CIK0001009356,AVS974FB98E5FB33F02,0001009356,Salix Pharmaceuticals Ltd,SLXP,NASDAQ,2834,manufacturing,2013Q2,2000-11-21,2019-12-31,Alpha Vantage listing interval,resolved_cik,True,2,"ranked by active quarter-end evidence, exchange, and plain common-stock symbol",2013|NASDAQ|manufacturing,3367,16,0.0047520048,210.4375000000,20260916
CIK0001070304,AVSC7BBC5ABFE9E8E9F,0001070304,Orix Corporation,IX,NYSE,6159,finance_insurance_real_estate,2013Q2,1998-09-16,2019-12-31,Alpha Vantage listing interval,resolved_cik,True,1,only eligible resolved security,2013|NYSE|finance_insurance_real_estate,1824,8,0.0043859649,228.0000000000,20260916
CIK0001084201,AVS489B9A6EAB4ACFEC,0001084201,Sinovac Biotech Ltd,SVA,NASDAQ,2834,manufacturing,2013Q2,2003-11-03,2019-12-31,Alpha Vantage listing interval,resolved_cik,True,1,only eligible resolved security,2013|NASDAQ|manufacturing,3367,16,0.0047520048,210.4375000000,20260916
CIK0001096056,AVS71ED2169BDB0FB3B,0001096056,Luxfer Holdings PLC,LXFR,NYSE,2810,manufacturing,2013Q2,2012-10-03,2019-12-31,Alpha Vantage listing interval,resolved_cik,True,1,only eligible resolved security,2013|NYSE|manufacturing,2279,11,0.0048266784,207.1818181818,20260916
CIK0001302343,AVSE24ACE8070F5FEF4,0001302343,Education Realty Trust Inc,EDR,NYSE,6798,finance_insurance_real_estate,2013Q2,2005-01-26,2019-12-31,Alpha Vantage listing interval,resolved_cik,True,1,only eligible resolved security,2013|NYSE|finance_insurance_real_estate,1824,8,0.0043859649,228.0000000000,20260916
CIK0001336644,AVS9F3504D577C49512,0001336644,Universal Travel Group,UTRA,NYSE,4700,transportation_communications_utilities,2013Q2,2012-05-07,2019-12-31,Alpha Vantage listing interval,resolved_cik,True,2,"ranked by active quarter-end evidence, exchange, and plain common-stock symbol",2013|NYSE|transportation_communications_utilities,904,4,0.0044247788,226.0000000000,20260916
CIK0001340786,AVSB45466926FACE4EE,0001340786,Fuel Systems Solutions Inc,FSYS,NASDAQ,3714,manufacturing,2013Q2,2001-01-02,2019-12-31,Alpha Vantage listing interval,resolved_cik,True,2,"ranked by active quarter-end evidence, exchange, and plain common-stock symbol",2013|NASDAQ|manufacturing,3367,16,0.0047520048,210.4375000000,20260916
CIK0001344980,AVS79ECFC9550BA61F5,0001344980,Alliance Holdings GP L.P.,AHGP,NASDAQ,1221,mining,2013Q2,2006-05-10,2019-12-31,Alpha Vantage listing interval,resolved_cik,True,2,"ranked by active quarter-end evidence, exchange, and plain common-stock symbol",2013|NASDAQ|mining,233,1,0.0042918455,233.0000000000,20260916
CIK0001434754,AVSE1327D476FC8B804,0001434754,Safe Bulkers Inc,SB,NYSE,4412,transportation_communications_utilities,2013Q2,2008-05-30,2019-12-31,Alpha Vantage listing interval,resolved_cik,True,1,only eligible resolved security,2013|NYSE|transportation_communications_utilities,904,4,0.0044247788,226.0000000000,20260916
CIK0001437071,AVS6A78313632AA6ED8,0001437071,Invesco Mortgage Capital Inc,IVR,NYSE,6798,finance_insurance_real_estate,2013Q2,2009-07-01,2019-12-31,Alpha Vantage listing interval,resolved_cik,True,1,only eligible resolved security,2013|NYSE|finance_insurance_real_estate,1824,8,0.0043859649,228.0000000000,20260916
CIK0001486957,AVS151334008B11CBEF,0001486957,Babcock & Wilcox Company,BWC,NYSE,3510,manufacturing,2013Q2,2010-08-02,2019-12-31,Alpha Vantage listing interval,resolved_cik,True,3,"ranked by active quarter-end evidence, exchange, and plain common-stock symbol",2013|NYSE|manufacturing,2279,11,0.0048266784,207.1818181818,20260916
CIK0001846715,AVSBBEA7F058DDDA98E,0001846715,Nextwave Wirless,WAVE,NASDAQ,4911,transportation_communications_utilities,2013Q2,2007-01-03,2019-12-31,Alpha Vantage listing interval,resolved_cik,True,2,"ranked by active quarter-end evidence, exchange, and plain common-stock symbol",2013|NASDAQ|transportation_communications_utilities,560,3,0.0053571429,186.6666666667,20260916
CIK0000006885,AVSD27D66FE83ECD9AB,0000006885,Stage Stores Inc,SSI,NYSE,5651,retail_trade,2013Q3,2001-08-30,2019-12-31,Alpha Vantage listing interval,resolved_cik,True,1,only eligible resolved security,2013|NYSE|retail_trade,350,2,0.0057142857,175.0000000000,20260916
CIK0000318154,AVS86A2CD3B09DF0A11,0000318154,AMGEN Inc,AMGN,NASDAQ,2836,manufacturing,2013Q3,1984-09-07,2019-12-31,Alpha Vantage listing interval,resolved_cik,True,1,only eligible resolved security,2013|NASDAQ|manufacturing,3367,16,0.0047520048,210.4375000000,20260916
CIK0000716605,AVS7C80A5DDB0B5D59F,0000716605,Penns Woods Bancorp Inc,PWOD,NASDAQ,6022,finance_insurance_real_estate,2013Q3,1996-05-30,2019-12-31,Alpha Vantage listing interval,resolved_cik,True,1,only eligible resolved security,2013|NASDAQ|finance_insurance_real_estate,1904,9,0.0047268908,211.5555555556,20260916
CIK0000907654,AVS81213B082726045F,0000907654,ARCA biopharma Inc,ORKA,NASDAQ,2834,manufacturing,2013Q3,1997-08-08,2019-12-31,Alpha Vantage listing interval,resolved_cik,True,1,only eligible resolved security,2013|NASDAQ|manufacturing,3367,16,0.0047520048,210.4375000000,20260916
CIK0000923796,AVSF7D9A5BD57BC9951,0000923796,Geo Group Inc,GEO,NYSE,1520,construction,2013Q3,1994-07-28,2019-12-31,Alpha Vantage listing interval,resolved_cik,True,1,only eligible resolved security,2013|NYSE|construction,136,1,0.0073529412,136.0000000000,20260916
CIK0000934547,AVS927831903A4FFE6C,0000934547,The Bank of Kentucky Financial Corp,BKYF,NASDAQ,6035,finance_insurance_real_estate,2013Q3,1999-02-25,2019-12-31,Alpha Vantage listing interval,resolved_cik,True,2,"ranked by active quarter-end evidence, exchange, and plain common-stock symbol",2013|NASDAQ|finance_insurance_real_estate,1904,9,0.0047268908,211.5555555556,20260916
CIK0001005516,AVSE2BD570180384A29,0001005516,B.O.S. Better Online Solutions,BOSC,NASDAQ,3576,manufacturing,2013Q3,1996-04-02,2019-12-31,Alpha Vantage listing interval,resolved_cik,True,1,only eligible resolved security,2013|NASDAQ|manufacturing,3367,16,0.0047520048,210.4375000000,20260916
CIK0001172724,AVSB0011E9DF37BB2D5,0001172724,Gold Fields Ltd,GFI,NYSE,1040,mining,2013Q3,1991-05-01,2019-12-31,Alpha Vantage listing interval,resolved_cik,True,1,only eligible resolved security,2013|NYSE|mining,636,3,0.0047169811,212.0000000000,20260916
CIK0001364099,AVS3ECD85E20B1CAD84,0001364099,Innophos Holdings Inc,IPHS,NASDAQ,5160,wholesale_trade,2013Q3,2006-11-02,2019-12-31,Alpha Vantage listing interval,resolved_cik,True,1,only eligible resolved security,2013|NASDAQ|wholesale_trade,193,1,0.0051813472,193.0000000000,20260916
CIK0001370755,AVS8883D314C9EC5411,0001370755,BlackRock TCP Capital Corp,TCPC,NASDAQ,,unknown,2013Q3,2012-04-04,2019-12-31,Alpha Vantage listing interval,resolved_cik,True,1,only eligible resolved security,2013|NASDAQ|unknown,116,1,0.0086206897,116.0000000000,20260916
CIK0001672909,AVSACBEDEC388C81EDF,0001672909,Canterbury Park Holding Corp,CPHC,NASDAQ,7948,services,2013Q3,2008-09-08,2019-12-31,Alpha Vantage listing interval,resolved_cik,True,1,only eligible resolved security,2013|NASDAQ|services,1469,7,0.0047651464,209.8571428571,20260916
CIK0000070793,AVS8B8A18ABE96E528A,0000070793,NBTY INC,NTY,NYSE,2834,manufacturing,2013Q4,2006-12-28,2019-12-31,Alpha Vantage listing interval,resolved_cik,False,1,only eligible resolved security,2013|NYSE|manufacturing,2279,11,0.0048266784,207.1818181818,20260916
CIK0000093556,AVSA73748D84DD43CBC,0000093556,Stanley Black & Decker Inc,SWK,NYSE,3420,manufacturing,2013Q4,1985-07-01,2019-12-31,Alpha Vantage listing interval,resolved_cik,True,1,only eligible resolved security,2013|NYSE|manufacturing,2279,11,0.0048266784,207.1818181818,20260916
CIK0000316300,AVSB08349F02D9D98DF,0000316300,EXCO Resources Inc,XCO,NYSE,1311,mining,2013Q4,2006-02-09,2019-12-31,Alpha Vantage listing interval,resolved_cik,True,2,"ranked by active quarter-end evidence, exchange, and plain common-stock symbol",2013|NYSE|mining,636,3,0.0047169811,212.0000000000,20260916
CIK0000708781,AVS782D005FBA93E740,0000708781,Cass Information Systems Inc,CASS,NASDAQ,7389,services,2013Q4,1996-01-02,2019-12-31,Alpha Vantage listing interval,resolved_cik,True,1,only eligible resolved security,2013|NASDAQ|services,1469,7,0.0047651464,209.8571428571,20260916
CIK0000714603,AVS6E647169F97534F7,0000714603,DST Systems Inc,DST,NYSE,7374,services,2013Q4,1995-11-01,2019-12-31,Alpha Vantage listing interval,resolved_cik,True,2,"ranked by active quarter-end evidence, exchange, and plain common-stock symbol",2013|NYSE|services,835,4,0.0047904192,208.7500000000,20260916
CIK0000723603,AVS8312F6D2363FE36F,0000723603,Culp Inc,CFI,NYSE,2211,manufacturing,2013Q4,1990-03-26,2019-12-31,Alpha Vantage listing interval,resolved_cik,True,3,"ranked by active quarter-end evidence, exchange, and plain common-stock symbol",2013|NYSE|manufacturing,2279,11,0.0048266784,207.1818181818,20260916
CIK0000854701,AVS010014883E134DCA,0000854701,Integrated Silicon Solution Inc,ISSI,NASDAQ,3674,manufacturing,2013Q4,1995-02-03,2019-12-31,Alpha Vantage listing interval,resolved_cik,True,2,"ranked by active quarter-end evidence, exchange, and plain common-stock symbol",2013|NASDAQ|manufacturing,3367,16,0.0047520048,210.4375000000,20260916
CIK0000858339,AVS2E723ECE0040CD29,0000858339,Caesars Entertainment Corp,CZR,NASDAQ,7011,services,2013Q4,2012-02-08,2019-12-31,Alpha Vantage listing interval,resolved_cik,True,1,only eligible resolved security,2013|NASDAQ|services,1469,7,0.0047651464,209.8571428571,20260916
CIK0000866706,AVS13FB01C60EBBDF99,0000866706,Esco Technologies Inc,ESE,NYSE,3669,manufacturing,2013Q4,1990-10-01,2019-12-31,Alpha Vantage listing interval,resolved_cik,True,1,only eligible resolved security,2013|NYSE|manufacturing,2279,11,0.0048266784,207.1818181818,20260916
CIK0000892553,AVS835E46B3CD9AC12D,0000892553,Chart Industries Inc,GTLS,NYSE,3443,manufacturing,2013Q4,2006-07-26,2019-12-31,Alpha Vantage listing interval,resolved_cik,True,1,only eligible resolved security,2013|NYSE|manufacturing,2279,11,0.0048266784,207.1818181818,20260916
CIK0000911971,AVS98D672E4A15D446F,0000911971,Teekay Corp,TK,NYSE,4412,transportation_communications_utilities,2013Q4,1995-07-20,2019-12-31,Alpha Vantage listing interval,resolved_cik,True,1,only eligible resolved security,2013|NYSE|transportation_communications_utilities,904,4,0.0044247788,226.0000000000,20260916
CIK0000923118,AVSDDF12E0481CACB27,0000923118,Home Properties Inc,HME,NYSE,6798,finance_insurance_real_estate,2013Q4,1994-08-01,2019-12-31,Alpha Vantage listing interval,resolved_cik,True,2,"ranked by active quarter-end evidence, exchange, and plain common-stock symbol",2013|NYSE|finance_insurance_real_estate,1824,8,0.0043859649,228.0000000000,20260916
CIK0000932781,AVSFE104CFAFA070904,0000932781,First Community Corp,FCCO,NASDAQ,6022,finance_insurance_real_estate,2013Q4,1999-03-09,2019-12-31,Alpha Vantage listing interval,resolved_cik,True,1,only eligible resolved security,2013|NASDAQ|finance_insurance_real_estate,1904,9,0.0047268908,211.5555555556,20260916
CIK0000944809,AVS3B114C12C4859EF3,0000944809,Opko Health Inc,OPK,NASDAQ,2834,manufacturing,2013Q4,1995-11-02,2019-12-31,Alpha Vantage listing interval,resolved_cik,True,1,only eligible resolved security,2013|NASDAQ|manufacturing,3367,16,0.0047520048,210.4375000000,20260916
CIK0000948850,AVSED8F940584FB7BBF,0000948850,COMSYS IT PARTNERS INC,CITP,NASDAQ,7363,services,2013Q4,2004-10-05,2019-12-31,Alpha Vantage listing interval,resolved_cik,False,1,only eligible resolved security,2013|NASDAQ|services,1469,7,0.0047651464,209.8571428571,20260916
CIK0001003078,AVS1E8BCE205DF4B447,0001003078,MSC Industrial Direct Co. Inc - Class A,MSM,NYSE,5084,wholesale_trade,2013Q4,1995-12-15,2019-12-31,Alpha Vantage listing interval,resolved_cik,True,1,only eligible resolved security,2013|NYSE|wholesale_trade,159,1,0.0062893082,159.0000000000,20260916
CIK0001012019,AVS33BDE20F95152887,0001012019,Rush Enterprises Inc - Class B,RUSHB,NASDAQ,5500,retail_trade,2013Q4,1996-06-10,2019-12-31,Alpha Vantage listing interval,resolved_cik,True,2,"ranked by active quarter-end evidence, exchange, and plain common-stock symbol",2013|NASDAQ|retail_trade,391,2,0.0051150895,195.5000000000,20260916
CIK0001025996,AVS4F4C4BA097F05759,0001025996,Kilroy Realty Corp,KRC,NYSE,6798,finance_insurance_real_estate,2013Q4,1997-01-30,2019-12-31,Alpha Vantage listing interval,resolved_cik,True,1,only eligible resolved security,2013|NYSE|finance_insurance_real_estate,1824,8,0.0043859649,228.0000000000,20260916
CIK0001132651,AVSFB60CCDA6D444722,0001132651,Ames National Corp,ATLO,NASDAQ,6021,finance_insurance_real_estate,2013Q4,2000-02-15,2019-12-31,Alpha Vantage listing interval,resolved_cik,True,1,only eligible resolved security,2013|NASDAQ|finance_insurance_real_estate,1904,9,0.0047268908,211.5555555556,20260916
CIK0001279704,AVS7A9265375FC46D54,0001279704,Cellectar Biosciences Inc,CLRB,NASDAQ,2834,manufacturing,2013Q4,2005-11-10,2019-12-31,Alpha Vantage listing interval,resolved_cik,True,1,only eligible resolved security,2013|NASDAQ|manufacturing,3367,16,0.0047520048,210.4375000000,20260916
CIK0001318310,AVSD8FC84B7372F14E5,0001318310,ev3 Inc,EVVV,NASDAQ,3841,manufacturing,2013Q4,2005-06-16,2019-12-31,Alpha Vantage listing interval,resolved_cik,False,1,only eligible resolved security,2013|NASDAQ|manufacturing,3367,16,0.0047520048,210.4375000000,20260916
CIK0001357326,AVS9F8447C84390E541,0001357326,Riverbed Technology Inc,RVBD,NASDAQ,3576,manufacturing,2013Q4,2006-09-21,2019-12-31,Alpha Vantage listing interval,resolved_cik,True,2,"ranked by active quarter-end evidence, exchange, and plain common-stock symbol",2013|NASDAQ|manufacturing,3367,16,0.0047520048,210.4375000000,20260916
CIK0001369817,AVS37FD1FCB2EF1C90E,0001369817,OneBeacon Insurance Group Ltd,OB,NYSE,6331,finance_insurance_real_estate,2013Q4,2006-11-09,2019-12-31,Alpha Vantage listing interval,resolved_cik,True,2,"ranked by active quarter-end evidence, exchange, and plain common-stock symbol",2013|NYSE|finance_insurance_real_estate,1824,8,0.0043859649,228.0000000000,20260916
CIK0001373525,AVSDAED4DA97EB96417,0001373525,First Capital Bancorp Inc,FCVA,NASDAQ,6022,finance_insurance_real_estate,2013Q4,1999-03-15,2019-12-31,Alpha Vantage listing interval,resolved_cik,True,2,"ranked by active quarter-end evidence, exchange, and plain common-stock symbol",2013|NASDAQ|finance_insurance_real_estate,1904,9,0.0047268908,211.5555555556,20260916
CIK0001402436,AVS55EADAFD7C9C9534,0001402436,SS&C Technologies Holdings Inc,SSNC,NASDAQ,7372,services,2013Q4,2010-03-31,2019-12-31,Alpha Vantage listing interval,resolved_cik,True,1,only eligible resolved security,2013|NASDAQ|services,1469,7,0.0047651464,209.8571428571,20260916
CIK0001413329,AVSFBA5D1AED84C9061,0001413329,Philip Morris International Inc,PM,NYSE,2111,manufacturing,2013Q4,2008-03-17,2019-12-31,Alpha Vantage listing interval,resolved_cik,True,1,only eligible resolved security,2013|NYSE|manufacturing,2279,11,0.0048266784,207.1818181818,20260916
CIK0001434265,AVSB8E553C8B96C22F3,0001434265,Genmab,GMAB,NASDAQ,2834,manufacturing,2013Q4,2009-06-01,2019-12-31,Alpha Vantage listing interval,resolved_cik,True,1,only eligible resolved security,2013|NASDAQ|manufacturing,3367,16,0.0047520048,210.4375000000,20260916
CIK0001513161,AVS0DE3DED31D39B354,0001513161,Home Loan Servicing Solutions Ltd,HLSS,NASDAQ,6162,finance_insurance_real_estate,2013Q4,2012-02-29,2019-12-31,Alpha Vantage listing interval,resolved_cik,True,2,"ranked by active quarter-end evidence, exchange, and plain common-stock symbol",2013|NASDAQ|finance_insurance_real_estate,1904,9,0.0047268908,211.5555555556,20260916
CIK0001514991,AVS5DD114A6981940E8,0001514991,AMC Networks Inc - Class A,AMCX,NASDAQ,4841,transportation_communications_utilities,2013Q4,2011-06-16,2019-12-31,Alpha Vantage listing interval,resolved_cik,True,1,only eligible resolved security,2013|NASDAQ|transportation_communications_utilities,560,3,0.0053571429,186.6666666667,20260916
CIK0001534675,AVS43B29D2710429181,0001534675,Tecnoglass Holdings Inc,TGLS,NYSE,3211,manufacturing,2013Q4,2012-05-10,2019-12-31,Alpha Vantage listing interval,resolved_cik,True,1,only eligible resolved security,2013|NYSE|manufacturing,2279,11,0.0048266784,207.1818181818,20260916
CIK0000008411,AVSDA98BA507BCE64FC,0000008411,Atwood Oceanics Inc,ATW,NYSE,1381,mining,2014Q1,1984-09-07,2019-12-31,Alpha Vantage listing interval,resolved_cik,True,2,"ranked by active quarter-end evidence, exchange, and plain common-stock symbol",2014|NYSE|mining,667,3,0.0044977511,222.3333333333,20260916
CIK0000043920,AVS2154BFE9BEC2AD4E,0000043920,Greif Inc - Class A,GEF,NYSE,3412,manufacturing,2014Q1,1996-02-28,2019-12-31,Alpha Vantage listing interval,resolved_cik,True,2,"ranked by active quarter-end evidence, exchange, and plain common-stock symbol",2014|NYSE|manufacturing,2354,11,0.0046728972,214.0000000000,20260916
CIK0000049196,AVSA297B8F8B4302C3B,0000049196,Huntington Bancshares Inc,HBAN,NASDAQ,6021,finance_insurance_real_estate,2014Q1,1990-03-26,2019-12-31,Alpha Vantage listing interval,resolved_cik,True,2,"ranked by active quarter-end evidence, exchange, and plain common-stock symbol",2014|NASDAQ|finance_insurance_real_estate,1991,9,0.0045203415,221.2222222222,20260916
CIK0000079282,AVSE9D42BC285DF1CEA,0000079282,Brown & Brown Inc,BRO,NYSE,6411,finance_insurance_real_estate,2014Q1,1992-03-03,2019-12-31,Alpha Vantage listing interval,resolved_cik,True,1,only eligible resolved security,2014|NYSE|finance_insurance_real_estate,1965,9,0.0045801527,218.3333333333,20260916
CIK0000091142,AVSD753153D52D62262,0000091142,A.O. Smith Corp,AOS,NYSE,3630,manufacturing,2014Q1,1984-09-07,2019-12-31,Alpha Vantage listing interval,resolved_cik,True,1,only eligible resolved security,2014|NYSE|manufacturing,2354,11,0.0046728972,214.0000000000,20260916
CIK0000320017,AVSCB0546FE288EFC3E,0000320017,Lisata Therapeutics Inc,LSTA,NASDAQ,2834,manufacturing,2014Q1,1999-03-01,2019-12-31,Alpha Vantage listing interval,resolved_cik,True,1,only eligible resolved security,2014|NASDAQ|manufacturing,3738,17,0.0045478866,219.8823529412,20260916
CIK0000740260,AVS30C021380A2FD739,0000740260,Ventas Inc,VTR,NYSE,6798,finance_insurance_real_estate,2014Q1,1997-05-05,2019-12-31,Alpha Vantage listing interval,resolved_cik,True,1,only eligible resolved security,2014|NYSE|finance_insurance_real_estate,1965,9,0.0045801527,218.3333333333,20260916
CIK0000910073,AVSA8A26594C49D901D,0000910073,New York Community Bancorp Inc,FLG,NYSE,6036,finance_insurance_real_estate,2014Q1,1993-11-23,2019-12-31,Alpha Vantage listing interval,resolved_cik,True,1,only eligible resolved security,2014|NYSE|finance_insurance_real_estate,1965,9,0.0045801527,218.3333333333,20260916
CIK0000914156,AVS3EC885FD2A7D0DA3,0000914156,UFP Technologies Inc,UFPT,NASDAQ,3841,manufacturing,2014Q1,1993-12-17,2019-12-31,Alpha Vantage listing interval,resolved_cik,True,1,only eligible resolved security,2014|NASDAQ|manufacturing,3738,17,0.0045478866,219.8823529412,20260916
CIK0000933141,AVSA811644DDFCEF5CA,0000933141,IBERIABANK Corp,IBKC,NASDAQ,6022,finance_insurance_real_estate,2014Q1,1995-04-10,2019-12-31,Alpha Vantage listing interval,resolved_cik,True,1,only eligible resolved security,2014|NASDAQ|finance_insurance_real_estate,1991,9,0.0045203415,221.2222222222,20260916
CIK0001029199,AVS407B66F10628CD82,0001029199,Euronet Worldwide Inc,EEFT,NASDAQ,6099,finance_insurance_real_estate,2014Q1,1997-03-07,2019-12-31,Alpha Vantage listing interval,resolved_cik,True,1,only eligible resolved security,2014|NASDAQ|finance_insurance_real_estate,1991,9,0.0045203415,221.2222222222,20260916
CIK0001037676,AVS95FB02817330A6BE,0001037676,Arch Coal Inc,ACI,NYSE,1221,mining,2014Q1,1988-08-12,2019-12-31,Alpha Vantage listing interval,resolved_cik,True,1,only eligible resolved security,2014|NYSE|mining,667,3,0.0044977511,222.3333333333,20260916
CIK0001084869,AVS733F538C294F844D,0001084869,1-800 Flowers.com Inc - Class A,FLWS,NASDAQ,5990,retail_trade,2014Q1,1999-08-03,2019-12-31,Alpha Vantage listing interval,resolved_cik,True,1,only eligible resolved security,2014|NASDAQ|retail_trade,432,2,0.0046296296,216.0000000000,20260916
CIK0001109345,AVS0C1F29C9F87B117E,0001109345,Nova Ltd,NVMI,NASDAQ,3827,manufacturing,2014Q1,2000-04-11,2019-12-31,Alpha Vantage listing interval,resolved_cik,True,1,only eligible resolved security,2014|NASDAQ|manufacturing,3738,17,0.0045478866,219.8823529412,20260916
CIK0001135185,AVS89CB4000EE6142B3,0001135185,Atlas Air Worldwide Holdings Inc,AAWW,NASDAQ,4522,transportation_communications_utilities,2014Q1,2005-11-09,2019-12-31,Alpha Vantage listing interval,resolved_cik,True,1,only eligible resolved security,2014|NASDAQ|transportation_communications_utilities,578,3,0.0051903114,192.6666666667,20260916
CIK0001262976,AVS67DDD55886140913,0001262976,Cimpress plc,CMPR,NASDAQ,2750,manufacturing,2014Q1,2005-09-30,2019-12-31,Alpha Vantage listing interval,resolved_cik,True,1,only eligible resolved security,2014|NASDAQ|manufacturing,3738,17,0.0045478866,219.8823529412,20260916
CIK0001318885,AVS8B1FBC8E63437D04,0001318885,Diana Shipping Inc,DSX,NYSE,4412,transportation_communications_utilities,2014Q1,2005-03-23,2019-12-31,Alpha Vantage listing interval,resolved_cik,True,1,only eligible resolved security,2014|NYSE|transportation_communications_utilities,962,4,0.0041580042,240.5000000000,20260916
CIK0001513965,AVSA88C6B6EA4067A11,0001513965,American Midstream Partners LP,AMID,NYSE,4922,transportation_communications_utilities,2014Q1,2011-07-27,2019-12-31,Alpha Vantage listing interval,resolved_cik,True,2,"ranked by active quarter-end evidence, exchange, and plain common-stock symbol",2014|NYSE|transportation_communications_utilities,962,4,0.0041580042,240.5000000000,20260916
CIK0001521332,AVSA49EAF7A8AC0FCD9,0001521332,Aptiv PLC,APTV,NYSE,3714,manufacturing,2014Q1,2011-11-17,2019-12-31,Alpha Vantage listing interval,resolved_cik,True,1,only eligible resolved security,2014|NYSE|manufacturing,2354,11,0.0046728972,214.0000000000,20260916
CIK0002012706,AVS6079403518387AC2,0002012706,SLR Senior Investment Corp.,SUNS,NASDAQ,6798,finance_insurance_real_estate,2014Q1,2011-02-25,2019-12-31,Alpha Vantage listing interval,resolved_cik,True,1,only eligible resolved security,2014|NASDAQ|finance_insurance_real_estate,1991,9,0.0045203415,221.2222222222,20260916
CIK0000059527,AVS738F49386A58A183,0000059527,Lincoln Electric Holdings Inc,LECO,NASDAQ,3540,manufacturing,2014Q2,1995-06-13,2019-12-31,Alpha Vantage listing interval,resolved_cik,True,1,only eligible resolved security,2014|NASDAQ|manufacturing,3738,17,0.0045478866,219.8823529412,20260916
CIK0000077597,AVS32C6C7341DE1B70E,0000077597,Spartech Corp,SEH,NYSE,3080,manufacturing,2014Q2,2006-12-28,2019-12-31,Alpha Vantage listing interval,resolved_cik,False,1,only eligible resolved security,2014|NYSE|manufacturing,2354,11,0.0046728972,214.0000000000,20260916
CIK0000350698,AVS24531F76F46CAC10,0000350698,Autonation Inc,AN,NYSE,5500,retail_trade,2014Q2,1992-03-03,2019-12-31,Alpha Vantage listing interval,resolved_cik,True,1,only eligible resolved security,2014|NYSE|retail_trade,364,2,0.0054945055,182.0000000000,20260916
CIK0000352541,AVS7FB0B2BACA079411,0000352541,Alliant Energy Corp,LNT,NASDAQ,4931,transportation_communications_utilities,2014Q2,1988-01-05,2019-12-31,Alpha Vantage listing interval,resolved_cik,True,1,only eligible resolved security,2014|NASDAQ|transportation_communications_utilities,578,3,0.0051903114,192.6666666667,20260916
CIK0000704051,AVS9B0CDEBE00241244,0000704051,Legg Mason Inc,LM,NYSE,6282,finance_insurance_real_estate,2014Q2,1987-11-05,2019-12-31,Alpha Vantage listing interval,resolved_cik,True,1,only eligible resolved security,2014|NYSE|finance_insurance_real_estate,1965,9,0.0045801527,218.3333333333,20260916
CIK0000814547,AVS337F56F9DD01E09B,0000814547,Fair Isaac Corp,FICO,NYSE,7389,services,2014Q2,1992-02-25,2019-12-31,Alpha Vantage listing interval,resolved_cik,True,1,only eligible resolved security,2014|NYSE|services,943,4,0.0042417815,235.7500000000,20260916
CIK0000858803,AVS6DE6DB0AAF35461E,0000858803,Avanir Pharmaceuticals Inc,AVNR,NASDAQ,2834,manufacturing,2014Q2,1990-05-08,2019-12-31,Alpha Vantage listing interval,resolved_cik,True,2,"ranked by active quarter-end evidence, exchange, and plain common-stock symbol",2014|NASDAQ|manufacturing,3738,17,0.0045478866,219.8823529412,20260916
CIK0000909037,AVS0ED04C57FB159958,0000909037,Sociedad Quimica Y Minera de Chile S.A.,SQM,NYSE,1400,mining,2014Q2,1993-09-21,2019-12-31,Alpha Vantage listing interval,resolved_cik,True,1,only eligible resolved security,2014|NYSE|mining,667,3,0.0044977511,222.3333333333,20260916
CIK0000932787,AVSE093DC0F6D5238AE,0000932787,ST Microelectronics,STM,NYSE,3674,manufacturing,2014Q2,1994-12-08,2019-12-31,Alpha Vantage listing interval,resolved_cik,True,1,only eligible resolved security,2014|NYSE|manufacturing,2354,11,0.0046728972,214.0000000000,20260916
CIK0001002811,AVSD4B948C7174DA4A1,0001002811,Kensey Nash Corp,KNSY,NASDAQ,3841,manufacturing,2014Q2,2012-04-26,2019-12-31,Alpha Vantage listing interval,resolved_cik,False,1,only eligible resolved security,2014|NASDAQ|manufacturing,3738,17,0.0045478866,219.8823529412,20260916
CIK0001042776,AVSA7B628B14C3305CD,0001042776,Piedmont Office Realty Trust Inc - Class A,PDM,NYSE,6512,finance_insurance_real_estate,2014Q2,2010-02-10,2019-12-31,Alpha Vantage listing interval,resolved_cik,True,1,only eligible resolved security,2014|NYSE|finance_insurance_real_estate,1965,9,0.0045801527,218.3333333333,20260916
CIK0001053352,AVS765BD9BE04B0E194,0001053352,Heritage Commerce Corp,HTBK,NASDAQ,6022,finance_insurance_real_estate,2014Q2,1998-07-20,2019-12-31,Alpha Vantage listing interval,resolved_cik,True,1,only eligible resolved security,2014|NASDAQ|finance_insurance_real_estate,1991,9,0.0045203415,221.2222222222,20260916
CIK0001086888,AVSF4FAFA44E5B02169,0001086888,Manulife Financial Corp,MFC,NYSE,6311,finance_insurance_real_estate,2014Q2,1999-09-24,2019-12-31,Alpha Vantage listing interval,resolved_cik,True,1,only eligible resolved security,2014|NYSE|finance_insurance_real_estate,1965,9,0.0045801527,218.3333333333,20260916
CIK0001318484,AVS9060D3A09652D727,0001318484,Citi Trends Inc,CTRN,NASDAQ,5600,retail_trade,2014Q2,2005-05-18,2019-12-31,Alpha Vantage listing interval,resolved_cik,True,1,only eligible resolved security,2014|NASDAQ|retail_trade,432,2,0.0046296296,216.0000000000,20260916
CIK0001318885,AVS8B1FBC8E63437D04,0001318885,Diana Shipping Inc,DSX,NYSE,4412,transportation_communications_utilities,2014Q2,2005-03-23,2019-12-31,Alpha Vantage listing interval,resolved_cik,True,1,only eligible resolved security,2014|NYSE|transportation_communications_utilities,962,4,0.0041580042,240.5000000000,20260916
CIK0001527166,AVS28F89E85B71A987A,0001527166,Carlyle Group Inc (The),CG,NASDAQ,6282,finance_insurance_real_estate,2014Q2,2012-05-03,2019-12-31,Alpha Vantage listing interval,resolved_cik,True,1,only eligible resolved security,2014|NASDAQ|finance_insurance_real_estate,1991,9,0.0045203415,221.2222222222,20260916
CIK0001605484,AVS7AFDF0D3548CEF44,0001605484,Stellantis N.V,STLA,NYSE,3711,manufacturing,2014Q2,2010-06-09,2019-12-31,Alpha Vantage listing interval,resolved_cik,True,1,only eligible resolved security,2014|NYSE|manufacturing,2354,11,0.0046728972,214.0000000000,20260916
CIK0002024656,AVS7CD500903F9D2907,0002024656,First M & F Corp,FMFC,NASDAQ,3100,manufacturing,2014Q2,2001-01-02,2019-12-31,Alpha Vantage listing interval,resolved_cik,False,1,only eligible resolved security,2014|NASDAQ|manufacturing,3738,17,0.0045478866,219.8823529412,20260916
CIK0000014272,AVS0763579394D5463B,0000014272,Bristol-Myers Squibb Company,BMY,NYSE,2834,manufacturing,2014Q3,1972-06-01,2019-12-31,Alpha Vantage listing interval,resolved_cik,True,1,only eligible resolved security,2014|NYSE|manufacturing,2354,11,0.0046728972,214.0000000000,20260916
CIK0000354647,AVS44BF29A9085EE796,0000354647,CVB Financial Corp,CVBF,NASDAQ,6022,finance_insurance_real_estate,2014Q3,1992-03-17,2019-12-31,Alpha Vantage listing interval,resolved_cik,True,1,only eligible resolved security,2014|NASDAQ|finance_insurance_real_estate,1991,9,0.0045203415,221.2222222222,20260916
CIK0000790526,AVS17A29396CB5ACF66,0000790526,Radnet Inc,RDNT,NASDAQ,8071,services,2014Q3,1997-01-03,2019-12-31,Alpha Vantage listing interval,resolved_cik,True,1,only eligible resolved security,2014|NASDAQ|services,1570,7,0.0044585987,224.2857142857,20260916
CIK0000803647,AVSACB77C098752B7DA,0000803647,Versar Inc,VSR,NYSE,8711,services,2014Q3,1992-03-17,2019-12-31,Alpha Vantage listing interval,resolved_cik,True,2,"ranked by active quarter-end evidence, exchange, and plain common-stock symbol",2014|NYSE|services,943,4,0.0042417815,235.7500000000,20260916
CIK0000937556,AVS67434852C0FFC848,0000937556,Masimo Corp,MASI,NASDAQ,3845,manufacturing,2014Q3,2007-08-08,2019-12-31,Alpha Vantage listing interval,resolved_cik,True,1,only eligible resolved security,2014|NASDAQ|manufacturing,3738,17,0.0045478866,219.8823529412,20260916
CIK0001035748,AVSB18EF4868DA937E2,0001035748,Callidus Software Inc,CALD,NASDAQ,7371,services,2014Q3,2003-11-20,2019-12-31,Alpha Vantage listing interval,resolved_cik,True,2,"ranked by active quarter-end evidence, exchange, and plain common-stock symbol",2014|NASDAQ|services,1570,7,0.0044585987,224.2857142857,20260916
CIK0001043000,AVS0B5EF118391CFAEB,0001043000,Sonida Senior Living Inc,SNDA,NYSE,8050,services,2014Q3,1997-10-31,2019-12-31,Alpha Vantage listing interval,resolved_cik,True,1,only eligible resolved security,2014|NYSE|services,943,4,0.0042417815,235.7500000000,20260916
CIK0001056943,AVS446F3CCD41027826,0001056943,Peoples Financial Services Corp,PFIS,NASDAQ,6021,finance_insurance_real_estate,2014Q3,2002-06-05,2019-12-31,Alpha Vantage listing interval,resolved_cik,True,1,only eligible resolved security,2014|NASDAQ|finance_insurance_real_estate,1991,9,0.0045203415,221.2222222222,20260916
CIK0001080014,AVS0558FAF2F4581A54,0001080014,Innoviva Inc,INVA,NASDAQ,2834,manufacturing,2014Q3,2004-10-05,2019-12-31,Alpha Vantage listing interval,resolved_cik,True,3,"ranked by active quarter-end evidence, exchange, and plain common-stock symbol",2014|NASDAQ|manufacturing,3738,17,0.0045478866,219.8823529412,20260916
CIK0001116578,AVS3A00F32B5CE8741C,0001116578,Prudential plc,PUK,NYSE,6311,finance_insurance_real_estate,2014Q3,2000-06-29,2019-12-31,Alpha Vantage listing interval,resolved_cik,True,1,only eligible resolved security,2014|NYSE|finance_insurance_real_estate,1965,9,0.0045801527,218.3333333333,20260916
CIK0001173204,AVS187938A2D82BA9BB,0001173204,Cineverse Corp - Class A,CNVS,NASDAQ,7841,services,2014Q3,2003-11-10,2019-12-31,Alpha Vantage listing interval,resolved_cik,True,1,only eligible resolved security,2014|NASDAQ|services,1570,7,0.0044585987,224.2857142857,20260916
CIK0001213037,AVSA8E5C7FA7FB89228,0001213037,Cardiff Oncology Inc,CRDF,NASDAQ,2836,manufacturing,2014Q3,2004-07-27,2019-12-31,Alpha Vantage listing interval,resolved_cik,True,3,"ranked by active quarter-end evidence, exchange, and plain common-stock symbol",2014|NASDAQ|manufacturing,3738,17,0.0045478866,219.8823529412,20260916
CIK0001237746,AVS33057CAD91A79DF3,0001237746,Endurance International Group Holdings Inc,EIGI,NASDAQ,7372,services,2014Q3,2013-10-25,2019-12-31,Alpha Vantage listing interval,resolved_cik,True,1,only eligible resolved security,2014|NASDAQ|services,1570,7,0.0044585987,224.2857142857,20260916
CIK0001333170,AVS707CC9DFDF8D2D9E,0001333170,NxStage Medical Inc,NXTM,NASDAQ,3845,manufacturing,2014Q3,2005-10-27,2019-12-31,Alpha Vantage listing interval,resolved_cik,True,2,"ranked by active quarter-end evidence, exchange, and plain common-stock symbol",2014|NASDAQ|manufacturing,3738,17,0.0045478866,219.8823529412,20260916
CIK0001384905,AVS66AC73CE90D4A2CC,0001384905,RingCentral Inc - Class A,RNG,NYSE,7374,services,2014Q3,2013-09-27,2019-12-31,Alpha Vantage listing interval,resolved_cik,True,1,only eligible resolved security,2014|NYSE|services,943,4,0.0042417815,235.7500000000,20260916
CIK0001400438,AVS8027F06DEF2E2D0E,0001400438,Largo Inc,LGO,NASDAQ,1400,mining,2014Q3,2007-07-13,2019-12-31,Alpha Vantage listing interval,resolved_cik,True,1,only eligible resolved security,2014|NASDAQ|mining,245,1,0.0040816327,245.0000000000,20260916
CIK0001487918,AVSE4579EA08F2F1D2C,0001487918,OFS Capital Corp,OFS,NASDAQ,,unknown,2014Q3,2012-11-08,2019-12-31,Alpha Vantage listing interval,resolved_cik,True,1,only eligible resolved security,2014|NASDAQ|unknown,135,1,0.0074074074,135.0000000000,20260916
CIK0001492691,AVSE13EFC8597F2B234,0001492691,Knight-Swift Transportation Holdings Inc - Class A,KNX,NYSE,4213,transportation_communications_utilities,2014Q3,1994-10-25,2019-12-31,Alpha Vantage listing interval,resolved_cik,True,3,"ranked by active quarter-end evidence, exchange, and plain common-stock symbol",2014|NYSE|transportation_communications_utilities,962,4,0.0041580042,240.5000000000,20260916
CIK0001535929,AVS02D821F966B69383,0001535929,Voya Financial Inc,VOYA,NYSE,6311,finance_insurance_real_estate,2014Q3,2013-05-02,2019-12-31,Alpha Vantage listing interval,resolved_cik,True,1,only eligible resolved security,2014|NYSE|finance_insurance_real_estate,1965,9,0.0045801527,218.3333333333,20260916
CIK0000018349,AVS1423593C94AC7D57,0000018349,Synovus Financial Corp,SNV,NYSE,6021,finance_insurance_real_estate,2014Q4,1990-01-12,2019-12-31,Alpha Vantage listing interval,resolved_cik,True,1,only eligible resolved security,2014|NYSE|finance_insurance_real_estate,1965,9,0.0045801527,218.3333333333,20260916
CIK0000037472,AVSC5CAED57C4E4C331,0000037472,Flexsteel Industries Inc,FLXS,NASDAQ,2510,manufacturing,2014Q4,1992-02-25,2019-12-31,Alpha Vantage listing interval,resolved_cik,True,1,only eligible resolved security,2014|NASDAQ|manufacturing,3738,17,0.0045478866,219.8823529412,20260916
CIK0000105319,AVS88F7845DC4A52BC7,0000105319,WW International Inc,WW,NASDAQ,7200,services,2014Q4,2001-11-15,2019-12-31,Alpha Vantage listing interval,resolved_cik,True,1,only eligible resolved security,2014|NASDAQ|services,1570,7,0.0044585987,224.2857142857,20260916
CIK0000706129,AVS87DBC124ED311DE5,0000706129,Horizon Bancorp Inc (IN),HBNC,NASDAQ,6022,finance_insurance_real_estate,2014Q4,2001-12-17,2019-12-31,Alpha Vantage listing interval,resolved_cik,True,1,only eligible resolved security,2014|NASDAQ|finance_insurance_real_estate,1991,9,0.0045203415,221.2222222222,20260916
CIK0000790051,AVS37BB89A02AC49956,0000790051,Carlisle Companies Inc,CSL,NYSE,3060,manufacturing,2014Q4,1987-11-05,2019-12-31,Alpha Vantage listing interval,resolved_cik,True,1,only eligible resolved security,2014|NYSE|manufacturing,2354,11,0.0046728972,214.0000000000,20260916
CIK0000817979,AVS57825083AAD9E8D8,0000817979,Accuride Corp,ACW,NYSE,3714,manufacturing,2014Q4,2010-03-03,2019-12-31,Alpha Vantage listing interval,resolved_cik,True,2,"ranked by active quarter-end evidence, exchange, and plain common-stock symbol",2014|NYSE|manufacturing,2354,11,0.0046728972,214.0000000000,20260916
CIK0000918965,AVSBB6347344E526512,0000918965,Scansource Inc,SCSC,NASDAQ,5045,wholesale_trade,2014Q4,1994-03-18,2019-12-31,Alpha Vantage listing interval,resolved_cik,True,1,only eligible resolved security,2014|NASDAQ|wholesale_trade,199,1,0.0050251256,199.0000000000,20260916
CIK0000922863,AVS528B249E4C34047B,0000922863,Quality Distribution Inc,QLTY,NASDAQ,4213,transportation_communications_utilities,2014Q4,2003-11-07,2019-12-31,Alpha Vantage listing interval,resolved_cik,True,1,only eligible resolved security,2014|NASDAQ|transportation_communications_utilities,578,3,0.0051903114,192.6666666667,20260916
CIK0001015739,AVS460D75B7FF53FBC1,0001015739,Aware Inc,AWRE,NASDAQ,7372,services,2014Q4,1996-11-19,2019-12-31,Alpha Vantage listing interval,resolved_cik,True,1,only eligible resolved security,2014|NASDAQ|services,1570,7,0.0044585987,224.2857142857,20260916
CIK0001024478,AVS840DFEF2443F1178,0001024478,Rockwell Automation Inc,ROK,NYSE,3829,manufacturing,2014Q4,1981-12-31,2019-12-31,Alpha Vantage listing interval,resolved_cik,True,1,only eligible resolved security,2014|NYSE|manufacturing,2354,11,0.0046728972,214.0000000000,20260916
CIK0001058090,AVSB7BAB708126056DF,0001058090,Chipotle Mexican Grill,CMG,NYSE,5812,retail_trade,2014Q4,2006-01-26,2019-12-31,Alpha Vantage listing interval,resolved_cik,True,1,only eligible resolved security,2014|NYSE|retail_trade,364,2,0.0054945055,182.0000000000,20260916
CIK0001113232,AVS1B79B1EFA31085CA,0001113232,Axcelis Technologies Inc,ACLS,NASDAQ,3559,manufacturing,2014Q4,2000-07-11,2019-12-31,Alpha Vantage listing interval,resolved_cik,True,1,only eligible resolved security,2014|NASDAQ|manufacturing,3738,17,0.0045478866,219.8823529412,20260916
CIK0001169561,AVSFC5CBFF09D5AFDDB,0001169561,Commvault Systems Inc,CVLT,NASDAQ,7372,services,2014Q4,2006-09-22,2019-12-31,Alpha Vantage listing interval,resolved_cik,True,1,only eligible resolved security,2014|NASDAQ|services,1570,7,0.0044585987,224.2857142857,20260916
CIK0001176309,AVSED7B9C19121E3643,0001176309,Oramed Pharmaceuticals Inc,ORMP,NASDAQ,2834,manufacturing,2014Q4,2006-04-21,2019-12-31,Alpha Vantage listing interval,resolved_cik,True,1,only eligible resolved security,2014|NASDAQ|manufacturing,3738,17,0.0045478866,219.8823529412,20260916
CIK0001402829,AVS0C8826CE23CD2A6F,0001402829,Orion Group Holdings Inc,ORN,NYSE,1600,construction,2014Q4,2007-12-20,2019-12-31,Alpha Vantage listing interval,resolved_cik,True,1,only eligible resolved security,2014|NYSE|construction,151,1,0.0066225166,151.0000000000,20260916
CIK0001421182,AVS4FF3BD3009BD836E,0001421182,Verso Paper Corp,VRS1,NYSE,2621,manufacturing,2014Q4,2008-06-09,2019-12-31,Alpha Vantage listing interval,resolved_cik,True,2,"ranked by active quarter-end evidence, exchange, and plain common-stock symbol",2014|NYSE|manufacturing,2354,11,0.0046728972,214.0000000000,20260916
CIK0001497504,AVSD735015F932D519F,0001497504,Dipexium Pharmaceuticals Inc,DPRX,NASDAQ,2834,manufacturing,2014Q4,2014-03-13,2019-12-31,Alpha Vantage listing interval,resolved_cik,True,2,"ranked by active quarter-end evidence, exchange, and plain common-stock symbol",2014|NASDAQ|manufacturing,3738,17,0.0045478866,219.8823529412,20260916
CIK0001510580,AVSD1A2B7813AF17F63,0001510580,Kite Pharma Inc,KITE,NASDAQ,2836,manufacturing,2014Q4,2014-06-20,2019-12-31,Alpha Vantage listing interval,resolved_cik,True,2,"ranked by active quarter-end evidence, exchange, and plain common-stock symbol",2014|NASDAQ|manufacturing,3738,17,0.0045478866,219.8823529412,20260916
CIK0001538849,AVSBD6B676029DBEB00,0001538849,CrossAmerica Partners LP,CAPL,NYSE,5172,wholesale_trade,2014Q4,2012-10-25,2019-12-31,Alpha Vantage listing interval,resolved_cik,True,1,only eligible resolved security,2014|NYSE|wholesale_trade,172,1,0.0058139535,172.0000000000,20260916
CIK0000072573,AVS71A3F753741EA292,0000072573,Movado Group Inc,MOV,NYSE,3873,manufacturing,2015Q1,1993-09-30,2019-12-31,Alpha Vantage listing interval,resolved_cik,True,1,only eligible resolved security,2015|NYSE|manufacturing,2431,11,0.0045248869,221.0000000000,20260916
CIK0000072741,AVS8BD56EE16E6F69E6,0000072741,Eversource Energy,ES,NYSE,4911,transportation_communications_utilities,2015Q1,1984-08-29,2019-12-31,Alpha Vantage listing interval,resolved_cik,True,1,only eligible resolved security,2015|NYSE|transportation_communications_utilities,1011,5,0.0049455984,202.2000000000,20260916
CIK0000318771,AVSA1D0FD290622B5FB,0000318771,GENENTECH INC,DNA,NYSE,2834,manufacturing,2015Q1,2001-01-02,2019-12-31,Alpha Vantage listing interval,resolved_cik,False,1,only eligible resolved security,2015|NYSE|manufacturing,2431,11,0.0045248869,221.0000000000,20260916
CIK0000713676,AVSDA29D57356714966,0000713676,PNC Financial Services Group Inc,PNC,NYSE,6021,finance_insurance_real_estate,2015Q1,1988-09-07,2019-12-31,Alpha Vantage listing interval,resolved_cik,True,3,"ranked by active quarter-end evidence, exchange, and plain common-stock symbol",2015|NYSE|finance_insurance_real_estate,2082,10,0.0048030740,208.2000000000,20260916
CIK0000718940,AVSF578A81F4A8131DC,0000718940,BCE Inc,BCE,NYSE,4813,transportation_communications_utilities,2015Q1,1982-11-15,2019-12-31,Alpha Vantage listing interval,resolved_cik,True,1,only eligible resolved security,2015|NYSE|transportation_communications_utilities,1011,5,0.0049455984,202.2000000000,20260916
CIK0000750577,AVS9AC46FC0F1FEBC90,0000750577,Hancock Whitney Corp,HWC,NASDAQ,6022,finance_insurance_real_estate,2015Q1,2001-01-02,2019-12-31,Alpha Vantage listing interval,resolved_cik,True,3,"ranked by active quarter-end evidence, exchange, and plain common-stock symbol",2015|NASDAQ|finance_insurance_real_estate,2078,10,0.0048123195,207.8000000000,20260916
CIK0000771856,AVSF754D736D7848DE8,0000771856,Champions Oncology Inc,CSBR,NASDAQ,2836,manufacturing,2015Q1,2007-02-02,2019-12-31,Alpha Vantage listing interval,resolved_cik,True,1,only eligible resolved security,2015|NASDAQ|manufacturing,4066,19,0.0046728972,214.0000000000,20260916
CIK0000809933,AVSAA0252CED3C5F8D4,0000809933,Ecology and Environment,EEI,NASDAQ,8711,services,2015Q1,1992-03-17,2019-12-31,Alpha Vantage listing interval,resolved_cik,True,1,only eligible resolved security,2015|NASDAQ|services,1656,8,0.0048309179,207.0000000000,20260916
CIK0000831641,AVS19EB2FDEAC36C5CF,0000831641,Tetra Tech Inc,TTEK,NASDAQ,8711,services,2015Q1,1991-12-17,2019-12-31,Alpha Vantage listing interval,resolved_cik,True,1,only eligible resolved security,2015|NASDAQ|services,1656,8,0.0048309179,207.0000000000,20260916
CIK0000895126,AVSF4A5416CAE1C4A0E,0000895126,Chesapeake Energy Corp,CHK-P-D,NYSE,1311,mining,2015Q1,2014-09-22,2019-12-31,Alpha Vantage listing interval,resolved_cik,True,2,"ranked by active quarter-end evidence, exchange, and plain common-stock symbol",2015|NYSE|mining,689,3,0.0043541364,229.6666666667,20260916
CIK0000895447,AVSEDAC86A0C9D3E999,0000895447,Shoe Carnival Inc,SHOE,NASDAQ,5661,retail_trade,2015Q1,1993-03-16,2019-12-31,Alpha Vantage listing interval,resolved_cik,True,1,only eligible resolved security,2015|NASDAQ|retail_trade,460,2,0.0043478261,230.0000000000,20260916
CIK0001004155,AVS64CB7B42C5CFC9E7,0001004155,AGL Resources Inc,GAS,NYSE,4924,transportation_communications_utilities,2015Q1,1973-05-03,2019-12-31,Alpha Vantage listing interval,resolved_cik,True,2,"ranked by active quarter-end evidence, exchange, and plain common-stock symbol",2015|NYSE|transportation_communications_utilities,1011,5,0.0049455984,202.2000000000,20260916
CIK0001024657,AVS694D7779C0E2E02B,0001024657,West Corp,WSTC,NASDAQ,7389,services,2015Q1,2013-03-22,2019-12-31,Alpha Vantage listing interval,resolved_cik,True,2,"ranked by active quarter-end evidence, exchange, and plain common-stock symbol",2015|NASDAQ|services,1656,8,0.0048309179,207.0000000000,20260916
CIK0001029199,AVS407B66F10628CD82,0001029199,Euronet Worldwide Inc,EEFT,NASDAQ,6099,finance_insurance_real_estate,2015Q1,1997-03-07,2019-12-31,Alpha Vantage listing interval,resolved_cik,True,1,only eligible resolved security,2015|NASDAQ|finance_insurance_real_estate,2078,10,0.0048123195,207.8000000000,20260916
CIK0001038683,AVS1E5019CCB3965549,0001038683,Ryanair Holdings Plc,RYAAY,NASDAQ,4512,transportation_communications_utilities,2015Q1,1997-06-02,2019-12-31,Alpha Vantage listing interval,resolved_cik,True,1,only eligible resolved security,2015|NASDAQ|transportation_communications_utilities,602,3,0.0049833887,200.6666666667,20260916
CIK0001055160,AVS19C53D0E39CA5266,0001055160,MFA Financial Inc,MFA,NYSE,6798,finance_insurance_real_estate,2015Q1,1998-04-13,2019-12-31,Alpha Vantage listing interval,resolved_cik,True,3,"ranked by active quarter-end evidence, exchange, and plain common-stock symbol",2015|NYSE|finance_insurance_real_estate,2082,10,0.0048030740,208.2000000000,20260916
CIK0001116942,AVS6A05DA599C62C71B,0001116942,TTM Technologies Inc,TTMI,NASDAQ,3672,manufacturing,2015Q1,2000-09-25,2019-12-31,Alpha Vantage listing interval,resolved_cik,True,1,only eligible resolved security,2015|NASDAQ|manufacturing,4066,19,0.0046728972,214.0000000000,20260916
CIK0001173313,AVSB94D742C5095F5FD,0001173313,ABVC BioPharma Inc,ABVC,NASDAQ,2834,manufacturing,2015Q1,2011-04-05,2019-12-31,Alpha Vantage listing interval,resolved_cik,True,1,only eligible resolved security,2015|NASDAQ|manufacturing,4066,19,0.0046728972,214.0000000000,20260916
CIK0001321646,AVS10935A6644750924,0001321646,Kraton Corp,KRA,NYSE,2821,manufacturing,2015Q1,2009-12-17,2019-12-31,Alpha Vantage listing interval,resolved_cik,True,1,only eligible resolved security,2015|NYSE|manufacturing,2431,11,0.0045248869,221.0000000000,20260916
CIK0001345126,AVSA7DA90B24F41C570,0001345126,Compass Diversified Holdings,CODI,NYSE,2510,manufacturing,2015Q1,2006-05-18,2019-12-31,Alpha Vantage listing interval,resolved_cik,True,1,only eligible resolved security,2015|NYSE|manufacturing,2431,11,0.0045248869,221.0000000000,20260916
CIK0001356949,AVSCC9B9B49BF8316A6,0001356949,Houston Wire & Cable Company,HWCC,NASDAQ,5063,wholesale_trade,2015Q1,2006-06-15,2019-12-31,Alpha Vantage listing interval,resolved_cik,True,1,only eligible resolved security,2015|NASDAQ|wholesale_trade,210,1,0.0047619048,210.0000000000,20260916
CIK0001467760,AVS8EDBB4E20810BE79,0001467760,Apollo Commercial Real Estate Finance Inc,ARI,NYSE,6798,finance_insurance_real_estate,2015Q1,2009-09-24,2019-12-31,Alpha Vantage listing interval,resolved_cik,True,1,only eligible resolved security,2015|NYSE|finance_insurance_real_estate,2082,10,0.0048030740,208.2000000000,20260916
CIK0001496099,AVS96828A18D00F0AB2,0001496099,New Mountain Finance Corp,NMFC,NASDAQ,,unknown,2015Q1,2011-05-20,2019-12-31,Alpha Vantage listing interval,resolved_cik,True,1,only eligible resolved security,2015|NASDAQ|unknown,136,1,0.0073529412,136.0000000000,20260916
CIK0000041719,AVS4A24CE7558640047,0000041719,Magnera Corp,MAGN,NYSE,2621,manufacturing,2015Q2,1984-05-16,2019-12-31,Alpha Vantage listing interval,resolved_cik,True,1,only eligible resolved security,2015|NYSE|manufacturing,2431,11,0.0045248869,221.0000000000,20260916
CIK0000066570,AVS7C2491D13AB85785,0000066570,MSA Safety Inc,MSA,NYSE,3842,manufacturing,2015Q2,1990-03-26,2019-12-31,Alpha Vantage listing interval,resolved_cik,True,1,only eligible resolved security,2015|NYSE|manufacturing,2431,11,0.0045248869,221.0000000000,20260916
CIK0000076282,AVS078351BC2218D98B,0000076282,Park-Ohio Holdings Corp,PKOH,NASDAQ,3460,manufacturing,2015Q2,1990-03-26,2019-12-31,Alpha Vantage listing interval,resolved_cik,True,1,only eligible resolved security,2015|NASDAQ|manufacturing,4066,19,0.0046728972,214.0000000000,20260916
CIK0000350894,AVSFD6955CF59CAB3A2,0000350894,SEI Investments Company,SEIC,NASDAQ,6211,finance_insurance_real_estate,2015Q2,1990-03-26,2019-12-31,Alpha Vantage listing interval,resolved_cik,True,1,only eligible resolved security,2015|NASDAQ|finance_insurance_real_estate,2078,10,0.0048123195,207.8000000000,20260916
CIK0000760498,AVS29DC0A96BA466857,0000760498,Bancfirst Corp,BANF,NASDAQ,6021,finance_insurance_real_estate,2015Q2,1990-03-26,2019-12-31,Alpha Vantage listing interval,resolved_cik,True,1,only eligible resolved security,2015|NASDAQ|finance_insurance_real_estate,2078,10,0.0048123195,207.8000000000,20260916
CIK0000773840,AVSBA9133320F8C362F,0000773840,Honeywell International Inc,HON,NASDAQ,3724,manufacturing,2015Q2,1970-01-02,2019-12-31,Alpha Vantage listing interval,resolved_cik,True,1,only eligible resolved security,2015|NASDAQ|manufacturing,4066,19,0.0046728972,214.0000000000,20260916
CIK0000858446,AVS3BDEAEDBE87B5C25,0000858446,Intercontinental Hotels Group,IHG,NYSE,7011,services,2015Q2,2003-04-10,2019-12-31,Alpha Vantage listing interval,resolved_cik,True,1,only eligible resolved security,2015|NYSE|services,1018,5,0.0049115914,203.6000000000,20260916
CIK0001012477,AVS4ADA35868870AD23,0001012477,Flamel Technologies SA,FLML,NASDAQ,2834,manufacturing,2015Q2,2001-01-02,2019-12-31,Alpha Vantage listing interval,resolved_cik,True,3,"ranked by active quarter-end evidence, exchange, and plain common-stock symbol",2015|NASDAQ|manufacturing,4066,19,0.0046728972,214.0000000000,20260916
CIK0001040470,AVSCE138AB411F8B75E,0001040470,Aehr Test Systems,AEHR,NASDAQ,3825,manufacturing,2015Q2,1997-08-15,2019-12-31,Alpha Vantage listing interval,resolved_cik,True,1,only eligible resolved security,2015|NASDAQ|manufacturing,4066,19,0.0046728972,214.0000000000,20260916
CIK0001070985,AVS3BAF869D58A391FD,0001070985,CoreCivic Inc,CXW,NYSE,6798,finance_insurance_real_estate,2015Q2,1997-07-15,2019-12-31,Alpha Vantage listing interval,resolved_cik,True,1,only eligible resolved security,2015|NYSE|finance_insurance_real_estate,2082,10,0.0048030740,208.2000000000,20260916
CIK0001110805,AVS5035BD32A04678EC,0001110805,Nustar Energy L P,NS,NYSE,4610,transportation_communications_utilities,2015Q2,2001-04-10,2019-12-31,Alpha Vantage listing interval,resolved_cik,True,1,only eligible resolved security,2015|NYSE|transportation_communications_utilities,1011,5,0.0049455984,202.2000000000,20260916
CIK0001170010,AVS858F52EEC9D3093A,0001170010,Carmax Inc,KMX,NYSE,5500,retail_trade,2015Q2,1997-02-04,2019-12-31,Alpha Vantage listing interval,resolved_cik,True,1,only eligible resolved security,2015|NYSE|retail_trade,382,2,0.0052356021,191.0000000000,20260916
CIK0001353283,AVS7DDF60CD4B245C71,0001353283,Splunk Inc,SPLK,NASDAQ,7372,services,2015Q2,2012-04-19,2019-12-31,Alpha Vantage listing interval,resolved_cik,True,1,only eligible resolved security,2015|NASDAQ|services,1656,8,0.0048309179,207.0000000000,20260916
CIK0001371782,AVSD2DB54DB2B77176D,0001371782,MV Oil Trust,MVO,NYSE,1311,mining,2015Q2,2007-01-19,2019-12-31,Alpha Vantage listing interval,resolved_cik,True,1,only eligible resolved security,2015|NYSE|mining,689,3,0.0043541364,229.6666666667,20260916
CIK0001533040,AVSE37E26E930C5DE0F,0001533040,Phio Pharmaceuticals Corp,PHIO,NASDAQ,2834,manufacturing,2015Q2,2012-05-10,2019-12-31,Alpha Vantage listing interval,resolved_cik,True,1,only eligible resolved security,2015|NASDAQ|manufacturing,4066,19,0.0046728972,214.0000000000,20260916
CIK0001702318,AVS869C9FD0F4039FE1,0001702318,Akso Health Group,AHG,NASDAQ,7389,services,2015Q2,2006-12-28,2019-12-31,Alpha Vantage listing interval,resolved_cik,True,1,only eligible resolved security,2015|NASDAQ|services,1656,8,0.0048309179,207.0000000000,20260916
CIK0001981535,AVS52F384FAB7FF8435,0001981535,SharpLink Gaming Ltd,SBET,NASDAQ,6199,finance_insurance_real_estate,2015Q2,1997-05-21,2019-12-31,Alpha Vantage listing interval,resolved_cik,True,1,only eligible resolved security,2015|NASDAQ|finance_insurance_real_estate,2078,10,0.0048123195,207.8000000000,20260916
CIK0000010795,AVS33CAD7AAC2847063,0000010795,Becton Dickinson & Company,BDX,NYSE,3841,manufacturing,2015Q3,1983-04-06,2019-12-31,Alpha Vantage listing interval,resolved_cik,True,1,only eligible resolved security,2015|NYSE|manufacturing,2431,11,0.0045248869,221.0000000000,20260916
CIK0000109156,AVSE02FE7DA2A35FCD4,0000109156,Zale Corp,ZLC,NYSE,5944,retail_trade,2015Q3,1993-08-09,2019-12-31,Alpha Vantage listing interval,resolved_cik,False,1,only eligible resolved security,2015|NYSE|retail_trade,382,2,0.0052356021,191.0000000000,20260916
CIK0000864240,AVSE24503CB4783364C,0000864240,Sypris Solutions Inc,SYPR,NASDAQ,3823,manufacturing,2015Q3,1994-05-19,2019-12-31,Alpha Vantage listing interval,resolved_cik,True,1,only eligible resolved security,2015|NASDAQ|manufacturing,4066,19,0.0046728972,214.0000000000,20260916
CIK0000880266,AVS0718A7FA3971B4A4,0000880266,AGCO Corp,AGCO,NYSE,3523,manufacturing,2015Q3,1992-04-20,2019-12-31,Alpha Vantage listing interval,resolved_cik,True,1,only eligible resolved security,2015|NYSE|manufacturing,2431,11,0.0045248869,221.0000000000,20260916
CIK0000889900,AVS23DA37B62DB3790C,0000889900,Patterson-UTI Energy Inc,PTEN,NASDAQ,1381,mining,2015Q3,1993-11-02,2019-12-31,Alpha Vantage listing interval,resolved_cik,True,1,only eligible resolved security,2015|NASDAQ|mining,250,1,0.0040000000,250.0000000000,20260916
CIK0000906163,AVS5101B67014E20244,0000906163,NVR Inc,NVR,NYSE,1531,construction,2015Q3,1985-07-22,2019-12-31,Alpha Vantage listing interval,resolved_cik,True,1,only eligible resolved security,2015|NYSE|construction,154,1,0.0064935065,154.0000000000,20260916
CIK0001007330,AVSDF06CB5955C48091,0001007330,PRGX Global Inc,PRGX,NYSE,8700,services,2015Q3,1996-03-27,2019-12-31,Alpha Vantage listing interval,resolved_cik,True,1,only eligible resolved security,2015|NYSE|services,1018,5,0.0049115914,203.6000000000,20260916
CIK0001043000,AVS0B5EF118391CFAEB,0001043000,Sonida Senior Living Inc,SNDA,NYSE,8050,services,2015Q3,1997-10-31,2019-12-31,Alpha Vantage listing interval,resolved_cik,True,1,only eligible resolved security,2015|NYSE|services,1018,5,0.0049115914,203.6000000000,20260916
CIK0001053532,AVSB099031FC50A1283,0001053532,LaSalle Hotel Properties,LHO,NYSE,6798,finance_insurance_real_estate,2015Q3,1998-04-24,2019-12-31,Alpha Vantage listing interval,resolved_cik,True,2,"ranked by active quarter-end evidence, exchange, and plain common-stock symbol",2015|NYSE|finance_insurance_real_estate,2082,10,0.0048030740,208.2000000000,20260916
CIK0001124608,AVS724775C477D82320,0001124608,Response Genetics Inc,RGDX,NASDAQ,2835,manufacturing,2015Q3,2007-06-05,2019-12-31,Alpha Vantage listing interval,resolved_cik,False,2,"ranked by active quarter-end evidence, exchange, and plain common-stock symbol",2015|NASDAQ|manufacturing,4066,19,0.0046728972,214.0000000000,20260916
CIK0001339947,AVS358F7271B5023513,0001339947,Viacom Inc,VIA,NASDAQ,4841,transportation_communications_utilities,2015Q3,2005-12-05,2019-12-31,Alpha Vantage listing interval,resolved_cik,True,4,"ranked by active quarter-end evidence, exchange, and plain common-stock symbol",2015|NASDAQ|transportation_communications_utilities,602,3,0.0049833887,200.6666666667,20260916
CIK0001354371,AVS614E80C8B8B77DDF,0001354371,Pplus Trust Series RRD-1,PYS,NYSE,6189,finance_insurance_real_estate,2015Q3,2007-12-27,2019-12-31,Alpha Vantage listing interval,resolved_cik,True,1,only eligible resolved security,2015|NYSE|finance_insurance_real_estate,2082,10,0.0048030740,208.2000000000,20260916
CIK0001378718,AVS36C50D3AD3BF0074,0001378718,Wesco Aircraft Holdings Inc,WAIR,NYSE,5072,wholesale_trade,2015Q3,2011-07-28,2019-12-31,Alpha Vantage listing interval,resolved_cik,True,1,only eligible resolved security,2015|NYSE|wholesale_trade,181,1,0.0055248619,181.0000000000,20260916
CIK0001424929,AVS6507D4C8E2CF0232,0001424929,Fox Factory Holding Corp,FOXF,NASDAQ,3751,manufacturing,2015Q3,2013-08-08,2019-12-31,Alpha Vantage listing interval,resolved_cik,True,1,only eligible resolved security,2015|NASDAQ|manufacturing,4066,19,0.0046728972,214.0000000000,20260916
CIK0001447051,AVS0AA61A5FE80E364D,0001447051,Territorial Bancorp Inc,TBNK,NASDAQ,6035,finance_insurance_real_estate,2015Q3,2009-07-13,2019-12-31,Alpha Vantage listing interval,resolved_cik,True,1,only eligible resolved security,2015|NASDAQ|finance_insurance_real_estate,2078,10,0.0048123195,207.8000000000,20260916
CIK0001453814,AVS37D3A5DB0412F416,0001453814,Medidata Solutions Inc,MDSO,NASDAQ,7372,services,2015Q3,2009-06-25,2019-12-31,Alpha Vantage listing interval,resolved_cik,True,2,"ranked by active quarter-end evidence, exchange, and plain common-stock symbol",2015|NASDAQ|services,1656,8,0.0048309179,207.0000000000,20260916
CIK0001505155,AVSA7717DCCFE2CE428,0001505155,Upland Software Inc,UPLD,NASDAQ,7372,services,2015Q3,2014-11-06,2019-12-31,Alpha Vantage listing interval,resolved_cik,True,1,only eligible resolved security,2015|NASDAQ|services,1656,8,0.0048309179,207.0000000000,20260916
CIK0001514183,AVS6E2CEA3326B43D0D,0001514183,SILO Pharma Inc,SILO,NASDAQ,2834,manufacturing,2015Q3,2014-05-13,2019-12-31,Alpha Vantage listing interval,resolved_cik,True,1,only eligible resolved security,2015|NASDAQ|manufacturing,4066,19,0.0046728972,214.0000000000,20260916
CIK0001547063,AVS312C0C713696C107,0001547063,Taminco Corp,TAM,NYSE,2860,manufacturing,2015Q3,2000-01-03,2019-12-31,Alpha Vantage listing interval,resolved_cik,False,1,only eligible resolved security,2015|NYSE|manufacturing,2431,11,0.0045248869,221.0000000000,20260916
CIK0001637810,AVS433BEEB720967265,0001637810,FirstService Corp,FSV,NASDAQ,6500,finance_insurance_real_estate,2015Q3,2015-06-02,2019-12-31,Alpha Vantage listing interval,resolved_cik,True,1,only eligible resolved security,2015|NASDAQ|finance_insurance_real_estate,2078,10,0.0048123195,207.8000000000,20260916
CIK0000078003,AVS003E1D7AE0C34E87,0000078003,Pfizer Inc,PFE,NYSE,2834,manufacturing,2015Q4,1972-06-01,2019-12-31,Alpha Vantage listing interval,resolved_cik,True,1,only eligible resolved security,2015|NYSE|manufacturing,2431,11,0.0045248869,221.0000000000,20260916
CIK0000109380,AVSA46A8D87D7C16BE8,0000109380,Zions Bancorporation N.A,ZION,NASDAQ,6021,finance_insurance_real_estate,2015Q4,1990-03-26,2019-12-31,Alpha Vantage listing interval,resolved_cik,True,2,"ranked by active quarter-end evidence, exchange, and plain common-stock symbol",2015|NASDAQ|finance_insurance_real_estate,2078,10,0.0048123195,207.8000000000,20260916
CIK0000872912,AVS63FAC84B5ED91591,0000872912,Delcath Systems Inc,DCTH,NASDAQ,3841,manufacturing,2015Q4,2002-05-02,2019-12-31,Alpha Vantage listing interval,resolved_cik,True,1,only eligible resolved security,2015|NASDAQ|manufacturing,4066,19,0.0046728972,214.0000000000,20260916
CIK0000921082,AVS41550E233536D0A8,0000921082,Highwoods Properties Inc,HIW,NYSE,6798,finance_insurance_real_estate,2015Q4,1994-06-08,2019-12-31,Alpha Vantage listing interval,resolved_cik,True,1,only eligible resolved security,2015|NYSE|finance_insurance_real_estate,2082,10,0.0048030740,208.2000000000,20260916
CIK0000928421,AVS26179FCCDECAEEB2,0000928421,Mattson Technology Inc,MTSN,NASDAQ,3559,manufacturing,2015Q4,1994-09-28,2019-12-31,Alpha Vantage listing interval,resolved_cik,True,2,"ranked by active quarter-end evidence, exchange, and plain common-stock symbol",2015|NASDAQ|manufacturing,4066,19,0.0046728972,214.0000000000,20260916
CIK0001000230,AVS19D9E2693C2A77BC,0001000230,Optical Cable Corp,OCC,NASDAQ,3357,manufacturing,2015Q4,1996-04-02,2019-12-31,Alpha Vantage listing interval,resolved_cik,True,1,only eligible resolved security,2015|NASDAQ|manufacturing,4066,19,0.0046728972,214.0000000000,20260916
CIK0001022225,AVS77D9FEE5A10FF763,0001022225,Oplink Communications Inc,OPLK,NASDAQ,3661,manufacturing,2015Q4,2000-10-04,2019-12-31,Alpha Vantage listing interval,resolved_cik,False,1,only eligible resolved security,2015|NASDAQ|manufacturing,4066,19,0.0046728972,214.0000000000,20260916
CIK0001034670,AVSB40678D39FF54377,0001034670,Autoliv Inc,ALV,NYSE,3714,manufacturing,2015Q4,1997-04-28,2019-12-31,Alpha Vantage listing interval,resolved_cik,True,1,only eligible resolved security,2015|NYSE|manufacturing,2431,11,0.0045248869,221.0000000000,20260916
CIK0001043000,AVS0B5EF118391CFAEB,0001043000,Sonida Senior Living Inc,SNDA,NYSE,8050,services,2015Q4,1997-10-31,2019-12-31,Alpha Vantage listing interval,resolved_cik,True,1,only eligible resolved security,2015|NYSE|services,1018,5,0.0049115914,203.6000000000,20260916
CIK0001053532,AVSB099031FC50A1283,0001053532,LaSalle Hotel Properties,LHO,NYSE,6798,finance_insurance_real_estate,2015Q4,1998-04-24,2019-12-31,Alpha Vantage listing interval,resolved_cik,True,2,"ranked by active quarter-end evidence, exchange, and plain common-stock symbol",2015|NYSE|finance_insurance_real_estate,2082,10,0.0048030740,208.2000000000,20260916
CIK0001058307,AVS5AF19A7CE9067450,0001058307,NextPlat Corp,NXPL,NASDAQ,4813,transportation_communications_utilities,2015Q4,2014-05-20,2019-12-31,Alpha Vantage listing interval,resolved_cik,True,1,only eligible resolved security,2015|NASDAQ|transportation_communications_utilities,602,3,0.0049833887,200.6666666667,20260916
CIK0001169652,AVSE634918466E2EE11,0001169652,ChannelAdvisor Corp,ECOM,NYSE,7372,services,2015Q4,2013-05-23,2019-12-31,Alpha Vantage listing interval,resolved_cik,True,1,only eligible resolved security,2015|NYSE|services,1018,5,0.0049115914,203.6000000000,20260916
CIK0001175535,AVSA5CBBBC05E259EDA,0001175535,Whitestone REIT,WSR,NYSE,6798,finance_insurance_real_estate,2015Q4,2010-08-26,2019-12-31,Alpha Vantage listing interval,resolved_cik,True,1,only eligible resolved security,2015|NYSE|finance_insurance_real_estate,2082,10,0.0048030740,208.2000000000,20260916
CIK0001355096,AVS15733B2C8826382E,0001355096,Liberty Interactive Corp,QVCA,NASDAQ,5961,retail_trade,2015Q4,2006-05-10,2019-12-31,Alpha Vantage listing interval,resolved_cik,True,4,"ranked by active quarter-end evidence, exchange, and plain common-stock symbol",2015|NASDAQ|retail_trade,460,2,0.0043478261,230.0000000000,20260916
CIK0001413855,AVS1FAADE677E12073A,0001413855,AIFU Inc,AIFU,NASDAQ,6411,finance_insurance_real_estate,2015Q4,2007-11-01,2019-12-31,Alpha Vantage listing interval,resolved_cik,True,1,only eligible resolved security,2015|NASDAQ|finance_insurance_real_estate,2078,10,0.0048123195,207.8000000000,20260916
CIK0001421419,AVS890E735A4F7EEABF,0001421419,AGA Medical Holdings Inc,AGAM,NASDAQ,3845,manufacturing,2015Q4,2009-10-21,2019-12-31,Alpha Vantage listing interval,resolved_cik,False,1,only eligible resolved security,2015|NASDAQ|manufacturing,4066,19,0.0046728972,214.0000000000,20260916
CIK0001424755,AVS5EA4268C93477D01,0001424755,Travelport Worldwide Ltd,TVPT,NYSE,4700,transportation_communications_utilities,2015Q4,2014-09-25,2019-12-31,Alpha Vantage listing interval,resolved_cik,True,2,"ranked by active quarter-end evidence, exchange, and plain common-stock symbol",2015|NYSE|transportation_communications_utilities,1011,5,0.0049455984,202.2000000000,20260916
CIK0001514183,AVS6E2CEA3326B43D0D,0001514183,SILO Pharma Inc,SILO,NASDAQ,2834,manufacturing,2015Q4,2014-05-13,2019-12-31,Alpha Vantage listing interval,resolved_cik,True,1,only eligible resolved security,2015|NASDAQ|manufacturing,4066,19,0.0046728972,214.0000000000,20260916
CIK0001553023,AVSB718B842651DC184,0001553023,CyrusOne Inc,CONE,NASDAQ,6798,finance_insurance_real_estate,2015Q4,2013-01-18,2019-12-31,Alpha Vantage listing interval,resolved_cik,True,1,only eligible resolved security,2015|NASDAQ|finance_insurance_real_estate,2078,10,0.0048123195,207.8000000000,20260916
CIK0001575051,AVS906B18B1C06849A2,0001575051,Oci Resources LP,OCIR,NYSE,1400,mining,2015Q4,2013-09-13,2019-12-31,Alpha Vantage listing interval,resolved_cik,False,2,"ranked by active quarter-end evidence, exchange, and plain common-stock symbol",2015|NYSE|mining,689,3,0.0043541364,229.6666666667,20260916
CIK0001576018,AVS4D8759E93D5A611E,0001576018,SiriusPoint Ltd,SPNT,NYSE,6331,finance_insurance_real_estate,2015Q4,2013-08-15,2019-12-31,Alpha Vantage listing interval,resolved_cik,True,1,only eligible resolved security,2015|NYSE|finance_insurance_real_estate,2082,10,0.0048030740,208.2000000000,20260916
CIK0001707919,AVSC64CF1A629DF33C9,0001707919,Cenntro Electric Group Ltd,CENN,NASDAQ,3711,manufacturing,2015Q4,2009-12-16,2019-12-31,Alpha Vantage listing interval,resolved_cik,True,1,only eligible resolved security,2015|NASDAQ|manufacturing,4066,19,0.0046728972,214.0000000000,20260916
CIK0001872529,AVSB2FAF666F1DFBA31,0001872529,MDxHealth SA,MDXH,NASDAQ,8071,services,2015Q4,2009-04-16,2019-12-31,Alpha Vantage listing interval,resolved_cik,True,1,only eligible resolved security,2015|NASDAQ|services,1656,8,0.0048309179,207.0000000000,20260916
CIK0000001750,AVS336925A290DD6DD9,0000001750,AAR Corp,AIR,NYSE,3720,manufacturing,2016Q1,1984-07-19,2019-12-31,Alpha Vantage listing interval,resolved_cik,True,1,only eligible resolved security,2016|NYSE|manufacturing,2525,12,0.0047524752,210.4166666667,20260916
CIK0000055529,AVS6E2EA7A5FF27524E,0000055529,Kewaunee Scientific Corporation,KEQU,NASDAQ,3821,manufacturing,2016Q1,1992-02-25,2019-12-31,Alpha Vantage listing interval,resolved_cik,True,1,only eligible resolved security,2016|NASDAQ|manufacturing,4455,21,0.0047138047,212.1428571429,20260916
CIK0000076267,AVS40D4AD35FE685D8F,0000076267,Park Aerospace Corp,PKE,NYSE,3728,manufacturing,2016Q1,1987-12-30,2019-12-31,Alpha Vantage listing interval,resolved_cik,True,1,only eligible resolved security,2016|NYSE|manufacturing,2525,12,0.0047524752,210.4166666667,20260916
CIK0000215419,AVSB616337AB996D8AD,0000215419,Checkpoint Systems Inc,CKP,NYSE,3669,manufacturing,2016Q1,1986-11-12,2019-12-31,Alpha Vantage listing interval,resolved_cik,True,2,"ranked by active quarter-end evidence, exchange, and plain common-stock symbol",2016|NYSE|manufacturing,2525,12,0.0047524752,210.4166666667,20260916
CIK0000351077,AVSB82B1D2E6A66A2D6,0000351077,Citizens Republic Bancorp Inc,CRBC,NASDAQ,6021,finance_insurance_real_estate,2016Q1,2006-12-28,2019-12-31,Alpha Vantage listing interval,resolved_cik,False,1,only eligible resolved security,2016|NASDAQ|finance_insurance_real_estate,2247,10,0.0044503783,224.7000000000,20260916
CIK0000700863,AVSDB4758D922F256E4,0000700863,Susquehanna Bancshares Inc,SUSQ,NASDAQ,6021,finance_insurance_real_estate,2016Q1,1990-03-26,2019-12-31,Alpha Vantage listing interval,resolved_cik,False,1,only eligible resolved security,2016|NASDAQ|finance_insurance_real_estate,2247,10,0.0044503783,224.7000000000,20260916
CIK0000702165,AVS570E091961AECBD1,0000702165,Norfolk Southern Corp,NSC,NYSE,4011,transportation_communications_utilities,2016Q1,1982-06-02,2019-12-31,Alpha Vantage listing interval,resolved_cik,True,1,only eligible resolved security,2016|NYSE|transportation_communications_utilities,1047,5,0.0047755492,209.4000000000,20260916
CIK0000740664,AVS0C910DAE0970D38D,0000740664,RF Industries Ltd,RFIL,NASDAQ,3678,manufacturing,2016Q1,1997-05-28,2019-12-31,Alpha Vantage listing interval,resolved_cik,True,1,only eligible resolved security,2016|NASDAQ|manufacturing,4455,21,0.0047138047,212.1428571429,20260916
CIK0000890541,AVS481BECB52E8615DA,0000890541,Banco Latinoamericano De Comercio Exterior SA - Class E,BLX,NYSE,6029,finance_insurance_real_estate,2016Q1,1992-09-24,2019-12-31,Alpha Vantage listing interval,resolved_cik,True,1,only eligible resolved security,2016|NYSE|finance_insurance_real_estate,2150,10,0.0046511628,215.0000000000,20260916
CIK0000918581,AVS714AC58EDAE463C6,0000918581,CIBER Inc,CBR,NYSE,7371,services,2016Q1,1994-03-17,2019-12-31,Alpha Vantage listing interval,resolved_cik,True,2,"ranked by active quarter-end evidence, exchange, and plain common-stock symbol",2016|NYSE|services,1086,5,0.0046040516,217.2000000000,20260916
CIK0001019849,AVSF3D678866EB01CCC,0001019849,Penske Automotive Group Inc,PAG,NYSE,5500,retail_trade,2016Q1,1996-10-23,2019-12-31,Alpha Vantage listing interval,resolved_cik,True,1,only eligible resolved security,2016|NYSE|retail_trade,401,2,0.0049875312,200.5000000000,20260916
CIK0001044777,AVS2AA1D4A45E4B7BC4,0001044777,OneSpan Inc,OSPN,NASDAQ,7373,services,2016Q1,2001-01-02,2019-12-31,Alpha Vantage listing interval,resolved_cik,True,3,"ranked by active quarter-end evidence, exchange, and plain common-stock symbol",2016|NASDAQ|services,1825,8,0.0043835616,228.1250000000,20260916
CIK0001061574,AVS6E6AA12F5790CA94,0001061574,CGI Inc - Class A,GIB,NYSE,8742,services,2016Q1,1998-10-07,2019-12-31,Alpha Vantage listing interval,resolved_cik,True,1,only eligible resolved security,2016|NYSE|services,1086,5,0.0046040516,217.2000000000,20260916
CIK0001221029,AVS3D14E549607CEFC7,0001221029,Cementos Pacasmayo S.A.A.,CPAC,NYSE,3241,manufacturing,2016Q1,2012-02-22,2019-12-31,Alpha Vantage listing interval,resolved_cik,True,1,only eligible resolved security,2016|NYSE|manufacturing,2525,12,0.0047524752,210.4166666667,20260916
CIK0001235007,AVS6BA80B20EF51DE84,0001235007,Endocyte Inc,ECYT,NASDAQ,2834,manufacturing,2016Q1,2011-02-04,2019-12-31,Alpha Vantage listing interval,resolved_cik,True,2,"ranked by active quarter-end evidence, exchange, and plain common-stock symbol",2016|NASDAQ|manufacturing,4455,21,0.0047138047,212.1428571429,20260916
CIK0001299709,AVS1FA7F2DFD1BB1CD3,0001299709,BofI Holding Inc,BOFI,NASDAQ,6035,finance_insurance_real_estate,2016Q1,2005-03-15,2019-12-31,Alpha Vantage listing interval,resolved_cik,True,2,"ranked by active quarter-end evidence, exchange, and plain common-stock symbol",2016|NASDAQ|finance_insurance_real_estate,2247,10,0.0044503783,224.7000000000,20260916
CIK0001302387,AVSFED97BF3C9F637CD,0001302387,BV Financial Inc,BVFL,NASDAQ,6035,finance_insurance_real_estate,2016Q1,2016-01-13,2019-12-31,Alpha Vantage listing interval,resolved_cik,True,1,only eligible resolved security,2016|NASDAQ|finance_insurance_real_estate,2247,10,0.0044503783,224.7000000000,20260916
CIK0001329919,AVSA9B9FB9D3230004D,0001329919,Vocus Inc,VOCS,NASDAQ,7372,services,2016Q1,2005-12-07,2019-12-31,Alpha Vantage listing interval,resolved_cik,False,1,only eligible resolved security,2016|NASDAQ|services,1825,8,0.0043835616,228.1250000000,20260916
CIK0001370755,AVS8883D314C9EC5411,0001370755,BlackRock TCP Capital Corp,TCPC,NASDAQ,,unknown,2016Q1,2012-04-04,2019-12-31,Alpha Vantage listing interval,resolved_cik,True,1,only eligible resolved security,2016|NASDAQ|unknown,137,1,0.0072992701,137.0000000000,20260916
CIK0001386858,AVS840843F03D64550B,0001386858,Hyperion Therapeutics Inc,HPTX,NASDAQ,2834,manufacturing,2016Q1,2012-07-26,2019-12-31,Alpha Vantage listing interval,resolved_cik,False,1,only eligible resolved security,2016|NASDAQ|manufacturing,4455,21,0.0047138047,212.1428571429,20260916
CIK0001459200,AVSAFCB8316BE9C3264,0001459200,Alarm.com Holdings Inc,ALRM,NASDAQ,7372,services,2016Q1,2015-06-26,2019-12-31,Alpha Vantage listing interval,resolved_cik,True,1,only eligible resolved security,2016|NASDAQ|services,1825,8,0.0043835616,228.1250000000,20260916
CIK0001504008,AVS4BC0279B33D0C919,0001504008,BankUnited Inc,BKU,NYSE,6035,finance_insurance_real_estate,2016Q1,2011-01-28,2019-12-31,Alpha Vantage listing interval,resolved_cik,True,1,only eligible resolved security,2016|NYSE|finance_insurance_real_estate,2150,10,0.0046511628,215.0000000000,20260916
CIK0001524931,AVS348CE78F9E9B068E,0001524931,Chuy`s Holdings Inc,CHUY,NASDAQ,5812,retail_trade,2016Q1,2012-07-24,2019-12-31,Alpha Vantage listing interval,resolved_cik,True,1,only eligible resolved security,2016|NASDAQ|retail_trade,485,2,0.0041237113,242.5000000000,20260916
CIK0001585608,AVS3BA9CA534DC29CA3,0001585608,Jaguar Health Inc,JAGX,NASDAQ,2834,manufacturing,2016Q1,2015-05-13,2019-12-31,Alpha Vantage listing interval,resolved_cik,True,1,only eligible resolved security,2016|NASDAQ|manufacturing,4455,21,0.0047138047,212.1428571429,20260916
CIK0001609132,AVSB42F076E7DE2D3DC,0001609132,C1 Financial Inc,BNK,NYSE,6022,finance_insurance_real_estate,2016Q1,2014-08-13,2019-12-31,Alpha Vantage listing interval,resolved_cik,True,2,"ranked by active quarter-end evidence, exchange, and plain common-stock symbol",2016|NYSE|finance_insurance_real_estate,2150,10,0.0046511628,215.0000000000,20260916
CIK0000030625,AVSD9018EB841FE838A,0000030625,Flowserve Corp,FLS,NYSE,3561,manufacturing,2016Q2,1990-03-26,2019-12-31,Alpha Vantage listing interval,resolved_cik,True,1,only eligible resolved security,2016|NYSE|manufacturing,2525,12,0.0047524752,210.4166666667,20260916
CIK0000070858,AVSDDBB20EA4AE41A4B,0000070858,Bank Of America Corp,BAC,NYSE,6021,finance_insurance_real_estate,2016Q2,1986-05-29,2019-12-31,Alpha Vantage listing interval,resolved_cik,True,1,only eligible resolved security,2016|NYSE|finance_insurance_real_estate,2150,10,0.0046511628,215.0000000000,20260916
CIK0000077543,AVSADC326A30F080DAA,0000077543,Tutor Perini Corp,TPC,NYSE,1540,construction,2016Q2,1973-05-03,2019-12-31,Alpha Vantage listing interval,resolved_cik,True,1,only eligible resolved security,2016|NYSE|construction,156,1,0.0064102564,156.0000000000,20260916
CIK0000815094,AVSE684B1CFB175CDA2,0000815094,Abiomed Inc,ABMD,NASDAQ,3841,manufacturing,2016Q2,1987-07-30,2019-12-31,Alpha Vantage listing interval,resolved_cik,True,1,only eligible resolved security,2016|NASDAQ|manufacturing,4455,21,0.0047138047,212.1428571429,20260916
CIK0001076195,AVS9CB4DA311E18689A,0001076195,Life Time Fitness Inc,LTM1,NYSE,7997,services,2016Q2,2004-07-26,2019-12-31,Alpha Vantage listing interval,resolved_cik,False,1,only eligible resolved security,2016|NYSE|services,1086,5,0.0046040516,217.2000000000,20260916
CIK0001109116,AVS89ED19337A6764AE,0001109116,Entravision Communications Corp - Class A,EVC,NYSE,4833,transportation_communications_utilities,2016Q2,2000-08-02,2019-12-31,Alpha Vantage listing interval,resolved_cik,True,1,only eligible resolved security,2016|NYSE|transportation_communications_utilities,1047,5,0.0047755492,209.4000000000,20260916
CIK0001292653,AVSD573673478A69032,0001292653,Inteliquent Inc,IQNT,NASDAQ,4813,transportation_communications_utilities,2016Q2,2007-11-02,2019-12-31,Alpha Vantage listing interval,resolved_cik,True,2,"ranked by active quarter-end evidence, exchange, and plain common-stock symbol",2016|NASDAQ|transportation_communications_utilities,644,3,0.0046583851,214.6666666667,20260916
CIK0001347178,AVSAF628D7B24CB4CDF,0001347178,Vanda Pharmaceuticals Inc,VNDA,NASDAQ,2834,manufacturing,2016Q2,2006-04-12,2019-12-31,Alpha Vantage listing interval,resolved_cik,True,1,only eligible resolved security,2016|NASDAQ|manufacturing,4455,21,0.0047138047,212.1428571429,20260916
CIK0001407739,AVS3C124F4E4757410D,0001407739,DuPont Fabros Technology Inc,DFT,NYSE,6500,finance_insurance_real_estate,2016Q2,2007-10-19,2019-12-31,Alpha Vantage listing interval,resolved_cik,True,2,"ranked by active quarter-end evidence, exchange, and plain common-stock symbol",2016|NYSE|finance_insurance_real_estate,2150,10,0.0046511628,215.0000000000,20260916
CIK0001474735,AVSA41AA703ED2ABB66,0001474735,Generac Holdings Inc,GNRC,NYSE,3621,manufacturing,2016Q2,2010-02-11,2019-12-31,Alpha Vantage listing interval,resolved_cik,True,1,only eligible resolved security,2016|NYSE|manufacturing,2525,12,0.0047524752,210.4166666667,20260916
CIK0001498382,AVS41FD6F5D0AD451FE,0001498382,TuHURA Biosciences Inc,HURA,NASDAQ,2834,manufacturing,2016Q2,2013-02-22,2019-12-31,Alpha Vantage listing interval,resolved_cik,True,1,only eligible resolved security,2016|NASDAQ|manufacturing,4455,21,0.0047138047,212.1428571429,20260916
CIK0001523733,AVS98866A91B7F2D351,0001523733,PetroLogistics LP,PDH,NYSE,2890,manufacturing,2016Q2,2012-05-04,2019-12-31,Alpha Vantage listing interval,resolved_cik,False,1,only eligible resolved security,2016|NYSE|manufacturing,2525,12,0.0047524752,210.4166666667,20260916
CIK0001629137,AVSBDCD3AB00BE6E52D,0001629137,Global Blood Therapeutics Inc,GBT,NASDAQ,2834,manufacturing,2016Q2,2015-08-12,2019-12-31,Alpha Vantage listing interval,resolved_cik,True,1,only eligible resolved security,2016|NASDAQ|manufacturing,4455,21,0.0047138047,212.1428571429,20260916
CIK0001637655,AVS88CD6E56E6D1C9B3,0001637655,Horizon Global Corp,HZN,NYSE,3714,manufacturing,2016Q2,2015-07-01,2019-12-31,Alpha Vantage listing interval,resolved_cik,True,1,only eligible resolved security,2016|NYSE|manufacturing,2525,12,0.0047524752,210.4166666667,20260916
CIK0001821866,AVS8B7861274FD269E0,0001821866,BTQ Technologies Corp,BTQ,NASDAQ,7370,services,2016Q2,2006-12-18,2019-12-31,Alpha Vantage listing interval,resolved_cik,True,1,only eligible resolved security,2016|NASDAQ|services,1825,8,0.0043835616,228.1250000000,20260916
CIK0000825411,AVS5D88EB2746C6C9E6,0000825411,Sevcon Inc,SEV,NASDAQ,3620,manufacturing,2016Q3,1992-03-19,2019-12-31,Alpha Vantage listing interval,resolved_cik,True,2,"ranked by active quarter-end evidence, exchange, and plain common-stock symbol",2016|NASDAQ|manufacturing,4455,21,0.0047138047,212.1428571429,20260916
CIK0000884940,AVS6CAAD9948827F3BD,0000884940,Stein Mart Inc,SMRTQ,NASDAQ,5651,retail_trade,2016Q3,1992-04-27,2019-12-31,Alpha Vantage listing interval,resolved_cik,True,1,only eligible resolved security,2016|NASDAQ|retail_trade,485,2,0.0041237113,242.5000000000,20260916
CIK0000928421,AVS26179FCCDECAEEB2,0000928421,Mattson Technology Inc,MTSN,NASDAQ,3559,manufacturing,2016Q3,1994-09-28,2019-12-31,Alpha Vantage listing interval,resolved_cik,False,1,only eligible resolved security,2016|NASDAQ|manufacturing,4455,21,0.0047138047,212.1428571429,20260916
CIK0001005201,AVSA0A4E643D0FACDDE,0001005201,Depomed Inc,DEPO,NASDAQ,2834,manufacturing,2016Q3,1997-12-03,2019-12-31,Alpha Vantage listing interval,resolved_cik,True,2,"ranked by active quarter-end evidence, exchange, and plain common-stock symbol",2016|NASDAQ|manufacturing,4455,21,0.0047138047,212.1428571429,20260916
CIK0001011109,AVS086F10A625B9B212,0001011109,ACRE Realty Investors Inc,AIII,NYSE,6798,finance_insurance_real_estate,2016Q3,1997-12-10,2019-12-31,Alpha Vantage listing interval,resolved_cik,True,2,"ranked by active quarter-end evidence, exchange, and plain common-stock symbol",2016|NYSE|finance_insurance_real_estate,2150,10,0.0046511628,215.0000000000,20260916
CIK0001094324,AVSB5EAC0A53FB0D714,0001094324,Sify Technologies Ltd,SIFY,NASDAQ,7370,services,2016Q3,1999-10-19,2019-12-31,Alpha Vantage listing interval,resolved_cik,True,1,only eligible resolved security,2016|NASDAQ|services,1825,8,0.0043835616,228.1250000000,20260916
CIK0001211805,AVS53AC398B6F631764,0001211805,My Size Inc,MYSZ,NASDAQ,7372,services,2016Q3,2016-07-25,2019-12-31,Alpha Vantage listing interval,resolved_cik,True,1,only eligible resolved security,2016|NASDAQ|services,1825,8,0.0043835616,228.1250000000,20260916
CIK0001274057,AVS04FAC8D17ED89D3F,0001274057,Hospira Inc,HSP,NYSE,2834,manufacturing,2016Q3,2004-05-03,2019-12-31,Alpha Vantage listing interval,resolved_cik,False,1,only eligible resolved security,2016|NYSE|manufacturing,2525,12,0.0047524752,210.4166666667,20260916
CIK0001280776,AVS58A0E25AA4726A80,0001280776,Immunic Inc,IMUX,NASDAQ,2834,manufacturing,2016Q3,2014-04-17,2019-12-31,Alpha Vantage listing interval,resolved_cik,True,1,only eligible resolved security,2016|NASDAQ|manufacturing,4455,21,0.0047138047,212.1428571429,20260916
CIK0001292653,AVSD573673478A69032,0001292653,Inteliquent Inc,IQNT,NASDAQ,4813,transportation_communications_utilities,2016Q3,2007-11-02,2019-12-31,Alpha Vantage listing interval,resolved_cik,True,2,"ranked by active quarter-end evidence, exchange, and plain common-stock symbol",2016|NASDAQ|transportation_communications_utilities,644,3,0.0046583851,214.6666666667,20260916
CIK0001356284,AVS4E16D9CDED957C33,0001356284,Synthetic Fixed-Income Securities Inc,GJS,NYSE,6189,finance_insurance_real_estate,2016Q3,2006-04-28,2019-12-31,Alpha Vantage listing interval,resolved_cik,True,1,only eligible resolved security,2016|NYSE|finance_insurance_real_estate,2150,10,0.0046511628,215.0000000000,20260916
CIK0001503584,AVS36463D7B0E6B1C0E,0001503584,Costamare Inc,CMRE,NYSE,4412,transportation_communications_utilities,2016Q3,2010-11-04,2019-12-31,Alpha Vantage listing interval,resolved_cik,True,1,only eligible resolved security,2016|NYSE|transportation_communications_utilities,1047,5,0.0047755492,209.4000000000,20260916
CIK0001579877,AVS6ED4474E69DB05F5,0001579877,Outfront Media Inc,OUT,NYSE,6798,finance_insurance_real_estate,2016Q3,2014-03-28,2019-12-31,Alpha Vantage listing interval,resolved_cik,True,1,only eligible resolved security,2016|NYSE|finance_insurance_real_estate,2150,10,0.0046511628,215.0000000000,20260916
CIK0001601545,AVS51DD427CDA8D446E,0001601545,Blue Hills Bancorp Inc,BHBK,NASDAQ,6022,finance_insurance_real_estate,2016Q3,2014-07-22,2019-12-31,Alpha Vantage listing interval,resolved_cik,True,2,"ranked by active quarter-end evidence, exchange, and plain common-stock symbol",2016|NASDAQ|finance_insurance_real_estate,2247,10,0.0044503783,224.7000000000,20260916
CIK0001604464,AVSDB5BC4B38CDB597C,0001604464,Atara Biotherapeutics Inc,ATRA,NASDAQ,2836,manufacturing,2016Q3,2014-10-16,2019-12-31,Alpha Vantage listing interval,resolved_cik,True,1,only eligible resolved security,2016|NASDAQ|manufacturing,4455,21,0.0047138047,212.1428571429,20260916
CIK0001617798,AVS1891E0BD3A56BA5F,0001617798,PennTex Midstream Partners LP,PTXP,NASDAQ,4922,transportation_communications_utilities,2016Q3,2015-06-04,2019-12-31,Alpha Vantage listing interval,resolved_cik,True,2,"ranked by active quarter-end evidence, exchange, and plain common-stock symbol",2016|NASDAQ|transportation_communications_utilities,644,3,0.0046583851,214.6666666667,20260916
CIK0001621434,AVS01D8BFFC5AAD875C,0001621434,Black Stone Minerals L.P.,BSM,NYSE,1311,mining,2016Q3,2015-05-01,2019-12-31,Alpha Vantage listing interval,resolved_cik,True,1,only eligible resolved security,2016|NYSE|mining,728,3,0.0041208791,242.6666666667,20260916
CIK0000063276,AVS95677069B77D01B3,0000063276,Mattel Inc,MAT,NASDAQ,3942,manufacturing,2016Q4,1982-01-04,2019-12-31,Alpha Vantage listing interval,resolved_cik,True,1,only eligible resolved security,2016|NASDAQ|manufacturing,4455,21,0.0047138047,212.1428571429,20260916
CIK0000073756,AVSD6723069C4E5A210,0000073756,Oceaneering International Inc,OII,NYSE,1389,mining,2016Q4,1990-03-26,2019-12-31,Alpha Vantage listing interval,resolved_cik,True,1,only eligible resolved security,2016|NYSE|mining,728,3,0.0041208791,242.6666666667,20260916
CIK0000101538,AVSF6550ACF27745ADF,0000101538,United States Antimony Corp,UAMY,NYSE,3330,manufacturing,2016Q4,2000-02-24,2019-12-31,Alpha Vantage listing interval,resolved_cik,True,1,only eligible resolved security,2016|NYSE|manufacturing,2525,12,0.0047524752,210.4166666667,20260916
CIK0000798081,AVSA351E3C1D145F23A,0000798081,Lakeland Industries Inc,LAKE,NASDAQ,3842,manufacturing,2016Q4,1990-03-26,2019-12-31,Alpha Vantage listing interval,resolved_cik,True,1,only eligible resolved security,2016|NASDAQ|manufacturing,4455,21,0.0047138047,212.1428571429,20260916
CIK0000825313,AVSF5DCEB70E0CC6410,0000825313,AllianceBernstein Holding Lp,AB,NYSE,6282,finance_insurance_real_estate,2016Q4,1988-04-15,2019-12-31,Alpha Vantage listing interval,resolved_cik,True,1,only eligible resolved security,2016|NYSE|finance_insurance_real_estate,2150,10,0.0046511628,215.0000000000,20260916
CIK0000899460,AVS740432BB3C240EBA,0000899460,Mannkind Corp,MNKD,NASDAQ,2834,manufacturing,2016Q4,2004-07-28,2019-12-31,Alpha Vantage listing interval,resolved_cik,True,1,only eligible resolved security,2016|NASDAQ|manufacturing,4455,21,0.0047138047,212.1428571429,20260916
CIK0000911649,AVS8E4587E3FA1C154D,0000911649,Standard Diversified Inc,SDI,NYSE,2100,manufacturing,2016Q4,2001-01-02,2019-12-31,Alpha Vantage listing interval,resolved_cik,True,1,only eligible resolved security,2016|NYSE|manufacturing,2525,12,0.0047524752,210.4166666667,20260916
CIK0000914156,AVS3EC885FD2A7D0DA3,0000914156,UFP Technologies Inc,UFPT,NASDAQ,3841,manufacturing,2016Q4,1993-12-17,2019-12-31,Alpha Vantage listing interval,resolved_cik,True,1,only eligible resolved security,2016|NASDAQ|manufacturing,4455,21,0.0047138047,212.1428571429,20260916
CIK0000945983,AVS1687D810BFDC2217,0000945983,Climb Global Solutions Inc,CLMB,NASDAQ,5045,wholesale_trade,2016Q4,1995-07-18,2019-12-31,Alpha Vantage listing interval,resolved_cik,True,1,only eligible resolved security,2016|NASDAQ|wholesale_trade,216,1,0.0046296296,216.0000000000,20260916
CIK0001003078,AVS1E8BCE205DF4B447,0001003078,MSC Industrial Direct Co. Inc - Class A,MSM,NYSE,5084,wholesale_trade,2016Q4,1995-12-15,2019-12-31,Alpha Vantage listing interval,resolved_cik,True,1,only eligible resolved security,2016|NYSE|wholesale_trade,201,1,0.0049751244,201.0000000000,20260916
CIK0001015780,AVS589746B17AA674E8,0001015780,E TRADE Financial Corp,ETFC,NASDAQ,6035,finance_insurance_real_estate,2016Q4,1996-08-16,2019-12-31,Alpha Vantage listing interval,resolved_cik,True,1,only eligible resolved security,2016|NASDAQ|finance_insurance_real_estate,2247,10,0.0044503783,224.7000000000,20260916
CIK0001023734,AVSAD2E5D451141CCDB,0001023734,BPZ Resources Inc,BPZ,NYSE,1311,mining,2016Q4,2003-10-07,2019-12-31,Alpha Vantage listing interval,resolved_cik,False,1,only eligible resolved security,2016|NYSE|mining,728,3,0.0041208791,242.6666666667,20260916
CIK0001057877,AVS0A3F3E402C92DDB4,0001057877,Idacorp Inc,IDA,NYSE,4911,transportation_communications_utilities,2016Q4,1986-10-17,2019-12-31,Alpha Vantage listing interval,resolved_cik,True,1,only eligible resolved security,2016|NYSE|transportation_communications_utilities,1047,5,0.0047755492,209.4000000000,20260916
CIK0001138639,AVS5A882A2743AFBA16,0001138639,Infinera Corp,INFN,NASDAQ,3661,manufacturing,2016Q4,2007-06-07,2019-12-31,Alpha Vantage listing interval,resolved_cik,True,1,only eligible resolved security,2016|NASDAQ|manufacturing,4455,21,0.0047138047,212.1428571429,20260916
CIK0001144980,AVS387B6756AE4349EE,0001144980,Asbury Automotive Group Inc,ABG,NYSE,5500,retail_trade,2016Q4,2002-03-21,2019-12-31,Alpha Vantage listing interval,resolved_cik,True,1,only eligible resolved security,2016|NYSE|retail_trade,401,2,0.0049875312,200.5000000000,20260916
CIK0001279704,AVS7A9265375FC46D54,0001279704,Cellectar Biosciences Inc,CLRB,NASDAQ,2834,manufacturing,2016Q4,2005-11-10,2019-12-31,Alpha Vantage listing interval,resolved_cik,True,1,only eligible resolved security,2016|NASDAQ|manufacturing,4455,21,0.0047138047,212.1428571429,20260916
CIK0001283709,AVSC23D852BDA773F32,0001283709,Thomas Properties Group Inc,TPGI,NYSE,6500,finance_insurance_real_estate,2016Q4,2013-05-08,2019-12-31,Alpha Vantage listing interval,resolved_cik,False,1,only eligible resolved security,2016|NYSE|finance_insurance_real_estate,2150,10,0.0046511628,215.0000000000,20260916
CIK0001303652,AVS3ACF30E9BA1E5825,0001303652,Tableau Software Inc,DATA,NYSE,7372,services,2016Q4,2013-05-17,2019-12-31,Alpha Vantage listing interval,resolved_cik,True,2,"ranked by active quarter-end evidence, exchange, and plain common-stock symbol",2016|NYSE|services,1086,5,0.0046040516,217.2000000000,20260916
CIK0001305773,AVS35F4F28EF4B4515E,0001305773,Conformis Inc,CFMS,NASDAQ,3842,manufacturing,2016Q4,2015-07-01,2019-12-31,Alpha Vantage listing interval,resolved_cik,True,1,only eligible resolved security,2016|NASDAQ|manufacturing,4455,21,0.0047138047,212.1428571429,20260916
CIK0001311538,AVSC20BA889EC48B924,0001311538,Castle Brands Inc,ROX,NYSE,2080,manufacturing,2016Q4,2006-04-07,2019-12-31,Alpha Vantage listing interval,resolved_cik,True,2,"ranked by active quarter-end evidence, exchange, and plain common-stock symbol",2016|NYSE|manufacturing,2525,12,0.0047524752,210.4166666667,20260916
CIK0001372414,AVS29E529F2CAA6FCD1,0001372414,Aerohive Networks Inc,HIVE,NYSE,7373,services,2016Q4,2014-03-28,2019-12-31,Alpha Vantage listing interval,resolved_cik,True,2,"ranked by active quarter-end evidence, exchange, and plain common-stock symbol",2016|NYSE|services,1086,5,0.0046040516,217.2000000000,20260916
CIK0001464790,AVSC19F929A3ACFFF52,0001464790,B. Riley Financial Inc,RILY,NASDAQ,6282,finance_insurance_real_estate,2016Q4,2015-07-16,2019-12-31,Alpha Vantage listing interval,resolved_cik,True,2,"ranked by active quarter-end evidence, exchange, and plain common-stock symbol",2016|NASDAQ|finance_insurance_real_estate,2247,10,0.0044503783,224.7000000000,20260916
CIK0001486159,AVSC96C7264FDD12FE8,0001486159,Oasis Petroleum Inc,OAS,NASDAQ,1311,mining,2016Q4,2010-06-17,2019-12-31,Alpha Vantage listing interval,resolved_cik,True,1,only eligible resolved security,2016|NASDAQ|mining,288,1,0.0034722222,288.0000000000,20260916
CIK0001500375,AVSEE323533228A8F6D,0001500375,Home Federal Bancorp Inc (Louisiana),HFBL,NASDAQ,6035,finance_insurance_real_estate,2016Q4,2007-06-20,2019-12-31,Alpha Vantage listing interval,resolved_cik,True,1,only eligible resolved security,2016|NASDAQ|finance_insurance_real_estate,2247,10,0.0044503783,224.7000000000,20260916
CIK0001520300,AVSB3414823A397F812,0001520300,ASB Bancorp Inc,ASBB,NASDAQ,6035,finance_insurance_real_estate,2016Q4,2011-10-12,2019-12-31,Alpha Vantage listing interval,resolved_cik,True,2,"ranked by active quarter-end evidence, exchange, and plain common-stock symbol",2016|NASDAQ|finance_insurance_real_estate,2247,10,0.0044503783,224.7000000000,20260916
CIK0001595761,AVS013B9F0E05267F69,0001595761,Weibo Corp,WB,NASDAQ,7370,services,2016Q4,2014-04-17,2019-12-31,Alpha Vantage listing interval,resolved_cik,True,1,only eligible resolved security,2016|NASDAQ|services,1825,8,0.0043835616,228.1250000000,20260916
CIK0001610418,AVS9C204134BA57BF3D,0001610418,CONE Midstream Partners LP,CNNX,NYSE,4922,transportation_communications_utilities,2016Q4,2014-09-25,2019-12-31,Alpha Vantage listing interval,resolved_cik,True,2,"ranked by active quarter-end evidence, exchange, and plain common-stock symbol",2016|NYSE|transportation_communications_utilities,1047,5,0.0047755492,209.4000000000,20260916
CIK0001617640,AVS9F79675D0C6048BD,0001617640,Zillow Group Inc - Class C,Z,NASDAQ,7389,services,2016Q4,2015-08-03,2019-12-31,Alpha Vantage listing interval,resolved_cik,True,2,"ranked by active quarter-end evidence, exchange, and plain common-stock symbol",2016|NASDAQ|services,1825,8,0.0043835616,228.1250000000,20260916
CIK0001620280,AVS3CE063E905A756C2,0001620280,Uniti Group Inc,UNIT,NASDAQ,6798,finance_insurance_real_estate,2016Q4,2015-04-20,2019-12-31,Alpha Vantage listing interval,resolved_cik,True,1,only eligible resolved security,2016|NASDAQ|finance_insurance_real_estate,2247,10,0.0044503783,224.7000000000,20260916
CIK0000065172,AVS1C947BA9CC2728B8,0000065172,Mesabi Trust,MSB,NYSE,6795,finance_insurance_real_estate,2017Q1,1987-12-30,2019-12-31,Alpha Vantage listing interval,resolved_cik,True,1,only eligible resolved security,2017|NYSE|finance_insurance_real_estate,2215,10,0.0045146727,221.5000000000,20260916
CIK0000721994,AVS965CBEC94C8E06C8,0000721994,Lakeland Financial Corp,LKFN,NASDAQ,6022,finance_insurance_real_estate,2017Q1,1997-08-14,2019-12-31,Alpha Vantage listing interval,resolved_cik,True,1,only eligible resolved security,2017|NASDAQ|finance_insurance_real_estate,2323,11,0.0047352561,211.1818181818,20260916
CIK0000820027,AVSE2D38CD650639BDB,0000820027,Ameriprise Financial Inc,AMP,NYSE,6282,finance_insurance_real_estate,2017Q1,2005-09-15,2019-12-31,Alpha Vantage listing interval,resolved_cik,True,1,only eligible resolved security,2017|NYSE|finance_insurance_real_estate,2215,10,0.0045146727,221.5000000000,20260916
CIK0000913353,AVS0CE5BA68DBDEAFFE,0000913353,Colliers International Group Inc,CIGI,NASDAQ,6500,finance_insurance_real_estate,2017Q1,1995-01-20,2019-12-31,Alpha Vantage listing interval,resolved_cik,True,1,only eligible resolved security,2017|NASDAQ|finance_insurance_real_estate,2323,11,0.0047352561,211.1818181818,20260916
CIK0000915389,AVSF6DA35067437573D,0000915389,Eastman Chemical Company,EMN,NYSE,2821,manufacturing,2017Q1,1993-12-14,2019-12-31,Alpha Vantage listing interval,resolved_cik,True,1,only eligible resolved security,2017|NYSE|manufacturing,2588,12,0.0046367852,215.6666666667,20260916
CIK0001022671,AVS59C1C66F7198DAD5,0001022671,Steel Dynamics Inc,STLD,NASDAQ,3312,manufacturing,2017Q1,1996-11-22,2019-12-31,Alpha Vantage listing interval,resolved_cik,True,1,only eligible resolved security,2017|NASDAQ|manufacturing,4679,22,0.0047018594,212.6818181818,20260916
CIK0001056386,AVS811C804BE64CB3D0,0001056386,Internap Corp,INAPQ,NASDAQ,7370,services,2017Q1,1999-09-29,2019-12-31,Alpha Vantage listing interval,resolved_cik,True,1,only eligible resolved security,2017|NASDAQ|services,1949,9,0.0046177527,216.5555555556,20260916
CIK0001077428,AVSE8554254E36B2978,0001077428,Texas Capital Bancshares Inc,TCBI,NASDAQ,6022,finance_insurance_real_estate,2017Q1,2003-08-14,2019-12-31,Alpha Vantage listing interval,resolved_cik,True,1,only eligible resolved security,2017|NASDAQ|finance_insurance_real_estate,2323,11,0.0047352561,211.1818181818,20260916
CIK0001084201,AVS489B9A6EAB4ACFEC,0001084201,Sinovac Biotech Ltd,SVA,NASDAQ,2834,manufacturing,2017Q1,2003-11-03,2019-12-31,Alpha Vantage listing interval,resolved_cik,True,1,only eligible resolved security,2017|NASDAQ|manufacturing,4679,22,0.0047018594,212.6818181818,20260916
CIK0001100917,AVSFA096D95347D7683,0001100917,Onvia Inc,ONVI,NASDAQ,7389,services,2017Q1,2000-03-02,2019-12-31,Alpha Vantage listing interval,resolved_cik,True,2,"ranked by active quarter-end evidence, exchange, and plain common-stock symbol",2017|NASDAQ|services,1949,9,0.0046177527,216.5555555556,20260916
CIK0001114448,AVS2DDDAF4B9239A6A6,0001114448,Novartis AG,NVS,NYSE,2834,manufacturing,2017Q1,1996-11-07,2019-12-31,Alpha Vantage listing interval,resolved_cik,True,1,only eligible resolved security,2017|NYSE|manufacturing,2588,12,0.0046367852,215.6666666667,20260916
CIK0001165880,AVS10A29BA5A24BBEBF,0001165880,Montpelier Re Holdings Ltd,MRH,NYSE,6331,finance_insurance_real_estate,2017Q1,2002-10-10,2019-12-31,Alpha Vantage listing interval,resolved_cik,False,1,only eligible resolved security,2017|NYSE|finance_insurance_real_estate,2215,10,0.0045146727,221.5000000000,20260916
CIK0001292556,AVS14F43A2802F85EDD,0001292556,Polypore International Inc,PPO,NYSE,2890,manufacturing,2017Q1,2007-07-26,2019-12-31,Alpha Vantage listing interval,resolved_cik,False,1,only eligible resolved security,2017|NYSE|manufacturing,2588,12,0.0046367852,215.6666666667,20260916
CIK0001332349,AVS8C8818BC83F61DDD,0001332349,Brookdale Senior Living Inc,BKD,NYSE,8050,services,2017Q1,2005-11-22,2019-12-31,Alpha Vantage listing interval,resolved_cik,True,1,only eligible resolved security,2017|NYSE|services,1126,5,0.0044404973,225.2000000000,20260916
CIK0001354866,AVSD3087C0AA8FDD7EB,0001354866,Byrna Technologies Inc,BYRN,NASDAQ,3690,manufacturing,2017Q1,2011-02-23,2019-12-31,Alpha Vantage listing interval,resolved_cik,True,1,only eligible resolved security,2017|NASDAQ|manufacturing,4679,22,0.0047018594,212.6818181818,20260916
CIK0001378946,AVS72758804F2942265,0001378946,People`s United Financial Inc,PBCT,NASDAQ,6035,finance_insurance_real_estate,2017Q1,1990-03-26,2019-12-31,Alpha Vantage listing interval,resolved_cik,True,1,only eligible resolved security,2017|NASDAQ|finance_insurance_real_estate,2323,11,0.0047352561,211.1818181818,20260916
CIK0001378950,AVS22EE5E118C73EC5F,0001378950,CarParts.com Inc,PRTS,NASDAQ,5531,retail_trade,2017Q1,2007-02-09,2019-12-31,Alpha Vantage listing interval,resolved_cik,True,1,only eligible resolved security,2017|NASDAQ|retail_trade,494,2,0.0040485830,247.0000000000,20260916
CIK0001389170,AVS82DAB6FFBA630E17,0001389170,Targa Resources Corp,TRGP,NYSE,4922,transportation_communications_utilities,2017Q1,2010-12-07,2019-12-31,Alpha Vantage listing interval,resolved_cik,True,1,only eligible resolved security,2017|NYSE|transportation_communications_utilities,1090,5,0.0045871560,218.0000000000,20260916
CIK0001422109,AVS8B4991E96AFFA445,0001422109,Blue Earth Inc,BBLUQ,NASDAQ,4991,transportation_communications_utilities,2017Q1,2016-01-04,2019-12-31,Alpha Vantage listing interval,resolved_cik,False,1,only eligible resolved security,2017|NASDAQ|transportation_communications_utilities,669,3,0.0044843049,223.0000000000,20260916
CIK0001443646,AVSAF01E5EA3F0507EA,0001443646,Booz Allen Hamilton Holding Corp - Class A,BAH,NYSE,8742,services,2017Q1,2010-11-18,2019-12-31,Alpha Vantage listing interval,resolved_cik,True,1,only eligible resolved security,2017|NYSE|services,1126,5,0.0044404973,225.2000000000,20260916
CIK0001487798,AVS72F6AED1360EF41E,0001487798,Eca Marcellus Trust I,ECT,NYSE,1311,mining,2017Q1,2010-07-01,2019-12-31,Alpha Vantage listing interval,resolved_cik,True,1,only eligible resolved security,2017|NYSE|mining,762,4,0.0052493438,190.5000000000,20260916
CIK0001507964,AVS57885A70DA3786A3,0001507964,Corvus Gold Inc,KOR,NASDAQ,1040,mining,2017Q1,2016-01-04,2019-12-31,Alpha Vantage listing interval,resolved_cik,True,1,only eligible resolved security,2017|NASDAQ|mining,324,2,0.0061728395,162.0000000000,20260916
CIK0001519751,AVSADF5B3A35EB47785,0001519751,Fortune Brands Innovations Inc,FBIN,NYSE,2430,manufacturing,2017Q1,2011-09-16,2019-12-31,Alpha Vantage listing interval,resolved_cik,True,1,only eligible resolved security,2017|NYSE|manufacturing,2588,12,0.0046367852,215.6666666667,20260916
CIK0001590714,AVSBDABA63FF4E4201B,0001590714,Element Solutions Inc,ESI,NYSE,2890,manufacturing,2017Q1,2013-10-22,2019-12-31,Alpha Vantage listing interval,resolved_cik,True,1,only eligible resolved security,2017|NYSE|manufacturing,2588,12,0.0046367852,215.6666666667,20260916
CIK0001675033,AVS4BF693F5A0C729B1,0001675033,Great Elm Capital Corp,GECC,NASDAQ,,unknown,2017Q1,2016-11-04,2019-12-31,Alpha Vantage listing interval,resolved_cik,True,1,only eligible resolved security,2017|NASDAQ|unknown,146,1,0.0068493151,146.0000000000,20260916
CIK0001829576,AVSF5171567E4138B7D,0001829576,Carter Bankshares Inc,CARE,NASDAQ,6021,finance_insurance_real_estate,2017Q1,2012-08-27,2019-12-31,Alpha Vantage listing interval,resolved_cik,True,1,only eligible resolved security,2017|NASDAQ|finance_insurance_real_estate,2323,11,0.0047352561,211.1818181818,20260916
CIK0000008868,AVSDA5F4A84CDA307B1,0000008868,Avon Products Inc,AVP,NYSE,2844,manufacturing,2017Q2,1972-06-01,2019-12-31,Alpha Vantage listing interval,resolved_cik,True,1,only eligible resolved security,2017|NYSE|manufacturing,2588,12,0.0046367852,215.6666666667,20260916
CIK0000067279,AVS40D50C6283F61EED,0000067279,MOCON Inc,MOCO,NASDAQ,3829,manufacturing,2017Q2,1989-04-05,2019-12-31,Alpha Vantage listing interval,resolved_cik,True,2,"ranked by active quarter-end evidence, exchange, and plain common-stock symbol",2017|NASDAQ|manufacturing,4679,22,0.0047018594,212.6818181818,20260916
CIK0000764180,AVS64895786696729B2,0000764180,Altria Group Inc,MO,NYSE,2111,manufacturing,2017Q2,1970-01-02,2019-12-31,Alpha Vantage listing interval,resolved_cik,True,1,only eligible resolved security,2017|NYSE|manufacturing,2588,12,0.0046367852,215.6666666667,20260916
CIK0000766829,AVS291BDB69A5F16712,0000766829,H2O America,HTO,NASDAQ,4941,transportation_communications_utilities,2017Q2,1972-06-01,2019-12-31,Alpha Vantage listing interval,resolved_cik,True,1,only eligible resolved security,2017|NASDAQ|transportation_communications_utilities,669,3,0.0044843049,223.0000000000,20260916
CIK0000803164,AVS9439DF9C14E1FBC3,0000803164,Choiceone Financial Services Inc,COFS,NASDAQ,6022,finance_insurance_real_estate,2017Q2,2001-12-31,2019-12-31,Alpha Vantage listing interval,resolved_cik,True,1,only eligible resolved security,2017|NASDAQ|finance_insurance_real_estate,2323,11,0.0047352561,211.1818181818,20260916
CIK0000928054,AVS50660768094DB886,0000928054,Flotek Industries Inc,FTK,NYSE,2890,manufacturing,2017Q2,2005-07-27,2019-12-31,Alpha Vantage listing interval,resolved_cik,True,1,only eligible resolved security,2017|NYSE|manufacturing,2588,12,0.0046367852,215.6666666667,20260916
CIK0001023364,AVS0A3FE462949B9DFF,0001023364,Autobytel Inc,ABTL,NASDAQ,7370,services,2017Q2,1999-03-26,2019-12-31,Alpha Vantage listing interval,resolved_cik,True,3,"ranked by active quarter-end evidence, exchange, and plain common-stock symbol",2017|NASDAQ|services,1949,9,0.0046177527,216.5555555556,20260916
CIK0001046859,AVS82AE95FE89B92C90,0001046859,Remy International Inc,REMY,NASDAQ,3714,manufacturing,2017Q2,2010-03-26,2019-12-31,Alpha Vantage listing interval,resolved_cik,False,1,only eligible resolved security,2017|NASDAQ|manufacturing,4679,22,0.0047018594,212.6818181818,20260916
CIK0001061630,AVS7BFF0725F6511FE4,0001061630,Blackstone Mortgage Trust Inc - Class A,BXMT,NYSE,6798,finance_insurance_real_estate,2017Q2,1987-11-05,2019-12-31,Alpha Vantage listing interval,resolved_cik,True,1,only eligible resolved security,2017|NYSE|finance_insurance_real_estate,2215,10,0.0045146727,221.5000000000,20260916
CIK0001092662,AVS0519BDCFD43C4844,0001092662,Chembio Diagnostics Inc,CEMI,NASDAQ,2834,manufacturing,2017Q2,2004-05-05,2019-12-31,Alpha Vantage listing interval,resolved_cik,True,1,only eligible resolved security,2017|NASDAQ|manufacturing,4679,22,0.0047018594,212.6818181818,20260916
CIK0001094366,AVS9580B7A3191C59AD,0001094366,Radware,RDWR,NASDAQ,7389,services,2017Q2,1999-09-30,2019-12-31,Alpha Vantage listing interval,resolved_cik,True,1,only eligible resolved security,2017|NASDAQ|services,1949,9,0.0046177527,216.5555555556,20260916
CIK0001137789,AVS7508E1A5A014E225,0001137789,Seagate Technology Holdings Plc,STX,NASDAQ,3572,manufacturing,2017Q2,2002-12-11,2019-12-31,Alpha Vantage listing interval,resolved_cik,True,1,only eligible resolved security,2017|NASDAQ|manufacturing,4679,22,0.0047018594,212.6818181818,20260916
CIK0001296774,AVSA39BD2880A6CFBE8,0001296774,The9 Ltd,NCTY,NASDAQ,6199,finance_insurance_real_estate,2017Q2,2004-12-15,2019-12-31,Alpha Vantage listing interval,resolved_cik,True,1,only eligible resolved security,2017|NASDAQ|finance_insurance_real_estate,2323,11,0.0047352561,211.1818181818,20260916
CIK0001482512,AVSD6C4D5A06913783D,0001482512,Hudson Pacific Properties Inc,HPP,NYSE,6500,finance_insurance_real_estate,2017Q2,2010-06-24,2019-12-31,Alpha Vantage listing interval,resolved_cik,True,1,only eligible resolved security,2017|NYSE|finance_insurance_real_estate,2215,10,0.0045146727,221.5000000000,20260916
CIK0001499505,AVS3F905C5305B5D3F8,0001499505,Adecoagro S.A.,AGRO,NYSE,0100,mining,2017Q2,2011-01-28,2019-12-31,Alpha Vantage listing interval,resolved_cik,True,1,only eligible resolved security,2017|NYSE|mining,762,4,0.0052493438,190.5000000000,20260916
CIK0001515980,AVS905244B092FC76D2,0001515980,Apollo Residential Mortgage Inc,AMTG,NYSE,6798,finance_insurance_real_estate,2017Q2,2011-07-21,2019-12-31,Alpha Vantage listing interval,resolved_cik,False,1,only eligible resolved security,2017|NYSE|finance_insurance_real_estate,2215,10,0.0045146727,221.5000000000,20260916
CIK0001549966,AVS21BADFB32A6EDAA9,0001549966,Silvercrest Asset Management Group Inc - Class A,SAMG,NASDAQ,6282,finance_insurance_real_estate,2017Q2,2013-06-27,2019-12-31,Alpha Vantage listing interval,resolved_cik,True,1,only eligible resolved security,2017|NASDAQ|finance_insurance_real_estate,2323,11,0.0047352561,211.1818181818,20260916
CIK0001609711,AVS631887CFAB837FFD,0001609711,Godaddy Inc - Class A,GDDY,NYSE,7373,services,2017Q2,2015-04-01,2019-12-31,Alpha Vantage listing interval,resolved_cik,True,1,only eligible resolved security,2017|NYSE|services,1126,5,0.0044404973,225.2000000000,20260916
CIK0000008858,AVS52AC70361EE51A2B,0000008858,Avnet Inc,AVT,NASDAQ,5065,wholesale_trade,2017Q3,1973-05-03,2019-12-31,Alpha Vantage listing interval,resolved_cik,True,1,only eligible resolved security,2017|NASDAQ|wholesale_trade,225,1,0.0044444444,225.0000000000,20260916
CIK0000027419,AVS611340400342DBA2,0000027419,Target Corp,TGT,NYSE,5331,retail_trade,2017Q3,1983-04-06,2019-12-31,Alpha Vantage listing interval,resolved_cik,True,1,only eligible resolved security,2017|NYSE|retail_trade,416,2,0.0048076923,208.0000000000,20260916
CIK0000031235,AVSF29079992266A800,0000031235,Eastman Kodak Company,KODK,NYSE,3861,manufacturing,2017Q3,2013-09-23,2019-12-31,Alpha Vantage listing interval,resolved_cik,True,1,only eligible resolved security,2017|NYSE|manufacturing,2588,12,0.0046367852,215.6666666667,20260916
CIK0000085974,AVS1BE2C6ABE6EA820D,0000085974,The Ryland Group Inc,RYL,NYSE,1531,construction,2017Q3,1987-12-30,2019-12-31,Alpha Vantage listing interval,resolved_cik,False,1,only eligible resolved security,2017|NYSE|construction,156,1,0.0064102564,156.0000000000,20260916
CIK0000751978,AVSD2CD813F6EAF3E54,0000751978,Vicor Corp,VICR,NASDAQ,3679,manufacturing,2017Q3,1991-11-27,2019-12-31,Alpha Vantage listing interval,resolved_cik,True,1,only eligible resolved security,2017|NASDAQ|manufacturing,4679,22,0.0047018594,212.6818181818,20260916
CIK0000799850,AVSECE90833B443A0D0,0000799850,Americas Car Mart Inc,CRMT,NASDAQ,5500,retail_trade,2017Q3,1993-11-09,2019-12-31,Alpha Vantage listing interval,resolved_cik,True,1,only eligible resolved security,2017|NASDAQ|retail_trade,494,2,0.0040485830,247.0000000000,20260916
CIK0000813762,AVS9F8FEF2AB76F52A3,0000813762,Icahn Enterprises L P,IEP,NASDAQ,2911,manufacturing,2017Q3,1987-07-24,2019-12-31,Alpha Vantage listing interval,resolved_cik,True,1,only eligible resolved security,2017|NASDAQ|manufacturing,4679,22,0.0047018594,212.6818181818,20260916
CIK0000877212,AVSC2B8C519363FC4D8,0000877212,Zebra Technologies Corp - Class A,ZBRA,NASDAQ,3560,manufacturing,2017Q3,1991-08-15,2019-12-31,Alpha Vantage listing interval,resolved_cik,True,1,only eligible resolved security,2017|NASDAQ|manufacturing,4679,22,0.0047018594,212.6818181818,20260916
CIK0000879526,AVS497B1F18BF875E0E,0000879526,Wabash National Corp,WNC,NYSE,3715,manufacturing,2017Q3,1991-11-08,2019-12-31,Alpha Vantage listing interval,resolved_cik,True,1,only eligible resolved security,2017|NYSE|manufacturing,2588,12,0.0046367852,215.6666666667,20260916
CIK0000909791,AVSB33DFE82475919FE,0000909791,Ultratech Inc,UTEK,NASDAQ,3559,manufacturing,2017Q3,1993-09-29,2019-12-31,Alpha Vantage listing interval,resolved_cik,False,1,only eligible resolved security,2017|NASDAQ|manufacturing,4679,22,0.0047018594,212.6818181818,20260916
CIK0001009672,AVS0FE75A7CE4BC38AD,0001009672,CARBO Ceramics Inc,CRR,NYSE,3290,manufacturing,2017Q3,1996-04-23,2019-12-31,Alpha Vantage listing interval,resolved_cik,True,2,"ranked by active quarter-end evidence, exchange, and plain common-stock symbol",2017|NYSE|manufacturing,2588,12,0.0046367852,215.6666666667,20260916
CIK0001023514,AVSC9615F8AD4DD0EED,0001023514,Harmony Gold Mining Co Ltd,HMY,NYSE,1040,mining,2017Q3,1996-09-30,2019-12-31,Alpha Vantage listing interval,resolved_cik,True,1,only eligible resolved security,2017|NYSE|mining,762,4,0.0052493438,190.5000000000,20260916
CIK0001062292,AVS312E5675E4EB25FD,0001062292,XO Group Inc,XOXO,NYSE,5960,retail_trade,2017Q3,1999-12-02,2019-12-31,Alpha Vantage listing interval,resolved_cik,True,2,"ranked by active quarter-end evidence, exchange, and plain common-stock symbol",2017|NYSE|retail_trade,416,2,0.0048076923,208.0000000000,20260916
CIK0001070296,AVS10189C60F2DEA7AB,0001070296,First Capital Inc,FCAP,NASDAQ,6035,finance_insurance_real_estate,2017Q3,1999-01-04,2019-12-31,Alpha Vantage listing interval,resolved_cik,True,1,only eligible resolved security,2017|NASDAQ|finance_insurance_real_estate,2323,11,0.0047352561,211.1818181818,20260916
CIK0001159152,AVS530B182E29E4AAA9,0001159152,James Hardie Industries plc,JHX,NYSE,3272,manufacturing,2017Q3,2000-01-03,2019-12-31,Alpha Vantage listing interval,resolved_cik,True,1,only eligible resolved security,2017|NYSE|manufacturing,2588,12,0.0046367852,215.6666666667,20260916
CIK0001288469,AVSA638D7E0F640912D,0001288469,MaxLinear Inc,MXL,NASDAQ,3674,manufacturing,2017Q3,2010-03-24,2019-12-31,Alpha Vantage listing interval,resolved_cik,True,1,only eligible resolved security,2017|NASDAQ|manufacturing,4679,22,0.0047018594,212.6818181818,20260916
CIK0001371285,AVSB913B1C0174DF670,0001371285,Trupanion Inc,TRUP,NASDAQ,6324,finance_insurance_real_estate,2017Q3,2014-07-18,2019-12-31,Alpha Vantage listing interval,resolved_cik,True,1,only eligible resolved security,2017|NASDAQ|finance_insurance_real_estate,2323,11,0.0047352561,211.1818181818,20260916
CIK0001386278,AVS3C5B74309F0B51C8,0001386278,Green Dot Corp - Class A,GDOT,NYSE,6199,finance_insurance_real_estate,2017Q3,2010-07-22,2019-12-31,Alpha Vantage listing interval,resolved_cik,True,1,only eligible resolved security,2017|NYSE|finance_insurance_real_estate,2215,10,0.0045146727,221.5000000000,20260916
CIK0001469433,AVS168F011BACA8FA4D,0001469433,Ancestry.com Inc,ACOM,NASDAQ,7374,services,2017Q3,2009-11-05,2019-12-31,Alpha Vantage listing interval,resolved_cik,False,1,only eligible resolved security,2017|NASDAQ|services,1949,9,0.0046177527,216.5555555556,20260916
CIK0001629137,AVSBDCD3AB00BE6E52D,0001629137,Global Blood Therapeutics Inc,GBT,NASDAQ,2834,manufacturing,2017Q3,2015-08-12,2019-12-31,Alpha Vantage listing interval,resolved_cik,True,1,only eligible resolved security,2017|NASDAQ|manufacturing,4679,22,0.0047018594,212.6818181818,20260916
CIK0000016160,AVSB1D8014C94F42036,0000016160,Cal-Maine Foods Inc,CALM,NASDAQ,0200,mining,2017Q4,1996-12-12,2019-12-31,Alpha Vantage listing interval,resolved_cik,True,1,only eligible resolved security,2017|NASDAQ|mining,324,2,0.0061728395,162.0000000000,20260916
CIK0000076605,AVS1D1354DEF0050195,0000076605,Patrick Industries Inc,PATK,NASDAQ,3714,manufacturing,2017Q4,1990-03-27,2019-12-31,Alpha Vantage listing interval,resolved_cik,True,1,only eligible resolved security,2017|NASDAQ|manufacturing,4679,22,0.0047018594,212.6818181818,20260916
CIK0000095521,AVS3A4F78C307B33DC5,0000095521,SUPERVALU INC.,SVU,NYSE,5141,wholesale_trade,2017Q4,1985-07-01,2019-12-31,Alpha Vantage listing interval,resolved_cik,True,2,"ranked by active quarter-end evidence, exchange, and plain common-stock symbol",2017|NYSE|wholesale_trade,208,1,0.0048076923,208.0000000000,20260916
CIK0000104897,AVSB859ED8F0EB47574,0000104897,WSI Industries Inc,WSCI,NASDAQ,3540,manufacturing,2017Q4,1990-03-27,2019-12-31,Alpha Vantage listing interval,resolved_cik,True,2,"ranked by active quarter-end evidence, exchange, and plain common-stock symbol",2017|NASDAQ|manufacturing,4679,22,0.0047018594,212.6818181818,20260916
CIK0000350907,AVSF366E41537C95585,0000350907,Thoratec Corp,THOR,NASDAQ,3845,manufacturing,2017Q4,1996-01-02,2019-12-31,Alpha Vantage listing interval,resolved_cik,True,1,only eligible resolved security,2017|NASDAQ|manufacturing,4679,22,0.0047018594,212.6818181818,20260916
CIK0000821483,AVSD55ECE0349FAE845,0000821483,Par Pacific Holdings Inc,PARR,NYSE,1311,mining,2017Q4,2012-09-05,2019-12-31,Alpha Vantage listing interval,resolved_cik,True,1,only eligible resolved security,2017|NYSE|mining,762,4,0.0052493438,190.5000000000,20260916
CIK0000844059,AVS8D85C85457B47D41,0000844059,FRP Holdings Inc,FRPH,NASDAQ,6500,finance_insurance_real_estate,2017Q4,1990-03-26,2019-12-31,Alpha Vantage listing interval,resolved_cik,True,1,only eligible resolved security,2017|NASDAQ|finance_insurance_real_estate,2323,11,0.0047352561,211.1818181818,20260916
CIK0000876167,AVS5C12737DE93A80FD,0000876167,Progress Software Corp,PRGS,NASDAQ,7372,services,2017Q4,1991-08-05,2019-12-31,Alpha Vantage listing interval,resolved_cik,True,1,only eligible resolved security,2017|NASDAQ|services,1949,9,0.0046177527,216.5555555556,20260916
CIK0000879585,AVS99E08A1D0DA4C432,0000879585,ATN International Inc,ATNI,NASDAQ,4813,transportation_communications_utilities,2017Q4,1991-11-14,2019-12-31,Alpha Vantage listing interval,resolved_cik,True,1,only eligible resolved security,2017|NASDAQ|transportation_communications_utilities,669,3,0.0044843049,223.0000000000,20260916
CIK0000890264,AVS518CC91F2CE512C5,0000890264,Exa Corp,EXA,NASDAQ,7372,services,2017Q4,2012-06-28,2019-12-31,Alpha Vantage listing interval,resolved_cik,False,2,"ranked by active quarter-end evidence, exchange, and plain common-stock symbol",2017|NASDAQ|services,1949,9,0.0046177527,216.5555555556,20260916
CIK0000906553,AVSA958ADBC43C522FD,0000906553,Boyd Gaming Corp,BYD,NYSE,7011,services,2017Q4,1993-10-18,2019-12-31,Alpha Vantage listing interval,resolved_cik,True,1,only eligible resolved security,2017|NYSE|services,1126,5,0.0044404973,225.2000000000,20260916
CIK0001010086,AVS7F7AF939748B8636,0001010086,SIGA Technologies Inc,SIGA,NASDAQ,2834,manufacturing,2017Q4,1997-09-10,2019-12-31,Alpha Vantage listing interval,resolved_cik,True,1,only eligible resolved security,2017|NASDAQ|manufacturing,4679,22,0.0047018594,212.6818181818,20260916
CIK0001032208,AVSA53EEA6C6B48BA7C,0001032208,Sempra,SRE,NYSE,4932,transportation_communications_utilities,2017Q4,1998-06-29,2019-12-31,Alpha Vantage listing interval,resolved_cik,True,3,"ranked by active quarter-end evidence, exchange, and plain common-stock symbol",2017|NYSE|transportation_communications_utilities,1090,5,0.0045871560,218.0000000000,20260916
CIK0001092796,AVSCB3FD663AD106539,0001092796,Smith & Wesson Brands Inc,SWBI,NASDAQ,3480,manufacturing,2017Q4,1999-08-17,2019-12-31,Alpha Vantage listing interval,resolved_cik,True,2,"ranked by active quarter-end evidence, exchange, and plain common-stock symbol",2017|NASDAQ|manufacturing,4679,22,0.0047018594,212.6818181818,20260916
CIK0001093557,AVSB783CFB97853DB61,0001093557,Dexcom Inc,DXCM,NASDAQ,3841,manufacturing,2017Q4,2005-04-14,2019-12-31,Alpha Vantage listing interval,resolved_cik,True,1,only eligible resolved security,2017|NASDAQ|manufacturing,4679,22,0.0047018594,212.6818181818,20260916
CIK0001101169,AVS811AD3EB8B325975,0001101169,Viasystems Group Inc,VIAS,NASDAQ,3672,manufacturing,2017Q4,1994-05-27,2019-12-31,Alpha Vantage listing interval,resolved_cik,False,1,only eligible resolved security,2017|NASDAQ|manufacturing,4679,22,0.0047018594,212.6818181818,20260916
CIK0001140098,AVS17FD2C3516E98BEA,0001140098,Ocata Therapeutics Inc,OCAT,NASDAQ,2834,manufacturing,2017Q4,2014-08-27,2019-12-31,Alpha Vantage listing interval,resolved_cik,False,1,only eligible resolved security,2017|NASDAQ|manufacturing,4679,22,0.0047018594,212.6818181818,20260916
CIK0001174850,AVS003A8A54EDC189C5,0001174850,Nicolet Bankshares Inc,NIC,NYSE,6021,finance_insurance_real_estate,2017Q4,2016-01-04,2019-12-31,Alpha Vantage listing interval,resolved_cik,True,1,only eligible resolved security,2017|NYSE|finance_insurance_real_estate,2215,10,0.0045146727,221.5000000000,20260916
CIK0001305294,AVS6B9FFB1937442B84,0001305294,Qlik Technologies Inc,QLIK,NASDAQ,7372,services,2017Q4,2010-07-15,2019-12-31,Alpha Vantage listing interval,resolved_cik,False,1,only eligible resolved security,2017|NASDAQ|services,1949,9,0.0046177527,216.5555555556,20260916
CIK0001346830,AVS8CE4B2B204B5A859,0001346830,Cara Therapeutics Inc,TVRD,NASDAQ,2834,manufacturing,2017Q4,2014-01-31,2019-12-31,Alpha Vantage listing interval,resolved_cik,True,1,only eligible resolved security,2017|NASDAQ|manufacturing,4679,22,0.0047018594,212.6818181818,20260916
CIK0001365135,AVS733A22EBBB4F0380,0001365135,Western Union Company,WU,NYSE,7389,services,2017Q4,2006-10-02,2019-12-31,Alpha Vantage listing interval,resolved_cik,True,1,only eligible resolved security,2017|NYSE|services,1126,5,0.0044404973,225.2000000000,20260916
CIK0001389170,AVS82DAB6FFBA630E17,0001389170,Targa Resources Corp,TRGP,NYSE,4922,transportation_communications_utilities,2017Q4,2010-12-07,2019-12-31,Alpha Vantage listing interval,resolved_cik,True,1,only eligible resolved security,2017|NYSE|transportation_communications_utilities,1090,5,0.0045871560,218.0000000000,20260916
CIK0001403385,AVSA939B6567BCBB20F,0001403385,Symetra Financial Corp,SYA,NYSE,6311,finance_insurance_real_estate,2017Q4,2010-01-22,2019-12-31,Alpha Vantage listing interval,resolved_cik,False,1,only eligible resolved security,2017|NYSE|finance_insurance_real_estate,2215,10,0.0045146727,221.5000000000,20260916
CIK0001472595,AVS79C7CD446965594D,0001472595,R1 RCM Inc,RCM,NASDAQ,8741,services,2017Q4,2016-01-04,2019-12-31,Alpha Vantage listing interval,resolved_cik,True,1,only eligible resolved security,2017|NASDAQ|services,1949,9,0.0046177527,216.5555555556,20260916
CIK0001552797,AVS125C07F8126FEC6A,0001552797,Delek Logistics Partners LP,DKL,NYSE,4610,transportation_communications_utilities,2017Q4,2012-11-02,2019-12-31,Alpha Vantage listing interval,resolved_cik,True,1,only eligible resolved security,2017|NYSE|transportation_communications_utilities,1090,5,0.0045871560,218.0000000000,20260916
CIK0001596993,AVS2225026BED54BA60,0001596993,Dorian LPG Ltd,LPG,NYSE,4412,transportation_communications_utilities,2017Q4,2014-05-08,2019-12-31,Alpha Vantage listing interval,resolved_cik,True,1,only eligible resolved security,2017|NYSE|transportation_communications_utilities,1090,5,0.0045871560,218.0000000000,20260916
CIK0001611547,AVS8E150EA78E1CCC92,0001611547,Urban Edge Properties,UE,NYSE,6500,finance_insurance_real_estate,2017Q4,2015-01-16,2019-12-31,Alpha Vantage listing interval,resolved_cik,True,1,only eligible resolved security,2017|NYSE|finance_insurance_real_estate,2215,10,0.0045146727,221.5000000000,20260916
CIK0000008858,AVS52AC70361EE51A2B,0000008858,Avnet Inc,AVT,NASDAQ,5065,wholesale_trade,2018Q1,1973-05-03,2019-12-31,Alpha Vantage listing interval,resolved_cik,True,1,only eligible resolved security,2018|NASDAQ|wholesale_trade,228,1,0.0043859649,228.0000000000,20260916
CIK0000039648,AVS7E177FF7B107C315,0000039648,G&K Services Inc,GK,NASDAQ,7200,services,2018Q1,1990-03-26,2019-12-31,Alpha Vantage listing interval,resolved_cik,False,1,only eligible resolved security,2018|NASDAQ|services,2088,10,0.0047892720,208.8000000000,20260916
CIK0000050104,AVS38855C91B5FE5B95,0000050104,Andeavor Corp,ANDV,NYSE,2911,manufacturing,2018Q1,1983-04-06,2019-12-31,Alpha Vantage listing interval,resolved_cik,True,2,"ranked by active quarter-end evidence, exchange, and plain common-stock symbol",2018|NYSE|manufacturing,2657,12,0.0045163718,221.4166666667,20260916
CIK0000064996,AVSB75BBA06D7198F25,0000064996,Mercury General Corp,MCY,NYSE,6331,finance_insurance_real_estate,2018Q1,1990-03-26,2019-12-31,Alpha Vantage listing interval,resolved_cik,True,1,only eligible resolved security,2018|NYSE|finance_insurance_real_estate,2287,11,0.0048097945,207.9090909091,20260916
CIK0000090896,AVSA9E6375D655599A2,0000090896,Skyline Champion Corp,SKY,NYSE,2451,manufacturing,2018Q1,1981-12-31,2019-12-31,Alpha Vantage listing interval,resolved_cik,True,1,only eligible resolved security,2018|NYSE|manufacturing,2657,12,0.0045163718,221.4166666667,20260916
CIK0000094344,AVS8BFB8747B4D10BC1,0000094344,Stewart Information Services Corp,STC,NYSE,6361,finance_insurance_real_estate,2018Q1,1990-03-28,2019-12-31,Alpha Vantage listing interval,resolved_cik,True,1,only eligible resolved security,2018|NYSE|finance_insurance_real_estate,2287,11,0.0048097945,207.9090909091,20260916
CIK0000357097,AVS24A16A531933A24A,0000357097,Fibrocell Science Inc,FCSC,NASDAQ,2834,manufacturing,2018Q1,2009-10-21,2019-12-31,Alpha Vantage listing interval,resolved_cik,True,2,"ranked by active quarter-end evidence, exchange, and plain common-stock symbol",2018|NASDAQ|manufacturing,5023,23,0.0045789369,218.3913043478,20260916
CIK0000750199,AVS6621875DD00C1A86,0000750199,EPL Oil & Gas Inc,EPL,NYSE,1311,mining,2018Q1,2009-09-23,2019-12-31,Alpha Vantage listing interval,resolved_cik,False,1,only eligible resolved security,2018|NYSE|mining,807,4,0.0049566295,201.7500000000,20260916
CIK0000765207,AVS1C89FC79DECA81DC,0000765207,First Bancorp Inc (ME),FNLC,NASDAQ,6021,finance_insurance_real_estate,2018Q1,1999-07-14,2019-12-31,Alpha Vantage listing interval,resolved_cik,True,1,only eligible resolved security,2018|NASDAQ|finance_insurance_real_estate,2441,11,0.0045063499,221.9090909091,20260916
CIK0000844150,AVSBD2D090D1A99AC59,0000844150,NatWest Group Plc,NWG,NYSE,6029,finance_insurance_real_estate,2018Q1,2007-10-18,2019-12-31,Alpha Vantage listing interval,resolved_cik,True,1,only eligible resolved security,2018|NYSE|finance_insurance_real_estate,2287,11,0.0048097945,207.9090909091,20260916
CIK0000882154,AVS2005E8D76F745072,0000882154,PowerSecure International Inc,POWR,NYSE,7389,services,2018Q1,2008-01-14,2019-12-31,Alpha Vantage listing interval,resolved_cik,False,1,only eligible resolved security,2018|NYSE|services,1191,6,0.0050377834,198.5000000000,20260916
CIK0000887596,AVSB1CCA693DCFF7802,0000887596,Cheesecake Factory Inc,CAKE,NASDAQ,5812,retail_trade,2018Q1,1992-09-18,2019-12-31,Alpha Vantage listing interval,resolved_cik,True,1,only eligible resolved security,2018|NASDAQ|retail_trade,517,2,0.0038684720,258.5000000000,20260916
CIK0000906193,AVS00428349FA6436FE,0000906193,Key Technology Inc,KTEC,NASDAQ,3550,manufacturing,2018Q1,1993-12-17,2018-03-21,Alpha Vantage listing interval,resolved_cik,False,2,"ranked by active quarter-end evidence, exchange, and plain common-stock symbol",2018|NASDAQ|manufacturing,5023,23,0.0045789369,218.3913043478,20260916
CIK0000945114,AVSC28339D606C9418A,0000945114,Global Industrial Company,GIC,NYSE,5084,wholesale_trade,2018Q1,1995-06-27,2019-12-31,Alpha Vantage listing interval,resolved_cik,True,1,only eligible resolved security,2018|NYSE|wholesale_trade,209,1,0.0047846890,209.0000000000,20260916
CIK0001004724,AVSBCB9F5B5306F4C15,0001004724,AdCare Health Systems Inc,ADK,NYSE,6519,finance_insurance_real_estate,2018Q1,2006-12-21,2019-12-31,Alpha Vantage listing interval,resolved_cik,False,1,only eligible resolved security,2018|NYSE|finance_insurance_real_estate,2287,11,0.0048097945,207.9090909091,20260916
CIK0001016169,AVSAF64DCA91CC2FAAC,0001016169,Antares Pharma Inc,ATRS,NASDAQ,3841,manufacturing,2018Q1,1996-10-03,2019-12-31,Alpha Vantage listing interval,resolved_cik,True,1,only eligible resolved security,2018|NASDAQ|manufacturing,5023,23,0.0045789369,218.3913043478,20260916
CIK0001018840,AVS9145A9AEA1B3AC56,0001018840,Abercrombie & Fitch Co. - Class A,ANF,NYSE,5651,retail_trade,2018Q1,1996-09-26,2019-12-31,Alpha Vantage listing interval,resolved_cik,True,1,only eligible resolved security,2018|NYSE|retail_trade,423,2,0.0047281324,211.5000000000,20260916
CIK0001070412,AVS673ED56A33179946,0001070412,CNX Resources Corp,CNX,NYSE,1311,mining,2018Q1,1999-04-30,2019-12-31,Alpha Vantage listing interval,resolved_cik,True,1,only eligible resolved security,2018|NYSE|mining,807,4,0.0049566295,201.7500000000,20260916
CIK0001102287,AVS2AD1C6404A30CE49,0001102287,PremierWest Bancorp,PRWT,NASDAQ,6021,finance_insurance_real_estate,2018Q1,2006-12-28,2019-12-31,Alpha Vantage listing interval,resolved_cik,False,1,only eligible resolved security,2018|NASDAQ|finance_insurance_real_estate,2441,11,0.0045063499,221.9090909091,20260916
CIK0001117297,AVS7B55C44031DEF333,0001117297,QuinStreet Inc,QNST,NASDAQ,7389,services,2018Q1,2010-02-11,2019-12-31,Alpha Vantage listing interval,resolved_cik,True,1,only eligible resolved security,2018|NASDAQ|services,2088,10,0.0047892720,208.8000000000,20260916
CIK0001120193,AVSD4895110479A7CBD,0001120193,Nasdaq Inc - 144A,NDAQ,NASDAQ,6200,finance_insurance_real_estate,2018Q1,2002-07-01,2019-12-31,Alpha Vantage listing interval,resolved_cik,True,2,"ranked by active quarter-end evidence, exchange, and plain common-stock symbol",2018|NASDAQ|finance_insurance_real_estate,2441,11,0.0045063499,221.9090909091,20260916
CIK0001133311,AVS04F1C8603D2A318A,0001133311,Travelzoo,TZOO,NASDAQ,7310,services,2018Q1,2002-08-28,2019-12-31,Alpha Vantage listing interval,resolved_cik,True,1,only eligible resolved security,2018|NASDAQ|services,2088,10,0.0047892720,208.8000000000,20260916
CIK0001303313,AVS8A9DBA199B2E8ED6,0001303313,LHC Group Inc,LHCG,NASDAQ,8082,services,2018Q1,2005-06-09,2019-12-31,Alpha Vantage listing interval,resolved_cik,True,1,only eligible resolved security,2018|NASDAQ|services,2088,10,0.0047892720,208.8000000000,20260916
CIK0001407739,AVS3C124F4E4757410D,0001407739,DuPont Fabros Technology Inc,DFT,NYSE,6500,finance_insurance_real_estate,2018Q1,2007-10-19,2019-12-31,Alpha Vantage listing interval,resolved_cik,False,1,only eligible resolved security,2018|NYSE|finance_insurance_real_estate,2287,11,0.0048097945,207.9090909091,20260916
CIK0001446159,AVS0322A68C217AD5CE,0001446159,Axe Compute Inc,AGPU,NASDAQ,6199,finance_insurance_real_estate,2018Q1,2018-01-29,2019-12-31,Alpha Vantage listing interval,resolved_cik,True,3,"ranked by active quarter-end evidence, exchange, and plain common-stock symbol",2018|NASDAQ|finance_insurance_real_estate,2441,11,0.0045063499,221.9090909091,20260916
CIK0001476651,AVS5FE0FF356CDA2D46,0001476651,FCB Financial Holdings Inc,FCB,NYSE,6021,finance_insurance_real_estate,2018Q1,2014-08-01,2019-12-31,Alpha Vantage listing interval,resolved_cik,True,2,"ranked by active quarter-end evidence, exchange, and plain common-stock symbol",2018|NYSE|finance_insurance_real_estate,2287,11,0.0048097945,207.9090909091,20260916
CIK0001526952,AVS4B20A2266BA1E648,0001526952,Wellesley Bancorp Inc,WEBK,NASDAQ,6036,finance_insurance_real_estate,2018Q1,2012-01-26,2019-12-31,Alpha Vantage listing interval,resolved_cik,True,1,only eligible resolved security,2018|NASDAQ|finance_insurance_real_estate,2441,11,0.0045063499,221.9090909091,20260916
CIK0001529377,AVSD0966AA24549B419,0001529377,Ares Commercial Real Estate Corp,ACRE,NYSE,6798,finance_insurance_real_estate,2018Q1,2012-04-27,2019-12-31,Alpha Vantage listing interval,resolved_cik,True,1,only eligible resolved security,2018|NYSE|finance_insurance_real_estate,2287,11,0.0048097945,207.9090909091,20260916
CIK0001584547,AVSE386FD3F9AA5F005,0001584547,GreenPower Motor Company Inc,GP,NASDAQ,3713,manufacturing,2018Q1,2015-02-10,2019-12-31,Alpha Vantage listing interval,resolved_cik,True,1,only eligible resolved security,2018|NASDAQ|manufacturing,5023,23,0.0045789369,218.3913043478,20260916
CIK0001597553,AVS21D112B5F6975287,0001597553,Sage Therapeutics Inc,SAGE,NASDAQ,2834,manufacturing,2018Q1,2014-07-18,2019-12-31,Alpha Vantage listing interval,resolved_cik,True,1,only eligible resolved security,2018|NASDAQ|manufacturing,5023,23,0.0045789369,218.3913043478,20260916
CIK0001603145,AVS2FB71B7618534E97,0001603145,NextEra Energy Partners LP,XIFR,NYSE,4911,transportation_communications_utilities,2018Q1,2014-06-27,2019-12-31,Alpha Vantage listing interval,resolved_cik,True,1,only eligible resolved security,2018|NYSE|transportation_communications_utilities,1116,5,0.0044802867,223.2000000000,20260916
CIK0001604191,AVS8868AAB3FDE5EE33,0001604191,Entero Therapeutics Inc,GRDX,NASDAQ,4931,transportation_communications_utilities,2018Q1,2016-10-11,2019-12-31,Alpha Vantage listing interval,resolved_cik,True,1,only eligible resolved security,2018|NASDAQ|transportation_communications_utilities,699,3,0.0042918455,233.0000000000,20260916
CIK0001637207,AVS8135ABF3511F2A54,0001637207,Planet Fitness Inc - Class A,PLNT,NYSE,7997,services,2018Q1,2015-08-06,2019-12-31,Alpha Vantage listing interval,resolved_cik,True,1,only eligible resolved security,2018|NYSE|services,1191,6,0.0050377834,198.5000000000,20260916
CIK0001643303,AVSAA02B252AD76F3B5,0001643303,Nano Dimension Ltd,NNDM,NASDAQ,3672,manufacturing,2018Q1,2016-01-07,2019-12-31,Alpha Vantage listing interval,resolved_cik,True,1,only eligible resolved security,2018|NASDAQ|manufacturing,5023,23,0.0045789369,218.3913043478,20260916
CIK0001726173,AVS8436AB39C565D4C1,0001726173,Biglari Holdings Inc - Class B,BH,NYSE,5812,retail_trade,2018Q1,1992-02-25,2019-12-31,Alpha Vantage listing interval,resolved_cik,True,1,only eligible resolved security,2018|NYSE|retail_trade,423,2,0.0047281324,211.5000000000,20260916
CIK0001744489,AVSA442164E78DCCA91,0001744489,Walt Disney Co (The),DIS,NYSE,7990,services,2018Q1,1962-01-02,2019-12-31,Alpha Vantage listing interval,resolved_cik,True,1,only eligible resolved security,2018|NYSE|services,1191,6,0.0050377834,198.5000000000,20260916
CIK0000003982,AVS214BE90194BF210D,0000003982,Allis Chalmers Energy Inc,ALY,NYSE,1389,mining,2018Q2,2007-03-22,2019-12-31,Alpha Vantage listing interval,resolved_cik,False,1,only eligible resolved security,2018|NYSE|mining,807,4,0.0049566295,201.7500000000,20260916
CIK0000037472,AVSC5CAED57C4E4C331,0000037472,Flexsteel Industries Inc,FLXS,NASDAQ,2510,manufacturing,2018Q2,1992-02-25,2019-12-31,Alpha Vantage listing interval,resolved_cik,True,1,only eligible resolved security,2018|NASDAQ|manufacturing,5023,23,0.0045789369,218.3913043478,20260916
CIK0000774569,AVS037A5E5BA97CBFFC,0000774569,Cortland Bancorp,CLDB,NASDAQ,6035,finance_insurance_real_estate,2018Q2,2001-01-02,2019-12-31,Alpha Vantage listing interval,resolved_cik,True,1,only eligible resolved security,2018|NASDAQ|finance_insurance_real_estate,2441,11,0.0045063499,221.9090909091,20260916
CIK0000828944,AVS667CE3B7D68BD076,0000828944,WSFS Financial Corp,WSFS,NASDAQ,6021,finance_insurance_real_estate,2018Q2,1990-03-26,2019-12-31,Alpha Vantage listing interval,resolved_cik,True,2,"ranked by active quarter-end evidence, exchange, and plain common-stock symbol",2018|NASDAQ|finance_insurance_real_estate,2441,11,0.0045063499,221.9090909091,20260916
CIK0000948320,AVS8434D80ED6EFAC82,0000948320,LifeMD Inc,LFMD,NASDAQ,8011,services,2018Q2,2001-01-02,2019-12-31,Alpha Vantage listing interval,resolved_cik,True,1,only eligible resolved security,2018|NASDAQ|services,2088,10,0.0047892720,208.8000000000,20260916
CIK0001011570,AVS4294FE191D0AEE7F,0001011570,Knoll Inc,KNL,NYSE,2590,manufacturing,2018Q2,2004-12-14,2019-12-31,Alpha Vantage listing interval,resolved_cik,True,1,only eligible resolved security,2018|NYSE|manufacturing,2657,12,0.0045163718,221.4166666667,20260916
CIK0001024305,AVS220C38EC5107BF21,0001024305,Coty Inc - Class A,COTY,NYSE,2844,manufacturing,2018Q2,2013-06-13,2019-12-31,Alpha Vantage listing interval,resolved_cik,True,1,only eligible resolved security,2018|NYSE|manufacturing,2657,12,0.0045163718,221.4166666667,20260916
CIK0001060391,AVSD0678CCFA2F449A8,0001060391,Republic Services Inc,RSG,NYSE,4953,transportation_communications_utilities,2018Q2,1998-07-01,2019-12-31,Alpha Vantage listing interval,resolved_cik,True,1,only eligible resolved security,2018|NYSE|transportation_communications_utilities,1116,5,0.0044802867,223.2000000000,20260916
CIK0001090061,AVS71CCDF461415040C,0001090061,OMNOVA Solutions Inc,OMN,NYSE,3060,manufacturing,2018Q2,1999-09-27,2019-12-31,Alpha Vantage listing interval,resolved_cik,True,1,only eligible resolved security,2018|NYSE|manufacturing,2657,12,0.0045163718,221.4166666667,20260916
CIK0001165231,AVSDFCC513E17FA279C,0001165231,Procera Networks Inc,PKT,NASDAQ,7371,services,2018Q2,2003-06-26,2019-12-31,Alpha Vantage listing interval,resolved_cik,False,1,only eligible resolved security,2018|NASDAQ|services,2088,10,0.0047892720,208.8000000000,20260916
CIK0001323885,AVS0FB44FA7737150A9,0001323885,Atricure Inc,ATRC,NASDAQ,3841,manufacturing,2018Q2,2005-08-05,2019-12-31,Alpha Vantage listing interval,resolved_cik,True,1,only eligible resolved security,2018|NASDAQ|manufacturing,5023,23,0.0045789369,218.3913043478,20260916
CIK0001340786,AVSB45466926FACE4EE,0001340786,Fuel Systems Solutions Inc,FSYS,NASDAQ,3714,manufacturing,2018Q2,2001-01-02,2019-12-31,Alpha Vantage listing interval,resolved_cik,False,1,only eligible resolved security,2018|NASDAQ|manufacturing,5023,23,0.0045789369,218.3913043478,20260916
CIK0001370053,AVS9CBAB319A8F3C671,0001370053,AnaptysBio Inc,ANAB,NASDAQ,2834,manufacturing,2018Q2,2017-01-26,2019-12-31,Alpha Vantage listing interval,resolved_cik,True,1,only eligible resolved security,2018|NASDAQ|manufacturing,5023,23,0.0045789369,218.3913043478,20260916
CIK0001370637,AVSFBCD81047D53D58F,0001370637,Etsy Inc,ETSY,NYSE,7389,services,2018Q2,2015-04-16,2019-12-31,Alpha Vantage listing interval,resolved_cik,True,1,only eligible resolved security,2018|NYSE|services,1191,6,0.0050377834,198.5000000000,20260916
CIK0001397516,AVS2530F3F770F1437B,0001397516,Rex Energy Corp,REXX,NASDAQ,1311,mining,2018Q2,2007-07-25,2018-05-21,Alpha Vantage listing interval,resolved_cik,False,2,"ranked by active quarter-end evidence, exchange, and plain common-stock symbol",2018|NASDAQ|mining,343,2,0.0058309038,171.5000000000,20260916
CIK0001434588,AVS5841B3BE26A0BC55,0001434588,Grand Canyon Education Inc,LOPE,NASDAQ,8200,services,2018Q2,2008-11-20,2019-12-31,Alpha Vantage listing interval,resolved_cik,True,1,only eligible resolved security,2018|NASDAQ|services,2088,10,0.0047892720,208.8000000000,20260916
CIK0001499807,AVSFE324BF45CE0CEFA,0001499807,K2M Group Holdings Inc,KTWO,NASDAQ,3841,manufacturing,2018Q2,2014-05-08,2019-12-31,Alpha Vantage listing interval,resolved_cik,True,2,"ranked by active quarter-end evidence, exchange, and plain common-stock symbol",2018|NASDAQ|manufacturing,5023,23,0.0045789369,218.3913043478,20260916
CIK0001552198,AVS638767B40AB3C9F7,0001552198,WhiteHorse Finance Inc,WHF,NASDAQ,,unknown,2018Q2,2012-12-06,2019-12-31,Alpha Vantage listing interval,resolved_cik,True,1,only eligible resolved security,2018|NASDAQ|unknown,150,1,0.0066666667,150.0000000000,20260916
CIK0001601046,AVS953BA1B516BAA49C,0001601046,Keysight Technologies Inc,KEYS,NYSE,3823,manufacturing,2018Q2,2014-10-20,2019-12-31,Alpha Vantage listing interval,resolved_cik,True,1,only eligible resolved security,2018|NYSE|manufacturing,2657,12,0.0045163718,221.4166666667,20260916
CIK0001714174,AVS178C6AF4EA1DD5B0,0001714174,Burford Capital Ltd,BUR,NYSE,6199,finance_insurance_real_estate,2018Q2,2015-04-01,2019-12-31,Alpha Vantage listing interval,resolved_cik,True,2,"ranked by active quarter-end evidence, exchange, and plain common-stock symbol",2018|NYSE|finance_insurance_real_estate,2287,11,0.0048097945,207.9090909091,20260916
CIK0000835324,AVSF6554F104767C1F6,0000835324,Stock Yards Bancorp Inc,SYBT,NASDAQ,6022,finance_insurance_real_estate,2018Q3,1993-03-26,2019-12-31,Alpha Vantage listing interval,resolved_cik,True,1,only eligible resolved security,2018|NASDAQ|finance_insurance_real_estate,2441,11,0.0045063499,221.9090909091,20260916
CIK0000883569,AVS8CC351FFFE0135D2,0000883569,Fossil Group Inc,FOSL,NASDAQ,3873,manufacturing,2018Q3,1993-04-08,2019-12-31,Alpha Vantage listing interval,resolved_cik,True,1,only eligible resolved security,2018|NASDAQ|manufacturing,5023,23,0.0045789369,218.3913043478,20260916
CIK0000896726,AVS0D4C5251AFAB5B90,0000896726,GeoGlobal Resources Inc,GGLR,NYSE,1381,mining,2018Q3,1998-12-31,2019-12-31,Alpha Vantage listing interval,resolved_cik,True,2,"ranked by active quarter-end evidence, exchange, and plain common-stock symbol",2018|NYSE|mining,807,4,0.0049566295,201.7500000000,20260916
CIK0000906163,AVS5101B67014E20244,0000906163,NVR Inc,NVR,NYSE,1531,construction,2018Q3,1985-07-22,2019-12-31,Alpha Vantage listing interval,resolved_cik,True,1,only eligible resolved security,2018|NYSE|construction,156,1,0.0064102564,156.0000000000,20260916
CIK0000915913,AVSF3FFAEB684B8B010,0000915913,Albemarle Corp,ALB,NYSE,2821,manufacturing,2018Q3,1994-02-22,2019-12-31,Alpha Vantage listing interval,resolved_cik,True,1,only eligible resolved security,2018|NYSE|manufacturing,2657,12,0.0045163718,221.4166666667,20260916
CIK0000916907,AVS4FE5AF23A75EC874,0000916907,Southern Missouri Bancorp Inc,SMBC,NASDAQ,6036,finance_insurance_real_estate,2018Q3,1994-04-12,2019-12-31,Alpha Vantage listing interval,resolved_cik,True,1,only eligible resolved security,2018|NASDAQ|finance_insurance_real_estate,2441,11,0.0045063499,221.9090909091,20260916
CIK0000920424,AVS66CC6E0D18C92DFE,0000920424,Investment Technology Group,ITG,NYSE,6211,finance_insurance_real_estate,2018Q3,1994-05-04,2019-12-31,Alpha Vantage listing interval,resolved_cik,True,1,only eligible resolved security,2018|NYSE|finance_insurance_real_estate,2287,11,0.0048097945,207.9090909091,20260916
CIK0001110805,AVS5035BD32A04678EC,0001110805,Nustar Energy L P,NS,NYSE,4610,transportation_communications_utilities,2018Q3,2001-04-10,2019-12-31,Alpha Vantage listing interval,resolved_cik,True,4,"ranked by active quarter-end evidence, exchange, and plain common-stock symbol",2018|NYSE|transportation_communications_utilities,1116,5,0.0044802867,223.2000000000,20260916
CIK0001159152,AVS530B182E29E4AAA9,0001159152,James Hardie Industries plc,JHX,NYSE,3272,manufacturing,2018Q3,2000-01-03,2019-12-31,Alpha Vantage listing interval,resolved_cik,True,1,only eligible resolved security,2018|NYSE|manufacturing,2657,12,0.0045163718,221.4166666667,20260916
CIK0001297989,AVS8259E02C7C7EC723,0001297989,ExlService Holdings Inc,EXLS,NASDAQ,7389,services,2018Q3,2006-10-20,2019-12-31,Alpha Vantage listing interval,resolved_cik,True,1,only eligible resolved security,2018|NASDAQ|services,2088,10,0.0047892720,208.8000000000,20260916
CIK0001311596,AVS3DED721E54956BE3,0001311596,Tobira Therapeutics Inc,TBRA,NASDAQ,2834,manufacturing,2018Q3,2016-01-04,2019-12-31,Alpha Vantage listing interval,resolved_cik,False,2,"ranked by active quarter-end evidence, exchange, and plain common-stock symbol",2018|NASDAQ|manufacturing,5023,23,0.0045789369,218.3913043478,20260916
CIK0001333763,AVS5DC9485E0E33BC90,0001333763,Chelsea Therapeutics International Ltd,CHTP,NASDAQ,2836,manufacturing,2018Q3,2005-11-10,2019-12-31,Alpha Vantage listing interval,resolved_cik,False,1,only eligible resolved security,2018|NASDAQ|manufacturing,5023,23,0.0045789369,218.3913043478,20260916
CIK0001567900,AVSA9A0B7C58F113927,0001567900,REalloys Inc,ALOY,NASDAQ,1000,mining,2018Q3,2016-01-21,2019-12-31,Alpha Vantage listing interval,resolved_cik,True,1,only eligible resolved security,2018|NASDAQ|mining,343,2,0.0058309038,171.5000000000,20260916
CIK0001590418,AVSED9E0494AA4723BE,0001590418,Focus Universal Inc,FCUV,NASDAQ,3823,manufacturing,2018Q3,2017-09-27,2019-12-31,Alpha Vantage listing interval,resolved_cik,True,1,only eligible resolved security,2018|NASDAQ|manufacturing,5023,23,0.0045789369,218.3913043478,20260916
CIK0000276720,AVS09E237A0FFD78A94,0000276720,Pure Cycle Corp,PCYO,NASDAQ,4941,transportation_communications_utilities,2018Q4,1997-01-02,2019-12-31,Alpha Vantage listing interval,resolved_cik,True,1,only eligible resolved security,2018|NASDAQ|transportation_communications_utilities,699,3,0.0042918455,233.0000000000,20260916
CIK0000711669,AVSDB51C807BE357FA6,0000711669,Colony Bankcorp Inc,CBAN,NYSE,6022,finance_insurance_real_estate,2018Q4,1998-04-02,2019-12-31,Alpha Vantage listing interval,resolved_cik,True,1,only eligible resolved security,2018|NYSE|finance_insurance_real_estate,2287,11,0.0048097945,207.9090909091,20260916
CIK0000778734,AVSC37F581AE48313D5,0000778734,Measurement Specialties Inc,MEAS,NASDAQ,3829,manufacturing,2018Q4,1993-04-26,2019-12-31,Alpha Vantage listing interval,resolved_cik,False,1,only eligible resolved security,2018|NASDAQ|manufacturing,5023,23,0.0045789369,218.3913043478,20260916
CIK0000824142,AVSA585E5716861F87A,0000824142,AAON Inc,AAON,NASDAQ,3585,manufacturing,2018Q4,1992-12-16,2019-12-31,Alpha Vantage listing interval,resolved_cik,True,1,only eligible resolved security,2018|NASDAQ|manufacturing,5023,23,0.0045789369,218.3913043478,20260916
CIK0000910631,AVS90E65A6BEF2C9745,0000910631,Coca-Cola Femsa S.A.B. DE C.V.,KOF,NYSE,2086,manufacturing,2018Q4,1993-09-14,2019-12-31,Alpha Vantage listing interval,resolved_cik,True,1,only eligible resolved security,2018|NYSE|manufacturing,2657,12,0.0045163718,221.4166666667,20260916
CIK0001016470,AVS1269FA153F650ABE,0001016470,SRS Labs Inc,SRSL,NASDAQ,6794,finance_insurance_real_estate,2018Q4,1996-09-09,2019-12-31,Alpha Vantage listing interval,resolved_cik,False,1,only eligible resolved security,2018|NASDAQ|finance_insurance_real_estate,2441,11,0.0045063499,221.9090909091,20260916
CIK0001041803,AVSCCBB4FC00268B699,0001041803,Pricesmart Inc,PSMT,NASDAQ,5331,retail_trade,2018Q4,1997-09-02,2019-12-31,Alpha Vantage listing interval,resolved_cik,True,1,only eligible resolved security,2018|NASDAQ|retail_trade,517,2,0.0038684720,258.5000000000,20260916
CIK0001089143,AVS17C80D6F88BBCCE3,0001089143,Collectors Universe Inc,CLCT,NASDAQ,7389,services,2018Q4,1999-11-05,2019-12-31,Alpha Vantage listing interval,resolved_cik,True,1,only eligible resolved security,2018|NASDAQ|services,2088,10,0.0047892720,208.8000000000,20260916
CIK0001092914,AVS78B73EA7D766B7A2,0001092914,Atlas Pipeline Partners LP,APL,NYSE,4922,transportation_communications_utilities,2018Q4,2000-01-28,2019-12-31,Alpha Vantage listing interval,resolved_cik,False,1,only eligible resolved security,2018|NYSE|transportation_communications_utilities,1116,5,0.0044802867,223.2000000000,20260916
CIK0001113169,AVSF75E69A5D8B77564,0001113169,T. Rowe Price Group Inc,TROW,NASDAQ,6282,finance_insurance_real_estate,2018Q4,1989-09-13,2019-12-31,Alpha Vantage listing interval,resolved_cik,True,1,only eligible resolved security,2018|NASDAQ|finance_insurance_real_estate,2441,11,0.0045063499,221.9090909091,20260916
CIK0001135906,AVSFE665D9BCF7ED154,0001135906,EPIRUS Biopharmaceuticals Inc,EPRS,NASDAQ,2834,manufacturing,2018Q4,2016-01-04,2019-12-31,Alpha Vantage listing interval,resolved_cik,False,1,only eligible resolved security,2018|NASDAQ|manufacturing,5023,23,0.0045789369,218.3913043478,20260916
CIK0001285550,AVSFFBFF57BC633EF28,0001285550,MRI Interventions Inc,CLPT,NYSE,3841,manufacturing,2018Q4,2012-05-22,2019-12-31,Alpha Vantage listing interval,resolved_cik,True,2,"ranked by active quarter-end evidence, exchange, and plain common-stock symbol",2018|NYSE|manufacturing,2657,12,0.0045163718,221.4166666667,20260916
CIK0001302350,AVS1169172AF22A4CA5,0001302350,JMP Group LLC,JMP,NYSE,6211,finance_insurance_real_estate,2018Q4,2007-05-11,2019-12-31,Alpha Vantage listing interval,resolved_cik,True,4,"ranked by active quarter-end evidence, exchange, and plain common-stock symbol",2018|NYSE|finance_insurance_real_estate,2287,11,0.0048097945,207.9090909091,20260916
CIK0001340786,AVSB45466926FACE4EE,0001340786,Fuel Systems Solutions Inc,FSYS,NASDAQ,3714,manufacturing,2018Q4,2001-01-02,2019-12-31,Alpha Vantage listing interval,resolved_cik,False,1,only eligible resolved security,2018|NASDAQ|manufacturing,5023,23,0.0045789369,218.3913043478,20260916
CIK0001351636,AVS92B240C5BAFC41E2,0001351636,SoundThinking Inc,SSTI,NASDAQ,7372,services,2018Q4,2017-06-07,2019-12-31,Alpha Vantage listing interval,resolved_cik,True,1,only eligible resolved security,2018|NASDAQ|services,2088,10,0.0047892720,208.8000000000,20260916
CIK0001468748,AVS2EFCFB2D17C07A10,0001468748,Kodiak Sciences Inc,KOD,NASDAQ,2836,manufacturing,2018Q4,2018-10-04,2019-12-31,Alpha Vantage listing interval,resolved_cik,True,1,only eligible resolved security,2018|NASDAQ|manufacturing,5023,23,0.0045789369,218.3913043478,20260916
CIK0001489993,AVS578974C62C0D36FC,0001489993,Skymobi Ltd ADR,MOBI,NASDAQ,3841,manufacturing,2018Q4,2010-12-09,2019-12-31,Alpha Vantage listing interval,resolved_cik,False,1,only eligible resolved security,2018|NASDAQ|manufacturing,5023,23,0.0045789369,218.3913043478,20260916
CIK0001533526,AVS9998F2E9D98F5FCF,0001533526,Global Brass and Copper Holdings Inc,BRSS,NYSE,3350,manufacturing,2018Q4,2013-05-23,2019-12-31,Alpha Vantage listing interval,resolved_cik,True,2,"ranked by active quarter-end evidence, exchange, and plain common-stock symbol",2018|NYSE|manufacturing,2657,12,0.0045163718,221.4166666667,20260916
CIK0001533932,AVS9215F9656DE102DC,0001533932,Vantiv Inc,VNTV,NYSE,7389,services,2018Q4,2012-03-22,2019-12-31,Alpha Vantage listing interval,resolved_cik,False,1,only eligible resolved security,2018|NYSE|services,1191,6,0.0050377834,198.5000000000,20260916
CIK0001561660,AVS747922B0E55CCFCA,0001561660,Pattern Energy Group Inc,PEGI,NASDAQ,4911,transportation_communications_utilities,2018Q4,2013-09-27,2019-12-31,Alpha Vantage listing interval,resolved_cik,True,1,only eligible resolved security,2018|NASDAQ|transportation_communications_utilities,699,3,0.0042918455,233.0000000000,20260916
CIK0001587732,AVSD05286A09E465EBB,0001587732,ONE Gas Inc,OGS,NYSE,4924,transportation_communications_utilities,2018Q4,2014-01-16,2019-12-31,Alpha Vantage listing interval,resolved_cik,True,1,only eligible resolved security,2018|NYSE|transportation_communications_utilities,1116,5,0.0044802867,223.2000000000,20260916
CIK0001608638,AVSB2AF8B709D67EDEC,0001608638,Civitas Solutions Inc,CIVI,NYSE,8082,services,2018Q4,2014-09-17,2019-12-31,Alpha Vantage listing interval,resolved_cik,True,2,"ranked by active quarter-end evidence, exchange, and plain common-stock symbol",2018|NYSE|services,1191,6,0.0050377834,198.5000000000,20260916
CIK0001625101,AVS4FDA33AE390092BE,0001625101,Pulse Biosciences Inc,PLSE,NASDAQ,3841,manufacturing,2018Q4,2016-05-18,2019-12-31,Alpha Vantage listing interval,resolved_cik,True,1,only eligible resolved security,2018|NASDAQ|manufacturing,5023,23,0.0045789369,218.3913043478,20260916
CIK0001650962,AVS790F6F058BE45C80,0001650962,Welbilt Inc,WBT,NYSE,3580,manufacturing,2018Q4,2016-02-18,2019-12-31,Alpha Vantage listing interval,resolved_cik,True,1,only eligible resolved security,2018|NYSE|manufacturing,2657,12,0.0045163718,221.4166666667,20260916
CIK0001716947,AVSE03CAFFA42405626,0001716947,Ensysce Biosciences Inc,ENSC,NASDAQ,2834,manufacturing,2018Q4,2018-02-26,2019-12-31,Alpha Vantage listing interval,resolved_cik,True,1,only eligible resolved security,2018|NASDAQ|manufacturing,5023,23,0.0045789369,218.3913043478,20260916
CIK0000009631,AVS3DDE67A5E38D5A33,0000009631,Bank Of Nova Scotia,BNS,NYSE,6022,finance_insurance_real_estate,2019Q1,1999-09-13,2019-12-31,Alpha Vantage listing interval,resolved_cik,True,1,only eligible resolved security,2019|NYSE|finance_insurance_real_estate,2313,11,0.0047557285,210.2727272727,20260916
CIK0000017843,AVS36D8E4A11B743B7E,0000017843,Carpenter Technology Corp,CRS,NYSE,3312,manufacturing,2019Q1,1987-11-05,2019-12-31,Alpha Vantage listing interval,resolved_cik,True,1,only eligible resolved security,2019|NYSE|manufacturing,2704,13,0.0048076923,208.0000000000,20260916
CIK0000023082,AVSA816498A24B59B94,0000023082,Computer Sciences Corp,CSC,NYSE,7373,services,2019Q1,2001-01-02,2019-12-31,Alpha Vantage listing interval,resolved_cik,False,1,only eligible resolved security,2019|NYSE|services,1257,6,0.0047732697,209.5000000000,20260916
CIK0000087347,AVS6F5533FB5B9955B8,0000087347,SLB,SLB,NYSE,1389,mining,2019Q1,1981-12-31,2019-12-31,Alpha Vantage listing interval,resolved_cik,True,1,only eligible resolved security,2019|NYSE|mining,815,4,0.0049079755,203.7500000000,20260916
CIK0000102729,AVS7059ED16ACAA939B,0000102729,Valmont Industries Inc,VMI,NYSE,3440,manufacturing,2019Q1,1990-03-26,2019-12-31,Alpha Vantage listing interval,resolved_cik,True,1,only eligible resolved security,2019|NYSE|manufacturing,2704,13,0.0048076923,208.0000000000,20260916
CIK0000313143,AVSED87D7F872491329,0000313143,Haemonetics Corp,HAE,NYSE,3841,manufacturing,2019Q1,1991-05-10,2019-12-31,Alpha Vantage listing interval,resolved_cik,True,1,only eligible resolved security,2019|NYSE|manufacturing,2704,13,0.0048076923,208.0000000000,20260916
CIK0000867773,AVS6C78E4BACD840F81,0000867773,SunPower Corp,SPWRB,NASDAQ,3674,manufacturing,2019Q1,2008-09-22,2019-12-31,Alpha Vantage listing interval,resolved_cik,False,1,only eligible resolved security,2019|NASDAQ|manufacturing,5280,24,0.0045454545,220.0000000000,20260916
CIK0000883945,AVSB827387FA7D1033F,0000883945,USA Truck Inc,USAK,NASDAQ,4213,transportation_communications_utilities,2019Q1,1992-03-20,2019-12-31,Alpha Vantage listing interval,resolved_cik,True,1,only eligible resolved security,2019|NASDAQ|transportation_communications_utilities,728,3,0.0041208791,242.6666666667,20260916
CIK0000891014,AVSDD61215938FE01F2,0000891014,Minerals Technologies Inc,MTX,NYSE,2810,manufacturing,2019Q1,1992-10-26,2019-12-31,Alpha Vantage listing interval,resolved_cik,True,1,only eligible resolved security,2019|NYSE|manufacturing,2704,13,0.0048076923,208.0000000000,20260916
CIK0000914156,AVS3EC885FD2A7D0DA3,0000914156,UFP Technologies Inc,UFPT,NASDAQ,3841,manufacturing,2019Q1,1993-12-17,2019-12-31,Alpha Vantage listing interval,resolved_cik,True,1,only eligible resolved security,2019|NASDAQ|manufacturing,5280,24,0.0045454545,220.0000000000,20260916
CIK0000915840,AVSC19BAB738F06CECB,0000915840,Beazer Homes USA Inc,BZH,NYSE,1531,construction,2019Q1,1994-02-23,2019-12-31,Alpha Vantage listing interval,resolved_cik,True,1,only eligible resolved security,2019|NYSE|construction,156,1,0.0064102564,156.0000000000,20260916
CIK0001005731,AVSA15AE7BC687D0B47,0001005731,IDT Corp - Class B,IDT,NYSE,4813,transportation_communications_utilities,2019Q1,2001-05-16,2019-12-31,Alpha Vantage listing interval,resolved_cik,True,1,only eligible resolved security,2019|NYSE|transportation_communications_utilities,1131,5,0.0044208665,226.2000000000,20260916
CIK0001022321,AVS566ABB51B282C141,0001022321,Genesis Energy L.P.,GEL,NYSE,4610,transportation_communications_utilities,2019Q1,1996-11-27,2019-12-31,Alpha Vantage listing interval,resolved_cik,True,1,only eligible resolved security,2019|NYSE|transportation_communications_utilities,1131,5,0.0044208665,226.2000000000,20260916
CIK0001048911,AVS75ED281B3D22082A,0001048911,Fedex Corp,FDX,NYSE,4513,transportation_communications_utilities,2019Q1,1978-04-12,2019-12-31,Alpha Vantage listing interval,resolved_cik,True,1,only eligible resolved security,2019|NYSE|transportation_communications_utilities,1131,5,0.0044208665,226.2000000000,20260916
CIK0001110646,AVS3FE6910B0B3F77CB,0001110646,NetEase Inc,NTES,NASDAQ,7372,services,2019Q1,2000-06-30,2019-12-31,Alpha Vantage listing interval,resolved_cik,True,1,only eligible resolved security,2019|NASDAQ|services,2207,10,0.0045310376,220.7000000000,20260916
CIK0001117480,AVS506BFB449695E617,0001117480,Chimerix Inc,CMRX,NASDAQ,2834,manufacturing,2019Q1,2013-04-11,2019-12-31,Alpha Vantage listing interval,resolved_cik,True,1,only eligible resolved security,2019|NASDAQ|manufacturing,5280,24,0.0045454545,220.0000000000,20260916
CIK0001162896,AVS8F9DD0B20794B717,0001162896,Prairie Operating Company,PROP,NASDAQ,1311,mining,2019Q1,2010-06-28,2019-12-31,Alpha Vantage listing interval,resolved_cik,True,1,only eligible resolved security,2019|NASDAQ|mining,357,2,0.0056022409,178.5000000000,20260916
CIK0001297341,AVS530A9120419D42C0,0001297341,Kentucky First Federal Bancorp,KFFB,NASDAQ,6035,finance_insurance_real_estate,2019Q1,2005-03-03,2019-12-31,Alpha Vantage listing interval,resolved_cik,True,1,only eligible resolved security,2019|NASDAQ|finance_insurance_real_estate,2528,12,0.0047468354,210.6666666667,20260916
CIK0001316835,AVS8D0E5ADDBB5764DC,0001316835,Builders Firstsource Inc,BLDR,NYSE,5211,retail_trade,2019Q1,2005-06-28,2019-12-31,Alpha Vantage listing interval,resolved_cik,True,1,only eligible resolved security,2019|NYSE|retail_trade,433,2,0.0046189376,216.5000000000,20260916
CIK0001328581,AVSB7CFC0F728F8250D,0001328581,Boise Cascade Company,BCC,NYSE,5030,wholesale_trade,2019Q1,2013-02-06,2019-12-31,Alpha Vantage listing interval,resolved_cik,True,1,only eligible resolved security,2019|NYSE|wholesale_trade,215,1,0.0046511628,215.0000000000,20260916
CIK0001333986,AVS0D97ED781B64F44F,0001333986,Equitable Holdings Inc,EQH,NYSE,6411,finance_insurance_real_estate,2019Q1,2018-05-10,2019-12-31,Alpha Vantage listing interval,resolved_cik,True,1,only eligible resolved security,2019|NYSE|finance_insurance_real_estate,2313,11,0.0047557285,210.2727272727,20260916
CIK0001365135,AVS733A22EBBB4F0380,0001365135,Western Union Company,WU,NYSE,7389,services,2019Q1,2006-10-02,2019-12-31,Alpha Vantage listing interval,resolved_cik,True,1,only eligible resolved security,2019|NYSE|services,1257,6,0.0047732697,209.5000000000,20260916
CIK0001465128,AVSB71912D063EBB13D,0001465128,Starwood Property Trust Inc,STWD,NYSE,6798,finance_insurance_real_estate,2019Q1,2009-08-12,2019-12-31,Alpha Vantage listing interval,resolved_cik,True,1,only eligible resolved security,2019|NYSE|finance_insurance_real_estate,2313,11,0.0047557285,210.2727272727,20260916
CIK0001476651,AVS5FE0FF356CDA2D46,0001476651,FCB Financial Holdings Inc,FCB,NYSE,6021,finance_insurance_real_estate,2019Q1,2014-08-01,2019-12-31,Alpha Vantage listing interval,resolved_cik,False,1,only eligible resolved security,2019|NYSE|finance_insurance_real_estate,2313,11,0.0047557285,210.2727272727,20260916
CIK0001483994,AVS8018EF13EDF1CDE3,0001483994,H World Group Ltd,HTHT,NASDAQ,7011,services,2019Q1,2010-03-26,2019-12-31,Alpha Vantage listing interval,resolved_cik,True,1,only eligible resolved security,2019|NASDAQ|services,2207,10,0.0045310376,220.7000000000,20260916
CIK0001523733,AVS98866A91B7F2D351,0001523733,PetroLogistics LP,PDH,NYSE,2890,manufacturing,2019Q1,2012-05-04,2019-12-31,Alpha Vantage listing interval,resolved_cik,False,1,only eligible resolved security,2019|NYSE|manufacturing,2704,13,0.0048076923,208.0000000000,20260916
CIK0001595262,AVS4C5A2DAD1590867B,0001595262,IMS Health Holdings Inc,IMS,NYSE,7374,services,2019Q1,2014-04-03,2019-12-31,Alpha Vantage listing interval,resolved_cik,False,1,only eligible resolved security,2019|NYSE|services,1257,6,0.0047732697,209.5000000000,20260916
CIK0001604028,AVS2FB63587A45C17AD,0001604028,Advanced Drainage Systems Inc,WMS,NYSE,3086,manufacturing,2019Q1,2014-07-25,2019-12-31,Alpha Vantage listing interval,resolved_cik,True,1,only eligible resolved security,2019|NYSE|manufacturing,2704,13,0.0048076923,208.0000000000,20260916
CIK0001627014,AVS325162E84F379B72,0001627014,Black Knight Financial Services Inc,BKFS,NYSE,7372,services,2019Q1,2015-05-20,2019-12-31,Alpha Vantage listing interval,resolved_cik,False,1,only eligible resolved security,2019|NYSE|services,1257,6,0.0047732697,209.5000000000,20260916
CIK0001670541,AVSD1D5EE89197E7A2A,0001670541,Adient plc,ADNT,NYSE,3714,manufacturing,2019Q1,2016-10-31,2019-12-31,Alpha Vantage listing interval,resolved_cik,True,1,only eligible resolved security,2019|NYSE|manufacturing,2704,13,0.0048076923,208.0000000000,20260916
CIK0001675033,AVS4BF693F5A0C729B1,0001675033,Great Elm Capital Corp,GECC,NASDAQ,,unknown,2019Q1,2016-11-04,2019-12-31,Alpha Vantage listing interval,resolved_cik,True,3,"ranked by active quarter-end evidence, exchange, and plain common-stock symbol",2019|NASDAQ|unknown,157,1,0.0063694268,157.0000000000,20260916
CIK0000073290,AVS22DCA5A4EEE6FD72,0000073290,Biomerica Inc,BMRA,NASDAQ,2835,manufacturing,2019Q2,2005-01-03,2019-12-31,Alpha Vantage listing interval,resolved_cik,True,1,only eligible resolved security,2019|NASDAQ|manufacturing,5280,24,0.0045454545,220.0000000000,20260916
CIK0000765880,AVS10CB2307C8DCB5C3,0000765880,Healthpeak OP LLC,DOC,NYSE,6798,finance_insurance_real_estate,2019Q2,1987-11-05,2019-12-31,Alpha Vantage listing interval,resolved_cik,True,1,only eligible resolved security,2019|NYSE|finance_insurance_real_estate,2313,11,0.0047557285,210.2727272727,20260916
CIK0000812128,AVS49AB5969C4631B68,0000812128,Sanderson Farms Inc,SAFM,NASDAQ,2015,manufacturing,2019Q2,1989-12-20,2019-12-31,Alpha Vantage listing interval,resolved_cik,True,1,only eligible resolved security,2019|NASDAQ|manufacturing,5280,24,0.0045454545,220.0000000000,20260916
CIK0000863110,AVS3E46DCB05035158D,0000863110,Artesian Resources Corp - Class A,ARTNA,NASDAQ,4941,transportation_communications_utilities,2019Q2,1996-05-24,2019-12-31,Alpha Vantage listing interval,resolved_cik,True,1,only eligible resolved security,2019|NASDAQ|transportation_communications_utilities,728,3,0.0041208791,242.6666666667,20260916
CIK0000863157,AVSBD2FA54581C18CF8,0000863157,PetSmart Inc,PETM,NASDAQ,5990,retail_trade,2019Q2,1993-07-23,2019-12-31,Alpha Vantage listing interval,resolved_cik,False,1,only eligible resolved security,2019|NASDAQ|retail_trade,539,3,0.0055658627,179.6666666667,20260916
CIK0000867773,AVS6C78E4BACD840F81,0000867773,SunPower Corp,SPWRB,NASDAQ,3674,manufacturing,2019Q2,2008-09-22,2019-12-31,Alpha Vantage listing interval,resolved_cik,False,1,only eligible resolved security,2019|NASDAQ|manufacturing,5280,24,0.0045454545,220.0000000000,20260916
CIK0001022646,AVS1644EB61CDBDCCBC,0001022646,Ultra Petroleum Corp,UPLM,NASDAQ,1311,mining,2019Q2,2017-04-13,2019-12-31,Alpha Vantage listing interval,resolved_cik,True,3,"ranked by active quarter-end evidence, exchange, and plain common-stock symbol",2019|NASDAQ|mining,357,2,0.0056022409,178.5000000000,20260916
CIK0001116132,AVSF191AB0923AEB12E,0001116132,Tapestry Inc,TPR,NYSE,3100,manufacturing,2019Q2,2000-10-06,2019-12-31,Alpha Vantage listing interval,resolved_cik,True,2,"ranked by active quarter-end evidence, exchange, and plain common-stock symbol",2019|NYSE|manufacturing,2704,13,0.0048076923,208.0000000000,20260916
CIK0001124524,AVS638D3789C940481A,0001124524,CryoPort Inc,CYRX,NASDAQ,2834,manufacturing,2019Q2,2009-01-02,2019-12-31,Alpha Vantage listing interval,resolved_cik,True,1,only eligible resolved security,2019|NASDAQ|manufacturing,5280,24,0.0045454545,220.0000000000,20260916
CIK0001228627,AVS9A42B9DD8229B9B1,0001228627,Ocuphire Pharma Inc,IRD,NASDAQ,2834,manufacturing,2019Q2,2005-05-23,2019-12-31,Alpha Vantage listing interval,resolved_cik,True,1,only eligible resolved security,2019|NASDAQ|manufacturing,5280,24,0.0045454545,220.0000000000,20260916
CIK0001428522,AVSCFDE8478848A4932,0001428522,Radius Health Inc,RDUS,NASDAQ,2834,manufacturing,2019Q2,2014-06-06,2019-12-31,Alpha Vantage listing interval,resolved_cik,True,1,only eligible resolved security,2019|NASDAQ|manufacturing,5280,24,0.0045454545,220.0000000000,20260916
CIK0001429764,AVS9255818E6459FE82,0001429764,Blink Charging Company,BLNK,NASDAQ,3690,manufacturing,2019Q2,2018-02-13,2019-12-31,Alpha Vantage listing interval,resolved_cik,True,1,only eligible resolved security,2019|NASDAQ|manufacturing,5280,24,0.0045454545,220.0000000000,20260916
CIK0001505732,AVSB3A290FA7267E4DC,0001505732,Bankwell Financial Group Inc,BWFG,NASDAQ,6022,finance_insurance_real_estate,2019Q2,2010-04-05,2019-12-31,Alpha Vantage listing interval,resolved_cik,True,1,only eligible resolved security,2019|NASDAQ|finance_insurance_real_estate,2528,12,0.0047468354,210.6666666667,20260916
CIK0001549966,AVS21BADFB32A6EDAA9,0001549966,Silvercrest Asset Management Group Inc - Class A,SAMG,NASDAQ,6282,finance_insurance_real_estate,2019Q2,2013-06-27,2019-12-31,Alpha Vantage listing interval,resolved_cik,True,1,only eligible resolved security,2019|NASDAQ|finance_insurance_real_estate,2528,12,0.0047468354,210.6666666667,20260916
CIK0001596532,AVSC7D421D06723263C,0001596532,Arista Networks Inc,ANET,NYSE,3576,manufacturing,2019Q2,2014-06-06,2019-12-31,Alpha Vantage listing interval,resolved_cik,True,1,only eligible resolved security,2019|NYSE|manufacturing,2704,13,0.0048076923,208.0000000000,20260916
CIK0001627475,AVS250E08A9DC102C39,0001627475,Upwork Inc,UPWK,NASDAQ,7374,services,2019Q2,2018-10-03,2019-12-31,Alpha Vantage listing interval,resolved_cik,True,1,only eligible resolved security,2019|NASDAQ|services,2207,10,0.0045310376,220.7000000000,20260916
CIK0001649989,AVS3F7FFFEE639061D3,0001649989,Outlook Therapeutics Inc,OTLK,NASDAQ,2836,manufacturing,2019Q2,2016-06-14,2019-12-31,Alpha Vantage listing interval,resolved_cik,True,1,only eligible resolved security,2019|NASDAQ|manufacturing,5280,24,0.0045454545,220.0000000000,20260916
CIK0001660334,AVSC91599541D10CFC4,0001660334,Verrica Pharmaceuticals Inc,VRCA,NASDAQ,2834,manufacturing,2019Q2,2018-06-15,2019-12-31,Alpha Vantage listing interval,resolved_cik,True,1,only eligible resolved security,2019|NASDAQ|manufacturing,5280,24,0.0045454545,220.0000000000,20260916
CIK0001760233,AVS9BCB58CC1C254E0F,0001760233,RDE Inc,GIFT,NASDAQ,5961,retail_trade,2019Q2,2011-06-08,2019-12-31,Alpha Vantage listing interval,resolved_cik,True,1,only eligible resolved security,2019|NASDAQ|retail_trade,539,3,0.0055658627,179.6666666667,20260916
CIK0000057515,AVSEACBF8225F9D9BF9,0000057515,The Marzetti Company,MZTI,NASDAQ,2030,manufacturing,2019Q3,1990-03-26,2019-12-31,Alpha Vantage listing interval,resolved_cik,True,1,only eligible resolved security,2019|NASDAQ|manufacturing,5280,24,0.0045454545,220.0000000000,20260916
CIK0000064463,AVSF617BC6BD510DF56,0000064463,Soluna Holdings Inc,SLNH,NASDAQ,6199,finance_insurance_real_estate,2019Q3,2009-04-28,2019-12-31,Alpha Vantage listing interval,resolved_cik,True,1,only eligible resolved security,2019|NASDAQ|finance_insurance_real_estate,2528,12,0.0047468354,210.6666666667,20260916
CIK0000313807,AVS7E67ABDF0C29633D,0000313807,BP plc,BP,NYSE,2911,manufacturing,2019Q3,1977-01-03,2019-12-31,Alpha Vantage listing interval,resolved_cik,True,1,only eligible resolved security,2019|NYSE|manufacturing,2704,13,0.0048076923,208.0000000000,20260916
CIK0000726958,AVS8F2AFE8168AF6F8F,0000726958,Casey`s General Stores Inc,CASY,NASDAQ,5500,retail_trade,2019Q3,1983-10-20,2019-12-31,Alpha Vantage listing interval,resolved_cik,True,1,only eligible resolved security,2019|NASDAQ|retail_trade,539,3,0.0055658627,179.6666666667,20260916
CIK0000885590,AVS1199A71CAD9D3EC3,0000885590,Bausch Health Companies Inc,BHC,NYSE,2834,manufacturing,2019Q3,2001-01-02,2019-12-31,Alpha Vantage listing interval,resolved_cik,True,1,only eligible resolved security,2019|NYSE|manufacturing,2704,13,0.0048076923,208.0000000000,20260916
CIK0000912061,AVSFBDA38362B7FE1A0,0000912061,Natural Health Trends Corp,NHTC,NASDAQ,5190,wholesale_trade,2019Q3,1995-06-22,2019-12-31,Alpha Vantage listing interval,resolved_cik,True,1,only eligible resolved security,2019|NASDAQ|wholesale_trade,235,1,0.0042553191,235.0000000000,20260916
CIK0001001258,AVS300C77AC3B732D83,0001001258,Asta Funding Inc,ASFI,NASDAQ,6153,finance_insurance_real_estate,2019Q3,1995-11-14,2019-12-31,Alpha Vantage listing interval,resolved_cik,True,1,only eligible resolved security,2019|NASDAQ|finance_insurance_real_estate,2528,12,0.0047468354,210.6666666667,20260916
CIK0001015922,AVS32E8E69B5B0E04A2,0001015922,Check Point Software Technologies Ltd,CHKP,NASDAQ,7372,services,2019Q3,1996-06-28,2019-12-31,Alpha Vantage listing interval,resolved_cik,True,1,only eligible resolved security,2019|NASDAQ|services,2207,10,0.0045310376,220.7000000000,20260916
CIK0001028954,AVS303A207EBCF8B7D7,0001028954,Sussex Bancorp,SBBX,NASDAQ,6022,finance_insurance_real_estate,2019Q3,1998-02-20,2019-12-31,Alpha Vantage listing interval,resolved_cik,True,1,only eligible resolved security,2019|NASDAQ|finance_insurance_real_estate,2528,12,0.0047468354,210.6666666667,20260916
CIK0001099590,AVS3DC89E96B3B90002,0001099590,MercadoLibre Inc,MELI,NASDAQ,7389,services,2019Q3,2007-08-10,2019-12-31,Alpha Vantage listing interval,resolved_cik,True,1,only eligible resolved security,2019|NASDAQ|services,2207,10,0.0045310376,220.7000000000,20260916
CIK0001280263,AVSB2A3FAD46E1249AB,0001280263,Ambarella Inc,AMBA,NASDAQ,3674,manufacturing,2019Q3,2012-10-10,2019-12-31,Alpha Vantage listing interval,resolved_cik,True,1,only eligible resolved security,2019|NASDAQ|manufacturing,5280,24,0.0045454545,220.0000000000,20260916
CIK0001292653,AVSD573673478A69032,0001292653,Inteliquent Inc,IQNT,NASDAQ,4813,transportation_communications_utilities,2019Q3,2007-11-02,2019-12-31,Alpha Vantage listing interval,resolved_cik,False,1,only eligible resolved security,2019|NASDAQ|transportation_communications_utilities,728,3,0.0041208791,242.6666666667,20260916
CIK0001472326,AVSAC7B4C5B6E7FD23A,0001472326,Agria Corporation ADR,GRO,NYSE,1400,mining,2019Q3,2007-11-06,2019-12-31,Alpha Vantage listing interval,resolved_cik,False,1,only eligible resolved security,2019|NYSE|mining,815,4,0.0049079755,203.7500000000,20260916
CIK0001505065,AVS6EB7B8990E399D2D,0001505065,Brainsway Ltd,BWAY,NASDAQ,3841,manufacturing,2019Q3,2019-04-17,2019-12-31,Alpha Vantage listing interval,resolved_cik,True,1,only eligible resolved security,2019|NASDAQ|manufacturing,5280,24,0.0045454545,220.0000000000,20260916
CIK0001547903,AVS9BA9A268B09EAE1D,0001547903,NMI Holdings Inc - Class A,NMIH,NASDAQ,6351,finance_insurance_real_estate,2019Q3,2013-11-08,2019-12-31,Alpha Vantage listing interval,resolved_cik,True,1,only eligible resolved security,2019|NASDAQ|finance_insurance_real_estate,2528,12,0.0047468354,210.6666666667,20260916
CIK0001609550,AVS86819300F8E9B001,0001609550,Inspire Medical Systems Inc,INSP,NYSE,3841,manufacturing,2019Q3,2018-05-03,2019-12-31,Alpha Vantage listing interval,resolved_cik,True,1,only eligible resolved security,2019|NYSE|manufacturing,2704,13,0.0048076923,208.0000000000,20260916
CIK0001642380,AVS00FBF2B14DAE0E92,0001642380,Insight Molecular Diagnostics Inc,IMDX,NASDAQ,2835,manufacturing,2019Q3,2016-01-04,2019-12-31,Alpha Vantage listing interval,resolved_cik,True,1,only eligible resolved security,2019|NASDAQ|manufacturing,5280,24,0.0045454545,220.0000000000,20260916
CIK0001653653,AVS4038B71B4B77C0F6,0001653653,Red Rock Resorts Inc - Class A,RRR,NASDAQ,7011,services,2019Q3,2016-04-27,2019-12-31,Alpha Vantage listing interval,resolved_cik,True,1,only eligible resolved security,2019|NASDAQ|services,2207,10,0.0045310376,220.7000000000,20260916
CIK0001707178,AVS4B96EDFADA042B60,0001707178,CorePoint Lodging Inc,CPLG,NYSE,6798,finance_insurance_real_estate,2019Q3,2018-05-31,2019-12-31,Alpha Vantage listing interval,resolved_cik,True,1,only eligible resolved security,2019|NYSE|finance_insurance_real_estate,2313,11,0.0047557285,210.2727272727,20260916
CIK0001724965,AVS59584D5DAC9F923F,0001724965,Talos Energy Inc,TALO,NYSE,1311,mining,2019Q3,2018-05-10,2019-12-31,Alpha Vantage listing interval,resolved_cik,True,1,only eligible resolved security,2019|NYSE|mining,815,4,0.0049079755,203.7500000000,20260916
CIK0001826660,AVS2945B02738984D85,0001826660,Wetouch Technology Inc,WETH,NASDAQ,3577,manufacturing,2019Q3,2017-09-25,2019-12-31,Alpha Vantage listing interval,resolved_cik,True,1,only eligible resolved security,2019|NASDAQ|manufacturing,5280,24,0.0045454545,220.0000000000,20260916
CIK0001964789,AVS328FB0FFEF907EFC,0001964789,Hut 8 Mining Corp,HUT,NASDAQ,6199,finance_insurance_real_estate,2019Q3,2018-03-08,2019-12-31,Alpha Vantage listing interval,resolved_cik,True,2,"ranked by active quarter-end evidence, exchange, and plain common-stock symbol",2019|NASDAQ|finance_insurance_real_estate,2528,12,0.0047468354,210.6666666667,20260916
CIK0000091928,AVS260ECE4735626852,0000091928,South Jersey Industries Inc,SJI,NYSE,4924,transportation_communications_utilities,2019Q4,1987-12-30,2019-12-31,Alpha Vantage listing interval,resolved_cik,True,2,"ranked by active quarter-end evidence, exchange, and plain common-stock symbol",2019|NYSE|transportation_communications_utilities,1131,5,0.0044208665,226.2000000000,20260916
CIK0000317540,AVS22333F37F306BA5F,0000317540,Coca-Cola Consolidated Inc,COKE,NASDAQ,2086,manufacturing,2019Q4,1990-03-26,2019-12-31,Alpha Vantage listing interval,resolved_cik,True,1,only eligible resolved security,2019|NASDAQ|manufacturing,5280,24,0.0045454545,220.0000000000,20260916
CIK0001037540,AVS9B7D248927C55748,0001037540,Boston Properties Inc,BXP,NYSE,6798,finance_insurance_real_estate,2019Q4,1997-06-18,2019-12-31,Alpha Vantage listing interval,resolved_cik,True,2,"ranked by active quarter-end evidence, exchange, and plain common-stock symbol",2019|NYSE|finance_insurance_real_estate,2313,11,0.0047557285,210.2727272727,20260916
CIK0001066194,AVS5B2F6848A5D4AC54,0001066194,eGain Corp,EGAN,NASDAQ,7372,services,2019Q4,1999-09-23,2019-12-31,Alpha Vantage listing interval,resolved_cik,True,1,only eligible resolved security,2019|NASDAQ|services,2207,10,0.0045310376,220.7000000000,20260916
CIK0001094348,AVS9BE8BF7C528C4FBC,0001094348,Mattersight Corp,MATR,NASDAQ,7373,services,2019Q4,2000-02-10,2019-12-31,Alpha Vantage listing interval,resolved_cik,False,1,only eligible resolved security,2019|NASDAQ|services,2207,10,0.0045310376,220.7000000000,20260916
CIK0001118148,AVS40ACED3B5CB639FB,0001118148,AMERICAN PHYSICIANS CAPITAL INC,ACAP,NASDAQ,6324,finance_insurance_real_estate,2019Q4,2001-01-02,2019-12-31,Alpha Vantage listing interval,resolved_cik,False,1,only eligible resolved security,2019|NASDAQ|finance_insurance_real_estate,2528,12,0.0047468354,210.6666666667,20260916
CIK0001299901,AVS1C142878CD9B237F,0001299901,Trade Street Residential Inc,TSRE,NASDAQ,6798,finance_insurance_real_estate,2019Q4,2006-12-28,2019-12-31,Alpha Vantage listing interval,resolved_cik,False,1,only eligible resolved security,2019|NASDAQ|finance_insurance_real_estate,2528,12,0.0047468354,210.6666666667,20260916
CIK0001371781,AVSA0D080C71FCEA491,0001371781,World Energy Solutions Inc,XWES,NASDAQ,7389,services,2019Q4,2008-01-30,2019-12-31,Alpha Vantage listing interval,resolved_cik,False,1,only eligible resolved security,2019|NASDAQ|services,2207,10,0.0045310376,220.7000000000,20260916
CIK0001380393,AVSB6C75A4EC973F023,0001380393,Fortress Investment Group LLC,FIG,NYSE,6282,finance_insurance_real_estate,2019Q4,2007-02-09,2019-12-31,Alpha Vantage listing interval,resolved_cik,False,1,only eligible resolved security,2019|NYSE|finance_insurance_real_estate,2313,11,0.0047557285,210.2727272727,20260916
CIK0001388430,AVS839B9F94252B63A1,0001388430,Cai International Inc,CAI,NYSE,7359,services,2019Q4,2015-08-14,2019-12-31,Alpha Vantage listing interval,resolved_cik,True,4,"ranked by active quarter-end evidence, exchange, and plain common-stock symbol",2019|NYSE|services,1257,6,0.0047732697,209.5000000000,20260916
CIK0001419521,AVSC80CE88AAA2DD3CC,0001419521,Hatteras Financial Corp,HTS,NYSE,6798,finance_insurance_real_estate,2019Q4,2008-04-29,2019-12-31,Alpha Vantage listing interval,resolved_cik,False,1,only eligible resolved security,2019|NYSE|finance_insurance_real_estate,2313,11,0.0047557285,210.2727272727,20260916
CIK0001481513,AVS87C24342F7EDC4D4,0001481513,JinkoSolar Holding Co. Ltd,JKS,NYSE,3674,manufacturing,2019Q4,2010-05-14,2019-12-31,Alpha Vantage listing interval,resolved_cik,True,1,only eligible resolved security,2019|NYSE|manufacturing,2704,13,0.0048076923,208.0000000000,20260916
CIK0001497770,AVSDF9513241A22B71C,0001497770,Walker & Dunlop Inc,WD,NYSE,6199,finance_insurance_real_estate,2019Q4,2010-12-15,2019-12-31,Alpha Vantage listing interval,resolved_cik,True,1,only eligible resolved security,2019|NYSE|finance_insurance_real_estate,2313,11,0.0047557285,210.2727272727,20260916
CIK0001500198,AVS62578A48C5D4C49C,0001500198,NeuroOne Medical Technologies Corp,NMTC,NASDAQ,3841,manufacturing,2019Q4,2017-09-18,2019-12-31,Alpha Vantage listing interval,resolved_cik,True,1,only eligible resolved security,2019|NASDAQ|manufacturing,5280,24,0.0045454545,220.0000000000,20260916
CIK0001507957,AVS431088530499FF23,0001507957,Ideal Power Inc,IPWR,NASDAQ,3674,manufacturing,2019Q4,2013-11-22,2019-12-31,Alpha Vantage listing interval,resolved_cik,True,1,only eligible resolved security,2019|NASDAQ|manufacturing,5280,24,0.0045454545,220.0000000000,20260916
CIK0001520358,AVS6F2C6E311A851F00,0001520358,Mama`s Creations Inc,MAMA,NASDAQ,2013,manufacturing,2019Q4,2014-07-17,2019-12-31,Alpha Vantage listing interval,resolved_cik,True,1,only eligible resolved security,2019|NASDAQ|manufacturing,5280,24,0.0045454545,220.0000000000,20260916
CIK0001545158,AVS88FBA936F20BBB5C,0001545158,Kraft Foods Group Inc,KRFT,NASDAQ,2000,manufacturing,2019Q4,2012-09-17,2019-12-31,Alpha Vantage listing interval,resolved_cik,False,1,only eligible resolved security,2019|NASDAQ|manufacturing,5280,24,0.0045454545,220.0000000000,20260916
CIK0001579298,AVS331A490EA954B3C6,0001579298,Burlington Stores Inc,BURL,NYSE,5311,retail_trade,2019Q4,2013-10-02,2019-12-31,Alpha Vantage listing interval,resolved_cik,True,1,only eligible resolved security,2019|NYSE|retail_trade,433,2,0.0046189376,216.5000000000,20260916
CIK0001589061,AVS6861287881CE0094,0001589061,Gyrodyne LLC,GYRO,NASDAQ,6512,finance_insurance_real_estate,2019Q4,1995-08-18,2019-12-31,Alpha Vantage listing interval,resolved_cik,True,1,only eligible resolved security,2019|NASDAQ|finance_insurance_real_estate,2528,12,0.0047468354,210.6666666667,20260916
CIK0001592016,AVS6F4E3D7BD5C09EC8,0001592016,AgroFresh Solutions Inc,AGFS,NASDAQ,2870,manufacturing,2019Q4,2015-08-03,2019-12-31,Alpha Vantage listing interval,resolved_cik,True,1,only eligible resolved security,2019|NASDAQ|manufacturing,5280,24,0.0045454545,220.0000000000,20260916
CIK0001597503,AVS7F8C1599FC761D9D,0001597503,NorthStar Asset Management Group Inc,CLNS,NYSE,6500,finance_insurance_real_estate,2019Q4,2014-06-27,2019-12-31,Alpha Vantage listing interval,resolved_cik,False,1,only eligible resolved security,2019|NYSE|finance_insurance_real_estate,2313,11,0.0047557285,210.2727272727,20260916
CIK0001606440,AVS281FD977691CAE3B,0001606440,Reliant Bancorp Inc,RBNC,NASDAQ,6022,finance_insurance_real_estate,2019Q4,2018-01-02,2019-12-31,Alpha Vantage listing interval,resolved_cik,True,2,"ranked by active quarter-end evidence, exchange, and plain common-stock symbol",2019|NASDAQ|finance_insurance_real_estate,2528,12,0.0047468354,210.6666666667,20260916
CIK0001705402,AVS181C77BD5527DB8B,0001705402,AGM Group Holdings Inc - Class A,AGMH,NASDAQ,7371,services,2019Q4,2018-04-18,2019-12-31,Alpha Vantage listing interval,resolved_cik,True,1,only eligible resolved security,2019|NASDAQ|services,2207,10,0.0045310376,220.7000000000,20260916
CIK0001708301,AVS37A57299D936A80F,0001708301,BP Midstream Partners LP,BPMP,NYSE,4610,transportation_communications_utilities,2019Q4,2017-10-26,2019-12-31,Alpha Vantage listing interval,resolved_cik,True,1,only eligible resolved security,2019|NYSE|transportation_communications_utilities,1131,5,0.0044208665,226.2000000000,20260916
CIK0001713748,AVSD32F831667CF1519,0001713748,Skeena Resources Ltd,SKE,NYSE,1040,mining,2019Q4,2017-09-22,2019-12-31,Alpha Vantage listing interval,resolved_cik,True,1,only eligible resolved security,2019|NYSE|mining,815,4,0.0049079755,203.7500000000,20260916
CIK0001718108,AVS596D619BA1D653B0,0001718108,Surface Oncology Inc,SURF,NASDAQ,2836,manufacturing,2019Q4,2018-04-19,2019-12-31,Alpha Vantage listing interval,resolved_cik,True,1,only eligible resolved security,2019|NASDAQ|manufacturing,5280,24,0.0045454545,220.0000000000,20260916
CIK0001724755,AVSD8CD75CAFCDFD26E,0001724755,GreenTree Hospitality Group Ltd,GHG,NYSE,7011,services,2019Q4,2018-03-27,2019-12-31,Alpha Vantage listing interval,resolved_cik,True,1,only eligible resolved security,2019|NYSE|services,1257,6,0.0047732697,209.5000000000,20260916
