ticker_quarter,probe,supply_chain_term,risk_term,token_distance
INTC|2013Q4,window25,manufacturers,volatile,14
INTC|2019Q1,stem,inventory,concern,6
INTC|2020Q4,window25,manufacturing,exposure,14
AMD|2022Q2,window25,customers,concerns,13
INTC|2024Q1,window25,shipping,volatility,17
AMD|2013Q3,stem,stock,concern,3
AMD|2016Q2,window25,manufacturers,exposure,16
AMD|2017Q3,window25,manufacturer,concerns,13
AMD|2019Q1,window25,shipment,concern,17
TXN|2010Q1,hyphen,inventories,lead time,2
TXN|2010Q1,stem,inventory,concern,4
TXN|2010Q1,window25,orders,concern,17
TXN|2016Q2,stem,supplier,concern,3
TXN|2016Q2,window25,distributors,lead times,19
TXN|2019Q2,window25,channel,threat,11
INTC|2010Q4,window25,factories,volatile,14
ADI|2019Q3,window25,suppliers,uncertainty,13
ADI|2020Q3,window25,materials,uncertainties,17
ADI|2021Q1,window25,supply,lead times,14
ADI|2022Q1,window25,materials,uncertainties,14
ADI|2022Q2,window25,customers,concern,13
ADI|2024Q3,window25,materials,uncertainties,14
ADI|2024Q4,window25,materials,risks,20
AMAT|2011Q1,window25,factories,lead time,11
AMAT|2015Q4,window25,orders,exposure,11
AMAT|2016Q2,window25,customers,risks,11
AMAT|2017Q2,window25,materials,volatile,16
AMAT|2017Q3,window25,materials,exposure,13
AMAT|2017Q4,window25,customers,exposure,16
SWKS|2024Q1,stem,deliver,volatile,4
SWKS|2024Q4,stem,network,exposure,8
SWKS|2024Q4,window25,inventory,exposure,14
COHU|2015Q2,window25,customer,volatile,17
COHU|2015Q4,window25,customer,volatile,18
ASYS|2016Q3,stem,shipment,concern,6
ASYS|2016Q3,window25,customers,uncertainty,18
SWKS|2011Q2,window25,supply chain,uncertainties,15
SWKS|2015Q1,window25,oems,exposure,17
AMAT|2019Q3,window25,customers,risks,15
AMAT|2024Q1,window25,customers,lead times,19
COHU|2019Q3,window25,orders,exposure,16
COHU|2023Q1,window25,manufacturing,exposure,12
COHU|2023Q4,window25,deliveries,lead time,12
COHU|2024Q1,window25,purchases,lead times,11
TER|2012Q3,stem,stock,volatility,9
TER|2013Q4,window25,production,volatile,14
SWKS|2016Q1,window25,inventory,disruption,17
SWKS|2017Q1,window25,inventory,concern,22
SWKS|2019Q4,window25,customers,concerns,12
TER|2014Q4,window25,manufacturing,volatile,12
TER|2018Q1,window25,deliver,volatility,24
TER|2019Q1,window25,planning,uncertainty,15
TER|2024Q2,window25,storage,exposure,12
VSH|2011Q4,window25,distribution,uncertain,21
VSH|2012Q2,stem,raw,concern,2
VSH|2012Q2,window25,customers,concerns,16
COHU|2016Q2,window25,customer,volatile,15
COHU|2017Q2,window25,customer,risk,16
VSH|2013Q1,stem,distribution,concern,2
VSH|2013Q1,window25,orders,lead times,14
VSH|2014Q4,window25,components,exposures,11
VSH|2015Q1,window25,pipeline,volatility,12
VSH|2015Q3,stem,inventory,concern,1
VSH|2015Q3,window25,distribution,concerns,11
VSH|2015Q4,stem,inventory,concern,2
VSH|2015Q4,window25,distributors,concerns,15
VSH|2023Q4,window25,subcontractor,lead times,21
CRUS|2013Q4,window25,backlog,volatility,16
CRUS|2014Q3,stem,stock,volatile,1
CRUS|2014Q3,window25,inventory,volatile,15
CRUS|2014Q4,window25,customer,risk,15
CRUS|2021Q1,window25,channels,susceptible,12
CRUS|2024Q1,window25,backlog,concerns,14
CRUS|2024Q3,window25,supply,concern,11
CRUS|2015Q3,window25,inventory,bottleneck,25
CRUS|2016Q1,window25,buyer,concerns,19
CRUS|2020Q2,window25,production,risk,21
MU|2016Q1,hyphen,customer,volatile,8
MU|2016Q2,hyphen,delivering,volatile,7
MU|2016Q2,window25,customers,risk,20
MU|2018Q2,window25,component,concerns,14
MU|2024Q4,window25,deliver,lead times,12
LSCC|2010Q3,window25,supply,uncertainty,13
LSCC|2011Q4,hyphen,customers,volatile,10
LSCC|2015Q1,window25,customer,risk,14
LSCC|2018Q2,hyphen,supply chain,concerns,1
LSCC|2018Q2,window25,delivering,volatile,19
LSCC|2018Q4,window25,factories,uncertain,25
LSCC|2020Q2,stem,inventory,concern,2
LSCC|2020Q2,window25,network,uncertainty,18
LRCX|2013Q1,stem,forecast,downside,3
LRCX|2013Q1,window25,customers,downside,14
LRCX|2015Q3,window25,order,exposure,16
LRCX|2016Q3,hyphen,shipments,volatile,6
LRCX|2016Q4,hyphen,shipment,volatile,1
KLIC|2014Q3,window25,customer,volatile,12
KLIC|2016Q1,window25,production,uncertainty,12
KLIC|2019Q1,stem,customer,concern,6
KLIC|2019Q1,window25,order,lead times,17
PLAB|2016Q2,window25,material,lead time,14
PLAB|2016Q3,stem,forecast,risk,9
PLAB|2016Q3,window25,factory,lead times,22
PLAB|2017Q4,hyphen,orders,lead time,4
PLAB|2017Q4,stem,forecast,risk,10
PLAB|2018Q1,stem,customer,concern,8
PLAB|2018Q1,window25,customers,risk,19
PLAB|2018Q3,stem,outsourc,capacity constraint,3
PLAB|2018Q3,window25,customers,concerns,11
PLAB|2024Q2,window25,orders,lead time,18
KLAC|2013Q3,window25,customers,uncertainty,11
KLAC|2015Q3,window25,customers,uncertainty,19
KLAC|2019Q1,stem,buy,lead time,10
KLAC|2019Q1,window25,deliver,volatility,12
KLAC|2019Q4,window25,procure,uncertainty,11
LRCX|2017Q1,hyphen,shipments,volatile,2
LRCX|2017Q2,hyphen,packaging,volatile,2
LRCX|2017Q4,hyphen,shipments,volatile,6
LRCX|2017Q4,window25,customer,exposure,13
LRCX|2018Q1,hyphen,shipments,volatile,2
LRCX|2024Q3,hyphen,component,volatile,1
KLIC|2012Q2,stem,customer,concern,1
KLIC|2012Q2,window25,shipments,lead time,14
KLIC|2013Q2,window25,ordering,downside,15
QCOM|2011Q1,stem,forecast,uncertain,8
QCOM|2012Q1,window25,networks,uncertain,17
QCOM|2013Q3,window25,customer,uncertain,17
ONTO|2015Q2,window25,customer,risk,18
ONTO|2015Q3,window25,customer,exposure,11
ONTO|2015Q4,window25,shipments,risk,15
ONTO|2017Q1,window25,shipments,risk,15
ONTO|2017Q4,window25,shipments,risk,15
ONTO|2018Q1,window25,shipments,risk,15
ONTO|2018Q2,window25,shipments,risk,15
ONTO|2018Q4,stem,forecast,volatile,3
ONTO|2018Q4,window25,shipments,risk,15
ONTO|2010Q4,window25,shipments,risk,15
ONTO|2011Q3,hyphen,order,lead times,5
ONTO|2011Q3,stem,deliver,volatility,9
ONTO|2011Q3,window25,shipments,risk,11
ONTO|2012Q1,window25,shipping,uncertainties,24
ONTO|2013Q3,window25,shipments,risk,17
ONTO|2014Q2,window25,shipments,risk,15
QCOM|2018Q3,stem,network,disruption,6
QCOM|2018Q3,window25,customers,volatile,19
QCOM|2018Q4,stem,network,tariff,7
QCOM|2019Q1,stem,oem,concern,2
QCOM|2020Q1,window25,supply,uncertainty,11
QCOM|2020Q3,stem,forecast,uncertainty,4
QCOM|2020Q3,window25,oems,uncertainty,14
QCOM|2014Q3,stem,supply,concern,1
QCOM|2014Q3,window25,supply,uncertainty,13
QCOM|2015Q4,stem,channel,concern,3
QCOM|2015Q4,window25,oems,uncertain,21
QCOM|2016Q2,window25,material,risk,15
QCOM|2016Q3,window25,ship,concerns,13
QCOM|2017Q3,stem,buy,uncertainty,6
ONTO|2019Q1,window25,shipments,risk,15
ONTO|2019Q3,window25,customers,exposure,12
ONTO|2019Q4,window25,deliveries,risk,14
ONTO|2024Q4,window25,packaging,concerns,14
SMTC|2010Q2,window25,oem,exposure,12
SMTC|2014Q2,window25,inventory,uncertain,11
SMTC|2014Q3,window25,inventory,lead times,11
SMTC|2017Q3,window25,manufacturers,risks,25
SMTC|2020Q3,window25,network,concern,17
SMTC|2022Q4,window25,tracking,exposure,15
DIOD|2018Q1,window25,supply,lead time,17
SMTC|2024Q1,window25,network,vulnerabilities,15
DIOD|2012Q1,window25,channel,concern,16
DIOD|2014Q4,window25,assembly,concern,13
VECO|2015Q3,window25,customers,exposure,11
VECO|2015Q4,window25,manufacturers,uncertainty,13
VECO|2017Q3,stem,customer,concern,4
VECO|2019Q2,window25,customers,risk,12
MCHP|2016Q2,hyphen,backlog,lead times,7
MCHP|2016Q2,stem,distributor,concern,5
STM|2021Q4,window25,inventory,risk,25
STM|2022Q2,stem,oem,concern,8
STM|2022Q2,window25,orders,risk,12
NVEC|2019Q2,stem,stock,volatility,1
NVEC|2019Q3,hyphen,customers,risk,2
NVEC|2021Q1,hyphen,customers,risk,2
NVEC|2021Q1,window25,customer,risk,25
STM|2015Q3,stem,manufacturer,concern,8
STM|2015Q3,window25,customers,concern,21
STM|2018Q4,window25,planning,lead time,21
VECO|2024Q2,window25,customer,exposure,17
STM|2014Q1,window25,manufacturing,exposure,16
STM|2014Q3,window25,production,risk,16
STM|2014Q4,stem,customer,concern,7
STM|2014Q4,window25,customer,uncertainty,15
RMBS|2012Q1,hyphen,channel,risks,3
RMBS|2012Q1,stem,shipp,concern,6
RMBS|2014Q2,window25,customers,downsides,15
RMBS|2014Q3,window25,components,exposure,13
RMBS|2014Q4,stem,customer,concern,5
RMBS|2015Q2,stem,forecast,risk,4
RMBS|2015Q2,window25,customer,risk,18
RMBS|2015Q3,stem,customer,concern,9
RMBS|2015Q3,window25,customer,concern,12
RMBS|2016Q3,stem,network,counterfeit,4
RMBS|2016Q3,window25,customers,counterfeiting,11
RMBS|2017Q2,hyphen,production,volatile,5
RMBS|2017Q4,hyphen,production,volatile,6
RMBS|2024Q3,stem,inventory,concern,5
INTT|2011Q4,window25,fabrication,risk,12
INTT|2012Q4,window25,fabrication,risk,12
INTT|2017Q1,window25,fabrication,risk,17
INTT|2024Q3,window25,backlog,exposure,11
AEHR|2024Q3,window25,assembled,concerns,23
AEHR|2024Q4,window25,manufacturers,risk,24
AMKR|2012Q4,window25,package,uncertain,13
AMKR|2013Q4,window25,material,exposure,20
AMKR|2014Q4,window25,assembly,risk,18
AMKR|2015Q4,window25,customers,volatility,15
POWI|2012Q4,stem,forecast,uncertain,6
POWI|2012Q4,window25,order,exposure,11
POWI|2013Q1,stem,purchase,volatile,7
POWI|2013Q1,window25,vendor,volatile,11
POWI|2015Q3,window25,backlog,uncertain,20
POWI|2016Q3,window25,component,concern,15
POWI|2017Q2,window25,network,concern,12
POWI|2017Q3,window25,inventory,concern,13
POWI|2017Q4,window25,oems,exposure,23
POWI|2019Q3,window25,inventory,trade restrictions,20
POWI|2019Q4,window25,distribution,concern,18
POWI|2023Q2,window25,order,lead times,14
AMKR|2012Q3,window25,distribution,risk,11
TSM|2015Q4,window25,inventory,volatile,20
TSM|2016Q1,window25,inventory,uncertainties,17
TSM|2018Q1,stem,forecast,uncertainty,6
TSM|2018Q1,window25,customer,uncertainty,13
TSM|2024Q3,window25,customer,concern,12
AMKR|2017Q3,window25,inventory,lead times,24
AXTI|2011Q4,window25,customers,uncertainties,16
AXTI|2012Q4,window25,customers,uncertainties,16
AXTI|2013Q1,window25,customers,uncertainties,16
AXTI|2013Q2,window25,customers,uncertainties,16
AXTI|2013Q3,window25,customers,uncertainties,16
AXTI|2014Q2,stem,material,concern,10
AXTI|2014Q2,window25,customers,uncertainties,16
AXTI|2014Q4,window25,customers,uncertainties,17
AXTI|2015Q2,window25,manufacturers,concerns,14
AXTI|2015Q3,window25,customers,uncertainties,16
AXTI|2015Q4,window25,materials,volatile,12
AXTI|2018Q3,stem,forecast,tariff,5
AXTI|2018Q3,window25,manufacture,tariffs,15
AXTI|2018Q4,window25,customers,trade restrictions,21
AXTI|2019Q1,window25,supply,trade restrictions,21
AXTI|2019Q3,window25,supply,trade restrictions,21
AXTI|2019Q4,stem,customer,concern,3
AXTI|2019Q4,window25,manufacturing,uncertainty,19
AXTI|2020Q3,stem,inventory,concern,2
AXTI|2020Q3,window25,supply,trade restrictions,21
AXTI|2020Q4,window25,customers,risk,19
AXTI|2021Q1,window25,supply,trade restrictions,21
AXTI|2021Q2,window25,material,tariffs,14
NVDA|2010Q2,window25,order,uncertain,11
NVDA|2012Q2,window25,oems,uncertain,20
NVDA|2013Q3,window25,ship,disruption,19
NVDA|2021Q3,window25,vendors,risk,13
NVDA|2024Q2,window25,customers,concerns,13
NVDA|2019Q2,stem,channel,concern,3
NVDA|2019Q2,window25,channels,concerns,11
NVDA|2019Q4,window25,customers,uncertainty,11
QUIK|2016Q2,window25,oems,concerns,19
QUIK|2017Q1,window25,oems,risk,13
QUIK|2017Q2,stem,forecast,uncertainty,9
QUIK|2020Q4,window25,customer,risks,18
QUIK|2023Q2,stem,supplier,concern,9
SLAB|2010Q1,stem,inventory,concern,8
SLAB|2012Q1,window25,transport,concerns,23
SLAB|2013Q2,stem,order,concern,8
NVDA|2016Q1,window25,channel,concerns,15
NVDA|2016Q3,stem,shipment,concern,4
SLAB|2020Q3,window25,delivering,threats,17
SLAB|2024Q2,window25,suppliers,uncertainty,22
NVMI|2011Q2,stem,customer,concern,8
NVMI|2011Q2,window25,channels,disruption,19
SLAB|2013Q4,window25,network,exposure,13
SLAB|2014Q1,stem,track,exposure,3
SLAB|2019Q1,window25,oems,uncertainty,11
SLAB|2019Q2,window25,customers,concerns,17
PXLW|2024Q1,window25,planning,risk,13
PXLW|2024Q3,window25,orders,uncertainty,20
MRVL|2012Q2,stem,forecast,risky,4
MRVL|2012Q2,window25,backlog,concern,20
NVMI|2023Q2,window25,customer,exposure,13
ON|2010Q4,stem,plann,concern,2
PXLW|2018Q1,stem,pipeline,concern,2
PXLW|2018Q4,window25,customer,uncertain,24
PXLW|2021Q4,window25,customer,risky,11
ACLS|2012Q4,stem,material,concern,2
ACLS|2016Q1,window25,buying,uncertainty,13
ACLS|2018Q2,hyphen,customers,tariff,6
ACLS|2019Q2,hyphen,supplier,risk,8
ACLS|2019Q4,hyphen,shipments,volatile,7
ACLS|2020Q3,stem,stock,risk,10
ACLS|2020Q3,window25,customers,risks,16
ACLS|2024Q2,hyphen,customers,lead times,4
ENTG|2010Q1,stem,inventory,concern,4
ENTG|2010Q1,window25,shipper,threat,12
MRVL|2016Q4,window25,customers,disruptions,13
MRVL|2019Q1,stem,network,trade restriction,6
MRVL|2019Q1,window25,storage,trade restrictions,24
MRVL|2021Q3,window25,customers,lead times,11
MRVL|2022Q2,window25,supply,downside,22
ENTG|2016Q1,window25,customer,volatility,11
ENTG|2018Q2,window25,customers,exposure,21
ENTG|2018Q4,window25,deliver,lead time,24
CAMT|2016Q3,window25,packaging,capacity constraints,24
CAMT|2017Q2,stem,customer,concern,2
ENTG|2023Q3,window25,material,exposure,21
ENTG|2024Q1,window25,materials,uncertainty,11
CAMT|2013Q3,window25,customer,risk,20
CAMT|2014Q1,window25,production,lead times,16
ENTG|2019Q4,window25,material,risk,14
ENTG|2021Q3,window25,customers,disruption,11
ENTG|2021Q4,window25,order,concerns,12
ENTG|2022Q3,window25,customers,exposure,15
ENTG|2022Q4,window25,forecasting,uncertainty,13
CAMT|2019Q1,window25,customers,uncertainty,22
CAMT|2019Q4,window25,backlog,risk,11
ENTG|2013Q3,stem,production,concern,8
ENTG|2013Q3,window25,oems,exposure,11
ENTG|2014Q2,window25,materials,volatile,21
ENTG|2014Q4,window25,material,downside,14
CAMT|2023Q4,window25,orders,risks,12
UMC|2010Q3,window25,order,uncertainties,24
UMC|2016Q2,window25,production,uncertainty,20
UMC|2019Q1,stem,supply,concern,3
UMC|2019Q2,window25,supply,uncertainty,19
UMC|2019Q3,window25,inventory,tariffs,13
ASX|2012Q4,window25,inventory,capacity constraints,12
ASX|2013Q1,window25,material,bottleneck,12
ASX|2013Q2,window25,inventory,concerns,17
ASX|2014Q1,window25,packaging,exposure,11
IMOS|2018Q1,window25,customers,exposure,19
IMOS|2019Q2,stem,forecast,uncertainty,6
IMOS|2022Q1,window25,customers,disruptions,15
IMOS|2022Q3,window25,customers,uncertainty,16
ASX|2016Q2,window25,customers,concerns,25
ASX|2016Q4,window25,packaging,volatility,24
ASX|2023Q3,window25,inventory,concern,14
ASX|2024Q1,window25,customers,tariff,18
IMOS|2014Q4,window25,order,concerns,12
IMOS|2016Q2,stem,stock,concern,7
IMOS|2016Q2,window25,supply,risk,18
IMOS|2016Q3,stem,distribution,concern,9
PRSO|2012Q4,stem,shipment,concern,6
PRSO|2012Q4,window25,customers,risks,13
PRSO|2013Q1,stem,shipment,concern,6
PRSO|2013Q1,window25,channel,downside,23
PRSO|2013Q2,stem,shipment,concern,6
PRSO|2013Q3,stem,shipment,concern,6
PRSO|2013Q4,stem,shipment,concern,7
PRSO|2014Q2,stem,shipment,concern,6
PRSO|2014Q4,stem,shipment,concern,6
PRSO|2015Q1,stem,shipment,concern,6
PRSO|2015Q2,stem,shipment,concern,6
PRSO|2015Q2,window25,network,threat,11
PRSO|2015Q3,stem,transport,concern,2
PRSO|2015Q4,stem,shipment,concern,6
PRSO|2016Q1,stem,shipment,concern,6
PRSO|2016Q2,stem,shipment,concern,6
PRSO|2016Q3,stem,network,uncertainty,3
PRSO|2016Q3,window25,oems,uncertainty,17
PRSO|2024Q2,window25,inventory,uncertain,21
SYNA|2010Q2,stem,forecast,volatile,5
SYNA|2010Q2,window25,backlog,lead times,25
SYNA|2012Q4,window25,manufacturing,risk,11
SYNA|2014Q2,window25,purchased,volatility,15
HPQ|2015Q3,stem,forecast,uncertain,3
SYNA|2015Q4,window25,storage,threats,14
SYNA|2019Q4,window25,customer,uncertainty,18
IBM|2016Q3,stem,deliver,risk,6
IBM|2016Q3,window25,customers,risks,16
IBM|2018Q1,window25,clients,risks,15
IBM|2021Q1,stem,buy,concern,10
IBM|2023Q4,stem,customer,concern,4
IBM|2023Q4,window25,supply chain,uncertainty,13
IBM|2024Q1,window25,clients,uncertainty,20
IBM|2024Q3,window25,customer,uncertain,15
IBM|2013Q2,window25,backlog,volatility,13
IBM|2015Q2,window25,clients,threats,20
IBM|2016Q2,window25,clients,uncertainty,23
UIS|2014Q1,window25,orders,uncertainty,11
UIS|2014Q2,stem,packag,risk,9
UIS|2014Q2,window25,buying,risk,22
IBM|2024Q4,hyphen,supply,volatility,1
UIS|2010Q2,window25,customers,concern,18
UIS|2010Q3,stem,customer,concern,3
UIS|2012Q2,window25,distributed,exposures,20
AVT|2016Q1,window25,order,volatility,12
AVT|2016Q3,window25,storage,exposure,15
AVT|2016Q4,window25,distribution,disruption,18
AVT|2020Q2,window25,customer,risk,12
SONY|2014Q3,window25,sourcing,exposure,18
UIS|2016Q4,window25,pipeline,uncertainty,11
UIS|2018Q2,window25,planning,volatile,12
UIS|2018Q3,window25,clients,risk,18
UIS|2022Q4,stem,forecast,volatility,3
UIS|2023Q2,window25,clients,concerns,12
UIS|2023Q3,window25,client,downside,16
UIS|2024Q4,stem,distribut,concern,5
SONY|2017Q4,stem,forecast,concern,6
SONY|2018Q4,stem,forecast,risk,5
SONY|2020Q2,window25,customer,risks,17
SONY|2023Q4,stem,oversea,concern,10
SONY|2023Q4,window25,order,volatile,11
MSI|2013Q1,window25,customers,uncertainty,13
MSI|2013Q2,window25,customers,uncertainty,11
MSI|2014Q1,window25,orders,risks,12
MSI|2015Q2,hyphen,backlog,risk,9
MSI|2015Q2,window25,backlog,risk,16
MSI|2016Q1,window25,customer,uncertain,15
MSI|2016Q2,stem,purchase,uncertainty,7
MSI|2016Q2,window25,networks,uncertain,21
MSI|2016Q3,window25,manufacturers,uncertainty,11
MSI|2018Q2,window25,routes,exposure,19
MSI|2022Q2,window25,backlog,concerns,14
MSI|2024Q1,stem,deliver,concern,7
MSI|2024Q1,window25,backlog,concern,17
ROG|2010Q2,window25,orders,lead times,12
ROG|2012Q1,stem,sourc,single sourc,0
ROG|2012Q1,window25,materials,exposure,25
ROG|2012Q2,hyphen,purchasing,risk,8
ROG|2012Q2,stem,forecast,uncertainty,7
ROG|2012Q3,window25,channel,lead times,11
ROG|2014Q2,stem,inventory,concern,5
ROG|2016Q1,window25,factory,lead times,15
ROG|2016Q2,stem,deliver,uncertainty,5
ROG|2016Q2,window25,customers,uncertainty,14
ROG|2018Q1,window25,manufacturers,sanctions,13
ABEO|2016Q2,window25,manufacturer,uncertain,22
ROG|2018Q4,hyphen,raw,lead time,1
ROG|2018Q4,window25,suppliers,disruption,12
ROG|2022Q1,stem,stock,concern,10
ROG|2023Q3,window25,factory,uncertain,20
ROG|2023Q4,window25,inventory,downside,19
ABEO|2021Q3,window25,deliver,uncertainty,21
ABEO|2022Q2,window25,buyers,lead time,12
AAPL|2010Q2,stem,forecast,risk,8
ABEO|2020Q3,stem,track,uncertain,10
AAPL|2013Q3,stem,forecast,risk,8
AAPL|2013Q3,window25,vendors,concerns,25
AAPL|2014Q1,stem,forecast,risk,8
AAPL|2014Q3,stem,forecast,risk,8
AAPL|2015Q1,stem,channel,concern,5
AAPL|2015Q3,stem,forecast,risk,8
AAPL|2016Q2,stem,forecast,risk,8
AAPL|2016Q3,stem,forecast,risk,8
AAPL|2016Q3,window25,customers,concerns,20
AAPL|2017Q2,stem,forecast,risk,8
AAPL|2017Q3,stem,forecast,risk,8
AAPL|2018Q1,stem,forecast,risk,8
AAPL|2018Q2,stem,forecast,risk,8
AAPL|2018Q3,stem,forecast,risk,8
AAPL|2019Q1,stem,forecast,risk,8
AAPL|2019Q2,stem,forecast,risk,8
AAPL|2019Q3,stem,forecast,risk,8
AAPL|2019Q3,window25,manufacturing,tariff,15
AAPL|2020Q3,stem,forecast,risk,8
AAPL|2020Q3,window25,customers,uncertain,18
AAPL|2022Q4,window25,supply,lead time,15
AAPL|2024Q3,stem,forecast,risk,8
GLW|2014Q1,window25,customers,trade disputes,14
GLW|2014Q2,window25,customers,concern,16
ADP|2010Q2,stem,forecast,downside,4
ADP|2010Q2,window25,client,risk,15
ADP|2010Q4,window25,planning,downside,20
ADP|2011Q1,stem,forecast,risk,7
ADP|2011Q1,window25,client,risk,12
ADP|2011Q2,stem,forecast,risk,7
ADP|2011Q2,window25,client,risk,12
ADP|2012Q3,window25,client,risk,25
ADP|2014Q1,window25,clients,risk,13
GLW|2018Q1,window25,supply,tariffs,21
GLW|2019Q2,window25,supply,concerns,16
GLW|2019Q4,stem,supply,concern,7
GLW|2019Q4,window25,supply,risks,11
GLW|2024Q3,hyphen,tracking,risk,10
ADP|2010Q1,window25,client,risk,14
GLW|2017Q1,window25,customer,concerns,16
ADP|2014Q4,window25,client,risk,21
ADP|2015Q3,window25,clients,risk,17
ADP|2016Q2,window25,clients,uncertainty,17
ADP|2016Q4,window25,client,uncertain,16
ADP|2018Q3,window25,delivery,volatile,18
ADP|2018Q4,window25,client,volatility,14
FEIM|2023Q4,window25,delivery,lead times,13
FEIM|2024Q4,window25,backlog,risky,16
ADP|2024Q3,window25,clients,concerns,16
ADP|2019Q1,window25,clients,disruption,14
ADP|2019Q2,window25,client,concerns,15
ADP|2019Q3,window25,distribution,concerns,25
ADP|2019Q4,window25,network,risk,11
ADP|2020Q2,window25,pipeline,volatility,15
ADP|2021Q2,window25,client,threat,22
ARW|2016Q3,stem,track,lead time,6
BMI|2011Q4,stem,stock,volatility,3
BMI|2011Q4,window25,customer,exposure,22
BMI|2016Q1,stem,stock,risk,4
BMI|2017Q2,stem,customer,concern,3
BMI|2017Q3,window25,customers,concern,20
BMI|2017Q4,window25,customers,disruptions,13
BMI|2018Q4,stem,order,concern,8
BMI|2020Q4,stem,stock,volatility,9
BMI|2020Q4,window25,customers,uncertainty,12
BMI|2023Q1,stem,customer,concern,3
BMI|2024Q3,window25,customer,concerns,19
CACI|2012Q2,window25,clients,uncertainty,19
CACI|2014Q2,window25,customers,uncertainty,13
CACI|2014Q4,window25,customers,threat,12
CACI|2015Q1,stem,customer,concern,10
CACI|2015Q1,window25,customers,concerns,14
CACI|2015Q3,window25,customer,threats,11
CACI|2016Q4,window25,customers,cyber threats,13
CACI|2017Q2,stem,forecast,risk,5
ALOT|2017Q4,window25,planning,exposure,12
CACI|2020Q2,window25,customers,susceptible,23
CACI|2023Q1,window25,customers,susceptible,20
ALOT|2015Q1,stem,backlog,concern,3
ALOT|2020Q4,window25,supply,uncertain,16
ALOT|2021Q1,window25,vendor,disruption,16
ALOT|2022Q3,window25,supply chain,uncertainty,12
ALOT|2024Q1,stem,deliver,volatile,2
ADSK|2012Q2,window25,customer,contingencies,17
ORCL|2011Q1,window25,clients,disruption,16
ORCL|2013Q3,window25,customers,concerns,13
ORCL|2015Q4,window25,customers,threats,25
ORCL|2019Q4,window25,customers,vulnerabilities,22
ORCL|2020Q1,window25,customers,susceptible,25
ORCL|2021Q4,window25,customers,risky,19
ORCL|2023Q3,stem,customer,concern,4
ORCL|2023Q3,window25,customers,exposure,20
ADSK|2013Q1,window25,customer,concerns,16
ADSK|2013Q3,window25,forecasting,uncertainty,14
ADSK|2015Q4,window25,manufacturing,concern,11
ADSK|2016Q4,stem,customer,concern,4
ADSK|2017Q3,window25,customers,uncertain,19
ADSK|2020Q1,window25,customer,tariff,12
ADSK|2023Q2,window25,customers,uncertainty,13
ADSK|2024Q4,window25,contractor,risk,11
ORCL|2024Q3,window25,customer,ransomware,19
MSFT|2011Q2,window25,customers,uncertain,22
MSFT|2015Q2,window25,oem,risk,18
CLFD|2024Q3,stem,fulfill,lead time,8
CLFD|2024Q3,window25,orders,lead times,11
MSFT|2016Q1,window25,customers,threats,25
MSFT|2017Q2,window25,customer,volatility,23
MSFT|2018Q1,stem,plann,volatility,7
MSFT|2018Q1,window25,materials,volatility,16
MSFT|2024Q1,stem,component,concern,10
MSFT|2024Q2,window25,supply,bottlenecks,14
ADBE|2012Q2,window25,customers,risk,19
ADBE|2016Q4,window25,retail,disruption,11
ADBE|2018Q1,window25,customer,concerns,14
ADBE|2018Q4,stem,customer,concern,5
ADBE|2018Q4,window25,customers,exposure,11
WDC|2015Q4,stem,customer,concern,8
WDC|2017Q2,stem,shipp,concern,7
WDC|2017Q2,window25,storage,risks,22
WDC|2022Q4,window25,inventory,volatile,14
CTS|2013Q2,window25,customers,exposure,18
ADBE|2021Q2,window25,customers,concerns,20
ADBE|2022Q2,window25,planning,downside,11
ADBE|2023Q1,window25,customers,uncertainty,19
ADBE|2024Q1,stem,stock,concern,8
WDC|2013Q4,stem,storage,concern,3
WDC|2014Q1,stem,storage,concern,4
WDC|2014Q4,stem,customer,concern,6
WDC|2015Q1,stem,customer,concern,5
CTS|2014Q1,window25,suppliers,exposure,23
CTS|2020Q2,window25,plant,uncertain,22
TYL|2012Q1,stem,client,concern,8
TYL|2012Q4,stem,stock,volatility,3
TYL|2012Q4,window25,retail,exposure,17
TYL|2014Q2,window25,channel,risk,11
PAR|2013Q1,window25,customers,volatile,11
TYL|2018Q3,window25,customers,disruption,12
TYL|2018Q4,stem,stock,volatility,6
TYL|2018Q4,window25,customers,risks,15
PAR|2016Q4,window25,customer,disruption,12
TYL|2014Q3,window25,channel,risk,11
TYL|2015Q1,window25,clients,volatility,15
TYL|2015Q4,window25,backlog,volatility,25
TYL|2022Q2,window25,client,uncertain,19
TYL|2023Q4,window25,clients,ransomware,17
PAR|2010Q1,stem,storage,concern,10
PAR|2010Q1,window25,customer,risks,11
PAR|2012Q1,window25,customer,risk,12
PAR|2019Q3,window25,customers,bottlenecks,19
PAR|2024Q4,window25,customers,disruption,24
CGNX|2012Q1,window25,logistics,threat,21
CGNX|2013Q4,window25,oem,volatile,13
CGNX|2014Q2,window25,suppliers,concern,15
CGNX|2015Q2,window25,manufacturers,uncertainty,15
CGNX|2015Q3,window25,vendors,exposure,13
CGNX|2017Q1,stem,manufacturer,concern,4
CGNX|2017Q1,window25,orders,risk,18
ERIC|2021Q1,window25,customers,threats,21
GEN|2021Q1,window25,deliver,threats,21
GEN|2022Q4,window25,customers,uncertainties,18
PTC|2010Q1,window25,channels,risk,20
PTC|2010Q3,stem,forecast,risk,5
GEN|2011Q4,window25,customers,threats,14
GEN|2012Q4,window25,buying,threat,12
GEN|2013Q2,window25,customer,risks,20
GEN|2020Q3,window25,deliver,theft,17
PTC|2011Q2,window25,customers,volatility,11
PTC|2013Q1,stem,customer,concern,6
PTC|2013Q1,window25,manufacturers,disruption,17
PTC|2014Q1,window25,deliver,uncertain,16
PTC|2014Q2,stem,pipeline,concern,7
PTC|2014Q2,window25,pipeline,concerns,11
CGNX|2019Q2,window25,customer,uncertainty,11
CGNX|2019Q3,window25,logistics,uncertainty,18
MEI|2013Q3,window25,raw,risks,13
MEI|2017Q2,window25,manufacturing,tariff,25
CSCO|2012Q1,window25,pipeline,risk,13
CSCO|2012Q2,window25,customers,risk,11
AGYS|2013Q1,window25,retail,uncertainty,14
AGYS|2014Q3,window25,customers,downside,24
PTC|2017Q3,window25,pipeline,exposure,12
PTC|2018Q4,stem,pipeline,concern,8
AGYS|2015Q2,window25,customers,risk,21
PTC|2019Q2,stem,forecast,concern,7
PTC|2019Q3,window25,customers,concerns,16
PTC|2019Q4,window25,customers,concerns,13
PTC|2023Q3,window25,customers,risk,14
DGII|2012Q4,window25,customer,exposure,12
DGII|2014Q1,window25,customers,volatility,11
AGYS|2022Q1,window25,backlog,uncertainty,13
AGYS|2023Q2,stem,customer,concern,6
AGYS|2024Q2,stem,track,concern,6
DGII|2019Q2,window25,manufacturing,tariffs,12
DGII|2019Q3,window25,inventory,tariffs,23
CSCO|2012Q3,window25,customers,uncertain,17
CSCO|2012Q4,window25,order,risk,11
CSCO|2013Q2,stem,order,concern,8
CSCO|2013Q3,window25,customers,risk,16
CSCO|2015Q3,window25,customers,disruption,11
CSCO|2021Q1,window25,customers,uncertainties,21
RELL|2011Q2,window25,overseas,exposure,23
RELL|2014Q1,window25,orders,concerns,19
COHR|2015Q3,window25,components,exposure,16
COHR|2016Q4,stem,production,concern,9
COHR|2017Q3,window25,customers,concern,16
COHR|2018Q2,stem,forecast,uncertain,6
COHR|2018Q2,window25,buying,uncertain,15
DGII|2020Q1,window25,purchasing,risk,16
DGII|2023Q4,window25,customers,concerns,22
COHR|2014Q1,stem,customer,concern,3
COHR|2014Q3,window25,purchasing,concern,17
COHR|2015Q2,window25,production,concern,20
RELL|2015Q3,window25,customers,volatility,13
RELL|2018Q2,window25,oem,risk,13
CDNS|2017Q3,stem,storage,concern,4
CDNS|2018Q2,window25,customers,concerns,19
CDNS|2021Q1,window25,customer,concern,22
JKHY|2012Q4,window25,customers,uncertainty,19
JKHY|2014Q4,stem,forecast,uncertain,5
CDNS|2013Q4,window25,customers,uncertain,12
CDNS|2016Q3,window25,customers,concerns,18
CDNS|2016Q4,window25,customers,bottlenecks,18
PAYX|2019Q1,window25,clients,tariff,11
PAYX|2019Q2,window25,buying,uncertain,15
PAYX|2021Q3,window25,planning,concern,15
PAYX|2021Q4,window25,clients,risks,20
PAYX|2022Q2,stem,client,concern,4
PAYX|2022Q2,window25,fulfill,uncertainties,16
PAYX|2023Q3,window25,clients,uncertainty,14
CDNS|2022Q4,stem,customer,concern,2
LYTS|2020Q1,window25,customers,disruption,15
LYTS|2023Q3,window25,customers,risks,11
LYTS|2024Q4,window25,customers,disruptions,25
PAYX|2010Q1,window25,clients,volatility,14
PAYX|2010Q2,window25,client,concerns,23
PAYX|2010Q3,window25,clients,volatility,11
PAYX|2011Q1,window25,delivering,uncertain,11
PAYX|2012Q1,stem,buy,risk,7
PAYX|2014Q4,stem,deliver,risk,9
PAYX|2015Q4,stem,deliver,risk,6
PAYX|2015Q4,window25,clients,exposure,16
PAYX|2016Q1,hyphen,client,risk,9
PAYX|2016Q1,window25,clients,disruption,12
IDCC|2017Q3,window25,order,volatility,25
IDCC|2014Q4,stem,track,concern,6
JKHY|2018Q1,window25,customers,risk,12
JKHY|2018Q2,window25,pipeline,risk,12
JKHY|2021Q2,stem,customer,concern,3
JKHY|2023Q4,stem,customer,concern,2
IDCC|2018Q3,stem,customer,concern,8
IDCC|2020Q1,stem,forecast,risk,2
IDCC|2020Q1,window25,shipments,uncertainty,11
IDCC|2021Q4,stem,track,risk,6
IDCC|2021Q4,window25,delivers,risks,15
CSPI|2011Q1,window25,customer,risks,20
IDCC|2012Q1,window25,order,uncertain,17
CSPI|2012Q1,window25,customer,uncertainty,16
CSPI|2012Q2,window25,production,uncertain,21
CSPI|2012Q4,hyphen,source,single source,0
CSPI|2012Q4,stem,track,volatility,9
CSPI|2012Q4,window25,shipments,volatility,20
CSPI|2013Q2,hyphen,source,single source,0
IDCC|2024Q4,stem,customer,concern,1
PLXS|2015Q3,stem,network,volatile,7
PLXS|2015Q3,window25,customers,volatility,12
PLXS|2018Q1,stem,delivery,concern,2
CSPI|2015Q2,window25,customer,volatility,17
CLDX|2014Q4,window25,manufacturing,concern,11
CLDX|2015Q2,window25,order,hazard,14
CSPI|2020Q4,window25,network,threats,12
CSPI|2022Q3,window25,network,threat,23
CSPI|2024Q2,window25,manufacturing,threat,15
CSPI|2024Q4,window25,customers,risk,13
AXP|2010Q4,window25,customers,risk,11
CSPI|2016Q4,hyphen,network,vulnerabilities,4
CSPI|2016Q4,stem,purchase,vulnerability,8
CSPI|2017Q1,window25,customers,risk,11
CSPI|2018Q4,window25,network,vulnerability,12
AXP|2011Q2,window25,customers,risk,11
AXP|2012Q1,window25,customer,concern,12
AXP|2012Q3,window25,customers,risk,22
AXP|2014Q1,stem,stock,volatile,1
AXP|2018Q1,stem,forecast,risk,3
AXP|2018Q3,window25,customers,volatility,22
AXP|2018Q4,window25,planning,risk,12
AXP|2019Q1,window25,components,exposure,24
AXP|2021Q3,stem,buy,threat,9
AXP|2021Q4,stem,buy,concern,2
AXP|2022Q2,window25,customer,uncertainties,21
AXP|2023Q3,window25,components,threat,18
AXP|2024Q2,window25,customers,risk,12
AXP|2024Q3,window25,customer,uncertain,25
WFC|2010Q1,window25,customer,risky,14
WFC|2010Q2,window25,retail,volatile,14
WFC|2010Q3,stem,purchase,exposure,1
WFC|2013Q2,window25,material,risk,12
WFC|2014Q3,hyphen,customers,risk,6
WFC|2014Q3,window25,customer,risk,21
WFC|2015Q3,window25,wholesale,risk,11
WFC|2019Q4,stem,forecast,volatility,7
WFC|2023Q4,window25,planning,risk,16
C|2010Q1,window25,clients,risk,20
C|2012Q4,hyphen,customers,risk,3
C|2013Q4,window25,production,concerns,19
C|2014Q3,window25,forecasting,risk,15
C|2015Q1,hyphen,planning,risk,6
C|2015Q1,window25,planning,risk,20
C|2016Q3,window25,client,exposures,19
C|2017Q4,window25,clients,volatility,14
AFG|2011Q3,window25,materials,uncertainty,16
AFG|2011Q4,stem,stock,risk,1
AFG|2012Q1,stem,plann,exposure,7
AFG|2012Q1,window25,transportation,volatile,23
AFG|2012Q4,window25,materials,natural disasters,25
AFG|2014Q4,window25,transportation,risk,11
AFG|2015Q4,stem,stock,exposure,6
AFG|2015Q4,window25,buyers,exposure,14
AFG|2021Q2,window25,transportation,exposures,14
AFG|2022Q3,stem,stock,exposure,5
AFG|2022Q3,window25,trucking,concern,20
AFG|2022Q4,stem,stock,exposure,5
AFG|2023Q4,hyphen,purchasing,risk,5
AFG|2023Q4,window25,production,exposures,15
AFG|2024Q2,window25,material,risks,18
AFG|2024Q4,window25,transportation,exposures,12
AFG|2016Q2,window25,distribution,disruption,16
AFG|2017Q3,window25,material,disruption,15
AFG|2017Q4,window25,distribution,concerns,14
AFG|2018Q3,stem,stock,volatility,3
AFG|2018Q3,window25,tracking,volatility,20
AFG|2020Q2,stem,forecast,uncertainty,4
AFG|2020Q2,window25,transportation,exposures,15
SF|2012Q2,stem,customer,concern,6
SF|2017Q3,window25,finished,volatility,24
SF|2017Q4,window25,client,risk,20
SF|2019Q2,hyphen,client,risk,8
SF|2019Q3,window25,pipelines,concerns,20
SF|2020Q4,window25,client,volatility,11
SF|2021Q4,window25,pipelines,volatility,12
SF|2022Q4,window25,clients,volatility,23
SF|2023Q1,hyphen,clients,risk,9
SF|2023Q1,window25,clients,risk,16
BN|2014Q4,window25,client,risk,13
BN|2015Q2,stem,deliver,risk,6
BN|2015Q2,window25,pipeline,disruption,14
BN|2015Q4,window25,buying,exposure,11
BN|2016Q1,stem,stock,volatility,2
BN|2016Q2,window25,planning,uncertainty,17
BN|2018Q4,stem,stock,volatility,2
BN|2019Q4,stem,buy,risk,3
BN|2019Q4,window25,clients,risk,15
BN|2020Q1,window25,pipeline,downside,23
SF|2024Q1,hyphen,clients,risk,7
SF|2024Q1,window25,source,volatility,12
BN|2013Q2,stem,buy,risk,9
BN|2013Q4,hyphen,clients,risk,5
BN|2020Q2,window25,clients,risks,12
BN|2022Q2,window25,deliver,exposure,18
BN|2024Q4,window25,clients,risk,12
JPM|2011Q2,window25,buyers,risk,16
JPM|2012Q2,stem,buy,risk,7
JPM|2012Q2,window25,client,risk,17
JPM|2012Q3,window25,production,concern,14
JPM|2013Q2,window25,wholesale,volatility,19
JPM|2018Q3,window25,manufacturing,risks,13
JPM|2021Q1,window25,wholesale,uncertainties,20
JPM|2021Q3,hyphen,distributed,risk,6
AFL|2010Q4,window25,material,uncertain,15
AFL|2011Q3,window25,channel,natural disaster,12
AFL|2012Q2,stem,stock,exposure,8
AFL|2012Q2,window25,production,risk,13
AFL|2013Q2,window25,planning,volatility,17
AFL|2023Q4,window25,route,exposure,23
AFL|2024Q3,hyphen,order,risk,4
AFL|2024Q4,hyphen,order,risk,4
AFL|2024Q4,window25,customer,concern,20
WRB|2010Q1,hyphen,buyer,risk,10
WRB|2010Q1,stem,buy,volatility,3
WRB|2010Q2,stem,track,exposure,1
WRB|2011Q3,stem,stock,volatile,5
WRB|2012Q2,window25,buying,risk,23
WRB|2013Q1,window25,planning,volatility,14
WRB|2013Q2,stem,stock,volatility,3
WRB|2014Q3,window25,buying,risk,19
WRB|2015Q4,stem,buy,concern,6
WRB|2015Q4,window25,distributors,disruptions,11
AFL|2015Q4,window25,material,risk,12
AFL|2016Q1,window25,purchasing,volatility,21
AFL|2017Q1,stem,buy,risk,9
AFL|2017Q4,stem,customer,concern,6
AFL|2017Q4,window25,customers,concerns,17
AFL|2020Q4,hyphen,order,risk,4
AFL|2020Q4,window25,sourcing,exposure,18
AFL|2021Q2,window25,distribution,uncertain,14
AFL|2023Q2,hyphen,delivering,risk,2
AFL|2023Q3,hyphen,order,risk,4
WRB|2017Q1,stem,distribution,concern,9
WRB|2017Q1,window25,fleets,risk,24
WRB|2018Q2,window25,buyer,tariffs,13
WRB|2019Q1,window25,customers,risk,24
WRB|2019Q2,window25,components,risk,20
WRB|2020Q4,hyphen,order,risk,5
WRB|2022Q4,stem,purcha,concern,4
BOH|2017Q2,window25,pipeline,risk,25
BOH|2018Q3,window25,customers,volatility,17
BOH|2021Q2,stem,forecast,risk,8
BOH|2021Q3,stem,forecast,risk,8
BOH|2022Q4,window25,wholesale,risks,18
WRB|2024Q1,hyphen,order,risk,4
WRB|2024Q3,window25,deliver,concern,22
BOH|2011Q4,stem,finish,risk,6
BOH|2023Q1,window25,component,exposures,23
BOH|2023Q2,window25,purchased,volatility,17
AJG|2015Q2,window25,clients,risk,13
AJG|2018Q1,window25,pipeline,risk,11
AJG|2018Q2,stem,deliver,risk,5
AJG|2018Q2,window25,delivering,risk,11
AIG|2023Q4,stem,stock,volatility,8
AIG|2023Q4,window25,components,risk,18
BEN|2010Q1,window25,pipeline,risk,22
BEN|2011Q3,hyphen,client,concerns,5
BEN|2015Q3,window25,retail,volatility,11
BEN|2018Q1,window25,retail,risk,15
BEN|2018Q2,window25,distribution,volatility,13
BEN|2019Q1,window25,buying,volatility,11
BEN|2020Q1,hyphen,distribution,risk,7
AIG|2012Q3,hyphen,distributions,risk,4
AIG|2012Q4,window25,distribution,risk,20
AIG|2014Q1,window25,customer,risk,19
AIG|2022Q3,hyphen,retail,risk,4
AIG|2022Q3,window25,wholesale,exposure,18
AIG|2023Q3,hyphen,order,risk,5
AIG|2023Q3,window25,purchasing,volatility,13
ASB|2014Q3,window25,customers,volatility,12
ASB|2016Q3,window25,customers,exposures,15
CB|2014Q1,window25,purchased,perils,12
CB|2014Q4,window25,wholesale,risk,11
CB|2020Q3,hyphen,clients,risk,5
CB|2020Q3,window25,customer,risk,17
CB|2024Q2,hyphen,retail,exposure,7
CB|2024Q2,window25,customers,exposure,18
CB|2024Q4,window25,finished,risk,23
ASB|2010Q2,window25,customers,risk,14
ASB|2011Q3,window25,deliver,hazard,23
ASB|2011Q4,window25,warehouse,volatile,14
LNC|2012Q2,window25,distribution,volatility,17
LNC|2014Q2,window25,distribution,risk,20
LNC|2014Q4,stem,stock,risk,6
LNC|2014Q4,window25,production,risk,12
LNC|2015Q1,window25,channels,risk,11
LNC|2016Q1,window25,distribution,exposure,11
LNC|2017Q2,window25,customer,risk,16
LNC|2017Q3,window25,source,uncertainty,12
BEN|2023Q1,hyphen,distributions,risk,4
BEN|2024Q4,window25,clients,risk,14
CB|2011Q3,window25,retail,exposure,11
CB|2012Q4,window25,clients,exposure,16
CB|2013Q3,window25,retail,risk,13
ASB|2018Q3,stem,component,concern,7
ASB|2022Q4,stem,forecast,uncertainty,3
ASB|2022Q4,window25,customers,uncertain,14
ASB|2024Q3,window25,finished,risk,21
LNC|2010Q3,window25,distribution,risk,11
LNC|2023Q1,stem,deliver,volatility,7
LNC|2023Q1,window25,retail,volatility,17
LNC|2023Q4,hyphen,delivering,risk,9
LNC|2023Q4,stem,stock,concern,7
LNC|2024Q1,hyphen,delivering,risk,2
LNC|2024Q2,window25,distribution,risk,12
LNC|2024Q3,hyphen,delivering,risk,2
LNC|2024Q3,window25,distribution,risk,16
AEG|2013Q1,window25,production,risk,22
LNC|2018Q1,stem,stock,exposure,7
LNC|2018Q1,window25,deliver,risk,20
LNC|2018Q3,window25,distribution,concern,18
LNC|2019Q2,window25,purchases,risk,24
LNC|2021Q2,window25,distribution,risk,18
LNC|2022Q3,window25,distribution,disruption,14
CNA|2015Q4,window25,material,volatile,12
AEG|2021Q3,window25,customers,risk,20
AEG|2022Q1,window25,deliver,risks,20
CNA|2010Q1,window25,purchases,volatility,19
CNA|2010Q4,stem,stock,risk,5
CNA|2010Q4,window25,delivering,exposures,13
CNA|2017Q2,window25,distribution,concerns,22
CNA|2017Q3,window25,material,exposures,14
CNA|2018Q1,window25,client,exposures,20
CNA|2018Q2,window25,components,risk,14
CNA|2018Q4,stem,wholesale,concern,6
CNA|2018Q4,window25,purchasing,volatility,15
AEG|2014Q3,window25,customers,uncertainty,19
AEG|2015Q2,window25,package,volatility,12
AEG|2016Q1,hyphen,order,risks,1
AEG|2016Q3,window25,buyer,risk,14
AEG|2018Q2,stem,stock,danger,4
AEG|2019Q4,window25,distribution,exposure,16
CNA|2022Q1,window25,purchased,exposure,11
CNA|2022Q4,window25,clients,exposure,12
CNA|2023Q1,stem,stock,risk,6
CBU|2014Q3,window25,planning,risk,23
CBU|2014Q4,hyphen,buying,risk,8
CBU|2016Q2,window25,buyer,risk,19
GHI|2018Q2,stem,buy,risk,6
CBU|2018Q2,stem,customer,concern,3
CBU|2019Q1,window25,customers,risks,23
CBU|2019Q4,window25,purchased,exposure,22
CBU|2021Q1,window25,buying,risk,20
CBU|2021Q2,stem,forecast,risk,10
CBU|2021Q2,window25,inventory,volatile,14
CBU|2022Q2,window25,deliver,concerns,23
CBU|2022Q3,window25,pipelines,volatile,20
BAC|2011Q2,window25,materials,exposure,12
BAC|2014Q1,window25,customers,theft,16
BAC|2015Q2,window25,order,risk,11
BAC|2018Q1,stem,stock,risk,8
BAC|2022Q4,stem,stock,volatility,10
BAC|2022Q4,window25,clients,volatility,11
BAC|2023Q3,window25,client,exposure,13
BAC|2023Q4,window25,client,volatility,12
BAC|2024Q1,hyphen,client,risk,7
BAC|2024Q1,window25,materials,uncertainties,18
BAC|2024Q3,window25,materials,uncertainties,18
STT|2011Q2,stem,forecast,concern,1
STT|2013Q1,hyphen,client,risk,1
PGR|2011Q4,window25,customers,concern,11
PGR|2012Q3,stem,customer,concern,10
PGR|2012Q3,window25,customers,concern,13
PGR|2014Q2,window25,customers,risks,19
PGR|2017Q1,window25,purchased,volatile,14
STT|2015Q2,window25,client,disruptions,20
STT|2016Q1,window25,channels,exposures,24
STT|2016Q3,hyphen,client,volatility,2
STT|2016Q3,window25,clients,risk,13
STT|2016Q4,hyphen,client,volatility,2
STT|2021Q2,hyphen,clients,risk,7
STT|2021Q2,window25,client,volatility,12
STT|2021Q3,window25,client,volatility,11
STT|2021Q4,stem,purchase,contingency,3
STT|2021Q4,window25,client,volatility,18
STT|2023Q1,stem,source,concern,2
STT|2023Q1,window25,clients,uncertainty,11
STT|2024Q4,window25,client,risk,23
PGR|2010Q2,stem,track,concern,9
PGR|2011Q2,window25,channel,concerns,25
PGR|2017Q2,window25,manufacturers,risks,15
PGR|2020Q2,stem,customer,concern,8
PGR|2023Q1,window25,customers,exposures,14
TRV|2012Q2,window25,production,risk,11
TRV|2012Q4,window25,production,risk,16
TRV|2015Q2,window25,source,risk,21
BCS|2012Q3,stem,forecast,uncertainty,7
BCS|2012Q3,window25,distribution,risk,14
BCS|2015Q1,stem,track,risk,9
BCS|2015Q1,window25,order,exposure,22
BCS|2019Q4,stem,forecast,uncertainty,4
TRV|2016Q1,window25,components,exposures,12
TRV|2016Q3,stem,buy,risk,2
TRV|2016Q3,window25,forecasting,exposure,12
TRV|2016Q4,stem,distribut,concern,4
TRV|2019Q2,stem,stock,concern,10
TRV|2019Q2,window25,deliver,exposure,15
TRV|2019Q3,window25,productions,uncertainty,22
TRV|2020Q3,stem,buy,risk,7
TRV|2020Q3,window25,buying,uncertainty,11
TRV|2023Q1,window25,source,uncertainty,13
BCS|2011Q3,window25,retail,risk,20
MBI|2012Q2,window25,material,volatile,11
MBI|2015Q1,stem,track,exposure,4
MBI|2015Q1,window25,source,exposures,25
MBI|2015Q2,stem,purchase,exposure,7
MBI|2015Q2,window25,material,exposure,14
MBI|2020Q2,window25,transportation,exposure,25
MBI|2020Q3,window25,material,risk,19
MBI|2021Q2,window25,material,risk,19
MBI|2022Q1,window25,distributions,exposure,14
MBI|2022Q3,stem,order,exposure,9
MBI|2022Q3,window25,buyer,exposure,21
MBI|2017Q3,stem,stock,volatility,3
UNM|2021Q1,window25,finished,risk,19
UNM|2022Q3,window25,delivering,risk,15
MBI|2011Q1,window25,manufactured,uncertainty,23
UNM|2013Q2,window25,package,risk,21
UNM|2014Q2,window25,component,risk,24
UNM|2015Q1,window25,client,volatility,16
UNM|2015Q2,hyphen,source,risk,7
UNM|2016Q2,hyphen,material,risk,8
UNM|2016Q2,window25,buying,risk,11
UNM|2017Q3,window25,delivering,volatility,11
UNM|2017Q4,window25,material,volatility,16
UNM|2018Q2,window25,logistic,volatility,13
UNM|2018Q4,hyphen,finished,risk,7
UNM|2019Q2,window25,buying,risk,20
UNM|2019Q3,window25,customers,volatile,17
UNM|2019Q4,window25,customers,risk,13
UNM|2020Q3,hyphen,finished,risk,9
UNM|2020Q3,window25,customers,uncertainty,11
UNM|2020Q4,hyphen,finished,risk,9
UNM|2020Q4,window25,deliver,disruption,16
UNM|2011Q1,window25,components,risk,12
UNM|2012Q1,stem,track,volatility,2
UNM|2012Q1,window25,customer,volatility,11
UNM|2012Q2,window25,source,risk,23
MBI|2022Q4,window25,transportation,exposure,12
MBI|2023Q4,stem,stock,uncertain,6
MBI|2023Q4,window25,buying,uncertain,17
MBI|2024Q1,window25,purchases,volatility,14
MBI|2024Q2,window25,material,risk,18
L|2010Q1,window25,planning,concerns,14
L|2011Q1,window25,fleet,exposure,18
L|2011Q2,window25,distribution,risk,11
L|2011Q4,window25,sources,concern,23
L|2012Q4,stem,stock,uncertainty,10
L|2012Q4,window25,supply,uncertainty,25
L|2014Q2,hyphen,manufacturing,risk,2
L|2014Q2,window25,fleet,uncertain,12
L|2014Q3,hyphen,pipeline,uncertain,9
L|2015Q1,window25,order,volatile,19
L|2015Q3,stem,distribution,concern,3
L|2016Q3,stem,buy,concern,6
L|2016Q3,window25,network,risks,25
L|2017Q1,window25,manufacturing,disruption,16
L|2023Q3,window25,pipeline,risk,14
L|2024Q3,window25,distributions,lead times,15
L|2018Q1,window25,distribution,exposure,14
L|2018Q3,window25,network,risks,14
L|2019Q1,stem,stock,volatility,3
L|2019Q1,window25,distributors,risk,16
NBN|2020Q1,window25,buying,volatility,15
NBN|2024Q3,stem,track,risk,9
KEY|2010Q2,window25,clients,theft,12
KEY|2010Q3,window25,delivery,disruption,12
USB|2012Q4,window25,retail,risk,23
USB|2013Q4,window25,customers,risk,12
USB|2014Q2,window25,customers,threat,14
USB|2015Q1,window25,production,risk,12
KEY|2011Q4,window25,materials,risk,19
KEY|2012Q2,stem,plann,concern,9
KEY|2012Q2,window25,materials,risk,14
KEY|2012Q4,window25,delivery,risk,20
KEY|2014Q1,window25,materials,risk,17
KEY|2014Q3,hyphen,pipeline,risk,2
KEY|2014Q3,window25,client,concern,15
KEY|2015Q3,window25,pipeline,disruption,11
KEY|2015Q4,window25,materials,risk,17
KEY|2019Q2,stem,client,concern,9
KEY|2019Q2,window25,pipelines,risk,11
KEY|2020Q3,window25,materials,risk,17
KEY|2023Q4,hyphen,clients,risk,9
KEY|2023Q4,window25,deliver,volatility,15
USB|2011Q3,window25,customers,risk,11
USB|2012Q1,window25,pipelines,uncertainty,23
USB|2012Q3,window25,customers,risk,14
USB|2018Q1,stem,track,uncertain,5
USB|2020Q4,stem,track,risk,4
USB|2020Q4,window25,clients,uncertainty,15
USB|2021Q2,stem,customer,concern,7
USB|2021Q3,window25,customers,risks,11
USB|2022Q1,window25,retail,risk,25
USB|2022Q2,window25,customers,uncertainty,18
KEY|2016Q1,stem,forecast,downside,9
KEY|2016Q1,window25,materials,risk,18
KEY|2016Q2,window25,materials,risk,18
KEY|2016Q3,window25,materials,risk,17
KEY|2016Q4,window25,materials,risk,17
KEY|2018Q2,window25,clients,tariffs,17
KEY|2018Q3,window25,purchased,exposure,14
KEY|2018Q4,window25,pipelines,risk,11
KEY|2019Q1,window25,pipelines,risk,11
USB|2023Q2,hyphen,order,risk,4
USB|2023Q2,window25,material,volatility,11
USB|2024Q2,window25,retail,risk,12
MRSH|2010Q4,window25,clients,risk,21
MRSH|2011Q2,stem,pipeline,concern,8
MRSH|2011Q2,window25,client,exposure,18
MRSH|2011Q4,stem,deliver,risk,7
MRSH|2011Q4,window25,delivering,risk,22
MRSH|2014Q1,window25,delivering,risk,20
RLI|2015Q1,window25,customers,exposure,20
RLI|2015Q4,stem,finish,risk,10
RLI|2015Q4,window25,transportation,disruption,15
RLI|2016Q4,window25,transportation,exposure,16
RLI|2017Q2,window25,transportation,risks,14
RLI|2018Q1,window25,buyers,risks,22
RLI|2018Q2,window25,delivering,exposures,18
RLI|2019Q3,window25,transportation,exposures,16
RLI|2023Q4,hyphen,material,risk,7
RLI|2023Q4,window25,purchased,risk,12
RLI|2024Q1,stem,track,risk,10
RLI|2024Q1,window25,customers,risk,19
RJF|2011Q4,window25,retail,volatile,12
GL|2018Q1,stem,stock,volatility,9
RJF|2012Q3,window25,buying,uncertain,19
RJF|2013Q1,window25,pipeline,uncertainty,15
RJF|2014Q1,stem,retail,concern,3
RJF|2014Q1,window25,client,risk,13
RJF|2014Q2,hyphen,retail,risk,5
RJF|2014Q2,stem,production,concern,10
RJF|2014Q2,window25,backlog,risk,21
RJF|2014Q3,window25,retail,lead time,14
RJF|2014Q4,stem,track,risk,9
RJF|2014Q4,window25,client,concern,14
GL|2015Q1,stem,stock,concern,3
RJF|2016Q2,window25,inventories,risk,14
RJF|2019Q3,window25,pipeline,uncertainties,13
RJF|2021Q1,window25,pipeline,uncertainty,11
GL|2010Q1,window25,distribution,uncertainties,13
GL|2013Q1,stem,stock,concern,3
GL|2021Q4,window25,component,concern,13
SAN|2011Q2,window25,wholesale,exposure,12
SAN|2011Q4,window25,order,risk,17
SAN|2012Q1,stem,stock,concern,8
SAN|2012Q2,stem,supplier,concern,1
SAN|2012Q4,window25,components,risk,12
SAN|2014Q2,hyphen,sources,risk,5
SAN|2014Q2,stem,customer,concern,9
SAN|2015Q3,hyphen,customer,risk,6
SAN|2015Q3,stem,forecast,risk,4
SAN|2015Q3,window25,customer,risk,12
SAN|2017Q3,stem,forecast,exposure,10
SAN|2020Q1,window25,customers,risk,16
SAN|2021Q1,window25,customer,risk,17
SAN|2021Q4,window25,retail,risk,15
SLM|2018Q2,hyphen,customers,risk,1
SLM|2018Q3,window25,customers,concern,16
SLM|2019Q1,stem,stock,concern,8
SAN|2022Q2,stem,finish,risk,8
SAN|2022Q2,window25,order,risk,12
SAN|2024Q1,stem,retail,concern,8
SAN|2024Q1,window25,client,risk,11
SLM|2010Q1,stem,purchase,contingency,2
SLM|2013Q1,window25,distribution,risk,23
SLM|2013Q3,window25,customers,concerns,21
SLM|2013Q4,window25,customers,concern,15
SLM|2014Q3,window25,customer,risk,15
SLM|2019Q3,stem,customer,concern,7
SLM|2020Q2,hyphen,customers,risk,1
SLM|2020Q2,window25,client,risk,18
SLM|2021Q3,stem,forecast,uncertainty,6
SLM|2021Q4,window25,customers,disruption,11
SLM|2022Q1,stem,track,risk,4
SLM|2022Q1,window25,buyer,volatility,15
SLM|2022Q2,window25,components,exposure,22
SLM|2022Q3,stem,forecast,concern,7
SLM|2022Q3,window25,customers,volatile,25
SLM|2023Q1,stem,forecast,concern,8
SLM|2023Q1,window25,buyers,uncertain,17
SLM|2023Q2,stem,forecast,concern,8
SLM|2023Q2,window25,buyer,uncertain,19
SLM|2023Q4,window25,deliver,risk,11
AB|2013Q1,window25,clients,exposure,17
AB|2013Q3,window25,clients,risk,13
AB|2014Q1,window25,orders,concern,20
AB|2018Q3,window25,retail,volatile,19
AB|2018Q4,window25,retail,volatile,17
AB|2021Q3,window25,component,volatility,11
AB|2021Q4,window25,clients,volatile,13
AB|2022Q2,window25,client,exposures,11
AB|2022Q4,stem,forecast,uncertainty,5
AB|2022Q4,window25,client,downside,23
CIA|2012Q4,window25,order,uncertainty,25
CIA|2014Q2,window25,production,volatility,23
PNC|2022Q1,window25,retail,risk,19
PNC|2022Q4,stem,buy,downside,1
PNC|2022Q4,window25,wholesale,concern,14
PNC|2024Q4,window25,deliver,uncertainties,12
CIA|2011Q4,stem,client,concern,7
GTY|2017Q3,window25,retail,volatility,23
GTY|2019Q1,window25,pipeline,volatility,12
PNC|2010Q1,window25,deliver,risk,14
PNC|2012Q2,stem,buy,susceptible,5
PNC|2013Q1,stem,production,concern,2
PNC|2013Q1,window25,pipeline,uncertainty,14
PNC|2014Q3,window25,manufacturing,volatility,13
BRT|2022Q4,window25,supply,concerns,20
GTY|2020Q2,window25,retail,risk,11
GTY|2023Q3,window25,distributed,geographic concentrations,14
GTY|2024Q1,window25,deliver,uncertain,13
GTY|2024Q4,window25,pipelines,concerns,23
BRT|2019Q1,window25,component,risk,14
PNC|2015Q1,window25,customers,risk,25
PNC|2015Q3,window25,components,contingencies,15
PNC|2015Q4,window25,distribute,risk,16
PNC|2017Q3,stem,track,volatile,10
PNC|2018Q1,window25,distribution,risk,15
PNC|2019Q2,window25,retail,concerns,18
PSA|2012Q1,stem,storage,concern,8
BRT|2023Q2,stem,track,concern,8
BRT|2023Q2,window25,supply,concern,12
FRT|2012Q2,window25,package,risks,11
FRT|2012Q3,window25,package,risks,11
FRT|2013Q2,window25,package,risks,11
FRT|2014Q4,window25,package,risks,11
FRT|2015Q1,stem,supply,concern,5
FRT|2015Q1,window25,package,risk,24
FRT|2015Q2,window25,package,risk,24
FRT|2015Q3,window25,package,risk,24
FRT|2015Q4,window25,assembly,concerns,12
FRT|2016Q1,window25,package,risk,24
FRT|2016Q2,window25,package,risk,24
FRT|2017Q4,window25,package,risk,24
FRT|2018Q1,window25,retail,uncertain,15
FRT|2018Q2,window25,package,risk,23
FRT|2024Q1,window25,package,risk,23
FRT|2024Q2,stem,retail,concern,4
FRT|2024Q2,window25,package,risk,24
FRT|2024Q3,stem,retail,concern,10
WY|2013Q3,window25,buyer,uncertainty,15
WY|2014Q2,window25,materials,risks,24
WY|2016Q1,window25,customers,volatile,22
WY|2016Q2,window25,materials,risks,24
WY|2016Q4,window25,customers,risk,11
FRT|2018Q3,window25,package,risk,24
FRT|2019Q1,window25,retailer,uncertainty,13
FRT|2019Q4,hyphen,retail,risky,3
FRT|2019Q4,window25,retail,risk,21
FRT|2020Q3,window25,retail,concern,12
FRT|2021Q2,window25,package,risk,24
FRT|2021Q4,window25,package,risk,24
FRT|2022Q1,stem,supply,concern,3
FRT|2022Q1,window25,package,risk,24
FRT|2023Q1,window25,package,risk,25
WY|2017Q3,window25,material,risk,17
WY|2023Q4,window25,materials,risks,24
WY|2024Q3,window25,materials,risks,24
PSA|2010Q2,window25,source,risk,11
PSA|2020Q1,window25,customers,exposure,18
PSA|2020Q3,window25,supply,concerns,18
HST|2011Q3,stem,forecast,risk,6
HST|2011Q3,window25,buying,uncertainty,25
HST|2012Q2,window25,supply,uncertain,14
PSA|2022Q2,stem,customer,concern,8
PSA|2023Q2,window25,customer,concern,15
PSA|2023Q4,window25,storage,natural disaster,24
PSA|2024Q1,window25,storage,volatile,21
HST|2012Q4,window25,pipeline,exposure,22
HST|2013Q1,window25,pipelines,exposure,15
HST|2013Q2,stem,purcha,concern,5
HST|2013Q4,window25,retail,uncertainty,21
HST|2015Q1,window25,deliver,disruption,24
HST|2016Q2,stem,forecast,uncertainty,3
HST|2016Q2,window25,customers,downside,14
HST|2016Q4,window25,supply,exposure,12
HST|2019Q3,window25,retail,exposure,25
HST|2019Q4,stem,forecast,uncertain,4
HST|2019Q4,window25,supply,uncertainty,11
HST|2020Q4,window25,deliver,disruption,12
HST|2021Q2,stem,stock,volatile,3
HST|2021Q2,window25,pipeline,volatile,19
HST|2017Q3,window25,buyer,risk,22
HST|2018Q1,stem,stock,volatility,2
HST|2018Q1,window25,buyers,volatility,16
HST|2018Q2,window25,supply,exposure,17
HST|2018Q3,stem,stock,volatility,3
HST|2018Q3,window25,planning,disruption,14
HST|2018Q4,stem,stock,volatility,2
HST|2022Q2,stem,stock,volatility,5
HST|2022Q2,window25,planning,volatility,11
HST|2023Q2,window25,inbound,lead time,20
HST|2023Q4,window25,buying,concern,14
BDN|2010Q1,hyphen,buying,risk,6
BDN|2010Q4,window25,packages,risk,13
BDN|2011Q3,hyphen,buying,risk,3
BDN|2011Q3,window25,sources,exposure,17
BDN|2023Q2,window25,pipeline,volatility,22
BDN|2024Q1,window25,pipelines,uncertainty,24
BDN|2024Q4,window25,pipeline,risk,13
ALX|2014Q4,window25,buyer,risk,12
ALX|2018Q1,stem,stock,volatile,2
ALX|2018Q1,window25,planning,concerns,17
ALX|2020Q2,window25,retail,uncertainty,18
ALX|2022Q4,window25,retail,volatile,22
ALX|2023Q1,stem,stock,concern,8
ALX|2023Q1,window25,retail,volatility,19
BXMT|2013Q3,stem,forecast,risk,4
BXMT|2013Q3,window25,pipeline,risk,22
BXMT|2016Q2,window25,client,risk,13
BDN|2017Q1,window25,inventory,exposure,19
BDN|2019Q1,window25,materials,exposure,12
BDN|2019Q4,window25,supply,risky,24
BDN|2020Q4,window25,package,concerns,14
BDN|2013Q2,window25,pipeline,risk,15
BDN|2013Q3,window25,pipeline,exposure,17
BDN|2015Q2,stem,stock,concern,5
BDN|2015Q2,window25,pipeline,concern,24
BDN|2015Q3,window25,pipeline,exposure,11
BXMT|2018Q2,window25,materials,contingency,15
BXMT|2018Q3,window25,pipeline,exposure,18
BXMT|2019Q2,window25,pipeline,volatility,12
BXMT|2021Q1,window25,pipeline,uncertainties,11
BXMT|2021Q3,hyphen,source,single source,0
BXMT|2021Q3,window25,supply,risks,11
BXMT|2022Q2,window25,supply,volatile,12
BXMT|2023Q1,window25,rails,danger,17
DOC|2014Q1,hyphen,assembled,risk,6
DOC|2014Q1,window25,purchased,uncertainty,16
BXMT|2024Q3,window25,component,risk,13
BXMT|2024Q4,hyphen,pipeline,risk,9
DOC|2012Q2,window25,source,risk,12
DOC|2012Q3,window25,pipeline,exposure,18
DOC|2013Q4,hyphen,delivering,risk,3
DOC|2013Q4,window25,delivery,uncertainty,16
DOC|2018Q3,stem,plann,concern,9
DOC|2018Q3,window25,distribution,risk,20
DOC|2020Q2,window25,pipeline,uncertainty,12
DOC|2020Q3,window25,material,volatility,11
DOC|2023Q1,window25,pipeline,risk,23
DOC|2024Q3,window25,pipeline,risk,24
DOC|2024Q4,stem,stock,volatile,8
DOC|2024Q4,window25,pipeline,volatility,18
DX|2015Q1,stem,buy,risk,4
DX|2017Q2,window25,purchases,risk,17
DX|2017Q3,window25,distributed,uncertain,15
DX|2017Q4,window25,production,risk,12
DX|2018Q4,window25,delivery,risk,11
DX|2019Q1,stem,stock,volatility,9
DX|2019Q1,window25,retail,risk,20
VNO|2022Q1,window25,supply,uncertainty,13
VNO|2022Q4,window25,retail,volatile,25
VNO|2023Q1,stem,stock,concern,6
VNO|2023Q1,window25,retail,volatility,19
DX|2012Q4,stem,buy,exposure,10
DX|2014Q2,window25,truck,risk,12
VNO|2015Q4,window25,buyers,volatility,11
VNO|2017Q4,stem,stock,volatility,10
VNO|2017Q4,window25,retail,risk,24
VNO|2018Q3,window25,retail,risk,19
VNO|2013Q1,stem,stock,risk,6
VNO|2015Q1,stem,contractor,concern,7
FRPH|2017Q1,window25,distributed,downside,22
FRPH|2018Q3,window25,warehouses,uncertainties,19
FRPH|2019Q1,window25,warehouse,risk,20
FRPH|2019Q2,stem,forecast,volatility,4
FRPH|2019Q2,window25,warehouse,risks,19
UDR|2012Q3,window25,supply,exposure,14
UDR|2013Q1,stem,buyer,concern,10
UDR|2013Q1,window25,supply,exposure,19
UDR|2015Q3,hyphen,supply,concerns,2
UDR|2015Q4,window25,forecasting,concern,24
UDR|2016Q2,window25,supply,concern,12
UDR|2022Q1,stem,stock,concern,8
UDR|2022Q2,stem,buy,lead time,9
UDR|2022Q4,window25,vendors,exposure,25
FRPH|2016Q1,window25,plant,hazard,25
DX|2019Q4,hyphen,buying,risk,6
DX|2021Q1,window25,distribute,risk,16
DX|2021Q4,hyphen,delivering,risk,2
DX|2021Q4,window25,planning,volatility,20
DX|2024Q2,stem,deliver,volatility,3
DX|2024Q2,window25,tracking,volatility,17
DX|2024Q3,window25,components,risk,19
DX|2024Q4,window25,buying,risk,18
UDR|2011Q3,stem,supply,concern,3
UDR|2011Q3,window25,supply,threat,14
UDR|2018Q4,window25,supply,risk,23
UDR|2019Q1,window25,sources,risk,16
UDR|2021Q2,window25,delivery,lead time,14
UDR|2021Q4,window25,finished,risks,24
CUZ|2021Q1,window25,customers,risk,16
NNN|2012Q1,window25,wholesale,exposure,11
NNN|2012Q2,hyphen,retail,risk,7
NNN|2012Q2,window25,retail,uncertainties,24
NNN|2013Q3,hyphen,retail,risk,5
NNN|2014Q2,hyphen,source,risk,5
NNN|2015Q3,hyphen,retail,risk,4
NNN|2015Q3,window25,purchased,risk,17
NNN|2016Q2,hyphen,retail,risk,4
NNN|2016Q3,hyphen,retail,risk,7
NNN|2019Q2,stem,retailer,concern,10
NNN|2019Q2,window25,retail,risk,11
NNN|2019Q3,window25,retail,disruption,19
CUZ|2013Q2,window25,inventory,volatile,20
CUZ|2015Q1,hyphen,component,risk,5
CUZ|2018Q2,window25,customers,exposure,11
NNN|2022Q1,stem,finish,risk,4
NNN|2022Q2,stem,stock,concern,5
NNN|2022Q4,window25,retailer,concerns,15
NHI|2014Q1,stem,purchase,risk,4
NHI|2014Q4,window25,purchasing,risk,12
NHI|2016Q2,window25,pipeline,risk,19
NHI|2016Q3,stem,purchase,exposure,9
NHI|2016Q4,stem,forecast,disruption,6
NHI|2017Q4,window25,buying,uncertainty,22
NHI|2018Q1,window25,purchased,exposure,16
NHI|2018Q4,window25,pipeline,disruptions,16
FRPH|2023Q2,window25,wholesale,risk,13
CUZ|2010Q1,window25,retail,risk,15
CUZ|2012Q4,hyphen,buyer,risk,6
NHI|2019Q2,window25,pipeline,risks,23
NHI|2022Q1,window25,pipeline,disruption,17
NNN|2024Q2,window25,tracking,uncertainties,18
NHI|2023Q2,window25,pipeline,risk,19
NHI|2023Q3,window25,buyers,uncertainty,12
NHI|2024Q4,window25,pipeline,exposure,15
RHP|2011Q4,window25,production,volatile,19
RHP|2012Q3,window25,clients,exposure,16
RHP|2013Q2,window25,customers,concern,12
RHP|2013Q3,stem,stock,concern,6
RHP|2013Q3,window25,retail,disruption,17
RHP|2015Q3,window25,manufacturing,exposure,12
RHP|2016Q2,window25,production,concerns,11
RHP|2017Q2,stem,material,concern,6
RHP|2017Q3,window25,production,lead times,21
RHP|2018Q3,stem,stock,volatility,2
RHP|2020Q3,window25,purchases,exposure,14
RHP|2022Q3,window25,customers,concerns,17
RHP|2023Q1,stem,factory,concern,9
RHP|2023Q2,stem,deliver,uncertain,4
RHP|2023Q2,window25,customers,volatility,19
RHP|2023Q4,window25,customer,disruption,11
RHP|2024Q1,window25,finished,disruption,22
KIM|2011Q3,window25,source,uncertainties,11
KIM|2012Q1,window25,retailers,risk,12
KIM|2015Q2,window25,retailers,risk,20
KIM|2016Q3,window25,deliver,risk,11
KIM|2018Q2,stem,forecast,concern,8
CDP|2013Q3,window25,material,uncertainty,17
CDP|2015Q1,window25,component,risk,22
CDP|2016Q2,window25,deliver,risk,16
CDP|2017Q3,hyphen,pipeline,risk,5
CDP|2018Q4,window25,pipeline,exposure,20
CDP|2023Q2,window25,package,risks,13
CDP|2023Q4,window25,package,risks,13
CDP|2024Q2,window25,package,risks,13
CDP|2024Q3,window25,package,risks,13
JOE|2010Q1,stem,customer,concern,1
JOE|2010Q2,stem,stock,uncertainty,6
KIM|2024Q1,window25,pipeline,volatility,12
CDP|2010Q1,window25,contractors,threats,12
CDP|2012Q1,window25,contractors,uncertainty,13
CDP|2013Q2,hyphen,contractor,exposure,1
CDP|2013Q2,stem,buyer,concern,1
CDP|2013Q2,window25,customers,risk,15
CDP|2019Q2,window25,planning,concerns,11
CDP|2019Q3,window25,wholesale,risk,12
CDP|2021Q1,hyphen,deliver,risk,7
CDP|2021Q1,window25,pipeline,risk,13
CDP|2021Q4,window25,package,risks,13
CDP|2022Q1,window25,package,risks,13
CDP|2022Q2,stem,deliver,volatile,5
CDP|2022Q2,window25,package,risks,13
CDP|2023Q1,window25,package,risks,13
KIM|2020Q1,stem,retailer,risk,3
KIM|2021Q4,hyphen,retail,risk,6
KIM|2022Q3,window25,finished,risks,13
KIM|2022Q4,window25,finished,uncertainty,12
ELME|2010Q3,window25,buying,exposure,12
ELME|2011Q2,hyphen,deliver,risk,4
OHI|2012Q4,window25,buying,risk,15
OHI|2013Q1,stem,forecast,forecast error,0
ELME|2011Q3,window25,retail,volatile,16
ELME|2012Q1,window25,supply,risk,15
ELME|2012Q4,hyphen,retail,risk,9
ELME|2014Q2,window25,contractors,uncertain,15
ELME|2014Q3,window25,deliver,risk,16
ELME|2014Q4,window25,buyer,risk,14
ELME|2016Q3,window25,contractors,uncertainty,12
ELME|2019Q1,hyphen,assembly,risk,6
ELME|2019Q1,window25,supply,threat,25
ELME|2019Q2,window25,tracking,risks,17
OHI|2014Q2,window25,components,exposure,24
OHI|2015Q2,stem,stock,concern,5
OHI|2016Q1,window25,pipeline,exposure,22
OHI|2016Q3,window25,pipeline,uncertainty,20
ELME|2024Q3,window25,supply,disruptions,11
EGP|2011Q4,window25,finished,risk,16
EGP|2012Q4,window25,backlog,risk,19
OHI|2018Q1,window25,vendor,risk,15
EGP|2015Q1,window25,buying,risks,20
EGP|2015Q3,window25,finished,exposure,18
EGP|2016Q3,window25,distribution,risk,20
EGP|2017Q1,stem,inventory,concern,4
EGP|2017Q1,window25,distribution,risk,20
EGP|2017Q2,window25,distribution,risk,20
EGP|2021Q3,window25,supply,risk,14
EGP|2024Q1,window25,logistics,uncertainty,25
OHI|2020Q4,window25,buying,risk,13
OHI|2024Q2,stem,forecast,forecast error,0
LTC|2012Q1,stem,order,contingency,2
LTC|2012Q2,window25,pipeline,risk,24
LTC|2012Q3,stem,stock,concern,5
LTC|2012Q3,window25,planning,concern,25
LTC|2013Q2,stem,purchase,contingency,4
LTC|2015Q1,window25,pipeline,risk,17
CTO|2018Q4,window25,customers,risk,11
LTC|2023Q4,window25,order,risk,14
CTO|2016Q2,stem,stock,downside,5
LTC|2019Q1,window25,buyers,risks,23
LTC|2020Q4,window25,planning,uncertainty,11
LTC|2021Q1,window25,inbound,risk,24
LTC|2021Q2,window25,pipeline,risk,21
CTO|2021Q2,window25,planning,risk,22
CTO|2021Q4,hyphen,pipeline,risk,9
CTO|2022Q1,window25,buyers,risk,12
CTO|2022Q2,stem,buy,risk,10
CTO|2022Q2,window25,buyer,risk,11
LTC|2015Q3,window25,sourced,exposure,18
ELS|2016Q4,window25,sources,risk,18
ELS|2017Q1,stem,customer,concern,9
ELS|2018Q2,window25,customer,concerns,14
ELS|2018Q3,window25,shipments,tariffs,12
CTO|2023Q1,stem,buy,volatility,10
CTO|2023Q1,window25,buyer,exposure,21
CTO|2023Q2,window25,retailer,exposure,12
ELS|2012Q3,stem,purchase,exposure,9
ELS|2013Q1,stem,purchase,exposure,10
ELS|2014Q4,window25,purchased,risk,12
ELS|2020Q3,window25,customers,concerns,13
HR|2012Q3,window25,supply,risk,20
HR|2012Q4,stem,buy,concern,10
HR|2013Q2,window25,order,concern,22
HR|2014Q3,hyphen,deliver,risk,7
HR|2014Q4,hyphen,networks,risk,7
HR|2015Q4,window25,supply,concerns,15
HR|2016Q4,window25,deliver,risk,18
HR|2017Q4,stem,stock,concern,2
HR|2018Q2,window25,delivery,concerns,19
HR|2022Q3,window25,pipeline,risk,18
HR|2023Q4,window25,pipeline,volatility,16
HR|2019Q1,stem,stock,exposure,4
HR|2019Q1,window25,wholesale,threat,23
HR|2020Q2,window25,pipeline,uncertain,13
HR|2020Q3,window25,pipeline,uncertainty,24
HR|2022Q1,stem,purchase,concern,3
HR|2022Q1,window25,purchased,risk,25
AKR|2010Q2,window25,retailers,risk,19
AKR|2010Q3,window25,retailers,disruptions,12
AKR|2013Q2,hyphen,retail,risk,7
AKR|2013Q2,stem,buy,volatility,7
AKR|2013Q3,window25,pipeline,volatility,11
AKR|2014Q1,window25,retail,downside,11
AKR|2014Q3,stem,buy,risk,8
AKR|2014Q3,window25,retail,risks,18
AKR|2014Q4,window25,retailers,concerns,12
AKR|2015Q1,window25,supply,downside,11
AKR|2016Q3,window25,retailers,concern,22
AKR|2016Q4,window25,retailers,downside,25
AKR|2019Q3,window25,components,concern,23
AKR|2021Q1,stem,stock,volatility,1
AKR|2021Q1,window25,retail,disruptions,11
AKR|2021Q4,window25,retailers,risks,11
AKR|2022Q1,stem,buy,concern,9
AKR|2022Q1,window25,supply,concern,18
SKT|2017Q1,stem,forecast,volatile,7
SKT|2017Q1,window25,forecasting,exposure,20
SKT|2017Q2,window25,deliver,uncertainty,11
SKT|2020Q4,stem,stock,volatile,4
SKT|2020Q4,window25,retailers,risks,14
LXP|2010Q2,window25,material,uncertainty,13
LXP|2020Q2,window25,distribution,exposure,13
LXP|2021Q2,window25,distribution,risk,20
LXP|2021Q4,window25,material,volatility,22
LXP|2022Q2,window25,pipeline,risk,23
LXP|2015Q4,window25,supply,exposure,15
LXP|2017Q3,window25,storage,risk,14
LXP|2017Q4,window25,planning,downside,15
LXP|2019Q3,window25,distribution,exposure,24
LXP|2019Q4,window25,pipeline,risk,18
LXP|2012Q4,window25,order,risk,11
LXP|2013Q2,window25,order,risk,11
LXP|2013Q4,window25,order,risk,11
LXP|2014Q3,window25,pipeline,disruption,13
LXP|2015Q2,stem,purchase,downside,8
LXP|2015Q3,stem,purchase,downside,7
SKT|2022Q3,window25,production,exposure,13
SKT|2023Q1,window25,distribution,uncertainties,23
SKT|2024Q4,stem,retailer,concern,9
SKT|2024Q4,window25,merchandising,exposure,13
CPT|2015Q1,window25,buying,volatility,25
CPT|2016Q1,stem,stock,volatility,3
CPT|2016Q1,window25,pipeline,exposure,22
REG|2015Q1,stem,supply,concern,9
REG|2015Q1,window25,supply,concern,20
REG|2016Q1,window25,retailers,volatile,20
REG|2017Q2,window25,buying,risk,24
LXP|2024Q4,window25,manufacturing,uncertain,17
REG|2011Q3,hyphen,inventory,risk,10
REG|2011Q4,stem,buy,exposure,3
REG|2011Q4,window25,retailers,exposure,11
REG|2012Q1,window25,purchased,exposure,25
REG|2013Q1,window25,retailers,risks,13
REG|2018Q3,window25,pipeline,risk,15
REG|2019Q1,window25,retail,volatility,11
REG|2019Q2,hyphen,retailers,risk,1
REG|2019Q2,window25,merchandising,uncertainty,22
REG|2019Q3,window25,pipelines,exposure,21
REG|2020Q3,hyphen,pipeline,risk,9
REG|2022Q4,hyphen,merchandising,risk,9
REG|2024Q4,window25,retail,exposure,11
UMH|2014Q2,window25,purchasing,uncertain,21
UMH|2023Q1,window25,supply,concerns,12
SUI|2012Q3,window25,backlog,exposure,12
SUI|2021Q1,stem,forecast,disruption,8
SUI|2022Q2,hyphen,delivering,risk,2
SUI|2022Q2,window25,manufactured,exposure,17
SUI|2022Q3,window25,manufactured,uncertainty,14
SUI|2024Q4,window25,manufactured,exposure,20
SPG|2010Q4,window25,retailers,concerns,12
SPG|2015Q2,stem,stock,volatile,4
SPG|2015Q2,window25,buying,volatile,14
SPG|2015Q3,stem,stock,volatile,1
SPG|2015Q4,stem,retailer,concern,6
SPG|2018Q4,stem,retailer,concern,4
SPG|2018Q4,window25,retail,risk,12
SPG|2019Q2,stem,stock,concern,10
SPG|2020Q1,window25,retail,exposure,17
SPG|2020Q3,stem,order,concern,3
SPG|2020Q4,window25,retail,disruption,19
SPG|2021Q4,window25,retailers,volatility,12
SPG|2022Q3,window25,retailer,concern,13
SPG|2012Q2,stem,buy,concern,4
SPG|2012Q4,window25,buyer,exposure,24
SPG|2013Q2,stem,supply,concern,3
SPG|2013Q2,window25,customers,concerns,18
SPG|2013Q4,stem,purchase,concern,9
SPG|2014Q3,stem,supply,concern,8
SPG|2014Q4,hyphen,retailer,exposure,8
SPG|2023Q3,hyphen,retailer,exposure,9
SPG|2023Q3,window25,retailers,exposure,17
MAA|2013Q2,window25,buying,concern,19
MAA|2013Q4,hyphen,supply,risk,10
MAA|2013Q4,stem,supply,concern,3
MAA|2013Q4,window25,supply,exposure,14
MAA|2014Q3,window25,supply,concern,16
MAA|2015Q1,window25,planning,concerns,13
MAA|2017Q3,stem,forecast,exposure,9
MAA|2017Q3,window25,supply,risk,16
MAA|2018Q1,window25,supply,exposure,23
MAA|2018Q3,window25,supply,concern,11
MAA|2020Q1,window25,package,exposure,21
MAA|2020Q3,stem,supply,concern,5
MAA|2020Q3,window25,pipeline,risk,13
MAA|2023Q1,stem,supply,concern,2
MAA|2023Q1,window25,supply,exposure,15
MAA|2024Q4,hyphen,supply,exposure,10
MAA|2024Q4,window25,supply,exposure,11
RYN|2010Q2,stem,supplier,concern,7
RYN|2020Q4,window25,finished,uncertainty,13
RYN|2022Q3,window25,buyers,volatility,11
RYN|2023Q1,window25,supply,risk,22
RYN|2024Q1,window25,buying,tariffs,24
RYN|2015Q1,window25,source,exposure,18
RYN|2015Q3,window25,production,concerns,16
RYN|2015Q4,window25,supply,exposure,15
RYN|2016Q4,stem,supply,concern,6
RYN|2016Q4,window25,supply,concern,15
CAT|2022Q4,window25,backlogs,uncertain,11
CAT|2024Q1,stem,inventory,concern,6
CAT|2024Q1,window25,inventories,risk,15
GE|2011Q1,window25,customers,uncertain,21
GE|2012Q2,window25,components,risks,13
GE|2012Q3,window25,finished,uncertainty,18
HON|2011Q3,window25,materials,uncertain,13
BA|2015Q4,window25,production,risk,20
BA|2016Q1,window25,supply,risks,17
BA|2018Q4,stem,track,risk,9
BA|2018Q4,window25,customers,risks,11
CAT|2013Q4,stem,forecast,exposure,10
CAT|2013Q4,window25,backlog,exposure,25
CAT|2015Q2,hyphen,backlog,lead time,10
GE|2013Q4,stem,forecast,concern,9
GE|2013Q4,window25,customer,concerns,11
GE|2014Q2,window25,fleet,risk,17
GE|2017Q3,hyphen,forecasting,risk,7
GE|2017Q3,window25,orders,risk,23
GE|2023Q2,window25,deliveries,lead times,15
GE|2024Q3,window25,customers,uncertainty,19
MMM|2013Q1,stem,forecast,uncertain,3
MMM|2014Q2,window25,raw,exposure,18
MMM|2014Q4,window25,manufacturing,concern,17
MMM|2015Q4,window25,orders,risk,18
MMM|2016Q2,window25,order,volatile,15
RTX|2020Q4,window25,customer,risk,21
RTX|2024Q4,stem,forecast,contingency,3
RTX|2024Q4,window25,inventory,contingency,11
DE|2011Q4,stem,forecast,uncertainty,5
DE|2012Q2,window25,ship,concerns,19
DE|2013Q1,window25,retail,uncertainties,13
MMM|2016Q4,window25,planning,tariffs,21
MMM|2018Q1,window25,customer,contingency,16
MMM|2019Q4,window25,customers,concerns,12
MMM|2024Q3,hyphen,tracking,risk,4
RTX|2010Q1,stem,customer,concern,9
HON|2017Q2,window25,manufacturers,threat,20
HON|2017Q3,window25,planning,extreme weather,25
HON|2018Q1,window25,order,tariffs,25
HON|2019Q3,stem,plann,tariff,9
MMM|2010Q4,window25,components,volatility,17
MMM|2012Q4,window25,material,exposures,23
RTX|2010Q2,window25,order,exposure,20
RTX|2010Q3,window25,procurement,threat,14
RTX|2012Q2,window25,customers,risks,25
RTX|2012Q3,window25,deliver,uncertainty,20
RTX|2013Q2,window25,customers,threats,12
RTX|2014Q2,window25,tracking,risks,14
RTX|2014Q4,stem,backlog,concern,3
RTX|2014Q4,window25,customers,threat,13
RTX|2015Q1,window25,customer,risk,11
RTX|2015Q2,window25,customers,threats,24
RTX|2015Q4,window25,customers,threat,20
RTX|2017Q4,window25,customers,threat,12
RTX|2018Q3,window25,planning,risk,15
RTX|2019Q2,stem,track,threat,2
RTX|2019Q2,window25,customers,threats,21
DE|2017Q3,stem,plant,concern,1
DE|2017Q3,window25,order,lead time,11
DE|2018Q3,window25,deliver,uncertainty,13
DE|2020Q4,stem,forecast,uncertainty,3
DE|2020Q4,window25,supply,risks,11
DE|2024Q1,window25,customers,uncertainty,18
ETN|2012Q2,stem,customer,concern,5
ETN|2012Q2,window25,purchasing,volatility,15
ETN|2013Q2,window25,trucks,exposure,11
ETN|2013Q4,window25,order,volatility,15
ETN|2014Q4,stem,forecast,risk,8
EMR|2018Q3,window25,supply,tariffs,16
EMR|2019Q3,window25,customers,uncertainty,16
EMR|2019Q4,window25,customers,uncertainty,12
ETN|2016Q4,stem,forecast,risk,9
ETN|2016Q4,window25,customer,volatility,11
ETN|2017Q1,stem,order,concern,5
ETN|2017Q1,window25,order,exposure,21
ETN|2018Q1,stem,forecast,risk,8
ETN|2019Q1,stem,forecast,risk,8
ETN|2019Q1,window25,delivers,volatility,21
ETN|2019Q4,window25,deliver,volatile,14
ETN|2020Q1,stem,forecast,risk,8
ETN|2020Q1,window25,manufacturing,uncertainty,25
PBI|2015Q1,window25,channels,disruption,18
PBI|2015Q2,window25,clients,disruption,17
PBI|2015Q3,window25,production,uncertain,14
PBI|2015Q4,window25,clients,disruptions,12
DCO|2017Q3,window25,production,exposure,25
DCO|2017Q4,stem,customer,concern,1
APOG|2010Q3,window25,backlog,lead times,14
EMR|2016Q4,window25,order,disruption,15
EMR|2017Q1,window25,oems,concern,25
PBI|2024Q2,window25,vendors,disruption,15
DCO|2012Q4,window25,inventory,uncertain,12
DCO|2013Q1,window25,production,risk,14
DCO|2013Q3,window25,orders,uncertainties,12
PBI|2019Q1,window25,suppliers,disruption,19
PBI|2023Q1,window25,order,risk,15
PBI|2011Q2,stem,track,concern,6
PBI|2011Q2,window25,customer,uncertain,13
DCO|2015Q3,stem,backlog,risk,10
DCO|2015Q4,window25,supply,volatile,15
APOG|2015Q3,window25,fabrication,bottleneck,22
APOG|2020Q3,hyphen,deliveries,lead time,1
APOG|2020Q3,stem,forecast,risk,10
APOG|2020Q3,window25,overseas,lead time,19
MATX|2013Q1,stem,forecast,volatile,7
MATX|2013Q1,window25,shipments,uncertainty,16
TPC|2015Q2,window25,rail,risks,16
TPC|2016Q3,stem,component,concern,1
TPC|2017Q2,window25,backlog,capacity constraints,20
MATX|2014Q2,window25,logistics,disruption,14
MATX|2015Q3,window25,customers,disruptions,21
PNR|2011Q3,window25,material,risk,14
PNR|2018Q2,window25,pipeline,tariff,16
PNR|2019Q4,window25,delivering,volatility,17
PNR|2023Q3,window25,delivering,uncertainty,11
TPC|2010Q2,window25,backlog,concern,24
PNR|2012Q2,window25,distributor,risk,21
PNR|2016Q2,window25,distribution,exposure,13
PNR|2017Q2,stem,material,concern,6
PNR|2017Q2,window25,rail,volatility,12
TPC|2013Q1,hyphen,backlog,risk,5
TPC|2013Q1,stem,track,risk,5
TPC|2018Q1,stem,track,risk,4
TPC|2018Q1,window25,components,risks,16
TPC|2019Q1,window25,backlog,risk,19
TPC|2020Q2,window25,backlog,concerns,12
TPC|2022Q1,hyphen,orders,risk,2
TPC|2022Q1,window25,orders,risk,23
TPC|2023Q2,stem,forecast,volatility,8
TPC|2024Q2,stem,stock,volatility,9
TPC|2024Q3,window25,contractors,volatility,24
GFF|2012Q2,window25,customer,uncertain,13
GFF|2012Q4,window25,production,volatility,20
GFF|2013Q1,window25,customer,volatile,18
GFF|2013Q2,stem,stock,concern,2
GFF|2013Q2,window25,backlog,risks,11
GFF|2014Q1,window25,backlog,risks,11
GFF|2015Q4,window25,backlog,uncertain,13
GFF|2019Q4,window25,tracking,lead times,14
GFF|2020Q1,window25,distribution,lead times,11
XRX|2010Q2,window25,sources,exposure,24
XRX|2011Q1,window25,supply chain,uncertainty,16
XRX|2012Q4,window25,distribution,uncertainty,15
XRX|2020Q1,window25,deliver,disruption,12
XRX|2023Q3,stem,customer,concern,9
XRX|2024Q3,window25,client,disruption,22
GD|2011Q1,stem,customer,concern,7
GD|2011Q1,window25,ship,uncertainty,25
GD|2011Q2,window25,ship,uncertainty,18
GD|2012Q4,window25,orders,risk,17
GD|2014Q1,window25,orders,exposure,13
GD|2024Q4,window25,production,tariffs,11
LMT|2012Q3,window25,customer,uncertain,14
LMT|2013Q4,window25,client,risk,17
LMT|2015Q4,window25,procurement,threat,24
LMT|2016Q3,window25,tracking,risk,17
LMT|2016Q4,stem,plann,risk,1
LMT|2016Q4,window25,deliveries,risk,25
LMT|2017Q3,stem,buy,contingency,7
LMT|2017Q3,window25,manufacturing,risk,18
XRX|2016Q3,stem,deliver,volatile,7
XRX|2016Q3,window25,supplies,uncertainties,12
XRX|2017Q4,window25,clients,risk,11
XRX|2019Q1,window25,clients,disruption,12
XRX|2019Q2,stem,track,risk,8
XRX|2019Q2,window25,channels,uncertainties,19
GD|2015Q1,window25,suppliers,risk,16
GD|2015Q2,window25,plants,exposure,14
GD|2017Q3,window25,customers,risk,11
GD|2018Q4,window25,customer,concerns,14
LMT|2022Q2,stem,deliver,volatility,5
LMT|2024Q3,window25,fleet,threat,12
FDX|2010Q3,window25,freight,volatility,13
FDX|2012Q4,window25,freight,volatile,21
FDX|2013Q3,window25,customers,risk,21
FDX|2014Q1,stem,forecast,concern,8
FDX|2014Q1,window25,customers,volatility,24
FDX|2014Q2,window25,production,risk,11
FDX|2015Q1,window25,sources,risks,18
FDX|2016Q1,window25,retailers,capacity constraints,16
FDX|2017Q2,stem,delivery,concern,9
FDX|2018Q3,window25,shipper,tariffs,13
FDX|2019Q3,window25,transportation,threat,11
FDX|2021Q1,stem,forecast,uncertainty,5
FDX|2021Q1,window25,forecasting,uncertain,22
FDX|2024Q1,stem,deliver,disruption,2
FDX|2024Q1,window25,customers,threat,11
R|2013Q4,window25,logistics,lead time,16
R|2016Q4,window25,customers,uncertainty,14
UNP|2010Q1,stem,inventory,concern,6
UNP|2010Q1,window25,truck,tariffs,12
UNP|2014Q1,window25,materials,risks,13
LUV|2010Q4,window25,customer,risk,23
LUV|2012Q3,stem,route,concern,4
LUV|2013Q2,stem,forecast,volatile,5
LUV|2013Q2,window25,planning,uncertainty,20
LUV|2013Q4,stem,forecast,disruption,8
LUV|2015Q1,window25,network,exposure,18
UNP|2016Q4,window25,materials,risks,13
UNP|2017Q3,window25,supply chain,capacity constraints,15
UNP|2024Q2,stem,truckload,concern,1
UNP|2024Q2,window25,forecasting,uncertainty,11
LUV|2010Q3,window25,production,concern,11
LUV|2016Q4,window25,delivery,concern,20
LUV|2018Q2,stem,track,risk,9
LUV|2021Q1,window25,customers,uncertainties,22
LUV|2021Q3,window25,network,uncertainty,23
CSX|2012Q3,window25,rail,uncertainties,13
CSX|2013Q3,window25,intermodal,concerns,13
CSX|2014Q1,stem,railroad,concern,5
CSX|2015Q1,stem,railroad,risky,5
CSX|2015Q1,window25,plants,risk,11
CSX|2015Q4,window25,inventories,downside,12
CSX|2016Q1,window25,plants,concern,13
CSX|2017Q3,stem,network,concern,2
CSX|2020Q2,window25,customers,uncertainty,11
CSX|2024Q2,window25,network,risks,13
NOC|2014Q4,window25,backlog,volatility,13
NOC|2015Q2,window25,customer,risk,24
NOC|2015Q4,window25,procurement,threats,15
NOC|2018Q2,window25,production,risk,25
NOC|2018Q4,window25,production,risk,19
ROK|2010Q1,stem,production,concern,7
ROK|2012Q2,stem,forecast,risk,8
ROK|2013Q3,stem,forecast,risk,8
ROK|2013Q4,stem,forecast,risk,8
ROK|2013Q4,window25,backlog,risk,14
ROK|2014Q1,stem,forecast,risk,8
ROK|2014Q4,stem,forecast,risk,8
ROK|2014Q4,window25,backlog,uncertainties,24
ROK|2016Q1,stem,forecast,risk,8
ROK|2016Q1,window25,manufacturing,exposure,13
ROK|2016Q2,stem,forecast,risk,8
ROK|2016Q4,window25,customers,uncertainty,17
ROK|2017Q2,window25,source,uncertainty,24
ROK|2018Q2,window25,distributors,concern,19
LHX|2020Q4,window25,tracking,threats,13
LHX|2023Q3,window25,tracking,risks,20
LPX|2011Q4,stem,raw,concern,1
LPX|2012Q1,stem,channel,concern,9
LHX|2015Q3,window25,planning,concerns,23
LHX|2017Q1,window25,orders,lead time,11
LPX|2017Q4,window25,package,concerns,17
LPX|2023Q3,window25,planning,downside,13
LPX|2023Q4,window25,material,volatility,21
FSS|2010Q3,stem,transportation,concern,3
FSS|2011Q4,hyphen,order,lead time,4
FSS|2013Q3,window25,customer,volatility,16
FSS|2014Q3,window25,fleet,risk,14
NSC|2011Q4,window25,network,concern,17
NSC|2012Q1,window25,materials,uncertain,18
ROK|2020Q1,window25,manufacturing,exposure,16
LHX|2012Q1,window25,customers,downside,16
LHX|2014Q1,window25,factories,disruption,11
NSC|2013Q1,stem,stock,concern,10
NSC|2013Q1,window25,intermodal,exposure,16
NSC|2017Q3,stem,customer,concern,1
NSC|2023Q2,stem,deliver,disruption,3
NSC|2023Q2,window25,network,risk,22
ALK|2010Q3,window25,fleet,volatility,22
ALK|2016Q2,stem,forecast,concern,9
ALK|2016Q4,window25,package,risks,24
ALK|2017Q3,window25,network,disruptions,13
ALK|2018Q2,window25,customers,disruption,24
ALK|2012Q3,window25,fleet,uncertainty,14
ALK|2014Q2,hyphen,network,risk,8
ALK|2014Q2,stem,stock,concern,3
MAS|2010Q4,stem,retailer,concern,3
MAS|2011Q2,window25,inventory,concern,11
MAS|2013Q2,stem,order,concern,5
ALK|2018Q4,stem,forecast,volatility,3
ALK|2018Q4,window25,network,risk,24
ALK|2019Q3,window25,routes,uncertain,15
ALK|2020Q2,window25,planning,volatile,17
ALK|2020Q4,window25,customer,susceptible,18
ALK|2022Q3,window25,delivering,uncertain,20
RRX|2024Q2,window25,customers,lead times,15
RRX|2014Q3,window25,order,lead time,16
RRX|2015Q4,window25,material,downsides,15
RRX|2016Q2,window25,plant,exposure,19
RRX|2017Q1,window25,material,downside,20
RRX|2017Q4,window25,plant,risk,11
WSO|2018Q4,window25,distribution,risk,17
WSO|2019Q1,window25,manufacturers,volatile,13
WSO|2019Q2,window25,distribution,risk,22
WSO|2020Q2,window25,vendors,lead time,14
WSO|2017Q3,window25,deliver,disruptions,21
MAS|2017Q1,stem,purchase,tariff,9
MAS|2017Q1,window25,material,tariffs,11
MAS|2017Q2,stem,forecast,tariff,4
MAS|2017Q2,window25,deliver,lead time,11
MAS|2022Q3,stem,material,concern,10
MAS|2022Q3,window25,orders,exposure,15
RRX|2011Q4,stem,customer,concern,4
RRX|2011Q4,window25,customers,concern,13
ABM|2013Q4,window25,customers,risk,18
ABM|2014Q4,window25,customers,uncertainty,18
ABM|2016Q1,window25,component,exposure,11
ABM|2017Q3,window25,customers,concerns,21
ABM|2018Q1,stem,outsourc,uncertainty,4
ABM|2018Q1,window25,components,uncertainty,25
ABM|2018Q3,window25,distribution,uncertainty,23
ABM|2023Q3,stem,forecast,risk,4
ABM|2023Q3,window25,manufacturing,concerns,13
ABM|2024Q2,window25,customers,volatility,21
AP|2018Q4,stem,stock,tariff,2
AP|2018Q4,window25,backlog,uncertain,16
AP|2019Q1,window25,production,tariffs,19
AP|2020Q1,window25,customers,disruptions,16
AIR|2015Q1,stem,forecast,uncertainty,8
AIR|2016Q1,window25,fleet,risk,12
AIR|2018Q1,window25,distribution,risk,15
AME|2017Q3,window25,material,concern,12
AME|2018Q1,window25,customers,uncertain,23
AME|2018Q4,window25,supply,tariffs,24
AME|2020Q2,window25,material,exposure,14
AME|2023Q3,stem,track,concern,3
AME|2023Q3,window25,customers,exposure,14
AIR|2013Q1,window25,supply,uncertainty,12
AIR|2022Q1,window25,supply,uncertainty,24
ATRO|2012Q1,window25,distribution,risk,12
ATRO|2013Q1,window25,customers,risks,17
AME|2016Q2,stem,forecast,risk,6
AME|2016Q3,window25,oem,exposure,15
AME|2012Q1,stem,order,concern,9
AME|2012Q1,window25,orders,concern,14
AME|2012Q3,stem,customer,concern,3
AME|2012Q3,window25,pipeline,geographic concentrations,20
ATRO|2013Q3,window25,customers,jeopardy,19
ATRO|2015Q3,stem,backlog,concern,1
ATRO|2016Q4,stem,stock,concern,3
ATRO|2016Q4,window25,customers,uncertainty,19
ATRO|2017Q3,window25,oem,disruption,11
ATRO|2019Q3,window25,purchases,tariff,11
AIT|2013Q2,window25,customers,uncertain,14
AIT|2014Q4,window25,production,exposure,11
AIT|2015Q4,window25,production,volatilities,12
AIT|2017Q4,window25,oems,exposure,17
BRC|2023Q4,window25,delivering,uncertain,16
BRC|2024Q3,window25,customers,uncertainty,12
AIT|2020Q3,window25,oem,uncertainty,21
BRC|2014Q2,stem,distribut,concern,8
BRC|2014Q2,window25,order,risk,20
BRC|2014Q4,window25,manufacturers,concern,25
BRC|2015Q3,window25,suppliers,downside,23
BRC|2017Q4,window25,manufacturing,exposure,11
BRC|2019Q1,window25,materials,tariffs,11
BRC|2019Q3,window25,overseas,tariffs,13
AOS|2015Q2,stem,stock,volatility,2
AOS|2015Q2,window25,inventory,disruptions,17
AOS|2017Q4,window25,order,risks,15
AOS|2018Q3,stem,forecast,volatility,6
AOS|2018Q3,window25,inventory,disruption,19
AOS|2012Q4,window25,pipeline,exposure,25
AOS|2013Q1,window25,order,risks,15
AOS|2013Q2,window25,order,risks,15
AOS|2013Q4,window25,order,risks,15
AOS|2014Q1,window25,order,risks,18
AOS|2014Q2,window25,order,risks,15
AOS|2014Q3,window25,order,risks,15
AOS|2014Q4,window25,order,risks,15
GT|2010Q2,window25,inventory,volatility,14
GT|2012Q2,window25,material,uncertain,11
GT|2012Q4,window25,inventories,uncertainty,12
GT|2013Q1,window25,deliver,volatile,16
GT|2017Q4,window25,raw,risk,20
GT|2023Q4,stem,forecast,risk,6
AOS|2018Q4,window25,customer,concerns,24
PRG|2021Q2,window25,deliver,uncertainties,18
PRG|2024Q2,window25,retailers,risk,11
GT|2024Q1,window25,retailers,volatility,18
IP|2011Q2,window25,backlogs,concern,18
IP|2014Q2,window25,packaging,disruptions,23
IP|2015Q4,window25,supplier,volatility,21
IP|2016Q1,window25,inventory,risk,17
MCD|2022Q3,window25,customer,volatile,20
MCD|2022Q4,stem,deliver,volatility,9
MCD|2023Q1,window25,customers,risks,23
MCD|2023Q2,window25,customers,volatile,11
MCD|2023Q4,window25,customers,risks,20
MCD|2024Q3,stem,component,concern,4
IP|2017Q4,window25,inventory,bottlenecks,12
MCD|2010Q3,window25,planning,concern,12
MCD|2010Q4,window25,customers,uncertainty,12
MCD|2011Q3,window25,deliver,uncertainty,12
MCD|2011Q4,window25,customers,volatility,25
MCD|2012Q1,window25,customers,volatile,15
MCD|2013Q3,window25,customer,uncertain,19
MCD|2015Q1,window25,customers,risk,16
MCD|2019Q3,window25,customers,uncertainties,18
MCD|2022Q1,hyphen,customer,risk,6
F|2019Q1,window25,trucks,uncertain,13
F|2019Q3,window25,material,tariffs,12
F|2019Q4,window25,material,tariffs,12
TM|2014Q2,stem,material,concern,6
TM|2014Q3,stem,material,concern,6
TM|2019Q1,stem,production,concern,6
F|2010Q1,stem,raw,concern,5
F|2012Q1,window25,freight,capacity constraint,20
F|2013Q1,window25,planning,trade restrictions,16
F|2013Q3,window25,production,risk,18
F|2016Q1,window25,trucks,risk,18
F|2017Q4,window25,purchases,exposures,13
F|2018Q4,stem,deliver,risk,7
F|2018Q4,window25,planning,risk,24
NKE|2018Q4,window25,forecasting,volatility,12
NKE|2019Q1,window25,retail,disruption,11
NKE|2020Q3,stem,supply,concern,1
NKE|2020Q3,window25,planning,uncertainty,13
HD|2011Q2,stem,forecast,risk,3
HD|2012Q2,stem,forecast,uncertain,9
HD|2024Q2,window25,customers,uncertainty,20
BC|2010Q1,stem,purchase,downside,7
BC|2010Q1,window25,order,downside,25
BC|2010Q2,stem,buyer,concern,1
BC|2010Q2,window25,retail,downside,14
BC|2010Q3,window25,overseas,concerns,12
MAT|2010Q2,stem,supply,concern,2
MAT|2011Q3,window25,manufacturing,volatility,11
MAT|2012Q3,window25,retail,volatility,17
MAT|2014Q1,window25,deliver,volatility,24
BC|2012Q3,window25,backlog,bottlenecks,13
BC|2013Q1,stem,pipeline,concern,5
BC|2024Q3,window25,retail,risks,14
MAT|2020Q4,hyphen,retail,disruptions,2
MAT|2020Q4,window25,retail,disruption,18
GPC|2013Q1,window25,customers,uncertainty,11
MAT|2014Q2,stem,distributor,concern,3
MAT|2014Q3,window25,customers,lead time,16
MAT|2015Q3,window25,overseas,volatility,16
MAT|2015Q4,window25,shipping,volatility,24
WHR|2011Q2,window25,order,uncertain,11
WHR|2013Q2,window25,tracking,volatility,24
WHR|2013Q4,window25,material,volatility,14
WHR|2015Q1,window25,production,volatility,19
WHR|2016Q1,window25,pipeline,tariffs,14
WHR|2019Q2,window25,deliver,uncertainties,13
CASY|2012Q4,window25,delivery,concern,22
CASY|2014Q4,window25,retailers,threat,21
CASY|2016Q4,stem,delivery,concern,6
GPC|2018Q1,window25,merchandise,concerns,11
GPC|2020Q3,stem,forecast,uncertainty,4
WHR|2010Q4,stem,manufacturer,concern,4
WHR|2010Q4,window25,manufacturers,concerns,11
CASY|2019Q2,stem,purchase,concern,8
CASY|2019Q2,window25,customer,concern,18
CASY|2020Q1,window25,supply,downside,11
AVY|2012Q4,window25,retailers,uncertainty,12
AVY|2013Q1,window25,retailers,uncertainty,14
AVY|2014Q2,window25,customer,volatility,16
AVY|2016Q3,window25,materials,exposure,11
AVY|2018Q3,window25,customers,tariff,20
BALL|2010Q2,window25,retailer,concern,21
BALL|2010Q4,window25,plant,risk,25
BALL|2011Q1,hyphen,supplier,concern,7
BALL|2011Q1,window25,customers,concern,22
BALL|2013Q1,stem,plann,concern,10
BALL|2013Q1,window25,customer,uncertainty,20
BALL|2015Q1,window25,customer,uncertainty,14
BALL|2015Q2,stem,purchase,disruption,10
CASY|2021Q2,window25,distribution,uncertainty,11
CASY|2021Q3,window25,material,uncertainty,14
CASY|2023Q3,window25,supply chain,risks,23
CASY|2024Q2,stem,forecast,volatile,5
CASY|2024Q2,window25,supply chain,risks,23
AVY|2010Q1,window25,supply,concerns,17
CBRL|2016Q3,stem,retail,concern,3
CBRL|2016Q3,window25,retail,uncertainty,14
BALL|2015Q4,stem,purchase,disruption,10
BALL|2016Q2,window25,component,hazard,11
BALL|2016Q4,window25,customers,hazard,24
BALL|2019Q3,window25,manufacturing,volatility,13
BALL|2020Q3,stem,inventory,concern,4
BALL|2020Q3,window25,supply chain,exposure,12
CBRL|2013Q2,window25,production,volatility,15
CBRL|2017Q2,window25,pipeline,disruption,15
CBRL|2017Q4,window25,retail,risk,14
CBRL|2020Q1,window25,suppliers,tariffs,11
CBRL|2021Q2,window25,retailers,uncertainty,13
CAL|2017Q1,stem,plann,concern,5
CAL|2017Q2,window25,customers,uncertain,13
CAL|2018Q1,window25,order,exposure,17
CAL|2012Q4,window25,inventory,risk,16
CAL|2013Q3,window25,retail,concerns,12
CAL|2014Q3,stem,plann,uncertainty,7
CAL|2015Q1,stem,inventory,concern,3
CAL|2016Q2,stem,customer,concern,7
CAL|2020Q3,window25,purchasing,uncertainty,11
CAL|2021Q1,window25,supply chain,uncertain,15
CAL|2024Q2,window25,wholesale,concern,25
WGO|2012Q2,stem,finish,concern,3
WGO|2014Q1,stem,order,concern,1
WGO|2016Q2,window25,ship,disruption,20
WGO|2017Q1,window25,ship,capacity constraint,13
WWW|2024Q1,window25,pipeline,disruption,11
CCK|2011Q4,window25,packaging,volatility,16
CCK|2012Q1,stem,supply,concern,2
CCK|2012Q1,window25,customers,threat,19
CCK|2012Q2,stem,customer,concern,3
CCK|2012Q2,window25,production,uncertainty,25
CCK|2013Q1,stem,supply,concern,2
CCK|2014Q4,window25,packaging,concerns,14
CCK|2015Q3,window25,plants,disruptions,13
CCK|2016Q4,window25,plant,volatile,12
CCK|2017Q2,window25,buying,concern,17
CCK|2017Q3,window25,supplier,exposure,19
CCK|2021Q1,window25,assemble,concerns,14
CCK|2022Q4,stem,customer,concern,2
CCK|2023Q4,window25,ships,risk,11
HAS|2014Q2,window25,inventory,contingency,11
HAS|2017Q1,window25,inventory,concerns,23
HAS|2019Q1,window25,shipped,downside,15
HAS|2020Q3,stem,supply,concern,10
HAS|2020Q3,window25,manufacture,concern,15
HAS|2021Q2,window25,delivery,port congestion,19
HAS|2024Q1,hyphen,sourced,exposure,8
HAS|2024Q2,window25,shipments,volatility,12
BBY|2010Q2,stem,buy,risk,9
BBY|2010Q2,window25,material,risks,13
BBY|2010Q3,stem,track,concern,7
BBY|2010Q4,stem,buy,risk,9
BBY|2010Q4,window25,customers,concerns,18
BBY|2011Q4,stem,buy,risk,9
BBY|2011Q4,window25,purchasing,concerns,15
BBY|2012Q3,stem,buy,risk,9
BBY|2012Q3,window25,customers,susceptible,15
BBY|2013Q1,stem,buy,risk,9
BBY|2014Q1,window25,retail,disruptions,16
BBY|2016Q1,window25,material,uncertainty,17
BBY|2018Q1,stem,buy,concern,6
BBY|2019Q1,hyphen,inventory,risk,1
BBY|2019Q4,window25,customers,risk,12
BBY|2023Q4,stem,track,volatile,7
BBY|2023Q4,window25,retailer,volatile,19
BBY|2024Q1,stem,track,volatile,7
BBY|2024Q1,window25,vendors,volatile,14
SON|2013Q4,window25,supply,concern,17
SON|2014Q1,window25,customers,risk,24
SON|2014Q4,window25,supplier,exposure,17
SON|2016Q3,window25,customers,uncertain,12
SON|2017Q1,window25,production,exposure,15
BBWI|2013Q3,window25,vendors,lead times,23
BBWI|2014Q3,window25,channel,port congestion,24
BBWI|2015Q1,window25,merchandise,lead times,18
SON|2017Q4,stem,stock,volatility,2
SON|2017Q4,window25,customer,volatility,20
SON|2018Q1,window25,component,volatility,11
SON|2019Q1,window25,retail,tariffs,12
SON|2020Q3,window25,customer,disruptions,11
SON|2020Q4,window25,customer,risk,14
SON|2023Q4,window25,packaging,risk,14
VFC|2019Q3,window25,plants,disruptions,14
BBWI|2011Q2,window25,customers,uncertain,11
BBWI|2012Q1,stem,retail,concern,8
VFC|2010Q4,window25,manufacturing,uncertainties,12
VFC|2011Q3,window25,retail,volatility,12
VFC|2012Q3,window25,channels,uncertainty,20
VFC|2012Q4,window25,retail,uncertain,24
VFC|2013Q3,stem,supply,concern,4
VFC|2013Q3,window25,pipeline,volatility,16
VFC|2016Q2,window25,wholesale,concerns,11
BBWI|2016Q1,stem,inventory,concern,3
BBWI|2017Q3,window25,customer,lead times,11
BBWI|2019Q1,window25,buying,tariff,20
BBWI|2019Q3,window25,sourcing,exposure,13
BBWI|2020Q2,window25,networks,concern,14
BBWI|2020Q3,window25,fulfillment,capacity constraints,23
BBWI|2021Q1,window25,retail,exposure,17
BBWI|2022Q3,window25,materials,volatile,11
BBWI|2022Q4,stem,forecast,uncertainty,4
BBWI|2024Q1,stem,customer,concern,2
PHM|2010Q3,window25,buyers,uncertainty,12
PHM|2010Q4,window25,pipeline,risk,13
PHM|2011Q3,window25,material,risk,11
PHM|2012Q4,hyphen,deliver,risk,9
PHM|2013Q1,window25,inventory,concern,19
PHM|2014Q1,stem,deliver,volatility,9
PHM|2017Q3,window25,buyer,disruptions,13
PHM|2017Q4,window25,pipeline,risk,20
LOW|2012Q3,hyphen,customers,risk,5
LOW|2013Q1,stem,stock,disruption,3
LOW|2013Q1,window25,inventory,disruptions,17
LOW|2013Q2,window25,inventory,risk,21
GCO|2017Q2,stem,buy,lead time,2
GCO|2018Q1,window25,order,risk,13
GCO|2019Q2,window25,retail,risk,11
GCO|2019Q4,stem,deliver,uncertainty,4
LOW|2011Q3,window25,channels,disruption,18
LOW|2012Q2,window25,delivering,disruption,17
PHM|2022Q3,window25,pipeline,concern,24
GCO|2013Q2,stem,inventory,concern,6
GCO|2015Q3,window25,planning,exposure,19
GCO|2016Q1,window25,retail,risky,11
GCO|2016Q2,window25,inventory,uncertainties,11
LOW|2017Q2,window25,customers,disruption,12
LOW|2019Q1,window25,retail,disruption,13
ARKR|2015Q3,window25,suppliers,concern,15
ARKR|2017Q4,window25,finished,extreme weather,12
LOW|2020Q2,window25,customers,uncertain,18
LOW|2023Q4,window25,customers,extreme weather,17
LOW|2024Q2,window25,customers,exposure,20
ARKR|2019Q4,stem,delivery,concern,2
ARKR|2020Q2,window25,customer,jeopardy,19
ARKR|2020Q3,window25,buyer,uncertain,24
ARKR|2022Q3,window25,customers,disruption,23
ARKR|2023Q1,stem,stock,volatility,8
ARKR|2023Q4,stem,stock,volatility,2
ARKR|2024Q2,window25,customers,concern,17
ROST|2012Q1,window25,buying,risky,20
ROST|2016Q1,window25,components,concerns,18
HRB|2016Q1,window25,fulfill,contingency,16
ROST|2021Q1,window25,merchandise,disruptions,24
ROST|2022Q3,window25,delivering,uncertain,21
ROST|2024Q1,stem,vendor,concern,4
ROST|2024Q1,window25,customer,uncertainty,13
HRB|2010Q1,window25,clients,concerns,20
HRB|2011Q4,window25,clients,exposure,11
HRB|2012Q1,window25,clients,uncertainty,16
HRB|2012Q3,hyphen,clients,risk,2
HRB|2020Q1,stem,buy,volatility,2
HRB|2020Q4,window25,clients,uncertain,18
FUN|2010Q2,window25,components,risk,22
FUN|2011Q1,window25,material,risky,11
FUN|2012Q1,window25,distribution,disruptions,17
HRB|2016Q3,window25,delivering,theft,11
HRB|2017Q4,window25,order,theft,16
FUN|2014Q3,stem,distribution,concern,2
FUN|2015Q1,window25,delivery,threats,14
FUN|2015Q4,stem,track,concern,3
FUN|2016Q2,window25,deliver,risk,14
SCI|2010Q2,window25,production,volatility,12
SCI|2013Q1,hyphen,backlog,risk,9
FUN|2018Q2,stem,customer,risk,2
FUN|2018Q2,window25,distribution,disruptions,17
FUN|2018Q3,window25,distribution,concern,17
FUN|2019Q3,window25,buying,disruptions,19
FUN|2022Q2,stem,track,disruption,10
FUN|2022Q2,window25,distribution,disruption,23
SCI|2016Q4,window25,distributions,exposure,19
SCI|2021Q3,window25,pipeline,risk,17
SCI|2022Q3,stem,customer,concern,6
PVH|2015Q1,window25,inventories,exposure,25
PVH|2015Q2,window25,customer,exposure,11
PVH|2023Q3,window25,inventory,uncertain,20
SCI|2017Q3,window25,deliver,natural disasters,13
SCI|2017Q4,window25,production,disruption,14
SCI|2019Q3,window25,purchases,uncertainty,17
SCI|2022Q4,stem,production,concern,3
SCI|2023Q1,stem,stock,volatile,1
SCI|2023Q1,window25,customers,volatile,15
SCI|2024Q3,window25,customers,concern,12
GAP|2010Q2,stem,forecast,risk,6
GAP|2010Q3,stem,deliver,concern,4
GAP|2011Q1,window25,channel,risk,24
GAP|2012Q3,window25,customers,exposure,16
MYE|2013Q2,stem,plann,contingency,6
MYE|2013Q2,window25,logistical,contingency,21
MYE|2014Q1,window25,packaging,disruptions,16
MYE|2014Q2,window25,customers,risk,13
MYE|2015Q2,window25,customers,uncertain,14
MYE|2021Q4,window25,pipeline,uncertainty,20
MYE|2022Q3,window25,planning,exposure,22
GAP|2016Q4,window25,vendors,risk,19
GAP|2017Q4,window25,deliver,exposure,14
GAP|2018Q2,window25,channel,exposure,20
GAP|2018Q3,stem,deliver,concern,4
GAP|2023Q3,window25,inventories,uncertain,16
GAP|2024Q1,stem,deliver,uncertainty,5
AIN|2012Q2,window25,orders,uncertainty,23
AIN|2014Q3,window25,plant,risk,19
AIN|2015Q3,window25,finished,volatility,11
AIN|2017Q1,window25,supply chain,risk,24
AIN|2017Q2,window25,manufacturing,exposure,24
PII|2011Q4,window25,retail,concerns,11
PII|2012Q1,window25,customer,lead times,11
AIN|2010Q2,window25,production,bottlenecks,25
AIN|2011Q4,stem,supply chain,concern,6
KBH|2010Q2,window25,deliveries,uncertainty,11
HOG|2024Q1,window25,inventory,exposure,11
HOG|2024Q3,window25,customers,uncertainty,13
HOG|2024Q4,window25,production,tariffs,13
LEN|2011Q3,window25,customers,risk,12
TOL|2012Q1,window25,clients,concern,13
HOG|2014Q4,window25,retail,volatility,18
HOG|2017Q2,window25,network,tariff,11
OXM|2018Q2,window25,customers,concern,12
OXM|2019Q3,window25,merchandising,tariffs,17
OXM|2020Q1,stem,inventory,concern,3
OXM|2020Q1,window25,inventory,uncertain,20
TOL|2014Q4,stem,plann,exposure,1
TOL|2015Q3,window25,buyer,volatility,22
TOL|2016Q1,stem,stock,uncertainty,6
TOL|2016Q1,window25,buying,uncertainty,11
TOL|2018Q2,window25,materials,downside,11
TOL|2018Q3,stem,forecast,concern,9
TOL|2018Q3,window25,buyers,concern,22
TOL|2019Q1,stem,buyer,concern,2
TOL|2019Q1,window25,buyer,volatility,17
TOL|2019Q2,window25,backlog,disruption,24
KBH|2013Q3,window25,buyers,concern,14
KBH|2015Q2,window25,order,disruption,23
KBH|2018Q2,window25,buyer,exposure,24
ROL|2010Q2,stem,customer,concern,4
ROL|2011Q4,stem,customer,concern,1
ROL|2011Q4,window25,customer,risk,23
ROL|2012Q4,window25,pipeline,concern,18
TOL|2021Q2,stem,customer,concern,3
TOL|2021Q2,window25,components,contingency,12
OXM|2015Q4,window25,retail,exposure,13
OXM|2016Q4,window25,channels,disruption,17
SMP|2016Q2,window25,customers,disruption,24
SMP|2017Q4,window25,ordering,uncertain,11
SMP|2013Q3,window25,production,risks,24
ROL|2017Q2,window25,order,risk,16
ROL|2017Q4,window25,customers,risk,16
ROL|2019Q4,window25,customers,concerns,19
ROL|2020Q4,window25,customers,risks,24
ROL|2021Q1,window25,fleet,exposure,12
ROL|2013Q4,window25,customer,risk,24
ROL|2015Q1,hyphen,supply,exposure,9
ROL|2015Q3,stem,vendor,concern,2
ROL|2015Q3,window25,vendor,concerns,14
ROL|2016Q2,window25,truck,concerns,14
ROL|2022Q1,window25,customers,concerns,19
ROL|2022Q2,stem,material,concern,10
ROL|2022Q2,window25,fleet,disruption,25
ROL|2023Q3,window25,customers,downside,21
SMP|2018Q2,window25,orders,tariffs,23
SMP|2020Q2,window25,manufacturing,capacity constraints,20
SMP|2023Q3,window25,customer,volatile,20
KO|2011Q2,window25,planning,volatility,20
KO|2011Q4,window25,delivering,uncertainty,13
KO|2014Q3,window25,retail,volatility,23
MO|2013Q2,window25,pipeline,risk,22
MO|2014Q2,stem,plann,disruption,5
MO|2015Q1,window25,manufacturers,risk,19
MO|2010Q4,stem,forecast,uncertainty,2
MO|2012Q2,window25,wholesale,concern,25
KO|2018Q2,window25,freight,tariffs,15
KO|2020Q4,window25,deliver,uncertainty,19
KO|2022Q1,window25,supply,uncertain,13
KO|2022Q3,window25,retailers,risk,14
PG|2014Q2,window25,shipments,concern,20
PG|2014Q3,window25,supply,business disruption,13
PG|2016Q3,window25,finished,disruption,15
PG|2016Q4,window25,production,volatile,12
PG|2020Q1,window25,retail,disruption,20
MO|2015Q4,window25,retail,risk,25
MO|2016Q3,stem,track,risk,5
MO|2017Q3,hyphen,order,risk,9
MO|2017Q4,window25,retail,risk,22
KO|2024Q3,window25,materials,volatility,12
PG|2010Q4,stem,plann,risk,10
PG|2013Q4,stem,forecast,risk,8
MO|2018Q1,stem,stock,risk,3
MO|2018Q1,window25,retailers,concern,21
MO|2018Q4,window25,shipping,concerns,11
MO|2019Q2,stem,oversea,concern,8
MO|2019Q2,window25,purchasing,concern,11
MO|2019Q4,stem,purchase,concern,9
MO|2022Q3,window25,purchases,disruptions,11
MO|2023Q1,stem,retail,concern,6
MO|2023Q1,window25,orders,risk,11
MO|2024Q1,window25,wholesalers,threat,21
MO|2024Q4,window25,sourced,tariffs,11
PEP|2016Q1,stem,deliver,volatile,5
PEP|2021Q3,window25,supply,risk,11
WMT|2012Q1,stem,customer,concern,6
WMT|2012Q1,window25,logistics,risks,13
WMT|2012Q4,window25,inventory,disruption,13
WMT|2015Q3,window25,network,risk,12
PEP|2011Q1,window25,deliver,volatile,13
PEP|2011Q4,window25,packaging,concerns,13
PEP|2014Q2,stem,retail,concern,9
PEP|2014Q4,window25,deliver,disruptions,25
PEP|2015Q2,stem,deliver,volatility,10
WMT|2018Q4,window25,customers,volatility,12
WMT|2020Q4,window25,customers,tariff,12
WMT|2021Q3,window25,customers,uncertainties,18
ALCO|2021Q3,window25,customers,lead time,15
SYY|2010Q1,stem,material,concern,4
SYY|2010Q1,window25,customers,uncertainty,11
SYY|2010Q2,stem,material,concern,4
SYY|2010Q2,window25,material,risk,20
SYY|2010Q3,stem,material,concern,4
SYY|2010Q3,window25,material,risk,20
SYY|2010Q4,stem,material,concern,4
SYY|2010Q4,window25,material,risk,25
SYY|2011Q1,stem,material,concern,4
SYY|2011Q1,window25,material,risk,20
SYY|2011Q4,stem,stock,volatility,2
SYY|2011Q4,window25,customers,uncertain,14
SYY|2012Q2,stem,material,concern,4
SYY|2012Q2,window25,material,risk,20
SYY|2012Q3,stem,material,concern,4
SYY|2012Q3,window25,material,risk,20
SYY|2012Q4,stem,material,concern,4
SYY|2012Q4,window25,material,risk,20
SYY|2014Q3,window25,planning,contingency,16
SYY|2016Q2,stem,stock,uncertainty,8
SYY|2016Q2,window25,customers,uncertainty,24
SYY|2016Q3,stem,track,volatile,2
SYY|2016Q3,window25,delivery,volatile,23
SYY|2016Q4,window25,customers,risk,17
SYY|2017Q2,window25,customers,uncertainty,16
SYY|2017Q3,window25,supply,capacity constraints,20
KR|2011Q1,window25,customer,volatility,11
KR|2013Q1,stem,forecast,concern,7
KR|2014Q1,window25,retailers,concern,12
KR|2016Q3,window25,supply,volatility,11
KR|2017Q2,window25,deliver,volatile,13
CL|2013Q1,window25,retailers,disruption,11
CL|2013Q2,window25,order,volatility,24
CL|2016Q2,stem,deliver,uncertainty,5
CL|2016Q2,window25,retailer,uncertainties,14
SYY|2018Q3,window25,customer,concern,13
SYY|2019Q4,stem,customer,concern,9
SYY|2020Q1,window25,supply,uncertainties,14
SYY|2024Q2,window25,supply,disruptions,23
SYY|2024Q3,stem,truck,risk,9
KR|2010Q4,stem,stock,volatile,8
KR|2019Q4,stem,deliver,concern,4
KR|2021Q2,window25,retail,volatility,15
CL|2011Q3,window25,buying,volatility,17
CL|2012Q3,window25,deliver,volatile,13
CL|2023Q2,window25,inventories,uncertainties,19
CL|2023Q3,window25,raw,volatility,14
BTI|2020Q4,stem,track,uncertain,9
BTI|2020Q4,window25,deliver,uncertain,11
BTI|2022Q2,stem,stock,uncertainty,9
BTI|2023Q1,hyphen,deliver,risk,10
CL|2017Q2,window25,shipments,uncertainty,12
CL|2017Q4,window25,freight,volatility,12
CL|2018Q3,window25,retailer,volatility,19
CL|2018Q4,window25,raw,uncertainty,14
CL|2019Q3,window25,components,concerns,18
CLX|2014Q1,stem,forecast,contingency,6
CLX|2014Q4,window25,component,volatile,13
CLX|2015Q3,window25,channel,concerns,15
CLX|2016Q2,window25,manufactured,exposure,11
ADM|2010Q2,window25,shipping,tariff,12
ADM|2010Q3,window25,supply,concern,25
ADM|2013Q3,window25,supply,volatility,11
ADM|2015Q1,window25,transportation,concerns,14
ADM|2015Q3,stem,stock,volatile,3
ADM|2015Q3,window25,inventories,risk,11
CLX|2010Q2,window25,deliver,volatility,15
CLX|2010Q3,window25,retailer,concerns,15
CLX|2011Q3,window25,component,exposure,15
CLX|2013Q2,window25,retailers,stockouts,11
CLX|2018Q1,window25,supply,volatility,11
CLX|2018Q4,window25,channels,volatile,20
CLX|2019Q4,window25,retailer,uncertainty,11
CLX|2020Q1,window25,distribution,concern,24
CLX|2023Q4,window25,truckload,volatile,25
CLX|2024Q2,stem,forecast,concern,2
CLX|2024Q2,window25,merchandising,cyberattack,12
ADM|2016Q4,window25,supply,volatile,17
ADM|2017Q1,window25,buyer,risk,11
ADM|2019Q3,window25,customers,tariff,23
ADM|2019Q4,window25,materials,risks,12
ADM|2022Q2,stem,forecast,concern,4
ADM|2022Q2,window25,packaging,risks,11
ADM|2023Q4,window25,materials,risk,12
TGT|2023Q4,window25,purchases,volatility,14
GIS|2010Q2,window25,retail,exposure,25
GIS|2010Q3,window25,plant,uncertain,17
GIS|2011Q1,window25,merchandising,volatility,25
GIS|2012Q1,window25,buying,concerns,16
ADM|2024Q2,window25,materials,risk,12
ADM|2024Q3,window25,materials,risks,13
TGT|2011Q2,stem,forecast,uncertainty,8
TGT|2011Q2,window25,delivering,uncertainty,19
TGT|2013Q1,stem,channel,concern,5
TGT|2013Q3,window25,merchandising,uncertainty,15
TGT|2013Q4,window25,channels,concerns,14
GIS|2013Q3,window25,merchandising,concern,25
GIS|2013Q4,hyphen,retailer,concerns,8
GIS|2014Q1,window25,merchandising,concerns,14
GIS|2015Q4,window25,retailers,volatility,17
GIS|2016Q4,window25,retail,risk,12
GIS|2017Q1,stem,stock,concern,5
TGT|2015Q1,window25,inventory,risk,21
TGT|2015Q2,stem,supply,concern,2
TGT|2016Q3,stem,forecast,volatility,7
TGT|2016Q3,window25,customers,threat,11
TGT|2017Q1,window25,planning,risk,12
TGT|2018Q1,stem,plann,disruption,5
TGT|2023Q3,window25,order,lead times,13
ACU|2013Q2,stem,raw,concern,3
ACU|2013Q4,window25,forecasting,risk,11
ACU|2014Q3,window25,raw,concern,21
NWL|2011Q2,stem,purchase,volatility,7
NWL|2011Q2,window25,purchasing,risk,11
NWL|2015Q3,stem,storage,concern,10
NWL|2015Q3,window25,source,exposure,19
NWL|2015Q4,window25,retailers,risk,14
NWL|2016Q1,window25,planning,concerns,25
NWL|2017Q1,window25,channels,volatile,24
NWL|2019Q3,window25,customers,disruption,19
NWL|2023Q2,stem,sourc,single sourc,0
CAG|2012Q1,window25,deliver,risks,13
CAG|2013Q4,stem,customer,concern,3
CAG|2013Q4,window25,retail,disruption,24
CAG|2020Q2,window25,shipped,disruption,11
CAG|2021Q2,window25,merchandising,uncertain,16
CAG|2021Q4,window25,customers,volatile,15
CAG|2015Q4,stem,plann,uncertainty,3
CAG|2018Q2,window25,retailers,volatility,15
GIS|2019Q2,window25,logistics,tariffs,16
GIS|2019Q4,window25,channel,concern,15
GIS|2021Q3,window25,logistics,contingencies,18
TAP|2010Q4,window25,materials,volatility,17
TAP|2016Q4,stem,inventory,concern,1
TAP|2024Q4,stem,forecast,risk,8
TAP|2024Q4,window25,materials,tariffs,15
KMB|2010Q4,stem,buy,concern,5
KMB|2011Q1,hyphen,supply,supply chain disruptions,0
KMB|2011Q1,window25,customer,risk,16
KMB|2011Q3,stem,buy,downside,8
KMB|2011Q3,window25,delivering,risk,24
KMB|2012Q2,stem,buy,downside,9
KMB|2012Q3,window25,distribution,volatility,21
TAP|2019Q1,stem,plann,volatility,3
TAP|2019Q3,window25,freight,tariffs,19
TAP|2020Q4,stem,track,exposure,5
TAP|2023Q1,stem,forecast,risk,8
TAP|2023Q1,window25,shipped,uncertain,21
TAP|2023Q4,stem,forecast,risk,8
TAP|2023Q4,window25,deliver,volatility,11
TAP|2024Q3,stem,forecast,risk,8
KMB|2019Q2,window25,materials,risk,21
KMB|2019Q3,window25,materials,risk,21
KMB|2023Q1,window25,material,volatile,12
KMB|2024Q1,window25,delivery,volatility,20
CPB|2010Q2,window25,planning,concerns,11
KMB|2016Q4,window25,delivering,concern,15
KMB|2017Q1,window25,materials,risk,22
KMB|2017Q2,window25,materials,risk,20
KMB|2017Q3,window25,supply,uncertain,17
KMB|2017Q4,window25,planning,risk,16
KMB|2018Q1,window25,materials,risk,22
KMB|2018Q4,stem,deliver,volatility,3
KMB|2019Q1,window25,materials,risk,21
CPB|2011Q4,stem,forecast,risk,3
CPB|2011Q4,window25,purchases,risk,17
CPB|2012Q4,window25,customers,concern,25
CPB|2013Q2,window25,delivery,concerns,17
KMB|2012Q4,window25,planning,risk,23
KMB|2013Q1,window25,materials,risk,21
KMB|2013Q2,window25,deliver,volatile,14
KMB|2014Q2,window25,materials,risk,22
KMB|2015Q1,window25,materials,risk,22
KMB|2015Q2,window25,materials,risk,22
KMB|2016Q1,window25,materials,risk,22
KMB|2016Q3,window25,materials,risk,23
CPB|2019Q2,window25,customers,concerns,14
CPB|2019Q4,window25,merchandising,volatility,20
CPB|2020Q3,window25,factory,uncertainty,13
CPB|2015Q2,stem,supply,concern,7
CPB|2017Q3,window25,retailer,threat,13
HSY|2011Q1,stem,delivery,concern,2
HSY|2011Q1,window25,merchandising,volatile,13
HSY|2011Q3,window25,retail,concern,16
HSY|2016Q1,window25,buying,volatility,11
HSY|2016Q2,window25,retail,risk,24
CHD|2016Q3,stem,forecast,risk,6
CHD|2016Q3,window25,distribution,threat,22
CHD|2016Q4,stem,forecast,risk,6
CHD|2016Q4,window25,retail,disruption,12
CHD|2017Q1,window25,purchasing,uncertainty,14
CHD|2017Q2,stem,forecast,risk,4
CHD|2019Q1,stem,forecast,risk,6
CHD|2023Q1,stem,stock,concern,2
HSY|2017Q2,stem,purchase,volatility,7
HSY|2017Q2,window25,purchases,concern,21
HSY|2018Q1,window25,supply,volatility,18
HSY|2018Q4,stem,deliver,risk,9
HSY|2021Q4,window25,planning,risk,20
HSY|2022Q3,window25,retailers,concern,22
HSY|2023Q4,hyphen,inventory,risk,8
HSY|2024Q4,window25,shipments,volatility,16
CHD|2012Q2,stem,forecast,risk,6
CHD|2013Q1,stem,forecast,risk,6
CHD|2013Q2,stem,forecast,risk,6
CHD|2013Q3,stem,forecast,risk,6
CHD|2023Q3,stem,forecast,risk,6
CHD|2024Q1,stem,forecast,risk,6
CHD|2024Q3,stem,forecast,risk,6
COST|2014Q3,window25,retail,volatile,16
TSN|2015Q1,stem,supply,concern,5
TSN|2015Q1,window25,logistics,concern,15
TSN|2015Q2,window25,production,risk,14
TSN|2016Q1,stem,buy,exposure,8
TSN|2016Q1,window25,production,exposure,13
TSN|2017Q2,window25,plant,volatile,18
TSN|2019Q1,window25,supplies,disruptions,19
COST|2018Q1,window25,customer,concern,20
COST|2018Q2,stem,freight,concern,1
COST|2018Q2,window25,buying,concerns,13
COST|2020Q1,window25,sourcing,tariff,12
TSN|2012Q2,stem,supply,concern,9
TSN|2012Q2,window25,supply,concerns,12
CCEP|2013Q1,stem,stock,uncertainty,5
CCEP|2013Q2,window25,retail,volatility,14
CCEP|2014Q3,window25,packaging,concern,19
TSN|2019Q2,window25,customers,volatility,12
TSN|2023Q3,stem,forecast,forecast error,0
TSN|2023Q4,window25,supply,uncertain,11
TSN|2024Q4,window25,supply,contingency,25
CCEP|2011Q2,stem,purchase,exposure,5
CCEP|2011Q2,window25,supply,disruption,18
CCEP|2011Q3,stem,purcha,concern,10
CCEP|2012Q1,window25,customers,tariff,16
CCEP|2015Q3,stem,track,concern,10
FLO|2022Q3,window25,transportation,volatility,13
UVV|2012Q3,stem,delivery,delivery delay,0
UVV|2014Q1,window25,shipment,volatile,16
UVV|2015Q1,window25,inventories,volatility,20
CCEP|2023Q3,window25,route,disruption,12
FLO|2013Q2,stem,production,concern,9
FLO|2014Q2,window25,planning,volatility,19
CHD|2013Q4,stem,forecast,risk,6
CHD|2013Q4,window25,delivers,risk,25
CHD|2014Q2,stem,forecast,risk,6
CHD|2014Q3,stem,forecast,risk,6
CHD|2014Q3,window25,retail,volatile,11
CHD|2014Q4,stem,forecast,risk,6
CHD|2014Q4,window25,retailer,exposure,21
CHD|2015Q1,stem,forecast,risk,6
CHD|2015Q1,window25,production,capacity constraints,12
CHD|2015Q3,stem,forecast,risk,6
CHD|2015Q3,window25,production,volatile,18
CHD|2015Q4,stem,forecast,risk,6
CHD|2016Q1,stem,forecast,risk,6
UVV|2022Q1,window25,shipments,uncertainties,14
FLO|2015Q4,window25,manufacturing,risk,18
FLO|2017Q2,stem,packag,concern,5
FLO|2017Q2,window25,retail,concern,13
FLO|2018Q1,stem,production,concern,2
FLO|2019Q2,window25,channel,disruption,11
PPC|2013Q4,window25,sourcing,risk,11
PPC|2022Q3,window25,channel,risk,13
HRL|2014Q4,window25,raw,volatile,16
HRL|2016Q4,stem,deliver,volatility,2
HRL|2016Q4,window25,delivering,volatile,11
UVV|2022Q3,window25,shipping,lead times,11
UVV|2023Q1,window25,shipments,uncertainties,15
UVV|2024Q2,window25,shipments,uncertainties,14
UVV|2024Q3,hyphen,customer,uncertainties,10
UVV|2024Q3,window25,shipments,uncertainties,13
HRL|2010Q2,window25,retail,exposure,14
HRL|2011Q2,hyphen,supply,volatile,9
HRL|2011Q2,stem,supply,concern,6
HRL|2011Q2,window25,retail,exposure,15
MZTI|2016Q3,window25,customers,risk,24
MZTI|2021Q2,window25,forecasting,uncertainty,14
MZTI|2024Q1,window25,deliver,concern,23
MZTI|2024Q2,hyphen,supply,risks,2
MZTI|2024Q2,window25,retail,capacity constraints,12
MZTI|2024Q3,window25,retail,exposure,16
HELE|2017Q1,stem,buy,concern,7
HELE|2017Q1,window25,channels,exposure,14
JJSF|2013Q1,window25,retail,risks,23
JJSF|2013Q3,stem,stock,concern,10
JJSF|2013Q4,stem,customer,concern,2
JJSF|2013Q4,window25,retail,risks,22
JJSF|2019Q4,window25,plants,disruptions,17
JJSF|2022Q3,window25,supply,risks,23
JJSF|2022Q4,window25,supply,risks,23
JJSF|2015Q2,stem,buy,risk,2
JJSF|2015Q2,window25,purchasing,risks,21
JJSF|2015Q4,window25,customers,exposure,25
JJSF|2023Q1,window25,supply,risks,23
JJSF|2023Q2,window25,supply,risks,23
JJSF|2023Q3,window25,pipeline,volatility,16
MGPI|2016Q3,window25,production,risk,13
MGPI|2016Q4,stem,production,concern,9
MGPI|2016Q4,window25,inventory,risk,11
MGPI|2017Q1,hyphen,supply,tariffs,8
MGPI|2017Q1,window25,inventory,volatility,17
IMKTA|2013Q3,stem,buy,volatility,8
IMKTA|2013Q4,window25,customer,concern,20
IPAR|2012Q2,window25,customers,risk,11
HELE|2017Q4,window25,distribution,risk,16
HELE|2018Q1,window25,retail,disruption,14
JJSF|2010Q2,window25,customer,concerns,12
MGPI|2017Q2,stem,inventory,concern,8
MGPI|2017Q2,window25,supply,tariffs,11
MGPI|2017Q3,window25,supply,tariffs,12
MGPI|2019Q4,stem,forecast,volatile,6
MGPI|2019Q4,window25,source,uncertainty,15
MGPI|2023Q4,hyphen,customer,risk,4
MGPI|2023Q4,window25,order,exposure,11
MGPI|2024Q1,stem,forecast,volatility,3
MGPI|2024Q1,window25,material,risk,12
MGPI|2024Q2,window25,customers,concern,15
MKC|2010Q3,hyphen,retailers,risk,9
MKC|2011Q3,window25,material,volatility,25
JBSS|2021Q3,window25,customers,risks,22
JBSS|2022Q4,window25,retail,uncertain,16
JBSS|2012Q3,window25,manufacturing,volatile,21
JBSS|2013Q4,window25,supply,disruption,16
JBSS|2015Q4,window25,supply,volatile,16
IPAR|2017Q1,window25,channels,exposure,21
IPAR|2018Q4,window25,packaging,risk,14
IPAR|2020Q2,stem,customer,concern,5
IPAR|2020Q2,window25,inventory,exposure,11
IPAR|2020Q4,stem,material,concern,5
JBSS|2017Q3,window25,customers,volatility,18
JBSS|2020Q2,window25,retailers,volatility,25
JNJ|2011Q1,stem,distribution,concern,2
JNJ|2014Q1,window25,buying,concern,13
JNJ|2019Q4,window25,fulfill,uncertain,14
JNJ|2020Q2,window25,materials,concerns,20
JNJ|2024Q1,stem,deliver,concern,7
JNJ|2024Q1,window25,sources,risk,23
MRK|2016Q3,window25,channel,concerns,13
MRK|2017Q1,stem,forecast,risk,5
MRK|2017Q4,stem,forecast,risk,5
MRK|2018Q3,window25,manufacturing,risk,11
MRK|2011Q2,stem,track,risk,10
MRK|2011Q2,window25,pipeline,risk,13
MRK|2011Q3,stem,track,risk,9
MRK|2012Q2,stem,plann,risk,6
MRK|2012Q4,window25,package,concern,14
MRK|2013Q4,stem,plann,risk,10
MRK|2015Q2,window25,customers,risk,14
MRK|2024Q1,hyphen,pipeline,exposure,9
MRK|2024Q2,stem,track,concern,9
MRK|2024Q2,window25,inventory,risk,14
LLY|2010Q3,window25,pipeline,risk,15
LLY|2010Q4,stem,pipeline,concern,1
LLY|2011Q4,window25,pipeline,concerns,13
LLY|2013Q3,hyphen,source,single source,0
LLY|2015Q2,window25,pipeline,concern,13
LLY|2015Q3,hyphen,pipeline,risk,10
MRK|2020Q1,window25,distributed,susceptible,16
MRK|2020Q4,window25,buying,risk,11
MRK|2021Q1,window25,pipeline,risk,22
MRK|2021Q2,window25,supply,lead time,15
MRK|2022Q2,window25,pipeline,risk,15
LLY|2016Q4,window25,order,concern,24
LLY|2017Q2,hyphen,order,risk,6
LLY|2019Q1,stem,track,concern,8
LLY|2019Q4,window25,planning,exposure,12
LLY|2022Q4,window25,procurement,disruption,14
LLY|2023Q1,stem,forecast,threat,3
LLY|2023Q1,window25,manufacturing,concerns,16
LLY|2024Q1,window25,manufacturing,risk,12
BMY|2010Q1,window25,manufacturing,risk,11
BMY|2010Q2,window25,inventory,exposure,12
BMY|2010Q4,window25,inventory,disruption,16
BMY|2012Q1,window25,planning,risk,15
BMY|2012Q2,window25,customers,risk,20
BMY|2018Q3,window25,channels,exposure,17
BMY|2022Q1,hyphen,deliver,risk,6
BMY|2022Q1,window25,customers,concern,18
BMY|2022Q3,window25,pipeline,concerns,13
BMY|2019Q2,window25,customers,hazard,14
BMY|2020Q1,stem,plann,concern,9
BMY|2020Q4,window25,material,concern,20
BMY|2021Q1,stem,plann,concern,8
BMY|2021Q1,window25,planning,uncertainty,11
PFE|2010Q1,window25,sources,risks,12
PFE|2011Q2,stem,pipeline,concern,4
PFE|2012Q1,window25,package,risks,12
PFE|2012Q3,stem,pipeline,concern,2
PFE|2012Q3,window25,purchasing,volatility,12
PFE|2013Q4,stem,pipeline,concern,6
PFE|2014Q3,stem,track,threat,8
PFE|2014Q3,window25,source,concern,13
PFE|2014Q4,window25,pipeline,risks,21
PFE|2015Q1,window25,route,volatility,19
CHE|2016Q1,stem,stock,volatility,3
CHE|2019Q3,window25,deliver,disruptions,12
CHE|2013Q2,window25,sources,uncertainty,14
CHE|2014Q2,window25,deliver,concern,11
CHE|2014Q3,window25,sources,risks,17
CHE|2014Q4,window25,source,risk,18
CHE|2015Q1,stem,distribution,concern,1
PFE|2024Q3,window25,pipeline,threat,25
CHE|2011Q4,stem,component,concern,7
CHE|2021Q2,stem,deliver,concern,8
CHE|2021Q2,window25,customer,disruption,21
BIO|2011Q4,window25,inventory,exposures,11
BIO|2012Q4,window25,shipping,uncertainty,19
BIO|2013Q1,stem,purchase,contingency,4
PFE|2017Q2,window25,delivering,uncertainties,21
PFE|2022Q4,window25,delivering,risk,24
BIO|2015Q3,stem,stock,exposure,6
BIO|2015Q3,window25,supply chain,disruption,16
BIO|2019Q1,window25,orders,uncertain,20
BIO|2022Q3,window25,truck,sanction,13
HUM|2010Q3,window25,retail,volatility,15
HUM|2011Q2,window25,delivery,risks,21
HUM|2012Q3,hyphen,network,risk,5
HUM|2012Q3,window25,channel,risk,24
HUM|2012Q4,hyphen,delivery,risk,3
HUM|2012Q4,window25,delivery,risk,19
HUM|2013Q4,stem,plann,volatility,3
HUM|2013Q4,window25,networks,disruptions,17
BAX|2012Q1,window25,pipeline,uncertainty,19
BAX|2020Q4,window25,purchases,risks,21
HUM|2010Q1,window25,network,risk,11
HUM|2015Q1,hyphen,network,disruption,3
HUM|2015Q1,stem,track,risk,6
HUM|2015Q1,window25,delivery,risk,14
HUM|2017Q2,window25,delivery,risk,13
HUM|2017Q3,stem,forecast,uncertainty,4
HUM|2017Q4,window25,delivery,risk,18
HUM|2018Q3,window25,retail,exposure,17
HUM|2018Q4,hyphen,customers,risk,3
HUM|2018Q4,window25,customers,risk,12
HUM|2019Q1,window25,components,risk,12
HUM|2019Q3,window25,sources,risk,13
HUM|2019Q4,window25,buying,risky,18
HUM|2022Q2,window25,tracking,concerns,15
HUM|2022Q4,window25,delivering,uncertainty,25
MDT|2010Q3,window25,deliver,uncertainty,12
MDT|2012Q2,stem,finish,risk,5
MDT|2012Q2,window25,delivery,uncertainty,25
NVO|2018Q3,stem,pipeline,concern,5
NVO|2020Q2,stem,stock,volatility,8
NVO|2022Q1,window25,supply,volatility,13
NVO|2024Q1,window25,production,risk,11
NVO|2013Q4,window25,planning,risk,20
NVO|2014Q1,window25,inventory,concern,22
MDT|2013Q2,window25,delivery,uncertainty,16
MDT|2014Q2,window25,planning,risk,16
MDT|2017Q1,stem,track,risk,5
MDT|2017Q3,window25,delivering,exposure,19
MDT|2019Q2,window25,deliver,tariffs,21
MDT|2019Q3,hyphen,order,risk,2
MDT|2019Q3,window25,deliver,tariffs,12
MDT|2020Q1,window25,pipeline,risk,18
MDT|2020Q4,window25,pipeline,tariffs,20
MDT|2023Q4,stem,customer,concern,4
MDT|2024Q3,window25,delivering,exposure,22
MDT|2024Q4,window25,delivering,exposure,18
NVO|2012Q1,stem,track,uncertainty,7
THC|2010Q3,window25,clients,risk,11
THC|2011Q4,hyphen,deliveries,risk,6
THC|2012Q2,hyphen,customers,risk,7
THC|2012Q3,window25,material,uncertainty,19
THC|2013Q1,stem,network,concern,4
THC|2013Q1,window25,sources,concerns,22
THC|2013Q2,window25,network,uncertainties,20
THC|2014Q3,stem,stock,volatility,3
THC|2014Q3,window25,client,risk,16
THC|2015Q3,window25,order,concerns,23
THC|2019Q2,window25,material,risk,22
THC|2019Q4,window25,material,uncertainty,15
THC|2020Q2,window25,network,risks,11
THC|2020Q3,window25,network,disruption,20
CI|2010Q4,window25,customers,disruption,16
CI|2011Q4,window25,client,volatile,11
CI|2012Q2,window25,delivering,risks,12
CI|2012Q4,stem,deliver,concern,9
CI|2012Q4,window25,customers,volatility,21
CI|2014Q4,stem,deliver,risk,2
CI|2014Q4,window25,network,risk,12
CI|2016Q3,window25,deliver,sanctions,14
CI|2016Q4,window25,deliver,risk,15
THC|2015Q4,window25,buying,risk,19
THC|2016Q4,stem,track,risk,4
THC|2017Q1,window25,source,uncertainty,24
THC|2022Q4,window25,supply,disruption,16
THC|2023Q3,window25,pipeline,lead time,16
THC|2024Q1,stem,forecast,risk,3
THC|2024Q1,window25,planning,risk,15
CI|2010Q2,window25,customer,risk,11
CI|2017Q4,window25,retail,risk,23
CI|2018Q3,window25,order,risk,14
CI|2019Q2,window25,order,risk,13
CI|2019Q3,window25,customer,risk,22
CI|2021Q1,window25,customers,risk,25
CI|2022Q1,window25,customer,uncertain,17
BDX|2021Q1,window25,customers,risk,20
BDX|2021Q3,window25,inventory,risk,13
BDX|2011Q3,stem,packag,risk,7
BDX|2013Q2,window25,planning,concerns,15
BDX|2013Q3,stem,customer,concern,2
BDX|2014Q1,window25,pipeline,risk,19
CI|2022Q4,window25,customer,risk,15
CI|2023Q1,window25,clients,risk,11
CI|2023Q3,stem,customer,concern,1
CI|2024Q2,window25,clients,risk,14
CI|2024Q3,window25,customers,risk,18
BDX|2010Q4,window25,components,risks,13
ABT|2017Q4,window25,channels,disruption,17
ABT|2018Q4,stem,forecast,uncertainty,4
ABT|2019Q1,window25,pipelines,concerns,16
ABT|2019Q2,window25,pipeline,risk,23
BDX|2014Q2,window25,customer,risk,25
ABT|2013Q2,window25,deliver,volatility,12
ABT|2013Q3,stem,deliver,disruption,7
ABT|2013Q3,window25,overseas,volatile,13
ABT|2016Q2,stem,forecast,uncertainty,9
ABT|2019Q4,window25,pipeline,concerns,24
ABT|2023Q3,stem,procurement,concern,3
RVTY|2011Q2,window25,buying,risks,25
RVTY|2012Q2,stem,buy,bottleneck,10
RVTY|2012Q2,window25,customers,bottleneck,15
RVTY|2018Q4,window25,order,volatility,16
RVTY|2019Q1,window25,distribution,exposure,21
RVTY|2020Q1,stem,deliver,uncertainty,8
RVTY|2012Q4,window25,supplying,exposure,12
RVTY|2013Q3,stem,forecast,uncertainty,6
RVTY|2013Q3,window25,customer,threat,12
RVTY|2015Q1,window25,order,volatility,25
RVTY|2015Q4,window25,customers,concerns,21
RVTY|2016Q1,window25,customers,volatility,15
RVTY|2018Q1,window25,manufacturing,exposure,11
RVTY|2018Q3,window25,customers,risk,11
RVTY|2022Q1,window25,packaging,uncertainty,12
RVTY|2023Q3,stem,procurement,concern,3
RVTY|2023Q3,window25,procurement,exposure,16
RVTY|2024Q1,window25,customers,volatility,15
COO|2014Q3,window25,distributor,volatility,11
COO|2016Q4,window25,production,uncertainties,23
COO|2018Q1,stem,retailer,concern,6
RVTY|2024Q2,hyphen,customer,concern,6
RVTY|2024Q2,window25,customers,concern,20
COO|2012Q1,window25,production,susceptible,14
COO|2013Q1,window25,components,risks,23
COO|2014Q1,stem,deliver,capacity constraint,7
COO|2022Q2,window25,supply chain,disruption,11
COO|2023Q4,window25,distribution,risks,24
AMS|2012Q1,window25,procure,risk,11
AMS|2012Q3,stem,stock,volatility,1
AMS|2013Q4,window25,delivery,concern,18
AMS|2018Q4,stem,stock,exposure,1
AMS|2021Q2,stem,stock,exposure,8
AMS|2017Q1,window25,purchases,risk,17
AMGN|2013Q2,window25,wholesale,risk,19
AMGN|2015Q1,window25,ordering,risk,16
COO|2018Q4,window25,inventory,disruptions,12
COO|2019Q2,window25,manufacturing,tariffs,11
COO|2020Q3,window25,order,risk,24
AMGN|2010Q2,window25,material,volatility,13
AMGN|2012Q2,window25,order,threat,24
AMGN|2012Q3,window25,manufacturing,concerns,13
AMGN|2017Q1,window25,source,concerns,14
AMGN|2020Q4,stem,deliver,disruption,4
AMGN|2020Q4,window25,pipeline,disruption,21
AMGN|2024Q2,window25,order,capacity constraints,18
CVS|2018Q2,window25,customers,disruption,12
CVS|2018Q4,hyphen,source,single source,0
CVS|2018Q4,window25,retail,concerns,23
CVS|2019Q1,window25,channel,concern,13
CVS|2019Q4,hyphen,source,single source,0
CVS|2012Q4,window25,clients,sanction,12
CVS|2015Q3,window25,retail,concern,13
CVS|2017Q3,window25,delivery,concern,12
GSK|2012Q4,window25,pipeline,exposure,25
GSK|2016Q3,stem,delivery,concern,7
GSK|2017Q3,window25,channel,volatility,18
AMGN|2018Q1,window25,fulfillment,risk,15
CVS|2022Q3,window25,customers,natural disasters,11
CVS|2023Q1,stem,deliver,uncertainty,7
CVS|2023Q1,window25,customers,risk,13
CVS|2023Q2,window25,retail,uncertainty,13
CVS|2024Q2,window25,material,risk,11
GSK|2011Q1,window25,pipeline,risk,16
GSK|2020Q2,stem,track,disruption,7
GSK|2020Q2,window25,delivery,disruption,11
GSK|2021Q3,stem,track,disruption,3
GSK|2021Q3,window25,inventory,disruptions,20
GSK|2021Q4,hyphen,production,risk,2
GSK|2021Q4,stem,forecast,risk,4
GSK|2021Q4,window25,component,risk,11
GSK|2022Q1,window25,customers,sanctions,11
GSK|2022Q3,hyphen,pipeline,risk,2
GSK|2023Q2,window25,pipeline,risk,21
GSK|2024Q2,window25,delivering,risk,18
GSK|2024Q3,window25,pipeline,risk,15
TMO|2010Q1,stem,customer,concern,3
TMO|2010Q1,window25,customer,bottlenecks,17
DHR|2016Q1,stem,deliver,uncertain,9
DHR|2016Q1,window25,material,risk,12
DHR|2017Q1,stem,inventory,concern,2
DHR|2019Q2,window25,order,exposure,13
DHR|2020Q2,window25,order,exposure,16
TMO|2011Q4,window25,customers,uncertain,14
TMO|2012Q1,window25,buying,disruption,25
TMO|2012Q3,window25,purchasing,uncertainty,19
TMO|2013Q3,window25,customers,uncertainty,12
TMO|2014Q2,window25,shipped,lead time,21
TMO|2015Q1,window25,delivers,exposure,14
TMO|2020Q4,window25,customers,disruption,21
TMO|2021Q4,window25,customers,disruption,24
TMO|2022Q1,window25,packages,disruptions,11
TMO|2022Q3,stem,finish,concern,9
TMO|2022Q3,window25,customers,risk,12
DHR|2010Q2,window25,pipeline,volatility,18
DHR|2010Q4,window25,packaging,exposure,23
TMO|2015Q3,window25,channel,exposure,11
TMO|2016Q2,window25,customers,uncertain,11
TMO|2017Q1,window25,tracking,uncertainty,22
TMO|2018Q1,window25,customers,concern,13
DHR|2012Q3,window25,supply chain,disruptions,20
DHR|2012Q4,window25,finished,uncertainty,15
DHR|2013Q3,window25,customer,volatile,19
PHG|2017Q2,window25,customers,uncertainties,11
PHG|2019Q4,stem,deliver,tariff,3
PHG|2019Q4,window25,components,tariffs,22
PHG|2020Q1,stem,supply,concern,2
PHG|2020Q4,window25,pipeline,concerns,16
CAH|2012Q1,hyphen,shortage,shortage,0
DHR|2023Q3,window25,procurement,exposure,17
PHG|2011Q1,window25,supply chain,risks,12
PHG|2011Q4,window25,order,risks,21
PHG|2014Q2,window25,backlog,risks,21
PHG|2014Q4,window25,shipments,disruption,18
PHG|2016Q2,window25,deliver,concerns,18
PHG|2016Q3,hyphen,deliver,risk,9
WST|2015Q2,window25,components,exposures,15
WST|2020Q2,window25,customers,uncertain,18
WST|2020Q4,window25,plants,lead time,21
WST|2022Q4,window25,delivery,risk,14
CAH|2022Q2,window25,supply chain,disruptions,13
CAH|2023Q3,window25,sourcing,volatility,19
CAH|2024Q3,stem,network,concern,2
CAH|2024Q3,window25,supply,risk,13
WST|2013Q3,stem,stock,lead time,7
WST|2013Q3,window25,customers,lead time,16
CAH|2013Q3,window25,material,exposure,11
CAH|2015Q2,window25,suppliers,exposures,20
CAH|2017Q3,window25,planning,disruption,17
SYK|2012Q4,window25,network,exposure,18
SYK|2014Q2,window25,pipeline,disruptions,17
SYK|2018Q2,window25,deliver,bottlenecks,13
WST|2023Q3,window25,ordering,volatility,14
SYK|2010Q3,window25,customer,concern,16
SYK|2012Q2,window25,forecasting,risk,14
SYK|2020Q2,window25,delivers,threat,17
SYK|2020Q3,window25,manufacturing,uncertainty,12
ACH|2014Q2,window25,distributor,risk,12
ACH|2016Q2,window25,customer,risk,25
SYK|2024Q4,window25,deliver,downside,14
TFX|2011Q3,window25,materials,exposure,14
TFX|2013Q4,window25,delivers,exposure,11
TFX|2024Q1,window25,raw,exposure,19
ACH|2011Q4,stem,customer,concern,2
ACH|2012Q1,window25,sourcing,concern,13
TFX|2019Q1,window25,manufacturing,tariffs,14
TFX|2019Q4,window25,oem,tariffs,25
TFX|2020Q4,window25,customers,uncertainty,17
ACH|2017Q3,window25,supply,risk,15
TFX|2014Q2,window25,supply,contingencies,18
TFX|2014Q4,window25,planning,exposures,16
TFX|2015Q3,window25,buying,volatility,18
TFX|2016Q3,stem,forecast,risk,5
TFX|2016Q3,window25,manufacturing,risk,25
HCSG|2022Q1,stem,forecast,susceptible,4
HCSG|2022Q2,stem,forecast,susceptible,4
HCSG|2022Q2,window25,clients,uncertainty,21
HCSG|2023Q1,window25,tracking,uncertainty,15
ACH|2023Q3,window25,suppliers,risk,17
HCSG|2014Q4,stem,forecast,susceptible,4
HCSG|2015Q3,stem,forecast,susceptible,4
HCSG|2016Q2,stem,forecast,susceptible,4
HCSG|2016Q2,window25,customer,concern,14
RGEN|2014Q4,window25,manufacturing,exposure,12
RGEN|2016Q3,window25,factory,lead times,19
RGEN|2016Q4,window25,production,lead times,14
HCSG|2016Q4,stem,forecast,susceptible,4
HCSG|2017Q1,stem,forecast,susceptible,4
HCSG|2017Q2,stem,forecast,susceptible,4
HCSG|2017Q3,stem,forecast,susceptible,4
HCSG|2017Q3,window25,purchasing,uncertainty,14
HCSG|2018Q2,stem,forecast,susceptible,3
HCSG|2018Q2,window25,pipeline,bottleneck,16
HCSG|2019Q4,stem,forecast,susceptible,4
HCSG|2019Q4,window25,customers,concern,17
HCSG|2020Q2,stem,forecast,uncertainty,5
HCSG|2020Q2,window25,component,uncertainty,13
HCSG|2020Q3,stem,forecast,susceptible,4
HCSG|2020Q3,window25,customer,uncertainty,17
RGEN|2019Q1,window25,manufacturing,lead times,19
RGEN|2023Q1,window25,manufacturing,exposure,13
RGEN|2023Q4,stem,order,concern,1
RGEN|2023Q4,window25,purchased,concern,17
RGEN|2024Q1,window25,supply,lead times,18
UHS|2019Q2,window25,components,volatility,11
UHS|2020Q2,window25,deliver,concerns,11
CNMD|2010Q3,window25,deliver,exposure,21
CNMD|2011Q4,stem,customer,concern,2
CNMD|2011Q4,window25,supply,downside,15
UNH|2019Q4,stem,stock,volatility,1
UNH|2019Q4,window25,delivery,risk,25
UNH|2020Q2,window25,customers,disruptions,11
UNH|2020Q4,hyphen,component,risk,4
UNH|2020Q4,window25,customers,uncertainty,11
UNH|2022Q2,window25,delivery,vulnerability,14
UNH|2023Q3,stem,customer,concern,7
UNH|2023Q3,window25,manufacturers,risk,14
UNH|2013Q2,stem,deliver,risk,10
UNH|2014Q1,window25,delivering,uncertain,18
UNH|2014Q3,hyphen,customers,risk,8
UNH|2015Q2,hyphen,deliver,risk,10
UNH|2015Q2,window25,channels,risk,15
UNH|2015Q3,window25,clients,risk,24
UNH|2016Q1,window25,networks,exposure,23
UNH|2016Q2,stem,track,exposure,9
UNH|2016Q2,window25,pipeline,lead time,21
UNH|2017Q2,stem,procurement,concern,4
UNH|2017Q4,window25,customer,risk,23
UNH|2019Q3,window25,delivery,risk,15
TEVA|2024Q4,window25,planning,uncertain,19
AXGN|2012Q4,window25,inventory,risk,22
AXGN|2014Q3,window25,supplies,risk,13
CNMD|2013Q4,stem,manufactur,concern,10
CNMD|2014Q1,window25,component,susceptible,17
CNMD|2014Q3,window25,delivering,concerns,13
CNMD|2016Q1,window25,component,disruptions,16
CNMD|2016Q3,stem,track,risk,6
CNMD|2020Q2,window25,customers,uncertainty,21
CNMD|2020Q3,window25,customers,uncertainty,20
CNMD|2020Q4,window25,customers,uncertainty,17
TEVA|2024Q1,stem,forecast,uncertainty,3
TEVA|2024Q1,window25,pipeline,volatility,11
AXGN|2016Q2,window25,manufactured,downside,21
AXGN|2019Q3,stem,plann,concern,8
AXGN|2023Q2,hyphen,supply,risk,2
LH|2011Q1,hyphen,sourcing,concerns,7
LH|2011Q3,window25,network,concern,13
LH|2023Q4,window25,factory,concerns,16
LH|2024Q1,window25,order,disruption,21
LH|2024Q2,window25,order,risk,13
LH|2020Q1,window25,material,downside,12
XRAY|2010Q2,stem,purcha,concern,8
XRAY|2010Q3,stem,distributor,concern,6
XRAY|2011Q3,window25,production,volatility,19
XRAY|2014Q4,window25,production,volatility,18
LH|2018Q2,window25,network,ransomware,13
LH|2018Q3,stem,deliver,ransomware,8
LH|2018Q3,window25,deliver,ransomware,12
LH|2013Q1,window25,delivery,risk,21
LH|2013Q2,hyphen,sourcing,concern,5
LH|2013Q2,window25,pipelines,exposure,20
LH|2014Q2,window25,clients,concerns,14
LH|2014Q4,window25,clients,disruption,23
XRAY|2015Q2,window25,customers,threat,16
XRAY|2017Q2,window25,component,disruption,17
XRAY|2017Q4,window25,manufacturer,risk,18
HAE|2016Q2,stem,forecast,uncertainty,7
HAE|2018Q2,window25,manufacturers,risk,14
XRAY|2023Q4,window25,deliver,disruption,25
HAE|2015Q2,window25,oem,risk,17
HAE|2019Q1,window25,customer,disruption,13
IDXX|2011Q2,window25,customers,bottleneck,11
IDXX|2011Q3,stem,stock,volatility,5
IDXX|2011Q3,window25,tracking,risk,14
IDXX|2013Q3,window25,customer,risk,25
IDXX|2013Q4,stem,deliver,uncertainty,9
IDXX|2015Q1,window25,customers,susceptible,12
IDXX|2021Q2,window25,customers,capacity constraints,19
IDXX|2023Q4,window25,delivering,risks,20
IDXX|2020Q1,stem,purchase,disruption,10
IDXX|2020Q1,window25,distribution,risk,14
IDXX|2017Q4,stem,track,uncertainty,5
ALKS|2017Q1,stem,track,exposure,10
ALKS|2017Q1,window25,component,risk,22
ALKS|2021Q4,window25,shipped,disruptions,22
ALKS|2024Q1,window25,source,exposure,23
ALKS|2024Q2,window25,manufacturer,risk,25
ALKS|2019Q4,stem,channel,concern,2
ALKS|2020Q1,window25,planning,disruptions,12
ALKS|2020Q2,window25,network,disruptions,11
BIIB|2016Q1,hyphen,pipeline,risk,7
BIIB|2016Q1,window25,pipeline,risk,14
BIIB|2016Q4,stem,channel,concern,8
BIIB|2018Q1,window25,order,risk,15
BIIB|2018Q4,hyphen,pipeline,risk,2
BIIB|2020Q2,window25,pipeline,risk,24
BIIB|2020Q4,stem,component,concern,4
BIIB|2021Q3,window25,purchased,uncertainty,15
BIIB|2010Q4,window25,warehousing,risk,14
BIIB|2011Q1,window25,planning,risk,19
BIIB|2012Q4,window25,pipeline,risk,19
BIIB|2013Q1,stem,manufactur,concern,4
BIIB|2021Q4,hyphen,fulfill,risk,9
BIIB|2021Q4,window25,manufacturers,concerns,11
BIIB|2023Q4,hyphen,pipeline,risk,4
BIIB|2023Q4,window25,pipeline,risk,23
BIIB|2024Q3,window25,pipeline,concerns,13
PRGO|2012Q3,stem,supplier,concern,1
PRGO|2014Q4,stem,forecast,risk,6
GILD|2014Q3,hyphen,order,risk,5
PRGO|2015Q3,stem,component,concern,5
PRGO|2016Q3,stem,supply,concern,8
PRGO|2016Q3,window25,manufacture,concern,14
GILD|2017Q2,window25,inventory,volatility,17
GILD|2012Q4,stem,component,concern,2
GILD|2013Q1,window25,finished,concern,13
PRGO|2019Q1,window25,retailers,threat,17
PRGO|2020Q2,window25,supply,uncertainty,14
PRGO|2020Q4,stem,track,uncertainty,9
PRGO|2021Q1,stem,forecast,downside,9
GILD|2019Q3,window25,components,uncertainties,14
GILD|2019Q4,window25,assembled,risks,16
GILD|2021Q3,window25,order,risk,15
GILD|2021Q4,stem,deliver,risk,5
GILD|2021Q4,window25,inventory,risk,23
GILD|2022Q1,window25,pipeline,bottleneck,23
GILD|2023Q1,stem,track,volatile,5
GILD|2023Q1,window25,channels,risk,24
GILD|2024Q2,window25,channel,uncertainty,21
GILD|2024Q4,window25,deliver,concerns,18
MMSI|2010Q1,window25,distributors,risk,21
MMSI|2010Q2,window25,customers,concern,11
MMSI|2012Q3,window25,manufacturing,concerns,12
MMSI|2015Q3,stem,finish,downside,8
MMSI|2015Q4,stem,forecast,volatile,9
MMSI|2016Q1,window25,transported,disruption,17
MMSI|2016Q3,stem,buy,disruption,6
MMSI|2014Q4,window25,order,risks,19
MMSI|2015Q2,stem,forecast,volatile,9
MMSI|2018Q1,window25,production,capacity constraints,12
MMSI|2024Q4,window25,manufacturing,tariff,17
STAA|2020Q1,window25,production,concern,18
STAA|2020Q3,window25,customers,business disruption,16
QDEL|2011Q1,window25,customers,threat,19
QDEL|2013Q3,stem,forecast,uncertainty,4
QDEL|2013Q3,window25,customers,threats,11
QDEL|2014Q1,stem,plann,risk,6
QDEL|2015Q3,window25,pipeline,risks,21
QDEL|2017Q2,window25,distribute,risk,21
QDEL|2017Q4,stem,inventory,concern,4
QDEL|2022Q1,stem,track,risk,5
QDEL|2023Q4,window25,order,risk,11
DXR|2023Q4,window25,customer,concerns,14
OSUR|2010Q1,window25,ordering,risk,15
OSUR|2013Q2,window25,retailers,theft,13
OSUR|2013Q3,window25,retail,theft,12
OSUR|2015Q4,window25,customer,risks,23
OSUR|2016Q1,window25,order,risks,14
OSUR|2018Q1,window25,supply,concerns,12
OSUR|2018Q2,window25,procurement,risk,13
CVX|2011Q4,stem,plann,concern,5
CVX|2012Q1,stem,plant,sanction,8
CVX|2013Q1,stem,plann,disruption,4
CVX|2013Q1,window25,production,disruptions,13
CVX|2013Q4,window25,production,risk,13
CVX|2014Q1,window25,production,disruptions,13
CVX|2015Q2,window25,pipeline,risks,23
CVX|2017Q2,window25,plant,bottlenecks,11
CVX|2017Q4,window25,production,uncertainties,11
CVX|2018Q1,hyphen,supply,risks,8
CVX|2018Q1,stem,stock,concern,5
CVX|2021Q2,stem,stock,volatility,5
CVX|2021Q2,window25,distribution,concern,13
HAL|2024Q2,hyphen,fleets,risk,4
HAL|2024Q2,stem,fleet,concern,8
HAL|2024Q2,window25,clients,risk,11
BP|2024Q3,window25,delivering,volatility,14
NC|2012Q2,window25,retail,concerns,13
NC|2012Q3,window25,retailers,concerns,24
NC|2013Q2,window25,customer,concerns,18
NC|2014Q1,window25,customer,concerns,18
NC|2015Q3,window25,production,volatility,20
CVX|2023Q2,stem,track,contingency,10
CVX|2023Q2,window25,purchases,lead times,15
CVX|2024Q2,window25,buying,concern,12
XOM|2010Q1,window25,supply,uncertain,13
XOM|2010Q3,stem,buy,risk,10
XOM|2012Q3,stem,purchase,concern,7
XOM|2013Q3,stem,deliver,uncertain,3
XOM|2015Q3,window25,component,exposure,17
XOM|2015Q4,stem,forecast,sanction,3
XOM|2016Q2,stem,buyer,sanction,9
XOM|2017Q3,stem,supply,concern,7
XOM|2017Q3,window25,purchases,bottleneck,12
XOM|2018Q2,window25,material,exposure,22
XOM|2018Q4,window25,supply,concern,13
HAL|2015Q2,window25,customers,disruptions,15
HAL|2015Q3,window25,customer,uncertainty,11
HAL|2019Q4,window25,supply,risk,22
HAL|2021Q2,window25,inventory,disruptions,23
HAL|2023Q2,window25,customers,uncertainty,20
XOM|2021Q1,window25,components,uncertain,19
XOM|2021Q3,stem,supply,concern,1
XOM|2021Q4,window25,supply,downsides,17
XOM|2023Q2,window25,materials,risks,21
XOM|2023Q4,window25,pipeline,risks,16
NC|2020Q3,window25,customer,exposure,19
NC|2024Q3,window25,customers,exposure,16
APA|2023Q4,window25,transport,exposure,15
HP|2012Q2,window25,orders,uncertainty,14
HP|2016Q1,window25,deliver,exposure,17
APA|2016Q2,stem,plann,volatile,10
APA|2016Q4,window25,production,exposure,19
APA|2018Q4,window25,component,volatile,12
APA|2019Q3,hyphen,deliver,risk,2
APA|2019Q3,window25,order,risks,12
COP|2010Q4,window25,production,exposure,19
COP|2012Q3,window25,production,exposure,14
COP|2013Q2,hyphen,inventory,risk,5
COP|2013Q2,window25,production,volatile,16
COP|2013Q3,window25,production,disruptions,12
APA|2020Q3,window25,backlog,volatility,11
APA|2020Q4,stem,buy,volatility,6
APA|2020Q4,window25,supply,threat,14
APA|2021Q3,window25,inventory,volatile,25
APA|2022Q2,window25,production,risk,13
APA|2022Q3,window25,material,risks,17
APA|2023Q2,window25,transport,volatile,21
COP|2018Q4,stem,deliver,concern,7
COP|2019Q1,window25,inventories,sanctions,20
COP|2021Q1,window25,supply,uncertain,13
COP|2021Q2,window25,supply,volatility,13
COP|2021Q3,window25,material,exposure,16
COP|2023Q1,stem,track,volatility,6
COP|2023Q1,window25,delivering,volatility,22
COP|2024Q2,window25,distributions,volatility,25
HP|2017Q3,hyphen,supply,uncertainty,3
HP|2020Q1,window25,customer,exposure,15
HP|2024Q1,stem,deliver,volatile,9
HP|2024Q1,window25,customers,exposure,12
SLB|2010Q4,window25,overseas,concerns,13
SLB|2013Q1,window25,production,risk,12
SLB|2013Q4,window25,material,concern,25
SLB|2015Q4,window25,customer,disruptions,14
SLB|2016Q1,window25,material,volatile,18
OXY|2024Q2,window25,pipeline,bottlenecks,22
WMB|2012Q3,stem,supply,concern,4
WMB|2012Q3,window25,distributions,volatility,16
WMB|2015Q1,window25,contractor,contingency,21
SLB|2016Q3,stem,production,concern,4
SLB|2017Q4,window25,production,disruption,14
SLB|2018Q3,stem,production,sanction,7
SLB|2018Q3,window25,customers,bottlenecks,12
SLB|2019Q3,window25,production,concerns,20
SLB|2019Q4,stem,forecast,uncertainty,9
SLB|2019Q4,window25,fleets,exposure,13
SLB|2020Q2,hyphen,supply,risk,8
SLB|2020Q2,window25,material,disruption,11
SLB|2021Q1,window25,production,exposure,15
SLB|2021Q2,stem,forecast,disruption,10
SLB|2021Q2,window25,supply,disruptions,23
OXY|2015Q1,window25,production,risk,25
OXY|2016Q1,window25,pipeline,volatile,13
OXY|2016Q4,window25,pipeline,volatility,11
OXY|2019Q1,window25,material,concern,21
SLB|2024Q2,window25,production,exposure,12
OXY|2012Q1,window25,production,exposure,17
OXY|2013Q2,window25,plant,bottlenecks,19
OXY|2014Q4,stem,stock,volatile,2
WMB|2016Q2,window25,distribution,risk,23
WMB|2017Q2,hyphen,deliver,risk,4
WMB|2017Q2,window25,sources,risk,21
WMB|2020Q2,window25,pipeline,exposure,13
WMB|2020Q3,window25,supplies,disruptions,19
WMB|2021Q2,stem,track,concern,7
VLO|2010Q4,window25,sourcing,volatility,12
VLO|2011Q1,window25,pipeline,risk,12
VLO|2013Q1,window25,supply,bottlenecks,11
VLO|2014Q2,window25,supply,uncertain,21
VLO|2015Q4,window25,production,volatility,16
VLO|2016Q3,stem,purchase,exposure,5
VLO|2016Q3,window25,production,downside,12
VLO|2017Q4,window25,logistics,tariff,17
VLO|2018Q1,window25,pipelines,concern,12
VLO|2019Q4,window25,production,sanctions,13
VLO|2021Q2,window25,production,uncertain,14
VLO|2022Q2,window25,inventories,risk,16
MUR|2011Q1,stem,production,sanction,8
MUR|2011Q1,window25,production,risk,14
MUR|2011Q2,window25,production,risk,21
MUR|2011Q3,stem,production,sanction,7
MUR|2011Q3,window25,supply,concerns,11
MUR|2020Q2,window25,pipeline,risk,14
MUR|2020Q3,window25,production,risk,12
MUR|2021Q4,stem,buy,concern,9
MUR|2022Q2,window25,production,risks,18
MUR|2014Q3,stem,production,risk,2
MUR|2014Q3,window25,pipeline,risk,15
MUR|2015Q1,hyphen,production,risk,5
MUR|2015Q3,stem,plann,risk,6
MUR|2015Q3,window25,production,risk,11
MUR|2016Q3,stem,production,risk,6
MUR|2016Q3,window25,purchased,volatile,15
MUR|2023Q4,stem,stock,risk,3
MUR|2024Q2,stem,plant,sanction,5
MUR|2024Q3,stem,fabrication,sanction,8
MUR|2024Q3,window25,order,volatility,20
MUR|2024Q4,window25,production,volatility,14
OKE|2012Q1,window25,customers,risk,12
OKE|2012Q2,hyphen,shipper,risk,10
OKE|2012Q2,window25,supply,volatile,12
OKE|2012Q3,window25,supply,volatile,12
OKE|2019Q4,window25,customers,exposure,20
OKE|2020Q4,window25,pipelines,extreme weather,13
OKE|2021Q2,window25,delivering,exposure,23
OKE|2023Q1,window25,pipeline,concerns,18
OKE|2023Q3,hyphen,pipeline,lead time,6
OKE|2023Q3,window25,pipeline,tariff,22
IMO|2024Q4,window25,material,tariffs,18
IEP|2013Q2,window25,production,bottlenecks,22
IEP|2016Q1,window25,distributions,volatility,22
IEP|2016Q4,window25,retail,susceptible,12
IEP|2017Q2,window25,plant,volatility,23
IEP|2017Q4,stem,stock,volatile,1
IEP|2017Q4,window25,fleet,risk,13
OKE|2013Q3,window25,pipeline,volatile,14
OKE|2014Q1,window25,distribution,risk,21
OKE|2014Q2,window25,plants,risk,13
OKE|2016Q2,window25,distributions,uncertain,18
OKE|2016Q3,window25,inventories,uncertainty,11
IEP|2020Q1,window25,production,uncertainties,22
IEP|2021Q2,stem,stock,concern,9
IEP|2022Q3,window25,plant,concerns,24
OKE|2024Q4,window25,pipelines,tariff,16
IMO|2020Q2,window25,pipeline,contingency,25
IMO|2022Q1,window25,inventories,volatile,14
IMO|2023Q3,window25,production,risks,18
IEP|2023Q4,window25,customers,sanctions,11
NFG|2010Q1,window25,production,uncertainties,16
NFG|2011Q3,stem,forecast,volatile,10
NFG|2012Q1,stem,deliver,volatility,7
NFG|2012Q1,window25,customers,volatility,13
NFG|2014Q2,window25,transportation,concerns,11
NFG|2016Q2,window25,order,concerns,11
EQT|2012Q3,window25,storage,volatility,13
EQT|2012Q4,window25,storage,volatility,20
EQT|2013Q1,window25,storage,volatility,17
EQT|2013Q2,window25,distribution,lead time,12
EQT|2013Q4,window25,storage,volatility,23
EQT|2015Q3,window25,source,uncertainty,24
EQT|2017Q1,window25,supply,concerns,16
NFG|2021Q2,window25,production,volatile,19
NFG|2023Q1,window25,production,extreme weather,25
EQT|2010Q1,window25,storage,capacity constraints,16
EQT|2010Q2,window25,storage,bottlenecks,15
EQT|2011Q1,stem,forecast,disruption,10
EQT|2011Q1,window25,storage,volatility,13
EQT|2011Q3,window25,storage,volatility,14
RES|2022Q4,window25,fleet,lead times,13
RES|2024Q1,hyphen,fleets,risk,7
RES|2024Q1,window25,customer,volatile,11
RES|2024Q3,window25,customer,volatility,15
RES|2024Q4,hyphen,fleet,lead time,4
EQT|2019Q1,window25,backlog,bottlenecks,16
EQT|2020Q3,window25,production,volatility,19
RES|2010Q3,stem,material,concern,5
RES|2013Q4,window25,customers,volatility,12
RES|2020Q2,window25,customers,concern,20
TDW|2019Q1,window25,customers,volatility,11
TDW|2019Q4,window25,sources,concern,16
TDW|2020Q1,stem,fleet,concern,3
TDW|2020Q1,window25,order,downside,24
TRP|2015Q3,window25,source,risk,20
TRP|2016Q1,window25,pipelines,exposure,21
TRP|2018Q1,window25,material,downside,12
TRP|2018Q2,window25,customers,uncertainties,18
TRP|2019Q1,hyphen,shippers,risk,4
TRP|2019Q1,stem,pipeline,sanction,7
TRP|2019Q1,window25,shippers,risk,12
TRP|2019Q2,hyphen,storage,risk,7
TRP|2019Q4,window25,storage,risk,13
TDW|2021Q2,stem,supply,concern,3
TDW|2022Q2,stem,supply,concern,3
TDW|2022Q2,window25,supply,volatile,11
TPL|2023Q1,window25,sourced,exposure,22
TPL|2023Q4,window25,planning,bottlenecks,16
TPL|2024Q3,window25,inventory,volatility,19
EOG|2011Q4,window25,production,concern,20
EOG|2013Q2,window25,rail,volatility,20
TDW|2013Q4,window25,fleet,volatility,20
TDW|2015Q1,stem,stock,volatility,2
TDW|2015Q1,window25,delivery,concern,22
TDW|2016Q1,stem,forecast,exposure,9
TDW|2016Q2,stem,forecast,exposure,9
TDW|2016Q2,window25,fleet,volatility,16
TDW|2017Q3,window25,customers,risks,13
TRP|2020Q1,window25,pipeline,volatility,12
TRP|2021Q1,hyphen,deliver,risk,2
TRP|2021Q1,window25,sourcing,risk,11
TDW|2012Q3,window25,sources,concern,11
TDW|2013Q1,window25,supplies,concern,23
EOG|2013Q3,window25,production,concern,13
EOG|2017Q2,window25,transportation,exposure,20
EOG|2024Q4,window25,inventories,demand shocks,12
CRK|2010Q1,window25,production,bottlenecks,22
CRK|2012Q4,stem,plann,downside,5
CRK|2012Q4,window25,production,downside,19
CRK|2013Q3,window25,production,downside,18
EOG|2020Q2,window25,production,uncertain,11
EOG|2020Q3,stem,deliver,volatile,8
EOG|2020Q4,window25,shipments,volatile,17
EOG|2022Q4,window25,inventory,concern,15
EOG|2023Q2,stem,production,concern,4
EOG|2023Q2,window25,inventory,volatility,24
EOG|2023Q4,window25,customers,exposure,22
EOG|2019Q1,window25,transportation,volatility,12
EOG|2019Q4,window25,material,risk,15
CRK|2014Q4,stem,finish,concern,5
CRK|2016Q2,stem,forecast,risk,1
CRK|2016Q2,window25,production,risk,21
CRK|2016Q4,window25,production,exposure,25
CRK|2017Q3,stem,stock,uncertainty,4
CRK|2018Q4,hyphen,production,risk,7
CRK|2021Q2,window25,production,exposure,17
CRK|2021Q3,window25,production,exposure,14
DWSN|2017Q2,window25,order,volatility,15
DWSN|2017Q3,window25,order,uncertain,13
DWSN|2017Q4,window25,contractor,lead time,23
DWSN|2019Q2,window25,production,uncertainty,15
DWSN|2019Q3,window25,source,uncertainties,18
CRK|2022Q3,window25,inventory,uncertain,22
CRK|2023Q3,window25,production,risk,14
CRK|2024Q1,hyphen,inventory,risk,4
DWSN|2017Q1,stem,source,concern,2
DWSN|2020Q2,window25,transportation,concerns,19
OII|2012Q2,window25,shipment,volatility,12
OII|2012Q4,window25,fleet,geographic concentration,19
OII|2013Q2,window25,fleet,hazard,14
OII|2013Q4,window25,fleet,exposure,22
OII|2019Q4,window25,customer,risk,20
OII|2020Q1,window25,order,threat,11
OII|2021Q2,window25,client,uncertainties,12
OII|2022Q2,stem,customer,concern,4
OII|2022Q2,window25,customers,risk,15
OII|2015Q3,window25,customer,exposure,18
OII|2015Q4,window25,customers,uncertainty,11
OII|2016Q1,window25,customers,uncertain,12
OII|2017Q4,window25,fleet,concern,12
OII|2019Q1,hyphen,procure,lead time,2
OII|2019Q1,window25,backlog,lead time,16
OII|2023Q3,window25,manufactured,uncertain,11
OII|2023Q4,window25,backlog,risks,22
OII|2024Q2,stem,order,concern,2
OII|2024Q4,stem,forecast,sanction,5
OII|2024Q4,window25,pipeline,risks,11
ENB|2010Q1,window25,pipeline,risk,19
TTI|2019Q1,window25,customers,volatility,16
TTI|2019Q3,window25,material,volatility,11
TTI|2023Q1,window25,source,risk,22
ENB|2018Q4,hyphen,pipeline,risk,1
ENB|2022Q2,hyphen,customers,risk,5
ENB|2024Q1,hyphen,customers,risk,10
ENB|2024Q1,stem,pipeline,sanction,4
ENB|2024Q1,window25,backlog,exposure,24
TTI|2013Q4,window25,components,risk,17
TTI|2014Q3,stem,plann,volatility,6
TTI|2014Q3,window25,customer,risk,11
TTI|2015Q3,hyphen,fleet,risk,9
TTI|2018Q1,stem,customer,sanction,2
TTI|2018Q1,window25,deliver,uncertainties,11
TTI|2018Q2,window25,distribution,concerns,23
TTI|2023Q4,stem,customer,concern,7
WKC|2013Q2,window25,inventory,volatility,12
WKC|2014Q1,hyphen,inventory,volatility,6
WKC|2014Q1,window25,customers,disruptions,11
WKC|2018Q4,window25,customers,volatility,13
ENB|2012Q3,window25,customers,concern,15
ENB|2013Q2,stem,finish,exposure,7
ENB|2013Q2,window25,component,exposure,19
ENB|2013Q4,window25,component,exposure,18
ENB|2014Q1,stem,plann,contingency,8
ENB|2014Q1,window25,pipeline,exposures,20
ENB|2015Q3,window25,planning,risk,13
ENB|2015Q4,window25,distribution,exposure,14
ENB|2016Q2,hyphen,delivers,risk,3
ENB|2016Q2,window25,customer,risk,12
ENB|2016Q3,window25,distribution,exposure,11
WKC|2021Q4,hyphen,inventory,volatility,6
WKC|2023Q3,hyphen,inventory,volatility,10
NBR|2014Q4,window25,manufacturing,exposure,18
NBR|2017Q1,window25,clients,exposure,23
NBR|2017Q2,window25,clients,volatile,21
NBR|2018Q1,window25,orders,disruptions,13
NBR|2018Q4,stem,plann,uncertainty,3
NBR|2018Q4,window25,customer,volatility,12
NBR|2019Q4,window25,production,uncertain,24
NBR|2020Q1,window25,customers,concerns,15
NBR|2020Q4,stem,distribution,concern,5
NBR|2020Q4,window25,delivering,concern,24
VAL|2024Q3,window25,production,volatility,15
VAL|2024Q4,stem,source,sanction,7
VAL|2024Q4,window25,pipeline,concern,12
DVN|2010Q1,stem,forecast,uncertainty,6
DVN|2010Q1,window25,production,risk,20
DVN|2010Q2,stem,plant,sanction,9
DVN|2010Q3,window25,order,risk,13
DVN|2011Q1,hyphen,inventory,risk,5
DVN|2011Q1,stem,forecast,risk,7
DVN|2011Q1,window25,production,risk,17
DINO|2017Q1,window25,order,volatility,15
DINO|2019Q1,window25,pipeline,volatility,22
DINO|2023Q2,window25,supply chains,disruptions,11
DVN|2011Q4,hyphen,components,lead time,1
DVN|2011Q4,stem,deliver,risk,7
DVN|2012Q4,window25,inventory,risk,17
DVN|2013Q2,hyphen,inventory,risk,2
DVN|2013Q2,stem,inventory,risk,5
DVN|2013Q2,window25,supply,disruptions,11
DVN|2014Q4,window25,pipeline,bottlenecks,11
DVN|2015Q3,window25,deliver,risk,23
DVN|2015Q4,window25,inventory,concern,16
DVN|2017Q1,hyphen,inventory,risk,2
DVN|2017Q1,stem,inventory,risk,1
DVN|2017Q1,window25,inventory,uncertainty,19
DVN|2018Q2,window25,supply,downside,16
SM|2017Q2,window25,production,uncertainty,22
SM|2017Q3,window25,materials,risks,14
SM|2018Q4,stem,distribution,risk,8
SM|2018Q4,window25,distributions,risk,21
SM|2020Q4,window25,planning,exposure,23
SM|2022Q2,window25,buyers,uncertain,25
SM|2023Q3,window25,production,risk,13
DINO|2023Q4,window25,pipeline,tariff,20
DINO|2024Q3,window25,supply,uncertainty,21
SM|2011Q3,stem,forecast,concern,7
SM|2012Q3,window25,production,concern,11
RRC|2010Q3,window25,production,risks,23
SM|2015Q3,window25,ship,volatility,19
SM|2016Q1,window25,production,exposure,12
RRC|2011Q1,window25,inventory,downside,19
RRC|2011Q2,window25,inventory,downside,19
RRC|2012Q1,stem,stock,downside,5
RRC|2012Q2,stem,forecast,uncertain,4
RRC|2012Q2,window25,component,bottleneck,11
RRC|2012Q4,hyphen,inventory,risk,5
RRC|2013Q1,hyphen,inventory,risk,5
RRC|2013Q2,hyphen,inventory,risk,5
RRC|2013Q2,window25,production,risk,20
EGY|2016Q1,window25,production,downside,19
EGY|2016Q2,window25,production,downside,17
EGY|2017Q3,window25,production,risk,15
EGY|2019Q1,window25,pipeline,risk,22
EGY|2019Q3,window25,production,risk,22
RRC|2017Q1,hyphen,inventory,risk,3
RRC|2018Q2,window25,production,exposure,20
RRC|2021Q3,window25,inventory,exposure,11
RRC|2022Q4,window25,transportation,risk,11
RRC|2023Q3,window25,production,risk,14
RRC|2023Q4,window25,transportation,risk,11
EGY|2013Q1,stem,stock,risky,7
EGY|2013Q2,window25,source,risk,14
EGY|2015Q1,window25,production,uncertainty,12
EGY|2020Q4,hyphen,production,risk,3
EGY|2020Q4,window25,production,risk,18
EGY|2021Q1,hyphen,production,risk,3
EGY|2021Q1,window25,storage,risk,13
EGY|2021Q2,window25,production,risks,19
EGY|2022Q1,window25,inventory,lead times,22
EGY|2022Q2,window25,production,risk,25
EGY|2023Q2,window25,production,bottlenecks,14
RRC|2013Q3,hyphen,inventory,risk,5
RRC|2013Q3,window25,buyers,risk,17
RRC|2013Q4,window25,transportation,capacity constraints,13
RRC|2014Q4,hyphen,inventory,risk,3
RRC|2015Q4,stem,purchase,concern,7
RRC|2016Q2,hyphen,production,risk,6
RRC|2016Q2,window25,production,risk,23
SU|2023Q2,window25,network,cyberattack,24
SU|2024Q1,window25,oems,risks,12
SU|2015Q1,window25,rail,volatility,23
SU|2017Q1,window25,customers,risk,14
SU|2017Q2,hyphen,production,risk,2
SU|2017Q2,stem,track,concern,10
SU|2017Q2,window25,deliver,concerns,12
SU|2022Q4,hyphen,supply,risk,4
SU|2022Q4,stem,material,concern,2
SU|2022Q4,window25,supply,volatility,11
PTEN|2021Q4,window25,oems,lead time,14
SU|2011Q2,stem,track,disruption,9
SU|2011Q2,window25,production,risk,11
RIG|2016Q3,window25,production,sanction,12
RIG|2017Q2,stem,customer,sanction,9
RIG|2019Q4,stem,forecast,uncertainty,4
RIG|2019Q4,window25,supply,uncertainty,15
RIG|2022Q4,window25,deliver,risk,24
RIG|2024Q4,window25,fleet,contingencies,15
PTEN|2013Q3,window25,customers,uncertainties,22
PTEN|2015Q3,stem,inventory,concern,8
PTEN|2016Q3,window25,delivery,risk,24
RIG|2010Q3,window25,customers,uncertainty,23
RIG|2012Q3,window25,planning,volatility,15
RIG|2013Q3,window25,customers,uncertainty,23
RIG|2014Q2,window25,customers,exposure,13
RIG|2014Q3,window25,customers,concerns,15
RIG|2015Q4,window25,customer,risk,24
RIG|2016Q1,window25,customers,lead times,12
PTEN|2017Q3,stem,deliver,bottleneck,10
PTEN|2017Q3,window25,logistics,bottleneck,22
PTEN|2018Q2,window25,customer,concerns,20
