portfolio_cik,historical_cik,company_name,ticker,exchange,aliases,physical_products,business_model,sector,headquarters_city,headquarters_state,headquarters_country,headquarters_source_url,geography_evidence_sha256,geography_evidence_retrieved_at,product_evidence_url,product_evidence_sha256,product_evidence_retrieved_at,product_review,provider_history_start,history_basis,history_source,early_sec_filing_url,early_sec_filing_date,early_sec_filing_sha256,identity_evidence,additional_alias_evidence,identity_note,current_listing_source,current_listing_retrieved,candidate_origin,selection_rank,valid_calls,eligible_calls,review_date,history_start_precision,caveats,ticker_change_effective,hardware_classification,company_screen_status,company_screen_asof,hq_period_caveat,study_first_quarter,study_last_quarter,represented_in_valid_calls,represented_in_common_car_sample,canonical_379_member,valid_first_quarter,valid_last_quarter,valid_first_event_date,valid_last_event_date,eligible_first_quarter,eligible_last_quarter,eligible_first_event_date,eligible_last_event_date,public_history_start_interpretation
0000002488,0000002488,Advanced Micro Devices Inc,AMD,NASDAQ,AMD,Computing and Graphics alone exceeds half of consolidated revenue; excludes entire mixed enterprise/custom segment including licenses and engineering.,Product company,Semiconductors and related devices,SANTA CLARA,CA,United States,https://www.sec.gov/cgi-bin/browse-edgar?action=getcompany&CIK=0000002488&owner=include&count=10,94a7dbfea1fdc282a7e5a69c7008239a066f0fa91eb83fe6f2eff097010ca271,2026-09-16,https://www.amd.com/en.html,24cb8b0eff968d69220a96ebb31f2c864b9dbda5bd6223e38da943070cd2ae10,2026-09-29T23:37:29.268173+00:00,Manual review of company website/catalog text and business model; primary physical goods supported; no required exact revenue percentage.,1983-03-21,2010-12-31 active-stock snapshot; symbol match,https://www.alphavantage.co/documentation/#listing-status,https://www.sec.gov/Archives/edgar/data/2488/0001012870-02-001071.txt,20020307,3fbf6a76b482d308b92062e73a7fc238d665fd8ab2fc26901c60d416afa7d7ab,artifacts/primary_event_study_2010_2019_v1/ticker_history.csv,,Same SEC issuer with documented security interval; provider labels may reflect subsequent company renaming.,https://www.nasdaqtrader.com/dynamic/SymDir/nasdaqlisted.txt,2026-09-29,starting_184,1,36,36,2026-09-29,,,,primary physical-product business,verified_eligible,2026-09-29,Current US operational/principal HQ; not a year-by-year historical domicile classification,2010Q1,2019Q4,True,True,True,2010Q1,2019Q4,2010-04-15,2020-01-28,2010Q1,2019Q4,2010-04-15,2020-01-28,"Provider listing/security start, not founding date; see historical mapping evidence"
0000004127,0000004127,Skyworks Solutions Inc,SWKS,NASDAQ,SWKS,RF and analog semiconductors dominate disclosed business; exact hardware-only percentage is not separately disclosed.,Product company,Semiconductors and related devices,IRVINE,CA,United States,https://www.sec.gov/cgi-bin/browse-edgar?action=getcompany&CIK=0000004127&owner=include&count=10,f6f6fae78b5ede8b534ead65fcfb320b9206f00462db9023967015d490144107,2026-09-16,https://investors.skyworksinc.com/news-releases/news-release-details/company-profile-skyworks-solutions-inc,249c0bec75658357e5e81d031b7d9ba9f0f5eded595df5c987bf6a0713bc097f,2026-09-29,Manual review of company website/catalog text and business model; primary physical goods supported; no required exact revenue percentage.,1984-09-07,2010-12-31 active-stock snapshot; symbol match,https://www.alphavantage.co/documentation/#listing-status,https://www.sec.gov/Archives/edgar/data/4127/0000004127-03-000048.txt,20031222,404aa4ae4f57fc195877fcced466631236ed2339f7fe8f08dd6ec485c9caa57c,artifacts/primary_event_study_2010_2019_v1/ticker_history.csv,,Same SEC issuer with documented security interval; provider labels may reflect subsequent company renaming.,https://www.nasdaqtrader.com/dynamic/SymDir/nasdaqlisted.txt,2026-09-29,starting_184,2,40,40,2026-09-29,,,,primary physical-product business,verified_eligible,2026-09-29,Current US operational/principal HQ; not a year-by-year historical domicile classification,2010Q1,2019Q4,True,True,True,2010Q1,2019Q4,2010-01-20,2019-11-12,2010Q1,2019Q4,2010-01-20,2019-11-12,"Provider listing/security start, not founding date; see historical mapping evidence"
0000006281,0000006281,Analog Devices Inc,ADI,NASDAQ,ADI,Revenue is disaggregated across end markets for analog and mixed-signal semiconductor products. Hardware majority is inferred from the semiconductor product business; an exact software/services split is not given.,Product company,Semiconductors and related devices,WILMINGTON,MA,United States,https://www.sec.gov/cgi-bin/browse-edgar?action=getcompany&CIK=0000006281&owner=include&count=10,7d7074618c1b439985458d5083ced4c7cb4db606f5bead902fa91d2fde41fc7c,2026-09-16,https://investor.analog.com/about-adi/company-overview/,5f1eed18bd685dbd4384e70bd6d6a770acda83c9300bee39849a5924715d1c78,2026-09-29,Manual review of company website/catalog text and business model; primary physical goods supported; no required exact revenue percentage.,1984-07-19,2010-12-31 active-stock snapshot; symbol match,https://www.alphavantage.co/documentation/#listing-status,https://www.sec.gov/Archives/edgar/data/6281/0000950135-01-000177.txt,20010126,0f9bb5e6d69d29220f25ec652f33cd2a5b764dc618016b1c22d96a80292ca684,artifacts/primary_event_study_2010_2019_v1/ticker_history.csv,,Same SEC issuer with documented security interval; provider labels may reflect subsequent company renaming.,https://www.nasdaqtrader.com/dynamic/SymDir/nasdaqlisted.txt,2026-09-29,starting_184,3,37,37,2026-09-29,,,,primary physical-product business,verified_eligible,2026-09-29,Current US operational/principal HQ; not a year-by-year historical domicile classification,2010Q1,2019Q4,True,True,True,2010Q1,2019Q4,2010-02-17,2019-11-26,2010Q1,2019Q4,2010-02-17,2019-11-26,"Provider listing/security start, not founding date; see historical mapping evidence"
0000006951,0000006951,Applied Materials Inc,AMAT,NASDAQ,AMAT,Semiconductor Systems equipment segment alone exceeds 50%; conservatively excludes Display equipment and all Applied Global Services including its spare-parts sales.,Product company,Semiconductor manufacturing and electronic test equipment,SANTA CLARA,CA,United States,https://www.sec.gov/cgi-bin/browse-edgar?action=getcompany&CIK=0000006951&owner=include&count=10,1a556095fc183d8afb9c45c18aa307cdedec7ab4b791304ac6dcafa2f2e6a371,2026-09-16,https://www.appliedmaterials.com/us/en/about/manufacturing.html,5f1eed18bd685dbd4384e70bd6d6a770acda83c9300bee39849a5924715d1c78,2026-09-29,Manual review of company website/catalog text and business model; primary physical goods supported; no required exact revenue percentage.,1984-09-07,2010-12-31 active-stock snapshot; symbol match,https://www.alphavantage.co/documentation/#listing-status,https://www.sec.gov/Archives/edgar/data/6951/0000006951-02-000002.txt,20020123,489b8e9b10e93c1111f0ce4d365c8bba3f47c2bd2c92672c615b95a35d434870,artifacts/primary_event_study_2010_2019_v1/ticker_history.csv,,Same SEC issuer with documented security interval; provider labels may reflect subsequent company renaming.,https://www.nasdaqtrader.com/dynamic/SymDir/nasdaqlisted.txt,2026-09-29,starting_184,4,38,38,2026-09-29,,,,primary physical-product business,verified_eligible,2026-09-29,Current US operational/principal HQ; not a year-by-year historical domicile classification,2010Q1,2019Q4,True,True,True,2010Q1,2019Q4,2010-02-17,2019-11-14,2010Q1,2019Q4,2010-02-17,2019-11-14,"Provider listing/security start, not founding date; see historical mapping evidence"
0000009092,0000009092,BADGER METER INC,BMI,NYSE,BMI,Flow meters and water-monitoring instruments,Product company,Measurement and test equipment,MILWAUKEE,WI,United States,https://www.sec.gov/cgi-bin/browse-edgar?action=getcompany&CIK=0000009092&owner=include&count=10,75787ea060d2b38e0eabef95738deba647feff0b9328f130f5918ebe1264de5c,2026-09-16,https://www.badgermeter.com/,18ee8c812c18b92fd767455718db81a81c636e23ea635084c957fc2d620fbeaf,2026-09-29T23:37:33.953709+00:00,Manual review of company website/catalog text and business model; primary physical goods supported; no required exact revenue percentage.,1984-09-07,2010-12-31 active-stock snapshot; symbol match,https://www.alphavantage.co/documentation/#listing-status,https://www.sec.gov/Archives/edgar/data/9092/0000950134-03-004321.txt,20030321,95122f882bc1f710c7429d760a9b1a2b1abb5a37ab7ff3a60983742e193adc39,artifacts/primary_event_study_2010_2019_v1/ticker_history.csv,,Same SEC issuer with documented security interval; provider labels may reflect subsequent company renaming.,https://www.nasdaqtrader.com/dynamic/SymDir/otherlisted.txt,2026-09-29,starting_184,5,33,33,2026-09-29,,,,primary physical-product business,verified_eligible,2026-09-29,Current US operational/principal HQ; not a year-by-year historical domicile classification,2010Q1,2019Q4,True,True,True,2011Q4,2019Q4,2012-02-06,2020-02-05,2011Q4,2019Q4,2012-02-06,2020-02-05,"Provider listing/security start, not founding date; see historical mapping evidence"
0000010456,0000010456,BAXTER INTERNATIONAL INC,BAX,NYSE,BAX,Infusion and patient-care medical equipment,Product company,Medical and laboratory,DEERFIELD,IL,United States,https://www.sec.gov/cgi-bin/browse-edgar?action=getcompany&CIK=0000010456&owner=include&count=10,a05026f8c249cd384bf382121ff56a556bec55e9c0df5d82de8f511cf382e7b3,2026-09-16,https://www.baxter.com/,a8d45aba697f36c4cafe4ca7900a2f343e67fad09a00968d4a438450b4c062a3,2026-09-29T23:37:34.931348+00:00,Manual review of company website/catalog text and business model; primary physical goods supported; no required exact revenue percentage.,1981-10-27,2010-12-31 active-stock snapshot; symbol match,https://www.alphavantage.co/documentation/#listing-status,https://www.sec.gov/Archives/edgar/data/10456/0000950131-01-500106.txt,20010314,1252c533b90b4a7a8ef48337d03ea778567b67b3caf7a7d294d701ba1e760581,artifacts/primary_event_study_2010_2019_v1/ticker_history.csv,,Same SEC issuer with documented security interval; provider labels may reflect subsequent company renaming.,https://www.nasdaqtrader.com/dynamic/SymDir/otherlisted.txt,2026-09-29,starting_184,6,40,40,2026-09-29,,,,primary physical-product business,verified_eligible,2026-09-29,Current US operational/principal HQ; not a year-by-year historical domicile classification,2010Q1,2019Q4,True,True,True,2010Q1,2019Q4,2010-04-22,2020-03-17,2010Q1,2019Q4,2010-04-22,2020-03-17,"Provider listing/security start, not founding date; see historical mapping evidence"
0000010795,0000010795,BECTON DICKINSON & CO,BDX,NYSE,BDX,Medical devices and diagnostic instruments,Product company,Medical and laboratory,FRANKLIN LAKES,NJ,United States,https://www.sec.gov/cgi-bin/browse-edgar?action=getcompany&CIK=0000010795&owner=include&count=10,ac3dc2af957a170d1b50703a2d4a3ca3aac10a80c9fb8ed9a62081851030dbb5,2026-09-16,https://www.bd.com/,ce0bdfbe3d25ba8a401aba3ba40ee1bde8d423deb0ac3cacf790945103f8fd40,2026-09-29 (earlier verified company website cache),Manual review of company website/catalog text and business model; primary physical goods supported; no required exact revenue percentage.,1983-04-06,2010-12-31 active-stock snapshot; symbol match,https://www.alphavantage.co/documentation/#listing-status,https://www.sec.gov/Archives/edgar/data/10795/0000950117-01-501836.txt,20011221,273ac1670e99f45fa4f6f0e5659acb922541683a34577f47721f208392aba074,artifacts/primary_event_study_2010_2019_v1/ticker_history.csv,,Same SEC issuer with documented security interval; provider labels may reflect subsequent company renaming.,https://www.nasdaqtrader.com/dynamic/SymDir/otherlisted.txt,2026-09-29,starting_184,7,40,40,2026-09-29,,,,primary physical-product business,verified_eligible,2026-09-29,Current US operational/principal HQ; not a year-by-year historical domicile classification,2010Q1,2019Q4,True,True,True,2010Q1,2019Q4,2010-01-28,2019-11-05,2010Q1,2019Q4,2010-01-28,2019-11-05,"Provider listing/security start, not founding date; see historical mapping evidence"
0000012208,0000012208,"BIO-RAD LABORATORIES, INC.",BIO,NYSE,BIO;BIO-B,Laboratory and diagnostic instruments,Product company,Measurement and test equipment,HERCULES,CA,United States,https://www.sec.gov/cgi-bin/browse-edgar?action=getcompany&CIK=0000012208&owner=include&count=10,e50bf5304a3f722fe59b28f60299063802c1243aa12a3424b5a6babcb4f8fb0f,2026-09-16,https://www.bio-rad.com/,29c35f07579c69ac40537c174adf0d29e160c897eeeada7b6e51660565c5f597,2026-09-29 (earlier verified company website cache),Manual review of company website/catalog text and business model; primary physical goods supported; no required exact revenue percentage.,1980-02-27,2010-12-31 active-stock snapshot; symbol match,https://www.alphavantage.co/documentation/#listing-status,https://www.sec.gov/Archives/edgar/data/12208/0000012208-01-500015.txt,20010328,299d528c5b63d6dcd45d97144456d673895846b84f1778b9f4eddd1356901ca3,artifacts/primary_event_study_2010_2019_v1/ticker_history.csv,,Same SEC issuer with documented security interval; provider labels may reflect subsequent company renaming.,https://www.nasdaqtrader.com/dynamic/SymDir/otherlisted.txt,2026-09-29,starting_184,8,35,35,2026-09-29,,,,primary physical-product business,verified_eligible,2026-09-29,Current US operational/principal HQ; not a year-by-year historical domicile classification,2010Q1,2019Q4,True,True,True,2011Q2,2019Q4,2011-08-02,2020-02-13,2011Q2,2019Q4,2011-08-02,2020-02-13,"Provider listing/security start, not founding date; see historical mapping evidence"
0000021535,0000021535,Cohu Inc,COHU,NASDAQ,COHU,Semiconductor test/inspection systems (48%) plus PCB test systems (5%); excludes all mixed consumables/services.,Product company,Semiconductor manufacturing and electronic test equipment,POWAY,CA,United States,https://www.sec.gov/cgi-bin/browse-edgar?action=getcompany&CIK=0000021535&owner=include&count=10,ae9142b0e0e10fc14f8ef53906e81e97524f354fabc4c7a2021878f2749040f4,2026-09-16,https://www.cohu.com/,d177016818c550235074eb0ac4288fb1c88047c81796f1c6f850ca6baa612ea3,2026-09-29,Manual review of company website/catalog text and business model; primary physical goods supported; no required exact revenue percentage.,1986-11-12,2010-12-31 active-stock snapshot; symbol match,https://www.alphavantage.co/documentation/#listing-status,https://www.sec.gov/Archives/edgar/data/21535/0000936392-03-000213.txt,20030304,21708bf796843f1ca4ef59d6e5356eb15d66e0957b247d3fac612085a86a51b7,artifacts/primary_event_study_2010_2019_v1/ticker_history.csv,,Same SEC issuer with documented security interval; provider labels may reflect subsequent company renaming.,https://www.nasdaqtrader.com/dynamic/SymDir/nasdaqlisted.txt,2026-09-29,starting_184,9,33,33,2026-09-29,,,,primary physical-product business,verified_eligible,2026-09-29,Current US operational/principal HQ; not a year-by-year historical domicile classification,2010Q1,2019Q4,True,True,True,2011Q4,2019Q4,2012-02-01,2020-02-12,2011Q4,2019Q4,2012-02-01,2020-02-12,"Provider listing/security start, not founding date; see historical mapping evidence"
0000023197,0000023197,COMTECH TELECOMMUNICATIONS CORP /DE/,CMTL,NASDAQ,CMTL,Satellite communications equipment,Product company,Electronics and electrical equipment,CHANDLER,AZ,United States,https://www.sec.gov/cgi-bin/browse-edgar?action=getcompany&CIK=0000023197&owner=include&count=10,d5a3c8789eb6e942ac8bbddcf933b864269bc5fcbf2f5e22ff2b618bc6a2c066,2026-09-16,https://comtech.com/,2df424eb311db9e3472bdd908bc898450c8c904d9425535da16a746e80a20f9b,2026-09-29T23:37:40.095169+00:00,Manual review of company website/catalog text and business model; primary physical goods supported; no required exact revenue percentage.,1992-02-18,2010-12-31 active-stock snapshot; symbol match,https://www.alphavantage.co/documentation/#listing-status,https://www.sec.gov/Archives/edgar/data/23197/0000950117-04-003364.txt,20040922,a7ab4ba8da61285cbed2fdb9d52dafea81a089b1218ffb804bbd8e72c4ec8e62,artifacts/primary_event_study_2010_2019_v1/ticker_history.csv,,Same SEC issuer with documented security interval; provider labels may reflect subsequent company renaming.,https://www.nasdaqtrader.com/dynamic/SymDir/nasdaqlisted.txt,2026-09-29,starting_184,10,24,24,2026-09-29,,,,primary physical-product business,verified_eligible,2026-09-29,Current US operational/principal HQ; not a year-by-year historical domicile classification,2010Q1,2019Q4,True,True,True,2010Q1,2019Q4,2009-12-08,2019-09-24,2010Q1,2019Q4,2009-12-08,2019-09-24,"Provider listing/security start, not founding date; see historical mapping evidence"
0000024741,0000024741,Corning Inc,GLW,NYSE,GLW,Display and telecommunications product revenue alone exceeds half of total revenue; excludes environmental/life-science and specialty glass.,Product company,Electronic components and materials,CORNING,NY,United States,https://www.sec.gov/cgi-bin/browse-edgar?action=getcompany&CIK=0000024741&owner=include&count=10,a6612a29880464bd7ad0274a8f46eabe87aab162a4e24b6437ec7ec4c0db6654,2026-09-16,https://www.corning.com/worldwide/en/the-progress-report/crystal-clear/175-years-of-continuous-innovation,d177016818c550235074eb0ac4288fb1c88047c81796f1c6f850ca6baa612ea3,2026-09-29,Manual review of company website/catalog text and business model; primary physical goods supported; no required exact revenue percentage.,1981-12-31,2010-12-31 active-stock snapshot; symbol match,https://www.alphavantage.co/documentation/#listing-status,https://www.sec.gov/Archives/edgar/data/24741/0000024741-02-000014.txt,20020304,2b0b39ad7bb49db08198a397b91577b6984828e652352a406e408fe5bc439528,artifacts/primary_event_study_2010_2019_v1/ticker_history.csv,,Same SEC issuer with documented security interval; provider labels may reflect subsequent company renaming.,https://www.nasdaqtrader.com/dynamic/SymDir/otherlisted.txt,2026-09-29,starting_184,11,39,39,2026-09-29,,,,primary physical-product business,verified_eligible,2026-09-29,Current US operational/principal HQ; not a year-by-year historical domicile classification,2010Q1,2019Q4,True,True,True,2010Q1,2019Q4,2010-04-28,2020-01-29,2010Q1,2019Q4,2010-04-28,2020-01-29,"Provider listing/security start, not founding date; see historical mapping evidence"
0000026058,0000026058,CTS Corp,CTS,NYSE,CTS,"Revenue derives from sensors, actuators and electronic components; exact hardware/services split not separately disclosed.",Product company,Electronic components and materials,LISLE,IL,United States,https://www.sec.gov/cgi-bin/browse-edgar?action=getcompany&CIK=0000026058&owner=include&count=10,428103e96ed5180a241b5b4553d2c5d3693e66248e8df2f043936d3b760ed4a3,2026-09-16,https://www.ctscorp.com/,22d30ad63d78ca3522d6a523472639a6bfd9f6f26287b1357dda0f4e7ae84c7d,2026-09-29T23:37:42.607950+00:00,Manual review of company website/catalog text and business model; primary physical goods supported; no required exact revenue percentage.,1987-11-05,2010-12-31 active-stock snapshot; symbol match,https://www.alphavantage.co/documentation/#listing-status,https://www.sec.gov/Archives/edgar/data/26058/0000026058-01-000005.txt,20010309,f5a79a0ab90e7dc469de1d907391241c6cfc6a7973e6601187402848dab45222,artifacts/primary_event_study_2010_2019_v1/ticker_history.csv,,Same SEC issuer with documented security interval; provider labels may reflect subsequent company renaming.,https://www.nasdaqtrader.com/dynamic/SymDir/otherlisted.txt,2026-09-29,starting_184,12,36,36,2026-09-29,,,,primary physical-product business,verified_eligible,2026-09-29,Current US operational/principal HQ; not a year-by-year historical domicile classification,2010Q1,2019Q4,True,True,True,2010Q1,2019Q4,2010-04-27,2020-02-04,2010Q1,2019Q4,2010-04-27,2020-02-04,"Provider listing/security start, not founding date; see historical mapping evidence"
0000026172,0000026172,CUMMINS INC,CMI,NYSE,CMI,"Engines, power generators and power systems",Product company,Machinery,COLUMBUS,IN,United States,https://www.sec.gov/cgi-bin/browse-edgar?action=getcompany&CIK=0000026172&owner=include&count=10,aee823731a4ffdc28c8e48768729fcd23dd8faadef0c8549f79204ee032a23ec,2026-09-16,https://www.cummins.com/en-na/products,190e6b1b4a0803f89e18473d44b69a81199a5031526330ca6a746bcb0a0814f4,2026-09-29T23:37:43.529515+00:00,Manual review of company website/catalog text and business model; primary physical goods supported; no required exact revenue percentage.,1984-12-18,2010-12-31 active-stock snapshot; symbol match,https://www.alphavantage.co/documentation/#listing-status,https://www.sec.gov/Archives/edgar/data/26172/0000026172-01-000002.txt,20010313,389ca7ba59ca8d5e438e001b20ff7bce6bf3fe3271a5f0bffaecf24c0cd9510e,artifacts/primary_event_study_2010_2019_v1/ticker_history.csv,,Same SEC issuer with documented security interval; provider labels may reflect subsequent company renaming.,https://www.nasdaqtrader.com/dynamic/SymDir/otherlisted.txt,2026-09-29,starting_184,13,40,40,2026-09-29,,,,primary physical-product business,verified_eligible,2026-09-29,Current US operational/principal HQ; not a year-by-year historical domicile classification,2010Q1,2019Q4,True,True,True,2010Q1,2019Q4,2010-04-27,2020-02-04,2010Q1,2019Q4,2010-04-27,2020-02-04,"Provider listing/security start, not founding date; see historical mapping evidence"
0000026324,0000026324,CURTISS WRIGHT CORP,CW,NYSE,CW,"Sensors, controls and engineered industrial components",Product company,Machinery,DAVIDSON,NC,United States,https://www.sec.gov/cgi-bin/browse-edgar?action=getcompany&CIK=0000026324&owner=include&count=10,0685122c04a2eb731c705f3176afa43279b1f9493d77e95dd51199fada6e6ce3,2026-09-16,https://curtisswright.com/,a1c5028e4ff7232c0321355a5be467802f072e20e4a897b918d81842d423cc37,2026-09-29T23:37:47.375098+00:00,Manual review of company website/catalog text and business model; primary physical goods supported; no required exact revenue percentage.,1987-11-05,2010-12-31 active-stock snapshot; symbol match,https://www.alphavantage.co/documentation/#listing-status,https://www.sec.gov/Archives/edgar/data/26324/0000026324-01-500003.txt,20010319,11efe6e94e90053bb661a616c458525cb3d0cad0ffc961ee0207784d73961bf7,artifacts/primary_event_study_2010_2019_v1/ticker_history.csv,,Same SEC issuer with documented security interval; provider labels may reflect subsequent company renaming.,https://www.nasdaqtrader.com/dynamic/SymDir/otherlisted.txt,2026-09-29,starting_184,14,38,38,2026-09-29,,,,primary physical-product business,verified_eligible,2026-09-29,Current US operational/principal HQ; not a year-by-year historical domicile classification,2010Q1,2019Q4,True,True,True,2010Q1,2019Q4,2010-04-29,2020-02-26,2010Q1,2019Q4,2010-04-29,2020-02-26,"Provider listing/security start, not founding date; see historical mapping evidence"
0000029002,0000029002,Diodes Inc,DIOD,NASDAQ,DIOD,"Discrete, logic, analog and mixed-signal semiconductor products dominate; no separate non-product revenue share.",Product company,Semiconductors and related devices,PLANO,TX,United States,https://www.sec.gov/cgi-bin/browse-edgar?action=getcompany&CIK=0000029002&owner=include&count=10,ef48180daaea85b7e8fc53eaecd065c1c626133a0e7a8cac2319292266b53a68,2026-09-16,https://investor.diodes.com/investor-relations,d177016818c550235074eb0ac4288fb1c88047c81796f1c6f850ca6baa612ea3,2026-09-29,Manual review of company website/catalog text and business model; primary physical goods supported; no required exact revenue percentage.,1992-03-17,2010-12-31 active-stock snapshot; symbol match,https://www.alphavantage.co/documentation/#listing-status,https://www.sec.gov/Archives/edgar/data/29002/0000029002-03-000021.txt,20030331,e955d3360685d56eb995ed99a56eea9b988ee3e335066ce15e9264fe1eb3c814,artifacts/primary_event_study_2010_2019_v1/ticker_history.csv,,Same SEC issuer with documented security interval; provider labels may reflect subsequent company renaming.,https://www.nasdaqtrader.com/dynamic/SymDir/nasdaqlisted.txt,2026-09-29,starting_184,15,38,38,2026-09-29,,,,primary physical-product business,verified_eligible,2026-09-29,Current US operational/principal HQ; not a year-by-year historical domicile classification,2010Q1,2019Q4,True,True,True,2010Q1,2019Q4,2010-05-06,2020-02-11,2010Q1,2019Q4,2010-05-06,2020-02-11,"Provider listing/security start, not founding date; see historical mapping evidence"
0000029644,0000029644,DONALDSON Co INC,DCI,NYSE,DCI,Industrial filtration equipment and components,Product company,Machinery,BLOOMINGTON,MN,United States,https://www.sec.gov/cgi-bin/browse-edgar?action=getcompany&CIK=0000029644&owner=include&count=10,8ad9f63784839d6d4bc0049b7121b54a6a612f32671728ebbb7dd15e4172bdf7,2026-09-16,https://www.donaldson.com/en/,35a081ce267602bf55d6c0f657f2e353d5dad5169ec3292b7d0948c21729585a,2026-09-29T23:37:49.992412+00:00,Manual review of company website/catalog text and business model; primary physical goods supported; no required exact revenue percentage.,1987-06-18,2010-12-31 active-stock snapshot; symbol match,https://www.alphavantage.co/documentation/#listing-status,https://www.sec.gov/Archives/edgar/data/29644/0000897101-02-000744.txt,20021029,0b3339a69d90b1569fcee8bfdcb250f03cc555c5bb5642fb4f98b8ceac9b95bd,artifacts/primary_event_study_2010_2019_v1/ticker_history.csv,,Same SEC issuer with documented security interval; provider labels may reflect subsequent company renaming.,https://www.nasdaqtrader.com/dynamic/SymDir/otherlisted.txt,2026-09-29,starting_184,16,34,34,2026-09-29,,,,primary physical-product business,verified_eligible,2026-09-29,Current US operational/principal HQ; not a year-by-year historical domicile classification,2010Q1,2019Q4,True,True,True,2010Q1,2019Q4,2009-11-18,2019-09-05,2010Q1,2019Q4,2009-11-18,2019-09-05,"Provider listing/security start, not founding date; see historical mapping evidence"
0000030625,0000030625,FLOWSERVE CORP,FLS,NYSE,FLS,"Industrial pumps, valves and seals",Product company,Machinery,IRVING,TX,United States,https://www.sec.gov/cgi-bin/browse-edgar?action=getcompany&CIK=0000030625&owner=include&count=10,9007c6bbaf11069f5acb25a93970bee502b3f847130de892674f182d7434a117,2026-09-16,https://www.flowserve.com/,213672f4aed0b0bbe8b22e23fd4da807d58008e8acaaeb2ca62db79cdf7ecc16,2026-09-29T23:37:54.532045+00:00,Manual review of company website/catalog text and business model; primary physical goods supported; no required exact revenue percentage.,1990-03-26,2010-12-31 active-stock snapshot; symbol match,https://www.alphavantage.co/documentation/#listing-status,https://www.sec.gov/Archives/edgar/data/30625/0001047469-03-009671.txt,20030321,37c5f3da92d6000d65c539ce8b4991629ced6001a35c51b5b7f2d16b8265c83c,artifacts/primary_event_study_2010_2019_v1/ticker_history.csv,,Same SEC issuer with documented security interval; provider labels may reflect subsequent company renaming.,https://www.nasdaqtrader.com/dynamic/SymDir/otherlisted.txt,2026-09-29,starting_184,17,40,40,2026-09-29,,,,primary physical-product business,verified_eligible,2026-09-29,Current US operational/principal HQ; not a year-by-year historical domicile classification,2010Q1,2019Q4,True,True,True,2010Q1,2019Q4,2010-05-05,2020-02-17,2010Q1,2019Q4,2010-05-05,2020-02-17,"Provider listing/security start, not founding date; see historical mapping evidence"
0000032604,0000032604,EMERSON ELECTRIC CO,EMR,NYSE,EMR,Industrial measurement and control equipment,Product company,Electronics and electrical equipment,ST LOUIS,MO,United States,https://www.sec.gov/cgi-bin/browse-edgar?action=getcompany&CIK=0000032604&owner=include&count=10,ee8c3e643e6b9459c740180d7e101ad553e2745280913a71f5751403f86ce066,2026-09-16,https://www.emerson.com/en/corporate,747d56528086edbd6331d0e324ecf3d90a426d4454aeb72b8bfd24a8e3ecb85f,2026-09-29T23:37:51.273481+00:00,Manual review of company website/catalog text and business model; primary physical goods supported; no required exact revenue percentage.,1972-06-01,2010-12-31 active-stock snapshot; symbol match,https://www.alphavantage.co/documentation/#listing-status,https://www.sec.gov/Archives/edgar/data/32604/0000032604-01-500032.txt,20011221,f37736ead9657f9bbd6e92b80d03783843fa206581795d84ba1bf7651f65507e,artifacts/primary_event_study_2010_2019_v1/ticker_history.csv,,Same SEC issuer with documented security interval; provider labels may reflect subsequent company renaming.,https://www.nasdaqtrader.com/dynamic/SymDir/otherlisted.txt,2026-09-29,starting_184,18,40,40,2026-09-29,,,,primary physical-product business,verified_eligible,2026-09-29,Current US operational/principal HQ; not a year-by-year historical domicile classification,2010Q1,2019Q4,True,True,True,2010Q1,2019Q4,2010-02-02,2019-11-05,2010Q1,2019Q4,2010-02-02,2019-11-05,"Provider listing/security start, not founding date; see historical mapping evidence"
0000038725,0000038725,FRANKLIN ELECTRIC CO INC,FELE,NASDAQ,FELE,"Electric motors, pumps and controls",Product company,Electronics and electrical equipment,FORT WAYNE,IN,United States,https://www.sec.gov/cgi-bin/browse-edgar?action=getcompany&CIK=0000038725&owner=include&count=10,ac60ff309db83294bec6c95696acb39776d22b7ea7e3612f34605294c4252222,2026-09-16,https://www.franklin-electric.com/,ae99a081e06eb2f557656b202eb0f73a56885e5600b99336d6328709d2444295,2026-09-29T23:37:55.003764+00:00,Manual review of company website/catalog text and business model; primary physical goods supported; no required exact revenue percentage.,1990-03-26,2010-12-31 active-stock snapshot; symbol match,https://www.alphavantage.co/documentation/#listing-status,https://www.sec.gov/Archives/edgar/data/38725/0000038725-03-000027.txt,20030218,ba6a31960d6720db8594ab93189bd3dff0c02c90dfe340dea9088d4c8280e612,artifacts/primary_event_study_2010_2019_v1/ticker_history.csv,,Same SEC issuer with documented security interval; provider labels may reflect subsequent company renaming.,https://www.nasdaqtrader.com/dynamic/SymDir/nasdaqlisted.txt,2026-09-29,starting_184,19,33,33,2026-09-29,,,,primary physical-product business,verified_eligible,2026-09-29,Current US operational/principal HQ; not a year-by-year historical domicile classification,2010Q1,2019Q4,True,True,True,2011Q4,2019Q4,2012-02-21,2020-02-18,2011Q4,2019Q4,2012-02-21,2020-02-18,"Provider listing/security start, not founding date; see historical mapping evidence"
0000039020,0000039020,Frequency Electronics Inc,FEIM,NASDAQ,FEIM,Precision timing and frequency control systems dominate business; precise hardware/services percentage not separately disclosed.,Product company,Electronic components and materials,MITCHEL FIELD,NY,United States,https://www.sec.gov/cgi-bin/browse-edgar?action=getcompany&CIK=0000039020&owner=include&count=10,d2ef59a533c0105fd0775babb0a648cea0d98803cb201f5a7c8731946a0a2396,2026-09-16,https://www.freqelec.com:443/,b868680c83b91b6aff9b9e0c55caec43d4724d34115f62da62c335c3431e2e58,2026-09-29T23:37:55.468515+00:00,Manual review of company website/catalog text and business model; primary physical goods supported; no required exact revenue percentage.,1983-09-01,2010-12-31 active-stock snapshot; symbol match,https://www.alphavantage.co/documentation/#listing-status,https://www.sec.gov/Archives/edgar/data/39020/0000039020-01-500010.txt,20010730,4b122019a7bef53dc7c00d18a748a248b3dc7eef3d802356acf0465e5715a9da,artifacts/primary_event_study_2010_2019_v1/ticker_history.csv,,Same SEC issuer with documented security interval; provider labels may reflect subsequent company renaming.,https://www.nasdaqtrader.com/dynamic/SymDir/nasdaqlisted.txt,2026-09-29,starting_184,20,24,24,2026-09-29,,,,primary physical-product business,verified_eligible,2026-09-29,Current US operational/principal HQ; not a year-by-year historical domicile classification,2010Q1,2019Q4,True,True,True,2014Q1,2019Q4,2013-09-12,2019-07-18,2014Q1,2019Q4,2013-09-12,2019-07-18,"Provider listing/security start, not founding date; see historical mapping evidence"
0000042888,0000042888,GRACO INC,GGG,NYSE,GGG,Fluid-handling and dispensing equipment,Product company,Machinery,MINNEAPOLIS,MN,United States,https://www.sec.gov/cgi-bin/browse-edgar?action=getcompany&CIK=0000042888&owner=include&count=10,7ecfd2072a2dd28371b80ddbda3bfee4157e41b337f3c6288ecda3a5d770329a,2026-09-16,https://www.graco.com/us/en.html,2f91efc62b0b00d3970e823c48b3154a1f32398359c2929290ec94f994d57e76,2026-09-29T23:38:05.458900+00:00,Manual review of company website/catalog text and business model; primary physical goods supported; no required exact revenue percentage.,1986-07-09,2010-12-31 active-stock snapshot; symbol match,https://www.alphavantage.co/documentation/#listing-status,https://www.sec.gov/Archives/edgar/data/42888/0000042888-01-000002.txt,20010316,abb8b0d978175a3a5e87d1c3f9e52d10dd6368b224dc7427dcae37221c605fc8,artifacts/primary_event_study_2010_2019_v1/ticker_history.csv,,Same SEC issuer with documented security interval; provider labels may reflect subsequent company renaming.,https://www.nasdaqtrader.com/dynamic/SymDir/otherlisted.txt,2026-09-29,starting_184,21,38,38,2026-09-29,,,,primary physical-product business,verified_eligible,2026-09-29,Current US operational/principal HQ; not a year-by-year historical domicile classification,2010Q1,2019Q4,True,True,True,2010Q1,2019Q4,2010-04-21,2020-01-27,2010Q1,2019Q4,2010-04-21,2020-01-27,"Provider listing/security start, not founding date; see historical mapping evidence"
0000046129,0000046129,ALLIENT INC,ALNT,NASDAQ,ALNT;AMOT,"Electric motors, drives and motion-control components",Product company,Measurement and test equipment,WILLIAMSVILLE,NY,United States,https://www.sec.gov/cgi-bin/browse-edgar?action=getcompany&CIK=0000046129&owner=include&count=10,29162a66a3171b70c6a0324b8065a26ae6d70e511a74fc313f92df6417b90081,2026-09-16,https://allient.com/,0a2496c78314f1217acf57dca7dd5ce78736de3a9e60786d5d0c97afc6e8758f,2026-09-29T23:37:30.041081+00:00,Manual review of company website/catalog text and business model; primary physical goods supported; no required exact revenue percentage.,1992-02-25,2010-12-31 active-stock snapshot; symbol match,https://www.alphavantage.co/documentation/#listing-status,https://www.sec.gov/Archives/edgar/data/46129/0000912057-01-533025.txt,20010921,76efd24f4fbcd9bd9c7bd7c37de026b2e28fec8bd605e5a8bd9a07af8117d056,artifacts/primary_event_study_2010_2019_v1/ticker_history.csv,https://www.sec.gov/Archives/edgar/data/46129/000155837024002487/alnt-20231231x10k.htm,Same SEC issuer with documented security interval; provider labels may reflect subsequent company renaming.,https://www.nasdaqtrader.com/dynamic/SymDir/nasdaqlisted.txt,2026-09-29,starting_184,22,27,27,2026-09-29,,,,primary physical-product business,verified_eligible,2026-09-29,Current US operational/principal HQ; not a year-by-year historical domicile classification,2010Q1,2019Q4,True,True,True,2013Q1,2019Q4,2013-05-10,2020-03-11,2013Q1,2019Q4,2013-05-10,2020-03-11,"Provider listing/security start, not founding date; see historical mapping evidence"
0000047217,0000047217,HP Inc,HPQ,NYSE,HPQ,"Notebook, desktop and workstation sales alone; excludes all printers, supplies, services and other revenue.",Product company,Computing and peripherals,PALO ALTO,CA,United States,https://www.sec.gov/cgi-bin/browse-edgar?action=getcompany&CIK=0000047217&owner=include&count=10,df5f108d3df08ef66a260ac25c6508e49eedc465abe59524b016b6581b1e3c6b,2026-09-16,https://www.hp.com/us-en/home.html,163e9303692104bcba6dc2ffe0cdc49bd86e47002fa6ef515b408ee9a26c484f,2026-09-29T23:38:09.577577+00:00,Manual review of company website/catalog text and business model; primary physical goods supported; no required exact revenue percentage.,1962-01-02,2010-12-31 active-stock snapshot; symbol match,https://www.alphavantage.co/documentation/#listing-status,https://www.sec.gov/Archives/edgar/data/47217/0000912057-01-002796.txt,20010125,15a2a76877a0bde1b2d7997a52536c39aa4a141b45bf791490a6fc8464bbee44,artifacts/primary_event_study_2010_2019_v1/ticker_history.csv,,Same SEC issuer with documented security interval; provider labels may reflect subsequent company renaming.,https://www.nasdaqtrader.com/dynamic/SymDir/otherlisted.txt,2026-09-29,starting_184,23,38,38,2026-09-29,,,,primary physical-product business,verified_eligible,2026-09-29,Current US operational/principal HQ; not a year-by-year historical domicile classification,2010Q1,2019Q4,True,True,True,2010Q1,2019Q4,2010-02-17,2019-11-26,2010Q1,2019Q4,2010-02-17,2019-11-26,"Provider listing/security start, not founding date; see historical mapping evidence"
0000049826,0000049826,ILLINOIS TOOL WORKS INC,ITW,NYSE,ITW,Industrial equipment and engineered components,Product company,Machinery,GLENVIEW,IL,United States,https://www.sec.gov/cgi-bin/browse-edgar?action=getcompany&CIK=0000049826&owner=include&count=10,ff418add3b1fd97de3631d500d2f6da62b3242449164ea6e6189a02d1fe678b0,2026-09-16,https://www.itw.com/,b86f3d210a455a3ae2a6bec0f2b036ff85abb51f32b756ffaa5528182f16084e,2026-09-29T23:38:10.939277+00:00,Manual review of company website/catalog text and business model; primary physical goods supported; no required exact revenue percentage.,1987-11-05,2010-12-31 active-stock snapshot; symbol match,https://www.alphavantage.co/documentation/#listing-status,https://www.sec.gov/Archives/edgar/data/49826/0000950137-03-001256.txt,20030304,8e7a44f7fb601decd039330881b4a2face2139820377c186734552d8f380d9be,artifacts/primary_event_study_2010_2019_v1/ticker_history.csv,,Same SEC issuer with documented security interval; provider labels may reflect subsequent company renaming.,https://www.nasdaqtrader.com/dynamic/SymDir/otherlisted.txt,2026-09-29,starting_184,24,39,39,2026-09-29,,,,primary physical-product business,verified_eligible,2026-09-29,Current US operational/principal HQ; not a year-by-year historical domicile classification,2010Q1,2019Q4,True,True,True,2010Q1,2019Q4,2010-04-20,2020-01-31,2010Q1,2019Q4,2010-04-20,2020-01-31,"Provider listing/security start, not founding date; see historical mapping evidence"
0000050863,0000050863,Intel Corp,INTC,NASDAQ,INTC,"CPU/chipset/SoC platform sales alone: DCG 21,441 + IOTG 3,440 + desktop 11,822 + notebook 20,779 ($m). Excludes all adjacent products and other revenue. FY2019 comparative in 2020 10-K.",Product company,Semiconductors and related devices,SANTA CLARA,CA,United States,https://www.sec.gov/cgi-bin/browse-edgar?action=getcompany&CIK=0000050863&owner=include&count=10,8ab052a4e8cf06a8f50b537b18d5598b51d0297042e8b2b1c6295ceee093d902,2026-09-16,https://www.intel.com/content/www/us/en/products/details/processors.html,1e290dd3a227ce12ac6c44d480f9d5fb101d54486869b025119d9ef8f805c41e,2026-09-29,Manual review of company website/catalog text and business model; primary physical goods supported; no required exact revenue percentage.,1980-03-17,2010-12-31 active-stock snapshot; symbol match,https://www.alphavantage.co/documentation/#listing-status,https://www.sec.gov/Archives/edgar/data/50863/0000912057-01-503434.txt,20010313,5d1aa99594758c70598348c6bca18b8a335efa10b6e65eceb835d6cdb2af83d8,artifacts/primary_event_study_2010_2019_v1/ticker_history.csv,,Same SEC issuer with documented security interval; provider labels may reflect subsequent company renaming.,https://www.nasdaqtrader.com/dynamic/SymDir/nasdaqlisted.txt,2026-09-29,starting_184,25,39,39,2026-09-29,,,,primary physical-product business,verified_eligible,2026-09-29,Current US operational/principal HQ; not a year-by-year historical domicile classification,2010Q1,2019Q4,True,True,True,2010Q1,2019Q4,2010-04-13,2020-01-23,2010Q1,2019Q4,2010-04-13,2020-01-23,"Provider listing/security start, not founding date; see historical mapping evidence"
0000059527,0000059527,LINCOLN ELECTRIC HOLDINGS INC,LECO,NASDAQ,LECO,Welding equipment and automation systems,Product company,Machinery,CLEVELAND,OH,United States,https://www.sec.gov/cgi-bin/browse-edgar?action=getcompany&CIK=0000059527&owner=include&count=10,a6d03423cd0056dae05b57a1df90f2eae958cc40a34487bcffd89f87b47da198,2026-09-16,https://mechanized.lincolnelectric.com/home/products/,1840cbc9adeae2603a4195c7de3aee8dd179d5b92a3ef53300a273ec20a5d639,2026-09-29T23:38:17.389646+00:00,Manual review of company website/catalog text and business model; primary physical goods supported; no required exact revenue percentage.,1995-06-13,2010-12-31 active-stock snapshot; symbol match,https://www.alphavantage.co/documentation/#listing-status,https://www.sec.gov/Archives/edgar/data/59527/0000950152-03-001920.txt,20030214,bdb5b40c90720b37268a562f93476d67259e944ece6c0741b1e3f5804da0b953,artifacts/primary_event_study_2010_2019_v1/ticker_history.csv,,Same SEC issuer with documented security interval; provider labels may reflect subsequent company renaming.,https://www.nasdaqtrader.com/dynamic/SymDir/nasdaqlisted.txt,2026-09-29,starting_184,26,35,35,2026-09-29,,,,primary physical-product business,verified_eligible,2026-09-29,Current US operational/principal HQ; not a year-by-year historical domicile classification,2010Q1,2019Q4,True,True,True,2011Q2,2019Q4,2011-07-21,2020-02-13,2011Q2,2019Q4,2011-07-21,2020-02-13,"Provider listing/security start, not founding date; see historical mapping evidence"
0000065270,0000065270,Methode Electronics Inc,MEI,NYSE,MEI,"Revenue from automotive, industrial and interface components; no separately quantified software/services share.",Product company,Electronic components and materials,SOUTHFILED,MI,United States,https://www.sec.gov/cgi-bin/browse-edgar?action=getcompany&CIK=0000065270&owner=include&count=10,6189c8497bd65aadd9ac5f960335dd222239a259d3a37a91570738ac2312debb,2026-09-16,https://www.methode.com/,22ffda846670b9f2a4503b83224ab8b65ebdd7ef7d59d132c43054cb77f1abc5,2026-09-29T23:38:20.051854+00:00,Manual review of company website/catalog text and business model; primary physical goods supported; no required exact revenue percentage.,1990-03-23,2010-12-31 active-stock snapshot; symbol match,https://www.alphavantage.co/documentation/#listing-status,https://www.sec.gov/Archives/edgar/data/65270/0000891554-01-503710.txt,20010730,795bd9338a5e289dcf2a3c2c957197eb37123ce5f7b653906cb617814476f000,artifacts/primary_event_study_2010_2019_v1/ticker_history.csv,,Same SEC issuer with documented security interval; provider labels may reflect subsequent company renaming.,https://www.nasdaqtrader.com/dynamic/SymDir/otherlisted.txt,2026-09-29,starting_184,27,34,34,2026-09-29,,,,primary physical-product business,verified_eligible,2026-09-29,Current US operational/principal HQ; not a year-by-year historical domicile classification,2010Q1,2019Q4,True,True,True,2010Q1,2019Q3,2009-09-03,2019-03-07,2010Q1,2019Q3,2009-09-03,2019-03-07,"Provider listing/security start, not founding date; see historical mapping evidence"
0000065770,0000065770,Microvision Inc,MVIS,NASDAQ,MVIS,"Product revenue from laser beam scanning engines, MEMS and ASICs; remainder licensing and development contracts.",Product company,Electronic components and materials,REDMOND,WA,United States,https://www.sec.gov/cgi-bin/browse-edgar?action=getcompany&CIK=0000065770&owner=include&count=10,f8ce9d5b2d48cc41c4aa63551f0d7c090eb10e912bbb3cfd3a0e71e9746e861e,2026-09-16,https://microvision.com/,b57cfa652c16857ed57831e1d0995d7749c8f824e9f8a9b78c11b18d88391ca5,2026-09-29T23:38:21.117273+00:00,Manual review of company website/catalog text and business model; primary physical goods supported; no required exact revenue percentage.,1996-08-27,2010-12-31 active-stock snapshot; symbol match,https://www.alphavantage.co/documentation/#listing-status,https://www.sec.gov/Archives/edgar/data/65770/0000912057-02-012836.txt,20020401,0c41867d4c8b59d0d5610b84ce7eb1715c33a03b898d1aca7fe6058f389a8630,artifacts/primary_event_study_2010_2019_v1/ticker_history.csv,,Same SEC issuer with documented security interval; provider labels may reflect subsequent company renaming.,https://www.nasdaqtrader.com/dynamic/SymDir/nasdaqlisted.txt,2026-09-29,starting_184,28,33,33,2026-09-29,,,,primary physical-product business,verified_eligible,2026-09-29,Current US operational/principal HQ; not a year-by-year historical domicile classification,2010Q1,2019Q4,True,True,True,2011Q4,2019Q4,2012-02-27,2020-03-11,2011Q4,2019Q4,2012-02-27,2020-03-11,"Provider listing/security start, not founding date; see historical mapping evidence"
0000066570,0000066570,MSA Safety Inc,MSA,NYSE,MSA,Gas detectors and industrial safety equipment,Product company,Medical and laboratory,CRANBERRY TOWNSHIP,PA,United States,https://www.sec.gov/cgi-bin/browse-edgar?action=getcompany&CIK=0000066570&owner=include&count=10,62f01060cb2bcf2dc4cbac96c2adfc94638cdbb8894c5406a3d9d77cba294365,2026-09-16,https://www.msasafety.com/global,bcb208822692beac34fd3c25d302d2131341612e1d9bd6a91e0b5048cbde4f5c,2026-09-29T23:38:23.236514+00:00,Manual review of company website/catalog text and business model; primary physical goods supported; no required exact revenue percentage.,1990-03-26,2010-12-31 active-stock snapshot; symbol match,https://www.alphavantage.co/documentation/#listing-status,https://www.sec.gov/Archives/edgar/data/66570/0000950132-01-500082.txt,20010327,180736b52278a62392ba597790a1fbc423ddc71d211471856ee9ec37cec9ad01,artifacts/primary_event_study_2010_2019_v1/ticker_history.csv,,Same SEC issuer with documented security interval; provider labels may reflect subsequent company renaming.,https://www.nasdaqtrader.com/dynamic/SymDir/otherlisted.txt,2026-09-29,starting_184,29,36,36,2026-09-29,,,,primary physical-product business,verified_eligible,2026-09-29,Current US operational/principal HQ; not a year-by-year historical domicile classification,2010Q1,2019Q4,True,True,True,2010Q1,2019Q4,2010-04-29,2020-02-19,2010Q1,2019Q4,2010-04-29,2020-02-19,"Provider listing/security start, not founding date; see historical mapping evidence"
0000068505,0000068505,"Motorola Solutions, Inc.",MSI,NYSE,MSI,Two-way radios and video-security equipment,Product company,Electronics and electrical equipment,CHICAGO,IL,United States,https://www.sec.gov/cgi-bin/browse-edgar?action=getcompany&CIK=0000068505&owner=include&count=10,53aa40a69e0e4f78473c046144f056373a3077de24ff98d3c3006598b9e3803c,2026-09-16,https://www.motorolasolutions.com/en_us.html?geo=redirect,e04ff391c4bb7a75bc83da31eac695692db259c9e785c91587766d24aee1a710,2026-09-29T23:38:22.324855+00:00,Manual review of company website/catalog text and business model; primary physical goods supported; no required exact revenue percentage.,1977-01-03,2010-12-31 active-stock snapshot; symbol match,https://www.alphavantage.co/documentation/#listing-status,https://www.sec.gov/Archives/edgar/data/68505/0000912057-02-012645.txt,20020329,bfe09b7f4a53ff2c753cdbc29acb01ddb857069f350597b310f1ba151748adc3,artifacts/primary_event_study_2010_2019_v1/ticker_history.csv,,Same SEC issuer with documented security interval; provider labels may reflect subsequent company renaming.,https://www.nasdaqtrader.com/dynamic/SymDir/otherlisted.txt,2026-09-29,starting_184,30,35,35,2026-09-29,,,,primary physical-product business,verified_eligible,2026-09-29,Current US operational/principal HQ; not a year-by-year historical domicile classification,2010Q1,2019Q4,True,True,True,2011Q1,2019Q4,2011-04-28,2020-02-06,2011Q1,2019Q4,2011-04-28,2020-02-06,"Provider listing/security start, not founding date; see historical mapping evidence"
0000069633,0000069633,NAPCO Security Technologies Inc,NSSC,NASDAQ,NSSC,Explicit equipment revenue excludes recurring services; includes door locking devices.,Product company,Communications and network equipment,AMITYVILLE,NY,United States,https://www.sec.gov/cgi-bin/browse-edgar?action=getcompany&CIK=0000069633&owner=include&count=10,db9b7554cf76ec601d542b4afc169b7047e2c94e09e9e20131b2cb6bc96de252,2026-09-16,https://napcosecurity.com/,e0aa289f32976b79dedf36c2acbb2f34c83681cb67a5f5dbd73116f4132b3795,2026-09-29T23:38:23.695546+00:00,Manual review of company website/catalog text and business model; primary physical goods supported; no required exact revenue percentage.,1990-03-26,2010-12-31 active-stock snapshot; symbol match,https://www.alphavantage.co/documentation/#listing-status,https://www.sec.gov/Archives/edgar/data/69633/0000950123-01-506817.txt,20010928,10c45af69656b564f0593ce4f2a657a58be9321dd5ae8e39edc3bd45599ca420,artifacts/primary_event_study_2010_2019_v1/ticker_history.csv,,Same SEC issuer with documented security interval; provider labels may reflect subsequent company renaming.,https://www.nasdaqtrader.com/dynamic/SymDir/nasdaqlisted.txt,2026-09-29,starting_184,31,28,28,2026-09-29,,,,primary physical-product business,verified_eligible,2026-09-29,Current US operational/principal HQ; not a year-by-year historical domicile classification,2010Q1,2019Q4,True,True,True,2013Q1,2019Q4,2012-11-12,2019-09-03,2013Q1,2019Q4,2012-11-12,2019-09-03,"Provider listing/security start, not founding date; see historical mapping evidence"
0000072331,0000072331,NORDSON CORP,NDSN,NASDAQ,NDSN,"Dispensing, testing and inspection equipment",Product company,Machinery,WESTLAKE,OH,United States,https://www.sec.gov/cgi-bin/browse-edgar?action=getcompany&CIK=0000072331&owner=include&count=10,1ac2dc47779b1328683ac5d15ff0aac641c25befb33b619963d2563e7914a0b8,2026-09-16,https://www.nordson.com/en?tab=0,837319ec8be6d13d1810443a7fa9494460c83f52fe3f84ba0691475e334ee66e,2026-09-29 (earlier verified company website cache),Manual review of company website/catalog text and business model; primary physical goods supported; no required exact revenue percentage.,1990-03-26,2010-12-31 active-stock snapshot; symbol match,https://www.alphavantage.co/documentation/#listing-status,https://www.sec.gov/Archives/edgar/data/72331/0000950152-02-000469.txt,20020125,0f5da7a070fa1098b4c6f87fc58420aab41b190c3af18e1c753972141750b485,artifacts/primary_event_study_2010_2019_v1/ticker_history.csv,,Same SEC issuer with documented security interval; provider labels may reflect subsequent company renaming.,https://www.nasdaqtrader.com/dynamic/SymDir/nasdaqlisted.txt,2026-09-29,starting_184,32,34,34,2026-09-29,,,,primary physical-product business,verified_eligible,2026-09-29,Current US operational/principal HQ; not a year-by-year historical domicile classification,2010Q1,2019Q4,True,True,True,2011Q3,2019Q4,2011-08-18,2019-12-11,2011Q3,2019Q4,2011-08-18,2019-12-11,"Provider listing/security start, not founding date; see historical mapping evidence"
0000080420,0000080420,POWELL INDUSTRIES INC,POWL,NASDAQ,POWL,Electrical switchgear and power-control systems,Product company,Electronics and electrical equipment,HOUSTON,TX,United States,https://www.sec.gov/cgi-bin/browse-edgar?action=getcompany&CIK=0000080420&owner=include&count=10,c5c67c978dafb6fba32e6ce56ab228afb41c76bbe4f96c5f9e10a603d38db9ff,2026-09-16,https://www.powellind.com/,499501ae27f332b598d4ef8de507e3076bee354491e66f4114df46903641f283,2026-09-29T23:38:27.782207+00:00,Manual review of company website/catalog text and business model; primary physical goods supported; no required exact revenue percentage.,1990-03-26,2010-12-31 active-stock snapshot; symbol match,https://www.alphavantage.co/documentation/#listing-status,https://www.sec.gov/Archives/edgar/data/80420/0000080420-04-000009.txt,20040116,48b93986a5c66ad53e6e2f34d11c925a4bbae866874b67aaf8f359cfb0076394,artifacts/primary_event_study_2010_2019_v1/ticker_history.csv,,Same SEC issuer with documented security interval; provider labels may reflect subsequent company renaming.,https://www.nasdaqtrader.com/dynamic/SymDir/nasdaqlisted.txt,2026-09-29,starting_184,33,32,32,2026-09-29,,,,primary physical-product business,verified_eligible,2026-09-29,Current US operational/principal HQ; not a year-by-year historical domicile classification,2010Q1,2019Q4,True,True,True,2012Q1,2019Q4,2012-02-07,2019-12-04,2012Q1,2019Q4,2012-02-07,2019-12-04,"Provider listing/security start, not founding date; see historical mapping evidence"
0000088205,0000088205,"SPX Technologies, Inc.",SPXC,NYSE,SPW;SPXC,"Detection, inspection and HVAC equipment",Product company,Machinery,CHARLOTTE,NC,United States,https://www.sec.gov/cgi-bin/browse-edgar?action=getcompany&CIK=0000088205&owner=include&count=10,1b43473cf11710a3b597cf3bf2ed4100b9c7cd8827fc5dfcb7bb58f3ead6265a,2026-09-16,https://spx.com/,dd86b5aafd5974edd99d9d06c2401b31926fd6286d3eddcc406f4d3d7fc20ad8,2026-09-29T23:38:32.352789+00:00,Manual review of company website/catalog text and business model; primary physical goods supported; no required exact revenue percentage.,1985-07-01,2010-12-31 active-stock snapshot; symbol match,https://www.alphavantage.co/documentation/#listing-status,https://www.sec.gov/Archives/edgar/data/88205/0000950168-03-000755.txt,20030317,9a499856922130859023815b628698730b78e7d9d8f35a3714ccb10acacce51b,artifacts/primary_event_study_2010_2019_v1/ticker_history.csv,,Same SEC issuer with documented security interval; provider labels may reflect subsequent company renaming.,https://www.nasdaqtrader.com/dynamic/SymDir/otherlisted.txt,2026-09-29,starting_184,34,40,40,2026-09-29,,,,primary physical-product business,verified_eligible,2026-09-29,Current US operational/principal HQ; not a year-by-year historical domicile classification,2010Q1,2019Q4,True,True,True,2010Q1,2019Q4,2010-05-05,2020-02-13,2010Q1,2019Q4,2010-05-05,2020-02-13,"Provider listing/security start, not founding date; see historical mapping evidence"
0000088941,0000088941,Semtech Corp,SMTC,NASDAQ,SMTC,Analog and mixed-signal semiconductor products dominate disclosed business; exact hardware-only percentage is not separately disclosed.,Product company,Semiconductors and related devices,CAMARILLO,CA,United States,https://www.sec.gov/cgi-bin/browse-edgar?action=getcompany&CIK=0000088941&owner=include&count=10,121cdbb1fd5bdf3787afbc4df96a510961f5cc725e695f684ab0ff6f9423861c,2026-09-16,https://www.semtech.com/,b0b601d376ea0e5925b6d7eb397d415ecc70733d6338b61fdec7ae603361d2f0,2026-09-29T23:38:30.077021+00:00,Manual review of company website/catalog text and business model; primary physical goods supported; no required exact revenue percentage.,1992-03-17,2010-12-31 active-stock snapshot; symbol match,https://www.alphavantage.co/documentation/#listing-status,https://www.sec.gov/Archives/edgar/data/88941/0000898430-01-500258.txt,20010427,cf3678ea499148207271dc21c5ba249c4518b901b9f4ffcf00c6d0dedec1844e,artifacts/primary_event_study_2010_2019_v1/ticker_history.csv,,Same SEC issuer with documented security interval; provider labels may reflect subsequent company renaming.,https://www.nasdaqtrader.com/dynamic/SymDir/nasdaqlisted.txt,2026-09-29,starting_184,35,31,31,2026-09-29,,,,primary physical-product business,verified_eligible,2026-09-29,Current US operational/principal HQ; not a year-by-year historical domicile classification,2010Q1,2019Q4,True,True,True,2010Q2,2019Q4,2009-08-19,2019-03-13,2010Q2,2019Q4,2009-08-19,2019-03-13,"Provider listing/security start, not founding date; see historical mapping evidence"
0000091142,0000091142,SMITH A O CORP,AOS,NYSE,AOS,Water heaters and water-treatment equipment,Product company,Electronics and electrical equipment,MILWAUKEE,WI,United States,https://www.sec.gov/cgi-bin/browse-edgar?action=getcompany&CIK=0000091142&owner=include&count=10,32473a3ec99b3d2622f120f91793d706c84a0e8226fde0e03012022c142745b8,2026-09-16,https://www.aosmith.com/,749675c0ea55f175d458507ba1e74c36a8b104412eaffe122b5bb803d266ea77,2026-09-29T23:38:31.734880+00:00,Manual review of company website/catalog text and business model; primary physical goods supported; no required exact revenue percentage.,1984-09-07,2010-12-31 active-stock snapshot; symbol match,https://www.alphavantage.co/documentation/#listing-status,https://www.sec.gov/Archives/edgar/data/91142/0000897069-03-000237.txt,20030220,77d67c175b9a48fc1d16edcda55f9ac0485ecc0d49baa45272c0e349e943a3e2,artifacts/primary_event_study_2010_2019_v1/ticker_history.csv,,Same SEC issuer with documented security interval; provider labels may reflect subsequent company renaming.,https://www.nasdaqtrader.com/dynamic/SymDir/otherlisted.txt,2026-09-29,starting_184,36,33,33,2026-09-29,,,,primary physical-product business,verified_eligible,2026-09-29,Current US operational/principal HQ; not a year-by-year historical domicile classification,2010Q1,2019Q4,True,True,True,2011Q4,2019Q4,2012-01-27,2020-01-28,2011Q4,2019Q4,2012-01-27,2020-01-28,"Provider listing/security start, not founding date; see historical mapping evidence"
0000096943,0000096943,TELEFLEX INC,TFX,NYSE,TFX,Medical devices,Product company,Medical and laboratory,WAYNE,PA,United States,https://www.sec.gov/cgi-bin/browse-edgar?action=getcompany&CIK=0000096943&owner=include&count=10,971529b3700b4f4edf186dc21864271c3ea3dcd4434e6af478926fdd73c0e420,2026-09-16,https://www.teleflex.com/usa/en/,fbd757c269d6528910b821cd685dddcf6f6e3db87b004284bc40b1c5988eacd2,2026-09-29T23:38:33.277485+00:00,Manual review of company website/catalog text and business model; primary physical goods supported; no required exact revenue percentage.,1988-02-18,2010-12-31 active-stock snapshot; symbol match,https://www.alphavantage.co/documentation/#listing-status,https://www.sec.gov/Archives/edgar/data/96943/0000893220-01-000317.txt,20010327,5654c050013817362ba7e9975ba20861e1527b7277eec93c9b094d5c9d664da5,artifacts/primary_event_study_2010_2019_v1/ticker_history.csv,,Same SEC issuer with documented security interval; provider labels may reflect subsequent company renaming.,https://www.nasdaqtrader.com/dynamic/SymDir/otherlisted.txt,2026-09-29,starting_184,37,34,34,2026-09-29,,,,primary physical-product business,verified_eligible,2026-09-29,Current US operational/principal HQ; not a year-by-year historical domicile classification,2010Q1,2019Q4,True,True,True,2011Q2,2019Q4,2011-07-27,2020-02-20,2011Q2,2019Q4,2011-07-27,2020-02-20,"Provider listing/security start, not founding date; see historical mapping evidence"
0000097134,0000097134,TENNANT CO,TNC,NYSE,TNC,Industrial cleaning equipment,Product company,Machinery,EDEN PRAIRIE,MN,United States,https://www.sec.gov/cgi-bin/browse-edgar?action=getcompany&CIK=0000097134&owner=include&count=10,1f449f8400cac6b7875896ccc8c95ff9b4e4dd3db2e7b119d476419074271520,2026-09-16,https://www.tennantco.com/en_us/localeselector.html?nolocale=true,68f6d0cf5af781079d174ff5634b7d362268007dd2c2792290b6411d9b3f6dc8,2026-09-29T23:38:33.868223+00:00,Manual review of company website/catalog text and business model; primary physical goods supported; no required exact revenue percentage.,1992-03-03,2010-12-31 active-stock snapshot; symbol match,https://www.alphavantage.co/documentation/#listing-status,https://www.sec.gov/Archives/edgar/data/97134/0001104659-02-001132.txt,20020329,dbf4bfd9388e265122175828103239debec5eb2c39f976221d7ece6dfa91d0b8,artifacts/primary_event_study_2010_2019_v1/ticker_history.csv,,Same SEC issuer with documented security interval; provider labels may reflect subsequent company renaming.,https://www.nasdaqtrader.com/dynamic/SymDir/otherlisted.txt,2026-09-29,starting_184,38,36,36,2026-09-29,,,,primary physical-product business,verified_eligible,2026-09-29,Current US operational/principal HQ; not a year-by-year historical domicile classification,2010Q1,2019Q4,True,True,True,2010Q1,2019Q4,2010-04-22,2020-02-20,2010Q1,2019Q4,2010-04-22,2020-02-20,"Provider listing/security start, not founding date; see historical mapping evidence"
0000097210,0000097210,Teradyne Inc,TER,NASDAQ,TER,Test equipment and industrial automation product revenue is 82.25%; software included with equipment not separately quantified.,Product company,Semiconductor manufacturing and electronic test equipment,NORTH READING,MA,United States,https://www.sec.gov/cgi-bin/browse-edgar?action=getcompany&CIK=0000097210&owner=include&count=10,14c4b1593bbc14040957b512aa876314695356ce021fd1d9ac5ad1dea8d65b44,2026-09-16,https://www.teradyne.com/,79ecd9e657e1178549784a99ba496da9c84c40e35f2e8a8a909e23f5896db19e,2026-09-29T23:38:33.895838+00:00,Manual review of company website/catalog text and business model; primary physical goods supported; no required exact revenue percentage.,1987-03-11,2010-12-31 active-stock snapshot; symbol match,https://www.alphavantage.co/documentation/#listing-status,https://www.sec.gov/Archives/edgar/data/97210/0000927016-03-001489.txt,20030328,ef3461e68793ad1da939aee2e5b510e732abcfc982f1dde2c6bca52832c5d3b8,artifacts/primary_event_study_2010_2019_v1/ticker_history.csv,,Same SEC issuer with documented security interval; provider labels may reflect subsequent company renaming.,https://www.nasdaqtrader.com/dynamic/SymDir/nasdaqlisted.txt,2026-09-29,starting_184,39,39,39,2026-09-29,,,,primary physical-product business,verified_eligible,2026-09-29,Current US operational/principal HQ; not a year-by-year historical domicile classification,2010Q1,2019Q4,True,True,True,2010Q1,2019Q4,2010-04-21,2020-01-22,2010Q1,2019Q4,2010-04-21,2020-01-22,"Provider listing/security start, not founding date; see historical mapping evidence"
0000097476,0000097476,Texas Instruments Inc,TXN,NASDAQ,TXN,Analog semiconductors alone; excludes Embedded Processing and Other.,Product company,Semiconductors and related devices,DALLAS,TX,United States,https://www.sec.gov/cgi-bin/browse-edgar?action=getcompany&CIK=0000097476&owner=include&count=10,fab60a4870f01f12ae6be515ced67de120fc04cf05a5fefd261b478abb9ff8f5,2026-09-16,https://www.ti.com/,691f24b34879e77eb1f501b2def20135fdae1d1985db1878b686594d152aadfc,2026-09-29T23:38:33.993035+00:00,Manual review of company website/catalog text and business model; primary physical goods supported; no required exact revenue percentage.,1972-06-01,2010-12-31 active-stock snapshot; symbol match,https://www.alphavantage.co/documentation/#listing-status,https://www.sec.gov/Archives/edgar/data/97476/0000930661-03-000885.txt,20030303,750b460a6a924615b31f9228ded4edbcffc7fdae70d576dfa97756fc16c30430,artifacts/primary_event_study_2010_2019_v1/ticker_history.csv,,Same SEC issuer with documented security interval; provider labels may reflect subsequent company renaming.,https://www.nasdaqtrader.com/dynamic/SymDir/nasdaqlisted.txt,2026-09-29,starting_184,40,40,40,2026-09-29,,,,primary physical-product business,verified_eligible,2026-09-29,Current US operational/principal HQ; not a year-by-year historical domicile classification,2010Q1,2019Q4,True,True,True,2010Q1,2019Q4,2010-04-26,2020-01-22,2010Q1,2019Q4,2010-04-26,2020-01-22,"Provider listing/security start, not founding date; see historical mapping evidence"
0000097745,0000097745,THERMO FISHER SCIENTIFIC INC.,TMO,NYSE,TMO,Scientific and laboratory instruments,Product company,Measurement and test equipment,WALTHAM,MA,United States,https://www.sec.gov/cgi-bin/browse-edgar?action=getcompany&CIK=0000097745&owner=include&count=10,8086521f9cf0739d62f716b7612f0ba39db65643ec37f2a5bd803e141c786a8c,2026-09-16,https://www.thermofisher.com/us/en/home.html,ab8ba040ed06b970f849ac3808d3857024ba161d35175b8d5160fcb0d6a6410d,2026-09-29T23:38:34.200436+00:00,Manual review of company website/catalog text and business model; primary physical goods supported; no required exact revenue percentage.,1987-09-01,2010-12-31 active-stock snapshot; symbol match,https://www.alphavantage.co/documentation/#listing-status,https://www.sec.gov/Archives/edgar/data/97745/0000097745-01-000012.txt,20010321,6243043f68ac4f5b8eab2a72cdd2deb47b168decd7c3b5d96150fea8dd3f7cb7,artifacts/primary_event_study_2010_2019_v1/ticker_history.csv,,Same SEC issuer with documented security interval; provider labels may reflect subsequent company renaming.,https://www.nasdaqtrader.com/dynamic/SymDir/otherlisted.txt,2026-09-29,starting_184,41,40,40,2026-09-29,,,,primary physical-product business,verified_eligible,2026-09-29,Current US operational/principal HQ; not a year-by-year historical domicile classification,2010Q1,2019Q4,True,True,True,2010Q1,2019Q4,2010-04-28,2020-01-30,2010Q1,2019Q4,2010-04-28,2020-01-30,"Provider listing/security start, not founding date; see historical mapping evidence"
0000101984,0000101984,Universal Electronics Inc,UEIC,NASDAQ,UEIC,"Universal controls, sensors and AV products, alongside IP licensing dominate business; precise hardware share not separately disclosed.",Product company,Consumer electronics and displays,SCOTTSDALE,AZ,United States,https://www.sec.gov/cgi-bin/browse-edgar?action=getcompany&CIK=0000101984&owner=include&count=10,84fe8ca210eff7c5bd06543932401c393718ab46fe18ff3912d65fa925979c64,2026-09-16,https://www.uei.com/,c556032e94227b81b4d81a4f8c59db937b2b064db378ac97d26a7db644ea4779,2026-09-29T23:38:35.724256+00:00,Manual review of company website/catalog text and business model; primary physical goods supported; no required exact revenue percentage.,1993-02-12,2010-12-31 active-stock snapshot; symbol match,https://www.alphavantage.co/documentation/#listing-status,https://www.sec.gov/Archives/edgar/data/101984/0000950150-01-000099.txt,20010328,68b34d1cb79306e56a624ffc03bf80919ec415b32dbfa01e5a56f5f2c75c108b,artifacts/primary_event_study_2010_2019_v1/ticker_history.csv,,Same SEC issuer with documented security interval; provider labels may reflect subsequent company renaming.,https://www.nasdaqtrader.com/dynamic/SymDir/nasdaqlisted.txt,2026-09-29,starting_184,42,28,28,2026-09-29,,,,primary physical-product business,verified_eligible,2026-09-29,Current US operational/principal HQ; not a year-by-year historical domicile classification,2010Q1,2019Q4,True,True,True,2010Q1,2019Q4,2010-05-06,2020-02-20,2010Q1,2019Q4,2010-05-06,2020-02-20,"Provider listing/security start, not founding date; see historical mapping evidence"
0000103145,0000103145,Veeco Instruments Inc,VECO,NASDAQ,VECO,Semiconductor and thin-film process equipment plus service/support. Exact standalone services/software share not separately disclosed.,Product company,Semiconductor manufacturing and electronic test equipment,PLAINVIEW,NY,United States,https://www.sec.gov/cgi-bin/browse-edgar?action=getcompany&CIK=0000103145&owner=include&count=10,c52813072fdb3fe9ed8a60ae591230dc03bc4eaa2b925684d632ca4f483b87c1,2026-09-16,https://www.veeco.com/,e78857191c47817fefc405e21ef27ee1ebcb07fedec48231c32190823b480e77,2026-09-29T23:38:35.798784+00:00,Manual review of company website/catalog text and business model; primary physical goods supported; no required exact revenue percentage.,1994-11-29,2010-12-31 active-stock snapshot; symbol match,https://www.alphavantage.co/documentation/#listing-status,https://www.sec.gov/Archives/edgar/data/103145/0000912057-01-007608.txt,20010314,e3be1cace5df8fc734795f2466fbde02999038a3df5d391794dd7bd6c4270b7e,artifacts/primary_event_study_2010_2019_v1/ticker_history.csv,,Same SEC issuer with documented security interval; provider labels may reflect subsequent company renaming.,https://www.nasdaqtrader.com/dynamic/SymDir/nasdaqlisted.txt,2026-09-29,starting_184,43,32,32,2026-09-29,,,,primary physical-product business,verified_eligible,2026-09-29,Current US operational/principal HQ; not a year-by-year historical domicile classification,2010Q1,2019Q4,True,True,True,2011Q4,2019Q4,2012-02-06,2020-02-13,2011Q4,2019Q4,2012-02-06,2020-02-13,"Provider listing/security start, not founding date; see historical mapping evidence"
0000103730,0000103730,Vishay Intertechnology Inc,VSH,NYSE,VSH,Discrete semiconductors and passive electronic components. Exact standalone services/software share not separately disclosed.,Product company,Electronic components and materials,MALVERN,PA,United States,https://www.sec.gov/cgi-bin/browse-edgar?action=getcompany&CIK=0000103730&owner=include&count=10,5e44e1972deab8bc6f2a8442cca7857ab583cf389cb15d59216dd362d39ee74c,2026-09-16,https://www.vishay.com/,80f52cddfff50fc439b78cff5cc9c087ec4edfd3b76aee3f8f3fd6ee20c93358,2026-09-29T23:38:36.546127+00:00,Manual review of company website/catalog text and business model; primary physical goods supported; no required exact revenue percentage.,1988-01-04,2010-12-31 active-stock snapshot; symbol match,https://www.alphavantage.co/documentation/#listing-status,https://www.sec.gov/Archives/edgar/data/103730/0000922423-01-000313.txt,20010330,d081b2ee5561b0ac23ebb8258d1e1e2e3352f52d37bc7ab23c97ae2e74301e37,artifacts/primary_event_study_2010_2019_v1/ticker_history.csv,,Same SEC issuer with documented security interval; provider labels may reflect subsequent company renaming.,https://www.nasdaqtrader.com/dynamic/SymDir/otherlisted.txt,2026-09-29,starting_184,44,37,37,2026-09-29,,,,primary physical-product business,verified_eligible,2026-09-29,Current US operational/principal HQ; not a year-by-year historical domicile classification,2010Q1,2019Q4,True,True,True,2010Q1,2019Q4,2010-05-05,2020-02-04,2010Q1,2019Q4,2010-05-05,2020-02-04,"Provider listing/security start, not founding date; see historical mapping evidence"
0000106040,0000106040,Western Digital Corp,WDC,NASDAQ,WDC,"Disk drives, flash storage and SSD products dominate business; precise hardware/services percentage not separately disclosed.",Product company,Computing and peripherals,SAN JOSE,CA,United States,https://www.sec.gov/cgi-bin/browse-edgar?action=getcompany&CIK=0000106040&owner=include&count=10,15bbe10b5bb848c2cdf00308ea894eb16d2cd131aba8187d61fdfa63168b27ca,2026-09-16,https://www.westerndigital.com/,8066b7012205b4ceebcb1571676f60ecd9a67227e60ac943e11e69b1a2101523,2026-09-29T23:38:37.325356+00:00,Manual review of company website/catalog text and business model; primary physical goods supported; no required exact revenue percentage.,1987-01-02,2010-12-31 active-stock snapshot; symbol match,https://www.alphavantage.co/documentation/#listing-status,https://www.sec.gov/Archives/edgar/data/106040/0000892569-02-001988.txt,20020925,48b0746cfc0752f64f9deddce8e12980e34a95f807e578d8a7157041f362a4a5,artifacts/primary_event_study_2010_2019_v1/ticker_history.csv,,Same SEC issuer with documented security interval; provider labels may reflect subsequent company renaming.,https://www.nasdaqtrader.com/dynamic/SymDir/nasdaqlisted.txt,2026-09-29,starting_184,45,37,37,2026-09-29,,,,primary physical-product business,verified_eligible,2026-09-29,Current US operational/principal HQ; not a year-by-year historical domicile classification,2010Q1,2019Q4,True,True,True,2010Q1,2019Q4,2009-10-22,2019-07-31,2010Q1,2019Q4,2009-10-22,2019-07-31,"Provider listing/security start, not founding date; see historical mapping evidence"
0000106640,0000106640,WHIRLPOOL CORP /DE/,WHR,NYSE,WHR,Household appliances,Product company,Electronics and electrical equipment,BENTON HARBOR,MI,United States,https://www.sec.gov/cgi-bin/browse-edgar?action=getcompany&CIK=0000106640&owner=include&count=10,76d2cbf3a68d4dca3274bf7ab459b92be0862c5fbb9cdddc77a603f4e0b610d3,2026-09-16,https://www.whirlpoolcorp.com/,1d3b3ae0e051d0a7e197aa8daaa27397edeb9f10f2ff7877400c9615e4b929e0,2026-09-29T23:38:37.507679+00:00,Manual review of company website/catalog text and business model; primary physical goods supported; no required exact revenue percentage.,1983-06-10,2010-12-31 active-stock snapshot; symbol match,https://www.alphavantage.co/documentation/#listing-status,https://www.sec.gov/Archives/edgar/data/106640/0000950131-03-001354.txt,20030314,d48d80b52cdbf561c3038cdf353f16926ae5c400b72b42122bb88f9f97c24ca6,artifacts/primary_event_study_2010_2019_v1/ticker_history.csv,,Same SEC issuer with documented security interval; provider labels may reflect subsequent company renaming.,https://www.nasdaqtrader.com/dynamic/SymDir/otherlisted.txt,2026-09-29,starting_184,46,39,39,2026-09-29,,,,primary physical-product business,verified_eligible,2026-09-29,Current US operational/principal HQ; not a year-by-year historical domicile classification,2010Q1,2019Q4,True,True,True,2010Q1,2019Q4,2010-04-26,2020-01-27,2010Q1,2019Q4,2010-04-26,2020-01-27,"Provider listing/security start, not founding date; see historical mapping evidence"
0000108312,0000108312,"Woodward, Inc.",WWD,NASDAQ,WGOV;WWD,Aerospace and industrial control components,Product company,Electronics and electrical equipment,FORT COLLINS,CO,United States,https://www.sec.gov/cgi-bin/browse-edgar?action=getcompany&CIK=0000108312&owner=include&count=10,0775a8ab566dff65f4ea418a2476c8515dd72a4a8f77e4c9cbfe140b39c95476,2026-09-16,https://www.woodward.com/,88ae31d6712ff98adadbe112c4d8832ffb8c4fba385102f8c74cc4da0a73b1bb,2026-09-29T23:38:37.783513+00:00,Manual review of company website/catalog text and business model; primary physical goods supported; no required exact revenue percentage.,1996-05-30,2010-12-31 active-stock snapshot; symbol match,https://www.alphavantage.co/documentation/#listing-status,https://www.sec.gov/Archives/edgar/data/108312/0000950137-03-006269.txt,20031210,5887250941a0c5e9f326196381ae275b842f9b5a148347872a8a52f017d94049,artifacts/primary_event_study_2010_2019_v1/ticker_history.csv,https://www.sec.gov/Archives/edgar/data/108312/000129993311000298/exhibit3.htm,Same SEC issuer with documented security interval; provider labels may reflect subsequent company renaming.,https://www.nasdaqtrader.com/dynamic/SymDir/nasdaqlisted.txt,2026-09-29,starting_184,47,27,27,2026-09-29,,,,primary physical-product business,verified_eligible,2026-09-29,Current US operational/principal HQ; not a year-by-year historical domicile classification,2010Q1,2019Q4,True,True,True,2013Q1,2019Q4,2013-01-22,2019-11-18,2013Q1,2019Q4,2013-01-22,2019-11-18,"Provider listing/security start, not founding date; see historical mapping evidence"
0000216228,0000216228,ITT INC.,ITT,NYSE,ITT,"Industrial pumps, connectors and engineered components",Product company,Machinery,STAMFORD,CT,United States,https://www.sec.gov/cgi-bin/browse-edgar?action=getcompany&CIK=0000216228&owner=include&count=10,bc806615ea18667c337765a55c148bdaa4553deb5e496c3b768a85d84b8ac929,2026-09-16,https://www.itt.com/,c5be944b2756afed1598285a83656283bbe83b7d0816cbca9505ad09fcc3ffef,2026-09-29T23:38:13.773944+00:00,Manual review of company website/catalog text and business model; primary physical goods supported; no required exact revenue percentage.,1995-12-18,2010-12-31 active-stock snapshot; symbol match,https://www.alphavantage.co/documentation/#listing-status,https://www.sec.gov/Archives/edgar/data/216228/0000950123-03-003365.txt,20030327,d6bfbe08a46a2969631dd72b22cdd4173ce083ed04deca9ed86365d146a7e71b,artifacts/primary_event_study_2010_2019_v1/ticker_history.csv,,Same SEC issuer with documented security interval; provider labels may reflect subsequent company renaming.,https://www.nasdaqtrader.com/dynamic/SymDir/otherlisted.txt,2026-09-29,starting_184,48,39,39,2026-09-29,,,,primary physical-product business,verified_eligible,2026-09-29,Current US operational/principal HQ; not a year-by-year historical domicile classification,2010Q1,2019Q4,True,True,True,2010Q1,2019Q4,2010-04-30,2020-02-21,2010Q1,2019Q4,2010-04-30,2020-02-21,"Provider listing/security start, not founding date; see historical mapping evidence"
0000310354,0000310354,STANDEX INTERNATIONAL CORP/DE/,SXI,NYSE,SXI,Electronic components and engineered products,Product company,Machinery,SALEM,NH,United States,https://www.sec.gov/cgi-bin/browse-edgar?action=getcompany&CIK=0000310354&owner=include&count=10,cf0558c98a297920e6f4e58684520283b6ee894ecb803998ada330f0ad102d2f,2026-09-16,https://standex.com/,2cf4c8fd832f48004fcdacbf36e2d30a647ae8af7b1413d585aacd0f7694ae37,2026-09-29T23:38:32.447713+00:00,Manual review of company website/catalog text and business model; primary physical goods supported; no required exact revenue percentage.,1987-12-30,2010-12-31 active-stock snapshot; symbol match,https://www.alphavantage.co/documentation/#listing-status,https://www.sec.gov/Archives/edgar/data/310354/0000310354-01-500062.txt,20010920,ce5a63cf776a78a4f3e0ffa842f5c45b8bdb8c37b811182582aa7b464f6c33a8,artifacts/primary_event_study_2010_2019_v1/ticker_history.csv,,Same SEC issuer with documented security interval; provider labels may reflect subsequent company renaming.,https://www.nasdaqtrader.com/dynamic/SymDir/otherlisted.txt,2026-09-29,starting_184,49,32,32,2026-09-29,,,,primary physical-product business,verified_eligible,2026-09-29,Current US operational/principal HQ; not a year-by-year historical domicile classification,2010Q1,2019Q4,True,True,True,2010Q3,2019Q4,2010-04-29,2019-08-26,2010Q3,2019Q4,2010-04-29,2019-08-26,"Provider listing/security start, not founding date; see historical mapping evidence"
0000313143,0000313143,HAEMONETICS CORP,HAE,NYSE,HAE,Blood-management medical devices,Product company,Medical and laboratory,BOSTON,MA,United States,https://www.sec.gov/cgi-bin/browse-edgar?action=getcompany&CIK=0000313143&owner=include&count=10,3f6ee1b742f55cb9353ce5513b8ad4a69ee14464db3454d92694c2e4f5d26e56,2026-09-16,https://www.haemonetics.com/,d3644669e3aaa0dcdd2f88f18630471f7959fbbb391abdff871eb69130226d0d,2026-09-29T23:38:07.852860+00:00,Manual review of company website/catalog text and business model; primary physical goods supported; no required exact revenue percentage.,1991-05-10,2010-12-31 active-stock snapshot; symbol match,https://www.alphavantage.co/documentation/#listing-status,https://www.sec.gov/Archives/edgar/data/313143/0000910647-01-500151.txt,20010625,e7a135b67de1c40dd21d4f609577421f6f6228fb8ebb3627bf775ce6eb0eee19,artifacts/primary_event_study_2010_2019_v1/ticker_history.csv,,Same SEC issuer with documented security interval; provider labels may reflect subsequent company renaming.,https://www.nasdaqtrader.com/dynamic/SymDir/otherlisted.txt,2026-09-29,starting_184,50,30,30,2026-09-29,,,,primary physical-product business,verified_eligible,2026-09-29,Current US operational/principal HQ; not a year-by-year historical domicile classification,2010Q1,2019Q4,True,True,True,2012Q3,2019Q4,2012-01-30,2019-05-07,2012Q3,2019Q4,2012-01-30,2019-05-07,"Provider listing/security start, not founding date; see historical mapping evidence"
0000319201,0000319201,KLA Corp,KLAC,NASDAQ,KLAC,Inspection and process-control product revenue is 74.25%; embedded/separate software amount not fully quantified.,Product company,Semiconductor manufacturing and electronic test equipment,MILPITAS,CA,United States,https://www.sec.gov/cgi-bin/browse-edgar?action=getcompany&CIK=0000319201&owner=include&count=10,4981cfbf151c902ca3b87f0784d770513b85f8a088280a72e7b787f917465f17,2026-09-16,https://www.kla.com/,c125f70870e3a5aa87088473e2197420b6d446341caf02aaca887cf83cc05808,2026-09-29T23:38:15.737786+00:00,Manual review of company website/catalog text and business model; primary physical goods supported; no required exact revenue percentage.,1990-03-26,2010-12-31 active-stock snapshot; symbol match,https://www.alphavantage.co/documentation/#listing-status,https://www.sec.gov/Archives/edgar/data/319201/0000319201-02-000008.txt,20020920,7575c83952bf78dbef2dd5ea9cb06711bf9d8bb3651c687f7d2a8a6dd1726b15,artifacts/primary_event_study_2010_2019_v1/ticker_history.csv,,Same SEC issuer with documented security interval; provider labels may reflect subsequent company renaming.,https://www.nasdaqtrader.com/dynamic/SymDir/nasdaqlisted.txt,2026-09-29,starting_184,51,35,35,2026-09-29,,,,primary physical-product business,verified_eligible,2026-09-29,Current US operational/principal HQ; not a year-by-year historical domicile classification,2010Q1,2019Q4,True,True,True,2010Q1,2019Q4,2009-10-29,2019-08-05,2010Q1,2019Q4,2009-10-29,2019-08-05,"Provider listing/security start, not founding date; see historical mapping evidence"
0000320193,0000320193,Apple Inc,AAPL,NASDAQ,AAPL,Total sales less separately reported services 46291; physical devices include their integral bundled operating software.,Product company,Computing and peripherals,CUPERTINO,CA,United States,https://www.sec.gov/cgi-bin/browse-edgar?action=getcompany&CIK=0000320193&owner=include&count=10,b9bb712d271398c62ba95961626b8d80c35772f56e3b1bec4f188af27678b217,2026-09-16,https://www.apple.com/,f4ec7f6fe0df0fddaf8756ab0df81eb9acbef26d39a3b3fe0ddbeac4fdc77dc0,2026-09-29T23:37:32.044579+00:00,Manual review of company website/catalog text and business model; primary physical goods supported; no required exact revenue percentage.,1980-12-12,2010-12-31 active-stock snapshot; symbol match,https://www.alphavantage.co/documentation/#listing-status,https://www.sec.gov/Archives/edgar/data/320193/0001047469-02-007674.txt,20021219,1a516876ae7f1d7d896cd7dfcb46ef78d48dbafb14c1b9facc7d4a3c5458cede,artifacts/primary_event_study_2010_2019_v1/ticker_history.csv,,Same SEC issuer with documented security interval; provider labels may reflect subsequent company renaming.,https://www.nasdaqtrader.com/dynamic/SymDir/nasdaqlisted.txt,2026-09-29,starting_184,52,40,40,2026-09-29,,,,primary physical-product business,verified_eligible,2026-09-29,Current US operational/principal HQ; not a year-by-year historical domicile classification,2010Q1,2019Q4,True,True,True,2010Q1,2019Q4,2010-01-25,2019-10-30,2010Q1,2019Q4,2010-01-25,2019-10-30,"Provider listing/security start, not founding date; see historical mapping evidence"
0000351998,0000351998,Data io Corp,DAIO,NASDAQ,DAIO,Programming equipment plus adapters; software and maintenance excluded.,Product company,Semiconductor manufacturing and electronic test equipment,REDMOND,WA,United States,https://www.sec.gov/cgi-bin/browse-edgar?action=getcompany&CIK=0000351998&owner=include&count=10,013b85df9ec40932dbe2d5192bd9340edaf977ce49916032039deff060cfa7a5,2026-09-16,https://www.dataio.com/,656c521d58760ec77158b4b65fb4b3da3903e1c7c41a9750d5785d965ac155ab,2026-09-29T23:37:48.476066+00:00,Manual review of company website/catalog text and business model; primary physical goods supported; no required exact revenue percentage.,1990-03-26,2010-12-31 active-stock snapshot; symbol match,https://www.alphavantage.co/documentation/#listing-status,https://www.sec.gov/Archives/edgar/data/351998/0000351998-01-000010.txt,20010327,3acecae0e9158c1d77bf090907b2f2df97fed7b3267b54cc6a7cbc1c8ee79429,artifacts/primary_event_study_2010_2019_v1/ticker_history.csv,,Same SEC issuer with documented security interval; provider labels may reflect subsequent company renaming.,https://www.nasdaqtrader.com/dynamic/SymDir/nasdaqlisted.txt,2026-09-29,starting_184,53,24,24,2026-09-29,,,,primary physical-product business,verified_eligible,2026-09-29,Current US operational/principal HQ; not a year-by-year historical domicile classification,2010Q1,2019Q4,True,True,True,2014Q1,2019Q4,2014-05-02,2020-03-03,2014Q1,2019Q4,2014-05-02,2020-03-03,"Provider listing/security start, not founding date; see historical mapping evidence"
0000704440,0000704440,"KORU Medical Systems, Inc.",KRMD,NASDAQ,KRMD;REPR,Infusion pumps and accessories,Product company,Medical and laboratory,MAHWAH,NJ,United States,https://www.sec.gov/cgi-bin/browse-edgar?action=getcompany&CIK=0000704440&owner=include&count=10,ba1674a856733eba3d4825e41321abbd33ff02df96876f1f629bdb40cf2ce1f7,2026-09-16,https://korumedical.com/,ded5aff7f1023bee8e79f1e61aa2defe9932b54508d6939c181c95fb65272e65,2026-09-29T23:38:16.466408+00:00,Manual review of company website/catalog text and business model; primary physical goods supported; no required exact revenue percentage.,1996-03-20,2010-12-31 active-stock snapshot; symbol match,https://www.alphavantage.co/documentation/#listing-status,,,,artifacts/primary_event_study_2010_2019_v1/ticker_history.csv,https://investors.korumedical.com/news-events/press-releases/detail/46/rms-medical-products-announces-rebranding-to-koru-medical-systems,Same SEC issuer with documented security interval; provider labels may reflect subsequent company renaming.,https://www.nasdaqtrader.com/dynamic/SymDir/nasdaqlisted.txt,2026-09-29,starting_184,54,4,2,2026-09-29,,,,primary physical-product business,verified_eligible,2026-09-29,Current US operational/principal HQ; not a year-by-year historical domicile classification,2010Q1,2019Q4,True,True,True,2019Q1,2019Q4,2019-04-30,2020-02-25,2019Q3,2019Q4,2019-11-05,2020-02-25,"Provider listing/security start, not founding date; see historical mapping evidence"
0000707549,0000707549,Lam Research Corp,LRCX,NASDAQ,LRCX,"Deposition, etch and clean semiconductor equipment, spares and upgrades; customer support also present. Exact standalone services/software share not separately disclosed.",Product company,Semiconductor manufacturing and electronic test equipment,FREMONT,CA,United States,https://www.sec.gov/cgi-bin/browse-edgar?action=getcompany&CIK=0000707549&owner=include&count=10,e65b862ae4dbd8aac19ac12d58f01dd34a0c3aadd4e3cabe94c0bc14e14f15fb,2026-09-16,https://www.lamresearch.com/,86812a429b59c9e6a22dc38171e32c331c8747d4ec859404ea425364774b5be2,2026-09-29T23:38:16.509137+00:00,Manual review of company website/catalog text and business model; primary physical goods supported; no required exact revenue percentage.,1990-03-26,2010-12-31 active-stock snapshot; symbol match,https://www.alphavantage.co/documentation/#listing-status,https://www.sec.gov/Archives/edgar/data/707549/0000707549-02-000010.txt,20020912,bc7f143619911ba3b8d43bc6c86369c45643d5b82f1ac23c029ec0ee00aa4538,artifacts/primary_event_study_2010_2019_v1/ticker_history.csv,,Same SEC issuer with documented security interval; provider labels may reflect subsequent company renaming.,https://www.nasdaqtrader.com/dynamic/SymDir/nasdaqlisted.txt,2026-09-29,starting_184,55,39,39,2026-09-29,,,,primary physical-product business,verified_eligible,2026-09-29,Current US operational/principal HQ; not a year-by-year historical domicile classification,2010Q1,2019Q4,True,True,True,2010Q1,2019Q4,2009-10-21,2019-07-31,2010Q1,2019Q4,2009-10-21,2019-07-31,"Provider listing/security start, not founding date; see historical mapping evidence"
0000716314,0000716314,GRAHAM CORP,GHM,NYSE,GHM,Vacuum systems and heat exchangers,Product company,Machinery,BATAVIA,NY,United States,https://www.sec.gov/cgi-bin/browse-edgar?action=getcompany&CIK=0000716314&owner=include&count=10,e6aff9455a0261e5794bcdd7845f956308c40bbf24a4adf03f2e1fdf8f834be3,2026-09-16,https://graham-mfg.com/,d001033d80fcaccf9d9b020b066eda96762253e2ec2ee8a3af7f3000a0aa0859,2026-09-29T23:38:06.840119+00:00,Manual review of company website/catalog text and business model; primary physical goods supported; no required exact revenue percentage.,1992-03-17,2010-12-31 active-stock snapshot; symbol match,https://www.alphavantage.co/documentation/#listing-status,https://www.sec.gov/Archives/edgar/data/716314/0000950152-02-005120.txt,20020628,9a8d7efa6219ffbcfea05b7d1a6ca921f97e924f22c35c882497ef42b44c1dec,artifacts/primary_event_study_2010_2019_v1/ticker_history.csv,,Same SEC issuer with documented security interval; provider labels may reflect subsequent company renaming.,https://www.nasdaqtrader.com/dynamic/SymDir/otherlisted.txt,2026-09-29,starting_184,56,39,39,2026-09-29,,,,primary physical-product business,verified_eligible,2026-09-29,Current US operational/principal HQ; not a year-by-year historical domicile classification,2010Q1,2019Q4,True,True,True,2010Q1,2019Q4,2009-07-31,2019-05-30,2010Q1,2019Q4,2009-07-31,2019-05-30,"Provider listing/security start, not founding date; see historical mapping evidence"
0000719733,0000719733,KEY TRONIC CORP,KTCC,NASDAQ,KTCC,Manufactured electronic assemblies,Contract manufacturing,Electronics and electrical equipment,SPOKANE,WA,United States,https://www.sec.gov/cgi-bin/browse-edgar?action=getcompany&CIK=0000719733&owner=include&count=10,50c831fa4cacdf7d4e2cfc81754a370c8cd201a783ac0d393666393a8bbf1c1b,2026-09-16,https://www.keytronic.com/,a2de89f1efd719a7f6a6641b2e5ffe621774936f4e9a2162cb3d8034e52bf3fa,2026-09-29T23:38:15.411990+00:00,Manual review of company website/catalog text and business model; primary physical goods supported; no required exact revenue percentage.,1990-03-26,2010-12-31 active-stock snapshot; symbol match,https://www.alphavantage.co/documentation/#listing-status,https://www.sec.gov/Archives/edgar/data/719733/0001021408-01-506598.txt,20010912,84c220b7e4b231bedfa10b1a3c77d1f129bb4327b9090857c48319b1c2e81262,artifacts/primary_event_study_2010_2019_v1/ticker_history.csv,,Same SEC issuer with documented security interval; provider labels may reflect subsequent company renaming.,https://www.nasdaqtrader.com/dynamic/SymDir/nasdaqlisted.txt,2026-09-29,starting_184,57,31,31,2026-09-29,,,,primary physical-product business,verified_eligible,2026-09-29,Current US operational/principal HQ; not a year-by-year historical domicile classification,2010Q1,2019Q4,True,True,True,2012Q2,2019Q4,2012-02-01,2019-08-06,2012Q2,2019Q4,2012-02-01,2019-08-06,"Provider listing/security start, not founding date; see historical mapping evidence"
0000720500,0000720500,Amtech Systems Inc,ASYS,NASDAQ,ASYS,Disclosed operating business manufactures thermal-processing and wafer-polishing equipment and related physical consumables. Hardware majority is inferred; services are not separately quantified in reviewed disclosures.,Product company,Semiconductor manufacturing and electronic test equipment,TEMPE,AZ,United States,https://www.sec.gov/cgi-bin/browse-edgar?action=getcompany&CIK=0000720500&owner=include&count=10,55590267b011f825acf414919a66d9c698500b8b5251bfee34413f589ee0df72,2026-09-16,https://www.amtechsystems.com/,10efdf8493aa00c94a479e1c597951bb36510bf75bf29262c8f6c6ec8e53cf05,2026-09-29T23:37:31.331998+00:00,Manual review of company website/catalog text and business model; primary physical goods supported; no required exact revenue percentage.,1984-09-07,2010-12-31 active-stock snapshot; symbol match,https://www.alphavantage.co/documentation/#listing-status,https://www.sec.gov/Archives/edgar/data/720500/0000950147-02-001660.txt,20021231,13589f5e39caeb46155c6796758004e0c9a84c1e24b5747c1750c348a59ae990,artifacts/primary_event_study_2010_2019_v1/ticker_history.csv,,Same SEC issuer with documented security interval; provider labels may reflect subsequent company renaming.,https://www.nasdaqtrader.com/dynamic/SymDir/nasdaqlisted.txt,2026-09-29,starting_184,58,32,32,2026-09-29,,,,primary physical-product business,verified_eligible,2026-09-29,Current US operational/principal HQ; not a year-by-year historical domicile classification,2010Q1,2019Q4,True,True,True,2012Q1,2019Q4,2012-02-09,2019-11-21,2012Q1,2019Q4,2012-02-09,2019-11-21,"Provider listing/security start, not founding date; see historical mapping evidence"
0000722313,0000722313,NORTECH SYSTEMS INC,NSYS,NASDAQ,NSYS,Printed circuit assemblies and cable assemblies,Contract manufacturing,Electronics and electrical equipment,MAPLE GROVE,MN,United States,https://www.sec.gov/cgi-bin/browse-edgar?action=getcompany&CIK=0000722313&owner=include&count=10,6371115bec022777620619fb4bf0de4d7ac89bfe5f0c36062ec9f8c1197a06d7,2026-09-16,https://www.nortechsys.com/,7c7822fb1b92fc23bc72cb6ad28117a7fd34c7e54c9974f98afaec5089c1c13c,2026-09-29T23:38:24.805440+00:00,Manual review of company website/catalog text and business model; primary physical goods supported; no required exact revenue percentage.,1993-06-24,2010-12-31 active-stock snapshot; symbol match,https://www.alphavantage.co/documentation/#listing-status,https://www.sec.gov/Archives/edgar/data/722313/0000912057-01-505975.txt,20010402,489c2aaa1cc067221b0d1c3be310f9b0727ec672586f07fce88bea12a04d2d86,artifacts/primary_event_study_2010_2019_v1/ticker_history.csv,,Same SEC issuer with documented security interval; provider labels may reflect subsequent company renaming.,https://www.nasdaqtrader.com/dynamic/SymDir/nasdaqlisted.txt,2026-09-29,starting_184,59,18,18,2026-09-29,,,,primary physical-product business,verified_eligible,2026-09-29,Current US operational/principal HQ; not a year-by-year historical domicile classification,2010Q1,2019Q4,True,True,True,2014Q2,2018Q3,2014-08-06,2018-11-14,2014Q2,2018Q3,2014-08-06,2018-11-14,"Provider listing/security start, not founding date; see historical mapping evidence"
0000723125,0000723125,Micron Technology Inc,MU,NASDAQ,MU,DRAM sales alone were $15.2bn of $23.406bn total; excludes all NAND and other revenue.,Product company,Semiconductors and related devices,BOISE,ID,United States,https://www.sec.gov/cgi-bin/browse-edgar?action=getcompany&CIK=0000723125&owner=include&count=10,e94f4887a29a70ce6e1f043bb55d813923873b6a1d8a16c1d186d86857f97c4b,2026-09-16,https://www.micron.com/,526483675ba11ff1da81f6c4d8eb94b0fa4d27fd3b104457be6e4ff0989b1607,2026-09-29T23:38:20.920237+00:00,Manual review of company website/catalog text and business model; primary physical goods supported; no required exact revenue percentage.,1989-05-16,2010-12-31 active-stock snapshot; symbol match,https://www.alphavantage.co/documentation/#listing-status,https://www.sec.gov/Archives/edgar/data/723125/0000912057-01-535432.txt,20011015,b989794f572448dd6f13024b46db519d9495f74dc60b71e7fcbc368e3c63b346,artifacts/primary_event_study_2010_2019_v1/ticker_history.csv,,Same SEC issuer with documented security interval; provider labels may reflect subsequent company renaming.,https://www.nasdaqtrader.com/dynamic/SymDir/nasdaqlisted.txt,2026-09-29,starting_184,60,39,39,2026-09-29,,,,primary physical-product business,verified_eligible,2026-09-29,Current US operational/principal HQ; not a year-by-year historical domicile classification,2010Q1,2019Q4,True,True,True,2010Q1,2019Q4,2009-12-22,2019-09-26,2010Q1,2019Q4,2009-12-22,2019-09-26,"Provider listing/security start, not founding date; see historical mapping evidence"
0000724910,0000724910,NVE Corp,NVEC,NASDAQ,NVEC,Spintronic product sales versus contract research/development.,Product company,Semiconductors and related devices,EDEN PRAIRIE,MN,United States,https://www.sec.gov/cgi-bin/browse-edgar?action=getcompany&CIK=0000724910&owner=include&count=10,6f1dba7c5502bed4d0b22cd89962fac1a667dba2e12d3f14188e8489f1a4057c,2026-09-16,https://www.nve.com/,1f244d83fb67544a1935644cd2a906118d1e8a668d3c58c6407c1036d01cba93,2026-09-29T23:38:24.922080+00:00,Manual review of company website/catalog text and business model; primary physical goods supported; no required exact revenue percentage.,1996-09-11,2010-12-31 active-stock snapshot; symbol match,https://www.alphavantage.co/documentation/#listing-status,,,,artifacts/primary_event_study_2010_2019_v1/ticker_history.csv,,Same SEC issuer with documented security interval; provider labels may reflect subsequent company renaming.,https://www.nasdaqtrader.com/dynamic/SymDir/nasdaqlisted.txt,2026-09-29,starting_184,61,38,35,2026-09-29,,,,primary physical-product business,verified_eligible,2026-09-29,Current US operational/principal HQ; not a year-by-year historical domicile classification,2010Q1,2019Q4,True,True,True,2010Q1,2019Q4,2009-07-22,2019-05-01,2010Q4,2019Q4,2010-05-05,2019-05-01,"Provider listing/security start, not founding date; see historical mapping evidence"
0000729580,0000729580,Bel Fuse Inc - Class B,BELFB,NASDAQ,BELFA;BELFB,"Connectivity, power and magnetic product groups account for revenue; no separately quantified software/services share.",Product company,Electronic components and materials,WEST ORANGE,NJ,United States,https://www.sec.gov/cgi-bin/browse-edgar?action=getcompany&CIK=0000729580&owner=include&count=10,b651d16fd63fa6f0121e0d57a3f3f849d00ddccbcee6900ebae73749b6e72218,2026-09-16,https://www.belfuse.com/,4eac429bf9d7242bdd13263d2aec39eff8414a76aede78818fe413bd3b1e7fd7,2026-09-29T23:37:35.288096+00:00,Manual review of company website/catalog text and business model; primary physical goods supported; no required exact revenue percentage.,1998-07-10,2010-12-31 active-stock snapshot; symbol match,https://www.alphavantage.co/documentation/#listing-status,https://www.sec.gov/Archives/edgar/data/729580/0000950110-01-000244.txt,20010319,2eb8642b69917c5ad923127b43e8204191f86fdf35e8d4baacb6d708282e0ba0,artifacts/primary_event_study_2010_2019_v1/ticker_history.csv,,Same SEC issuer with documented security interval; provider labels may reflect subsequent company renaming.,https://www.nasdaqtrader.com/dynamic/SymDir/nasdaqlisted.txt,2026-09-29,starting_184,62,34,34,2026-09-29,,,,primary physical-product business,verified_eligible,2026-09-29,Current US operational/principal HQ; not a year-by-year historical domicile classification,2010Q1,2019Q4,True,True,True,2010Q1,2019Q4,2010-04-29,2020-02-20,2010Q1,2019Q4,2010-04-29,2020-02-20,"Provider listing/security start, not founding date; see historical mapping evidence"
0000740664,0000740664,RF Industries Ltd,RFIL,NASDAQ,RFIL,"RF connectors, cable assemblies and interconnect products dominate business; precise hardware share not separately disclosed.",Product company,Electronic components and materials,SAN DIEGO,CA,United States,https://www.sec.gov/cgi-bin/browse-edgar?action=getcompany&CIK=0000740664&owner=include&count=10,3f7e5497d3f8ce874d5cc556cf8922cc2ee00333e3c9d9ac7b82f02c20701ef9,2026-09-16,https://rfindustries.com/,d7285c7d642ee50f1d9cb24b3a20358075c75c8499463ff3992ecc8375714181,2026-09-29T23:38:28.783848+00:00,Manual review of company website/catalog text and business model; primary physical goods supported; no required exact revenue percentage.,1997-05-28,2010-12-31 active-stock snapshot; symbol match,https://www.alphavantage.co/documentation/#listing-status,,,,artifacts/primary_event_study_2010_2019_v1/ticker_history.csv,,Same SEC issuer with documented security interval; provider labels may reflect subsequent company renaming.,https://www.nasdaqtrader.com/dynamic/SymDir/nasdaqlisted.txt,2026-09-29,starting_184,63,13,13,2026-09-29,,,,primary physical-product business,verified_eligible,2026-09-29,Current US operational/principal HQ; not a year-by-year historical domicile classification,2010Q1,2019Q4,True,True,True,2013Q3,2019Q4,2013-09-12,2019-12-18,2013Q3,2019Q4,2013-09-12,2019-12-18,"Provider listing/security start, not founding date; see historical mapping evidence"
0000751978,0000751978,Vicor Corp,VICR,NASDAQ,VICR,"Direct sales and distributor sales of modular power components/systems; excludes engineering, royalties and other revenue. 2019 comparative column in the 2021 10-K.",Product company,Electronic components and materials,ANDOVER,MA,United States,https://www.sec.gov/cgi-bin/browse-edgar?action=getcompany&CIK=0000751978&owner=include&count=10,4d7a6fd101ff00e3feba2ae5abf01d49c2dd4e164293e6f1b2722510fdc15dea,2026-09-16,https://www.vicorpower.com/,4be351b80145a975e9e3e1e2c69cdef4403a380a92b75dfa853f8c446ab826e9,2026-09-29T23:38:36.122879+00:00,Manual review of company website/catalog text and business model; primary physical goods supported; no required exact revenue percentage.,1991-11-27,2010-12-31 active-stock snapshot; symbol match,https://www.alphavantage.co/documentation/#listing-status,https://www.sec.gov/Archives/edgar/data/751978/0000950135-03-001845.txt,20030321,253e08bab663f278cbc9b1a57505d12765bc8424a13ccb9e65694ca38ce23bd6,artifacts/primary_event_study_2010_2019_v1/ticker_history.csv,,Same SEC issuer with documented security interval; provider labels may reflect subsequent company renaming.,https://www.nasdaqtrader.com/dynamic/SymDir/nasdaqlisted.txt,2026-09-29,starting_184,64,33,33,2026-09-29,,,,primary physical-product business,verified_eligible,2026-09-29,Current US operational/principal HQ; not a year-by-year historical domicile classification,2010Q1,2019Q4,True,True,True,2011Q4,2019Q4,2012-02-22,2020-02-25,2011Q4,2019Q4,2012-02-22,2020-02-25,"Provider listing/security start, not founding date; see historical mapping evidence"
0000763532,0000763532,LSI INDUSTRIES INC,LYTS,NASDAQ,LYTS,Commercial lighting and display equipment,Product company,Electronics and electrical equipment,CINCINNATI,OH,United States,https://www.sec.gov/cgi-bin/browse-edgar?action=getcompany&CIK=0000763532&owner=include&count=10,183b1d4ed5a6eb2c85c8721abe610da1fca6d209c5a6e1618cac542dce4959c3,2026-09-16,https://lsicorp.com/,66073a175225835fe4f6322404c0a5bd95558409bd8fd9207451d5bb1b1c673c,2026-09-29T23:38:18.513652+00:00,Manual review of company website/catalog text and business model; primary physical goods supported; no required exact revenue percentage.,1990-03-26,2010-12-31 active-stock snapshot; symbol match,https://www.alphavantage.co/documentation/#listing-status,https://www.sec.gov/Archives/edgar/data/763532/0001021408-01-506994.txt,20010919,0d4d39cf464e6ad0a3544e44049090448a7271476c3c9c55962879a4b9aca72e,artifacts/primary_event_study_2010_2019_v1/ticker_history.csv,,Same SEC issuer with documented security interval; provider labels may reflect subsequent company renaming.,https://www.nasdaqtrader.com/dynamic/SymDir/nasdaqlisted.txt,2026-09-29,starting_184,65,10,10,2026-09-29,,,,primary physical-product business,verified_eligible,2026-09-29,Current US operational/principal HQ; not a year-by-year historical domicile classification,2010Q1,2019Q4,True,True,True,2010Q3,2019Q4,2010-04-22,2019-08-22,2010Q3,2019Q4,2010-04-22,2019-08-22,"Provider listing/security start, not founding date; see historical mapping evidence"
0000766792,0000766792,CVD Equipment Corp,CVV,NASDAQ,CVV,CVD and SDC equipment segments dominate revenue; Materials includes coating work. Segment data support equipment focus but do not isolate all services.,Product company,Semiconductor manufacturing and electronic test equipment,CENTRAL ISLIP,NY,United States,https://www.sec.gov/cgi-bin/browse-edgar?action=getcompany&CIK=0000766792&owner=include&count=10,d88f690e0800194b6bcc05d041c3fd756c44d8a3ebe8ecaa16b330b7226aeb48,2026-09-16,https://cvdequipment.com/,aaa7854140606bfca13781ca5bbc2f67fdbcfe521c5d9672930a8b65c005423c,2026-09-29,Manual review of company website/catalog text and business model; primary physical goods supported; no required exact revenue percentage.,1999-03-01,2010-12-31 active-stock snapshot; symbol match,https://www.alphavantage.co/documentation/#listing-status,,,,artifacts/primary_event_study_2010_2019_v1/ticker_history.csv,,Same SEC issuer with documented security interval; provider labels may reflect subsequent company renaming.,https://www.nasdaqtrader.com/dynamic/SymDir/nasdaqlisted.txt,2026-09-29,starting_184,66,15,15,2026-09-29,,,,primary physical-product business,verified_eligible,2026-09-29,Current US operational/principal HQ; not a year-by-year historical domicile classification,2010Q1,2019Q4,True,True,True,2015Q4,2019Q3,2016-03-30,2019-11-12,2015Q4,2019Q3,2016-03-30,2019-11-12,"Provider listing/security start, not founding date; see historical mapping evidence"
0000769520,0000769520,MIDDLEBY Corp,MIDD,NASDAQ,MIDD,Commercial food-service equipment,Product company,Machinery,ELGIN,IL,United States,https://www.sec.gov/cgi-bin/browse-edgar?action=getcompany&CIK=0000769520&owner=include&count=10,1c00661d7caa441d0b5f5c16ad27913e01f7f561819022023136e2ae3724fb87,2026-09-16,https://www.middleby.com/,6ac1187b40f4920491f866194e9bfc58b525df1b02ffc516328d7f070d14219d,2026-09-29T23:38:21.172937+00:00,Manual review of company website/catalog text and business model; primary physical goods supported; no required exact revenue percentage.,1992-03-17,2010-12-31 active-stock snapshot; symbol match,https://www.alphavantage.co/documentation/#listing-status,https://www.sec.gov/Archives/edgar/data/769520/0000891554-01-501703.txt,20010330,15c20ee4912f7e0f6e8c52aa7e98e5bb17d098c02ba8c8962e1f8e2be9679d68,artifacts/primary_event_study_2010_2019_v1/ticker_history.csv,,Same SEC issuer with documented security interval; provider labels may reflect subsequent company renaming.,https://www.nasdaqtrader.com/dynamic/SymDir/nasdaqlisted.txt,2026-09-29,starting_184,67,33,33,2026-09-29,,,,primary physical-product business,verified_eligible,2026-09-29,Current US operational/principal HQ; not a year-by-year historical domicile classification,2010Q1,2019Q4,True,True,True,2011Q4,2019Q4,2012-03-09,2020-02-26,2011Q4,2019Q4,2012-03-09,2020-02-26,"Provider listing/security start, not founding date; see historical mapping evidence"
0000771266,0000771266,Kopin Corp,KOPN,NASDAQ,KOPN,"Display/component product revenue; licensing, royalties and research/development excluded.",Product company,Semiconductors and related devices,WESTBOROUGH,MA,United States,https://www.sec.gov/cgi-bin/browse-edgar?action=getcompany&CIK=0000771266&owner=include&count=10,9e0bdc67c1a15ebdd0866edeeb949a0f47754abe5d75812cdebcc02b2134ae57,2026-09-16,https://www.kopin.com/,5a850b468d52055eafc8d648624dd07984ab983207022c4b56e848340f4430e6,2026-09-29T23:38:16.282160+00:00,Manual review of company website/catalog text and business model; primary physical goods supported; no required exact revenue percentage.,1992-04-15,2010-12-31 active-stock snapshot; symbol match,https://www.alphavantage.co/documentation/#listing-status,https://www.sec.gov/Archives/edgar/data/771266/0000927016-01-500129.txt,20010402,90bcadb3ada6620379723814abcbbf686cb32090d810e6b6d14780c8316d98a8,artifacts/primary_event_study_2010_2019_v1/ticker_history.csv,,Same SEC issuer with documented security interval; provider labels may reflect subsequent company renaming.,https://www.nasdaqtrader.com/dynamic/SymDir/nasdaqlisted.txt,2026-09-29,starting_184,68,32,32,2026-09-29,,,,primary physical-product business,verified_eligible,2026-09-29,Current US operational/principal HQ; not a year-by-year historical domicile classification,2010Q1,2019Q4,True,True,True,2012Q1,2019Q4,2012-05-10,2020-03-10,2012Q1,2019Q4,2012-05-10,2020-03-10,"Provider listing/security start, not founding date; see historical mapping evidence"
0000772406,0000772406,Cirrus Logic Inc,CRUS,NASDAQ,CRUS,Portable and non-portable product groups comprise analog and mixed-signal integrated circuits; no separate service/software percentage reported.,Product company,Semiconductors and related devices,AUSTIN,TX,United States,https://www.sec.gov/cgi-bin/browse-edgar?action=getcompany&CIK=0000772406&owner=include&count=10,4ab3f6501edc55bfaac966aa951606b85cd971e5e8b03e7aa51112c63ead29ba,2026-09-16,https://www.cirrus.com/,79a289677c4ef44bdf48f8d3548002479bf7dc06efdccc5e6cab5beac48b8c13,2026-09-29T23:37:37.642650+00:00,Manual review of company website/catalog text and business model; primary physical goods supported; no required exact revenue percentage.,1990-03-26,2010-12-31 active-stock snapshot; symbol match,https://www.alphavantage.co/documentation/#listing-status,https://www.sec.gov/Archives/edgar/data/772406/0000930661-02-002102.txt,20020619,ef13c9eb5994380e249daa35c24603de2ab3da6bb55128eb52f4694058a575fb,artifacts/primary_event_study_2010_2019_v1/ticker_history.csv,,Same SEC issuer with documented security interval; provider labels may reflect subsequent company renaming.,https://www.nasdaqtrader.com/dynamic/SymDir/nasdaqlisted.txt,2026-09-29,starting_184,69,32,32,2026-09-29,,,,primary physical-product business,verified_eligible,2026-09-29,Current US operational/principal HQ; not a year-by-year historical domicile classification,2010Q1,2019Q4,True,True,True,2010Q1,2019Q4,2009-07-22,2019-05-01,2010Q1,2019Q4,2009-07-22,2019-05-01,"Provider listing/security start, not founding date; see historical mapping evidence"
0000780571,0000780571,"ITRON, INC.",ITRI,NASDAQ,ITRI,"Electricity, gas and water meters",Product company,Measurement and test equipment,LIBERTY LAKE,WA,United States,https://www.sec.gov/cgi-bin/browse-edgar?action=getcompany&CIK=0000780571&owner=include&count=10,62e6c6833ea6995047a1f6dbdbc0f5abc758008dc8d3b2ff3bede3fccf8d6b4e,2026-09-16,https://na.itron.com/,bc10a8403ffb02330ba7ad45c1cce6e5c39514462a519f865144002025ed0ede,2026-09-29T23:38:13.704833+00:00,Manual review of company website/catalog text and business model; primary physical goods supported; no required exact revenue percentage.,1993-11-05,2010-12-31 active-stock snapshot; symbol match,https://www.alphavantage.co/documentation/#listing-status,https://www.sec.gov/Archives/edgar/data/780571/0001032210-03-000460.txt,20030327,b040e53e55411c30097f10ee4f58964e44f4170a63151334cd474f46d3f1846b,artifacts/primary_event_study_2010_2019_v1/ticker_history.csv,,Same SEC issuer with documented security interval; provider labels may reflect subsequent company renaming.,https://www.nasdaqtrader.com/dynamic/SymDir/nasdaqlisted.txt,2026-09-29,starting_184,70,39,39,2026-09-29,,,,primary physical-product business,verified_eligible,2026-09-29,Current US operational/principal HQ; not a year-by-year historical domicile classification,2010Q1,2019Q4,True,True,True,2010Q1,2019Q4,2010-04-28,2020-02-24,2010Q1,2019Q4,2010-04-28,2020-02-24,"Provider listing/security start, not founding date; see historical mapping evidence"
0000785786,0000785786,PLEXUS CORP,PLXS,NASDAQ,PLXS,Manufactured electronic products and assemblies,Contract manufacturing,Electronics and electrical equipment,NEENAH,WI,United States,https://www.sec.gov/cgi-bin/browse-edgar?action=getcompany&CIK=0000785786&owner=include&count=10,efad2d24c91186a61cbc77709ac445178153c9fcf831e87fdb910cac73ce2a81,2026-09-16,https://www.plexus.com/,50383e55a3c6dfc35025a912dcd9718c60f14997001988b3de493eb72867743d,2026-09-29T23:38:27.183694+00:00,Manual review of company website/catalog text and business model; primary physical goods supported; no required exact revenue percentage.,1990-03-26,2010-12-31 active-stock snapshot; symbol match,https://www.alphavantage.co/documentation/#listing-status,https://www.sec.gov/Archives/edgar/data/785786/0000950134-02-015895.txt,20021220,a59e8100e47663769a7012caeab71978b3bed5adc93051d5747efb8b33ce3a26,artifacts/primary_event_study_2010_2019_v1/ticker_history.csv,,Same SEC issuer with documented security interval; provider labels may reflect subsequent company renaming.,https://www.nasdaqtrader.com/dynamic/SymDir/nasdaqlisted.txt,2026-09-29,starting_184,71,31,31,2026-09-29,,,,primary physical-product business,verified_eligible,2026-09-29,Current US operational/principal HQ; not a year-by-year historical domicile classification,2010Q1,2019Q4,True,True,True,2010Q1,2019Q4,2010-01-20,2019-10-23,2010Q1,2019Q4,2010-01-20,2019-10-23,"Provider listing/security start, not founding date; see historical mapping evidence"
0000788920,0000788920,PRO DEX INC,PDEX,NASDAQ,PDEX,Surgical powered instruments,Product company,Medical and laboratory,IRVINE,CA,United States,https://www.sec.gov/cgi-bin/browse-edgar?action=getcompany&CIK=0000788920&owner=include&count=10,c5d0fe1b21c8bc5791dade00db92bf7dd4ab2120c9e0e8ec681259492030d3d3,2026-09-16,https://www.pro-dex.com/,3353ddbd46acfbdbd213b8cc4af510a89b860d6ad63260fe54551fa1e20d1ca9,2026-09-29T23:38:27.988438+00:00,Manual review of company website/catalog text and business model; primary physical goods supported; no required exact revenue percentage.,1995-08-18,2010-12-31 active-stock snapshot; symbol match,https://www.alphavantage.co/documentation/#listing-status,,,,artifacts/primary_event_study_2010_2019_v1/ticker_history.csv,,Same SEC issuer with documented security interval; provider labels may reflect subsequent company renaming.,https://www.nasdaqtrader.com/dynamic/SymDir/nasdaqlisted.txt,2026-09-29,starting_184,72,12,12,2026-09-29,,,,primary physical-product business,verified_eligible,2026-09-29,Current US operational/principal HQ; not a year-by-year historical domicile classification,2010Q1,2019Q4,True,True,True,2012Q2,2015Q1,2012-02-06,2014-11-13,2012Q2,2015Q1,2012-02-06,2014-11-13,"Provider listing/security start, not founding date; see historical mapping evidence"
0000796505,0000796505,Clearfield Inc,CLFD,NASDAQ,CLFD,"Fiber management, protection and connectivity products dominate business; exact software/services share not separately reported.",Product company,Communications and network equipment,BROOKLYN PARK,MN,United States,https://www.sec.gov/cgi-bin/browse-edgar?action=getcompany&CIK=0000796505&owner=include&count=10,3e9e2a9de6a384b5755fd36cc95d862a7a021d7b424eb1d1986e3ec184160893,2026-09-16,https://www.seeclearfield.com/,74f34f1c9078765137698661966d03f6ad8579b77f4ea22fcc32da8446006ab3,2026-09-29T23:37:38.280347+00:00,Manual review of company website/catalog text and business model; primary physical goods supported; no required exact revenue percentage.,1986-08-07,2010-12-31 active-stock snapshot; symbol match,https://www.alphavantage.co/documentation/#listing-status,https://www.sec.gov/Archives/edgar/data/796505/0001015402-01-501697.txt,20010629,48a52e83e28071557dd6cd7e04f3301c904fb591e452c2e2f59fed330e303656,artifacts/primary_event_study_2010_2019_v1/ticker_history.csv,,Same SEC issuer with documented security interval; provider labels may reflect subsequent company renaming.,https://www.nasdaqtrader.com/dynamic/SymDir/nasdaqlisted.txt,2026-09-29,starting_184,73,12,12,2026-09-29,,,,primary physical-product business,verified_eligible,2026-09-29,Current US operational/principal HQ; not a year-by-year historical domicile classification,2010Q1,2019Q4,True,True,True,2017Q1,2019Q4,2017-01-26,2019-11-07,2017Q1,2019Q4,2017-01-26,2019-11-07,"Provider listing/security start, not founding date; see historical mapping evidence"
0000804328,0000804328,Qualcomm Inc,QCOM,NASDAQ,QCOM,QCT equipment and services is 58.99% of consolidated revenue and principally chip sales; residual services not separately quantified.,Product company,Semiconductors and related devices,SAN DIEGO,CA,United States,https://www.sec.gov/cgi-bin/browse-edgar?action=getcompany&CIK=0000804328&owner=include&count=10,8e8f0d483992eb3de5f30050e87aa2491a2440aff665276bea66aecc6473ee4e,2026-09-16,https://www.qualcomm.com/snapdragon/what-is-snapdragon,b9656dcdd6faa826d6d3b84a283c67c56a0213f1d02bede3582f18291395ad2c,2026-09-29,Manual review of company website/catalog text and business model; primary physical goods supported; no required exact revenue percentage.,1991-12-16,2010-12-31 active-stock snapshot; symbol match,https://www.alphavantage.co/documentation/#listing-status,https://www.sec.gov/Archives/edgar/data/804328/0000936392-01-500225.txt,20011109,87736ab884bb77345104ba7fd8b6de7bd6c78bbb9564b04577febcd9f54af7c6,artifacts/primary_event_study_2010_2019_v1/ticker_history.csv,,Same SEC issuer with documented security interval; provider labels may reflect subsequent company renaming.,https://www.nasdaqtrader.com/dynamic/SymDir/nasdaqlisted.txt,2026-09-29,starting_184,74,39,39,2026-09-29,,,,primary physical-product business,verified_eligible,2026-09-29,Current US operational/principal HQ; not a year-by-year historical domicile classification,2010Q1,2019Q4,True,True,True,2010Q1,2019Q4,2010-01-27,2019-11-06,2010Q1,2019Q4,2010-01-27,2019-11-06,"Provider listing/security start, not founding date; see historical mapping evidence"
0000810136,0000810136,Photronics Inc,PLAB,NASDAQ,PLAB,Photomask products for semiconductor and flat-panel manufacturing dominate revenue.,Product company,Semiconductors and related devices,BROOKFIELD,CT,United States,https://www.sec.gov/cgi-bin/browse-edgar?action=getcompany&CIK=0000810136&owner=include&count=10,ef918f24b77591065a2aa6bdaa63cdd218dcf197e7a53f000ff4a2efe0a22d48,2026-09-16,https://www.photronics.com/,0504d7e135dfa0234256bc3db691e45c6dcda6c5539489ae6950b1a7f8fd1a42,2026-09-29T23:38:26.741483+00:00,Manual review of company website/catalog text and business model; primary physical goods supported; no required exact revenue percentage.,1990-03-26,2010-12-31 active-stock snapshot; symbol match,https://www.alphavantage.co/documentation/#listing-status,https://www.sec.gov/Archives/edgar/data/810136/0000810136-03-000003.txt,20030130,fcf3c3f2fb8a5ef1ae9f5d857d676d5c77049b4e71797826d2515e948eabec1a,artifacts/primary_event_study_2010_2019_v1/ticker_history.csv,,Same SEC issuer with documented security interval; provider labels may reflect subsequent company renaming.,https://www.nasdaqtrader.com/dynamic/SymDir/nasdaqlisted.txt,2026-09-29,starting_184,75,32,32,2026-09-29,,,,primary physical-product business,verified_eligible,2026-09-29,Current US operational/principal HQ; not a year-by-year historical domicile classification,2010Q1,2019Q4,True,True,True,2012Q1,2019Q4,2012-02-15,2019-12-11,2012Q1,2019Q4,2012-02-15,2019-12-11,"Provider listing/security start, not founding date; see historical mapping evidence"
0000816956,0000816956,CONMED Corp,CNMD,NYSE,CNMD,Surgical devices and instruments,Product company,Medical and laboratory,LARGO,FL,United States,https://www.sec.gov/cgi-bin/browse-edgar?action=getcompany&CIK=0000816956&owner=include&count=10,65f897c5f8d2394b88b45e69ee9c646c578049930619fbc2abc63dbbeccf4532,2026-09-16,https://www.conmed.com/,19a98b27f3ae17eb930c49e4341a7bbf88c220bb3bb70fdbf871dc6d05082b0e,2026-09-29T23:37:40.815131+00:00,Manual review of company website/catalog text and business model; primary physical goods supported; no required exact revenue percentage.,1990-03-26,2010-12-31 active-stock snapshot; symbol match,https://www.alphavantage.co/documentation/#listing-status,https://www.sec.gov/Archives/edgar/data/816956/0000914317-01-000237.txt,20010329,1940ffb8a049782599bd06038f477400c23dd83fccfa166c37ba6654706240ba,artifacts/primary_event_study_2010_2019_v1/ticker_history.csv,,Same SEC issuer with documented security interval; provider labels may reflect subsequent company renaming.,https://www.nasdaqtrader.com/dynamic/SymDir/otherlisted.txt,2026-09-29,starting_184,76,36,36,2026-09-29,,,,primary physical-product business,verified_eligible,2026-09-29,Current US operational/principal HQ; not a year-by-year historical domicile classification,2010Q1,2019Q4,True,True,True,2010Q1,2019Q4,2010-04-29,2020-01-29,2010Q1,2019Q4,2010-04-29,2020-01-29,"Provider listing/security start, not founding date; see historical mapping evidence"
0000817720,0000817720,Synaptics Inc,SYNA,NASDAQ,SYNA,"Human-interface semiconductor solutions for mobile, PC and IoT applications dominate; exact standalone software share not established.",Product company,Semiconductors and related devices,SAN JOSE,CA,United States,https://www.sec.gov/cgi-bin/browse-edgar?action=getcompany&CIK=0000817720&owner=include&count=10,878963ccfe7030b645444e9e76f24b924541b8ce796fc88f55fdb3bde94fd0e2,2026-09-16,https://www.synaptics.com/,badc4735beb3fe0a5f4b0cf54cd76feb11fdd785e78cf77225c2757f1b1c97ef,2026-09-29T23:38:32.665155+00:00,Manual review of company website/catalog text and business model; primary physical goods supported; no required exact revenue percentage.,2002-01-29,2010-12-31 active-stock snapshot; symbol match,https://www.alphavantage.co/documentation/#listing-status,https://www.sec.gov/Archives/edgar/data/817720/0000950124-04-004221.txt,20040908,6d9ea43d9f2835811ea7e39cc7e8a5babd32ebad6419f171b9ce2e20cb41a731,artifacts/primary_event_study_2010_2019_v1/ticker_history.csv,,Same SEC issuer with documented security interval; provider labels may reflect subsequent company renaming.,https://www.nasdaqtrader.com/dynamic/SymDir/nasdaqlisted.txt,2026-09-29,starting_184,77,33,33,2026-09-29,,,,primary physical-product business,verified_eligible,2026-09-29,Current US operational/principal HQ; not a year-by-year historical domicile classification,2010Q1,2019Q4,True,True,True,2010Q1,2019Q4,2009-10-22,2019-08-08,2010Q1,2019Q4,2009-10-22,2019-08-08,"Provider listing/security start, not founding date; see historical mapping evidence"
0000818479,0000818479,DENTSPLY SIRONA Inc.,XRAY,NASDAQ,XRAY,Dental equipment and instruments,Product company,Medical and laboratory,CHARLOTTE,NC,United States,https://www.sec.gov/cgi-bin/browse-edgar?action=getcompany&CIK=0000818479&owner=include&count=10,562b0c586c23186103cedc22479a057dbd9701b8815b42eab94bb8bae0c33017,2026-09-16,https://www.dentsplysirona.com/en-us,901573400ac354042e86ffb12cce8df310af860758b96b349c6e2912627c1be4,2026-09-29T23:37:48.789795+00:00,Manual review of company website/catalog text and business model; primary physical goods supported; no required exact revenue percentage.,1991-04-25,2010-12-31 active-stock snapshot; symbol match,https://www.alphavantage.co/documentation/#listing-status,https://www.sec.gov/Archives/edgar/data/818479/0000818479-01-000004.txt,20010320,70ce778936caca37aeb1d298ec1d050618b6fb56907573ca8420d39e0b310235,artifacts/primary_event_study_2010_2019_v1/ticker_history.csv,,Same SEC issuer with documented security interval; provider labels may reflect subsequent company renaming.,https://www.nasdaqtrader.com/dynamic/SymDir/nasdaqlisted.txt,2026-09-29,starting_184,78,39,39,2026-09-29,,,,primary physical-product business,verified_eligible,2026-09-29,Current US operational/principal HQ; not a year-by-year historical domicile classification,2010Q1,2019Q4,True,True,True,2010Q1,2019Q4,2010-04-29,2020-03-02,2010Q1,2019Q4,2010-04-29,2020-03-02,"Provider listing/security start, not founding date; see historical mapping evidence"
0000820313,0000820313,Amphenol Corp - Class A,APH,NYSE,APH,All reported segment sales are Interconnect Products and Assemblies 7840.3 plus Cable Products and Solutions 385.1.,Product company,Electronic components and materials,WALLINGFORD,CT,United States,https://www.sec.gov/cgi-bin/browse-edgar?action=getcompany&CIK=0000820313&owner=include&count=10,7e5801ffb3d9c1e67c5fbcc3c8bf60114863a378834e8a12fe5c08c1b09139db,2026-09-16,https://amphenol.com/docs/sustainability-report,32ec2a7d540de340f385792dfbdf20760b93aca8939ddfe05c0e2083f4d40e3d,2026-09-29,Manual review of company website/catalog text and business model; primary physical goods supported; no required exact revenue percentage.,1991-11-08,2010-12-31 active-stock snapshot; symbol match,https://www.alphavantage.co/documentation/#listing-status,https://www.sec.gov/Archives/edgar/data/820313/0000912057-01-505632.txt,20010330,f5cdae01133eba723b64170ca7876e490608269a762ef97531de86df8a44ad99,artifacts/primary_event_study_2010_2019_v1/ticker_history.csv,,Same SEC issuer with documented security interval; provider labels may reflect subsequent company renaming.,https://www.nasdaqtrader.com/dynamic/SymDir/otherlisted.txt,2026-09-29,starting_184,79,40,40,2026-09-29,,,,primary physical-product business,verified_eligible,2026-09-29,Current US operational/principal HQ; not a year-by-year historical domicile classification,2010Q1,2019Q4,True,True,True,2010Q1,2019Q4,2010-04-20,2020-01-22,2010Q1,2019Q4,2010-04-20,2020-01-22,"Provider listing/security start, not founding date; see historical mapping evidence"
0000824142,0000824142,"AAON, INC.",AAON,NASDAQ,AAON,HVAC and data-center cooling equipment,Product company,Machinery,TULSA,OK,United States,https://www.sec.gov/cgi-bin/browse-edgar?action=getcompany&CIK=0000824142&owner=include&count=10,831335feb2ea3160c3e9a4e75f3a49a8f84053bb9602f6f97980cda397d9a0ba,2026-09-16,https://www.aaon.com/,0b677f12343a83f707fd23ddb1d4b47a4ccb546121b4af5ef3755d739b1df4bd,2026-09-29T23:37:28.878866+00:00,Manual review of company website/catalog text and business model; primary physical goods supported; no required exact revenue percentage.,1992-12-16,2010-12-31 active-stock snapshot; symbol match,https://www.alphavantage.co/documentation/#listing-status,https://www.sec.gov/Archives/edgar/data/824142/0001026608-01-500003.txt,20010327,5a6f798a24132799914fcec67ee50caa3a5d7f28206926c8fb35233c2ca304a1,artifacts/primary_event_study_2010_2019_v1/ticker_history.csv,,Same SEC issuer with documented security interval; provider labels may reflect subsequent company renaming.,https://www.nasdaqtrader.com/dynamic/SymDir/nasdaqlisted.txt,2026-09-29,starting_184,80,33,33,2026-09-29,,,,primary physical-product business,verified_eligible,2026-09-29,Current US operational/principal HQ; not a year-by-year historical domicile classification,2010Q1,2019Q4,True,True,True,2011Q4,2019Q4,2012-03-14,2020-02-27,2011Q4,2019Q4,2012-03-14,2020-02-27,"Provider listing/security start, not founding date; see historical mapping evidence"
0000827054,0000827054,Microchip Technology Inc,MCHP,NASDAQ,MCHP,Semiconductor products versus separately reported technology licensing.,Product company,Semiconductors and related devices,CHANDLER,AZ,United States,https://www.sec.gov/cgi-bin/browse-edgar?action=getcompany&CIK=0000827054&owner=include&count=10,2cffdf20f0979a73bbd758235eee282b19e8844fa3b954d20bfee1589857b16c,2026-09-16,https://www.microchip.com/en-us/products/microcontrollers,1e290dd3a227ce12ac6c44d480f9d5fb101d54486869b025119d9ef8f805c41e,2026-09-29,Manual review of company website/catalog text and business model; primary physical goods supported; no required exact revenue percentage.,1993-03-19,2010-12-31 active-stock snapshot; symbol match,https://www.alphavantage.co/documentation/#listing-status,https://www.sec.gov/Archives/edgar/data/827054/0000950147-02-000745.txt,20020603,092fcbb314776fb93c2e931b33ae1c997ed95ee2c4ac2452a027dcd462d6cdd2,artifacts/primary_event_study_2010_2019_v1/ticker_history.csv,,Same SEC issuer with documented security interval; provider labels may reflect subsequent company renaming.,https://www.nasdaqtrader.com/dynamic/SymDir/nasdaqlisted.txt,2026-09-29,starting_184,81,38,38,2026-09-29,,,,primary physical-product business,verified_eligible,2026-09-29,Current US operational/principal HQ; not a year-by-year historical domicile classification,2010Q1,2019Q4,True,True,True,2010Q1,2019Q4,2009-08-06,2019-05-07,2010Q1,2019Q4,2009-08-06,2019-05-07,"Provider listing/security start, not founding date; see historical mapping evidence"
0000832101,0000832101,IDEX CORP /DE/,IEX,NYSE,IEX,Fluid-handling and optical equipment,Product company,Machinery,NORTHBROOK,IL,United States,https://www.sec.gov/cgi-bin/browse-edgar?action=getcompany&CIK=0000832101&owner=include&count=10,9d43f551fbd15ed20c5720e85eec2cc6be9cec40948ee5ad1dd47685e7b93e03,2026-09-16,https://idexcorp.com/,5c3706d43054f52c441025c210b9dd6c230bd20776fd2edc6dfd9963ca49698f,2026-09-29T23:38:10.580600+00:00,Manual review of company website/catalog text and business model; primary physical goods supported; no required exact revenue percentage.,1989-06-30,2010-12-31 active-stock snapshot; symbol match,https://www.alphavantage.co/documentation/#listing-status,https://www.sec.gov/Archives/edgar/data/832101/0000950137-03-001231.txt,20030228,5a5edcd8d4b185153f37cfd74b87e54e570e0d91cdd31a38fbcde4ffb085cd48,artifacts/primary_event_study_2010_2019_v1/ticker_history.csv,,Same SEC issuer with documented security interval; provider labels may reflect subsequent company renaming.,https://www.nasdaqtrader.com/dynamic/SymDir/otherlisted.txt,2026-09-29,starting_184,82,35,35,2026-09-29,,,,primary physical-product business,verified_eligible,2026-09-29,Current US operational/principal HQ; not a year-by-year historical domicile classification,2010Q1,2019Q4,True,True,True,2011Q2,2019Q4,2011-07-20,2020-01-29,2011Q2,2019Q4,2011-07-20,2020-01-29,"Provider listing/security start, not founding date; see historical mapping evidence"
0000833640,0000833640,Power Integrations Inc,POWI,NASDAQ,POWI,Filing says net revenue primarily consists of power-conversion semiconductor products; exact non-product share unavailable.,Product company,Semiconductors and related devices,SAN JOSE,CA,United States,https://www.sec.gov/cgi-bin/browse-edgar?action=getcompany&CIK=0000833640&owner=include&count=10,aabb978d915fdd6272509da50e164dd6f5bd2bffea12e486be7d95551f90a29b,2026-09-16,https://www.power.com/?segment=none,9dc4f99462639a01caa2f995993a1e1eaf62aab3f4641e6aa0bac4b282b8e974,2026-09-29T23:38:27.914313+00:00,Manual review of company website/catalog text and business model; primary physical goods supported; no required exact revenue percentage.,1997-12-12,2010-12-31 active-stock snapshot; symbol match,https://www.alphavantage.co/documentation/#listing-status,https://www.sec.gov/Archives/edgar/data/833640/0001012870-01-500018.txt,20010320,0c107f51769d27922c197ae2fbc42f144076334f0446e5ff69902be9ac782dca,artifacts/primary_event_study_2010_2019_v1/ticker_history.csv,,Same SEC issuer with documented security interval; provider labels may reflect subsequent company renaming.,https://www.nasdaqtrader.com/dynamic/SymDir/nasdaqlisted.txt,2026-09-29,starting_184,83,33,33,2026-09-29,,,,primary physical-product business,verified_eligible,2026-09-29,Current US operational/principal HQ; not a year-by-year historical domicile classification,2010Q1,2019Q4,True,True,True,2011Q4,2019Q4,2012-02-02,2020-01-30,2011Q4,2019Q4,2012-02-02,2020-01-30,"Provider listing/security start, not founding date; see historical mapping evidence"
0000840715,0000840715,ClearOne Inc,CLRO,NASDAQ,CLRO,"Revenue primarily from conferencing mixers, microphones, cameras and related appliances; some cloud/video software, no quantified split.",Product company,Communications and network equipment,WEST JORDAN,UT,United States,https://www.sec.gov/cgi-bin/browse-edgar?action=getcompany&CIK=0000840715&owner=include&count=10,0870e720ea37204547b776ce3e16234ef278ed039520a362bf94a7c8d1882c6a,2026-09-16,https://www.clearone.com/,ddfb171200c1e48c4226779f9b1b790288fdbdf73b674536869e4311378c891e,2026-09-29T23:37:38.857359+00:00,Manual review of company website/catalog text and business model; primary physical goods supported; no required exact revenue percentage.,1995-08-18,2010-12-31 active-stock snapshot; symbol match,https://www.alphavantage.co/documentation/#listing-status,https://www.sec.gov/Archives/edgar/data/840715/0000840715-02-000065.txt,20020925,7b1e7222d1dd6caa2fa25f46dcd7cbe09613c126f66f67f2b53cba14d79e3664,artifacts/primary_event_study_2010_2019_v1/ticker_history.csv,,Same SEC issuer with documented security interval; provider labels may reflect subsequent company renaming.,https://www.nasdaqtrader.com/dynamic/SymDir/nasdaqlisted.txt,2026-09-29,starting_184,84,23,23,2026-09-29,,,,primary physical-product business,verified_eligible,2026-09-29,Current US operational/principal HQ; not a year-by-year historical domicile classification,2010Q1,2019Q4,True,True,True,2012Q1,2017Q3,2012-05-10,2017-11-08,2012Q1,2017Q3,2012-05-10,2017-11-08,"Provider listing/security start, not founding date; see historical mapping evidence"
0000846913,0000846913,"FUEL TECH, INC.",FTEK,NASDAQ,FTEK,Emissions-control and water-treatment equipment,Product company,Machinery,WARRENVILLE,IL,United States,https://www.sec.gov/cgi-bin/browse-edgar?action=getcompany&CIK=0000846913&owner=include&count=10,3c6210e0c1c2f9c55ac2049ccf9ee32cf0cd9af498c60aecf1ba016c8e958e97,2026-09-16,https://www.ftek.com/,8a0574cd1599bb3e956689c22f55d9ba5e898608b668e273caf9949d1c2a318f,2026-09-29T23:38:02.280881+00:00,Manual review of company website/catalog text and business model; primary physical goods supported; no required exact revenue percentage.,1993-09-07,2010-12-31 active-stock snapshot; symbol match,https://www.alphavantage.co/documentation/#listing-status,https://www.sec.gov/Archives/edgar/data/846913/0001125282-01-001067.txt,20010323,5521f32f8e7145f9aa4fec22ec0292184e7c3b0285c6087c9d33146b7e08cd3d,artifacts/primary_event_study_2010_2019_v1/ticker_history.csv,,Same SEC issuer with documented security interval; provider labels may reflect subsequent company renaming.,https://www.nasdaqtrader.com/dynamic/SymDir/nasdaqlisted.txt,2026-09-29,starting_184,85,36,36,2026-09-29,,,,primary physical-product business,verified_eligible,2026-09-29,Current US operational/principal HQ; not a year-by-year historical domicile classification,2010Q1,2019Q4,True,True,True,2010Q1,2019Q4,2010-05-06,2020-03-11,2010Q1,2019Q4,2010-05-06,2020-03-11,"Provider listing/security start, not founding date; see historical mapping evidence"
0000851205,0000851205,COGNEX CORP,CGNX,NASDAQ,CGNX,Machine-vision cameras and barcode readers,Product company,Measurement and test equipment,NATICK,MA,United States,https://www.sec.gov/cgi-bin/browse-edgar?action=getcompany&CIK=0000851205&owner=include&count=10,f910daea983af07237780715897260916832557a729bf399ae58cf54f6f09b2a,2026-09-16,https://www.cognex.com/,386423409075c61e4fe3511f2be1229eefdffbf2ec21a74b2501601975acfaaa,2026-09-29 (earlier verified company website cache),Manual review of company website/catalog text and business model; primary physical goods supported; no required exact revenue percentage.,1989-10-09,2010-12-31 active-stock snapshot; symbol match,https://www.alphavantage.co/documentation/#listing-status,https://www.sec.gov/Archives/edgar/data/851205/0000950135-01-000909.txt,20010326,e0699479f80af2aeb388963aa7a7dd18297757c042f4080704d0eb5259fae7f6,artifacts/primary_event_study_2010_2019_v1/ticker_history.csv,,Same SEC issuer with documented security interval; provider labels may reflect subsequent company renaming.,https://www.nasdaqtrader.com/dynamic/SymDir/nasdaqlisted.txt,2026-09-29,starting_184,86,33,33,2026-09-29,,,,primary physical-product business,verified_eligible,2026-09-29,Current US operational/principal HQ; not a year-by-year historical domicile classification,2010Q1,2019Q4,True,True,True,2011Q4,2019Q4,2012-02-09,2020-02-13,2011Q4,2019Q4,2012-02-09,2020-02-13,"Provider listing/security start, not founding date; see historical mapping evidence"
0000851310,0000851310,HARMONIC INC.,HLIT,NASDAQ,HLIT,Broadband access equipment and video-delivery systems,Product company,Electronics and electrical equipment,SAN JOSE,CA,United States,https://www.sec.gov/cgi-bin/browse-edgar?action=getcompany&CIK=0000851310&owner=include&count=10,447f8524b97232169dd57b1009dc8a836e997f9f266745053d1e9bfaf8f3ca11,2026-09-16,https://www.harmonicinc.com/,66d5fe8fe8945b8bf47ab921fa18eaffd4cb617770be223556dc612614236bd3,2026-09-29T23:38:08.624713+00:00,Manual review of company website/catalog text and business model; primary physical goods supported; no required exact revenue percentage.,1995-05-24,2010-12-31 active-stock snapshot; symbol match,https://www.alphavantage.co/documentation/#listing-status,https://www.sec.gov/Archives/edgar/data/851310/0000891618-02-001226.txt,20020318,491c0c2c8fc9a87ed3201b1113c8b741c459e78c57e58be84c5e715b839b8290,artifacts/primary_event_study_2010_2019_v1/ticker_history.csv,,Same SEC issuer with documented security interval; provider labels may reflect subsequent company renaming.,https://www.nasdaqtrader.com/dynamic/SymDir/nasdaqlisted.txt,2026-09-29,starting_184,87,40,40,2026-09-29,,,,primary physical-product business,verified_eligible,2026-09-29,Current US operational/principal HQ; not a year-by-year historical domicile classification,2010Q1,2019Q4,True,True,True,2010Q1,2019Q4,2010-05-06,2020-02-03,2010Q1,2019Q4,2010-05-06,2020-02-03,"Provider listing/security start, not founding date; see historical mapping evidence"
0000854775,0000854775,Digi International Inc,DGII,NASDAQ,DGII,"IoT embedded modules, radio devices, gateways and routers dominate, alongside solution/service subscriptions; precise physical share not separately disclosed.",Product company,Communications and network equipment,HOPKINS,MN,United States,https://www.sec.gov/cgi-bin/browse-edgar?action=getcompany&CIK=0000854775&owner=include&count=10,08f62bfe86ee2a4829a7cffc89eb037ab31bfc6deec855701dc315f579b26f2a,2026-09-16,https://www.digi.com/,0439d8ca88cb937be68f90c0776e9119cdd3e7221be21834e4474f290d61cfd7,2026-09-29T23:37:49.468878+00:00,Manual review of company website/catalog text and business model; primary physical goods supported; no required exact revenue percentage.,1990-03-26,2010-12-31 active-stock snapshot; symbol match,https://www.alphavantage.co/documentation/#listing-status,https://www.sec.gov/Archives/edgar/data/854775/0000950134-02-015996.txt,20021223,ffcf94dc35e25a1f5d6dc45a94879fbd7f9c29db0f2e9b640db24f560183bbc8,artifacts/primary_event_study_2010_2019_v1/ticker_history.csv,,Same SEC issuer with documented security interval; provider labels may reflect subsequent company renaming.,https://www.nasdaqtrader.com/dynamic/SymDir/nasdaqlisted.txt,2026-09-29,starting_184,88,31,31,2026-09-29,,,,primary physical-product business,verified_eligible,2026-09-29,Current US operational/principal HQ; not a year-by-year historical domicile classification,2010Q1,2019Q4,True,True,True,2010Q2,2019Q4,2010-04-22,2019-11-14,2010Q2,2019Q4,2010-04-22,2019-11-14,"Provider listing/security start, not founding date; see historical mapping evidence"
0000855658,0000855658,Lattice Semiconductor Corp,LSCC,NASDAQ,LSCC,Semiconductor product revenue excluding all separately reported licensing/services.,Product company,Semiconductors and related devices,HILLSBORO,OR,United States,https://www.sec.gov/cgi-bin/browse-edgar?action=getcompany&CIK=0000855658&owner=include&count=10,00731aabdf340988c0fdd49e8b1cb6debd8c7de21baa496987976220f9e1df47,2026-09-16,https://www.latticesemi.com/,f547d5b077f8df1925718511fa8768a053dab61763b6904f96716da1de416b95,2026-09-29T23:38:16.869816+00:00,Manual review of company website/catalog text and business model; primary physical goods supported; no required exact revenue percentage.,1990-03-26,2010-12-31 active-stock snapshot; symbol match,https://www.alphavantage.co/documentation/#listing-status,https://www.sec.gov/Archives/edgar/data/855658/0000912057-01-008184.txt,20010326,0589a31fa9c7ae18f6ab852f53d9d6a8cafe3c7ee5d59490ebe9a22a632692d4,artifacts/primary_event_study_2010_2019_v1/ticker_history.csv,,Same SEC issuer with documented security interval; provider labels may reflect subsequent company renaming.,https://www.nasdaqtrader.com/dynamic/SymDir/nasdaqlisted.txt,2026-09-29,starting_184,89,36,36,2026-09-29,,,,primary physical-product business,verified_eligible,2026-09-29,Current US operational/principal HQ; not a year-by-year historical domicile classification,2010Q1,2019Q4,True,True,True,2010Q1,2019Q4,2010-04-22,2020-02-11,2010Q1,2019Q4,2010-04-22,2020-02-11,"Provider listing/security start, not founding date; see historical mapping evidence"
0000856982,0000856982,MERIT MEDICAL SYSTEMS INC,MMSI,NASDAQ,MMSI,Medical devices and instruments,Product company,Medical and laboratory,SOUTH JORDAN,UT,United States,https://www.sec.gov/cgi-bin/browse-edgar?action=getcompany&CIK=0000856982&owner=include&count=10,e01e43ea432accf66606488499432fcfa47f318fb8621a7eb684966a79e2a7ec,2026-09-16,https://www.merit.com/,2f33dd7b31fb319390f7c551dcceb71d2c63a0028bad4e9e990c0ead6e57749b,2026-09-29T23:38:19.716860+00:00,Manual review of company website/catalog text and business model; primary physical goods supported; no required exact revenue percentage.,1992-02-26,2010-12-31 active-stock snapshot; symbol match,https://www.alphavantage.co/documentation/#listing-status,https://www.sec.gov/Archives/edgar/data/856982/0000931731-01-500036.txt,20010402,788ee8d9d22418486810424cabf9807b07ce33483b345cc040d2486a19d44e7e,artifacts/primary_event_study_2010_2019_v1/ticker_history.csv,,Same SEC issuer with documented security interval; provider labels may reflect subsequent company renaming.,https://www.nasdaqtrader.com/dynamic/SymDir/nasdaqlisted.txt,2026-09-29,starting_184,90,36,36,2026-09-29,,,,primary physical-product business,verified_eligible,2026-09-29,Current US operational/principal HQ; not a year-by-year historical domicile classification,2010Q1,2019Q4,True,True,True,2010Q1,2019Q4,2010-04-29,2020-02-24,2010Q1,2019Q4,2010-04-29,2020-02-24,"Provider listing/security start, not founding date; see historical mapping evidence"
0000858877,0000858877,"CISCO SYSTEMS, INC.",CSCO,NASDAQ,CSCO,"Network switches, routers and security appliances",Product company,Computing and peripherals,SAN JOSE,CA,United States,https://www.sec.gov/cgi-bin/browse-edgar?action=getcompany&CIK=0000858877&owner=include&count=10,e8b0b4118a7949e70cb8c198f97872476d8932dba5f5209e28ead61247bb9ea3,2026-09-16,https://www.cisco.com/,4f871aaab353508b91ad17abba3e0c2c619701a84c6d102722fecee72a768736,2026-09-29 (earlier verified company website cache),Manual review of company website/catalog text and business model; primary physical goods supported; no required exact revenue percentage.,1990-03-26,2010-12-31 active-stock snapshot; symbol match,https://www.alphavantage.co/documentation/#listing-status,https://www.sec.gov/Archives/edgar/data/858877/0000891618-02-004345.txt,20020918,c205a98bfcd291e84e996fd2669f98b5bfdff85c03df5c733517e6b4324345bb,artifacts/primary_event_study_2010_2019_v1/ticker_history.csv,,Same SEC issuer with documented security interval; provider labels may reflect subsequent company renaming.,https://www.nasdaqtrader.com/dynamic/SymDir/nasdaqlisted.txt,2026-09-29,starting_184,91,38,38,2026-09-29,,,,primary physical-product business,verified_eligible,2026-09-29,Current US operational/principal HQ; not a year-by-year historical domicile classification,2010Q1,2019Q4,True,True,True,2010Q1,2019Q4,2009-11-04,2019-08-14,2010Q1,2019Q4,2009-11-04,2019-08-14,"Provider listing/security start, not founding date; see historical mapping evidence"
0000863436,0000863436,BENCHMARK ELECTRONICS INC,BHE,NYSE,BHE,Electronic assemblies and precision components,Contract manufacturing,Electronics and electrical equipment,TEMPE,AZ,United States,https://www.sec.gov/cgi-bin/browse-edgar?action=getcompany&CIK=0000863436&owner=include&count=10,393c43961345361f90083bd4de861d033af44d369c2222206a0e5639a176f03e,2026-09-16,https://www.bench.com/,8aa415f3c508c6921bc538a4d06e5b2b5d811feddbe3f18851fd824935cf467e,2026-09-29T23:37:36.120105+00:00,Manual review of company website/catalog text and business model; primary physical goods supported; no required exact revenue percentage.,1990-06-28,2010-12-31 active-stock snapshot; symbol match,https://www.alphavantage.co/documentation/#listing-status,https://www.sec.gov/Archives/edgar/data/863436/0000912057-01-506063.txt,20010402,f00523929934a465c34f84603982129f4d6e148e4e0adbac6e6050e4e7c06657,artifacts/primary_event_study_2010_2019_v1/ticker_history.csv,,Same SEC issuer with documented security interval; provider labels may reflect subsequent company renaming.,https://www.nasdaqtrader.com/dynamic/SymDir/otherlisted.txt,2026-09-29,starting_184,92,36,36,2026-09-29,,,,primary physical-product business,verified_eligible,2026-09-29,Current US operational/principal HQ; not a year-by-year historical domicile classification,2010Q1,2019Q4,True,True,True,2010Q1,2019Q4,2010-04-29,2020-02-06,2010Q1,2019Q4,2010-04-29,2020-02-06,"Provider listing/security start, not founding date; see historical mapping evidence"
0000864240,0000864240,SYPRIS SOLUTIONS INC,SYPR,NASDAQ,SYPR,Electronic assemblies and engineered components,Product company,Measurement and test equipment,LOUISVILLE,KY,United States,https://www.sec.gov/cgi-bin/browse-edgar?action=getcompany&CIK=0000864240&owner=include&count=10,a17702ef4cf171b2a5dddd755b51e8069db3a263a5263831d5b8c618ebf2c36f,2026-09-16,https://www.sypris.com/,a8bcf2307217a164bac420664248bf5d3d7af5cb1ec121843873c42f62967221,2026-09-29T23:38:32.769762+00:00,Manual review of company website/catalog text and business model; primary physical goods supported; no required exact revenue percentage.,1994-05-19,2010-12-31 active-stock snapshot; symbol match,https://www.alphavantage.co/documentation/#listing-status,https://www.sec.gov/Archives/edgar/data/864240/0000950131-03-000909.txt,20030226,0196398b71ae5c559bf4945ce20ae586f2ba6636f04a52af112b29d339babd9a,artifacts/primary_event_study_2010_2019_v1/ticker_history.csv,,Same SEC issuer with documented security interval; provider labels may reflect subsequent company renaming.,https://www.nasdaqtrader.com/dynamic/SymDir/nasdaqlisted.txt,2026-09-29,starting_184,93,20,20,2026-09-29,,,,primary physical-product business,verified_eligible,2026-09-29,Current US operational/principal HQ; not a year-by-year historical domicile classification,2010Q1,2019Q4,True,True,True,2014Q1,2019Q4,2014-05-06,2020-03-19,2014Q1,2019Q4,2014-05-06,2020-03-19,"Provider listing/security start, not founding date; see historical mapping evidence"
0000866706,0000866706,ESCO TECHNOLOGIES INC,ESE,NYSE,ESE,Electronic test equipment and engineered components,Product company,Electronics and electrical equipment,ST. LOUIS,MO,United States,https://www.sec.gov/cgi-bin/browse-edgar?action=getcompany&CIK=0000866706&owner=include&count=10,6b2fb59e153d03d4276ddc43c12ff481152ee966cf9bd316fbdfb13094519b6c,2026-09-16,https://www.escotechnologies.com/,13213d0a277045e56fc6f3c1feaa2cb5d07d570201cbb38a954fc2268da81426,2026-09-29T23:37:52.351203+00:00,Manual review of company website/catalog text and business model; primary physical goods supported; no required exact revenue percentage.,1990-10-01,2010-12-31 active-stock snapshot; symbol match,https://www.alphavantage.co/documentation/#listing-status,https://www.sec.gov/Archives/edgar/data/866706/0000950134-01-509784.txt,20011221,7feef88662ef079a17c5043eadbbc9848e998fc70fadfff1d37e0d246abb4a40,artifacts/primary_event_study_2010_2019_v1/ticker_history.csv,,Same SEC issuer with documented security interval; provider labels may reflect subsequent company renaming.,https://www.nasdaqtrader.com/dynamic/SymDir/otherlisted.txt,2026-09-29,starting_184,94,32,32,2026-09-29,,,,primary physical-product business,verified_eligible,2026-09-29,Current US operational/principal HQ; not a year-by-year historical domicile classification,2010Q1,2019Q4,True,True,True,2012Q1,2019Q4,2012-02-07,2019-11-19,2012Q1,2019Q4,2012-02-07,2019-11-19,"Provider listing/security start, not founding date; see historical mapping evidence"
0000875657,0000875657,ULTRALIFE CORP,ULBI,NASDAQ,ULBI,Batteries and communications systems,Product company,Electronics and electrical equipment,NEWARK,NY,United States,https://www.sec.gov/cgi-bin/browse-edgar?action=getcompany&CIK=0000875657&owner=include&count=10,cc4b9df5a7486f30a2d545b03b1cca49d6cec67a88be1b14d9fd67f4a483de45,2026-09-16,https://ultralifecorporation.com/,30b85a9c0977881584782973696f9ba3eba6c64869a1462396be28d4654d06c6,2026-09-29T23:38:34.674191+00:00,Manual review of company website/catalog text and business model; primary physical goods supported; no required exact revenue percentage.,1992-12-23,2010-12-31 active-stock snapshot; symbol match,https://www.alphavantage.co/documentation/#listing-status,https://www.sec.gov/Archives/edgar/data/875657/0000891092-01-500677.txt,20010926,e9e1f4afa3b3341427dc23e4479d6ecb3afaccc2758053bfc6bc4687c9728e20,artifacts/primary_event_study_2010_2019_v1/ticker_history.csv,,Same SEC issuer with documented security interval; provider labels may reflect subsequent company renaming.,https://www.nasdaqtrader.com/dynamic/SymDir/nasdaqlisted.txt,2026-09-29,starting_184,95,20,20,2026-09-29,,,,primary physical-product business,verified_eligible,2026-09-29,Current US operational/principal HQ; not a year-by-year historical domicile classification,2010Q1,2019Q4,True,True,True,2010Q1,2019Q4,2010-04-29,2020-02-06,2010Q1,2019Q4,2010-04-29,2020-02-06,"Provider listing/security start, not founding date; see historical mapping evidence"
0000877212,0000877212,Zebra Technologies Corp - Class A,ZBRA,NASDAQ,ZBRA,Explicit tangible products versus separately reported services and software.,Product company,Computing and peripherals,LINCOLNSHIRE,IL,United States,https://www.sec.gov/cgi-bin/browse-edgar?action=getcompany&CIK=0000877212&owner=include&count=10,a1a7385349c61d4dbdf5cf6b9ba85440872a4a2eeb7f57f77d833ef754468b60,2026-09-16,https://www.zebra.com/us/en.html,cc0f5f4a5219bc7d66b0e5795d3a7d7a997e5eb510a458ae279af9845ebd2efb,2026-09-29T23:38:38.093265+00:00,Manual review of company website/catalog text and business model; primary physical goods supported; no required exact revenue percentage.,1991-08-15,2010-12-31 active-stock snapshot; symbol match,https://www.alphavantage.co/documentation/#listing-status,https://www.sec.gov/Archives/edgar/data/877212/0000912057-01-007823.txt,20010320,748451098d2d029a1ce1e4b99a3ced7a8e0861368b04728d2aa7720c1bd2056b,artifacts/primary_event_study_2010_2019_v1/ticker_history.csv,,Same SEC issuer with documented security interval; provider labels may reflect subsequent company renaming.,https://www.nasdaqtrader.com/dynamic/SymDir/nasdaqlisted.txt,2026-09-29,starting_184,96,39,39,2026-09-29,,,,primary physical-product business,verified_eligible,2026-09-29,Current US operational/principal HQ; not a year-by-year historical domicile classification,2010Q1,2019Q4,True,True,True,2010Q1,2019Q4,2010-05-04,2020-02-13,2010Q1,2019Q4,2010-05-04,2020-02-13,"Provider listing/security start, not founding date; see historical mapping evidence"
0000880807,0000880807,AMERICAN SUPERCONDUCTOR CORP /DE/,AMSC,NASDAQ,AMSC,Power-electronic grid and wind-turbine systems,Product company,Electronics and electrical equipment,DEVENS,MA,United States,https://www.sec.gov/cgi-bin/browse-edgar?action=getcompany&CIK=0000880807&owner=include&count=10,20f688c13e85630371e93cc96b1dd565c83f9834318cc61bee94ace2b17515a2,2026-09-16,https://www.amsc.com/,a68b44f8fec4d219730aba3b685959d534555a08bedf21d83e9559ece5a6f3ba,2026-09-29T23:37:30.238720+00:00,Manual review of company website/catalog text and business model; primary physical goods supported; no required exact revenue percentage.,1991-12-12,2010-12-31 active-stock snapshot; symbol match,https://www.alphavantage.co/documentation/#listing-status,https://www.sec.gov/Archives/edgar/data/880807/0000927016-01-501691.txt,20010627,9c7175ebef43c27fb9466d1dba2d8f365486e273706efa811d22f6d91a212234,artifacts/primary_event_study_2010_2019_v1/ticker_history.csv,,Same SEC issuer with documented security interval; provider labels may reflect subsequent company renaming.,https://www.nasdaqtrader.com/dynamic/SymDir/nasdaqlisted.txt,2026-09-29,starting_184,97,30,30,2026-09-29,,,,primary physical-product business,verified_eligible,2026-09-29,Current US operational/principal HQ; not a year-by-year historical domicile classification,2010Q1,2019Q4,True,True,True,2010Q1,2019Q4,2009-07-30,2019-06-05,2010Q1,2019Q4,2009-07-30,2019-06-05,"Provider listing/security start, not founding date; see historical mapping evidence"
0000883984,0000883984,ICU MEDICAL INC/DE,ICUI,NASDAQ,ICUI,Infusion pumps and medical devices,Product company,Medical and laboratory,SAN CLEMENTE,CA,United States,https://www.sec.gov/cgi-bin/browse-edgar?action=getcompany&CIK=0000883984&owner=include&count=10,d18ccdce6867f29236baf82e96745823ed98edd85863c7cc335eb90fca6fbd6e,2026-09-16,https://www.icumed.com/,5130a2ae30910ae5262b158bdf28a2c5f3b84bf01608f6e1f48f9c31d43d76c2,2026-09-29T23:38:09.775522+00:00,Manual review of company website/catalog text and business model; primary physical goods supported; no required exact revenue percentage.,1992-03-31,2010-12-31 active-stock snapshot; symbol match,https://www.alphavantage.co/documentation/#listing-status,https://www.sec.gov/Archives/edgar/data/883984/0001019687-01-000296.txt,20010309,9283a25c5a867cfcec98844b366a21c29e6ff9f10bbea2f150ef27f5668b68c1,artifacts/primary_event_study_2010_2019_v1/ticker_history.csv,,Same SEC issuer with documented security interval; provider labels may reflect subsequent company renaming.,https://www.nasdaqtrader.com/dynamic/SymDir/nasdaqlisted.txt,2026-09-29,starting_184,98,33,33,2026-09-29,,,,primary physical-product business,verified_eligible,2026-09-29,Current US operational/principal HQ; not a year-by-year historical domicile classification,2010Q1,2019Q4,True,True,True,2011Q4,2019Q4,2012-01-30,2020-02-27,2011Q4,2019Q4,2012-01-30,2020-02-27,"Provider listing/security start, not founding date; see historical mapping evidence"
0000884624,0000884624,Orthofix Medical Inc.,OFIX,NASDAQ,OFIX,Orthopedic and spinal devices,Product company,Medical and laboratory,LEWISVILLE,TX,United States,https://www.sec.gov/cgi-bin/browse-edgar?action=getcompany&CIK=0000884624&owner=include&count=10,c6ba8b28674f78736088b341dd93b63d9d401a61644d8522b9c5d1f1d0a2a2c3,2026-09-16,https://orthofix.com/,16206b6b9da30ac203c287104af041df791ebd3b858a84b9e62e9531aa247b12,2026-09-29T23:38:26.165995+00:00,Manual review of company website/catalog text and business model; primary physical goods supported; no required exact revenue percentage.,1992-04-24,2010-12-31 active-stock snapshot; symbol match,https://www.alphavantage.co/documentation/#listing-status,https://www.sec.gov/Archives/edgar/data/884624/0000947871-03-000790.txt,20030331,3f05ad83626da849bb8ae73885666c57d9d68421d9edb688f666c80a6caf3444,artifacts/primary_event_study_2010_2019_v1/ticker_history.csv,,Same SEC issuer with documented security interval; provider labels may reflect subsequent company renaming.,https://www.nasdaqtrader.com/dynamic/SymDir/nasdaqlisted.txt,2026-09-29,starting_184,99,32,32,2026-09-29,,,,primary physical-product business,verified_eligible,2026-09-29,Current US operational/principal HQ; not a year-by-year historical domicile classification,2010Q1,2019Q4,True,True,True,2010Q1,2019Q4,2010-04-28,2020-02-24,2010Q1,2019Q4,2010-04-28,2020-02-24,"Provider listing/security start, not founding date; see historical mapping evidence"
0000885725,0000885725,BOSTON SCIENTIFIC CORP,BSX,NYSE,BSX,Medical devices and surgical instruments,Product company,Medical and laboratory,MARLBOROUGH,MA,United States,https://www.sec.gov/cgi-bin/browse-edgar?action=getcompany&CIK=0000885725&owner=include&count=10,e2b0f3f98c883964b4c3ab79737cfc332652720e662c9f1ced61094e07f79ab5,2026-09-16,https://www.bostonscientific.com/en-US/home.html,39f576b9747fb94eda3b18363f6c3e56add1c1e1dd6ec888ac5967e9f6e3f8e5,2026-09-29T23:37:36.577571+00:00,Manual review of company website/catalog text and business model; primary physical goods supported; no required exact revenue percentage.,1992-05-19,2010-12-31 active-stock snapshot; symbol match,https://www.alphavantage.co/documentation/#listing-status,https://www.sec.gov/Archives/edgar/data/885725/0000912057-02-011989.txt,20020327,29b6e6179e7cc71d70ace3b32f98fd5f8e2f6fcf244a6c5d33f85fb682247402,artifacts/primary_event_study_2010_2019_v1/ticker_history.csv,,Same SEC issuer with documented security interval; provider labels may reflect subsequent company renaming.,https://www.nasdaqtrader.com/dynamic/SymDir/otherlisted.txt,2026-09-29,starting_184,100,40,40,2026-09-29,,,,primary physical-product business,verified_eligible,2026-09-29,Current US operational/principal HQ; not a year-by-year historical domicile classification,2010Q1,2019Q4,True,True,True,2010Q1,2019Q4,2010-04-26,2020-02-05,2010Q1,2019Q4,2010-04-26,2020-02-05,"Provider listing/security start, not founding date; see historical mapping evidence"
0000886128,0000886128,FUELCELL ENERGY INC,FCEL,NASDAQ,FCEL,Fuel-cell power-generation systems,Product company,Electronics and electrical equipment,DANBURY,CT,United States,https://www.sec.gov/cgi-bin/browse-edgar?action=getcompany&CIK=0000886128&owner=include&count=10,74f74895f838dd0de0bd8bfcf8f336edef53245e744780a81f50659434c2f4c1,2026-09-16,https://www.fuelcellenergy.com/,33c753793e4e2a6c380a06f6e57332eeb2628c06b14b8e3a332d2159f139ad07,2026-09-29T23:38:02.282725+00:00,Manual review of company website/catalog text and business model; primary physical goods supported; no required exact revenue percentage.,1997-02-27,2010-12-31 active-stock snapshot; symbol match,https://www.alphavantage.co/documentation/#listing-status,https://www.sec.gov/Archives/edgar/data/886128/0001003297-04-000036.txt,20040129,5ace40c3f0c09791376f63b7439b30742fdc361c27e6c49c0d45bd840079c633,artifacts/primary_event_study_2010_2019_v1/ticker_history.csv,,Same SEC issuer with documented security interval; provider labels may reflect subsequent company renaming.,https://www.nasdaqtrader.com/dynamic/SymDir/nasdaqlisted.txt,2026-09-29,starting_184,101,38,38,2026-09-29,,,,primary physical-product business,verified_eligible,2026-09-29,Current US operational/principal HQ; not a year-by-year historical domicile classification,2010Q1,2019Q4,True,True,True,2010Q1,2019Q4,2010-03-10,2020-01-22,2010Q1,2019Q4,2010-03-10,2020-01-22,"Provider listing/security start, not founding date; see historical mapping evidence"
0000889331,0000889331,Littelfuse Inc,LFUS,NASDAQ,LFUS,"Circuit protection, power control and sensing components dominate disclosed business; exact hardware-only percentage is not separately disclosed.",Product company,Electronic components and materials,ROSEMONT,IL,United States,https://www.sec.gov/cgi-bin/browse-edgar?action=getcompany&CIK=0000889331&owner=include&count=10,5d13408e9c7c6c31add4b0d54ecb053980d59ad20a8804c4ab030d796dd6ebaa,2026-09-16,https://info.littelfuse.com/circuit-protection-product-selection-guide-ug,1e290dd3a227ce12ac6c44d480f9d5fb101d54486869b025119d9ef8f805c41e,2026-09-29,Manual review of company website/catalog text and business model; primary physical goods supported; no required exact revenue percentage.,1992-09-23,2010-12-31 active-stock snapshot; symbol match,https://www.alphavantage.co/documentation/#listing-status,https://www.sec.gov/Archives/edgar/data/889331/0000950137-03-001665.txt,20030324,8288f1c1c37f240a191f8e62d4208d8185266024a35e83efbfcfc8ebcdcdd48a,artifacts/primary_event_study_2010_2019_v1/ticker_history.csv,,Same SEC issuer with documented security interval; provider labels may reflect subsequent company renaming.,https://www.nasdaqtrader.com/dynamic/SymDir/nasdaqlisted.txt,2026-09-29,starting_184,102,34,34,2026-09-29,,,,primary physical-product business,verified_eligible,2026-09-29,Current US operational/principal HQ; not a year-by-year historical domicile classification,2010Q1,2019Q4,True,True,True,2010Q1,2019Q4,2010-05-06,2020-01-29,2010Q1,2019Q4,2010-05-06,2020-01-29,"Provider listing/security start, not founding date; see historical mapping evidence"
0000889971,0000889971,Lightpath Technologies Inc - Class A,LPTH,NASDAQ,LPTH,Precision-molded optics and infrared products alone; excludes specialty products.,Product company,Semiconductors and related devices,ORLANDO,FL,United States,https://www.sec.gov/cgi-bin/browse-edgar?action=getcompany&CIK=0000889971&owner=include&count=10,08240a33e4b5fa5cf9ec541c8a99d9d8177ed7795dad95745d1ec365afe94743,2026-09-16,https://www.lightpath.com/,09f6176c4feb56a1690246cfae54ab5ea0909c6bd1314232d995f3f259428996,2026-09-29T23:40:59.541737+00:00,Manual review of company website/catalog text and business model; primary physical goods supported; no required exact revenue percentage.,1996-02-28,2010-12-31 active-stock snapshot; symbol match,https://www.alphavantage.co/documentation/#listing-status,https://www.sec.gov/Archives/edgar/data/889971/0000950147-02-001148.txt,20020904,c5c55ae64cd1ac7f64bf87fe109e6921c00bb1e79a409c2c40bfeee10a0f0ff9,artifacts/primary_event_study_2010_2019_v1/ticker_history.csv,,Same SEC issuer with documented security interval; provider labels may reflect subsequent company renaming.,https://www.nasdaqtrader.com/dynamic/SymDir/nasdaqlisted.txt,2026-09-29,starting_184,103,27,27,2026-09-29,,,,primary physical-product business,verified_eligible,2026-09-29,Current US operational/principal HQ; not a year-by-year historical domicile classification,2010Q1,2019Q4,True,True,True,2012Q2,2019Q4,2012-02-09,2019-09-12,2012Q2,2019Q4,2012-02-09,2019-09-12,"Provider listing/security start, not founding date; see historical mapping evidence"
0000897723,0000897723,SANMINA CORP,SANM,NASDAQ,SANM,Electronic assemblies and components,Contract manufacturing,Electronics and electrical equipment,SAN JOSE,CA,United States,https://www.sec.gov/cgi-bin/browse-edgar?action=getcompany&CIK=0000897723&owner=include&count=10,b46f7045debc20add5f68268eae6330b1709e4fa3471c8e25bde6ea612f1acd0,2026-09-16,https://www.sanmina.com/,24feebd1ccdf9074be5c8dd0dd23e4cf036dfcb2493e5d06f034f8a5f69dcd07,2026-09-29T23:38:29.180137+00:00,Manual review of company website/catalog text and business model; primary physical goods supported; no required exact revenue percentage.,1993-06-22,2010-12-31 active-stock snapshot; symbol match,https://www.alphavantage.co/documentation/#listing-status,https://www.sec.gov/Archives/edgar/data/897723/0000891618-01-502766.txt,20011221,d5cc2c09b7b78ce985260a2d9d8e9be000a774bf01342feaee3d59f0e404aa8e,artifacts/primary_event_study_2010_2019_v1/ticker_history.csv,,Same SEC issuer with documented security interval; provider labels may reflect subsequent company renaming.,https://www.nasdaqtrader.com/dynamic/SymDir/nasdaqlisted.txt,2026-09-29,starting_184,104,40,40,2026-09-29,,,,primary physical-product business,verified_eligible,2026-09-29,Current US operational/principal HQ; not a year-by-year historical domicile classification,2010Q1,2019Q4,True,True,True,2010Q1,2019Q4,2010-01-26,2019-10-28,2010Q1,2019Q4,2010-01-26,2019-10-28,"Provider listing/security start, not founding date; see historical mapping evidence"
0000898293,0000898293,JABIL INC,JBL,NYSE,JBL,Manufactured electronic devices and assemblies,Contract manufacturing,Electronics and electrical equipment,ST PETERSBURG,FL,United States,https://www.sec.gov/cgi-bin/browse-edgar?action=getcompany&CIK=0000898293&owner=include&count=10,1c54004231d5f5de1b65ac79b3bd3ae5934567adf21fff492d7466d91b783496,2026-09-16,https://www.jabil.com/,dd46b27388817ca71b590543e2791efcd1b1cbd54ad706e586f2b51579568071,2026-09-29T23:38:14.617485+00:00,Manual review of company website/catalog text and business model; primary physical goods supported; no required exact revenue percentage.,1993-05-03,2010-12-31 active-stock snapshot; symbol match,https://www.alphavantage.co/documentation/#listing-status,https://www.sec.gov/Archives/edgar/data/898293/0000950144-01-509611.txt,20011128,f63e08a3da420d7651d6d15e7be5d7e1059b0e647c3ce05adb92e641708653eb,artifacts/primary_event_study_2010_2019_v1/ticker_history.csv,,Same SEC issuer with documented security interval; provider labels may reflect subsequent company renaming.,https://www.nasdaqtrader.com/dynamic/SymDir/otherlisted.txt,2026-09-29,starting_184,105,38,38,2026-09-29,,,,primary physical-product business,verified_eligible,2026-09-29,Current US operational/principal HQ; not a year-by-year historical domicile classification,2010Q1,2019Q4,True,True,True,2010Q1,2019Q4,2009-12-21,2019-09-24,2010Q1,2019Q4,2009-12-21,2019-09-24,"Provider listing/security start, not founding date; see historical mapping evidence"
0000913142,0000913142,Belden Inc,BDC,NYSE,BDC,"Cable, connectivity and industrial networking products dominate, with Tripwire software; precise hardware-only share not established.",Product company,Electronic components and materials,ST. LOUIS,MO,United States,https://www.sec.gov/cgi-bin/browse-edgar?action=getcompany&CIK=0000913142&owner=include&count=10,034d4a0895a7f2a199ff5214d55185d4d77eafd6f11c3f1f91c9d9c7bde9c15f,2026-09-16,https://www.belden.com/,8628da9fed01bc3d8f8d24fb4cd9b5033b9db7225883804650a17804eb2e5796,2026-09-29T23:37:35.991355+00:00,Manual review of company website/catalog text and business model; primary physical goods supported; no required exact revenue percentage.,1993-11-24,2010-12-31 active-stock snapshot; symbol match,https://www.alphavantage.co/documentation/#listing-status,https://www.sec.gov/Archives/edgar/data/913142/0000950130-01-504922.txt,20011029,a4f1eee355cec219b5a283af9071d76b8c70e6d48a0a0e05ca0f31a6434fca7f,artifacts/primary_event_study_2010_2019_v1/ticker_history.csv,,Same SEC issuer with documented security interval; provider labels may reflect subsequent company renaming.,https://www.nasdaqtrader.com/dynamic/SymDir/otherlisted.txt,2026-09-29,starting_184,106,29,29,2026-09-29,,,,primary physical-product business,verified_eligible,2026-09-29,Current US operational/principal HQ; not a year-by-year historical domicile classification,2010Q1,2019Q4,True,True,True,2012Q4,2019Q4,2013-02-07,2020-02-04,2012Q4,2019Q4,2013-02-07,2020-02-04,"Provider listing/security start, not founding date; see historical mapping evidence"
0000915779,0000915779,Daktronics Inc,DAKT,NASDAQ,DAKT,Electronic displays and scoreboards dominate; installation and extended warranties included and not separately quantified.,Product company,Consumer electronics and displays,BROOKINGS,SD,United States,https://www.sec.gov/cgi-bin/browse-edgar?action=getcompany&CIK=0000915779&owner=include&count=10,429a28084fb76fe8f6f686279a3e12c100201e2db072663614779e3aa823f8d7,2026-09-16,https://www.daktronics.com/en-us/about-us,16225a48b5a49aaebbadf381e235404df58b2f61d57ba37d6775b44e0faa3135,2026-09-29T23:40:59.541197+00:00,Manual review of company website/catalog text and business model; primary physical goods supported; no required exact revenue percentage.,1994-02-10,2010-12-31 active-stock snapshot; symbol match,https://www.alphavantage.co/documentation/#listing-status,https://www.sec.gov/Archives/edgar/data/915779/0000897101-02-000471.txt,20020627,05726332d0d0646d24dd9d803a5c4d95ebf10fbf716edf4a0f229897bd631fa9,artifacts/primary_event_study_2010_2019_v1/ticker_history.csv,,Same SEC issuer with documented security interval; provider labels may reflect subsequent company renaming.,https://www.nasdaqtrader.com/dynamic/SymDir/nasdaqlisted.txt,2026-09-29,starting_184,107,40,40,2026-09-29,,,,primary physical-product business,verified_eligible,2026-09-29,Current US operational/principal HQ; not a year-by-year historical domicile classification,2010Q1,2019Q4,True,True,True,2010Q1,2019Q4,2009-08-25,2019-05-29,2010Q1,2019Q4,2009-08-25,2019-05-29,"Provider listing/security start, not founding date; see historical mapping evidence"
0000917520,0000917520,INTEGRA LIFESCIENCES HOLDINGS CORP,IART,NASDAQ,IART;IARTV,Neurosurgical and medical devices,Product company,Medical and laboratory,PRINCETON,NJ,United States,https://www.sec.gov/cgi-bin/browse-edgar?action=getcompany&CIK=0000917520&owner=include&count=10,21a0cb0b486aa750780a0657c14a8286df4db3cb8beb88081dc044a6d363eea6,2026-09-16,https://www.integralife.com/,6543c40712da9a7df09fa30d3c9378ca8b0b8ee1fda5b949d3c8eae6c47dbc5f,2026-09-29T23:38:11.991989+00:00,Manual review of company website/catalog text and business model; primary physical goods supported; no required exact revenue percentage.,1995-08-16,2010-12-31 active-stock snapshot; symbol match,https://www.alphavantage.co/documentation/#listing-status,https://www.sec.gov/Archives/edgar/data/917520/0000917520-03-000005.txt,20030321,ad1b29ed883b3a22639a25f3f780be7f63043b2a386b1f9babcaef440167a598,artifacts/primary_event_study_2010_2019_v1/ticker_history.csv,,Same SEC issuer with documented security interval; provider labels may reflect subsequent company renaming.,https://www.nasdaqtrader.com/dynamic/SymDir/nasdaqlisted.txt,2026-09-29,starting_184,108,32,32,2026-09-29,,,,primary physical-product business,verified_eligible,2026-09-29,Current US operational/principal HQ; not a year-by-year historical domicile classification,2010Q1,2019Q4,True,True,True,2012Q1,2019Q4,2012-04-25,2020-02-19,2012Q1,2019Q4,2012-04-25,2020-02-19,"Provider listing/security start, not founding date; see historical mapping evidence"
0000918541,0000918541,NN INC,NNBR,NASDAQ,NNBR,Precision metal and electromechanical components,Product company,Machinery,CHARLOTTE,NC,United States,https://www.sec.gov/cgi-bin/browse-edgar?action=getcompany&CIK=0000918541&owner=include&count=10,75221decf1b83905b9f99bc835168aed907b22a16f4065d88607df19ae5d5621,2026-09-16,https://www.nninc.com/,d0aaabf22b7d93a94b1c43ed0345a76a73c025c643f3335888f8b73e8d5d6317,2026-09-29T23:38:24.577025+00:00,Manual review of company website/catalog text and business model; primary physical goods supported; no required exact revenue percentage.,1994-03-15,2010-12-31 active-stock snapshot; symbol match,https://www.alphavantage.co/documentation/#listing-status,https://www.sec.gov/Archives/edgar/data/918541/0000922907-01-500016.txt,20010330,f2aa51ce633b914f3c7af376ada9711a0debbccbf4eb18f317a3c9594c203492,artifacts/primary_event_study_2010_2019_v1/ticker_history.csv,,Same SEC issuer with documented security interval; provider labels may reflect subsequent company renaming.,https://www.nasdaqtrader.com/dynamic/SymDir/nasdaqlisted.txt,2026-09-29,starting_184,109,33,33,2026-09-29,,,,primary physical-product business,verified_eligible,2026-09-29,Current US operational/principal HQ; not a year-by-year historical domicile classification,2010Q1,2019Q4,True,True,True,2011Q4,2019Q4,2012-03-12,2020-03-12,2011Q4,2019Q4,2012-03-12,2020-03-12,"Provider listing/security start, not founding date; see historical mapping evidence"
0000918965,0000918965,"SCANSOURCE, INC.",SCSC,NASDAQ,SCSC,"Barcode, communications and security-product distribution",Distribution / retail,Physical-product distribution,GREENVILLE,SC,United States,https://www.sec.gov/cgi-bin/browse-edgar?action=getcompany&CIK=0000918965&owner=include&count=10,0314b09aede97faf673ad3e0f96469d4c84b1e63e617ad3125bb29cc61df99bf,2026-09-16,https://www.scansource.com/,5d7fa162eec2707c7ccf3732d08066b410536cc9e9af82b33487191de8a76a96,2026-09-29T23:38:29.841903+00:00,Manual review of company website/catalog text and business model; primary physical goods supported; no required exact revenue percentage.,1994-03-18,2010-12-31 active-stock snapshot; symbol match,https://www.alphavantage.co/documentation/#listing-status,https://www.sec.gov/Archives/edgar/data/918965/0000931763-02-003156.txt,20020930,28b670efc863b21bc02356331171d4994ab29bbb040266578c17c9907efd9381,artifacts/primary_event_study_2010_2019_v1/ticker_history.csv,,Same SEC issuer with documented security interval; provider labels may reflect subsequent company renaming.,https://www.nasdaqtrader.com/dynamic/SymDir/nasdaqlisted.txt,2026-09-29,starting_184,110,32,32,2026-09-29,,,,primary physical-product business,verified_eligible,2026-09-29,Current US operational/principal HQ; not a year-by-year historical domicile classification,2010Q1,2019Q4,True,True,True,2010Q4,2019Q4,2010-08-19,2019-08-20,2010Q4,2019Q4,2010-08-19,2019-08-20,"Provider listing/security start, not founding date; see historical mapping evidence"
0000924383,0000924383,Genasys Inc,GNSS,NASDAQ,GNSS;LRAD,LRAD acoustic devices segment accounts for 94.46% of external revenue versus Genasys Spain software. The LRAD segment may include installation/support; hardware-only revenue is not separately quantified.,Product company,Consumer electronics and displays,SAN DIEGO,CA,United States,https://www.sec.gov/cgi-bin/browse-edgar?action=getcompany&CIK=0000924383&owner=include&count=10,20c8bd8b8593c8094056feb355d0c774a70881f0ca23cbfd7788523d145b2ad9,2026-09-16,https://www.genasys.com/,5e3bcef7cf1ebaef5309c188c508bc81326d05c77cb364a1bf8daf945ba35b6c,2026-09-29T23:38:03.699492+00:00,Manual review of company website/catalog text and business model; primary physical goods supported; no required exact revenue percentage.,1997-05-09,2010-12-31 active-stock snapshot; symbol match,https://www.alphavantage.co/documentation/#listing-status,https://www.sec.gov/Archives/edgar/data/924383/0000950168-02-003916.txt,20021223,b4edc836538f47014afaa6c2dbb500fd9f075d17aac9f0e5cfc80fc61d283b1e,artifacts/primary_event_study_2010_2019_v1/ticker_history.csv,https://www.sec.gov/Archives/edgar/data/924383/000143774919020490/lrad20191023_8k.htm,Same SEC issuer with documented security interval; provider labels may reflect subsequent company renaming.,https://www.nasdaqtrader.com/dynamic/SymDir/nasdaqlisted.txt,2026-09-29,starting_184,111,22,22,2026-09-29,,,,primary physical-product business,verified_eligible,2026-09-29,Current US operational/principal HQ; not a year-by-year historical domicile classification,2010Q1,2019Q4,True,True,True,2014Q1,2019Q4,2014-02-04,2019-12-09,2014Q1,2019Q4,2014-02-04,2019-12-09,"Provider listing/security start, not founding date; see historical mapping evidence"
0000926326,0000926326,"OMNICELL, INC.",OMCL,NASDAQ,OMCL,Automated medication-dispensing systems,Product company,Computing and peripherals,FORT WORTH,TX,United States,https://www.sec.gov/cgi-bin/browse-edgar?action=getcompany&CIK=0000926326&owner=include&count=10,8d190f180e9496d3c3cd01cc0f814c12762b871ed89830c0f8212598e393a5a3,2026-09-16,https://www.omnicell.com/,b0998c50e19f32f4962605c69ec821d0de884d2d9c5984f2ed5a5f5b61def007,2026-09-29T23:38:25.205713+00:00,Manual review of company website/catalog text and business model; primary physical goods supported; no required exact revenue percentage.,2001-08-09,2010-12-31 active-stock snapshot; symbol match,https://www.alphavantage.co/documentation/#listing-status,https://www.sec.gov/Archives/edgar/data/926326/0001047469-03-010887.txt,20030328,4d358678453c57f0c98ed70c42dbd289a800562ca30047187189b62fb9bf22c3,artifacts/primary_event_study_2010_2019_v1/ticker_history.csv,,Same SEC issuer with documented security interval; provider labels may reflect subsequent company renaming.,https://www.nasdaqtrader.com/dynamic/SymDir/nasdaqlisted.txt,2026-09-29,starting_184,112,36,36,2026-09-29,,,,primary physical-product business,verified_eligible,2026-09-29,Current US operational/principal HQ; not a year-by-year historical domicile classification,2010Q1,2019Q4,True,True,True,2010Q1,2019Q4,2010-04-26,2020-02-06,2010Q1,2019Q4,2010-04-26,2020-02-06,"Provider listing/security start, not founding date; see historical mapping evidence"
0000927003,0000927003,Advanced Energy Industries Inc,AEIS,NASDAQ,AEIS,Power-conversion product sales versus separately reported services.,Product company,Electronic components and materials,DENVER,CO,United States,https://www.sec.gov/cgi-bin/browse-edgar?action=getcompany&CIK=0000927003&owner=include&count=10,f972304ff0cdfa9631d41ada14bd9c9cdc6be268b76c99a37a41a0d5d80c8f2d,2026-09-16,https://www.advancedenergy.com/en-us/,e16092f363e75e7023b6b7941d1a6cb2281c96b55c972ad54ef45a4f9a434682,2026-09-29T23:37:28.879022+00:00,Manual review of company website/catalog text and business model; primary physical goods supported; no required exact revenue percentage.,1995-11-17,2010-12-31 active-stock snapshot; symbol match,https://www.alphavantage.co/documentation/#listing-status,https://www.sec.gov/Archives/edgar/data/927003/0000950134-02-002563.txt,20020325,2c8dd5fa0d24aa8e7dcdd85638825a5547aed6779a6fa33d8c051d1b93023967,artifacts/primary_event_study_2010_2019_v1/ticker_history.csv,,Same SEC issuer with documented security interval; provider labels may reflect subsequent company renaming.,https://www.nasdaqtrader.com/dynamic/SymDir/nasdaqlisted.txt,2026-09-29,starting_184,113,40,40,2026-09-29,,,,primary physical-product business,verified_eligible,2026-09-29,Current US operational/principal HQ; not a year-by-year historical domicile classification,2010Q1,2019Q4,True,True,True,2010Q1,2019Q4,2010-04-22,2020-02-18,2010Q1,2019Q4,2010-04-22,2020-02-18,"Provider listing/security start, not founding date; see historical mapping evidence"
0000936395,0000936395,CIENA Corp,CIEN,NYSE,CIEN,"Networking platforms: converged packet optical plus packet networking, excluding separately reported platform software, Blue Planet and global services.",Product company,Communications and network equipment,HANOVER,MD,United States,https://www.sec.gov/cgi-bin/browse-edgar?action=getcompany&CIK=0000936395&owner=include&count=10,3de73bac9690ffde89b88ab1693d808b84a942435281280aa54360409d6db925,2026-09-16,https://www.ciena.com/,9bff93036fc2d5721833e3ee8f958bd018f495331c2f324d1eb5667c1aac7ea0,2026-09-29T23:37:37.189229+00:00,Manual review of company website/catalog text and business model; primary physical goods supported; no required exact revenue percentage.,1997-02-07,2010-12-31 active-stock snapshot; symbol match,https://www.alphavantage.co/documentation/#listing-status,https://www.sec.gov/Archives/edgar/data/936395/0000950133-01-503553.txt,20011213,aaa631c2ce857dff12bb7aedd84d9a016784f8ce5c94ea58637e88bde972d031,artifacts/primary_event_study_2010_2019_v1/ticker_history.csv,,Same SEC issuer with documented security interval; provider labels may reflect subsequent company renaming.,https://www.nasdaqtrader.com/dynamic/SymDir/otherlisted.txt,2026-09-29,starting_184,114,39,39,2026-09-29,,,,primary physical-product business,verified_eligible,2026-09-29,Current US operational/principal HQ; not a year-by-year historical domicile classification,2010Q1,2019Q4,True,True,True,2010Q1,2019Q4,2010-03-04,2019-12-12,2010Q1,2019Q4,2010-03-04,2019-12-12,"Provider listing/security start, not founding date; see historical mapping evidence"
0000943819,0000943819,RESMED INC,RMD,NYSE,RMD,Sleep and respiratory-care devices,Product company,Medical and laboratory,SAN DIEGO,CA,United States,https://www.sec.gov/cgi-bin/browse-edgar?action=getcompany&CIK=0000943819&owner=include&count=10,69d9a3c4cca8c61b459f23f4fc62b9871cb81312186e70dd22ad4fc069ee0cf4,2026-09-16,https://www.resmed.com/en-us/,bd28da1caaebfd576e497179ef2b01f495e9f9b19e83fe54febb32b1f6065064,2026-09-29T23:38:28.530283+00:00,Manual review of company website/catalog text and business model; primary physical goods supported; no required exact revenue percentage.,1995-06-02,2010-12-31 active-stock snapshot; symbol match,https://www.alphavantage.co/documentation/#listing-status,https://www.sec.gov/Archives/edgar/data/943819/0000943819-02-000004.txt,20020911,dcdd84c16f51cf82f5fe52f4b8cec31e8c7ff88add5eba01a1fad7dfdbf95bfe,artifacts/primary_event_study_2010_2019_v1/ticker_history.csv,,Same SEC issuer with documented security interval; provider labels may reflect subsequent company renaming.,https://www.nasdaqtrader.com/dynamic/SymDir/otherlisted.txt,2026-09-29,starting_184,115,35,35,2026-09-29,,,,primary physical-product business,verified_eligible,2026-09-29,Current US operational/principal HQ; not a year-by-year historical domicile classification,2010Q1,2019Q4,True,True,True,2010Q1,2019Q4,2009-11-05,2019-07-25,2010Q1,2019Q4,2009-11-05,2019-07-25,"Provider listing/security start, not founding date; see historical mapping evidence"
0000944075,0000944075,Socket Mobile Inc,SCKT,NASDAQ,SCKT,Barcode and NFC/RFID data-capture devices dominate FY2019 business; exact software/services share not separately disclosed.,Product company,Computing and peripherals,FREMONT,CA,United States,https://www.sec.gov/cgi-bin/browse-edgar?action=getcompany&CIK=0000944075&owner=include&count=10,3115d1f894d164279bad431546bb8b623bb4839d9fc23d9070941cda0a79e873,2026-09-16,https://www.socketmobile.com/,7f0e64f311dd9b7341561a74d716829640f61ad1dc43b0328af096d5780fe645,2026-09-29T23:38:31.766437+00:00,Manual review of company website/catalog text and business model; primary physical goods supported; no required exact revenue percentage.,1995-06-07,2010-12-31 active-stock snapshot; symbol match,https://www.alphavantage.co/documentation/#listing-status,https://www.sec.gov/Archives/edgar/data/944075/0000944075-02-000010.txt,20020401,707136b2cbe8ee4dcb390be360180956ce6bcf81aa2378774d49c5dd8b0e5cb5,artifacts/primary_event_study_2010_2019_v1/ticker_history.csv,,Same SEC issuer with documented security interval; provider labels may reflect subsequent company renaming.,https://www.nasdaqtrader.com/dynamic/SymDir/nasdaqlisted.txt,2026-09-29,starting_184,116,35,35,2026-09-29,,,,primary physical-product business,verified_eligible,2026-09-29,Current US operational/principal HQ; not a year-by-year historical domicile classification,2010Q1,2019Q4,True,True,True,2010Q2,2019Q4,2010-07-23,2020-02-12,2010Q2,2019Q4,2010-07-23,2020-02-12,"Provider listing/security start, not founding date; see historical mapping evidence"
0001000230,0001000230,Optical Cable Corp,OCC,NASDAQ,OCC,Fiber optic and copper communications cables and connectivity components. Exact standalone services/software share not separately disclosed.,Product company,Electronic components and materials,ROANOKE,VA,United States,https://www.sec.gov/cgi-bin/browse-edgar?action=getcompany&CIK=0001000230&owner=include&count=10,d0d7a0895bbcef790fbf2409ba157ace0fb56ac5088463142d1836020e06509e,2026-09-16,https://www.occfiber.com/,e13d6c0e156f3aaa24f94e3b8ffeba57bef17f37f6d7bcac71ad6f181e95b185,2026-09-29T23:38:25.692979+00:00,Manual review of company website/catalog text and business model; primary physical goods supported; no required exact revenue percentage.,1996-04-02,2010-12-31 active-stock snapshot; symbol match,https://www.alphavantage.co/documentation/#listing-status,https://www.sec.gov/Archives/edgar/data/1000230/0000916641-02-000139.txt,20020129,bac3688b9af8930eea34bd789da65f33e18bdcff3cdaf7ef4b3ebd6ba1e2c41e,artifacts/primary_event_study_2010_2019_v1/ticker_history.csv,,Same SEC issuer with documented security interval; provider labels may reflect subsequent company renaming.,https://www.nasdaqtrader.com/dynamic/SymDir/nasdaqlisted.txt,2026-09-29,starting_184,117,32,32,2026-09-29,,,,primary physical-product business,verified_eligible,2026-09-29,Current US operational/principal HQ; not a year-by-year historical domicile classification,2010Q1,2019Q4,True,True,True,2011Q4,2019Q4,2012-01-26,2020-01-27,2011Q4,2019Q4,2012-01-26,2020-01-27,"Provider listing/security start, not founding date; see historical mapping evidence"
0001001115,0001001115,GEOSPACE TECHNOLOGIES CORP,GEOS,NASDAQ,GEOS;OYOG,Seismic sensors and monitoring instruments,Product company,Measurement and test equipment,HOUSTON,TX,United States,https://www.sec.gov/cgi-bin/browse-edgar?action=getcompany&CIK=0001001115&owner=include&count=10,e5b6c7f2529f95db1e5ce6da2850e3caeb04836a277c7326b3924ed3ad72c1a8,2026-09-16,https://www.geospace.com/,0b3bb933ea2a3a8b45a9f663d2273f6e14ce7e311634f2263815d30f0fea2274,2026-09-29T23:38:05.182783+00:00,Manual review of company website/catalog text and business model; primary physical goods supported; no required exact revenue percentage.,1997-11-21,2010-12-31 active-stock snapshot; symbol match,https://www.alphavantage.co/documentation/#listing-status,https://www.sec.gov/Archives/edgar/data/1001115/0000899243-02-003199.txt,20021223,a0846465187bc4c54053c05edd369a43b9751c3cc1237514c892c8b4a2de3394,artifacts/primary_event_study_2010_2019_v1/ticker_history.csv,https://www.sec.gov/Archives/edgar/data/1001115/000118143112052254/rrd357056_38534.htm,Same SEC issuer with documented security interval; provider labels may reflect subsequent company renaming.,https://www.nasdaqtrader.com/dynamic/SymDir/nasdaqlisted.txt,2026-09-29,starting_184,118,28,28,2026-09-29,,,,primary physical-product business,verified_eligible,2026-09-29,Current US operational/principal HQ; not a year-by-year historical domicile classification,2010Q1,2019Q4,True,True,True,2013Q1,2019Q4,2013-02-06,2019-11-21,2013Q1,2019Q4,2013-02-06,2019-11-21,"Provider listing/security start, not founding date; see historical mapping evidence"
0001002047,0001002047,"NetApp, Inc.",NTAP,NASDAQ,NTAP,Data-storage systems,Product company,Computing and peripherals,SAN JOSE,CA,United States,https://www.sec.gov/cgi-bin/browse-edgar?action=getcompany&CIK=0001002047&owner=include&count=10,1cba49dadec2915349734f6d1ac6b2efb5aba81fde4b95ca3f647fbb68a2b1c8,2026-09-16,https://www.netapp.com/,3eecde0994f6c8fcb9d4c491b564b47056bcba725c1c330eafc3ccbd33a56ed6,2026-09-29 (earlier verified company website cache),Manual review of company website/catalog text and business model; primary physical goods supported; no required exact revenue percentage.,1995-11-21,2010-12-31 active-stock snapshot; symbol match,https://www.alphavantage.co/documentation/#listing-status,https://www.sec.gov/Archives/edgar/data/1002047/0000891618-01-501663.txt,20010726,080ef94688bf88c62fba0083bf0411181909aad4587cd4d15c6e64fdad552382,artifacts/primary_event_study_2010_2019_v1/ticker_history.csv,,Same SEC issuer with documented security interval; provider labels may reflect subsequent company renaming.,https://www.nasdaqtrader.com/dynamic/SymDir/nasdaqlisted.txt,2026-09-29,starting_184,119,40,40,2026-09-29,,,,primary physical-product business,verified_eligible,2026-09-29,Current US operational/principal HQ; not a year-by-year historical domicile classification,2010Q1,2019Q4,True,True,True,2010Q1,2019Q4,2009-08-19,2019-05-22,2010Q1,2019Q4,2009-08-19,2019-05-22,"Provider listing/security start, not founding date; see historical mapping evidence"
0001005229,0001005229,COLUMBUS MCKINNON CORP,CMCO,NASDAQ,CMCO,Motion-control and lifting equipment,Product company,Machinery,CHARLOTTE,NC,United States,https://www.sec.gov/cgi-bin/browse-edgar?action=getcompany&CIK=0001005229&owner=include&count=10,cbe4c0dcb5b299626573b5d63c89ab9c46f03befe268fed0cc0e89b8b7727eec,2026-09-16,https://www.cmco.com/,5e886113b73a7ab023e90e92b209bf2d0a325dea629d5b92a7e2daecc535d074,2026-09-29 (earlier verified company website cache),Manual review of company website/catalog text and business model; primary physical goods supported; no required exact revenue percentage.,1996-02-28,2010-12-31 active-stock snapshot; symbol match,https://www.alphavantage.co/documentation/#listing-status,https://www.sec.gov/Archives/edgar/data/1005229/0000950130-02-004303.txt,20020612,c562eba42a04664c8f0ad1f1a6c483cdcfcdfdd393f84d47c1153e61abb58a4d,artifacts/primary_event_study_2010_2019_v1/ticker_history.csv,,Same SEC issuer with documented security interval; provider labels may reflect subsequent company renaming.,https://www.nasdaqtrader.com/dynamic/SymDir/nasdaqlisted.txt,2026-09-29,starting_184,120,30,30,2026-09-29,,,,primary physical-product business,verified_eligible,2026-09-29,Current US operational/principal HQ; not a year-by-year historical domicile classification,2010Q1,2019Q4,True,True,True,2012Q3,2019Q4,2012-01-27,2019-05-28,2012Q3,2019Q4,2012-01-27,2019-05-28,"Provider listing/security start, not founding date; see historical mapping evidence"
0001005284,0001005284,Universal Display Corp,OLED,NASDAQ,OLED,Physical OLED material sales; remainder royalties/license fees and contract research. Electronic materials count within the original hardware scope.,Product company,Electronic components and materials,EWING,NJ,United States,https://www.sec.gov/cgi-bin/browse-edgar?action=getcompany&CIK=0001005284&owner=include&count=10,2b7f19453abad02139cd7e4f453beff6d1694c0d9e7336e48bc1a067481fdeb8,2026-09-16,https://oled.com/,260945ca5e666c4779cc1da95bb81df8d9930204ed504097dba50d6c1f77853e,2026-09-29T23:38:35.359485+00:00,Manual review of company website/catalog text and business model; primary physical goods supported; no required exact revenue percentage.,1996-04-12,2010-12-31 active-stock snapshot; symbol match,https://www.alphavantage.co/documentation/#listing-status,https://www.sec.gov/Archives/edgar/data/1005284/0000950116-02-000569.txt,20020401,83a108e3db876d057cda0a2dc24cd73e541b8425c90d17fe3e5e88d7081b2fa6,artifacts/primary_event_study_2010_2019_v1/ticker_history.csv,,Same SEC issuer with documented security interval; provider labels may reflect subsequent company renaming.,https://www.nasdaqtrader.com/dynamic/SymDir/nasdaqlisted.txt,2026-09-29,starting_184,121,40,40,2026-09-29,,,,primary physical-product business,verified_eligible,2026-09-29,Current US operational/principal HQ; not a year-by-year historical domicile classification,2010Q1,2019Q4,True,True,True,2010Q1,2019Q4,2010-05-10,2020-02-20,2010Q1,2019Q4,2010-05-10,2020-02-20,"Provider listing/security start, not founding date; see historical mapping evidence"
0001006045,0001006045,IRIDEX CORP,IRIX,NASDAQ,IRIX,Ophthalmic laser systems,Product company,Medical and laboratory,MOUNTAIN VIEW,CA,United States,https://www.sec.gov/cgi-bin/browse-edgar?action=getcompany&CIK=0001006045&owner=include&count=10,693955e74ba721b6ee03576d4c285a17ca9768e24c58f927276939d38a7b15ea,2026-09-16,https://www.iridex.com/,fd5c86b82ab2061c3b5cf2a355d728b66a306c399ba953685b55f813de0f5ed7,2026-09-29T23:38:13.160516+00:00,Manual review of company website/catalog text and business model; primary physical goods supported; no required exact revenue percentage.,1996-02-16,2010-12-31 active-stock snapshot; symbol match,https://www.alphavantage.co/documentation/#listing-status,https://www.sec.gov/Archives/edgar/data/1006045/0000891618-03-001517.txt,20030328,b0cc8e0b59e0920d808790c14a38cdf8503cd2acc60c84165a787d7514852948,artifacts/primary_event_study_2010_2019_v1/ticker_history.csv,,Same SEC issuer with documented security interval; provider labels may reflect subsequent company renaming.,https://www.nasdaqtrader.com/dynamic/SymDir/nasdaqlisted.txt,2026-09-29,starting_184,122,33,33,2026-09-29,,,,primary physical-product business,verified_eligible,2026-09-29,Current US operational/principal HQ; not a year-by-year historical domicile classification,2010Q1,2019Q4,True,True,True,2011Q4,2019Q4,2012-03-02,2020-03-12,2011Q4,2019Q4,2012-03-02,2020-03-12,"Provider listing/security start, not founding date; see historical mapping evidence"
0001017303,0001017303,Transact Technologies Inc,TACT,NASDAQ,TACT,"Casino/gaming, POS/banking, lottery and Printrex total 65.02% of revenue, predominantly printers. Casino/gaming also sells Epicentral software, so this is a product-market proxy, not a hardware-only split. Excludes all food-service technology and TransAct Services Group.",Product company,Computing and peripherals,HAMDEN,CT,United States,https://www.sec.gov/cgi-bin/browse-edgar?action=getcompany&CIK=0001017303&owner=include&count=10,13f43db87f0d2a2f3a210db68f6a56dfa05e36d9560e46c53b0405c02f03f987,2026-09-16,https://www.transact-tech.com/,00b47304228eb539914aabc7c1c2ca0e3efe9f64c4657c7f0f9f31e5811642e3,2026-09-29T23:38:34.650375+00:00,Manual review of company website/catalog text and business model; primary physical goods supported; no required exact revenue percentage.,1996-08-22,2010-12-31 active-stock snapshot; symbol match,https://www.alphavantage.co/documentation/#listing-status,https://www.sec.gov/Archives/edgar/data/1017303/0000914039-01-000108.txt,20010328,64adbb77a2574643f710c408c00dd223ebf2f0c31837e9a5b470ac27b8fc0d40,artifacts/primary_event_study_2010_2019_v1/ticker_history.csv,,Same SEC issuer with documented security interval; provider labels may reflect subsequent company renaming.,https://www.nasdaqtrader.com/dynamic/SymDir/nasdaqlisted.txt,2026-09-29,starting_184,123,27,27,2026-09-29,,,,primary physical-product business,verified_eligible,2026-09-29,Current US operational/principal HQ; not a year-by-year historical domicile classification,2010Q1,2019Q4,True,True,True,2013Q1,2019Q4,2013-05-09,2020-03-10,2013Q1,2019Q4,2013-05-09,2020-03-10,"Provider listing/security start, not founding date; see historical mapping evidence"
0001022652,0001022652,INSEEGO CORP.,INSG,NASDAQ,INSG;MIFI;NVTL,"Cellular routers, gateways and hotspots",Product company,Electronics and electrical equipment,SAN DIEGO,CA,United States,https://www.sec.gov/cgi-bin/browse-edgar?action=getcompany&CIK=0001022652&owner=include&count=10,6f848364866657499547977420381c99da3067e90fbccd4b6c2968b92bc19802,2026-09-16,https://inseego.com/,967200966463eef22864d09ef9fbeaf6a333c04c6f71f4e99a0c3a4b85053552,2026-09-29T23:38:11.479874+00:00,Manual review of company website/catalog text and business model; primary physical goods supported; no required exact revenue percentage.,2000-11-21,2010-12-31 active-stock snapshot; symbol match,https://www.alphavantage.co/documentation/#listing-status,https://www.sec.gov/Archives/edgar/data/1022652/0000936392-02-000184.txt,20020305,cdbc43fa7c7707195955ca6cc30a88419d5650054784a676add713ad921995b2,artifacts/primary_event_study_2010_2019_v1/ticker_history.csv,https://www.globenewswire.com/news-release/2014/10/09/671933/33045/en/Novatel-Wireless-Announces-Ticker-Symbol-Change-to-MIFI.html,Same SEC issuer with documented security interval; provider labels may reflect subsequent company renaming.,https://www.nasdaqtrader.com/dynamic/SymDir/nasdaqlisted.txt,2026-09-29,starting_184,124,13,13,2026-09-29,,,,primary physical-product business,verified_eligible,2026-09-29,Current US operational/principal HQ; not a year-by-year historical domicile classification,2010Q1,2019Q4,True,True,True,2016Q4,2019Q4,2017-03-09,2020-03-11,2016Q4,2019Q4,2017-03-09,2020-03-11,"Provider listing/security start, not founding date; see historical mapping evidence"
0001035267,0001035267,INTUITIVE SURGICAL INC,ISRG,NASDAQ,ISRG,Robotic surgical systems and instruments,Product company,Medical and laboratory,SUNNYVALE,CA,United States,https://www.sec.gov/cgi-bin/browse-edgar?action=getcompany&CIK=0001035267&owner=include&count=10,9e6dab0af52114c4f1ecb54ab2b095d1c40e266b96da940f5dce4e73ec5b05c9,2026-09-16,https://www.intuitive.com/en-us/products-and-services/da-vinci,cd2e67aea467f725a2d14c59d631638802b74dfd9f115d9676bc4f900c16c7f7,2026-09-29 (earlier verified company website cache),Manual review of company website/catalog text and business model; primary physical goods supported; no required exact revenue percentage.,2000-06-16,2010-12-31 active-stock snapshot; symbol match,https://www.alphavantage.co/documentation/#listing-status,https://www.sec.gov/Archives/edgar/data/1035267/0000891618-03-001487.txt,20030328,d34ec66a5e81235342e3c4adc10f969c3de0e735bb1ac2b2f5c836434c2918e1,artifacts/primary_event_study_2010_2019_v1/ticker_history.csv,,Same SEC issuer with documented security interval; provider labels may reflect subsequent company renaming.,https://www.nasdaqtrader.com/dynamic/SymDir/nasdaqlisted.txt,2026-09-29,starting_184,125,38,38,2026-09-29,,,,primary physical-product business,verified_eligible,2026-09-29,Current US operational/principal HQ; not a year-by-year historical domicile classification,2010Q1,2019Q4,True,True,True,2010Q1,2019Q4,2010-04-15,2020-01-23,2010Q1,2019Q4,2010-04-15,2020-01-23,"Provider listing/security start, not founding date; see historical mapping evidence"
0001036044,0001036044,"Identiv, Inc.",INVE,NASDAQ,INVE,RFID inlays and smart identification devices,Product company,Computing and peripherals,SANTA ANA,CA,United States,https://www.sec.gov/cgi-bin/browse-edgar?action=getcompany&CIK=0001036044&owner=include&count=10,5e6fd555308c2fb6d5dc524b6131f844a6b410b561fe8d975465aa65192659d9,2026-09-16,https://identiv.com/,d51c55c23156b61c478d28c60942deb2b978a950e978b86c9313bbc016ccdf68,2026-09-29T23:38:09.817129+00:00,Manual review of company website/catalog text and business model; primary physical goods supported; no required exact revenue percentage.,1997-10-07,2010-12-31 active-stock snapshot; symbol match,https://www.alphavantage.co/documentation/#listing-status,https://www.sec.gov/Archives/edgar/data/1036044/0000891618-01-000268.txt,20010402,4a76bd5e9f1169d5352702065614879535cc2854e81af51f7078873adeab47f9,artifacts/primary_event_study_2010_2019_v1/ticker_history.csv,,Same SEC issuer with documented security interval; provider labels may reflect subsequent company renaming.,https://www.nasdaqtrader.com/dynamic/SymDir/nasdaqlisted.txt,2026-09-29,starting_184,126,32,32,2026-09-29,,,,primary physical-product business,verified_eligible,2026-09-29,Current US operational/principal HQ; not a year-by-year historical domicile classification,2010Q1,2019Q4,True,True,True,2012Q1,2019Q4,2012-05-10,2020-03-12,2012Q1,2019Q4,2012-05-10,2020-03-12,"Provider listing/security start, not founding date; see historical mapping evidence"
0001037868,0001037868,AMETEK INC/,AME,NYSE,AME,Electronic instruments and electromechanical devices,Product company,Measurement and test equipment,BERWYN,PA,United States,https://www.sec.gov/cgi-bin/browse-edgar?action=getcompany&CIK=0001037868&owner=include&count=10,c37fe320517d95f31b60cbf10d16a068547ccef7fae94ecc29b67c25d79437ad,2026-09-16,https://www.ametek.com/,d11a7a7b488096affe5eba01c72190b9254af1832ed4a987b6d38c9bdbdfde2e,2026-09-29T23:37:30.584814+00:00,Manual review of company website/catalog text and business model; primary physical goods supported; no required exact revenue percentage.,1984-07-19,2010-12-31 active-stock snapshot; symbol match,https://www.alphavantage.co/documentation/#listing-status,https://www.sec.gov/Archives/edgar/data/1037868/0000893220-03-000294.txt,20030317,7667230e58ef1bc732bf8dd01855f52ef181fcb0c3234d12bf214bd1dd648b21,artifacts/primary_event_study_2010_2019_v1/ticker_history.csv,,Same SEC issuer with documented security interval; provider labels may reflect subsequent company renaming.,https://www.nasdaqtrader.com/dynamic/SymDir/otherlisted.txt,2026-09-29,starting_184,127,35,35,2026-09-29,,,,primary physical-product business,verified_eligible,2026-09-29,Current US operational/principal HQ; not a year-by-year historical domicile classification,2010Q1,2019Q4,True,True,True,2011Q2,2019Q4,2011-07-26,2020-02-05,2011Q2,2019Q4,2011-07-26,2020-02-05,"Provider listing/security start, not founding date; see historical mapping evidence"
0001038074,0001038074,Silicon Laboratories Inc,SLAB,NASDAQ,SLAB,Filing says FY2019 revenue generated predominantly by mixed-signal product sales; exact non-product percentage unavailable.,Product company,Semiconductors and related devices,AUSTIN,TX,United States,https://www.sec.gov/cgi-bin/browse-edgar?action=getcompany&CIK=0001038074&owner=include&count=10,cf09bd25891d4770149d80e7bd115fab1eb323dbb3bb8178b4c98fc61c7b203f,2026-09-16,https://www.silabs.com/wireless-soc,b9656dcdd6faa826d6d3b84a283c67c56a0213f1d02bede3582f18291395ad2c,2026-09-29,Manual review of company website/catalog text and business model; primary physical goods supported; no required exact revenue percentage.,2000-03-24,2010-12-31 active-stock snapshot; symbol match,https://www.alphavantage.co/documentation/#listing-status,https://www.sec.gov/Archives/edgar/data/1038074/0000912057-01-002379.txt,20010122,38c18db1047dbf1e0120edbc864b31f9e269d737bcee9876ac150fef1dd74db1,artifacts/primary_event_study_2010_2019_v1/ticker_history.csv,,Same SEC issuer with documented security interval; provider labels may reflect subsequent company renaming.,https://www.nasdaqtrader.com/dynamic/SymDir/nasdaqlisted.txt,2026-09-29,starting_184,128,40,40,2026-09-29,,,,primary physical-product business,verified_eligible,2026-09-29,Current US operational/principal HQ; not a year-by-year historical domicile classification,2010Q1,2019Q4,True,True,True,2010Q1,2019Q4,2010-04-28,2020-01-29,2010Q1,2019Q4,2010-04-28,2020-01-29,"Provider listing/security start, not founding date; see historical mapping evidence"
0001039065,0001039065,OSI Systems Inc,OSIS,NASDAQ,OSIS,"Products represent 72.47% of FY2019 revenue, dominated by security scanners, healthcare devices and optoelectronics, but include separately marketed software; hardware-only percentage is not isolated.",Product company,Semiconductors and related devices,HAWTHORNE,CA,United States,https://www.sec.gov/cgi-bin/browse-edgar?action=getcompany&CIK=0001039065&owner=include&count=10,6a896d483a0fa992a3f2f3cbe3bda1f146d9b50f7512e7ca09cf14a1cdb19342,2026-09-16,https://www.osi-systems.com/,721563ff1c1427dfe3a56a3f318120110b327b01ebfc693d36fb99c27475e0b7,2026-09-29T23:38:26.460536+00:00,Manual review of company website/catalog text and business model; primary physical goods supported; no required exact revenue percentage.,1997-10-02,2010-12-31 active-stock snapshot; symbol match,https://www.alphavantage.co/documentation/#listing-status,https://www.sec.gov/Archives/edgar/data/1039065/0000950168-02-002855.txt,20020930,8694b291aabfbbd15b29d21573aee95dfedb9560890132aa7d769a685b88bcce,artifacts/primary_event_study_2010_2019_v1/ticker_history.csv,,Same SEC issuer with documented security interval; provider labels may reflect subsequent company renaming.,https://www.nasdaqtrader.com/dynamic/SymDir/nasdaqlisted.txt,2026-09-29,starting_184,129,35,35,2026-09-29,,,,primary physical-product business,verified_eligible,2026-09-29,Current US operational/principal HQ; not a year-by-year historical domicile classification,2010Q1,2019Q4,True,True,True,2010Q1,2019Q4,2009-10-27,2019-08-26,2010Q1,2019Q4,2009-10-27,2019-08-26,"Provider listing/security start, not founding date; see historical mapping evidence"
0001039399,0001039399,FormFactor Inc,FORM,NASDAQ,FORM,Probe cards alone exceed 50%; excludes Systems segment including potential services.,Product company,Semiconductor manufacturing and electronic test equipment,LIVERMORE,CA,United States,https://www.sec.gov/cgi-bin/browse-edgar?action=getcompany&CIK=0001039399&owner=include&count=10,f85b487ede28e3e5d42a3383fdcfdbf669b338a60e63e47ccdf0f0201a4fad67,2026-09-16,https://www.formfactor.com/company/our-history/,aaa7854140606bfca13781ca5bbc2f67fdbcfe521c5d9672930a8b65c005423c,2026-09-29,Manual review of company website/catalog text and business model; primary physical goods supported; no required exact revenue percentage.,2003-06-12,2010-12-31 active-stock snapshot; symbol match,https://www.alphavantage.co/documentation/#listing-status,https://www.sec.gov/Archives/edgar/data/1039399/0000891618-04-000760.txt,20040322,79fdbfc6d0e212d266ff61697a666577ffe65d5be1f19aea0088298c804b139e,artifacts/primary_event_study_2010_2019_v1/ticker_history.csv,,Same SEC issuer with documented security interval; provider labels may reflect subsequent company renaming.,https://www.nasdaqtrader.com/dynamic/SymDir/nasdaqlisted.txt,2026-09-29,starting_184,130,37,37,2026-09-29,,,,primary physical-product business,verified_eligible,2026-09-29,Current US operational/principal HQ; not a year-by-year historical domicile classification,2010Q1,2019Q4,True,True,True,2010Q2,2019Q4,2010-07-27,2020-02-05,2010Q2,2019Q4,2010-07-27,2020-02-05,"Provider listing/security start, not founding date; see historical mapping evidence"
0001040470,0001040470,Aehr Test Systems,AEHR,NASDAQ,AEHR,Systems 9566 plus contactors 6154; services 5336 excluded.,Product company,Semiconductor manufacturing and electronic test equipment,FREMONT,CA,United States,https://www.sec.gov/cgi-bin/browse-edgar?action=getcompany&CIK=0001040470&owner=include&count=10,7049052ce8aa3bff28dc8918dbb4d1bf12ffb7d7cd4f51e1218db62b009c8327,2026-09-16,https://www.aehr.com/,9be122ee11af686e42349fef1a22c57c14544e31f5ee214a68a5d078b1bea37b,2026-09-29T23:37:29.277758+00:00,Manual review of company website/catalog text and business model; primary physical goods supported; no required exact revenue percentage.,1997-08-15,2010-12-31 active-stock snapshot; symbol match,https://www.alphavantage.co/documentation/#listing-status,https://www.sec.gov/Archives/edgar/data/1040470/0001040470-01-500004.txt,20010829,1ebffd09ab19ddb7b900ff82ccbc13bd4354954df4fa67abc0d9d2e9022c2474,artifacts/primary_event_study_2010_2019_v1/ticker_history.csv,,Same SEC issuer with documented security interval; provider labels may reflect subsequent company renaming.,https://www.nasdaqtrader.com/dynamic/SymDir/nasdaqlisted.txt,2026-09-29,starting_184,131,37,37,2026-09-29,,,,primary physical-product business,verified_eligible,2026-09-29,Current US operational/principal HQ; not a year-by-year historical domicile classification,2010Q1,2019Q4,True,True,True,2010Q2,2019Q4,2010-01-07,2019-07-18,2010Q2,2019Q4,2010-01-07,2019-07-18,"Provider listing/security start, not founding date; see historical mapping evidence"
0001045810,0001045810,NVIDIA Corp,NVDA,NASDAQ,NVDA,GPU and Tegra processor businesses dominate revenue; software and license amounts not separately quantified for a precise hardware percentage.,Product company,Semiconductors and related devices,SANTA CLARA,CA,United States,https://www.sec.gov/cgi-bin/browse-edgar?action=getcompany&CIK=0001045810&owner=include&count=10,1ac0832ccf974a7d89388662552de76982b72ff1c930d38ddef9d761b31a688a,2026-09-16,https://www.nvidia.com/en-us/,57e0e0e11856bb37a70748237236bcc1f153384cc8f887394d899d9a11389c83,2026-09-29T23:38:24.945178+00:00,Manual review of company website/catalog text and business model; primary physical goods supported; no required exact revenue percentage.,1999-01-22,2010-12-31 active-stock snapshot; symbol match,https://www.alphavantage.co/documentation/#listing-status,https://www.sec.gov/Archives/edgar/data/1045810/0001012870-02-002262.txt,20020514,d9acdca0a27e9f88db55e5a2e0ac81ae3a78f4ac1bbc0ad57ac86aeb3e2d831d,artifacts/primary_event_study_2010_2019_v1/ticker_history.csv,,Same SEC issuer with documented security interval; provider labels may reflect subsequent company renaming.,https://www.nasdaqtrader.com/dynamic/SymDir/nasdaqlisted.txt,2026-09-29,starting_184,132,38,38,2026-09-29,,,,primary physical-product business,verified_eligible,2026-09-29,Current US operational/principal HQ; not a year-by-year historical domicile classification,2010Q1,2019Q4,True,True,True,2010Q1,2019Q4,2009-05-07,2019-02-14,2010Q1,2019Q4,2009-05-07,2019-02-14,"Provider listing/security start, not founding date; see historical mapping evidence"
0001047127,0001047127,"AMKOR TECHNOLOGY, INC.",AMKR,NASDAQ,AMKR,Packaged semiconductor devices,Contract manufacturing,Electronics and electrical equipment,TEMPE,AZ,United States,https://www.sec.gov/cgi-bin/browse-edgar?action=getcompany&CIK=0001047127&owner=include&count=10,c27d6b79bcc8bfdef83b08c8f6ddc58ef9e8fc7bddfdbda232829a7a46a894e2,2026-09-16,https://amkor.com/,cda2269bb2149fd22087600bceb65acb1560f42670e64ee4f90139e4c8cbd3b5,2026-09-29T23:37:30.618804+00:00,Manual review of company website/catalog text and business model; primary physical goods supported; no required exact revenue percentage.,1998-05-01,2010-12-31 active-stock snapshot; symbol match,https://www.alphavantage.co/documentation/#listing-status,https://www.sec.gov/Archives/edgar/data/1047127/0000893220-03-000476.txt,20030327,7ddb01418871cea2da7712f8d4ac90594a546732320486a4628b91d2740851a6,artifacts/primary_event_study_2010_2019_v1/ticker_history.csv,,Same SEC issuer with documented security interval; provider labels may reflect subsequent company renaming.,https://www.nasdaqtrader.com/dynamic/SymDir/nasdaqlisted.txt,2026-09-29,starting_184,133,40,40,2026-09-29,,,,primary physical-product business,verified_eligible,2026-09-29,Current US operational/principal HQ; not a year-by-year historical domicile classification,2010Q1,2019Q4,True,True,True,2010Q1,2019Q4,2010-04-27,2020-02-10,2010Q1,2019Q4,2010-04-27,2020-02-10,"Provider listing/security start, not founding date; see historical mapping evidence"
0001049502,0001049502,MKS Instruments Inc,MKSI,NASDAQ,MKSI,Instrument and equipment product revenue versus separate services/parts/maintenance.,Product company,Semiconductor manufacturing and electronic test equipment,ANDOVER,MA,United States,https://www.sec.gov/cgi-bin/browse-edgar?action=getcompany&CIK=0001049502&owner=include&count=10,2f663abb51ca5abd43b681ced603bdd25a0d5ed78c19b97a265def90324da359,2026-09-16,https://investor.mks.com/,b750d4d7916e124d4d5b18f6f238746cfa1838c3608772a89cbcc45ec61f6f52,2026-09-29,Manual review of company website/catalog text and business model; primary physical goods supported; no required exact revenue percentage.,1999-03-30,2010-12-31 active-stock snapshot; symbol match,https://www.alphavantage.co/documentation/#listing-status,https://www.sec.gov/Archives/edgar/data/1049502/0000950135-02-001823.txt,20020401,3b255572a0e2c725a55e78b85d5b02af0b45ae54c10dd0481a505589cfbc8857,artifacts/primary_event_study_2010_2019_v1/ticker_history.csv,,Same SEC issuer with documented security interval; provider labels may reflect subsequent company renaming.,https://www.nasdaqtrader.com/dynamic/SymDir/nasdaqlisted.txt,2026-09-29,starting_184,134,36,36,2026-09-29,,,,primary physical-product business,verified_eligible,2026-09-29,Current US operational/principal HQ; not a year-by-year historical domicile classification,2010Q1,2019Q4,True,True,True,2010Q1,2019Q4,2010-04-21,2020-01-28,2010Q1,2019Q4,2010-04-21,2020-01-28,"Provider listing/security start, not founding date; see historical mapping evidence"
0001049521,0001049521,Mercury Systems Inc,MRCY,NASDAQ,MRCY,Secure sensor and mission-processing electronic subsystems dominate business; precise hardware/services percentage not separately disclosed.,Product company,Electronic components and materials,ANDOVER,MA,United States,https://www.sec.gov/cgi-bin/browse-edgar?action=getcompany&CIK=0001049521&owner=include&count=10,e4fdcc4c8549cbd1932bd6f2f37e647c3bb8438af11cdc3023a55d9e86e32ca5,2026-09-16,https://www.mrcy.com/,40fa98c54e86c88280dfcd9d42b82f3b1dccd337f94d1b6ee21dbc63328cf66f,2026-09-29T23:38:19.334038+00:00,Manual review of company website/catalog text and business model; primary physical goods supported; no required exact revenue percentage.,1998-01-30,2010-12-31 active-stock snapshot; symbol match,https://www.alphavantage.co/documentation/#listing-status,https://www.sec.gov/Archives/edgar/data/1049521/0000950135-01-502965.txt,20010928,00258fc579ba03b937cbb3490f7de160f09f83694be27955d7654a50fcd541cc,artifacts/primary_event_study_2010_2019_v1/ticker_history.csv,,Same SEC issuer with documented security interval; provider labels may reflect subsequent company renaming.,https://www.nasdaqtrader.com/dynamic/SymDir/nasdaqlisted.txt,2026-09-29,starting_184,135,33,33,2026-09-29,,,,primary physical-product business,verified_eligible,2026-09-29,Current US operational/principal HQ; not a year-by-year historical domicile classification,2010Q1,2019Q4,True,True,True,2010Q1,2019Q4,2010-01-26,2019-10-29,2010Q1,2019Q4,2010-01-26,2019-10-29,"Provider listing/security start, not founding date; see historical mapping evidence"
0001051627,0001051627,AXT Inc,AXTI,NASDAQ,AXTI,Substrates were 81% of 2019 revenue; excludes raw materials revenue.,Product company,Semiconductors and related devices,FREMONT,CA,United States,https://www.sec.gov/cgi-bin/browse-edgar?action=getcompany&CIK=0001051627&owner=include&count=10,572be0718faf26e0230270b3bd56074f1e9bae74a4b2d0cb2828ba0c536a8dae,2026-09-16,https://www.axt.com/,43244606411f962eacd308f0c5d8f23243224725c2fe1a512d800f8d66353aad,2026-09-29T23:37:33.473873+00:00,Manual review of company website/catalog text and business model; primary physical goods supported; no required exact revenue percentage.,1998-05-21,2010-12-31 active-stock snapshot; symbol match,https://www.alphavantage.co/documentation/#listing-status,https://www.sec.gov/Archives/edgar/data/1051627/0000891618-01-500068.txt,20010226,1076389a5b4f217a642ff7c3a2d8acbbed627ad8fc24827dd936a6dadc50190d,artifacts/primary_event_study_2010_2019_v1/ticker_history.csv,,Same SEC issuer with documented security interval; provider labels may reflect subsequent company renaming.,https://www.nasdaqtrader.com/dynamic/SymDir/nasdaqlisted.txt,2026-09-29,starting_184,136,29,29,2026-09-29,,,,primary physical-product business,verified_eligible,2026-09-29,Current US operational/principal HQ; not a year-by-year historical domicile classification,2010Q1,2019Q4,True,True,True,2011Q4,2019Q4,2012-02-23,2020-02-19,2011Q4,2019Q4,2012-02-23,2020-02-19,"Provider listing/security start, not founding date; see historical mapping evidence"
0001069202,0001069202,LENNOX INTERNATIONAL INC,LII,NYSE,LII,HVAC and refrigeration equipment,Product company,Machinery,RICHARDSON,TX,United States,https://www.sec.gov/cgi-bin/browse-edgar?action=getcompany&CIK=0001069202&owner=include&count=10,44a24a4ff6fb8338dd3f8f8a2693d56045fedf45c65157009a41744b9eca73bf,2026-09-16,https://www.lennox.com/,c407c3765cc46d866305ffc3975f2d1cf0aa91bb6627d195e1faf27d365b433c,2026-09-29T23:38:16.943912+00:00,Manual review of company website/catalog text and business model; primary physical goods supported; no required exact revenue percentage.,1999-07-29,2010-12-31 active-stock snapshot; symbol match,https://www.alphavantage.co/documentation/#listing-status,https://www.sec.gov/Archives/edgar/data/1069202/0000950134-03-004696.txt,20030327,14116fb75d0647c19fb1b75e80e945aca3505f5aee887ee52bd2782af5556423,artifacts/primary_event_study_2010_2019_v1/ticker_history.csv,,Same SEC issuer with documented security interval; provider labels may reflect subsequent company renaming.,https://www.nasdaqtrader.com/dynamic/SymDir/otherlisted.txt,2026-09-29,starting_184,137,35,35,2026-09-29,,,,primary physical-product business,verified_eligible,2026-09-29,Current US operational/principal HQ; not a year-by-year historical domicile classification,2010Q1,2019Q4,True,True,True,2011Q2,2019Q4,2011-07-26,2020-02-04,2011Q2,2019Q4,2011-07-26,2020-02-04,"Provider listing/security start, not founding date; see historical mapping evidence"
0001078271,0001078271,EXTREME NETWORKS INC,EXTR,NASDAQ,EXTR,Network switches and wireless access points,Product company,Computing and peripherals,MORRISVILLE,NC,United States,https://www.sec.gov/cgi-bin/browse-edgar?action=getcompany&CIK=0001078271&owner=include&count=10,771c025a5e8fc1b4bd2fd476b590ff82a96563d069c1a5f0a753c160e0fec03d,2026-09-16,https://www.extremenetworks.com/,43630f668ce2676910c48f64451b51940e0db12b789c7b6a71fa74d26a9f3805,2026-09-29T23:37:52.685862+00:00,Manual review of company website/catalog text and business model; primary physical goods supported; no required exact revenue percentage.,1999-04-09,2010-12-31 active-stock snapshot; symbol match,https://www.alphavantage.co/documentation/#listing-status,https://www.sec.gov/Archives/edgar/data/1078271/0001012870-01-502006.txt,20010926,05037d6ae49b71e438f6a67f03ab06d1950eb4cab4b1136540a94a1cd5cbd23b,artifacts/primary_event_study_2010_2019_v1/ticker_history.csv,,Same SEC issuer with documented security interval; provider labels may reflect subsequent company renaming.,https://www.nasdaqtrader.com/dynamic/SymDir/nasdaqlisted.txt,2026-09-29,starting_184,138,33,33,2026-09-29,,,,primary physical-product business,verified_eligible,2026-09-29,Current US operational/principal HQ; not a year-by-year historical domicile classification,2010Q1,2019Q4,True,True,True,2010Q1,2019Q4,2009-10-26,2019-07-31,2010Q1,2019Q4,2009-10-26,2019-07-31,"Provider listing/security start, not founding date; see historical mapping evidence"
0001090872,0001090872,"AGILENT TECHNOLOGIES, INC.",A,NYSE,A,Laboratory analytical instruments,Product company,Measurement and test equipment,SANTA CLARA,CA,United States,https://www.sec.gov/cgi-bin/browse-edgar?action=getcompany&CIK=0001090872&owner=include&count=10,b58a2a9359a2c9c5b01b3663870eac9d611992176c06763b2edd372e370fa91c,2026-09-16,https://www.agilent.com/about/companyinfo/index.html,29c35f07579c69ac40537c174adf0d29e160c897eeeada7b6e51660565c5f597,2026-09-29 (earlier verified company website cache),Manual review of company website/catalog text and business model; primary physical goods supported; no required exact revenue percentage.,1999-11-18,2010-12-31 active-stock snapshot; symbol match,https://www.alphavantage.co/documentation/#listing-status,https://www.sec.gov/Archives/edgar/data/1090872/0000891618-02-000185.txt,20020122,321f141b763c3d1ac8574b09149c3596e4281f6a5f4153e5847184669245f9db,artifacts/primary_event_study_2010_2019_v1/ticker_history.csv,,Same SEC issuer with documented security interval; provider labels may reflect subsequent company renaming.,https://www.nasdaqtrader.com/dynamic/SymDir/otherlisted.txt,2026-09-29,starting_184,139,38,38,2026-09-29,,,,primary physical-product business,verified_eligible,2026-09-29,Current US operational/principal HQ; not a year-by-year historical domicile classification,2010Q1,2019Q4,True,True,True,2010Q1,2019Q4,2010-02-12,2019-11-25,2010Q1,2019Q4,2010-02-12,2019-11-25,"Provider listing/security start, not founding date; see historical mapping evidence"
0001093557,0001093557,DEXCOM INC,DXCM,NASDAQ,DXCM,Continuous glucose-monitoring sensors,Product company,Medical and laboratory,SAN DIEGO,CA,United States,https://www.sec.gov/cgi-bin/browse-edgar?action=getcompany&CIK=0001093557&owner=include&count=10,ae622740486a5d117e17011ec7f556bd5f3e6b785482d68ff179aee2f37ecdb8,2026-09-16,https://www.dexcom.com/,ade09ef175387734c423886b36827a1550e129781feebd02fce2abc2b3a1711e,2026-09-29T23:37:49.103383+00:00,Manual review of company website/catalog text and business model; primary physical goods supported; no required exact revenue percentage.,2005-04-14,2010-12-31 active-stock snapshot; symbol match,https://www.alphavantage.co/documentation/#listing-status,,,,artifacts/primary_event_study_2010_2019_v1/ticker_history.csv,,Same SEC issuer with documented security interval; provider labels may reflect subsequent company renaming.,https://www.nasdaqtrader.com/dynamic/SymDir/nasdaqlisted.txt,2026-09-29,starting_184,140,36,33,2026-09-29,,,,primary physical-product business,verified_eligible,2026-09-29,Current US operational/principal HQ; not a year-by-year historical domicile classification,2010Q1,2019Q4,True,True,True,2010Q1,2019Q4,2010-05-05,2020-02-13,2011Q4,2019Q4,2012-02-23,2020-02-13,"Provider listing/security start, not founding date; see historical mapping evidence"
0001093691,0001093691,PLUG POWER INC,PLUG,NASDAQ,PLUG,Fuel cells and electrolyzers,Product company,Electronics and electrical equipment,SLINGERLANDS,NY,United States,https://www.sec.gov/cgi-bin/browse-edgar?action=getcompany&CIK=0001093691&owner=include&count=10,e65a01331683a08863af603c68151a73d3a612770ba443599176b1ffcb5db651,2026-09-16,https://www.plugpower.com/,f5fa09269cb2df3433b53cbc7132b5eec6154a36409d91ac3dbb48ff189420d9,2026-09-29T23:38:27.478757+00:00,Manual review of company website/catalog text and business model; primary physical goods supported; no required exact revenue percentage.,1999-10-29,2010-12-31 active-stock snapshot; symbol match,https://www.alphavantage.co/documentation/#listing-status,https://www.sec.gov/Archives/edgar/data/1093691/0000927016-01-001596.txt,20010330,2c9a53c689b5c1e3b7f71021211bdc893108e41b46064388b4e93626d36ae77c,artifacts/primary_event_study_2010_2019_v1/ticker_history.csv,,Same SEC issuer with documented security interval; provider labels may reflect subsequent company renaming.,https://www.nasdaqtrader.com/dynamic/SymDir/nasdaqlisted.txt,2026-09-29,starting_184,141,33,33,2026-09-29,,,,primary physical-product business,verified_eligible,2026-09-29,Current US operational/principal HQ; not a year-by-year historical domicile classification,2010Q1,2019Q4,True,True,True,2011Q4,2019Q4,2012-03-08,2020-03-05,2011Q4,2019Q4,2012-03-08,2020-03-05,"Provider listing/security start, not founding date; see historical mapping evidence"
0001094285,0001094285,TELEDYNE TECHNOLOGIES INC,TDY,NYSE,TDY,Imaging sensors and scientific instruments,Product company,Measurement and test equipment,THOUSAND OAKS,CA,United States,https://www.sec.gov/cgi-bin/browse-edgar?action=getcompany&CIK=0001094285&owner=include&count=10,447d38b6f3ea8dae24b31db6935265f3f778f145d4ab51d72d82eeda5da9bc04,2026-09-16,https://www.teledyne.com/en-us,04f85150e4c308266c650775b37d77604e5ae7825323ba71e71e66a4abd2ddc1,2026-09-29T23:38:33.014928+00:00,Manual review of company website/catalog text and business model; primary physical goods supported; no required exact revenue percentage.,1999-11-23,2010-12-31 active-stock snapshot; symbol match,https://www.alphavantage.co/documentation/#listing-status,https://www.sec.gov/Archives/edgar/data/1094285/0000950148-03-000464.txt,20030305,5e43850a38e4f354015bcba8f4365d1ec5a0fe69e68e095105424fbc8de1b65b,artifacts/primary_event_study_2010_2019_v1/ticker_history.csv,,Same SEC issuer with documented security interval; provider labels may reflect subsequent company renaming.,https://www.nasdaqtrader.com/dynamic/SymDir/otherlisted.txt,2026-09-29,starting_184,142,36,36,2026-09-29,,,,primary physical-product business,verified_eligible,2026-09-29,Current US operational/principal HQ; not a year-by-year historical domicile classification,2010Q1,2019Q4,True,True,True,2010Q1,2019Q4,2010-04-29,2020-01-22,2010Q1,2019Q4,2010-04-29,2020-01-22,"Provider listing/security start, not founding date; see historical mapping evidence"
0001097864,0001097864,ON Semiconductor Corp,ON,NASDAQ,ON;ONNN,"Revenue principally from analog, discrete, module and integrated semiconductor products; no separately quantified software/services share.",Product company,Semiconductors and related devices,SCOTTSDALE,AZ,United States,https://www.sec.gov/cgi-bin/browse-edgar?action=getcompany&CIK=0001097864&owner=include&count=10,9f0b937fbf1472fa8e3ecfaa2cc2b673a0f1ea1e450ed92727312c783be5f578,2026-09-16,https://www.onsemi.com/products,7857497dc30bee61f73c77dcf3fe9010218983d92813f46d31d0a45a201f14f5,2026-09-29,Manual review of company website/catalog text and business model; primary physical goods supported; no required exact revenue percentage.,2000-05-02,2010-12-31 active-stock snapshot; symbol match,https://www.alphavantage.co/documentation/#listing-status,https://www.sec.gov/Archives/edgar/data/1097864/0000950153-01-500189.txt,20010330,7e223150770a808ca88c446eb7036323f2c61892470ca1b2b4b603f2bee32784,artifacts/primary_event_study_2010_2019_v1/ticker_history.csv,,Same SEC issuer with documented security interval; provider labels may reflect subsequent company renaming.,https://www.nasdaqtrader.com/dynamic/SymDir/nasdaqlisted.txt,2026-09-29,starting_184,143,40,40,2026-09-29,,,,primary physical-product business,verified_eligible,2026-09-29,Current US operational/principal HQ; not a year-by-year historical domicile classification,2010Q1,2019Q4,True,True,True,2010Q1,2019Q4,2010-05-05,2020-02-03,2010Q1,2019Q4,2010-05-05,2020-02-03,"Provider listing/security start, not founding date; see historical mapping evidence"
0001099800,0001099800,Edwards Lifesciences Corp,EW,NYSE,EW,Heart-valve devices and cardiovascular technology,Product company,Medical and laboratory,IRVINE,CA,United States,https://www.sec.gov/cgi-bin/browse-edgar?action=getcompany&CIK=0001099800&owner=include&count=10,cd12fa92afbd2014521c03ffdfaaeab576625ba6ea4076ed4b805468a7b49202,2026-09-16,https://www.edwards.com/,eb575efce2bfcd57ee55168f05337079308e708df24c4792fe8b132932bb68da,2026-09-29T23:37:50.510099+00:00,Manual review of company website/catalog text and business model; primary physical goods supported; no required exact revenue percentage.,2000-03-27,2010-12-31 active-stock snapshot; symbol match,https://www.alphavantage.co/documentation/#listing-status,https://www.sec.gov/Archives/edgar/data/1099800/0000912057-01-008463.txt,20010327,581c65f3efdf76059013fbb379be74c9d5337da13a45212687ebcb28357ac8ec,artifacts/primary_event_study_2010_2019_v1/ticker_history.csv,,Same SEC issuer with documented security interval; provider labels may reflect subsequent company renaming.,https://www.nasdaqtrader.com/dynamic/SymDir/otherlisted.txt,2026-09-29,starting_184,144,35,35,2026-09-29,,,,primary physical-product business,verified_eligible,2026-09-29,Current US operational/principal HQ; not a year-by-year historical domicile classification,2010Q1,2019Q4,True,True,True,2011Q2,2019Q4,2011-07-21,2020-01-30,2011Q2,2019Q4,2011-07-21,2020-01-30,"Provider listing/security start, not founding date; see historical mapping evidence"
0001109354,0001109354,BRUKER CORP,BRKR,NASDAQ,BRKR,Scientific and analytical instruments,Product company,Measurement and test equipment,BILLERICA,MA,United States,https://www.sec.gov/cgi-bin/browse-edgar?action=getcompany&CIK=0001109354&owner=include&count=10,57e98fdab9ab4a6c1b77c0fb35ba7b6e632b58ae66ff2ba2c38ee0ae789e4c35,2026-09-16,https://www.bruker.com/en.html,3fc1f912c03e6555825bcb2ba3730dd74eb8c64114462df01433f7125f05c57f,2026-09-29T23:37:37.187960+00:00,Manual review of company website/catalog text and business model; primary physical goods supported; no required exact revenue percentage.,2000-08-04,2010-12-31 active-stock snapshot; symbol match,https://www.alphavantage.co/documentation/#listing-status,https://www.sec.gov/Archives/edgar/data/1109354/0000912057-01-505202.txt,20010328,91a0a9e55b36445ab1a27cad0eabaa21e9b97d414ee37f1e33510bd230241e49,artifacts/primary_event_study_2010_2019_v1/ticker_history.csv,,Same SEC issuer with documented security interval; provider labels may reflect subsequent company renaming.,https://www.nasdaqtrader.com/dynamic/SymDir/nasdaqlisted.txt,2026-09-29,starting_184,145,38,38,2026-09-29,,,,primary physical-product business,verified_eligible,2026-09-29,Current US operational/principal HQ; not a year-by-year historical domicile classification,2010Q1,2019Q4,True,True,True,2010Q1,2019Q4,2010-04-29,2020-03-27,2010Q1,2019Q4,2010-04-29,2020-03-27,"Provider listing/security start, not founding date; see historical mapping evidence"
0001110803,0001110803,"ILLUMINA, INC.",ILMN,NASDAQ,ILMN,Genetic sequencing instruments,Product company,Measurement and test equipment,SAN DIEGO,CA,United States,https://www.sec.gov/cgi-bin/browse-edgar?action=getcompany&CIK=0001110803&owner=include&count=10,50aed3cfba7b0b799f608ba2abd5167d1f2944270abb9082e1e8a418e01d4f27,2026-09-16,https://www.illumina.com/,12b9df6c3751b762d4ae56788171b27292c3738f10db6aa604dfb7c56f025c33,2026-09-29T23:38:11.010091+00:00,Manual review of company website/catalog text and business model; primary physical goods supported; no required exact revenue percentage.,2000-07-28,2010-12-31 active-stock snapshot; symbol match,https://www.alphavantage.co/documentation/#listing-status,https://www.sec.gov/Archives/edgar/data/1110803/0000936392-03-000348.txt,20030327,88d83ddb2471170202712f82ed8e01af699317c7e4188f90694f804fe3d3f3dd,artifacts/primary_event_study_2010_2019_v1/ticker_history.csv,,Same SEC issuer with documented security interval; provider labels may reflect subsequent company renaming.,https://www.nasdaqtrader.com/dynamic/SymDir/nasdaqlisted.txt,2026-09-29,starting_184,146,39,39,2026-09-29,,,,primary physical-product business,verified_eligible,2026-09-29,Current US operational/principal HQ; not a year-by-year historical domicile classification,2010Q1,2019Q4,True,True,True,2010Q1,2019Q4,2010-04-28,2020-01-29,2010Q1,2019Q4,2010-04-28,2020-01-29,"Provider listing/security start, not founding date; see historical mapping evidence"
0001111928,0001111928,IPG Photonics Corp,IPGP,NASDAQ,IPGP,"Fiber laser and amplifier sales dominate, with installation and service obligations; exact equipment-only split not disclosed.",Product company,Semiconductors and related devices,MARLBOROUGH,MA,United States,https://www.sec.gov/cgi-bin/browse-edgar?action=getcompany&CIK=0001111928&owner=include&count=10,678542612877724d45e7d85b5d8378c67d881aae3b0eaf2d374af144a63aa3a0,2026-09-16,https://www.ipgphotonics.com/,a98455b84ef33e1c468d72fd3bd7c93c5019d1294091766beb05b10aba34ea37,2026-09-29T23:38:12.768871+00:00,Manual review of company website/catalog text and business model; primary physical goods supported; no required exact revenue percentage.,2006-12-13,2010-12-31 active-stock snapshot; symbol match,https://www.alphavantage.co/documentation/#listing-status,,,,artifacts/primary_event_study_2010_2019_v1/ticker_history.csv,,Same SEC issuer with documented security interval; provider labels may reflect subsequent company renaming.,https://www.nasdaqtrader.com/dynamic/SymDir/nasdaqlisted.txt,2026-09-29,starting_184,147,38,34,2026-09-29,,,,primary physical-product business,verified_eligible,2026-09-29,Current US operational/principal HQ; not a year-by-year historical domicile classification,2010Q1,2019Q4,True,True,True,2010Q1,2019Q4,2010-05-03,2020-02-13,2011Q3,2019Q4,2011-11-01,2020-02-13,"Provider listing/security start, not founding date; see historical mapping evidence"
0001113232,0001113232,Axcelis Technologies Inc,ACLS,NASDAQ,ACLS,Ion implantation systems and parts product revenue; services excluded.,Product company,Semiconductor manufacturing and electronic test equipment,BEVERLY,MA,United States,https://www.sec.gov/cgi-bin/browse-edgar?action=getcompany&CIK=0001113232&owner=include&count=10,01189719660e89cfe04e818da739016b2e3971948d93125bd9e35ae981f4fb0b,2026-09-16,https://www.axcelis.com/,bbbb6473cca8b4f6c1eba44dee0ccd945ca88d8dd0549e1b9c0264fd35f28ec6,2026-09-29T23:37:33.316103+00:00,Manual review of company website/catalog text and business model; primary physical goods supported; no required exact revenue percentage.,2000-07-11,2010-12-31 active-stock snapshot; symbol match,https://www.alphavantage.co/documentation/#listing-status,https://www.sec.gov/Archives/edgar/data/1113232/0001113232-01-500003.txt,20010330,6578725fc920b9904b0d0ccec310601e435e7d5dbaa852d8218ade57e5488d06,artifacts/primary_event_study_2010_2019_v1/ticker_history.csv,,Same SEC issuer with documented security interval; provider labels may reflect subsequent company renaming.,https://www.nasdaqtrader.com/dynamic/SymDir/nasdaqlisted.txt,2026-09-29,starting_184,148,33,33,2026-09-29,,,,primary physical-product business,verified_eligible,2026-09-29,Current US operational/principal HQ; not a year-by-year historical domicile classification,2010Q1,2019Q4,True,True,True,2011Q4,2019Q4,2012-02-02,2020-02-05,2011Q4,2019Q4,2012-02-02,2020-02-05,"Provider listing/security start, not founding date; see historical mapping evidence"
0001114483,0001114483,Integer Holdings Corp,ITGR,NYSE,GB;ITGR,Medical device components and batteries,Product company,Medical and laboratory,PLANO,TX,United States,https://www.sec.gov/cgi-bin/browse-edgar?action=getcompany&CIK=0001114483&owner=include&count=10,ceb2772849e376941a35d4c693cb9b1fe84d8e23261da74eed70fa2cfd215c71,2026-09-16,https://www.integer.net/home/default.aspx,5031076cd812a252a9d41ad06fb4149b8b96d2032cfe8e4f392f84b651e5c55a,2026-09-29T23:38:11.821296+00:00,Manual review of company website/catalog text and business model; primary physical goods supported; no required exact revenue percentage.,2000-09-29,2010-12-31 active-stock snapshot; symbol match,https://www.alphavantage.co/documentation/#listing-status,https://www.sec.gov/Archives/edgar/data/1114483/0000899797-01-000060.txt,20010329,daf3d2d256401927444a6e5f851634dbf16e8cfa74007b4fd64e0a7202e31f95,artifacts/primary_event_study_2010_2019_v1/ticker_history.csv,,Same SEC issuer with documented security interval; provider labels may reflect subsequent company renaming.,https://www.nasdaqtrader.com/dynamic/SymDir/otherlisted.txt,2026-09-29,starting_184,149,14,14,2026-09-29,,,,primary physical-product business,verified_eligible,2026-09-29,Current US operational/principal HQ; not a year-by-year historical domicile classification,2010Q1,2019Q4,True,True,True,2016Q3,2019Q4,2016-10-27,2020-02-20,2016Q3,2019Q4,2016-10-27,2020-02-20,"Provider listing/security start, not founding date; see historical mapping evidence"
0001114925,0001114925,Lantronix Inc,LTRX,NASDAQ,LTRX,"IoT modules, gateways and console servers. Filing says new software offerings did not generate meaningful revenue during FY2019.",Product company,Communications and network equipment,IRVINE,CA,United States,https://www.sec.gov/cgi-bin/browse-edgar?action=getcompany&CIK=0001114925&owner=include&count=10,499fa5f49c59f1b0f174ffe8a7aa8c0650122b40759392eecc7b5aea4d1087a5,2026-09-16,https://www.lantronix.com/,9d6d92d2a5d04aeff80b055913f94e14df1e987f7b297632c974f38c5d8c4396,2026-09-29T23:38:16.562382+00:00,Manual review of company website/catalog text and business model; primary physical goods supported; no required exact revenue percentage.,2000-08-04,2010-12-31 active-stock snapshot; symbol match,https://www.alphavantage.co/documentation/#listing-status,https://www.sec.gov/Archives/edgar/data/1114925/0000898430-01-502607.txt,20010928,61454b7b76bdde89648ee9a203810ff3e0857e5f90642a500944cb29766c1d4e,artifacts/primary_event_study_2010_2019_v1/ticker_history.csv,,Same SEC issuer with documented security interval; provider labels may reflect subsequent company renaming.,https://www.nasdaqtrader.com/dynamic/SymDir/nasdaqlisted.txt,2026-09-29,starting_184,150,29,29,2026-09-29,,,,primary physical-product business,verified_eligible,2026-09-29,Current US operational/principal HQ; not a year-by-year historical domicile classification,2010Q1,2019Q4,True,True,True,2012Q2,2019Q4,2012-02-10,2019-09-10,2012Q2,2019Q4,2012-02-10,2019-09-10,"Provider listing/security start, not founding date; see historical mapping evidence"
0001116463,0001116463,ORASURE TECHNOLOGIES INC,OSUR,NASDAQ,OSUR,Diagnostic devices and specimen-collection products,Product company,Medical and laboratory,BETHLEHEM,PA,United States,https://www.sec.gov/cgi-bin/browse-edgar?action=getcompany&CIK=0001116463&owner=include&count=10,57090c443a31120c5fc5b17a5eecd27a6f3730e0bdd3d8badc6f5a09350a4173,2026-09-16,https://orasure.com/,1f284de6f96ce5fd551a051226cf28265a3e4ca9ceab0ced4cb95373f3a55cb3,2026-09-29T23:38:25.839772+00:00,Manual review of company website/catalog text and business model; primary physical goods supported; no required exact revenue percentage.,1992-03-17,2010-12-31 active-stock snapshot; symbol match,https://www.alphavantage.co/documentation/#listing-status,https://www.sec.gov/Archives/edgar/data/1116463/0000892917-01-000014.txt,20010402,33dfb2f72ed189247e80fa5a247bb8f6589767360d1b429a8af8992baafbf161,artifacts/primary_event_study_2010_2019_v1/ticker_history.csv,,Same SEC issuer with documented security interval; provider labels may reflect subsequent company renaming.,https://www.nasdaqtrader.com/dynamic/SymDir/nasdaqlisted.txt,2026-09-29,starting_184,151,34,34,2026-09-29,,,,primary physical-product business,verified_eligible,2026-09-29,Current US operational/principal HQ; not a year-by-year historical domicile classification,2010Q1,2019Q4,True,True,True,2010Q1,2019Q4,2010-05-05,2020-02-19,2010Q1,2019Q4,2010-05-05,2020-02-19,"Provider listing/security start, not founding date; see historical mapping evidence"
0001116942,0001116942,TTM Technologies Inc,TTMI,NASDAQ,TTMI,Printed circuit boards and RF components dominate disclosed business; exact hardware-only percentage is not separately disclosed.,Product company,Electronic components and materials,SANTA ANA,CA,United States,https://www.sec.gov/cgi-bin/browse-edgar?action=getcompany&CIK=0001116942&owner=include&count=10,a7cbda8dfe62a060e33cbb3df2d1e7f57ceed33c4d7cc4a03ef7aceed26e639f,2026-09-16,https://www.ttm.com/,69879787d1c8b147c13bfddc66c34510be60f0b692aff3322db95b8c30797b1c,2026-09-29T23:38:34.651214+00:00,Manual review of company website/catalog text and business model; primary physical goods supported; no required exact revenue percentage.,2000-09-25,2010-12-31 active-stock snapshot; symbol match,https://www.alphavantage.co/documentation/#listing-status,https://www.sec.gov/Archives/edgar/data/1116942/0000912057-02-011197.txt,20020322,c1cca83c16092d9ae3ad7b1133b4cf2db0f0e28d1e17b7ad441a9011588e7847,artifacts/primary_event_study_2010_2019_v1/ticker_history.csv,,Same SEC issuer with documented security interval; provider labels may reflect subsequent company renaming.,https://www.nasdaqtrader.com/dynamic/SymDir/nasdaqlisted.txt,2026-09-29,starting_184,152,34,34,2026-09-29,,,,primary physical-product business,verified_eligible,2026-09-29,Current US operational/principal HQ; not a year-by-year historical domicile classification,2010Q1,2019Q4,True,True,True,2010Q1,2019Q4,2010-05-06,2020-02-05,2010Q1,2019Q4,2010-05-06,2020-02-05,"Provider listing/security start, not founding date; see historical mapping evidence"
0001121788,0001121788,GARMIN LTD,GRMN,NYSE,GRMN,Navigation devices and wearable electronics,Product company,Measurement and test equipment,Olathe,KS,United States,https://www.garmin.com/en-US/blog/general/garmin-chosen-for-made-in-kansas-program/,ba61567e3599a1042876e82d9e2e690beebfb52e7f8e7ea2207b5400ad5d6c86,2026-09-29,https://WWW.garmin.com/en-US/,7099ba0567b36eba50a5049685fd9b04a9808317191442408689305e2afc3b82,2026-09-29T23:38:03.070713+00:00,Manual review of company website/catalog text and business model; primary physical goods supported; no required exact revenue percentage.,2000-12-08,2010-12-31 active-stock snapshot; symbol match,https://www.alphavantage.co/documentation/#listing-status,https://www.sec.gov/Archives/edgar/data/1121788/0001121788-03-000004.txt,20030325,7d0190ad41dfbb8840b06e11ae9c6b2d385bb34f1ee9d5b02060d15b53757a2f,artifacts/primary_event_study_2010_2019_v1/ticker_history.csv,,Same SEC issuer with documented security interval; provider labels may reflect subsequent company renaming.,https://www.nasdaqtrader.com/dynamic/SymDir/otherlisted.txt,2026-09-29,starting_184,153,35,35,2026-09-29,,,,primary physical-product business,verified_eligible,2026-09-29,Current US operational/principal HQ; not a year-by-year historical domicile classification,2010Q1,2019Q4,True,True,True,2011Q2,2019Q4,2011-08-03,2020-02-19,2011Q2,2019Q4,2011-08-03,2020-02-19,"Provider listing/security start, not founding date; see historical mapping evidence"
0001122904,0001122904,Netgear Inc,NTGR,NASDAQ,NTGR,Home and business networking devices dominate revenue; growing service subscriptions are not separately quantified.,Product company,Communications and network equipment,SAN JOSE,CA,United States,https://www.sec.gov/cgi-bin/browse-edgar?action=getcompany&CIK=0001122904&owner=include&count=10,037b6827e0645b3cec4d792b9b775374d2c4ec515ef324bdd85292c929eb4dad,2026-09-16,https://www.netgear.com/,554345cee2bc72f0fc25c55dd6175d1435bfdade5c491bd7b2c4897b674b1074,2026-09-29T23:38:24.464206+00:00,Manual review of company website/catalog text and business model; primary physical goods supported; no required exact revenue percentage.,2003-07-31,2010-12-31 active-stock snapshot; symbol match,https://www.alphavantage.co/documentation/#listing-status,https://www.sec.gov/Archives/edgar/data/1122904/0000891618-04-000673.txt,20040305,6ba7bf85f229550a90b38babb1d3df4d4ff2f896c040a516205190bb58e96b8f,artifacts/primary_event_study_2010_2019_v1/ticker_history.csv,,Same SEC issuer with documented security interval; provider labels may reflect subsequent company renaming.,https://www.nasdaqtrader.com/dynamic/SymDir/nasdaqlisted.txt,2026-09-29,starting_184,154,34,34,2026-09-29,,,,primary physical-product business,verified_eligible,2026-09-29,Current US operational/principal HQ; not a year-by-year historical domicile classification,2010Q1,2019Q4,True,True,True,2010Q3,2019Q4,2010-10-26,2020-02-05,2010Q3,2019Q4,2010-10-26,2020-02-05,"Provider listing/security start, not founding date; see historical mapping evidence"
0001123494,0001123494,HARVARD BIOSCIENCE INC,HBIO,NASDAQ,HBIO,Laboratory research instruments,Product company,Measurement and test equipment,HOLLISTON,MA,United States,https://www.sec.gov/cgi-bin/browse-edgar?action=getcompany&CIK=0001123494&owner=include&count=10,201084665826a218ad4a02653d4f5d7f6c1e64241cfe2b154068bebe38e86fca,2026-09-16,https://www.harvardbioscience.com/,ee2d0449e1bc48cd428704b5a379de94280607e264847047ab71e242861a61c3,2026-09-29T23:38:09.182762+00:00,Manual review of company website/catalog text and business model; primary physical goods supported; no required exact revenue percentage.,2001-03-19,2010-12-31 active-stock snapshot; symbol match,https://www.alphavantage.co/documentation/#listing-status,https://www.sec.gov/Archives/edgar/data/1123494/0001104659-02-001297.txt,20020401,d5f718b22d5e94f40c48f1a1c455b151b5764d2cbebf0dd08fa5e06930064f5c,artifacts/primary_event_study_2010_2019_v1/ticker_history.csv,,Same SEC issuer with documented security interval; provider labels may reflect subsequent company renaming.,https://www.nasdaqtrader.com/dynamic/SymDir/nasdaqlisted.txt,2026-09-29,starting_184,155,32,32,2026-09-29,,,,primary physical-product business,verified_eligible,2026-09-29,Current US operational/principal HQ; not a year-by-year historical domicile classification,2010Q1,2019Q4,True,True,True,2011Q4,2019Q4,2012-03-01,2020-02-26,2011Q4,2019Q4,2012-03-01,2020-02-26,"Provider listing/security start, not founding date; see historical mapping evidence"
0001126741,0001126741,GSI Technology Inc,GSIT,NASDAQ,GSIT,SRAM semiconductor sales drive business and FY2019 revenue; exact non-product split not separately disclosed.,Product company,Semiconductors and related devices,SUNNYVALE,CA,United States,https://www.sec.gov/cgi-bin/browse-edgar?action=getcompany&CIK=0001126741&owner=include&count=10,db452f34917b595720fe17754c7194b1a3c63afa6f8e324986122b54f7bff528,2026-09-16,https://gsitechnology.com/,e593fef9be23b9c2e91e3302337bb126dbabd47f25d392853f59e7c1e387ca7d,2026-09-29T23:38:07.518767+00:00,Manual review of company website/catalog text and business model; primary physical goods supported; no required exact revenue percentage.,2007-03-29,2010-12-31 active-stock snapshot; symbol match,https://www.alphavantage.co/documentation/#listing-status,,,,artifacts/primary_event_study_2010_2019_v1/ticker_history.csv,,Same SEC issuer with documented security interval; provider labels may reflect subsequent company renaming.,https://www.nasdaqtrader.com/dynamic/SymDir/nasdaqlisted.txt,2026-09-29,starting_184,156,28,28,2026-09-29,,,,primary physical-product business,verified_eligible,2026-09-29,Current US operational/principal HQ; not a year-by-year historical domicile classification,2010Q1,2019Q4,True,True,True,2013Q1,2019Q4,2012-07-26,2019-05-02,2013Q1,2019Q4,2012-07-26,2019-05-02,"Provider listing/security start, not founding date; see historical mapping evidence"
0001136869,0001136869,"ZIMMER BIOMET HOLDINGS, INC.",ZBH,NYSE,ZBH,Orthopedic devices and surgical technology,Product company,Medical and laboratory,WARSAW,IN,United States,https://www.sec.gov/cgi-bin/browse-edgar?action=getcompany&CIK=0001136869&owner=include&count=10,90317ba8d4382ef30c24344af36382f76c7b86b30b68e5aca7b69170c3b75aca,2026-09-16,https://www.zimmerbiomet.com/en,d60e65354bc866a5989d4becf4b9d581b65b2c3d2f0f1e93bb42de4a12dfa202,2026-09-29T23:38:38.194578+00:00,Manual review of company website/catalog text and business model; primary physical goods supported; no required exact revenue percentage.,2001-07-25,2010-12-31 active-stock snapshot; symbol match,https://www.alphavantage.co/documentation/#listing-status,https://www.sec.gov/Archives/edgar/data/1136869/0000950137-03-001382.txt,20030312,03090744233628b1e424148939a76ae30aab879955f374125912f902a285fba1,artifacts/primary_event_study_2010_2019_v1/ticker_history.csv,,Same SEC issuer with documented security interval; provider labels may reflect subsequent company renaming.,https://www.nasdaqtrader.com/dynamic/SymDir/otherlisted.txt,2026-09-29,starting_184,157,40,40,2026-09-29,,,,primary physical-product business,verified_eligible,2026-09-29,Current US operational/principal HQ; not a year-by-year historical domicile classification,2010Q1,2019Q4,True,True,True,2010Q1,2019Q4,2010-04-22,2020-02-04,2010Q1,2019Q4,2010-04-22,2020-02-04,"Provider listing/security start, not founding date; see historical mapping evidence"
0001138723,0001138723,ACCURAY INC,ARAY,NASDAQ,ARAY,Radiotherapy systems,Product company,Medical and laboratory,MADISON,WI,United States,https://www.sec.gov/cgi-bin/browse-edgar?action=getcompany&CIK=0001138723&owner=include&count=10,6a6870604bbc0d150dc00b3ce488e8bd09aa6891daa8bfaebe3b38594009e5d6,2026-09-16,https://www.accuray.com/,4f0a2e9e7ff5646761f520f1a2a7948bd010203aa1f24715a19b70b2651d46e0,2026-09-29T23:37:28.877985+00:00,Manual review of company website/catalog text and business model; primary physical goods supported; no required exact revenue percentage.,2007-02-08,2010-12-31 active-stock snapshot; symbol match,https://www.alphavantage.co/documentation/#listing-status,,,,artifacts/primary_event_study_2010_2019_v1/ticker_history.csv,,Same SEC issuer with documented security interval; provider labels may reflect subsequent company renaming.,https://www.nasdaqtrader.com/dynamic/SymDir/nasdaqlisted.txt,2026-09-29,starting_184,158,33,30,2026-09-29,,,,primary physical-product business,verified_eligible,2026-09-29,Current US operational/principal HQ; not a year-by-year historical domicile classification,2010Q1,2019Q4,True,True,True,2010Q3,2019Q4,2010-05-06,2019-08-15,2012Q2,2019Q4,2012-02-08,2019-08-15,"Provider listing/security start, not founding date; see historical mapping evidence"
0001144215,0001144215,ACUITY INC. (DE),AYI,NYSE,AYI,Lighting fixtures and building controls,Product company,Electronics and electrical equipment,ATLANTA,GA,United States,https://www.sec.gov/cgi-bin/browse-edgar?action=getcompany&CIK=0001144215&owner=include&count=10,c4e19bf31f2327d762b84b45f57fdc8e368a7111ee0e5c1e3f426140b1ed9132,2026-09-16,https://www.acuityinc.com/,0fab053412822127ccd938a1f3ac763cffe12e0996ab20a21cc423c670d8e9c1,2026-09-29T23:37:28.878933+00:00,Manual review of company website/catalog text and business model; primary physical goods supported; no required exact revenue percentage.,2001-12-03,2010-12-31 active-stock snapshot; symbol match,https://www.alphavantage.co/documentation/#listing-status,https://www.sec.gov/Archives/edgar/data/1144215/0000950144-02-011541.txt,20021112,a29291c62a6362bea5f93efbf89bcaff95e978cf2c095a4894e40e65e32bb9ee,artifacts/primary_event_study_2010_2019_v1/ticker_history.csv,,Same SEC issuer with documented security interval; provider labels may reflect subsequent company renaming.,https://www.nasdaqtrader.com/dynamic/SymDir/otherlisted.txt,2026-09-29,starting_184,159,31,31,2026-09-29,,,,primary physical-product business,verified_eligible,2026-09-29,Current US operational/principal HQ; not a year-by-year historical domicile classification,2010Q1,2019Q4,True,True,True,2012Q2,2019Q4,2012-04-04,2019-10-02,2012Q2,2019Q4,2012-04-04,2019-10-02,"Provider listing/security start, not founding date; see historical mapping evidence"
0001145197,0001145197,INSULET CORP,PODD,NASDAQ,PODD,Insulin-delivery devices,Product company,Medical and laboratory,ACTON,MA,United States,https://www.sec.gov/cgi-bin/browse-edgar?action=getcompany&CIK=0001145197&owner=include&count=10,ba4bca0c04561318e6a9472719253021ee82883becc1ab138ce7772b7f3f2454,2026-09-16,https://www.insulet.com/,a15d22eaef0d191fd713ab9fa7e3674ef185b143253fe3361b03165e48b72fd4,2026-09-29T23:38:11.482705+00:00,Manual review of company website/catalog text and business model; primary physical goods supported; no required exact revenue percentage.,2007-05-15,2010-12-31 active-stock snapshot; symbol match,https://www.alphavantage.co/documentation/#listing-status,,,,artifacts/primary_event_study_2010_2019_v1/ticker_history.csv,,Same SEC issuer with documented security interval; provider labels may reflect subsequent company renaming.,https://www.nasdaqtrader.com/dynamic/SymDir/nasdaqlisted.txt,2026-09-29,starting_184,160,33,33,2026-09-29,,,,primary physical-product business,verified_eligible,2026-09-29,Current US operational/principal HQ; not a year-by-year historical domicile classification,2010Q1,2019Q4,True,True,True,2011Q4,2019Q4,2012-02-09,2020-02-25,2011Q4,2019Q4,2012-02-09,2020-02-25,"Provider listing/security start, not founding date; see historical mapping evidence"
0001196298,0001196298,NEPHROS INC,NEPH,NASDAQ,NEPH,Water filtration equipment,Product company,Medical and laboratory,SOUTH ORANGE,NJ,United States,https://www.sec.gov/cgi-bin/browse-edgar?action=getcompany&CIK=0001196298&owner=include&count=10,abc023d253be32511789160e2c5fe793d773e983121cd03b8e2e2da2968ca30f,2026-09-16,https://www.nephros.com/,d73ac4f49d1f0f98d18680a2521eb9a626960b0f3a530152203f7cf5b8b6af53,2026-09-29T23:38:23.846141+00:00,Manual review of company website/catalog text and business model; primary physical goods supported; no required exact revenue percentage.,2009-01-22,2010-12-31 active-stock snapshot; symbol match,https://www.alphavantage.co/documentation/#listing-status,,,,artifacts/primary_event_study_2010_2019_v1/ticker_history.csv,,Same SEC issuer with documented security interval; provider labels may reflect subsequent company renaming.,https://www.nasdaqtrader.com/dynamic/SymDir/nasdaqlisted.txt,2026-09-29,starting_184,161,6,2,2026-09-29,,,,primary physical-product business,verified_eligible,2026-09-29,Current US operational/principal HQ; not a year-by-year historical domicile classification,2010Q1,2019Q4,True,True,True,2018Q2,2019Q4,2018-08-08,2020-02-27,2018Q2,2019Q4,2018-08-08,2020-02-27,"Provider listing/security start, not founding date; see historical mapping evidence"
0001274494,0001274494,"FIRST SOLAR, INC.",FSLR,NASDAQ,FSLR,Solar photovoltaic modules,Product company,Electronics and electrical equipment,PHOENIX,AZ,United States,https://www.sec.gov/cgi-bin/browse-edgar?action=getcompany&CIK=0001274494&owner=include&count=10,3016ff49300cb29cab90a5bddbc4baf16095037ef6e72260cdf02529141caef1,2026-09-16,https://www.firstsolar.com/,02c3553ed32a0f3d5c73ab6b16dcb25893855f3203278d6839ac6aa86e18ef8d,2026-09-29T23:37:53.948529+00:00,Manual review of company website/catalog text and business model; primary physical goods supported; no required exact revenue percentage.,2006-11-17,2010-12-31 active-stock snapshot; symbol match,https://www.alphavantage.co/documentation/#listing-status,,,,artifacts/primary_event_study_2010_2019_v1/ticker_history.csv,,Same SEC issuer with documented security interval; provider labels may reflect subsequent company renaming.,https://www.nasdaqtrader.com/dynamic/SymDir/nasdaqlisted.txt,2026-09-29,starting_184,162,40,40,2026-09-29,,,,primary physical-product business,verified_eligible,2026-09-29,Current US operational/principal HQ; not a year-by-year historical domicile classification,2010Q1,2019Q4,True,True,True,2010Q1,2019Q4,2010-04-28,2020-02-20,2010Q1,2019Q4,2010-04-28,2020-02-20,"Provider listing/security start, not founding date; see historical mapping evidence"
0001275014,0001275014,Ultra Clean Hldgs Inc,UCTT,NASDAQ,UCTT,"Semiconductor equipment subsystems reported as Product revenue, distinct from cleaning/analytical services.",Product company,Semiconductor manufacturing and electronic test equipment,HAYWARD,CA,United States,https://www.sec.gov/cgi-bin/browse-edgar?action=getcompany&CIK=0001275014&owner=include&count=10,44a646838e743e5da13e0ed2494c264d45724da96a813be3d909beda5261fd9a,2026-09-16,https://www.uct.com/industries/semiconductor-equipment/default.aspx,32ec2a7d540de340f385792dfbdf20760b93aca8939ddfe05c0e2083f4d40e3d,2026-09-29,Manual review of company website/catalog text and business model; primary physical goods supported; no required exact revenue percentage.,2004-03-25,2010-12-31 active-stock snapshot; symbol match,https://www.alphavantage.co/documentation/#listing-status,,,,artifacts/primary_event_study_2010_2019_v1/ticker_history.csv,,Same SEC issuer with documented security interval; provider labels may reflect subsequent company renaming.,https://www.nasdaqtrader.com/dynamic/SymDir/nasdaqlisted.txt,2026-09-29,starting_184,163,33,33,2026-09-29,,,,primary physical-product business,verified_eligible,2026-09-29,Current US operational/principal HQ; not a year-by-year historical domicile classification,2010Q1,2019Q4,True,True,True,2011Q4,2019Q4,2012-02-13,2020-02-19,2011Q4,2019Q4,2012-02-13,2020-02-19,"Provider listing/security start, not founding date; see historical mapping evidence"
0001275187,0001275187,ANGIODYNAMICS INC,ANGO,NASDAQ,ANGO,Medical and surgical devices,Product company,Medical and laboratory,LATHAM,NY,United States,https://www.sec.gov/cgi-bin/browse-edgar?action=getcompany&CIK=0001275187&owner=include&count=10,1667c6ef2a6a65c8437c3744b3d005bcb60ce25f29b0084fad2b772bf16fcdda,2026-09-16,https://investors.angiodynamics.com/index.php/?order=field_nir_sec_form&sort=asc,2839808458ea0de5985c08beeae3e639503732b140cc59b8e324114a8cf5e9b5,2026-09-29 (earlier verified company website cache),Manual review of company website/catalog text and business model; primary physical goods supported; no required exact revenue percentage.,2004-06-01,2010-12-31 active-stock snapshot; symbol match,https://www.alphavantage.co/documentation/#listing-status,https://www.sec.gov/Archives/edgar/data/1275187/0001193125-04-147684.txt,20040827,b1528876ddddd46203941fe339a6edc2f2e9d259b0a88e8d51fbfe18d0ba6171,artifacts/primary_event_study_2010_2019_v1/ticker_history.csv,,Same SEC issuer with documented security interval; provider labels may reflect subsequent company renaming.,https://www.nasdaqtrader.com/dynamic/SymDir/nasdaqlisted.txt,2026-09-29,starting_184,164,40,40,2026-09-29,,,,primary physical-product business,verified_eligible,2026-09-29,Current US operational/principal HQ; not a year-by-year historical domicile classification,2010Q1,2019Q4,True,True,True,2010Q1,2019Q4,2009-10-06,2019-07-10,2010Q1,2019Q4,2009-10-06,2019-07-10,"Provider listing/security start, not founding date; see historical mapping evidence"
0001280452,0001280452,Monolithic Power System Inc,MPWR,NASDAQ,MPWR,DC-to-DC integrated circuits alone account for about 94%; excludes lighting controls.,Product company,Semiconductors and related devices,WEST PALM BEACH,FL,United States,https://www.sec.gov/cgi-bin/browse-edgar?action=getcompany&CIK=0001280452&owner=include&count=10,62ee741cc758367762811e0d29d5d1dfa7c0508591aad58fd04d6e9c8b568dd7,2026-09-16,https://www.monolithicpower.com/en/about-mps/investor-relations.html/,aa95f7837bbdb12e99caca1063260968c6e6e3f93162e0f693da1e280e950040,2026-09-29,Manual review of company website/catalog text and business model; primary physical goods supported; no required exact revenue percentage.,2004-11-19,2010-12-31 active-stock snapshot; symbol match,https://www.alphavantage.co/documentation/#listing-status,,,,artifacts/primary_event_study_2010_2019_v1/ticker_history.csv,,Same SEC issuer with documented security interval; provider labels may reflect subsequent company renaming.,https://www.nasdaqtrader.com/dynamic/SymDir/nasdaqlisted.txt,2026-09-29,starting_184,165,36,33,2026-09-29,,,,primary physical-product business,verified_eligible,2026-09-29,Current US operational/principal HQ; not a year-by-year historical domicile classification,2010Q1,2019Q4,True,True,True,2010Q1,2019Q4,2010-04-29,2020-02-05,2011Q4,2019Q4,2012-02-09,2020-02-05,"Provider listing/security start, not founding date; see historical mapping evidence"
0001288469,0001288469,MaxLinear Inc,MXL,NASDAQ,MXL,"RF, analog and mixed-signal integrated circuits dominate revenue; exact non-product amount not separately disclosed.",Product company,Semiconductors and related devices,CARLSBAD,CA,United States,https://www.sec.gov/cgi-bin/browse-edgar?action=getcompany&CIK=0001288469&owner=include&count=10,98bd3d9ef835fc77aa370329d4b3fe34cdb3699cb825807e9c58d8eb6a627dc5,2026-09-16,https://www.maxlinear.com/,041d20cb094ef49942da336355ba439abc123afd480754caa7ef6243ea680026,2026-09-29T23:38:19.331046+00:00,Manual review of company website/catalog text and business model; primary physical goods supported; no required exact revenue percentage.,2010-03-24,2010-12-31 active-stock snapshot; symbol match,https://www.alphavantage.co/documentation/#listing-status,,,,artifacts/primary_event_study_2010_2019_v1/ticker_history.csv,,Same SEC issuer with documented security interval; provider labels may reflect subsequent company renaming.,https://www.nasdaqtrader.com/dynamic/SymDir/nasdaqlisted.txt,2026-09-29,starting_184,166,32,32,2026-09-29,,,,primary physical-product business,verified_eligible,2026-09-29,Current US operational/principal HQ; not a year-by-year historical domicile classification,2010Q1,2019Q4,True,True,True,2012Q1,2019Q4,2012-05-02,2020-02-05,2012Q1,2019Q4,2012-05-02,2020-02-05,"Provider listing/security start, not founding date; see historical mapping evidence"
0001299130,0001299130,"PACIFIC BIOSCIENCES OF CALIFORNIA, INC.",PACB,NASDAQ,PACB,Genetic sequencing instruments,Product company,Measurement and test equipment,MENLO PARK,CA,United States,https://www.sec.gov/cgi-bin/browse-edgar?action=getcompany&CIK=0001299130&owner=include&count=10,3b542fa594f8910ecb858a292bd17337bb7fb6b43030c0697ae77d7fce739124,2026-09-16,https://www.pacb.com/,dff4e9e4ea24a302d0a989d6902e6a8dc2dec65c0d862cde3fdd8903cb590dcc,2026-09-29T23:38:26.502255+00:00,Manual review of company website/catalog text and business model; primary physical goods supported; no required exact revenue percentage.,2010-10-27,2010-12-31 active-stock snapshot; symbol match,https://www.alphavantage.co/documentation/#listing-status,,,,artifacts/primary_event_study_2010_2019_v1/ticker_history.csv,,Same SEC issuer with documented security interval; provider labels may reflect subsequent company renaming.,https://www.nasdaqtrader.com/dynamic/SymDir/nasdaqlisted.txt,2026-09-29,starting_184,167,28,28,2026-09-29,,,,primary physical-product business,verified_eligible,2026-09-29,Current US operational/principal HQ; not a year-by-year historical domicile classification,2010Q1,2019Q4,True,True,True,2012Q1,2019Q4,2012-05-01,2020-02-06,2012Q1,2019Q4,2012-05-01,2020-02-06,"Provider listing/security start, not founding date; see historical mapping evidence"
0001323885,0001323885,"AtriCure, Inc.",ATRC,NASDAQ,ATRC,Cardiac ablation devices and surgical instruments,Product company,Medical and laboratory,MASON,OH,United States,https://www.sec.gov/cgi-bin/browse-edgar?action=getcompany&CIK=0001323885&owner=include&count=10,3760f39a580d6d084bed2ef1e983b47e00223e30a5db8d150c73a2da296a9c06,2026-09-16,https://www.atricure.com/,589415c985e351036741700b5813dc5ad6d5c5ccf4704bfbd1f7c91e22109ed2,2026-09-29T23:37:32.694092+00:00,Manual review of company website/catalog text and business model; primary physical goods supported; no required exact revenue percentage.,2005-08-05,2010-12-31 active-stock snapshot; symbol match,https://www.alphavantage.co/documentation/#listing-status,,,,artifacts/primary_event_study_2010_2019_v1/ticker_history.csv,,Same SEC issuer with documented security interval; provider labels may reflect subsequent company renaming.,https://www.nasdaqtrader.com/dynamic/SymDir/nasdaqlisted.txt,2026-09-29,starting_184,168,40,34,2026-09-29,,,,primary physical-product business,verified_eligible,2026-09-29,Current US operational/principal HQ; not a year-by-year historical domicile classification,2010Q1,2019Q4,True,True,True,2010Q1,2019Q4,2010-05-10,2020-02-18,2011Q3,2019Q4,2011-11-01,2020-02-18,"Provider listing/security start, not founding date; see historical mapping evidence"
0001324948,0001324948,RBC Bearings INC,RBC,NYSE,RBC,Precision bearings and industrial components,Product company,Machinery,OXFORD,CT,United States,https://www.sec.gov/cgi-bin/browse-edgar?action=getcompany&CIK=0001324948&owner=include&count=10,28c64c241898e775e6d54275462066c263b7f20ce81fdb681b854a9e6fbde7d1,2026-09-16,https://www.rbcbearings.com/,b930597dbe55457abfa8fb1dbfaa1632c330489284a90a4a153e998e92c61a2b,2026-09-29T23:38:28.476094+00:00,Manual review of company website/catalog text and business model; primary physical goods supported; no required exact revenue percentage.,2005-08-10,2010-12-31 active-stock snapshot; symbol match,https://www.alphavantage.co/documentation/#listing-status,,,,artifacts/primary_event_study_2010_2019_v1/ticker_history.csv,,Same SEC issuer with documented security interval; provider labels may reflect subsequent company renaming.,https://www.nasdaqtrader.com/dynamic/SymDir/otherlisted.txt,2026-09-29,starting_184,169,30,30,2026-09-29,,,,primary physical-product business,verified_eligible,2026-09-29,Current US operational/principal HQ; not a year-by-year historical domicile classification,2010Q1,2019Q4,True,True,True,2012Q3,2019Q4,2012-02-08,2019-05-23,2012Q3,2019Q4,2012-02-08,2019-05-23,"Provider listing/security start, not founding date; see historical mapping evidence"
0001350653,0001350653,"Alphatec Holdings, Inc.",ATEC,NASDAQ,ATEC,Spinal surgery devices and surgical navigation,Product company,Medical and laboratory,CARLSBAD,CA,United States,https://www.sec.gov/cgi-bin/browse-edgar?action=getcompany&CIK=0001350653&owner=include&count=10,d714f8905bd58c7f7a8fa6b30920a29b473909d2d714edee5deb32360666c87f,2026-09-16,https://atecspine.com/,159e953c4181c8f59c85c634c07874b6f4a825f32946e521faebafa793649000,2026-09-29T23:37:30.230117+00:00,Manual review of company website/catalog text and business model; primary physical goods supported; no required exact revenue percentage.,2006-06-02,2010-12-31 active-stock snapshot; symbol match,https://www.alphavantage.co/documentation/#listing-status,,,,artifacts/primary_event_study_2010_2019_v1/ticker_history.csv,,Same SEC issuer with documented security interval; provider labels may reflect subsequent company renaming.,https://www.nasdaqtrader.com/dynamic/SymDir/nasdaqlisted.txt,2026-09-29,starting_184,170,28,28,2026-09-29,,,,primary physical-product business,verified_eligible,2026-09-29,Current US operational/principal HQ; not a year-by-year historical domicile classification,2010Q1,2019Q4,True,True,True,2011Q4,2019Q4,2012-02-28,2020-03-05,2011Q4,2019Q4,2012-02-28,2020-03-05,"Provider listing/security start, not founding date; see historical mapping evidence"
0001375365,0001375365,Super Micro Computer Inc,SMCI,NASDAQ,SMCI,Server/storage systems and components; services included in systems revenue dominate business; precise hardware share not separately disclosed.,Product company,Computing and peripherals,SAN JOSE,CA,United States,https://www.sec.gov/cgi-bin/browse-edgar?action=getcompany&CIK=0001375365&owner=include&count=10,15aa1b353f03b5ac161291c4b681ca4a62a001ad94ee9d3c3e96344eeff3733d,2026-09-16,https://www.supermicro.com/about/,32ec2a7d540de340f385792dfbdf20760b93aca8939ddfe05c0e2083f4d40e3d,2026-09-29,Manual review of company website/catalog text and business model; primary physical goods supported; no required exact revenue percentage.,2007-03-29,2010-12-31 active-stock snapshot; symbol match,https://www.alphavantage.co/documentation/#listing-status,,,,artifacts/primary_event_study_2010_2019_v1/ticker_history.csv,,Same SEC issuer with documented security interval; provider labels may reflect subsequent company renaming.,https://www.nasdaqtrader.com/dynamic/SymDir/nasdaqlisted.txt,2026-09-29,starting_184,171,38,31,2026-09-29,,,,primary physical-product business,verified_eligible,2026-09-29,Current US operational/principal HQ; not a year-by-year historical domicile classification,2010Q1,2019Q4,True,True,True,2010Q1,2019Q4,2009-10-27,2019-08-15,2012Q2,2019Q4,2012-01-24,2019-08-15,"Provider listing/security start, not founding date; see historical mapping evidence"
0001377789,0001377789,Aviat Networks Inc,AVNW,NASDAQ,AVNW,Microwave networking product revenue is 64.27%; product hardware and associated software not separately quantified.,Product company,Communications and network equipment,AUSTIN,TX,United States,https://www.sec.gov/cgi-bin/browse-edgar?action=getcompany&CIK=0001377789&owner=include&count=10,c8d7011b3bfc6cca0c6657cb4315f2116e7d7b7a66d05fd211eae2bcd133ee55,2026-09-16,https://aviatnetworks.com/products/,32ec2a7d540de340f385792dfbdf20760b93aca8939ddfe05c0e2083f4d40e3d,2026-09-29,Manual review of company website/catalog text and business model; primary physical goods supported; no required exact revenue percentage.,1991-02-07,2010-12-31 active-stock snapshot; symbol match,https://www.alphavantage.co/documentation/#listing-status,,,,artifacts/primary_event_study_2010_2019_v1/ticker_history.csv,,Same SEC issuer with documented security interval; provider labels may reflect subsequent company renaming.,https://www.nasdaqtrader.com/dynamic/SymDir/nasdaqlisted.txt,2026-09-29,starting_184,172,32,30,2026-09-29,,,,primary physical-product business,verified_eligible,2026-09-29,Current US operational/principal HQ; not a year-by-year historical domicile classification,2010Q1,2019Q4,True,True,True,2010Q4,2019Q4,2010-08-25,2019-08-27,2012Q3,2019Q4,2012-05-02,2019-08-27,"Provider listing/security start, not founding date; see historical mapping evidence"
0001387467,0001387467,Alpha & Omega Semiconductor Ltd,AOSL,NASDAQ,AOSL,Total revenue less 8868 of separately disclosed packaging and testing services; remaining revenue is power discrete and power IC products.,Product company,Semiconductors and related devices,SUNNYVALE,CA,United States,https://www.sec.gov/cgi-bin/browse-edgar?action=getcompany&CIK=0001387467&owner=include&count=10,0ab417b12ed447d13ad7309adde0bcd9fd7a797762d3c9830309aa29430e77c1,2026-09-16,https://www.aosmd.com/,3e5a5225d0a8542a70384505c5e64fdb6400c22506f1c7a8a31d3d66d5a4605a,2026-09-29T23:37:30.112747+00:00,Manual review of company website/catalog text and business model; primary physical goods supported; no required exact revenue percentage.,2010-04-29,2010-12-31 active-stock snapshot; symbol match,https://www.alphavantage.co/documentation/#listing-status,,,,artifacts/primary_event_study_2010_2019_v1/ticker_history.csv,,Same SEC issuer with documented security interval; provider labels may reflect subsequent company renaming.,https://www.nasdaqtrader.com/dynamic/SymDir/nasdaqlisted.txt,2026-09-29,starting_184,173,22,22,2026-09-29,,,,primary physical-product business,verified_eligible,2026-09-29,Current US operational/principal HQ; not a year-by-year historical domicile classification,2010Q1,2019Q4,True,True,True,2013Q4,2019Q4,2013-08-13,2019-08-07,2013Q4,2019Q4,2013-08-13,2019-08-07,"Provider listing/security start, not founding date; see historical mapping evidence"
0001409375,0001409375,"ORION ENERGY SYSTEMS, INC.",OESX,NASDAQ,OESX,LED lighting systems,Product company,Electronics and electrical equipment,MANITOWOC,WI,United States,https://www.sec.gov/cgi-bin/browse-edgar?action=getcompany&CIK=0001409375&owner=include&count=10,00b1890e885595d7f1f64c9cb0bc29bad720b32f290326acde65b49631afa35d,2026-09-16,https://www.orionlighting.com/,9f58ca2c578dfbad6eb072846cf1593a12930284f122e62652db6cb3dd9264d6,2026-09-29T23:38:25.840016+00:00,Manual review of company website/catalog text and business model; primary physical goods supported; no required exact revenue percentage.,2007-12-19,2010-12-31 active-stock snapshot; symbol match,https://www.alphavantage.co/documentation/#listing-status,,,,artifacts/primary_event_study_2010_2019_v1/ticker_history.csv,,Same SEC issuer with documented security interval; provider labels may reflect subsequent company renaming.,https://www.nasdaqtrader.com/dynamic/SymDir/nasdaqlisted.txt,2026-09-29,starting_184,174,34,29,2026-09-29,,,,primary physical-product business,verified_eligible,2026-09-29,Current US operational/principal HQ; not a year-by-year historical domicile classification,2010Q1,2019Q4,True,True,True,2010Q2,2019Q4,2009-10-27,2019-06-04,2012Q4,2019Q4,2012-06-07,2019-06-04,"Provider listing/security start, not founding date; see historical mapping evidence"
0001421517,0001421517,"Energy Recovery, Inc.",ERII,NASDAQ,ERII,Pressure exchangers and energy-recovery devices,Product company,Machinery,SAN LEANDRO,CA,United States,https://www.sec.gov/cgi-bin/browse-edgar?action=getcompany&CIK=0001421517&owner=include&count=10,3a8b576d4bd7be8e563959f114aeebdb1fafb6986c3e5aecb7a74f5f83b7e909,2026-09-16,https://energyrecovery.com/,a06c53bddcbbc91c56fa6fe2ae61a2ff9d7be950c395386184fd5aa86e17c36b,2026-09-29T23:37:51.628151+00:00,Manual review of company website/catalog text and business model; primary physical goods supported; no required exact revenue percentage.,2008-07-02,2010-12-31 active-stock snapshot; symbol match,https://www.alphavantage.co/documentation/#listing-status,,,,artifacts/primary_event_study_2010_2019_v1/ticker_history.csv,,Same SEC issuer with documented security interval; provider labels may reflect subsequent company renaming.,https://www.nasdaqtrader.com/dynamic/SymDir/nasdaqlisted.txt,2026-09-29,starting_184,175,32,32,2026-09-29,,,,primary physical-product business,verified_eligible,2026-09-29,Current US operational/principal HQ; not a year-by-year historical domicile classification,2010Q1,2019Q4,True,True,True,2012Q1,2019Q4,2012-05-02,2020-03-05,2012Q1,2019Q4,2012-05-02,2020-03-05,"Provider listing/security start, not founding date; see historical mapping evidence"
0001463972,0001463972,Vuzix Corporation,VUZI,NASDAQ,VUZI,Smart glasses and display product sales versus separately reported engineering services.,Product company,Communications and network equipment,WEST HENRIETTA,NY,United States,https://www.sec.gov/cgi-bin/browse-edgar?action=getcompany&CIK=0001463972&owner=include&count=10,41eff5c149512cb55f3e14fcf4ae840e596096c4536108b015cf087aaf8cdd56,2026-09-16,https://www.vuzix.com/,ad446c76003da995de5ce01a7d5f5c13fcd1dbf9d8f2ba4ebffc5f41b902927a,2026-09-29T23:38:37.296691+00:00,Manual review of company website/catalog text and business model; primary physical goods supported; no required exact revenue percentage.,2010-04-05,2010-12-31 active-stock snapshot; symbol match,https://www.alphavantage.co/documentation/#listing-status,,,,artifacts/primary_event_study_2010_2019_v1/ticker_history.csv,,Same SEC issuer with documented security interval; provider labels may reflect subsequent company renaming.,https://www.nasdaqtrader.com/dynamic/SymDir/nasdaqlisted.txt,2026-09-29,starting_184,176,21,21,2026-09-29,,,,primary physical-product business,verified_eligible,2026-09-29,Current US operational/principal HQ; not a year-by-year historical domicile classification,2010Q1,2019Q4,True,True,True,2014Q4,2019Q4,2015-03-31,2020-03-16,2014Q4,2019Q4,2015-03-31,2020-03-16,"Provider listing/security start, not founding date; see historical mapping evidence"
0001474735,0001474735,GENERAC HOLDINGS INC.,GNRC,NYSE,GNRC,Generators and energy-storage equipment,Product company,Electronics and electrical equipment,WAUKESHA,WI,United States,https://www.sec.gov/cgi-bin/browse-edgar?action=getcompany&CIK=0001474735&owner=include&count=10,9eef6e72c5029021c568c7b5ccee4eadf29e0dab340e78448de2b85ba1fa8c8b,2026-09-16,https://www.generac.com/,70e4e43a636eb439f57284044b18eefd5892d5bfc2d9db1399d524de972acd48,2026-09-29T23:38:04.998584+00:00,Manual review of company website/catalog text and business model; primary physical goods supported; no required exact revenue percentage.,2010-02-11,2010-12-31 active-stock snapshot; symbol match,https://www.alphavantage.co/documentation/#listing-status,,,,artifacts/primary_event_study_2010_2019_v1/ticker_history.csv,,Same SEC issuer with documented security interval; provider labels may reflect subsequent company renaming.,https://www.nasdaqtrader.com/dynamic/SymDir/otherlisted.txt,2026-09-29,starting_184,177,32,32,2026-09-29,,,,primary physical-product business,verified_eligible,2026-09-29,Current US operational/principal HQ; not a year-by-year historical domicile classification,2010Q1,2019Q4,True,True,True,2012Q1,2019Q4,2012-05-08,2020-02-13,2012Q1,2019Q4,2012-05-08,2020-02-13,"Provider listing/security start, not founding date; see historical mapping evidence"
0001487952,0001487952,Vishay Precision Group Inc,VPG,NYSE,VPG,"Precision sensors, resistors, strain gauges and measurement systems dominate disclosed business; exact hardware-only percentage is not separately disclosed.",Product company,Electronic components and materials,MALVERN,PA,United States,https://www.sec.gov/cgi-bin/browse-edgar?action=getcompany&CIK=0001487952&owner=include&count=10,e1308f7e291d73be3590bbb071dfb2f8198cd551416a2e01a20b8a2387ba18eb,2026-09-16,https://vpgsensors.com/,034e656a29c9e3430f663d3e3bc1424835eee52e781519b2fb86c238771607d0,2026-09-29T23:38:37.295381+00:00,Manual review of company website/catalog text and business model; primary physical goods supported; no required exact revenue percentage.,2010-06-23,2010-12-31 active-stock snapshot; symbol match,https://www.alphavantage.co/documentation/#listing-status,,,,artifacts/primary_event_study_2010_2019_v1/ticker_history.csv,,Same SEC issuer with documented security interval; provider labels may reflect subsequent company renaming.,https://www.nasdaqtrader.com/dynamic/SymDir/otherlisted.txt,2026-09-29,starting_184,178,28,28,2026-09-29,,,,primary physical-product business,verified_eligible,2026-09-29,Current US operational/principal HQ; not a year-by-year historical domicile classification,2010Q1,2019Q4,True,True,True,2011Q4,2019Q4,2012-02-08,2020-02-19,2011Q4,2019Q4,2012-02-08,2020-02-19,"Provider listing/security start, not founding date; see historical mapping evidence"
0001730168,0001730168,Broadcom Inc,AVGO,NASDAQ,AVGO,"Semiconductor solutions revenue, excluding all infrastructure software and IP licensing; conservative segment floor.",Product company,Semiconductors and related devices,PALO ALTO,CA,United States,https://www.sec.gov/cgi-bin/browse-edgar?action=getcompany&CIK=0001730168&owner=include&count=10,4d95fd64c365cdc995a84b40863453adf3eddacebf248889f85f388889826112,2026-09-16,https://investors.broadcom.com/static-files/82321493-0729-4f11-a207-0097eb06a1a1,d177016818c550235074eb0ac4288fb1c88047c81796f1c6f850ca6baa612ea3,2026-09-29,Manual review of company website/catalog text and business model; primary physical goods supported; no required exact revenue percentage.,2009-08-06,2010-12-31 active-stock snapshot; symbol match,https://www.alphavantage.co/documentation/#listing-status,,,,artifacts/primary_event_study_2010_2019_v1/ticker_history.csv,,Same SEC issuer with documented security interval; provider labels may reflect subsequent company renaming.,https://www.nasdaqtrader.com/dynamic/SymDir/nasdaqlisted.txt,2026-09-29,starting_184,179,39,34,2026-09-29,,,,primary physical-product business,verified_eligible,2026-09-29,Current US operational/principal HQ; not a year-by-year historical domicile classification,2010Q1,2019Q4,True,True,True,2010Q1,2019Q4,2010-02-24,2019-12-12,2011Q2,2019Q4,2011-05-24,2019-12-12,"Provider listing/security start, not founding date; see historical mapping evidence"
0001835632,0001058057,"Marvell Technology, Inc.",MRVL,NASDAQ,MRVL,Data-infrastructure semiconductors,Product company,Physical-product manufacturing,Santa Clara,CA,United States,https://www.marvell.com/company/directions.html,ba61567e3599a1042876e82d9e2e690beebfb52e7f8e7ea2207b5400ad5d6c86,2026-09-29,https://www.marvell.com/,0aeb49ff2485eaaf54e2b960de1b06182fb7a624664a6cdc0b48c4f630e9e89a,2026-09-29 (earlier verified company website cache),Manual review of company website/catalog text and business model; primary physical goods supported; no required exact revenue percentage.,2000-06-30,2010-12-31 active-stock snapshot; symbol match,https://www.alphavantage.co/documentation/#listing-status,https://www.sec.gov/Archives/edgar/data/1058057/0000891618-02-002079.txt,20020501,acfcdb0a8bbe04dea8d75e4b824b3fc415523f4e7c056ab847439163c7bf1072,artifacts/primary_event_study_2010_2019_v1/ticker_history.csv,,2021 one-for-one successor; use predecessor CIK for 2010-2019,https://www.nasdaqtrader.com/dynamic/SymDir/nasdaqlisted.txt,2026-09-29,starting_184,180,29,29,2026-09-29,,,,primary physical-product business,verified_eligible,2026-09-29,Current US operational/principal HQ; not a year-by-year historical domicile classification,2010Q1,2019Q4,True,True,True,2010Q1,2019Q4,2009-05-28,2019-03-07,2010Q1,2019Q4,2009-05-28,2019-03-07,"Provider listing/security start, not founding date; see historical mapping evidence"
0000048898,0000048898,Hubbell Inc,HUBB,NYSE,HUB-A;HUB-B;HUB.A;HUB.B;HUBB,Electrical and power distribution equipment dominate disclosed business; exact hardware-only percentage is not separately disclosed.,Product company,Electronic components and materials,SHELTON,CT,United States,https://www.sec.gov/cgi-bin/browse-edgar?action=getcompany&CIK=0000048898&owner=include&count=10,c58cd1ee64f5566ff08eec4f163573be84b7628551ba9dff911aec5d5ffdf38c,2026-09-16,https://www.hubbell.com/hubbell/en/about-hubbell,e7b422d0686af9e5b58301ce0427f3de18f408469576c8aaabb4e3353382646d,2026-09-29T23:41:00.003567+00:00,Manual review of company website/catalog text and business model; primary physical goods supported; no required exact revenue percentage.,2002-03-20,Pre-2010 SEC public-equity filing corroborated with dated issuer/ticker change evidence,https://www.alphavantage.co/documentation/#listing-status,https://www.sec.gov/Archives/edgar/data/48898/0000950123-02-002711.txt,20020320,3b96d6ee17e13e9b3485d60f938145298ea49da3484d706234e97eb08d31a9e1,https://hubbell.gcs-web.com/stock-information/stock-quote,,Class A and B reclassified into HUBB common; count one issuer. Historical SEC common-stock filing corroborates pre-2010 equity.,https://www.nasdaqtrader.com/dynamic/SymDir/otherlisted.txt,2026-09-29,resolved_history_review,181,38,14,2026-09-29,Public filing date establishes public status by that date; not asserted to be IPO day,,,primary physical-product business,verified_eligible,2026-09-29,Current US operational/principal HQ; not a year-by-year historical domicile classification,2010Q1,2019Q4,True,True,True,2010Q1,2019Q4,2010-04-22,2020-02-04,2016Q3,2019Q4,2016-10-25,2020-02-04,Public filing date establishes public status by that date; not asserted to be IPO day
0000704532,0000704532,ONTO INNOVATION INC.,ONTO,NYSE,NANO;ONTO,Semiconductor inspection and metrology instruments,Product company,Measurement and test equipment,WILMINGTON,MA,United States,https://www.sec.gov/cgi-bin/browse-edgar?action=getcompany&CIK=0000704532&owner=include&count=10,d8ee7ece6e57da29612ecd08e819a258f34bf248956a3f064c93cd0e38748cec,2026-09-16,https://ontoinnovation.com/product-categories/metrology/,495d2a0807f434bee78f21f4c95c0f471a2552965e88c433b940d33b68727c3b,2026-09-29,Manual review of company website/catalog text and business model; primary physical goods supported; no required exact revenue percentage.,2001-03-30,Pre-2010 SEC public-equity filing corroborated with dated issuer/ticker change evidence,https://www.alphavantage.co/documentation/#listing-status,https://www.sec.gov/Archives/edgar/data/704532/0000950005-01-000414.txt,20010330,c8d9ef6c53b6715547c03e82a73bc8b7b45a66344b311001f135c0b7486a5c28,https://www.sec.gov/Archives/edgar/data/704532/000156459020006357/onto-10k_20191231.htm,,"Nanometrics legal issuer renamed Onto after Rudolph merger; follow NANO continuing equity, not a pooled premerger RTEC series.",https://www.nasdaqtrader.com/dynamic/SymDir/otherlisted.txt,2026-09-29,resolved_history_review,182,39,39,2026-09-29,Public filing date establishes public status by that date; not asserted to be IPO day,,,primary physical-product business,verified_eligible,2026-09-29,Current US operational/principal HQ; not a year-by-year historical domicile classification,2010Q1,2019Q4,True,True,True,2010Q1,2019Q4,2010-05-06,2020-02-06,2010Q1,2019Q4,2010-05-06,2020-02-06,Public filing date establishes public status by that date; not asserted to be IPO day
0000926282,0000926282,"ADTRAN Holdings, Inc.",ADTN,NASDAQ,ADTN,Broadband access and optical networking equipment,Product company,Electronics and electrical equipment,HUNTSVILLE,AL,United States,https://www.sec.gov/cgi-bin/browse-edgar?action=getcompany&CIK=0000926282&owner=include&count=10,22974e3d3380350ddee718034a7d21f874b7b1c050e145295ab118f423697e55,2026-09-16,https://www.adtran.com/en/about-us,f37da63ec9c971eaeaac3787048f9cf3f509f655486ca08ba3a33dfae24eba51,2026-09-29T23:41:00.081714+00:00,Manual review of company website/catalog text and business model; primary physical goods supported; no required exact revenue percentage.,1994-08-10,2010-12-31 active-stock snapshot; symbol match,https://www.alphavantage.co/documentation/#listing-status,https://www.sec.gov/Archives/edgar/data/926282/0000931763-01-000640.txt,20010330,8672d0e9c0bcbee018c200f5112c24c398afb2d55442c776b85d39433f24d009,https://www.nasdaqtrader.com/TraderNews.aspx?id=ECA2022-170,,ADTRAN continuing shareholders reorganized into holding company; retain historical ADTN issuer and security. Not a new spin-off.,https://www.nasdaqtrader.com/dynamic/SymDir/nasdaqlisted.txt,2026-09-29,resolved_history_review,184,38,38,2026-09-29,,,,primary physical-product business,verified_eligible,2026-09-29,Current US operational/principal HQ; not a year-by-year historical domicile classification,2010Q1,2019Q4,True,True,True,2010Q1,2019Q4,2010-04-13,2020-02-05,2010Q1,2019Q4,2010-04-13,2020-02-05,"Provider listing/security start, not founding date; see historical mapping evidence"
0000001800,0000001800,ABBOTT LABORATORIES,ABT,NYSE,ABT,"medical devices, diagnostics and nutrition products",Physical-product manufacturer/brand,Medical devices,ABBOTT PARK,IL,United States,https://www.sec.gov/cgi-bin/browse-edgar?action=getcompany&CIK=0000001800&owner=include&count=10,ce5333d3a635b5fdda2a1adb020b43cd7dce4c639899caec9dedcf138c99048a,2026-09-16,https://www.abbott.com/en-us/homepage,0da61a79240c303e1a5f67461e16f8fbc76e2c7f00ca4376e3de12ed2b389b8d,2026-09-29T23:35:10.068618+00:00,Manual review of company website/catalog text and business model; primary physical goods supported; no required exact revenue percentage.,1983-04-06,Archived 2010-12-31 active equity snapshot plus SEC issuer/security mapping,https://www.alphavantage.co/documentation/#listing-status,https://www.sec.gov/Archives/edgar/data/1800/0000912057-01-006039.txt,20010215,d8cd67a4279e6235a8780c583093c75bc70b608610fd2479dd52caa47a6f83b8,artifacts/primary_event_study_2010_2019_v1/ticker_history.csv,,Same SEC issuer with documented security interval; provider labels may reflect subsequent company renaming.,https://www.nasdaqtrader.com/dynamic/SymDir/otherlisted.txt,2026-09-29,sector_expansion,185,39,39,2026-09-29,,,,primary physical-product business,verified_eligible,2026-09-29,Current US operational/principal HQ; not a year-by-year historical domicile classification,2010Q1,2019Q4,True,True,True,2010Q1,2019Q4,2010-04-21,2020-01-22,2010Q1,2019Q4,2010-04-21,2020-01-22,"Provider listing/security start, not founding date; see historical mapping evidence"
0000002969,0000002969,"Air Products & Chemicals, Inc.",APD,NYSE,APD,industrial gases,Physical-product manufacturer/brand,Chemicals,ALLENTOWN,PA,United States,https://www.sec.gov/cgi-bin/browse-edgar?action=getcompany&CIK=0000002969&owner=include&count=10,22c98a2797932cfbe3bf64faa592aac544944e36c92f2f477a73581b34b0aae0,2026-09-16,https://www.airproducts.com/,27df4c582de1a9151561691193b22cedc35eecec7ddbd4889607acb5063580cf,2026-09-29T23:35:42.211740+00:00,Manual review of company website/catalog text and business model; primary physical goods supported; no required exact revenue percentage.,1983-04-06,Archived 2010-12-31 active equity snapshot plus SEC issuer/security mapping,https://www.alphavantage.co/documentation/#listing-status,https://www.sec.gov/Archives/edgar/data/2969/0000002969-01-500028.txt,20011214,798f1a58180b797e5f87acb49925a4a274ca0c4d560bac9bc3ef8c264277ac1f,artifacts/primary_event_study_2010_2019_v1/ticker_history.csv,,Same SEC issuer with documented security interval; provider labels may reflect subsequent company renaming.,https://www.nasdaqtrader.com/dynamic/SymDir/otherlisted.txt,2026-09-29,sector_expansion,186,40,40,2026-09-29,,,,primary physical-product business,verified_eligible,2026-09-29,Current US operational/principal HQ; not a year-by-year historical domicile classification,2010Q1,2019Q4,True,True,True,2010Q1,2019Q4,2010-01-22,2019-11-07,2010Q1,2019Q4,2010-01-22,2019-11-07,"Provider listing/security start, not founding date; see historical mapping evidence"
0000003197,0000003197,CECO ENVIRONMENTAL CORP,CECO,NASDAQ,CECO,industrial air and water equipment,Physical-product manufacturer/brand,Machinery,ADDISON,TX,United States,https://www.sec.gov/cgi-bin/browse-edgar?action=getcompany&CIK=0000003197&owner=include&count=10,b83fa64c434eb23d41ad220fe8cd226b3350fe0a4d3da7cde83080c326c57a4f,2026-09-16,https://www.cecoenviro.com/about-us/,e0f9398a27c7913aff129c33711f8ed626c4575061f6d0f20f53ced55ba1a2a6,2026-09-29,Manual review of company website/catalog text and business model; primary physical goods supported; no required exact revenue percentage.,1992-09-29,Archived 2010-12-31 active equity snapshot plus SEC issuer/security mapping,https://www.alphavantage.co/documentation/#listing-status,https://www.sec.gov/Archives/edgar/data/3197/0000950131-03-001711.txt,20030327,2ae863a96a34d63ee55efbfc6ebf490616291401e57dc2a18dae3f175a41ec7f,artifacts/primary_event_study_2010_2019_v1/ticker_history.csv,,Same SEC issuer with documented security interval; provider labels may reflect subsequent company renaming.,https://www.nasdaqtrader.com/dynamic/SymDir/nasdaqlisted.txt,2026-09-29,sector_expansion,187,32,32,2026-09-29,,,,primary physical-product business,verified_eligible,2026-09-29,Current US operational/principal HQ; not a year-by-year historical domicile classification,2010Q1,2019Q4,True,True,True,2012Q1,2019Q4,2012-05-10,2020-03-04,2012Q1,2019Q4,2012-05-10,2020-03-04,"Provider listing/security start, not founding date; see historical mapping evidence"
0000005981,0000005981,AMERICAN VANGUARD CORP,AVD,NYSE,AVD,crop protection products,Physical-product manufacturer/brand,Chemicals,NEWPORT BEACH,CA,United States,https://www.sec.gov/cgi-bin/browse-edgar?action=getcompany&CIK=0000005981&owner=include&count=10,05edc9c840dcc93e8d6eb7eaff869337e323fcddef9eced18035e0854fb99ad1,2026-09-16,https://www.american-vanguard.com/,91eab5268112a4413d601e78627fa96985fa2b2a4e89b2fce0dd15f28e827f66,2026-09-29T23:35:47.458881+00:00,Manual review of company website/catalog text and business model; primary physical goods supported; no required exact revenue percentage.,1988-06-22,Archived 2010-12-31 active equity snapshot plus SEC issuer/security mapping,https://www.alphavantage.co/documentation/#listing-status,https://www.sec.gov/Archives/edgar/data/5981/0001017062-03-000700.txt,20030331,e65df2d7625e4a8be9fddea5c11ca6a096445d2aece1e8d611c62857fb081463,artifacts/primary_event_study_2010_2019_v1/ticker_history.csv,,Same SEC issuer with documented security interval; provider labels may reflect subsequent company renaming.,https://www.nasdaqtrader.com/dynamic/SymDir/otherlisted.txt,2026-09-29,sector_expansion,188,34,34,2026-09-29,,,,primary physical-product business,verified_eligible,2026-09-29,Current US operational/principal HQ; not a year-by-year historical domicile classification,2010Q1,2019Q4,True,True,True,2010Q1,2019Q4,2010-05-06,2020-03-09,2010Q1,2019Q4,2010-05-06,2020-03-09,"Provider listing/security start, not founding date; see historical mapping evidence"
0000006176,0000006176,AMPCO PITTSBURGH CORP,AP,NYSE,AP,"forged and cast rolls, industrial air equipment",Physical-product manufacturer/brand,Machinery,CARNEGIE,PA,United States,https://www.sec.gov/cgi-bin/browse-edgar?action=getcompany&CIK=0000006176&owner=include&count=10,5366d9b305dd19d159de54d1f76da3d6bd7d6cf5f68a014d3eae38b6cf7be386,2026-09-16,https://ampcopgh.com/,0b76f67f9e4d7e7b91db78c70001c4d7b825d4196160a848346193951a847a14,2026-09-29T23:34:33.295523+00:00,Manual review of company website/catalog text and business model; primary physical goods supported; no required exact revenue percentage.,1984-07-19,Archived 2010-12-31 active equity snapshot plus SEC issuer/security mapping,https://www.alphavantage.co/documentation/#listing-status,https://www.sec.gov/Archives/edgar/data/6176/0000898430-03-001889.txt,20030313,c27e596a7bd79ab675abfb99eb3ee12934bc3c039f844c6ce0a5d5eb2775e992,artifacts/primary_event_study_2010_2019_v1/ticker_history.csv,,Same SEC issuer with documented security interval; provider labels may reflect subsequent company renaming.,https://www.nasdaqtrader.com/dynamic/SymDir/otherlisted.txt,2026-09-29,sector_expansion,189,15,15,2026-09-29,,,,primary physical-product business,verified_eligible,2026-09-29,Current US operational/principal HQ; not a year-by-year historical domicile classification,2010Q1,2019Q4,True,True,True,2014Q4,2019Q4,2015-02-26,2020-03-11,2014Q4,2019Q4,2015-02-26,2020-03-11,"Provider listing/security start, not founding date; see historical mapping evidence"
0000006845,0000006845,"APOGEE ENTERPRISES, INC.",APOG,NASDAQ,APOG,architectural glass and framing,Physical-product manufacturer/brand,Building products,MINNEAPOLIS,MN,United States,https://www.sec.gov/cgi-bin/browse-edgar?action=getcompany&CIK=0000006845&owner=include&count=10,839d51418239113f2a943e9b4fd4519e18a68818e43a639f72e03956d897483d,2026-09-16,https://www.apog.com/static-files/07578624-ce7b-4fed-8031-a923f26d60ac,1134ac29e6ca318d991fa6a794448af59189209bbde68bedf9a1837376715cb0,2026-09-29,Manual review of company website/catalog text and business model; primary physical goods supported; no required exact revenue percentage.,1973-05-03,Archived 2010-12-31 active equity snapshot plus SEC issuer/security mapping,https://www.alphavantage.co/documentation/#listing-status,https://www.sec.gov/Archives/edgar/data/6845/0001045969-01-500400.txt,20010518,cd1aee4be483390c096880ab5c13896d1359020744f14070ed38cbfcf579ee72,artifacts/primary_event_study_2010_2019_v1/ticker_history.csv,,Same SEC issuer with documented security interval; provider labels may reflect subsequent company renaming.,https://www.nasdaqtrader.com/dynamic/SymDir/nasdaqlisted.txt,2026-09-29,sector_expansion,190,32,32,2026-09-29,,,,primary physical-product business,verified_eligible,2026-09-29,Current US operational/principal HQ; not a year-by-year historical domicile classification,2010Q1,2019Q4,True,True,True,2010Q2,2019Q4,2009-09-16,2019-04-11,2010Q2,2019Q4,2009-09-16,2019-04-11,"Provider listing/security start, not founding date; see historical mapping evidence"
0000007431,0000007431,ARMSTRONG WORLD INDUSTRIES INC,AWI,NYSE,AWI,ceiling and wall systems,Physical-product manufacturer/brand,Building products,LANCASTER,PA,United States,https://www.sec.gov/cgi-bin/browse-edgar?action=getcompany&CIK=0000007431&owner=include&count=10,9791faf3cc42500bd8299bc23bd273eeea76c915dc1b0cb36bbd9cbe5921ba49,2026-09-16,https://www.armstrong.com/,00d1f778374442789763541d6f7f7d7db55f119afc33f4b3e0d6b284e858b9ce,2026-09-29T23:35:13.007427+00:00,Manual review of company website/catalog text and business model; primary physical goods supported; no required exact revenue percentage.,2006-10-18,Archived 2010-12-31 active equity snapshot plus SEC issuer/security mapping,https://www.alphavantage.co/documentation/#listing-status,https://www.sec.gov/Archives/edgar/data/7431/0000950109-01-000791.txt,20010329,a8ef203cea0dbcab78dfa445488679310915fe6e59105d90f71e83ad5c6b80cc,artifacts/primary_event_study_2010_2019_v1/ticker_history.csv,,Same SEC issuer with documented security interval; provider labels may reflect subsequent company renaming.,https://www.nasdaqtrader.com/dynamic/SymDir/otherlisted.txt,2026-09-29,sector_expansion,191,35,35,2026-09-29,,,,primary physical-product business,verified_eligible,2026-09-29,Current US operational/principal HQ; not a year-by-year historical domicile classification,2010Q1,2019Q4,True,True,True,2011Q2,2019Q4,2011-08-01,2020-02-24,2011Q2,2019Q4,2011-08-01,2020-02-24,"Provider listing/security start, not founding date; see historical mapping evidence"
0000007536,0000007536,"ARROW ELECTRONICS, INC.",ARW,NYSE,ARW,electronic components,Physical-product distribution,Electronics distribution,CENTENNIAL,CO,United States,https://www.sec.gov/cgi-bin/browse-edgar?action=getcompany&CIK=0000007536&owner=include&count=10,ca66adc63038f917f7f3fac782d69d8c0e9abb74aade2059cbb17c2fcf8cb382,2026-09-16,https://www.arrow.com/company,0b93f994558481c35cfbcf8b86fa8a2541a1275d19ecdf9cbb4f6e27a9d4c612,2026-09-29,Manual review of company website/catalog text and business model; primary physical goods supported; no required exact revenue percentage.,1984-07-19,Archived 2010-12-31 active equity snapshot plus SEC issuer/security mapping,https://www.alphavantage.co/documentation/#listing-status,https://www.sec.gov/Archives/edgar/data/7536/0000007536-03-000014.txt,20030327,9f15294325992202416b649105e4f19b12efb5fc8b8f9e41501d3831c29f3e7e,artifacts/primary_event_study_2010_2019_v1/ticker_history.csv,,Same SEC issuer with documented security interval; provider labels may reflect subsequent company renaming.,https://www.nasdaqtrader.com/dynamic/SymDir/otherlisted.txt,2026-09-29,sector_expansion,192,39,39,2026-09-29,,,,primary physical-product business,verified_eligible,2026-09-29,Current US operational/principal HQ; not a year-by-year historical domicile classification,2010Q1,2019Q4,True,True,True,2010Q1,2019Q4,2010-05-03,2020-02-06,2010Q1,2019Q4,2010-05-03,2020-02-06,"Provider listing/security start, not founding date; see historical mapping evidence"
0000007623,0000007623,ARTS WAY MANUFACTURING CO INC,ARTW,NASDAQ,ARTW,agricultural equipment,Physical-product manufacturer/brand,Machinery,ARMSTRONG,IA,United States,https://www.sec.gov/cgi-bin/browse-edgar?action=getcompany&CIK=0000007623&owner=include&count=10,144c8b8bc0b854c6fed0ba01650617cc9781b6eff8a3f8e0a17115a26c22d464,2026-09-16,https://artsway.com/,d54b9ade1221f9cf8b819d74f904b2a1d64c1ac1330246c1519f4ff249d3d2b3,2026-09-29T23:34:29.903386+00:00,Manual review of company website/catalog text and business model; primary physical goods supported; no required exact revenue percentage.,1984-09-07,Archived 2010-12-31 active equity snapshot plus SEC issuer/security mapping,https://www.alphavantage.co/documentation/#listing-status,https://www.sec.gov/Archives/edgar/data/7623/0000007623-01-000001.txt,20010301,9e340d5e816ce846e92b9ec3fc365931fee12a2467856f05111e11f20ba652b3,artifacts/primary_event_study_2010_2019_v1/ticker_history.csv,,Same SEC issuer with documented security interval; provider labels may reflect subsequent company renaming.,https://www.nasdaqtrader.com/dynamic/SymDir/nasdaqlisted.txt,2026-09-29,sector_expansion,193,15,15,2026-09-29,,,,primary physical-product business,verified_eligible,2026-09-29,Current US operational/principal HQ; not a year-by-year historical domicile classification,2010Q1,2019Q4,True,True,True,2013Q1,2018Q2,2013-05-31,2018-07-11,2013Q1,2018Q2,2013-05-31,2018-07-11,"Provider listing/security start, not founding date; see historical mapping evidence"
0000008063,0000008063,ASTRONICS CORP,ATRO,NASDAQ,ATRO,aircraft electrical systems and lighting,Physical-product manufacturer/brand,Aerospace,EAST AURORA,NY,United States,https://www.sec.gov/cgi-bin/browse-edgar?action=getcompany&CIK=0000008063&owner=include&count=10,afbd37f66079aa2f0c838c7d0da2884309e138acb8d7ecb9b37871f1590ab634,2026-09-16,https://www.astronics.com/,942f2dfae040d17d253bec139c165707e6ea8578473bd2e2c34cc788d9508c26,2026-09-29T23:34:56.221635+00:00,Manual review of company website/catalog text and business model; primary physical goods supported; no required exact revenue percentage.,1984-09-07,Archived 2010-12-31 active equity snapshot plus SEC issuer/security mapping,https://www.alphavantage.co/documentation/#listing-status,https://www.sec.gov/Archives/edgar/data/8063/0000899797-01-000044.txt,20010320,4d6c539059d6daab8c00160596901bd0ac1a0fd1de1792f1b69954177c70ff3c,artifacts/primary_event_study_2010_2019_v1/ticker_history.csv,,Same SEC issuer with documented security interval; provider labels may reflect subsequent company renaming.,https://www.nasdaqtrader.com/dynamic/SymDir/nasdaqlisted.txt,2026-09-29,sector_expansion,194,34,34,2026-09-29,,,,primary physical-product business,verified_eligible,2026-09-29,Current US operational/principal HQ; not a year-by-year historical domicile classification,2010Q1,2019Q4,True,True,True,2010Q1,2019Q4,2010-05-05,2020-02-26,2010Q1,2019Q4,2010-05-05,2020-02-26,"Provider listing/security start, not founding date; see historical mapping evidence"
0000008818,0000008818,Avery Dennison Corp,AVY,NYSE,AVY,labels and adhesive materials,Physical-product manufacturer/brand,Materials,MENTOR,OH,United States,https://www.sec.gov/cgi-bin/browse-edgar?action=getcompany&CIK=0000008818&owner=include&count=10,e4e285c62931397749e2f495197b3293ee8e8149d84dca3481dd94902ec04acf,2026-09-16,https://www.averydennison.com/en/home.html,fe791b572871be35c170f01a834345989efca6940d92e107d156a95f1519c8c9,2026-09-29T23:35:40.473733+00:00,Manual review of company website/catalog text and business model; primary physical goods supported; no required exact revenue percentage.,1983-12-29,Archived 2010-12-31 active equity snapshot plus SEC issuer/security mapping,https://www.alphavantage.co/documentation/#listing-status,https://www.sec.gov/Archives/edgar/data/8818/0000898430-03-002164.txt,20030328,1b6b2f5d7b7dd79dcd38dda010c671fe1a4c312f17eac375d46d2518ade36ca0,artifacts/primary_event_study_2010_2019_v1/ticker_history.csv,,Same SEC issuer with documented security interval; provider labels may reflect subsequent company renaming.,https://www.nasdaqtrader.com/dynamic/SymDir/otherlisted.txt,2026-09-29,sector_expansion,195,38,38,2026-09-29,,,,primary physical-product business,verified_eligible,2026-09-29,Current US operational/principal HQ; not a year-by-year historical domicile classification,2010Q1,2019Q4,True,True,True,2010Q1,2019Q4,2010-04-27,2020-01-29,2010Q1,2019Q4,2010-04-27,2020-01-29,"Provider listing/security start, not founding date; see historical mapping evidence"
0000008858,0000008858,AVNET INC,AVT,NASDAQ,AVT,electronic components,Physical-product distribution,Electronics distribution,TEMPE,AZ,United States,https://www.sec.gov/cgi-bin/browse-edgar?action=getcompany&CIK=0000008858&owner=include&count=10,2a85ce5d4ed6d932ac6021591f91b7aa597e567821ce16853b59762425259163,2026-09-16,https://my.avnet.com/emea/about-us/avnet-emea/overview,0b93f994558481c35cfbcf8b86fa8a2541a1275d19ecdf9cbb4f6e27a9d4c612,2026-09-29,Manual review of company website/catalog text and business model; primary physical goods supported; no required exact revenue percentage.,1973-05-03,Archived 2010-12-31 active equity snapshot plus SEC issuer/security mapping,https://www.alphavantage.co/documentation/#listing-status,https://www.sec.gov/Archives/edgar/data/8858/0000950124-04-004227.txt,20040908,984d1251688ea03b5d7e2ee51689019841bceb665c4ef2f8bd0de087086bd813,artifacts/primary_event_study_2010_2019_v1/ticker_history.csv,,Same SEC issuer with documented security interval; provider labels may reflect subsequent company renaming.,https://www.nasdaqtrader.com/dynamic/SymDir/nasdaqlisted.txt,2026-09-29,sector_expansion,196,34,34,2026-09-29,,,,primary physical-product business,verified_eligible,2026-09-29,Current US operational/principal HQ; not a year-by-year historical domicile classification,2010Q1,2019Q4,True,True,True,2010Q1,2019Q4,2009-10-29,2019-08-08,2010Q1,2019Q4,2009-10-29,2019-08-08,"Provider listing/security start, not founding date; see historical mapping evidence"
0000009326,0000009326,BALCHEM CORP,BCPC,NASDAQ,BCPC,nutrition and specialty ingredients,Physical-product manufacturer/brand,Chemicals,MONTVALE,NJ,United States,https://www.sec.gov/cgi-bin/browse-edgar?action=getcompany&CIK=0000009326&owner=include&count=10,661b80f8d063b1ed62d965087b5ca94fb9bb40ba92afb5a9234bbcad96750b23,2026-09-16,https://balchem.com/,70a6314e92556aaf9d9539d8a0f765b79a967ac3460ced36303f3e946d5ba2f1,2026-09-29T23:35:41.215899+00:00,Manual review of company website/catalog text and business model; primary physical goods supported; no required exact revenue percentage.,1986-06-03,Archived 2010-12-31 active equity snapshot plus SEC issuer/security mapping,https://www.alphavantage.co/documentation/#listing-status,https://www.sec.gov/Archives/edgar/data/9326/0000914317-01-000233.txt,20010328,d208ae0563411403febdb6aa465eeec6d6d8d3e389b46fd14b7cccc0759b8214,artifacts/primary_event_study_2010_2019_v1/ticker_history.csv,,Same SEC issuer with documented security interval; provider labels may reflect subsequent company renaming.,https://www.nasdaqtrader.com/dynamic/SymDir/nasdaqlisted.txt,2026-09-29,sector_expansion,197,34,34,2026-09-29,,,,primary physical-product business,verified_eligible,2026-09-29,Current US operational/principal HQ; not a year-by-year historical domicile classification,2010Q1,2019Q4,True,True,True,2010Q1,2019Q4,2010-05-04,2020-02-21,2010Q1,2019Q4,2010-05-04,2020-02-21,"Provider listing/security start, not founding date; see historical mapping evidence"
0000009389,0000009389,BALL Corp,BALL,NYSE,BALL,aluminum packaging,Physical-product manufacturer/brand,Packaging,WESTMINSTER,CO,United States,https://www.sec.gov/cgi-bin/browse-edgar?action=getcompany&CIK=0000009389&owner=include&count=10,404e332d06f812e74d8199829a988a12a807d3d3dc6605bbc313cad7c2fc67b4,2026-09-16,https://www.ball.com/our-company/ball-stories/frequently-asked-questions-about-ball-corporation,affe1034ce085c91b3d068622b481938599c196c489182a891a61f4d1cdd4cff,2026-09-29,Manual review of company website/catalog text and business model; primary physical goods supported; no required exact revenue percentage.,1984-09-07,Archived 2010-12-31 active equity snapshot plus SEC issuer/security mapping,https://www.alphavantage.co/documentation/#listing-status,https://www.sec.gov/Archives/edgar/data/9389/0000009389-01-500003.txt,20010330,9889a862380e794348099f0f80b741b61eba43dbe4bf91f6e911e10ab74a6b62,artifacts/primary_event_study_2010_2019_v1/ticker_history.csv,,Same SEC issuer with documented security interval; provider labels may reflect subsequent company renaming.,https://www.nasdaqtrader.com/dynamic/SymDir/otherlisted.txt,2026-09-29,sector_expansion,198,40,40,2026-09-29,,,,primary physical-product business,verified_eligible,2026-09-29,Current US operational/principal HQ; not a year-by-year historical domicile classification,2010Q1,2019Q4,True,True,True,2010Q1,2019Q4,2010-04-29,2020-02-06,2010Q1,2019Q4,2010-04-29,2020-02-06,"Provider listing/security start, not founding date; see historical mapping evidence"
0000012927,0000012927,BOEING CO,BA,NYSE,BA,commercial and military aircraft,Physical-product manufacturer/brand,Aerospace,ARLINGTON,VA,United States,https://www.sec.gov/cgi-bin/browse-edgar?action=getcompany&CIK=0000012927&owner=include&count=10,ba46eb6ca99e8829cab451255b39939dba6c0cc31b6ad65df75d31f5b25ede20,2026-09-16,https://www.boeing.com/,5a704ad74abe3cc50ce40b4d6a6b000b097083bfe15f52c0f22e78d32aabad87,2026-09-29T23:34:55.142212+00:00,Manual review of company website/catalog text and business model; primary physical goods supported; no required exact revenue percentage.,1962-01-02,Archived 2010-12-31 active equity snapshot plus SEC issuer/security mapping,https://www.alphavantage.co/documentation/#listing-status,https://www.sec.gov/Archives/edgar/data/12927/0000012927-01-000004.txt,20010309,f1fa8763b7735e28e2f89d49626fec680653d20aba1a609d83fd2434c5b86f69,artifacts/primary_event_study_2010_2019_v1/ticker_history.csv,,Same SEC issuer with documented security interval; provider labels may reflect subsequent company renaming.,https://www.nasdaqtrader.com/dynamic/SymDir/otherlisted.txt,2026-09-29,sector_expansion,200,39,39,2026-09-29,,,,primary physical-product business,verified_eligible,2026-09-29,Current US operational/principal HQ; not a year-by-year historical domicile classification,2010Q1,2019Q4,True,True,True,2010Q1,2019Q4,2010-04-21,2020-01-29,2010Q1,2019Q4,2010-04-21,2020-01-29,"Provider listing/security start, not founding date; see historical mapping evidence"
0000014930,0000014930,BRUNSWICK CORP,BC,NYSE,BC;BC/PA;BC/PB;BC/PC,"marine engines, boats and accessories",Physical-product manufacturer/brand,Vehicles,METTAWA,IL,United States,https://www.sec.gov/cgi-bin/browse-edgar?action=getcompany&CIK=0000014930&owner=include&count=10,5423130a05762ae6550d9fea8042fe227c7a0df481bf1b6af55eddea5d58cc83,2026-09-16,https://www.brunswick.com/,9dd9a4e1049215de15cbaba700de5bcc4c147603551b72723b8b09bdc751d8bc,2026-09-29T23:34:43.089686+00:00,Manual review of company website/catalog text and business model; primary physical goods supported; no required exact revenue percentage.,1981-12-31,Archived 2010-12-31 active equity snapshot plus SEC issuer/security mapping,https://www.alphavantage.co/documentation/#listing-status,https://www.sec.gov/Archives/edgar/data/14930/0000950131-01-001498.txt,20010309,6c05e9a92af6ec1b0d96f131548bc4cccd823372e0460e624fe9bc43d5c06eff,artifacts/primary_event_study_2010_2019_v1/ticker_history.csv,,Same SEC issuer with documented security interval; provider labels may reflect subsequent company renaming.,https://www.nasdaqtrader.com/dynamic/SymDir/otherlisted.txt,2026-09-29,sector_expansion,201,40,40,2026-09-29,,,,primary physical-product business,verified_eligible,2026-09-29,Current US operational/principal HQ; not a year-by-year historical domicile classification,2010Q1,2019Q4,True,True,True,2010Q1,2019Q4,2010-04-29,2020-01-30,2010Q1,2019Q4,2010-04-29,2020-01-30,"Provider listing/security start, not founding date; see historical mapping evidence"
0000016040,0000016040,CABOT CORP,CBT,NYSE,CBT,carbon and specialty materials,Physical-product manufacturer/brand,Materials,BOSTON,MA,United States,https://www.sec.gov/cgi-bin/browse-edgar?action=getcompany&CIK=0000016040&owner=include&count=10,045837904ce2b5ea4609132e929944b5d79e1ca5079be2f2c5c7411297e835ad,2026-09-16,https://www.cabotcorp.com/,5e32a41b3c6cafbd11119cff32c9066a08ca0a3ab45e1cbf8b6afea5a073c528,2026-09-29T23:35:48.440503+00:00,Manual review of company website/catalog text and business model; primary physical goods supported; no required exact revenue percentage.,1980-11-05,Archived 2010-12-31 active equity snapshot plus SEC issuer/security mapping,https://www.alphavantage.co/documentation/#listing-status,https://www.sec.gov/Archives/edgar/data/16040/0000950135-02-005703.txt,20021224,bc92da3155e9eb36f415ea01786b6c62cbfc7a37c0c9069f53b844fc184082af,artifacts/primary_event_study_2010_2019_v1/ticker_history.csv,,Same SEC issuer with documented security interval; provider labels may reflect subsequent company renaming.,https://www.nasdaqtrader.com/dynamic/SymDir/otherlisted.txt,2026-09-29,sector_expansion,202,35,35,2026-09-29,,,,primary physical-product business,verified_eligible,2026-09-29,Current US operational/principal HQ; not a year-by-year historical domicile classification,2010Q1,2019Q4,True,True,True,2010Q1,2019Q4,2010-01-27,2019-11-04,2010Q1,2019Q4,2010-01-27,2019-11-04,"Provider listing/security start, not founding date; see historical mapping evidence"
0000017843,0000017843,CARPENTER TECHNOLOGY CORP,CRS,NYSE,CRS,specialty alloys,Physical-product manufacturer/brand,Metals,PHILADELPHIA,PA,United States,https://www.sec.gov/cgi-bin/browse-edgar?action=getcompany&CIK=0000017843&owner=include&count=10,e0df65a016ca3a4c0787f05176267ffe0bdd60571ba6c0b47a8de3202763610d,2026-09-16,https://www.carpentertechnology.com/,81ed32c668d449a3a9a9bc5f3105aa8e4d632a7b0fd81b97ddce8ded42bf3188,2026-09-29T23:35:20.575721+00:00,Manual review of company website/catalog text and business model; primary physical goods supported; no required exact revenue percentage.,1987-11-05,Archived 2010-12-31 active equity snapshot plus SEC issuer/security mapping,https://www.alphavantage.co/documentation/#listing-status,https://www.sec.gov/Archives/edgar/data/17843/0000950168-02-002770.txt,20020923,dd53ec9a1b17dac27e40e558470414e3fd70b091f6821220411fa20a8af7b7bd,artifacts/primary_event_study_2010_2019_v1/ticker_history.csv,,Same SEC issuer with documented security interval; provider labels may reflect subsequent company renaming.,https://www.nasdaqtrader.com/dynamic/SymDir/otherlisted.txt,2026-09-29,sector_expansion,203,39,39,2026-09-29,,,,primary physical-product business,verified_eligible,2026-09-29,Current US operational/principal HQ; not a year-by-year historical domicile classification,2010Q1,2019Q4,True,True,True,2010Q1,2019Q4,2009-10-27,2019-08-01,2010Q1,2019Q4,2009-10-27,2019-08-01,"Provider listing/security start, not founding date; see historical mapping evidence"
0000018230,0000018230,CATERPILLAR INC,CAT,NYSE,CAT,"construction and mining equipment, diesel engines",Physical-product manufacturer/brand,Machinery,IRVING,TX,United States,https://www.sec.gov/cgi-bin/browse-edgar?action=getcompany&CIK=0000018230&owner=include&count=10,13ae85ee64b43eebe6b538186c1e17899b18aa94c81e1766578c0f9ec0ca7ab8,2026-09-16,https://www.caterpillar.com/en/company/about-caterpillar/industries.html,14e3b8bcf9b53f1addd5f2bb7fea69b55b3e1b0526d4731a7939a2b4f331f8fc,2026-09-29,Manual review of company website/catalog text and business model; primary physical goods supported; no required exact revenue percentage.,1962-01-02,Archived 2010-12-31 active equity snapshot plus SEC issuer/security mapping,https://www.alphavantage.co/documentation/#listing-status,https://www.sec.gov/Archives/edgar/data/18230/0000018230-01-500017.txt,20010315,6a422d2a3a362e6f9566d1b3935fbc35070b0feec56a3f017dc0e9a85bdead21,artifacts/primary_event_study_2010_2019_v1/ticker_history.csv,,Same SEC issuer with documented security interval; provider labels may reflect subsequent company renaming.,https://www.nasdaqtrader.com/dynamic/SymDir/otherlisted.txt,2026-09-29,sector_expansion,204,40,40,2026-09-29,,,,primary physical-product business,verified_eligible,2026-09-29,Current US operational/principal HQ; not a year-by-year historical domicile classification,2010Q1,2019Q4,True,True,True,2010Q1,2019Q4,2010-04-26,2020-01-31,2010Q1,2019Q4,2010-04-26,2020-01-31,"Provider listing/security start, not founding date; see historical mapping evidence"
0000021076,0000021076,CLOROX CO /DE/,CLX,NYSE,CLX,cleaning and household products,Physical-product manufacturer/brand,Consumer products,OAKLAND,CA,United States,https://www.sec.gov/cgi-bin/browse-edgar?action=getcompany&CIK=0000021076&owner=include&count=10,073180ef328dc746f7a11154904974aebd803f70e07dd029060957f776f4dcd1,2026-09-16,https://www.thecloroxcompany.com/,9cae0421356114e542fffaac136debdaae36668ce0021909c35cdb2f405318dc,2026-09-29T23:35:45.248931+00:00,Manual review of company website/catalog text and business model; primary physical goods supported; no required exact revenue percentage.,1983-03-21,Archived 2010-12-31 active equity snapshot plus SEC issuer/security mapping,https://www.alphavantage.co/documentation/#listing-status,https://www.sec.gov/Archives/edgar/data/21076/0000021076-02-000019.txt,20020926,24a6f1292b9c731fb37ba03b2f820226ddf05b094134443ddf052e1e05b59d20,artifacts/primary_event_study_2010_2019_v1/ticker_history.csv,,Same SEC issuer with documented security interval; provider labels may reflect subsequent company renaming.,https://www.nasdaqtrader.com/dynamic/SymDir/otherlisted.txt,2026-09-29,sector_expansion,205,40,40,2026-09-29,,,,primary physical-product business,verified_eligible,2026-09-29,Current US operational/principal HQ; not a year-by-year historical domicile classification,2010Q1,2019Q4,True,True,True,2010Q1,2019Q4,2009-11-02,2019-08-01,2010Q1,2019Q4,2009-11-02,2019-08-01,"Provider listing/security start, not founding date; see historical mapping evidence"
0000021665,0000021665,COLGATE PALMOLIVE CO,CL,NYSE,CL,oral and personal care products,Physical-product manufacturer/brand,Consumer products,NEW YORK,NY,United States,https://www.sec.gov/cgi-bin/browse-edgar?action=getcompany&CIK=0000021665&owner=include&count=10,20ef16c90181a7d04ff9c813c266e03b218a776abe4d6a3c9a32dd664e2dc655,2026-09-16,https://www.colgatepalmolive.com/en-us/brands/hello,408ebab2177f44054985ef7169fbb80cc1ce9e3e4af08d9b73e4705c8103b87e,2026-09-29,Manual review of company website/catalog text and business model; primary physical goods supported; no required exact revenue percentage.,1977-01-03,Archived 2010-12-31 active equity snapshot plus SEC issuer/security mapping,https://www.alphavantage.co/documentation/#listing-status,https://www.sec.gov/Archives/edgar/data/21665/0000950130-02-001698.txt,20020320,f30ac4bd2a7806ea613b96da3e67a6324ec84ed787c66f53b01bb934071f2d5b,artifacts/primary_event_study_2010_2019_v1/ticker_history.csv,,Same SEC issuer with documented security interval; provider labels may reflect subsequent company renaming.,https://www.nasdaqtrader.com/dynamic/SymDir/otherlisted.txt,2026-09-29,sector_expansion,206,40,40,2026-09-29,,,,primary physical-product business,verified_eligible,2026-09-29,Current US operational/principal HQ; not a year-by-year historical domicile classification,2010Q1,2019Q4,True,True,True,2010Q1,2019Q4,2010-04-29,2020-01-31,2010Q1,2019Q4,2010-04-29,2020-01-31,"Provider listing/security start, not founding date; see historical mapping evidence"
0000022444,0000022444,COMMERCIAL METALS Co,CMC,NYSE,CMC,steel and construction reinforcement,Physical-product manufacturer/brand,Metals,IRVING,TX,United States,https://www.sec.gov/cgi-bin/browse-edgar?action=getcompany&CIK=0000022444&owner=include&count=10,17a4f3742490edcfea89da2519fce4872fe511c14749c54c214018249d91793b,2026-09-16,https://www.cmc.com/en-us,78dd460ceb4bb16e7274dc0fe0a45163b7fe07d9339f94be26474ddb2e322895,2026-09-29T23:35:19.954419+00:00,Manual review of company website/catalog text and business model; primary physical goods supported; no required exact revenue percentage.,1987-11-05,Archived 2010-12-31 active equity snapshot plus SEC issuer/security mapping,https://www.alphavantage.co/documentation/#listing-status,https://www.sec.gov/Archives/edgar/data/22444/0000950134-02-015009.txt,20021126,7e38dae35e5ab22ae024863cb1f35c7498adc3b4126eb1a2c018a3e709c05e0c,artifacts/primary_event_study_2010_2019_v1/ticker_history.csv,,Same SEC issuer with documented security interval; provider labels may reflect subsequent company renaming.,https://www.nasdaqtrader.com/dynamic/SymDir/otherlisted.txt,2026-09-29,sector_expansion,207,39,39,2026-09-29,,,,primary physical-product business,verified_eligible,2026-09-29,Current US operational/principal HQ; not a year-by-year historical domicile classification,2010Q1,2019Q4,True,True,True,2010Q2,2019Q4,2010-03-24,2019-10-23,2010Q2,2019Q4,2010-03-24,2019-10-23,"Provider listing/security start, not founding date; see historical mapping evidence"
0000025895,0000025895,CROWN CRAFTS INC,CRWS,NASDAQ,CRWS,infant and toddler products,Physical-product manufacturer/brand,Consumer products,GONZALES,LA,United States,https://www.sec.gov/cgi-bin/browse-edgar?action=getcompany&CIK=0000025895&owner=include&count=10,a73a830388e6fa9ae8edf233935dd71aa59e9063c2098f68c7e73fc8e1e12c92,2026-09-16,https://www.crowncrafts.com/,73c646e4126f6adb9d8c8a518641d8fc6aa20978deac3e759001df64b70d1b38,2026-09-29T23:35:51.668168+00:00,Manual review of company website/catalog text and business model; primary physical goods supported; no required exact revenue percentage.,2003-10-07,Archived 2010-12-31 active equity snapshot plus SEC issuer/security mapping,https://www.alphavantage.co/documentation/#listing-status,https://www.sec.gov/Archives/edgar/data/25895/0000950134-02-007435.txt,20020620,8141a9ada049fcc1fd4a8ad9e1f73b40fca7b418c7c289dfccc292c6cef540bc,artifacts/primary_event_study_2010_2019_v1/ticker_history.csv,,Same SEC issuer with documented security interval; provider labels may reflect subsequent company renaming.,https://www.nasdaqtrader.com/dynamic/SymDir/nasdaqlisted.txt,2026-09-29,sector_expansion,208,25,25,2026-09-29,,,,primary physical-product business,verified_eligible,2026-09-29,Current US operational/principal HQ; not a year-by-year historical domicile classification,2010Q1,2019Q4,True,True,True,2012Q3,2019Q4,2012-02-15,2019-06-13,2012Q3,2019Q4,2012-02-15,2019-06-13,"Provider listing/security start, not founding date; see historical mapping evidence"
0000026780,0000026780,DANA Inc,DAN,NYSE,DAN,drivetrain and propulsion components,Physical-product manufacturer/brand,Automotive components,MAUMEE,OH,United States,https://www.sec.gov/cgi-bin/browse-edgar?action=getcompany&CIK=0000026780&owner=include&count=10,1998ad9e302bab1d1dc58cf365bf86c6c8f6560c397c86af29e0efb5bdad8606,2026-09-16,https://www.dana.com/,2b6f3b38245cd8203c266fdfb94d96004244a882ac4615d5d0083ca93b8201d5,2026-09-29T23:34:45.599395+00:00,Manual review of company website/catalog text and business model; primary physical goods supported; no required exact revenue percentage.,2008-01-02,Archived 2010-12-31 active equity snapshot plus SEC issuer/security mapping,https://www.alphavantage.co/documentation/#listing-status,https://www.sec.gov/Archives/edgar/data/26780/0000950123-02-001898.txt,20020226,d69cecd87f4c7bbedf5bdbc22a61711d8d4d0bbbcf780b5b4001d4858368fca0,artifacts/primary_event_study_2010_2019_v1/ticker_history.csv,,Same SEC issuer with documented security interval; provider labels may reflect subsequent company renaming.,https://www.nasdaqtrader.com/dynamic/SymDir/otherlisted.txt,2026-09-29,sector_expansion,209,33,33,2026-09-29,,,,primary physical-product business,verified_eligible,2026-09-29,Current US operational/principal HQ; not a year-by-year historical domicile classification,2010Q1,2019Q4,True,True,True,2011Q4,2019Q4,2012-02-21,2020-02-13,2011Q4,2019Q4,2012-02-21,2020-02-13,"Provider listing/security start, not founding date; see historical mapping evidence"
0000029905,0000029905,DOVER Corp,DOV,NYSE,DOV,industrial equipment and components,Physical-product manufacturer/brand,Machinery,DOWNERS GROVE,IL,United States,https://www.sec.gov/cgi-bin/browse-edgar?action=getcompany&CIK=0000029905&owner=include&count=10,20b9d101da35fb23f1a47db2ea9b8e671e92da9dc8e5e9f3173a8242e77b3914,2026-09-16,https://www.dovercorporation.com/2026overview/,14e3b8bcf9b53f1addd5f2bb7fea69b55b3e1b0526d4731a7939a2b4f331f8fc,2026-09-29,Manual review of company website/catalog text and business model; primary physical goods supported; no required exact revenue percentage.,1985-07-01,Archived 2010-12-31 active equity snapshot plus SEC issuer/security mapping,https://www.alphavantage.co/documentation/#listing-status,https://www.sec.gov/Archives/edgar/data/29905/0000950123-01-002246.txt,20010313,dd7c993fe646c6d8d96a80afbd69835e58f38b0c525a1737dc802b73bcdb9920,artifacts/primary_event_study_2010_2019_v1/ticker_history.csv,,Same SEC issuer with documented security interval; provider labels may reflect subsequent company renaming.,https://www.nasdaqtrader.com/dynamic/SymDir/otherlisted.txt,2026-09-29,sector_expansion,210,39,39,2026-09-29,,,,primary physical-product business,verified_eligible,2026-09-29,Current US operational/principal HQ; not a year-by-year historical domicile classification,2010Q1,2019Q4,True,True,True,2010Q1,2019Q4,2010-04-23,2020-01-30,2010Q1,2019Q4,2010-04-23,2020-01-30,"Provider listing/security start, not founding date; see historical mapping evidence"
0000030305,0000030305,DUCOMMUN INC /DE/,DCO,NYSE,DCO,aircraft structural and electronic components,Physical-product manufacturer/brand,Aerospace,COSTA MESA,CA,United States,https://www.sec.gov/cgi-bin/browse-edgar?action=getcompany&CIK=0000030305&owner=include&count=10,6a2c41475a59bff01d0dd43af171eb4f19f52f2e26c0174f0c388cdd4c6c6cea,2026-09-16,https://www.ducommun.com/,ae351ed6538cfeba4879a04019ad9e0c796e3d3933b64cfcfc410f0745e9839c,2026-09-29T23:34:56.431422+00:00,Manual review of company website/catalog text and business model; primary physical goods supported; no required exact revenue percentage.,1973-05-03,Archived 2010-12-31 active equity snapshot plus SEC issuer/security mapping,https://www.alphavantage.co/documentation/#listing-status,https://www.sec.gov/Archives/edgar/data/30305/0000892569-01-500082.txt,20010228,3ce83a2d1f4062df9b0f14ebf33b024db9440e38f5d0e5e57f9e98e28313a2a3,artifacts/primary_event_study_2010_2019_v1/ticker_history.csv,,Same SEC issuer with documented security interval; provider labels may reflect subsequent company renaming.,https://www.nasdaqtrader.com/dynamic/SymDir/otherlisted.txt,2026-09-29,sector_expansion,211,33,33,2026-09-29,,,,primary physical-product business,verified_eligible,2026-09-29,Current US operational/principal HQ; not a year-by-year historical domicile classification,2010Q1,2019Q4,True,True,True,2011Q4,2019Q4,2012-03-05,2020-02-20,2011Q4,2019Q4,2012-03-05,2020-02-20,"Provider listing/security start, not founding date; see historical mapping evidence"
0000031107,0000031107,EASTERN CO,EML,NASDAQ,EML,industrial hardware and components,Physical-product manufacturer/brand,Industrial components,SHELTON,CT,United States,https://www.sec.gov/cgi-bin/browse-edgar?action=getcompany&CIK=0000031107&owner=include&count=10,3060699f4fc918a55807f5d59bb39acb8cf1591ccedd430311b02a997194268a,2026-09-16,https://www.easterncompany.com/,08a363cc87d6101bb9e7bb02aac0e8818a8b056b2e534dd5080643a4ec6ba620,2026-09-29T23:34:39.928761+00:00,Manual review of company website/catalog text and business model; primary physical goods supported; no required exact revenue percentage.,1992-03-17,Archived 2010-12-31 active equity snapshot plus SEC issuer/security mapping,https://www.alphavantage.co/documentation/#listing-status,https://www.sec.gov/Archives/edgar/data/31107/0000031107-01-000003.txt,20010323,b9c189be7be1e1333a1743ed76f571df91c194aa19b11f28d0ff59cb069764f3,artifacts/primary_event_study_2010_2019_v1/ticker_history.csv,,Same SEC issuer with documented security interval; provider labels may reflect subsequent company renaming.,https://www.nasdaqtrader.com/dynamic/SymDir/nasdaqlisted.txt,2026-09-29,sector_expansion,212,10,10,2026-09-29,,,,primary physical-product business,verified_eligible,2026-09-29,Current US operational/principal HQ; not a year-by-year historical domicile classification,2010Q1,2019Q4,True,True,True,2017Q3,2019Q4,2017-11-06,2020-02-28,2017Q3,2019Q4,2017-11-06,2020-02-28,"Provider listing/security start, not founding date; see historical mapping evidence"
0000034067,0000034067,DMC Global Inc.,BOOM,NASDAQ,BOOM,clad metals and building products,Physical-product manufacturer/brand,Materials,BROOMFIELD,CO,United States,https://www.sec.gov/cgi-bin/browse-edgar?action=getcompany&CIK=0000034067&owner=include&count=10,0f93269b9036f7b5d84a88117c77ccd022678281970098e68c50bdd5a8f8bfab,2026-09-16,https://ir.dmcglobal.com/sec-filings/content/0000034067-26-000009/boom-20251231.htm,affe1034ce085c91b3d068622b481938599c196c489182a891a61f4d1cdd4cff,2026-09-29,Manual review of company website/catalog text and business model; primary physical goods supported; no required exact revenue percentage.,1989-01-05,Archived 2010-12-31 active equity snapshot plus SEC issuer/security mapping,https://www.alphavantage.co/documentation/#listing-status,https://www.sec.gov/Archives/edgar/data/34067/0000898080-01-000126.txt,20010328,4cbeaac63b1aaaba0d480d471ed3e7dbe639771c61fa34994ef09885922fd23d,artifacts/primary_event_study_2010_2019_v1/ticker_history.csv,,Same SEC issuer with documented security interval; provider labels may reflect subsequent company renaming.,https://www.nasdaqtrader.com/dynamic/SymDir/nasdaqlisted.txt,2026-09-29,sector_expansion,215,36,36,2026-09-29,,,,primary physical-product business,verified_eligible,2026-09-29,Current US operational/principal HQ; not a year-by-year historical domicile classification,2010Q1,2019Q4,True,True,True,2010Q1,2019Q4,2010-04-29,2020-02-20,2010Q1,2019Q4,2010-04-29,2020-02-20,"Provider listing/security start, not founding date; see historical mapping evidence"
0000037472,0000037472,FLEXSTEEL INDUSTRIES INC,FLXS,NASDAQ,FLXS,furniture,Physical-product manufacturer/brand,Furniture,DUBUQUE,IA,United States,https://www.sec.gov/cgi-bin/browse-edgar?action=getcompany&CIK=0000037472&owner=include&count=10,00629ca3a92dd722c152e1314e77b57c9df0fd28536c1cd89d376d79b60186e3,2026-09-16,https://www.flexsteel.com/,9bd8c7afac1178f60a1cd8d10da54efaa3fc06846a831065a1317486163c9aee,2026-09-29T23:35:36.607953+00:00,Manual review of company website/catalog text and business model; primary physical goods supported; no required exact revenue percentage.,1992-02-25,Archived 2010-12-31 active equity snapshot plus SEC issuer/security mapping,https://www.alphavantage.co/documentation/#listing-status,https://www.sec.gov/Archives/edgar/data/37472/0000897101-02-000666.txt,20020925,d60064b70c66f84f751077aa19be24c0189f3dcf792a1bcc84ec05f1522f2197,artifacts/primary_event_study_2010_2019_v1/ticker_history.csv,,Same SEC issuer with documented security interval; provider labels may reflect subsequent company renaming.,https://www.nasdaqtrader.com/dynamic/SymDir/nasdaqlisted.txt,2026-09-29,sector_expansion,216,14,14,2026-09-29,,,,primary physical-product business,verified_eligible,2026-09-29,Current US operational/principal HQ; not a year-by-year historical domicile classification,2010Q1,2019Q4,True,True,True,2012Q2,2019Q4,2012-02-02,2019-08-26,2012Q2,2019Q4,2012-02-02,2019-08-26,"Provider listing/security start, not founding date; see historical mapping evidence"
0000037785,0000037785,FMC CORP,FMC,NYSE,FMC,crop protection products,Physical-product manufacturer/brand,Chemicals,PHILADELPHIA,PA,United States,https://www.sec.gov/cgi-bin/browse-edgar?action=getcompany&CIK=0000037785&owner=include&count=10,7343faccf59c1f7778300295022d5088b1fd1c6a4f3fb88a80878b255a34df2e,2026-09-16,https://www.fmc.com/en,78829d0317ca4738fc88e5ffa36b64d2dae81d3063b458ed414d05fc679fc36c,2026-09-29T23:35:41.362090+00:00,Manual review of company website/catalog text and business model; primary physical goods supported; no required exact revenue percentage.,1985-07-01,Archived 2010-12-31 active equity snapshot plus SEC issuer/security mapping,https://www.alphavantage.co/documentation/#listing-status,https://www.sec.gov/Archives/edgar/data/37785/0000930661-02-000678.txt,20020311,80180d35fbd41c3a3bd0b618fb21d677e035cd612518ea8e933755cb67e4c53a,artifacts/primary_event_study_2010_2019_v1/ticker_history.csv,,Same SEC issuer with documented security interval; provider labels may reflect subsequent company renaming.,https://www.nasdaqtrader.com/dynamic/SymDir/otherlisted.txt,2026-09-29,sector_expansion,217,38,38,2026-09-29,,,,primary physical-product business,verified_eligible,2026-09-29,Current US operational/principal HQ; not a year-by-year historical domicile classification,2010Q1,2019Q4,True,True,True,2010Q1,2019Q4,2010-05-03,2020-02-05,2010Q1,2019Q4,2010-05-03,2020-02-05,"Provider listing/security start, not founding date; see historical mapping evidence"
0000037996,0000037996,FORD MOTOR CO,F,NYSE,F,cars and trucks,Physical-product manufacturer/brand,Vehicles,DEARBORN,MI,United States,https://www.sec.gov/cgi-bin/browse-edgar?action=getcompany&CIK=0000037996&owner=include&count=10,3361a6c87c60388bdc897159649f9c459ccdecaf24596c7f3e7823ba6f8f0df0,2026-09-16,https://corporate.ford.com/about/history/,1a6abdc1aae1a00ea81ba470ff7126ac35e69299a85f32ca197ec46f9a1e6f28,2026-09-29,Manual review of company website/catalog text and business model; primary physical goods supported; no required exact revenue percentage.,1972-06-01,Archived 2010-12-31 active equity snapshot plus SEC issuer/security mapping,https://www.alphavantage.co/documentation/#listing-status,https://www.sec.gov/Archives/edgar/data/37996/0000037996-01-000014.txt,20010322,f46f394252d4c9337e89b5e17bd5fd9384c22d7f99590afbb064adc5d90825d2,artifacts/primary_event_study_2010_2019_v1/ticker_history.csv,,Same SEC issuer with documented security interval; provider labels may reflect subsequent company renaming.,https://www.nasdaqtrader.com/dynamic/SymDir/otherlisted.txt,2026-09-29,sector_expansion,218,39,39,2026-09-29,,,,primary physical-product business,verified_eligible,2026-09-29,Current US operational/principal HQ; not a year-by-year historical domicile classification,2010Q1,2019Q4,True,True,True,2010Q1,2019Q4,2010-04-27,2020-02-04,2010Q1,2019Q4,2010-04-27,2020-02-04,"Provider listing/security start, not founding date; see historical mapping evidence"
0000039368,0000039368,FULLER H B CO,FUL,NYSE,FUL,adhesives and sealants,Physical-product manufacturer/brand,Chemicals,ST PAUL,MN,United States,https://www.sec.gov/cgi-bin/browse-edgar?action=getcompany&CIK=0000039368&owner=include&count=10,2e6d2f754fb652aa2a3bc6a5ef6e27969d3a4c5454640f39bdc056b95dc9c4d3,2026-09-16,https://www.hbfuller.com/en,6d2edf59fc79452d472e7f251e9cc419239b79727152fa2ecbae11070b5dcdab,2026-09-29T23:35:49.050409+00:00,Manual review of company website/catalog text and business model; primary physical goods supported; no required exact revenue percentage.,1990-03-26,Archived 2010-12-31 active equity snapshot plus SEC issuer/security mapping,https://www.alphavantage.co/documentation/#listing-status,https://www.sec.gov/Archives/edgar/data/39368/0001045969-02-000336.txt,20020301,938b8367f23baf6d184b51421303b6b329eb469b7645c70368d0b8ebd4c1432e,artifacts/primary_event_study_2010_2019_v1/ticker_history.csv,,Same SEC issuer with documented security interval; provider labels may reflect subsequent company renaming.,https://www.nasdaqtrader.com/dynamic/SymDir/otherlisted.txt,2026-09-29,sector_expansion,220,32,32,2026-09-29,,,,primary physical-product business,verified_eligible,2026-09-29,Current US operational/principal HQ; not a year-by-year historical domicile classification,2010Q1,2019Q4,True,True,True,2012Q1,2019Q4,2012-03-28,2020-01-22,2012Q1,2019Q4,2012-03-28,2020-01-22,"Provider listing/security start, not founding date; see historical mapping evidence"
0000040533,0000040533,GENERAL DYNAMICS CORP,GD,NYSE,GD,"aircraft, combat vehicles and ships",Physical-product manufacturer/brand,Aerospace,RESTON,VA,United States,https://www.sec.gov/cgi-bin/browse-edgar?action=getcompany&CIK=0000040533&owner=include&count=10,b07bb4be86e2a1ae29a9984670dc4ec1d9e184ac1d1305b5adf52d2f06476338,2026-09-16,https://www.gd.com/our-businesses,b5e973bf27602b2ce8c20a737d023aa80d486373da6867777d866a70535ed323,2026-09-29,Manual review of company website/catalog text and business model; primary physical goods supported; no required exact revenue percentage.,1977-01-03,Archived 2010-12-31 active equity snapshot plus SEC issuer/security mapping,https://www.alphavantage.co/documentation/#listing-status,https://www.sec.gov/Archives/edgar/data/40533/0000950133-01-001070.txt,20010329,c13d2f6cd195abcacb0f48e2f733b6c111ea9d8eec732982af07380f7613270a,artifacts/primary_event_study_2010_2019_v1/ticker_history.csv,,Same SEC issuer with documented security interval; provider labels may reflect subsequent company renaming.,https://www.nasdaqtrader.com/dynamic/SymDir/otherlisted.txt,2026-09-29,sector_expansion,221,40,40,2026-09-29,,,,primary physical-product business,verified_eligible,2026-09-29,Current US operational/principal HQ; not a year-by-year historical domicile classification,2010Q1,2019Q4,True,True,True,2010Q1,2019Q4,2010-04-28,2020-01-29,2010Q1,2019Q4,2010-04-28,2020-01-29,"Provider listing/security start, not founding date; see historical mapping evidence"
0000040987,0000040987,GENUINE PARTS CO,GPC,NYSE,GPC,automotive and industrial parts,Physical-product distribution,Industrial distribution,ATLANTA,GA,United States,https://www.sec.gov/cgi-bin/browse-edgar?action=getcompany&CIK=0000040987&owner=include&count=10,bef35657a276239269c7faaaace4e59e051f77ee5cb4ae6a76509e13cd29c73f,2026-09-16,https://www.genpt.com/,c18ac0eb7adedbac36e3239863b0d785ff7a44b109421f42de0e42d160ca7ecf,2026-09-29T23:35:54.097305+00:00,Manual review of company website/catalog text and business model; primary physical goods supported; no required exact revenue percentage.,1983-04-06,Archived 2010-12-31 active equity snapshot plus SEC issuer/security mapping,https://www.alphavantage.co/documentation/#listing-status,https://www.sec.gov/Archives/edgar/data/40987/0000950144-01-003447.txt,20010312,b83da899dc03d91b9da12abeb434c87cbbf92f8cd430658e10b7b969fbada46d,artifacts/primary_event_study_2010_2019_v1/ticker_history.csv,,Same SEC issuer with documented security interval; provider labels may reflect subsequent company renaming.,https://www.nasdaqtrader.com/dynamic/SymDir/otherlisted.txt,2026-09-29,sector_expansion,222,40,40,2026-09-29,,,,primary physical-product business,verified_eligible,2026-09-29,Current US operational/principal HQ; not a year-by-year historical domicile classification,2010Q1,2019Q4,True,True,True,2010Q1,2019Q4,2010-04-16,2020-02-19,2010Q1,2019Q4,2010-04-16,2020-02-19,"Provider listing/security start, not founding date; see historical mapping evidence"
0000042582,0000042582,GOODYEAR TIRE & RUBBER CO /OH/,GT,NASDAQ,GT,tires,Physical-product manufacturer/brand,Automotive components,AKRON,OH,United States,https://www.sec.gov/cgi-bin/browse-edgar?action=getcompany&CIK=0000042582&owner=include&count=10,7185795f31a282fc094fb9e72d9f9b39760b4460e7abbc0f81bee3d54d0731e9,2026-09-16,https://www.goodyear.com/en-us,979fc0d6533058e5d3d98b82201c79efc0c7dadc844082b9d8bc0461c55ca235,2026-09-29T23:35:10.704327+00:00,Manual review of company website/catalog text and business model; primary physical goods supported; no required exact revenue percentage.,1970-01-02,Archived 2010-12-31 active equity snapshot plus SEC issuer/security mapping,https://www.alphavantage.co/documentation/#listing-status,https://www.sec.gov/Archives/edgar/data/42582/0000950152-02-001645.txt,20020311,125ebe8fcc2b6de4e9876bdcd5941f799244ca304888a59a8aa5f0194e11a346,artifacts/primary_event_study_2010_2019_v1/ticker_history.csv,,Same SEC issuer with documented security interval; provider labels may reflect subsequent company renaming.,https://www.nasdaqtrader.com/dynamic/SymDir/nasdaqlisted.txt,2026-09-29,sector_expansion,223,39,39,2026-09-29,,,,primary physical-product business,verified_eligible,2026-09-29,Current US operational/principal HQ; not a year-by-year historical domicile classification,2010Q1,2019Q4,True,True,True,2010Q1,2019Q4,2010-04-28,2020-02-11,2010Q1,2019Q4,2010-04-28,2020-02-11,"Provider listing/security start, not founding date; see historical mapping evidence"
0000043920,0000043920,"GREIF, INC",GEF,NYSE,GEF;GEF-B,industrial packaging,Physical-product manufacturer/brand,Packaging,DELAWARE,OH,United States,https://www.sec.gov/cgi-bin/browse-edgar?action=getcompany&CIK=0000043920&owner=include&count=10,a8a743d950202d1efa4022b54834f777c5b0f964b1f687f5165ab09392cfa0ab,2026-09-16,https://www.greif.com/,2b862c9990bd69cb796298798a45dbbaf88928f4ad23afe6e332f6a7ee0e6cbc,2026-09-29T23:35:32.899623+00:00,Manual review of company website/catalog text and business model; primary physical goods supported; no required exact revenue percentage.,1996-02-28,Archived 2010-12-31 active equity snapshot plus SEC issuer/security mapping,https://www.alphavantage.co/documentation/#listing-status,https://www.sec.gov/Archives/edgar/data/43920/0000043920-01-000001.txt,20010126,efe0ebe59e7ce2d164fbaf3853d85e0ba1ca3d021ebf8f7a6c0e6339d4b45567,artifacts/primary_event_study_2010_2019_v1/ticker_history.csv,,Same SEC issuer with documented security interval; provider labels may reflect subsequent company renaming.,https://www.nasdaqtrader.com/dynamic/SymDir/otherlisted.txt,2026-09-29,sector_expansion,225,34,34,2026-09-29,,,,primary physical-product business,verified_eligible,2026-09-29,Current US operational/principal HQ; not a year-by-year historical domicile classification,2010Q1,2019Q4,True,True,True,2011Q3,2019Q4,2011-08-31,2019-12-04,2011Q3,2019Q4,2011-08-31,2019-12-04,"Provider listing/security start, not founding date; see historical mapping evidence"
0000046080,0000046080,"HASBRO, INC.",HAS,NASDAQ,HAS,toys and games,Physical-product manufacturer/brand,Consumer products,PAWTUCKET,RI,United States,https://www.sec.gov/cgi-bin/browse-edgar?action=getcompany&CIK=0000046080&owner=include&count=10,0e52c5ef30914e26dd9962c1715da86465e7cfa14dcc8416909280101033f725,2026-09-16,https://corporate.hasbro.com/en-us,945eb1fa070b5627962fc0b11b22a6258eeca39134693dc89e715803fff8a620,2026-09-29T23:35:52.284957+00:00,Manual review of company website/catalog text and business model; primary physical goods supported; no required exact revenue percentage.,1984-12-18,Archived 2010-12-31 active equity snapshot plus SEC issuer/security mapping,https://www.alphavantage.co/documentation/#listing-status,https://www.sec.gov/Archives/edgar/data/46080/0001047469-03-010819.txt,20030328,b41bd1191cf3bbb25cbf52a696a4e661e5ce767964316a6ac76c99b2b97f132a,artifacts/primary_event_study_2010_2019_v1/ticker_history.csv,,Same SEC issuer with documented security interval; provider labels may reflect subsequent company renaming.,https://www.nasdaqtrader.com/dynamic/SymDir/nasdaqlisted.txt,2026-09-29,sector_expansion,226,40,40,2026-09-29,,,,primary physical-product business,verified_eligible,2026-09-29,Current US operational/principal HQ; not a year-by-year historical domicile classification,2010Q1,2019Q4,True,True,True,2010Q1,2019Q4,2010-04-19,2020-02-11,2010Q1,2019Q4,2010-04-19,2020-02-11,"Provider listing/security start, not founding date; see historical mapping evidence"
0000046619,0000046619,HEICO CORP,HEI,NYSE,HEI;HEI-A,aircraft and electronic components,Physical-product manufacturer/brand,Aerospace,HOLLYWOOD,FL,United States,https://www.sec.gov/cgi-bin/browse-edgar?action=getcompany&CIK=0000046619&owner=include&count=10,ec1ecce188281361815b7b65f54d9a2b4d4a56e14a06c570165aa005924f5554,2026-09-16,https://heico.com/,39b39f8192756cb7264d344ccc7d4398508d3552f165c2c5f78edbc8e3171d57,2026-09-29,Manual review of company website/catalog text and business model; primary physical goods supported; no required exact revenue percentage.,1992-03-17,Archived 2010-12-31 active equity snapshot plus SEC issuer/security mapping,https://www.alphavantage.co/documentation/#listing-status,https://www.sec.gov/Archives/edgar/data/46619/0001133796-03-000006.txt,20030122,d6f36b5c69c7c572e06743f56b2c164e376840293371c0f6fcf353b168d999df,artifacts/primary_event_study_2010_2019_v1/ticker_history.csv,,Same SEC issuer with documented security interval; provider labels may reflect subsequent company renaming.,https://www.nasdaqtrader.com/dynamic/SymDir/otherlisted.txt,2026-09-29,sector_expansion,228,31,31,2026-09-29,,,,primary physical-product business,verified_eligible,2026-09-29,Current US operational/principal HQ; not a year-by-year historical domicile classification,2010Q1,2019Q4,True,True,True,2012Q1,2019Q4,2012-02-22,2019-12-16,2012Q1,2019Q4,2012-02-22,2019-12-16,"Provider listing/security start, not founding date; see historical mapping evidence"
0000050725,0000050725,GRIFFON CORP,GFF,NYSE,GFF,garage doors and outdoor products,Physical-product manufacturer/brand,Building products,NEW YORK,NY,United States,https://www.sec.gov/cgi-bin/browse-edgar?action=getcompany&CIK=0000050725&owner=include&count=10,1de11f826028b66faba55d5a4bce93d659009fb079c51aae2fe69ac7182ae34b,2026-09-16,https://griffon.com/,43b8a0248a64f7bbc2110018dccede969ca7bdb63b0dcc40db7f4b3c2ec71e35,2026-09-29T23:34:38.754901+00:00,Manual review of company website/catalog text and business model; primary physical goods supported; no required exact revenue percentage.,1973-05-03,Archived 2010-12-31 active equity snapshot plus SEC issuer/security mapping,https://www.alphavantage.co/documentation/#listing-status,https://www.sec.gov/Archives/edgar/data/50725/0000932214-01-500100.txt,20011221,547921b98f262ad3326949dcfef2a14fe332161157628c67905d340f5c6a2f31,artifacts/primary_event_study_2010_2019_v1/ticker_history.csv,,Same SEC issuer with documented security interval; provider labels may reflect subsequent company renaming.,https://www.nasdaqtrader.com/dynamic/SymDir/otherlisted.txt,2026-09-29,sector_expansion,229,32,32,2026-09-29,,,,primary physical-product business,verified_eligible,2026-09-29,Current US operational/principal HQ; not a year-by-year historical domicile classification,2010Q1,2019Q4,True,True,True,2012Q1,2019Q4,2012-01-31,2019-11-13,2012Q1,2019Q4,2012-01-31,2019-11-13,"Provider listing/security start, not founding date; see historical mapping evidence"
0000051253,0000051253,INTERNATIONAL FLAVORS & FRAGRANCES INC,IFF,NYSE,IFF;IFF-WI,"flavors, fragrances and ingredients",Physical-product manufacturer/brand,Chemicals,NEW YORK,NY,United States,https://www.sec.gov/cgi-bin/browse-edgar?action=getcompany&CIK=0000051253&owner=include&count=10,8f9890c44761ad9661f5a579283674656311bded63b5f233f1a95685694c9986,2026-09-16,https://www.iff.com/about/history/,05f2370218af999dca985150aafc024383139c1433ceb9e2d970a608274f3c9c,2026-09-29,Manual review of company website/catalog text and business model; primary physical goods supported; no required exact revenue percentage.,1981-12-31,Archived 2010-12-31 active equity snapshot plus SEC issuer/security mapping,https://www.alphavantage.co/documentation/#listing-status,https://www.sec.gov/Archives/edgar/data/51253/0000950109-01-000802.txt,20010330,7f01d76ee69639e455356d19a87d5935c769dd6ab71e17125b646d6ee59edc31,artifacts/primary_event_study_2010_2019_v1/ticker_history.csv,,Same SEC issuer with documented security interval; provider labels may reflect subsequent company renaming.,https://www.nasdaqtrader.com/dynamic/SymDir/otherlisted.txt,2026-09-29,sector_expansion,230,39,39,2026-09-29,,,,primary physical-product business,verified_eligible,2026-09-29,Current US operational/principal HQ; not a year-by-year historical domicile classification,2010Q1,2019Q4,True,True,True,2010Q1,2019Q4,2010-05-06,2020-02-12,2010Q1,2019Q4,2010-05-06,2020-02-12,"Provider listing/security start, not founding date; see historical mapping evidence"
0000051434,0000051434,INTERNATIONAL PAPER CO /NEW/,IP,NYSE,IP,paper and packaging,Physical-product manufacturer/brand,Packaging,MEMPHIS,TN,United States,https://www.sec.gov/cgi-bin/browse-edgar?action=getcompany&CIK=0000051434&owner=include&count=10,b0367904745a7a3b1d16d0ec641bde04745d9652954aa7aa5554f1ac237730c0,2026-09-16,https://www.internationalpaper.com/,8874cb369da508bf2f25832cd71aed347ad090eea319fa6aa3e9cf8af53114ce,2026-09-29T23:35:39.007125+00:00,Manual review of company website/catalog text and business model; primary physical goods supported; no required exact revenue percentage.,1970-01-02,Archived 2010-12-31 active equity snapshot plus SEC issuer/security mapping,https://www.alphavantage.co/documentation/#listing-status,https://www.sec.gov/Archives/edgar/data/51434/0000950117-01-000558.txt,20010326,013c336538e34eb129447c7b98407be50bb37ea75d7baf92a98723c91b7f8c95,artifacts/primary_event_study_2010_2019_v1/ticker_history.csv,,Same SEC issuer with documented security interval; provider labels may reflect subsequent company renaming.,https://www.nasdaqtrader.com/dynamic/SymDir/otherlisted.txt,2026-09-29,sector_expansion,231,40,40,2026-09-29,,,,primary physical-product business,verified_eligible,2026-09-29,Current US operational/principal HQ; not a year-by-year historical domicile classification,2010Q1,2019Q4,True,True,True,2010Q1,2019Q4,2010-04-29,2020-01-30,2010Q1,2019Q4,2010-04-29,2020-01-30,"Provider listing/security start, not founding date; see historical mapping evidence"
0000055785,0000055785,KIMBERLY CLARK CORP,KMB,NASDAQ,KMB,personal care and tissue products,Physical-product manufacturer/brand,Consumer products,IRVING,TX,United States,https://www.sec.gov/cgi-bin/browse-edgar?action=getcompany&CIK=0000055785&owner=include&count=10,4bee9269e12654dffb0fce7aeafa034a96d668c9e4b1c1ebd4819ce3bc002c22,2026-09-16,https://www.investor.kimberly-clark.com/news-releases/news-release-details/kimberly-clark-reviews-strategies-continued-growth-sales,db522b474b9db10b83676ab9d696682c4cc1828d720eb9612853b359c6ed90b7,2026-09-29,Manual review of company website/catalog text and business model; primary physical goods supported; no required exact revenue percentage.,1984-12-17,Archived 2010-12-31 active equity snapshot plus SEC issuer/security mapping,https://www.alphavantage.co/documentation/#listing-status,https://www.sec.gov/Archives/edgar/data/55785/0000055785-01-000003.txt,20010323,3ee9c941f06ec634e6b187b15131ba3f2c1b02a226fca5c95ee218cd7417e01f,artifacts/primary_event_study_2010_2019_v1/ticker_history.csv,,Same SEC issuer with documented security interval; provider labels may reflect subsequent company renaming.,https://www.nasdaqtrader.com/dynamic/SymDir/nasdaqlisted.txt,2026-09-29,sector_expansion,233,40,40,2026-09-29,,,,primary physical-product business,verified_eligible,2026-09-29,Current US operational/principal HQ; not a year-by-year historical domicile classification,2010Q1,2019Q4,True,True,True,2010Q1,2019Q4,2010-04-22,2020-01-23,2010Q1,2019Q4,2010-04-22,2020-01-23,"Provider listing/security start, not founding date; see historical mapping evidence"
0000057131,0000057131,LA-Z-BOY INC,LZB,NYSE,LZB,furniture,Physical-product manufacturer/brand,Furniture,MONROE,MI,United States,https://www.sec.gov/cgi-bin/browse-edgar?action=getcompany&CIK=0000057131&owner=include&count=10,360b5edc6b3593bfa4b3b63819144219617cd8652600433584744164890a6519,2026-09-16,https://www.la-z-boy.com/,61ccd2168bc8f192f78b025c23971af5e78af2c1d0f65ce0fe5829212fb509cb,2026-09-29T23:35:37.140865+00:00,Manual review of company website/catalog text and business model; primary physical goods supported; no required exact revenue percentage.,1988-01-05,Archived 2010-12-31 active equity snapshot plus SEC issuer/security mapping,https://www.alphavantage.co/documentation/#listing-status,https://www.sec.gov/Archives/edgar/data/57131/0000057131-01-500015.txt,20010727,87fda603940b4ea92c5dc1953576c0ac1cdf2e1ac0000168edfd54276483bad3,artifacts/primary_event_study_2010_2019_v1/ticker_history.csv,,Same SEC issuer with documented security interval; provider labels may reflect subsequent company renaming.,https://www.nasdaqtrader.com/dynamic/SymDir/otherlisted.txt,2026-09-29,sector_expansion,234,39,39,2026-09-29,,,,primary physical-product business,verified_eligible,2026-09-29,Current US operational/principal HQ; not a year-by-year historical domicile classification,2010Q1,2019Q4,True,True,True,2010Q1,2019Q4,2009-08-18,2019-06-18,2010Q1,2019Q4,2009-08-18,2019-06-18,"Provider listing/security start, not founding date; see historical mapping evidence"
0000060519,0000060519,LOUISIANA-PACIFIC CORP,LPX,NYSE,LPX,engineered wood and siding,Physical-product manufacturer/brand,Building products,NASHVILLE,TN,United States,https://www.sec.gov/cgi-bin/browse-edgar?action=getcompany&CIK=0000060519&owner=include&count=10,945d9a2a708e11f2eb20a290d5f3508f3c493e72080bc8efc727c1d49c0815cf,2026-09-16,https://www.lpcorp.com/,e69e362a3305147ff7c6fe5d4faaf894ff5a664163a56e80cd44c42051dee97a,2026-09-29T23:35:35.150974+00:00,Manual review of company website/catalog text and business model; primary physical goods supported; no required exact revenue percentage.,1982-01-04,Archived 2010-12-31 active equity snapshot plus SEC issuer/security mapping,https://www.alphavantage.co/documentation/#listing-status,https://www.sec.gov/Archives/edgar/data/60519/0000912057-02-010142.txt,20020315,517e67476f4cd0c4daf272c345842b0f5ec5625c0adeadbfcde2d0c9947e1fc0,artifacts/primary_event_study_2010_2019_v1/ticker_history.csv,,Same SEC issuer with documented security interval; provider labels may reflect subsequent company renaming.,https://www.nasdaqtrader.com/dynamic/SymDir/otherlisted.txt,2026-09-29,sector_expansion,235,39,39,2026-09-29,,,,primary physical-product business,verified_eligible,2026-09-29,Current US operational/principal HQ; not a year-by-year historical domicile classification,2010Q1,2019Q4,True,True,True,2010Q1,2019Q4,2010-05-10,2020-02-11,2010Q1,2019Q4,2010-05-10,2020-02-11,"Provider listing/security start, not founding date; see historical mapping evidence"
0000060714,0000060714,"LSB INDUSTRIES, INC.",LXU,NYSE,LXU,ammonia and nitrogen products,Physical-product manufacturer/brand,Chemicals,OKLAHOMA CITY,OK,United States,https://www.sec.gov/cgi-bin/browse-edgar?action=getcompany&CIK=0000060714&owner=include&count=10,a82c22966062f2bdf53eaeee31d9ff2aa111bc962dd05437b984dbabc48c6343,2026-09-16,https://lsbindustries.com/,5aa32112718426028760de7cd2d05a8e24cbe3c15f880bc488505f4d9560f872,2026-09-29T23:35:42.655666+00:00,Manual review of company website/catalog text and business model; primary physical goods supported; no required exact revenue percentage.,1980-01-02,Archived 2010-12-31 active equity snapshot plus SEC issuer/security mapping,https://www.alphavantage.co/documentation/#listing-status,https://www.sec.gov/Archives/edgar/data/60714/0000060714-02-000010.txt,20020401,2f4ebcd8edd7157cb0a0fd4e9e01f2e49b4e5a354a05fb7b7deb771b36347e3f,artifacts/primary_event_study_2010_2019_v1/ticker_history.csv,,Same SEC issuer with documented security interval; provider labels may reflect subsequent company renaming.,https://www.nasdaqtrader.com/dynamic/SymDir/otherlisted.txt,2026-09-29,sector_expansion,236,36,36,2026-09-29,,,,primary physical-product business,verified_eligible,2026-09-29,Current US operational/principal HQ; not a year-by-year historical domicile classification,2010Q1,2019Q4,True,True,True,2010Q1,2019Q4,2010-05-06,2020-02-24,2010Q1,2019Q4,2010-05-06,2020-02-24,"Provider listing/security start, not founding date; see historical mapping evidence"
0000061986,0000061986,MANITOWOC CO INC,MTW,NYSE,MTW,cranes and lifting equipment,Physical-product manufacturer/brand,Machinery,MILWAUKEE,WI,United States,https://www.sec.gov/cgi-bin/browse-edgar?action=getcompany&CIK=0000061986&owner=include&count=10,aaeb300dd228984f8ba16ae555ceaf7f90b85377a70340de11628229acab844c,2026-09-16,https://www.manitowoc.com/,4372334531cbd903f011629923f91cd1339eaba2f72ea7542d26a3c33f01ad12,2026-09-29T23:34:31.023285+00:00,Manual review of company website/catalog text and business model; primary physical goods supported; no required exact revenue percentage.,1990-03-26,Archived 2010-12-31 active equity snapshot plus SEC issuer/security mapping,https://www.alphavantage.co/documentation/#listing-status,https://www.sec.gov/Archives/edgar/data/61986/0000061986-01-500007.txt,20010330,02f81d73b54c4a7d3c7634f9e5c10c1538e43a9d2bae6ee6aaf127bbef9e0fda,artifacts/primary_event_study_2010_2019_v1/ticker_history.csv,,Same SEC issuer with documented security interval; provider labels may reflect subsequent company renaming.,https://www.nasdaqtrader.com/dynamic/SymDir/otherlisted.txt,2026-09-29,sector_expansion,237,39,39,2026-09-29,,,,primary physical-product business,verified_eligible,2026-09-29,Current US operational/principal HQ; not a year-by-year historical domicile classification,2010Q1,2019Q4,True,True,True,2010Q1,2019Q4,2010-04-27,2020-02-06,2010Q1,2019Q4,2010-04-27,2020-02-06,"Provider listing/security start, not founding date; see historical mapping evidence"
0000062996,0000062996,MASCO CORP /DE/,MAS,NYSE,MAS,plumbing and decorative building products,Physical-product manufacturer/brand,Building products,LIVONIA,MI,United States,https://www.sec.gov/cgi-bin/browse-edgar?action=getcompany&CIK=0000062996&owner=include&count=10,74a2c513a9762be0c9ca1c0984b0373092bff9217f514052e0b833fa275b4655,2026-09-16,https://masco.com/,64cf517fd88f4490f055086c43c8b7f1b57640571253d0ea6ab8d1c6bde8028b,2026-09-29T23:34:38.011595+00:00,Manual review of company website/catalog text and business model; primary physical goods supported; no required exact revenue percentage.,1983-06-10,Archived 2010-12-31 active equity snapshot plus SEC issuer/security mapping,https://www.alphavantage.co/documentation/#listing-status,https://www.sec.gov/Archives/edgar/data/62996/0000950124-01-001796.txt,20010329,946cc4adfd7854933fab771755040e4625c5f56bc60e09f2e746eb472e45f2c2,artifacts/primary_event_study_2010_2019_v1/ticker_history.csv,,Same SEC issuer with documented security interval; provider labels may reflect subsequent company renaming.,https://www.nasdaqtrader.com/dynamic/SymDir/otherlisted.txt,2026-09-29,sector_expansion,238,40,40,2026-09-29,,,,primary physical-product business,verified_eligible,2026-09-29,Current US operational/principal HQ; not a year-by-year historical domicile classification,2010Q1,2019Q4,True,True,True,2010Q1,2019Q4,2010-04-26,2020-02-11,2010Q1,2019Q4,2010-04-26,2020-02-11,"Provider listing/security start, not founding date; see historical mapping evidence"
0000063276,0000063276,MATTEL INC /DE/,MAT,NASDAQ,MAT,toys,Physical-product manufacturer/brand,Consumer products,EL SEGUNDO,CA,United States,https://www.sec.gov/cgi-bin/browse-edgar?action=getcompany&CIK=0000063276&owner=include&count=10,9cd24eaad903936247c98b22d92859c41510ebddfdd41654e1a4d5bd5a03c49a,2026-09-16,https://corporate.mattel.com/,dae54458f8cf7f383752d1ba6c272c6117dc28d56b210c05a1f776000a30e87b,2026-09-29,Manual review of company website/catalog text and business model; primary physical goods supported; no required exact revenue percentage.,1982-01-04,Archived 2010-12-31 active equity snapshot plus SEC issuer/security mapping,https://www.alphavantage.co/documentation/#listing-status,https://www.sec.gov/Archives/edgar/data/63276/0000898430-02-001098.txt,20020328,1ab4f7db3d9d288cab5af727c11644c6100be377019f54e0d34ea5aacdcd2e85,artifacts/primary_event_study_2010_2019_v1/ticker_history.csv,,Same SEC issuer with documented security interval; provider labels may reflect subsequent company renaming.,https://www.nasdaqtrader.com/dynamic/SymDir/nasdaqlisted.txt,2026-09-29,sector_expansion,239,40,40,2026-09-29,,,,primary physical-product business,verified_eligible,2026-09-29,Current US operational/principal HQ; not a year-by-year historical domicile classification,2010Q1,2019Q4,True,True,True,2010Q1,2019Q4,2010-04-19,2020-02-13,2010Q1,2019Q4,2010-04-19,2020-02-13,"Provider listing/security start, not founding date; see historical mapping evidence"
0000063296,0000063296,MATTHEWS INTERNATIONAL CORP,MATW,NASDAQ,MATW,memorialization and industrial products,Physical-product manufacturer/brand,Industrial products,PITTSBURGH,PA,United States,https://www.sec.gov/cgi-bin/browse-edgar?action=getcompany&CIK=0000063296&owner=include&count=10,f0bb3c955b5008e0106d27090f78c76a1df7870b17da0554fa82f1cb96ac41de,2026-09-16,https://www.matw.com/,16b7e8ac0bb368ab42ef05b5d18feae6fd7edafd259d90fdb7ace9c54269c364,2026-09-29T23:35:30.961862+00:00,Manual review of company website/catalog text and business model; primary physical goods supported; no required exact revenue percentage.,1994-08-10,Archived 2010-12-31 active equity snapshot plus SEC issuer/security mapping,https://www.alphavantage.co/documentation/#listing-status,https://www.sec.gov/Archives/edgar/data/63296/0000063296-01-500018.txt,20011220,cb942f0cd416de6b30f6f3a66e9a40fb6e509a1cfd2a17b8e25c8c926d185881,artifacts/primary_event_study_2010_2019_v1/ticker_history.csv,,Same SEC issuer with documented security interval; provider labels may reflect subsequent company renaming.,https://www.nasdaqtrader.com/dynamic/SymDir/nasdaqlisted.txt,2026-09-29,sector_expansion,240,32,32,2026-09-29,,,,primary physical-product business,verified_eligible,2026-09-29,Current US operational/principal HQ; not a year-by-year historical domicile classification,2010Q1,2019Q4,True,True,True,2010Q1,2019Q4,2010-01-21,2019-11-21,2010Q1,2019Q4,2010-01-21,2019-11-21,"Provider listing/security start, not founding date; see historical mapping evidence"
0000066740,0000066740,3M CO,MMM,NYSE,MMM,"adhesives, abrasives and safety products",Physical-product manufacturer/brand,Industrial products,ST PAUL,MN,United States,https://www.sec.gov/cgi-bin/browse-edgar?action=getcompany&CIK=0000066740&owner=include&count=10,68283d6e80509b1230a4d4330088a19ddeb66211fd84e71d52bd8281b44519aa,2026-09-16,https://www.3m.com/3M/en_US/p/c/i/commercial-solutions/,1134ac29e6ca318d991fa6a794448af59189209bbde68bedf9a1837376715cb0,2026-09-29,Manual review of company website/catalog text and business model; primary physical goods supported; no required exact revenue percentage.,1970-01-02,Archived 2010-12-31 active equity snapshot plus SEC issuer/security mapping,https://www.alphavantage.co/documentation/#listing-status,https://www.sec.gov/Archives/edgar/data/66740/0000066740-03-000005.txt,20030310,d1c2d03113d2d9f2166859c38bb74f1e0bf55756ca5eafd6900782564b948cba,artifacts/primary_event_study_2010_2019_v1/ticker_history.csv,,Same SEC issuer with documented security interval; provider labels may reflect subsequent company renaming.,https://www.nasdaqtrader.com/dynamic/SymDir/otherlisted.txt,2026-09-29,sector_expansion,241,40,40,2026-09-29,,,,primary physical-product business,verified_eligible,2026-09-29,Current US operational/principal HQ; not a year-by-year historical domicile classification,2010Q1,2019Q4,True,True,True,2010Q1,2019Q4,2010-04-27,2020-01-28,2010Q1,2019Q4,2010-04-27,2020-01-28,"Provider listing/security start, not founding date; see historical mapping evidence"
0000067347,0000067347,MODINE MANUFACTURING CO,MOD,NYSE,MOD,thermal management equipment,Physical-product manufacturer/brand,Automotive components,RACINE,WI,United States,https://www.sec.gov/cgi-bin/browse-edgar?action=getcompany&CIK=0000067347&owner=include&count=10,d6376525e0793e4b3c57a00e5bbf7fbf22919b86ee8d548ddebc3e71c576f7ea,2026-09-16,https://www.modine.com/,09719b4104478798f7ebffdd48d75de7669878de0f55237c72c87e9cabbd62bd,2026-09-29T23:34:48.042743+00:00,Manual review of company website/catalog text and business model; primary physical goods supported; no required exact revenue percentage.,1990-03-26,Archived 2010-12-31 active equity snapshot plus SEC issuer/security mapping,https://www.alphavantage.co/documentation/#listing-status,https://www.sec.gov/Archives/edgar/data/67347/0000067347-02-000014.txt,20020621,63197ab92b3d089b826ef930f9289dbf810d8ea534b91385e966bac5d17e7905,artifacts/primary_event_study_2010_2019_v1/ticker_history.csv,,Same SEC issuer with documented security interval; provider labels may reflect subsequent company renaming.,https://www.nasdaqtrader.com/dynamic/SymDir/otherlisted.txt,2026-09-29,sector_expansion,242,34,34,2026-09-29,,,,primary physical-product business,verified_eligible,2026-09-29,Current US operational/principal HQ; not a year-by-year historical domicile classification,2010Q1,2019Q4,True,True,True,2010Q3,2019Q4,2010-02-02,2019-05-22,2010Q3,2019Q4,2010-02-02,2019-05-22,"Provider listing/security start, not founding date; see historical mapping evidence"
0000069488,0000069488,MYERS INDUSTRIES INC,MYE,NYSE,MYE,material handling and plastic products,Physical-product manufacturer/brand,Industrial products,AKRON,OH,United States,https://www.sec.gov/cgi-bin/browse-edgar?action=getcompany&CIK=0000069488&owner=include&count=10,66c1bc800d14b720475ee8ed25f3d5298069794f459f5ed3476c655a00d2fc75,2026-09-16,https://www.myersindustries.com/,9d24238b0425312f9fd621f23f9b44e398ccb77dd135dd16f6a2183c55e93e73,2026-09-29T23:35:13.681940+00:00,Manual review of company website/catalog text and business model; primary physical goods supported; no required exact revenue percentage.,1987-09-08,Archived 2010-12-31 active equity snapshot plus SEC issuer/security mapping,https://www.alphavantage.co/documentation/#listing-status,https://www.sec.gov/Archives/edgar/data/69488/0000950152-01-500586.txt,20010330,15b24857cae614050c9511767e87916ff4d4f80935364637541a0d67bbf556b1,artifacts/primary_event_study_2010_2019_v1/ticker_history.csv,,Same SEC issuer with documented security interval; provider labels may reflect subsequent company renaming.,https://www.nasdaqtrader.com/dynamic/SymDir/otherlisted.txt,2026-09-29,sector_expansion,243,28,28,2026-09-29,,,,primary physical-product business,verified_eligible,2026-09-29,Current US operational/principal HQ; not a year-by-year historical domicile classification,2010Q1,2019Q4,True,True,True,2013Q1,2019Q4,2013-04-24,2020-03-03,2013Q1,2019Q4,2013-04-24,2020-03-03,"Provider listing/security start, not founding date; see historical mapping evidence"
0000072573,0000072573,MOVADO GROUP INC,MOV,NYSE,MOV,watches,Physical-product manufacturer/brand,Consumer products,PARAMUS,NJ,United States,https://www.sec.gov/cgi-bin/browse-edgar?action=getcompany&CIK=0000072573&owner=include&count=10,92b6d7d314317bda4f67bbab4abbb3771955b9ccdffff4d31c8850bded163068,2026-09-16,https://www.movadogroup.com/,d53b13d0dfc6b0b052a479148196cf3ee3117b840b4b5271b012fa45792bef2b,2026-09-29T23:35:52.078469+00:00,Manual review of company website/catalog text and business model; primary physical goods supported; no required exact revenue percentage.,1993-09-30,Archived 2010-12-31 active equity snapshot plus SEC issuer/security mapping,https://www.alphavantage.co/documentation/#listing-status,https://www.sec.gov/Archives/edgar/data/72573/0000950123-01-501463.txt,20010430,35086411cb944f0b6643d979c53e3f6ebf6f0553a356bd8ea2444c79d861c6c8,artifacts/primary_event_study_2010_2019_v1/ticker_history.csv,,Same SEC issuer with documented security interval; provider labels may reflect subsequent company renaming.,https://www.nasdaqtrader.com/dynamic/SymDir/otherlisted.txt,2026-09-29,sector_expansion,244,30,30,2026-09-29,,,,primary physical-product business,verified_eligible,2026-09-29,Current US operational/principal HQ; not a year-by-year historical domicile classification,2010Q1,2019Q4,True,True,True,2010Q2,2019Q4,2009-09-03,2019-03-28,2010Q2,2019Q4,2009-09-03,2019-03-28,"Provider listing/security start, not founding date; see historical mapping evidence"
0000073309,0000073309,NUCOR CORP,NUE,NYSE,NUE,steel and steel products,Physical-product manufacturer/brand,Metals,CHARLOTTE,NC,United States,https://www.sec.gov/cgi-bin/browse-edgar?action=getcompany&CIK=0000073309&owner=include&count=10,11b48acb49e54d76059a1a013d8d30f7f1afbc8dbf4783b8508b78158b773fb9,2026-09-16,https://nucor.com/,7835896b75aa5e212badb720a9a9ba306bae5624efecf63ee99ba7e62a9806ad,2026-09-29T23:35:21.053432+00:00,Manual review of company website/catalog text and business model; primary physical goods supported; no required exact revenue percentage.,1983-09-01,Archived 2010-12-31 active equity snapshot plus SEC issuer/security mapping,https://www.alphavantage.co/documentation/#listing-status,https://www.sec.gov/Archives/edgar/data/73309/0000950168-01-000600.txt,20010328,fa81ed1e70946b448abecc4ef7e05823d40dcc2e5c371b5f342b302acadf8df7,artifacts/primary_event_study_2010_2019_v1/ticker_history.csv,,Same SEC issuer with documented security interval; provider labels may reflect subsequent company renaming.,https://www.nasdaqtrader.com/dynamic/SymDir/otherlisted.txt,2026-09-29,sector_expansion,245,38,38,2026-09-29,,,,primary physical-product business,verified_eligible,2026-09-29,Current US operational/principal HQ; not a year-by-year historical domicile classification,2010Q1,2019Q4,True,True,True,2010Q1,2019Q4,2010-04-22,2020-01-28,2010Q1,2019Q4,2010-04-22,2020-01-28,"Provider listing/security start, not founding date; see historical mapping evidence"
0000074046,0000074046,Oil-Dri Corp of America,ODC,NYSE,ODC,mineral absorbents,Physical-product manufacturer/brand,Materials,CHICAGO,IL,United States,https://www.sec.gov/cgi-bin/browse-edgar?action=getcompany&CIK=0000074046&owner=include&count=10,a80f8b0471cd0110bf3ba68d5605d27f6b09696261c05f5f656efb6e74a17799,2026-09-16,https://www.oildri.com/,1d5b9bb73ad2884d2e4ce8a24b481db97e3d5914cb4af91d251045b3da419dd1,2026-09-29T23:35:53.583668+00:00,Manual review of company website/catalog text and business model; primary physical goods supported; no required exact revenue percentage.,1990-03-26,Archived 2010-12-31 active equity snapshot plus SEC issuer/security mapping,https://www.alphavantage.co/documentation/#listing-status,https://www.sec.gov/Archives/edgar/data/74046/0000074046-02-000029.txt,20021015,5bad551526159d616d6fb90298abb60dba58f7c1434074e9363489984cd21f2d,artifacts/primary_event_study_2010_2019_v1/ticker_history.csv,,Same SEC issuer with documented security interval; provider labels may reflect subsequent company renaming.,https://www.nasdaqtrader.com/dynamic/SymDir/otherlisted.txt,2026-09-29,sector_expansion,246,40,40,2026-09-29,,,,primary physical-product business,verified_eligible,2026-09-29,Current US operational/principal HQ; not a year-by-year historical domicile classification,2010Q1,2019Q4,True,True,True,2010Q1,2019Q4,2009-12-08,2019-10-10,2010Q1,2019Q4,2009-12-08,2019-10-10,"Provider listing/security start, not founding date; see historical mapping evidence"
0000074303,0000074303,OLIN Corp,OLN,NYSE,OLN,chlor alkali products and ammunition,Physical-product manufacturer/brand,Chemicals,CLAYTON,MO,United States,https://www.sec.gov/cgi-bin/browse-edgar?action=getcompany&CIK=0000074303&owner=include&count=10,ea192b3f2b9209b62d80a420b507b844fc0920b5dcf62f7fb118807f3e0071fa,2026-09-16,https://www.olin.com/,c4c6a67e0a7708687daf03b8d68b18ef0308b2087503ab41ff205728af8bd158,2026-09-29T23:35:41.872350+00:00,Manual review of company website/catalog text and business model; primary physical goods supported; no required exact revenue percentage.,1987-12-30,Archived 2010-12-31 active equity snapshot plus SEC issuer/security mapping,https://www.alphavantage.co/documentation/#listing-status,https://www.sec.gov/Archives/edgar/data/74303/0000950130-03-001836.txt,20030306,8a28d6c364f4ba62987539bcafba246d1ef24cb24ec6cf48c726c4f5af237daf,artifacts/primary_event_study_2010_2019_v1/ticker_history.csv,,Same SEC issuer with documented security interval; provider labels may reflect subsequent company renaming.,https://www.nasdaqtrader.com/dynamic/SymDir/otherlisted.txt,2026-09-29,sector_expansion,247,40,40,2026-09-29,,,,primary physical-product business,verified_eligible,2026-09-29,Current US operational/principal HQ; not a year-by-year historical domicile classification,2010Q1,2019Q4,True,True,True,2010Q1,2019Q4,2010-04-26,2020-02-04,2010Q1,2019Q4,2010-04-26,2020-02-04,"Provider listing/security start, not founding date; see historical mapping evidence"
0000075288,0000075288,OXFORD INDUSTRIES INC,OXM,NYSE,OXM,branded apparel,Physical-product manufacturer/brand,Apparel and footwear,ATLANTA,GA,United States,https://www.sec.gov/cgi-bin/browse-edgar?action=getcompany&CIK=0000075288&owner=include&count=10,0d71d75ba14435b993dd2648249e1ba6abaf8bfbfb8733b31b4d2f9dc5770233,2026-09-16,https://www.oxfordinc.com/,8e0085b11883ca102c37b22af24d467dacd7369bf1e65b81576e7161521ddb7f,2026-09-29T23:35:51.066317+00:00,Manual review of company website/catalog text and business model; primary physical goods supported; no required exact revenue percentage.,1987-12-30,Archived 2010-12-31 active equity snapshot plus SEC issuer/security mapping,https://www.alphavantage.co/documentation/#listing-status,https://www.sec.gov/Archives/edgar/data/75288/0000075288-01-500015.txt,20010829,8dfefcc4fd71cb9e8333764a05f6077e86f4c922dc79d0b605de9080fe603b96,artifacts/primary_event_study_2010_2019_v1/ticker_history.csv,,Same SEC issuer with documented security interval; provider labels may reflect subsequent company renaming.,https://www.nasdaqtrader.com/dynamic/SymDir/otherlisted.txt,2026-09-29,sector_expansion,248,29,29,2026-09-29,,,,primary physical-product business,verified_eligible,2026-09-29,Current US operational/principal HQ; not a year-by-year historical domicile classification,2010Q1,2019Q4,True,True,True,2012Q4,2019Q4,2012-03-27,2019-03-28,2012Q4,2019Q4,2012-03-27,2019-03-28,"Provider listing/security start, not founding date; see historical mapping evidence"
0000075362,0000075362,PACCAR INC,PCAR,NASDAQ,PCAR,trucks and engines,Physical-product manufacturer/brand,Vehicles,BELLEVUE,WA,United States,https://www.sec.gov/cgi-bin/browse-edgar?action=getcompany&CIK=0000075362&owner=include&count=10,a3e799efef4dd339c23f212357f789246cf9df538d2de9743ba3a6c8456182dc,2026-09-16,https://www.paccar.com/,1de48320f007c2562f097a33a9b12be2444af382c1230bb3fe0ec20215dff6b3,2026-09-29T23:34:44.213406+00:00,Manual review of company website/catalog text and business model; primary physical goods supported; no required exact revenue percentage.,1986-07-09,Archived 2010-12-31 active equity snapshot plus SEC issuer/security mapping,https://www.alphavantage.co/documentation/#listing-status,https://www.sec.gov/Archives/edgar/data/75362/0001104659-03-003908.txt,20030310,2cba605e7d88f07874c02d2d1dc93f66fe4bc035b622fe84fed554ff9430dd66,artifacts/primary_event_study_2010_2019_v1/ticker_history.csv,,Same SEC issuer with documented security interval; provider labels may reflect subsequent company renaming.,https://www.nasdaqtrader.com/dynamic/SymDir/nasdaqlisted.txt,2026-09-29,sector_expansion,249,40,40,2026-09-29,,,,primary physical-product business,verified_eligible,2026-09-29,Current US operational/principal HQ; not a year-by-year historical domicile classification,2010Q1,2019Q4,True,True,True,2010Q1,2019Q4,2010-04-20,2020-01-28,2010Q1,2019Q4,2010-04-20,2020-01-28,"Provider listing/security start, not founding date; see historical mapping evidence"
0000075677,0000075677,PACKAGING CORP OF AMERICA,PKG,NYSE,PKG,containerboard and packaging,Physical-product manufacturer/brand,Packaging,LAKE FOREST,IL,United States,https://www.sec.gov/cgi-bin/browse-edgar?action=getcompany&CIK=0000075677&owner=include&count=10,f1a976bd1818928165c4af9597af7ff0e1fd00e22a11dfc55c16e2d822cf411f,2026-09-16,https://www.packagingcorp.com/,dd0e840f52323120f35e851d1250b8f20d8e95e8712a7ba96f891aa00c75d244,2026-09-29T23:35:39.869427+00:00,Manual review of company website/catalog text and business model; primary physical goods supported; no required exact revenue percentage.,2000-01-28,Archived 2010-12-31 active equity snapshot plus SEC issuer/security mapping,https://www.alphavantage.co/documentation/#listing-status,https://www.sec.gov/Archives/edgar/data/75677/0000912057-01-008509.txt,20010327,75bed1a81917a889e8bfe82562acea9137e950c3e7518d8c3ed852908dc3739f,artifacts/primary_event_study_2010_2019_v1/ticker_history.csv,,Same SEC issuer with documented security interval; provider labels may reflect subsequent company renaming.,https://www.nasdaqtrader.com/dynamic/SymDir/otherlisted.txt,2026-09-29,sector_expansion,250,39,39,2026-09-29,,,,primary physical-product business,verified_eligible,2026-09-29,Current US operational/principal HQ; not a year-by-year historical domicile classification,2010Q1,2019Q4,True,True,True,2010Q1,2019Q4,2010-04-19,2020-01-29,2010Q1,2019Q4,2010-04-19,2020-01-29,"Provider listing/security start, not founding date; see historical mapping evidence"
0000076267,0000076267,PARK AEROSPACE CORP,PKE,NYSE,PKE,composite aerospace materials,Physical-product manufacturer/brand,Aerospace,MELVILLE,NY,United States,https://www.sec.gov/cgi-bin/browse-edgar?action=getcompany&CIK=0000076267&owner=include&count=10,833f46a122470650d3752382065dc7fe2420ce53877dbb63d6f6bdb27e57a4bc,2026-09-16,https://parkaerospace.com/,39b39f8192756cb7264d344ccc7d4398508d3552f165c2c5f78edbc8e3171d57,2026-09-29,Manual review of company website/catalog text and business model; primary physical goods supported; no required exact revenue percentage.,1987-12-30,Archived 2010-12-31 active equity snapshot plus SEC issuer/security mapping,https://www.alphavantage.co/documentation/#listing-status,https://www.sec.gov/Archives/edgar/data/76267/0000076267-01-500013.txt,20010524,b609de54582d59ccbbe40a7311488922d6de1578301705d6d8dbb93f009e7da9,artifacts/primary_event_study_2010_2019_v1/ticker_history.csv,,Same SEC issuer with documented security interval; provider labels may reflect subsequent company renaming.,https://www.nasdaqtrader.com/dynamic/SymDir/otherlisted.txt,2026-09-29,sector_expansion,251,29,27,2026-09-29,,,,primary physical-product business,verified_eligible,2026-09-29,Current US operational/principal HQ; not a year-by-year historical domicile classification,2010Q1,2019Q4,True,True,True,2012Q4,2019Q4,2012-06-25,2019-05-17,2012Q4,2019Q4,2012-06-25,2019-05-17,"Provider listing/security start, not founding date; see historical mapping evidence"
0000076282,0000076282,PARK OHIO HOLDINGS CORP,PKOH,NASDAQ,PKOH,engineered and assembly products,Physical-product manufacturer/brand,Industrial components,CLEVELAND,OH,United States,https://www.sec.gov/cgi-bin/browse-edgar?action=getcompany&CIK=0000076282&owner=include&count=10,3150cfc125214cb8512086de98320e8fc0adacaa5fb39c7110546a46991f9456,2026-09-16,https://pkoh.com/,ddc58b12b40a86ec8fb07f6c8c9c22ae8b8dadf6c0a61273121142bda21fda52,2026-09-29T23:34:40.679367+00:00,Manual review of company website/catalog text and business model; primary physical goods supported; no required exact revenue percentage.,1990-03-26,Archived 2010-12-31 active equity snapshot plus SEC issuer/security mapping,https://www.alphavantage.co/documentation/#listing-status,https://www.sec.gov/Archives/edgar/data/76282/0000950152-03-003630.txt,20030328,edcc00d54cee0f3c6a2edf07308ed2c7abdf2d71fd86ccce4e40357d1d684eba,artifacts/primary_event_study_2010_2019_v1/ticker_history.csv,,Same SEC issuer with documented security interval; provider labels may reflect subsequent company renaming.,https://www.nasdaqtrader.com/dynamic/SymDir/nasdaqlisted.txt,2026-09-29,sector_expansion,252,36,36,2026-09-29,,,,primary physical-product business,verified_eligible,2026-09-29,Current US operational/principal HQ; not a year-by-year historical domicile classification,2010Q1,2019Q4,True,True,True,2010Q1,2019Q4,2010-05-03,2020-03-11,2010Q1,2019Q4,2010-05-03,2020-03-11,"Provider listing/security start, not founding date; see historical mapping evidence"
0000076334,0000076334,Parker-Hannifin Corp,PH,NYSE,PH,motion and control components,Physical-product manufacturer/brand,Machinery,CLEVELAND,OH,United States,https://www.sec.gov/cgi-bin/browse-edgar?action=getcompany&CIK=0000076334&owner=include&count=10,21a22680c90c5679bbfb7f9a1d3956752c57c27b77171a3d79dd02c7088af153,2026-09-16,https://www.parker.com/content/dam/Parker-com/Literature/Electromechanical-Europe/Literature/192_490123_Motion-Control_Products.pdf,14e3b8bcf9b53f1addd5f2bb7fea69b55b3e1b0526d4731a7939a2b4f331f8fc,2026-09-29,Manual review of company website/catalog text and business model; primary physical goods supported; no required exact revenue percentage.,1985-07-01,Archived 2010-12-31 active equity snapshot plus SEC issuer/security mapping,https://www.alphavantage.co/documentation/#listing-status,https://www.sec.gov/Archives/edgar/data/76334/0001021408-01-507392.txt,20010927,285474635cf863f7800d4f0f7323fa313ff4e6585d8f72e1116d644260534ffa,artifacts/primary_event_study_2010_2019_v1/ticker_history.csv,,Same SEC issuer with documented security interval; provider labels may reflect subsequent company renaming.,https://www.nasdaqtrader.com/dynamic/SymDir/otherlisted.txt,2026-09-29,sector_expansion,253,38,38,2026-09-29,,,,primary physical-product business,verified_eligible,2026-09-29,Current US operational/principal HQ; not a year-by-year historical domicile classification,2010Q1,2019Q4,True,True,True,2010Q1,2019Q4,2009-10-20,2019-08-01,2010Q1,2019Q4,2009-10-20,2019-08-01,"Provider listing/security start, not founding date; see historical mapping evidence"
0000076605,0000076605,PATRICK INDUSTRIES INC,PATK,NASDAQ,PATK,RV and marine components,Physical-product manufacturer/brand,Automotive components,ELKHART,IN,United States,https://www.sec.gov/cgi-bin/browse-edgar?action=getcompany&CIK=0000076605&owner=include&count=10,1d0d177bf73d4f3c2096e3f9b75123c620a1c16c2f2524b47a9b93d50832646a,2026-09-16,https://ir.patrickind.com/company-information,1a6abdc1aae1a00ea81ba470ff7126ac35e69299a85f32ca197ec46f9a1e6f28,2026-09-29,Manual review of company website/catalog text and business model; primary physical goods supported; no required exact revenue percentage.,1990-03-27,Archived 2010-12-31 active equity snapshot plus SEC issuer/security mapping,https://www.alphavantage.co/documentation/#listing-status,https://www.sec.gov/Archives/edgar/data/76605/0000914760-03-000054.txt,20030331,e3a595b99299e1e2a869253f3cf399a68b4824284b20d1906103bf63550a07d3,artifacts/primary_event_study_2010_2019_v1/ticker_history.csv,,Same SEC issuer with documented security interval; provider labels may reflect subsequent company renaming.,https://www.nasdaqtrader.com/dynamic/SymDir/nasdaqlisted.txt,2026-09-29,sector_expansion,254,26,26,2026-09-29,,,,primary physical-product business,verified_eligible,2026-09-29,Current US operational/principal HQ; not a year-by-year historical domicile classification,2010Q1,2019Q4,True,True,True,2013Q3,2019Q4,2013-10-24,2020-02-13,2013Q3,2019Q4,2013-10-24,2020-02-13,"Provider listing/security start, not founding date; see historical mapping evidence"
0000078239,0000078239,PVH CORP. /DE/,PVH,NYSE,PVH,branded apparel,Physical-product manufacturer/brand,Apparel and footwear,NEW YORK,NY,United States,https://www.sec.gov/cgi-bin/browse-edgar?action=getcompany&CIK=0000078239&owner=include&count=10,1ed4fcb2a39af799f5911583a8ef3f5c858a29e67bc442c5426b92d38763c8f9,2026-09-16,https://www.pvh.com/,156206949fe9dbc46cecb7198a4715e7adda52e26cb9af879d4be14c7449f0b5,2026-09-29T23:35:51.271790+00:00,Manual review of company website/catalog text and business model; primary physical goods supported; no required exact revenue percentage.,1987-07-10,Archived 2010-12-31 active equity snapshot plus SEC issuer/security mapping,https://www.alphavantage.co/documentation/#listing-status,https://www.sec.gov/Archives/edgar/data/78239/0000078239-01-500008.txt,20010426,9d5b9fb24aa516d5cdf7a28e848e6750ff58491569ba857f5471d2a261930f76,artifacts/primary_event_study_2010_2019_v1/ticker_history.csv,,Same SEC issuer with documented security interval; provider labels may reflect subsequent company renaming.,https://www.nasdaqtrader.com/dynamic/SymDir/otherlisted.txt,2026-09-29,sector_expansion,255,35,35,2026-09-29,,,,primary physical-product business,verified_eligible,2026-09-29,Current US operational/principal HQ; not a year-by-year historical domicile classification,2010Q1,2019Q4,True,True,True,2011Q2,2019Q4,2010-09-07,2019-03-27,2011Q2,2019Q4,2010-09-07,2019-03-27,"Provider listing/security start, not founding date; see historical mapping evidence"
0000079879,0000079879,PPG INDUSTRIES INC,PPG,NYSE,PPG,paints and coatings,Physical-product manufacturer/brand,Chemicals,PITTSBURGH,PA,United States,https://www.sec.gov/cgi-bin/browse-edgar?action=getcompany&CIK=0000079879&owner=include&count=10,15783e4e1fded23fc698ad948d53460520fd09c25fa0880716138f6ce27fc065,2026-09-16,https://www.ppg.com/en-US,5f6a26f755013ef05ad9266f122c50cb569b48ee13874be27fd0761da712177f,2026-09-29T23:35:46.019239+00:00,Manual review of company website/catalog text and business model; primary physical goods supported; no required exact revenue percentage.,1983-04-06,Archived 2010-12-31 active equity snapshot plus SEC issuer/security mapping,https://www.alphavantage.co/documentation/#listing-status,https://www.sec.gov/Archives/edgar/data/79879/0000927016-03-000839.txt,20030221,560cf451e1dd4ab886d479775f400120e4e87132caa605b9b6671131a77d7210,artifacts/primary_event_study_2010_2019_v1/ticker_history.csv,,Same SEC issuer with documented security interval; provider labels may reflect subsequent company renaming.,https://www.nasdaqtrader.com/dynamic/SymDir/otherlisted.txt,2026-09-29,sector_expansion,256,39,39,2026-09-29,,,,primary physical-product business,verified_eligible,2026-09-29,Current US operational/principal HQ; not a year-by-year historical domicile classification,2010Q1,2019Q4,True,True,True,2010Q1,2019Q4,2010-04-15,2020-01-16,2010Q1,2019Q4,2010-04-15,2020-01-16,"Provider listing/security start, not founding date; see historical mapping evidence"
0000080424,0000080424,PROCTER & GAMBLE Co,PG,NYSE,PG,household and personal care products,Physical-product manufacturer/brand,Consumer products,CINCINNATI,OH,United States,https://www.sec.gov/cgi-bin/browse-edgar?action=getcompany&CIK=0000080424&owner=include&count=10,8f4b39dceedfaa2b72683364e6dfbe67c455721ce19751cc3231b4249e49b1a1,2026-09-16,https://us.pg.com/,037960885370ee0f03741bc48f2be5d1cf5f9c3ea89f82abd33c03276a10644f,2026-09-29T23:35:44.829088+00:00,Manual review of company website/catalog text and business model; primary physical goods supported; no required exact revenue percentage.,1970-01-02,Archived 2010-12-31 active equity snapshot plus SEC issuer/security mapping,https://www.alphavantage.co/documentation/#listing-status,https://www.sec.gov/Archives/edgar/data/80424/0000950152-01-504449.txt,20010912,5b8561f316bd3d1b45817a37eaaaa778fccd5587834d8b26a7b6ec2a64c10975,artifacts/primary_event_study_2010_2019_v1/ticker_history.csv,,Same SEC issuer with documented security interval; provider labels may reflect subsequent company renaming.,https://www.nasdaqtrader.com/dynamic/SymDir/otherlisted.txt,2026-09-29,sector_expansion,258,40,40,2026-09-29,,,,primary physical-product business,verified_eligible,2026-09-29,Current US operational/principal HQ; not a year-by-year historical domicile classification,2010Q1,2019Q4,True,True,True,2010Q1,2019Q4,2009-10-29,2019-07-30,2010Q1,2019Q4,2009-10-29,2019-07-30,"Provider listing/security start, not founding date; see historical mapping evidence"
0000081362,0000081362,QUAKER CHEMICAL CORP,KWR,NYSE,KWR,industrial process fluids,Physical-product manufacturer/brand,Chemicals,CONSHOHOCKEN,PA,United States,https://www.sec.gov/cgi-bin/browse-edgar?action=getcompany&CIK=0000081362&owner=include&count=10,30367b3a4fe2b1db1783667c94031071747bc613170b5072369ba5af40b7898f,2026-09-16,https://home.quakerhoughton.com/,4057915fd067e684213c889fcf007a5a1cb6e57d5dce5abfc70ca5b88bd1d7ef,2026-09-29T23:35:49.318384+00:00,Manual review of company website/catalog text and business model; primary physical goods supported; no required exact revenue percentage.,1990-03-26,Archived 2010-12-31 active equity snapshot plus SEC issuer/security mapping,https://www.alphavantage.co/documentation/#listing-status,https://www.sec.gov/Archives/edgar/data/81362/0000928385-03-000926.txt,20030328,11e6e5178c4a80a2d5bc46fbf01007e7c20eff2821ee579a4969866c90b83b2e,artifacts/primary_event_study_2010_2019_v1/ticker_history.csv,,Same SEC issuer with documented security interval; provider labels may reflect subsequent company renaming.,https://www.nasdaqtrader.com/dynamic/SymDir/otherlisted.txt,2026-09-29,sector_expansion,259,34,34,2026-09-29,,,,primary physical-product business,verified_eligible,2026-09-29,Current US operational/principal HQ; not a year-by-year historical domicile classification,2010Q1,2019Q4,True,True,True,2010Q1,2019Q4,2010-04-27,2020-03-02,2010Q1,2019Q4,2010-04-27,2020-03-02,"Provider listing/security start, not founding date; see historical mapping evidence"
0000084748,0000084748,ROGERS CORP,ROG,NYSE,ROG,electronic and engineered materials,Physical-product manufacturer/brand,Materials,CHANDLER,AZ,United States,https://www.sec.gov/cgi-bin/browse-edgar?action=getcompany&CIK=0000084748&owner=include&count=10,8f0a6215a3e693241cb7d60c09894f4f49246e9600a88f905b88e00ade904606,2026-09-16,https://www.rogerscorp.com/,590aaa9d1a56feee86cc9be50c05d456850b4cb2b62fbeba29506e229aff42e6,2026-09-29T23:35:10.109954+00:00,Manual review of company website/catalog text and business model; primary physical goods supported; no required exact revenue percentage.,1980-03-17,Archived 2010-12-31 active equity snapshot plus SEC issuer/security mapping,https://www.alphavantage.co/documentation/#listing-status,https://www.sec.gov/Archives/edgar/data/84748/0000084748-01-500003.txt,20010326,1c6c05b45fb731592076121569539bddd22fbad5f475ee8dd1f88ffae6beea84,artifacts/primary_event_study_2010_2019_v1/ticker_history.csv,,Same SEC issuer with documented security interval; provider labels may reflect subsequent company renaming.,https://www.nasdaqtrader.com/dynamic/SymDir/otherlisted.txt,2026-09-29,sector_expansion,260,36,36,2026-09-29,,,,primary physical-product business,verified_eligible,2026-09-29,Current US operational/principal HQ; not a year-by-year historical domicile classification,2010Q1,2019Q4,True,True,True,2010Q1,2019Q4,2010-05-03,2020-02-20,2010Q1,2019Q4,2010-05-03,2020-02-20,"Provider listing/security start, not founding date; see historical mapping evidence"
0000089800,0000089800,SHERWIN WILLIAMS CO,SHW,NYSE,SHW,paints and coatings,Physical-product manufacturer/brand,Chemicals,CLEVELAND,OH,United States,https://www.sec.gov/cgi-bin/browse-edgar?action=getcompany&CIK=0000089800&owner=include&count=10,fcae164f27aa73e375002a830288dd3119013dc9a7a3ee31036be763e3912008,2026-09-16,https://www.sherwin-williams.com/,fc3b1b4dd96fefa994fc95696a094e6e058b9b44796cdbc586473b9c4638e048,2026-09-29T23:35:57.480343+00:00,Manual review of company website/catalog text and business model; primary physical goods supported; no required exact revenue percentage.,1985-07-01,Archived 2010-12-31 active equity snapshot plus SEC issuer/security mapping,https://www.alphavantage.co/documentation/#listing-status,https://www.sec.gov/Archives/edgar/data/89800/0000950152-01-500336.txt,20010313,a0479273126afee9731ff0ab21c2febce90a7298ac56ff4a18c5657cb34a65a6,artifacts/primary_event_study_2010_2019_v1/ticker_history.csv,,Same SEC issuer with documented security interval; provider labels may reflect subsequent company renaming.,https://www.nasdaqtrader.com/dynamic/SymDir/otherlisted.txt,2026-09-29,sector_expansion,262,40,40,2026-09-29,,,,primary physical-product business,verified_eligible,2026-09-29,Current US operational/principal HQ; not a year-by-year historical domicile classification,2010Q1,2019Q4,True,True,True,2010Q1,2019Q4,2010-04-22,2020-01-30,2010Q1,2019Q4,2010-04-22,2020-01-30,"Provider listing/security start, not founding date; see historical mapping evidence"
0000090896,0000090896,"Champion Homes, Inc.",SKY,NYSE,SKY,manufactured homes,Physical-product manufacturer/brand,Building products,TROY,MI,United States,https://www.sec.gov/cgi-bin/browse-edgar?action=getcompany&CIK=0000090896&owner=include&count=10,8478edc42d1922666709888b46179d39ac6068415af25abd2185552aed1ee706,2026-09-16,https://www.championhomes.com/,6fa9a7cab70cc643f1ded4c0da64e0b23d872f6a146512cb26799fb371859c63,2026-09-29T23:35:36.424816+00:00,Manual review of company website/catalog text and business model; primary physical goods supported; no required exact revenue percentage.,1981-12-31,Archived 2010-12-31 active equity snapshot plus SEC issuer/security mapping,https://www.alphavantage.co/documentation/#listing-status,https://www.sec.gov/Archives/edgar/data/90896/0000090896-01-500011.txt,20010803,4a218ec275808ef0fd2a2afb17eca0fa0443d2d510b378b0877b95bf141a3291,artifacts/primary_event_study_2010_2019_v1/ticker_history.csv,,Same SEC issuer with documented security interval; provider labels may reflect subsequent company renaming.,https://www.nasdaqtrader.com/dynamic/SymDir/otherlisted.txt,2026-09-29,sector_expansion,263,4,4,2026-09-29,,,,primary physical-product business,verified_eligible,2026-09-29,Current US operational/principal HQ; not a year-by-year historical domicile classification,2010Q1,2019Q4,True,True,True,2019Q1,2019Q4,2018-08-08,2019-05-21,2019Q1,2019Q4,2018-08-08,2019-05-21,"Provider listing/security start, not founding date; see historical mapping evidence"
0000091440,0000091440,Snap-on Inc,SNA,NYSE,SNA,professional tools and equipment,Physical-product manufacturer/brand,Tools,KENOSHA,WI,United States,https://www.sec.gov/cgi-bin/browse-edgar?action=getcompany&CIK=0000091440&owner=include&count=10,3cf4b6c9e8ae47c7fc977c6f6af7c3a5b4f4e9cd63218ab9496b7b1fddb4ebd8,2026-09-16,https://www.snapon.com/,c20802aa42451be0678df15c6a235407bd3322df8b46c46e7cb8ec063e38b787,2026-09-29T23:34:36.281085+00:00,Manual review of company website/catalog text and business model; primary physical goods supported; no required exact revenue percentage.,1985-07-01,Archived 2010-12-31 active equity snapshot plus SEC issuer/security mapping,https://www.alphavantage.co/documentation/#listing-status,https://www.sec.gov/Archives/edgar/data/91440/0000897069-03-000288.txt,20030305,62ff3704d912f3d54bc588a92368f0186741453114709af5a3d8f131eebaa6ba,artifacts/primary_event_study_2010_2019_v1/ticker_history.csv,,Same SEC issuer with documented security interval; provider labels may reflect subsequent company renaming.,https://www.nasdaqtrader.com/dynamic/SymDir/otherlisted.txt,2026-09-29,sector_expansion,264,40,40,2026-09-29,,,,primary physical-product business,verified_eligible,2026-09-29,Current US operational/principal HQ; not a year-by-year historical domicile classification,2010Q1,2019Q4,True,True,True,2010Q1,2019Q4,2010-04-20,2020-02-06,2010Q1,2019Q4,2010-04-20,2020-02-06,"Provider listing/security start, not founding date; see historical mapping evidence"
0000091767,0000091767,SONOCO PRODUCTS CO,SON,NYSE,SON,consumer and industrial packaging,Physical-product manufacturer/brand,Packaging,HARTSVILLE,SC,United States,https://www.sec.gov/cgi-bin/browse-edgar?action=getcompany&CIK=0000091767&owner=include&count=10,2b08f94a08c8bc1047eeffae57ab038503d2c61184bbfe393d3483f6ea5310e7,2026-09-16,https://www.sonoco.com/na,a5d1f476b6ad1e443ccb3e1848efebd926459031ea91059f24603bfd845407f9,2026-09-29T23:35:40.110625+00:00,Manual review of company website/catalog text and business model; primary physical goods supported; no required exact revenue percentage.,1985-06-11,Archived 2010-12-31 active equity snapshot plus SEC issuer/security mapping,https://www.alphavantage.co/documentation/#listing-status,https://www.sec.gov/Archives/edgar/data/91767/0000950144-01-004381.txt,20010330,ca55d5df06f510685bac17b62b8b83c1b373febfb9aa63838dffa29a36a0c6c8,artifacts/primary_event_study_2010_2019_v1/ticker_history.csv,,Same SEC issuer with documented security interval; provider labels may reflect subsequent company renaming.,https://www.nasdaqtrader.com/dynamic/SymDir/otherlisted.txt,2026-09-29,sector_expansion,265,35,35,2026-09-29,,,,primary physical-product business,verified_eligible,2026-09-29,Current US operational/principal HQ; not a year-by-year historical domicile classification,2010Q1,2019Q4,True,True,True,2011Q2,2019Q4,2011-07-21,2020-02-13,2011Q2,2019Q4,2011-07-21,2020-02-13,"Provider listing/security start, not founding date; see historical mapping evidence"
0000093389,0000093389,"STANDARD MOTOR PRODUCTS, INC.",SMP,NYSE,SMP,automotive replacement components,Physical-product manufacturer/brand,Automotive components,LONG ISLAND CITY,NY,United States,https://www.sec.gov/cgi-bin/browse-edgar?action=getcompany&CIK=0000093389&owner=include&count=10,8e6b9cb1ffc7ac3f8eac896476314915f12ab8a969d43ad9df3f6debd0f67cd3,2026-09-16,https://www.smpcorp.com/,873f54509cd41fbe3147645ba321f030899de3e6aae9d312e4d50c2e03c5ed8e,2026-09-29T23:34:50.638882+00:00,Manual review of company website/catalog text and business model; primary physical goods supported; no required exact revenue percentage.,1987-12-30,Archived 2010-12-31 active equity snapshot plus SEC issuer/security mapping,https://www.alphavantage.co/documentation/#listing-status,https://www.sec.gov/Archives/edgar/data/93389/0000909012-01-000224.txt,20010402,3071a5bfea6fc307ee194f1a4b348c81c91af704dfa2ccacbd5d696be4dd196a,artifacts/primary_event_study_2010_2019_v1/ticker_history.csv,,Same SEC issuer with documented security interval; provider labels may reflect subsequent company renaming.,https://www.nasdaqtrader.com/dynamic/SymDir/otherlisted.txt,2026-09-29,sector_expansion,266,35,35,2026-09-29,,,,primary physical-product business,verified_eligible,2026-09-29,Current US operational/principal HQ; not a year-by-year historical domicile classification,2010Q1,2019Q4,True,True,True,2010Q2,2019Q4,2010-08-02,2020-02-19,2010Q2,2019Q4,2010-08-02,2020-02-19,"Provider listing/security start, not founding date; see historical mapping evidence"
0000093556,0000093556,"STANLEY BLACK & DECKER, INC.",SWK,NYSE,SWK,power tools and industrial products,Physical-product manufacturer/brand,Tools,NEW BRITAIN,CT,United States,https://www.sec.gov/cgi-bin/browse-edgar?action=getcompany&CIK=0000093556&owner=include&count=10,794e043d3a65aed84bb4224c4fa226ed122bc7854d3f02da5612076f734549ba,2026-09-16,https://www.stanleyblackanddecker.com/brands/tools,c38958d389b1dbfaa342e834f041d2d1a94432490c258f7b66fa80c6753ec2ba,2026-09-29,Manual review of company website/catalog text and business model; primary physical goods supported; no required exact revenue percentage.,1985-07-01,Archived 2010-12-31 active equity snapshot plus SEC issuer/security mapping,https://www.alphavantage.co/documentation/#listing-status,https://www.sec.gov/Archives/edgar/data/93556/0000950136-02-000496.txt,20020222,ac4c76cd07b35ef35cb6ddeceac20d3e51cb47a59acfadf6de0f3712d146f420,artifacts/primary_event_study_2010_2019_v1/ticker_history.csv,,Same SEC issuer with documented security interval; provider labels may reflect subsequent company renaming.,https://www.nasdaqtrader.com/dynamic/SymDir/otherlisted.txt,2026-09-29,sector_expansion,267,38,38,2026-09-29,,,,primary physical-product business,verified_eligible,2026-09-29,Current US operational/principal HQ; not a year-by-year historical domicile classification,2010Q1,2019Q4,True,True,True,2010Q1,2019Q4,2010-04-27,2020-01-29,2010Q1,2019Q4,2010-04-27,2020-01-29,"Provider listing/security start, not founding date; see historical mapping evidence"
0000094049,0000094049,STEPAN CO,SCL,NYSE,SCL,surfactants and specialty chemicals,Physical-product manufacturer/brand,Chemicals,NORTHFIELD,IL,United States,https://www.sec.gov/cgi-bin/browse-edgar?action=getcompany&CIK=0000094049&owner=include&count=10,ea4c75e6b7fd00eec63a9ec5e25c3b964e698d601d3e3f58a55be2cf3ccb3152,2026-09-16,https://www.stepan.com/you-stepan/about-stepan-company.html,408ebab2177f44054985ef7169fbb80cc1ce9e3e4af08d9b73e4705c8103b87e,2026-09-29,Manual review of company website/catalog text and business model; primary physical goods supported; no required exact revenue percentage.,1992-03-17,Archived 2010-12-31 active equity snapshot plus SEC issuer/security mapping,https://www.alphavantage.co/documentation/#listing-status,https://www.sec.gov/Archives/edgar/data/94049/0000950131-01-500091.txt,20010313,73b4af5cb554dfe6663eaceec8896265b36ba09772a92c9438f996688cf7dbfb,artifacts/primary_event_study_2010_2019_v1/ticker_history.csv,,Same SEC issuer with documented security interval; provider labels may reflect subsequent company renaming.,https://www.nasdaqtrader.com/dynamic/SymDir/otherlisted.txt,2026-09-29,sector_expansion,268,33,33,2026-09-29,,,,primary physical-product business,verified_eligible,2026-09-29,Current US operational/principal HQ; not a year-by-year historical domicile classification,2010Q1,2019Q4,True,True,True,2011Q4,2019Q4,2012-02-14,2020-02-20,2011Q4,2019Q4,2012-02-14,2020-02-20,"Provider listing/security start, not founding date; see historical mapping evidence"
0000095029,0000095029,STURM RUGER & CO INC,RGR,NYSE,RGR,firearms,Physical-product manufacturer/brand,Consumer durable goods,MAYODAN,NC,United States,https://www.sec.gov/cgi-bin/browse-edgar?action=getcompany&CIK=0000095029&owner=include&count=10,8966de091ea22f337b842af28d1268bcb6c89c2bf709f76f39a77e28ca4817ed,2026-09-16,https://ruger.com/,ba47ea1638caeb3162bd95b541c796f95cf27650788ce598a84bad251b6a3ac3,2026-09-29T23:34:42.559470+00:00,Manual review of company website/catalog text and business model; primary physical goods supported; no required exact revenue percentage.,1990-03-26,Archived 2010-12-31 active equity snapshot plus SEC issuer/security mapping,https://www.alphavantage.co/documentation/#listing-status,https://www.sec.gov/Archives/edgar/data/95029/0000950123-03-003273.txt,20030326,12922b3d85708e9456e9897a154f8fc43b68788536d2fa55f382b3e6a2d55221,artifacts/primary_event_study_2010_2019_v1/ticker_history.csv,,Same SEC issuer with documented security interval; provider labels may reflect subsequent company renaming.,https://www.nasdaqtrader.com/dynamic/SymDir/otherlisted.txt,2026-09-29,sector_expansion,269,24,24,2026-09-29,,,,primary physical-product business,verified_eligible,2026-09-29,Current US operational/principal HQ; not a year-by-year historical domicile classification,2010Q1,2019Q4,True,True,True,2012Q2,2019Q4,2012-08-01,2020-02-19,2012Q2,2019Q4,2012-08-01,2020-02-19,"Provider listing/security start, not founding date; see historical mapping evidence"
0000097216,0000097216,TEREX CORP,TEX,NYSE,TEX,materials processing and lifting equipment,Physical-product manufacturer/brand,Machinery,NORWALK,CT,United States,https://www.sec.gov/cgi-bin/browse-edgar?action=getcompany&CIK=0000097216&owner=include&count=10,2cbef0308db79136b94a5d60965a4f95aa63d7a9b4a4ea82cd9c3ebc0d5cd641,2026-09-16,https://www.terex.com/,5aeaf555dd20939dd572fc195e6c498fff4a4f3c5cea0e15cd3b9dbee6f32e94,2026-09-29T23:34:32.308635+00:00,Manual review of company website/catalog text and business model; primary physical goods supported; no required exact revenue percentage.,1990-03-26,Archived 2010-12-31 active equity snapshot plus SEC issuer/security mapping,https://www.alphavantage.co/documentation/#listing-status,https://www.sec.gov/Archives/edgar/data/97216/0000097216-01-000031.txt,20010322,5510e48606515a656dfecef7b1b0b82c7c974d42f8a11223c7700c6e19116b9b,artifacts/primary_event_study_2010_2019_v1/ticker_history.csv,,Same SEC issuer with documented security interval; provider labels may reflect subsequent company renaming.,https://www.nasdaqtrader.com/dynamic/SymDir/otherlisted.txt,2026-09-29,sector_expansion,271,40,40,2026-09-29,,,,primary physical-product business,verified_eligible,2026-09-29,Current US operational/principal HQ; not a year-by-year historical domicile classification,2010Q1,2019Q4,True,True,True,2010Q1,2019Q4,2010-04-21,2020-02-13,2010Q1,2019Q4,2010-04-21,2020-02-13,"Provider listing/security start, not founding date; see historical mapping evidence"
0000098362,0000098362,TIMKEN CO,TKR,NYSE,TKR,bearings and industrial motion products,Physical-product manufacturer/brand,Machinery,NORTH CANTON,OH,United States,https://www.sec.gov/cgi-bin/browse-edgar?action=getcompany&CIK=0000098362&owner=include&count=10,962245f3736743fc962e7e8139b0136679152e41ec4f0fc024760d888c4a1386,2026-09-16,https://www.timken.com/,1e34196d23f1f95fe42b91a0363295114129b3c2ca1e9e0e27357d16dbb8312c,2026-09-29T23:34:33.618816+00:00,Manual review of company website/catalog text and business model; primary physical goods supported; no required exact revenue percentage.,1985-07-01,Archived 2010-12-31 active equity snapshot plus SEC issuer/security mapping,https://www.alphavantage.co/documentation/#listing-status,https://www.sec.gov/Archives/edgar/data/98362/0000098362-01-500005.txt,20010330,60486b28106438a53b166623b0d84e56cc610662257741dfcc096c2303d5e1fb,artifacts/primary_event_study_2010_2019_v1/ticker_history.csv,,Same SEC issuer with documented security interval; provider labels may reflect subsequent company renaming.,https://www.nasdaqtrader.com/dynamic/SymDir/otherlisted.txt,2026-09-29,sector_expansion,272,35,35,2026-09-29,,,,primary physical-product business,verified_eligible,2026-09-29,Current US operational/principal HQ; not a year-by-year historical domicile classification,2010Q1,2019Q4,True,True,True,2011Q2,2019Q4,2011-07-28,2020-02-05,2011Q2,2019Q4,2011-07-28,2020-02-05,"Provider listing/security start, not founding date; see historical mapping evidence"
0000099780,0000099780,TRINITY INDUSTRIES INC,TRN,NYSE,TRN,railcars and rail equipment,Physical-product manufacturer/brand,Rail equipment,DALLAS,TX,United States,https://www.sec.gov/cgi-bin/browse-edgar?action=getcompany&CIK=0000099780&owner=include&count=10,a5cb1fcf3f7427a18014e491f3afe04886f6fb0a434fe00149a3adaa29192de4,2026-09-16,https://www.trin.net/overview/default.aspx,1e298c78d667ae81a9f647388a21b595f51069cdb830bc5931bc20c4d0ed25f3,2026-09-29T23:34:58.556335+00:00,Manual review of company website/catalog text and business model; primary physical goods supported; no required exact revenue percentage.,1987-12-30,Archived 2010-12-31 active equity snapshot plus SEC issuer/security mapping,https://www.alphavantage.co/documentation/#listing-status,https://www.sec.gov/Archives/edgar/data/99780/0000950134-03-004308.txt,20030321,26be28cb49ac70e19e8a92d4809065fad52b4a65d1e8855dfa2f504a1f154cca,artifacts/primary_event_study_2010_2019_v1/ticker_history.csv,,Same SEC issuer with documented security interval; provider labels may reflect subsequent company renaming.,https://www.nasdaqtrader.com/dynamic/SymDir/otherlisted.txt,2026-09-29,sector_expansion,273,40,40,2026-09-29,,,,primary physical-product business,verified_eligible,2026-09-29,Current US operational/principal HQ; not a year-by-year historical domicile classification,2010Q1,2019Q4,True,True,True,2010Q1,2019Q4,2010-04-28,2020-02-19,2010Q1,2019Q4,2010-04-28,2020-02-19,"Provider listing/security start, not founding date; see historical mapping evidence"
0000100378,0000100378,TWIN DISC INC,TWIN,NASDAQ,TWIN,power transmission equipment,Physical-product manufacturer/brand,Machinery,RACINE,WI,United States,https://www.sec.gov/cgi-bin/browse-edgar?action=getcompany&CIK=0000100378&owner=include&count=10,cc4d8976580f9262e72b1fa1b636a12c1130e390aeb4a67b66a49722bcd56e92,2026-09-16,https://twindisc.com/,78a3410fdc076870f7ef57ee913b3fbea8c9bf129712081805e8ef9f9a3aaf30,2026-09-29T23:34:32.974701+00:00,Manual review of company website/catalog text and business model; primary physical goods supported; no required exact revenue percentage.,1987-12-31,Archived 2010-12-31 active equity snapshot plus SEC issuer/security mapping,https://www.alphavantage.co/documentation/#listing-status,https://www.sec.gov/Archives/edgar/data/100378/0000100378-01-500018.txt,20010921,917f12ae0a655c764bb8128ca21e4754ca259c6d00a005b53707e5b6764f3fb9,artifacts/primary_event_study_2010_2019_v1/ticker_history.csv,,Same SEC issuer with documented security interval; provider labels may reflect subsequent company renaming.,https://www.nasdaqtrader.com/dynamic/SymDir/nasdaqlisted.txt,2026-09-29,sector_expansion,274,26,26,2026-09-29,,,,primary physical-product business,verified_eligible,2026-09-29,Current US operational/principal HQ; not a year-by-year historical domicile classification,2010Q1,2019Q4,True,True,True,2010Q1,2019Q4,2009-10-19,2019-08-09,2010Q1,2019Q4,2009-10-19,2019-08-09,"Provider listing/security start, not founding date; see historical mapping evidence"
0000100726,0000100726,UNIFI INC,UFI,NYSE,UFI,textile fibers,Physical-product manufacturer/brand,Materials,GREENSBORO,NC,United States,https://www.sec.gov/cgi-bin/browse-edgar?action=getcompany&CIK=0000100726&owner=include&count=10,05de8319643e7c96200a85c45e70f328d25e12efd3f81399358beb2e09f79ae1,2026-09-16,https://unifi.com/,ec1b53dc243452b85ca4c8ad9064b508c5357d595b708e4a1d4f666839edff95,2026-09-29T23:35:51.717145+00:00,Manual review of company website/catalog text and business model; primary physical goods supported; no required exact revenue percentage.,1990-03-26,Archived 2010-12-31 active equity snapshot plus SEC issuer/security mapping,https://www.alphavantage.co/documentation/#listing-status,https://www.sec.gov/Archives/edgar/data/100726/0000950144-01-507120.txt,20010921,1d07ad85214928a502b373c31aaac620da6a37cec929b5677a199ebb5d5b7d89,artifacts/primary_event_study_2010_2019_v1/ticker_history.csv,,Same SEC issuer with documented security interval; provider labels may reflect subsequent company renaming.,https://www.nasdaqtrader.com/dynamic/SymDir/otherlisted.txt,2026-09-29,sector_expansion,275,16,16,2026-09-29,,,,primary physical-product business,verified_eligible,2026-09-29,Current US operational/principal HQ; not a year-by-year historical domicile classification,2010Q1,2019Q4,True,True,True,2014Q1,2019Q4,2013-10-23,2019-08-07,2014Q1,2019Q4,2013-10-23,2019-08-07,"Provider listing/security start, not founding date; see historical mapping evidence"
0000102729,0000102729,VALMONT INDUSTRIES INC,VMI,NYSE,VMI,infrastructure structures and irrigation equipment,Physical-product manufacturer/brand,Machinery,OMAHA,NE,United States,https://www.sec.gov/cgi-bin/browse-edgar?action=getcompany&CIK=0000102729&owner=include&count=10,f78616f277e61496dea2377b0fa524d270708bd47f07a21fde28bd86f4a03dd7,2026-09-16,https://www.valmont.com/,06309b4cb349f0cd70018c749ef014a7b4856305e5747f736e320f0565563f32,2026-09-29T23:34:38.218214+00:00,Manual review of company website/catalog text and business model; primary physical goods supported; no required exact revenue percentage.,1990-03-26,Archived 2010-12-31 active equity snapshot plus SEC issuer/security mapping,https://www.alphavantage.co/documentation/#listing-status,https://www.sec.gov/Archives/edgar/data/102729/0001047469-03-010763.txt,20030328,49f98ec64eab1c545b18250cd6d5f3fb880426262114df78ba7b2827a4f3d071,artifacts/primary_event_study_2010_2019_v1/ticker_history.csv,,Same SEC issuer with documented security interval; provider labels may reflect subsequent company renaming.,https://www.nasdaqtrader.com/dynamic/SymDir/otherlisted.txt,2026-09-29,sector_expansion,277,36,36,2026-09-29,,,,primary physical-product business,verified_eligible,2026-09-29,Current US operational/principal HQ; not a year-by-year historical domicile classification,2010Q1,2019Q4,True,True,True,2010Q1,2019Q4,2010-04-15,2020-02-19,2010Q1,2019Q4,2010-04-15,2020-02-19,"Provider listing/security start, not founding date; see historical mapping evidence"
0000103379,0000103379,V F CORP,VFC,NYSE,VFC,apparel and footwear,Physical-product manufacturer/brand,Apparel and footwear,DENVER,CO,United States,https://www.sec.gov/cgi-bin/browse-edgar?action=getcompany&CIK=0000103379&owner=include&count=10,cf268b21c08b7cef3415563eac433611d593d9d6f9a1bfb59322cc812c5a95f3,2026-09-16,https://www.vfc.com/,c5fb3a8a9dab8aa1e4d5db51ab208c14b61fafc65ae520a6737788e78a87664f,2026-09-29T23:35:51.598090+00:00,Manual review of company website/catalog text and business model; primary physical goods supported; no required exact revenue percentage.,1985-07-01,Archived 2010-12-31 active equity snapshot plus SEC issuer/security mapping,https://www.alphavantage.co/documentation/#listing-status,https://www.sec.gov/Archives/edgar/data/103379/0000893220-03-000363.txt,20030321,8a19bee6bf3a32289c95331cb5e654336cb3f4d3c95893b55e6ff31e7e8a80fc,artifacts/primary_event_study_2010_2019_v1/ticker_history.csv,,Same SEC issuer with documented security interval; provider labels may reflect subsequent company renaming.,https://www.nasdaqtrader.com/dynamic/SymDir/otherlisted.txt,2026-09-29,sector_expansion,278,36,36,2026-09-29,,,,primary physical-product business,verified_eligible,2026-09-29,Current US operational/principal HQ; not a year-by-year historical domicile classification,2010Q1,2019Q4,True,True,True,2010Q1,2019Q4,2009-07-21,2019-05-22,2010Q1,2019Q4,2009-07-21,2019-05-22,"Provider listing/security start, not founding date; see historical mapping evidence"
0000105016,0000105016,WATSCO INC,WSO,NYSE,WSO;WSO-B,HVAC equipment,Physical-product distribution,Building distribution,COCONUT GROVE,FL,United States,https://www.sec.gov/cgi-bin/browse-edgar?action=getcompany&CIK=0000105016&owner=include&count=10,ff8108ce985c3f037954f389fd10c9e83d6fde4404d2f8433b1605dbf6552d5c,2026-09-16,https://www.watsco.com/,2d526734bb912f5d2bb07caeb0fb8216c60464a3f5043eeabe0fd400258c2809,2026-09-29T23:35:55.915059+00:00,Manual review of company website/catalog text and business model; primary physical goods supported; no required exact revenue percentage.,1984-06-07,Archived 2010-12-31 active equity snapshot plus SEC issuer/security mapping,https://www.alphavantage.co/documentation/#listing-status,https://www.sec.gov/Archives/edgar/data/105016/0001021408-03-005436.txt,20030331,a9ad442566e0e51117d149791a0b495d633a5b1dfdaf03ab605deea4d0d58301,artifacts/primary_event_study_2010_2019_v1/ticker_history.csv,,Same SEC issuer with documented security interval; provider labels may reflect subsequent company renaming.,https://www.nasdaqtrader.com/dynamic/SymDir/otherlisted.txt,2026-09-29,sector_expansion,279,33,33,2026-09-29,,,,primary physical-product business,verified_eligible,2026-09-29,Current US operational/principal HQ; not a year-by-year historical domicile classification,2010Q1,2019Q4,True,True,True,2011Q4,2019Q4,2012-02-15,2020-02-13,2011Q4,2019Q4,2012-02-15,2020-02-13,"Provider listing/security start, not founding date; see historical mapping evidence"
0000105132,0000105132,WD 40 CO,WDFC,NASDAQ,WDFC,maintenance and cleaning products,Physical-product manufacturer/brand,Consumer products,SAN DIEGO,CA,United States,https://www.sec.gov/cgi-bin/browse-edgar?action=getcompany&CIK=0000105132&owner=include&count=10,1e6e2f2d4f0963fd221f0ec5e7ac51ba766a56b21d3b553ae7f1a334a57bca9c,2026-09-16,https://wd40company.com/,3b1ba5b96a3f77c4608f42beaa269a825746b902a800861d254723773a1522e0,2026-09-29T23:35:48.557457+00:00,Manual review of company website/catalog text and business model; primary physical goods supported; no required exact revenue percentage.,1990-03-26,Archived 2010-12-31 active equity snapshot plus SEC issuer/security mapping,https://www.alphavantage.co/documentation/#listing-status,https://www.sec.gov/Archives/edgar/data/105132/0000912057-02-041599.txt,20021108,81b5c83ca0d949a65c9cd8a554d7547f5438c618993e68c40105eb4239a57d54,artifacts/primary_event_study_2010_2019_v1/ticker_history.csv,,Same SEC issuer with documented security interval; provider labels may reflect subsequent company renaming.,https://www.nasdaqtrader.com/dynamic/SymDir/nasdaqlisted.txt,2026-09-29,sector_expansion,280,33,33,2026-09-29,,,,primary physical-product business,verified_eligible,2026-09-29,Current US operational/principal HQ; not a year-by-year historical domicile classification,2010Q1,2019Q4,True,True,True,2010Q1,2019Q4,2010-01-11,2019-10-17,2010Q1,2019Q4,2010-01-11,2019-10-17,"Provider listing/security start, not founding date; see historical mapping evidence"
0000105770,0000105770,WEST PHARMACEUTICAL SERVICES INC,WST,NYSE,WST,injectable drug packaging and delivery systems,Physical-product manufacturer/brand,Medical devices,EXTON,PA,United States,https://www.sec.gov/cgi-bin/browse-edgar?action=getcompany&CIK=0000105770&owner=include&count=10,8bc5e852ead15873362e9051a0385bdd45c8d039c99db5d4386432560608325f,2026-09-16,https://www.westpharma.com/,84d2db04f758cf6d49f81fbfb42e4431ae07cfe751cca63481287e4cb7bfd821,2026-09-29T23:35:04.284760+00:00,Manual review of company website/catalog text and business model; primary physical goods supported; no required exact revenue percentage.,1988-01-05,Archived 2010-12-31 active equity snapshot plus SEC issuer/security mapping,https://www.alphavantage.co/documentation/#listing-status,https://www.sec.gov/Archives/edgar/data/105770/0000105770-01-000008.txt,20010330,9d69b9171684aa97e84a9780b131d9423dc8f778c2eb5a833f37b6e34253eb76,artifacts/primary_event_study_2010_2019_v1/ticker_history.csv,,Same SEC issuer with documented security interval; provider labels may reflect subsequent company renaming.,https://www.nasdaqtrader.com/dynamic/SymDir/otherlisted.txt,2026-09-29,sector_expansion,281,36,36,2026-09-29,,,,primary physical-product business,verified_eligible,2026-09-29,Current US operational/principal HQ; not a year-by-year historical domicile classification,2010Q1,2019Q4,True,True,True,2010Q1,2019Q4,2010-04-29,2020-02-13,2010Q1,2019Q4,2010-04-29,2020-02-13,"Provider listing/security start, not founding date; see historical mapping evidence"
0000107687,0000107687,WINNEBAGO INDUSTRIES INC,WGO,NYSE,WGO,recreational vehicles and boats,Physical-product manufacturer/brand,Vehicles,EDEN PRAIRIE,MN,United States,https://www.sec.gov/cgi-bin/browse-edgar?action=getcompany&CIK=0000107687&owner=include&count=10,aef5a94357b89c4c79ed24d9601dd98f85963e978ca2c48651bfd087a69656ec,2026-09-16,https://www.winnebagoind.com/,c910dcb616687ef54d52b8a36e6e3e3f3c5657d781faca81d15412d9f6301000,2026-09-29T23:34:54.409692+00:00,Manual review of company website/catalog text and business model; primary physical goods supported; no required exact revenue percentage.,1984-11-01,Archived 2010-12-31 active equity snapshot plus SEC issuer/security mapping,https://www.alphavantage.co/documentation/#listing-status,https://www.sec.gov/Archives/edgar/data/107687/0000897101-01-500784.txt,20011121,37eacd7fa25ff41c4b34f227480dc82d951d61e342c4264391dce500ce11c96c,artifacts/primary_event_study_2010_2019_v1/ticker_history.csv,,Same SEC issuer with documented security interval; provider labels may reflect subsequent company renaming.,https://www.nasdaqtrader.com/dynamic/SymDir/otherlisted.txt,2026-09-29,sector_expansion,282,32,32,2026-09-29,,,,primary physical-product business,verified_eligible,2026-09-29,Current US operational/principal HQ; not a year-by-year historical domicile classification,2010Q1,2019Q4,True,True,True,2010Q1,2019Q4,2009-12-17,2019-10-23,2010Q1,2019Q4,2009-12-17,2019-10-23,"Provider listing/security start, not founding date; see historical mapping evidence"
0000109563,0000109563,APPLIED INDUSTRIAL TECHNOLOGIES INC,AIT,NYSE,AIT,industrial motion products,Physical-product distribution,Industrial distribution,CLEVELAND,OH,United States,https://www.sec.gov/cgi-bin/browse-edgar?action=getcompany&CIK=0000109563&owner=include&count=10,33afef6e2abc0dffafb62e21b37807a781ff7c0753356845ea4eb304979559b5,2026-09-16,https://www.applied.com/history,0b93f994558481c35cfbcf8b86fa8a2541a1275d19ecdf9cbb4f6e27a9d4c612,2026-09-29,Manual review of company website/catalog text and business model; primary physical goods supported; no required exact revenue percentage.,1984-09-07,Archived 2010-12-31 active equity snapshot plus SEC issuer/security mapping,https://www.alphavantage.co/documentation/#listing-status,https://www.sec.gov/Archives/edgar/data/109563/0000950152-01-504565.txt,20010919,ce7c5f087b82f282508013d6f8ee77e7d50336405ecb9712fa575694fe39be0d,artifacts/primary_event_study_2010_2019_v1/ticker_history.csv,,Same SEC issuer with documented security interval; provider labels may reflect subsequent company renaming.,https://www.nasdaqtrader.com/dynamic/SymDir/otherlisted.txt,2026-09-29,sector_expansion,283,31,31,2026-09-29,,,,primary physical-product business,verified_eligible,2026-09-29,Current US operational/principal HQ; not a year-by-year historical domicile classification,2010Q1,2019Q4,True,True,True,2012Q2,2019Q4,2012-01-25,2019-08-14,2012Q2,2019Q4,2012-01-25,2019-08-14,"Provider listing/security start, not founding date; see historical mapping evidence"
0000110471,0000110471,WOLVERINE WORLD WIDE INC /DE/,WWW,NYSE,WWW,footwear,Physical-product manufacturer/brand,Apparel and footwear,ROCKFORD,MI,United States,https://www.sec.gov/cgi-bin/browse-edgar?action=getcompany&CIK=0000110471&owner=include&count=10,c7945fb255227aa5b019c19b3972cd410f548b4f0cbe2454e2c77a2d9aa5e32a,2026-09-16,https://wolverineworldwide.com/,155770ca692f0b7a6b3bfdfc8437694ab0dea73d76bf95ddb129ee6c9de642fe,2026-09-29T23:35:50.505267+00:00,Manual review of company website/catalog text and business model; primary physical goods supported; no required exact revenue percentage.,1984-12-18,Archived 2010-12-31 active equity snapshot plus SEC issuer/security mapping,https://www.alphavantage.co/documentation/#listing-status,https://www.sec.gov/Archives/edgar/data/110471/0000905729-01-500086.txt,20010330,e61537ba844546eec8e15824ab9a71e87b644e5e170683a56c688494ed940da5,artifacts/primary_event_study_2010_2019_v1/ticker_history.csv,,Same SEC issuer with documented security interval; provider labels may reflect subsequent company renaming.,https://www.nasdaqtrader.com/dynamic/SymDir/otherlisted.txt,2026-09-29,sector_expansion,284,33,33,2026-09-29,,,,primary physical-product business,verified_eligible,2026-09-29,Current US operational/principal HQ; not a year-by-year historical domicile classification,2010Q1,2019Q4,True,True,True,2011Q4,2019Q4,2012-01-30,2020-02-25,2011Q4,2019Q4,2012-01-30,2020-02-25,"Provider listing/security start, not founding date; see historical mapping evidence"
0000110621,0000110621,RPM INTERNATIONAL INC/DE/,RPM,NYSE,RPM,coatings and building chemicals,Physical-product manufacturer/brand,Chemicals,MEDINA,OH,United States,https://www.sec.gov/cgi-bin/browse-edgar?action=getcompany&CIK=0000110621&owner=include&count=10,f5746ccfd3ac19f6c29a42b2f1955900089b2b5d04ad4121368282a97bbfee17,2026-09-16,https://www.rpminc.com/,83d43686392c94752baa8bb9a7e022f1c02bffaf9216da73ce3b03fe4571dc95,2026-09-29T23:35:46.344794+00:00,Manual review of company website/catalog text and business model; primary physical goods supported; no required exact revenue percentage.,1990-03-26,Archived 2010-12-31 active equity snapshot plus SEC issuer/security mapping,https://www.alphavantage.co/documentation/#listing-status,https://www.sec.gov/Archives/edgar/data/110621/0000950152-01-504169.txt,20010829,d5b8469426e91339e095ea2d5005784f8fbbb0f3680765331289dcd66861d0ae,artifacts/primary_event_study_2010_2019_v1/ticker_history.csv,,Same SEC issuer with documented security interval; provider labels may reflect subsequent company renaming.,https://www.nasdaqtrader.com/dynamic/SymDir/otherlisted.txt,2026-09-29,sector_expansion,285,38,38,2026-09-29,,,,primary physical-product business,verified_eligible,2026-09-29,Current US operational/principal HQ; not a year-by-year historical domicile classification,2010Q1,2019Q4,True,True,True,2010Q1,2019Q4,2009-10-05,2019-07-22,2010Q1,2019Q4,2009-10-05,2019-07-22,"Provider listing/security start, not founding date; see historical mapping evidence"
0000217346,0000217346,TEXTRON INC,TXT,NYSE,TXT,"aircraft, vehicles and defense products",Physical-product manufacturer/brand,Aerospace,PROVIDENCE,RI,United States,https://www.sec.gov/cgi-bin/browse-edgar?action=getcompany&CIK=0000217346&owner=include&count=10,761dd90f9d8fef16d7f088d0d3953419fca04db3f12e324ae4409c3c2d801354,2026-09-16,https://www.textron.com/,c4e1b96f22ba9098e3727db52c3438f207836e76c53f3584656595106ebb271b,2026-09-29T23:34:54.410538+00:00,Manual review of company website/catalog text and business model; primary physical goods supported; no required exact revenue percentage.,1984-10-24,Archived 2010-12-31 active equity snapshot plus SEC issuer/security mapping,https://www.alphavantage.co/documentation/#listing-status,https://www.sec.gov/Archives/edgar/data/217346/0000950135-01-000833.txt,20010314,d8a2989055e4a1bf62621f2a525094762bc0851983905cce368ad33fe8842a61,artifacts/primary_event_study_2010_2019_v1/ticker_history.csv,,Same SEC issuer with documented security interval; provider labels may reflect subsequent company renaming.,https://www.nasdaqtrader.com/dynamic/SymDir/otherlisted.txt,2026-09-29,sector_expansion,286,40,40,2026-09-29,,,,primary physical-product business,verified_eligible,2026-09-29,Current US operational/principal HQ; not a year-by-year historical domicile classification,2010Q1,2019Q4,True,True,True,2010Q1,2019Q4,2010-04-22,2020-01-29,2010Q1,2019Q4,2010-04-22,2020-01-29,"Provider listing/security start, not founding date; see historical mapping evidence"
0000277509,0000277509,FEDERAL SIGNAL CORP /DE/,FSS,NYSE,FSS,specialty vehicles and safety equipment,Physical-product manufacturer/brand,Vehicles,DOWNERS GROVE,IL,United States,https://www.sec.gov/cgi-bin/browse-edgar?action=getcompany&CIK=0000277509&owner=include&count=10,6021ba0f74ac30c6ceef7b3860a64dbf30c15ca23fc5ce7b9be3f5d806019a47,2026-09-16,https://www.federalsignal.com/,f8b11ae746fccb96c74b5bae02c5aafc94f801bd285c60ddf041b5b788d4424b,2026-09-29T23:34:43.925745+00:00,Manual review of company website/catalog text and business model; primary physical goods supported; no required exact revenue percentage.,1982-03-01,Archived 2010-12-31 active equity snapshot plus SEC issuer/security mapping,https://www.alphavantage.co/documentation/#listing-status,https://www.sec.gov/Archives/edgar/data/277509/0000277509-03-000002.txt,20030327,ba2e948968eadcf53cd52b1c6ee4ec9f2a16676eb9a22668a3f3aa56f484c0ff,artifacts/primary_event_study_2010_2019_v1/ticker_history.csv,,Same SEC issuer with documented security interval; provider labels may reflect subsequent company renaming.,https://www.nasdaqtrader.com/dynamic/SymDir/otherlisted.txt,2026-09-29,sector_expansion,287,36,36,2026-09-29,,,,primary physical-product business,verified_eligible,2026-09-29,Current US operational/principal HQ; not a year-by-year historical domicile classification,2010Q1,2019Q4,True,True,True,2010Q1,2019Q4,2010-04-30,2020-02-27,2010Q1,2019Q4,2010-04-30,2020-02-27,"Provider listing/security start, not founding date; see historical mapping evidence"
0000278166,0000278166,"CAVCO INDUSTRIES, INC.",CVCO,NASDAQ,CVCO,manufactured homes,Physical-product manufacturer/brand,Building products,PHOENIX,AZ,United States,https://www.sec.gov/cgi-bin/browse-edgar?action=getcompany&CIK=0000278166&owner=include&count=10,fd2da1a4f14852f6c2a0793b8fdafb9dc4d3ee3f7ce6f952e97731d815959510,2026-09-16,https://investor.cavco.com/faq/,db522b474b9db10b83676ab9d696682c4cc1828d720eb9612853b359c6ed90b7,2026-09-29,Manual review of company website/catalog text and business model; primary physical goods supported; no required exact revenue percentage.,2003-07-01,Archived 2010-12-31 active equity snapshot plus SEC issuer/security mapping,https://www.alphavantage.co/documentation/#listing-status,https://www.sec.gov/Archives/edgar/data/278166/0000950153-04-001296.txt,20040524,91acf3943929acf3088a817f4da8f09350dc0ce6f85adcb9e5759f2f9ccf1fc4,artifacts/primary_event_study_2010_2019_v1/ticker_history.csv,,Same SEC issuer with documented security interval; provider labels may reflect subsequent company renaming.,https://www.nasdaqtrader.com/dynamic/SymDir/nasdaqlisted.txt,2026-09-29,sector_expansion,288,30,30,2026-09-29,,,,primary physical-product business,verified_eligible,2026-09-29,Current US operational/principal HQ; not a year-by-year historical domicile classification,2010Q1,2019Q4,True,True,True,2012Q3,2019Q4,2012-02-03,2019-05-23,2012Q3,2019Q4,2012-02-03,2019-05-23,"Provider listing/security start, not founding date; see historical mapping evidence"
0000310142,0000310142,SENSIENT TECHNOLOGIES CORP,SXT,NYSE,SXT,colors and flavors,Physical-product manufacturer/brand,Chemicals,MILWAUKEE,WI,United States,https://www.sec.gov/cgi-bin/browse-edgar?action=getcompany&CIK=0000310142&owner=include&count=10,ae4e3126201438282229a60b32286f4015f92b6c7607cab5759c26c4cd4b877a,2026-09-16,https://www.sensient.com/,fd17e57ee0913757a77896022d8e04ebcd969b74e90b0276f604889f5f5a4945,2026-09-29T23:35:46.576782+00:00,Manual review of company website/catalog text and business model; primary physical goods supported; no required exact revenue percentage.,1988-01-05,Archived 2010-12-31 active equity snapshot plus SEC issuer/security mapping,https://www.alphavantage.co/documentation/#listing-status,https://www.sec.gov/Archives/edgar/data/310142/0000950130-01-001497.txt,20010328,e4978cd5bed3470e55a143371095b02cfb6a0d2774a4652e430f5be69341a169,artifacts/primary_event_study_2010_2019_v1/ticker_history.csv,,Same SEC issuer with documented security interval; provider labels may reflect subsequent company renaming.,https://www.nasdaqtrader.com/dynamic/SymDir/otherlisted.txt,2026-09-29,sector_expansion,289,33,33,2026-09-29,,,,primary physical-product business,verified_eligible,2026-09-29,Current US operational/principal HQ; not a year-by-year historical domicile classification,2010Q1,2019Q4,True,True,True,2011Q4,2019Q4,2012-02-07,2020-02-14,2011Q4,2019Q4,2012-02-07,2020-02-14,"Provider listing/security start, not founding date; see historical mapping evidence"
0000310764,0000310764,STRYKER CORP,SYK,NYSE,SYK,orthopedic implants and surgical equipment,Physical-product manufacturer/brand,Medical devices,PORTAGE,MI,United States,https://www.sec.gov/cgi-bin/browse-edgar?action=getcompany&CIK=0000310764&owner=include&count=10,3dc77e1f66addcd5751ed980ef944bad5b6060dd3fd396d86304ca1ef8171003,2026-09-16,https://www.stryker.com/us/en/about.html,6d11fc0af605077a521269a17211f1fdf20e367e29b9ae8c6fa7f2034bdc34f8,2026-09-29T23:41:03.482979+00:00,Manual review of company website/catalog text and business model; primary physical goods supported; no required exact revenue percentage.,1988-02-01,Archived 2010-12-31 active equity snapshot plus SEC issuer/security mapping,https://www.alphavantage.co/documentation/#listing-status,https://www.sec.gov/Archives/edgar/data/310764/0000310764-02-000013.txt,20020315,645d1c4fb2b6d335cbebdfffe7f88a7a36c3316d1f6fdd2400f7356a1072e31a,artifacts/primary_event_study_2010_2019_v1/ticker_history.csv,,Same SEC issuer with documented security interval; provider labels may reflect subsequent company renaming.,https://www.nasdaqtrader.com/dynamic/SymDir/otherlisted.txt,2026-09-29,sector_expansion,290,40,40,2026-09-29,,,,primary physical-product business,verified_eligible,2026-09-29,Current US operational/principal HQ; not a year-by-year historical domicile classification,2010Q1,2019Q4,True,True,True,2010Q1,2019Q4,2010-04-20,2020-01-28,2010Q1,2019Q4,2010-04-20,2020-01-28,"Provider listing/security start, not founding date; see historical mapping evidence"
0000313616,0000313616,DANAHER CORP /DE/,DHR,NYSE,DHR,laboratory instruments and diagnostics,Physical-product manufacturer/brand,Medical and laboratory,WASHINGTON,DC,United States,https://www.sec.gov/cgi-bin/browse-edgar?action=getcompany&CIK=0000313616&owner=include&count=10,6c5496ec455242ed57d0c9b80b8bbd5e5bd46be1d87de05f5d1007f8413d902b,2026-09-16,https://www.danaher.com/,fc867d9df411f20bb88f56dc31213fa72c7eab514973563e8f599956b67a60d2,2026-09-29T23:35:00.597714+00:00,Manual review of company website/catalog text and business model; primary physical goods supported; no required exact revenue percentage.,1987-11-05,Archived 2010-12-31 active equity snapshot plus SEC issuer/security mapping,https://www.alphavantage.co/documentation/#listing-status,https://www.sec.gov/Archives/edgar/data/313616/0000928385-03-000928.txt,20030328,95864d0f45ead6a0cea45862fa23d849f1847e3e194a8b5afe977666886b98ff,artifacts/primary_event_study_2010_2019_v1/ticker_history.csv,,Same SEC issuer with documented security interval; provider labels may reflect subsequent company renaming.,https://www.nasdaqtrader.com/dynamic/SymDir/otherlisted.txt,2026-09-29,sector_expansion,291,40,40,2026-09-29,,,,primary physical-product business,verified_eligible,2026-09-29,Current US operational/principal HQ; not a year-by-year historical domicile classification,2010Q1,2019Q4,True,True,True,2010Q1,2019Q4,2010-04-22,2020-01-30,2010Q1,2019Q4,2010-04-22,2020-01-30,"Provider listing/security start, not founding date; see historical mapping evidence"
0000313927,0000313927,CHURCH & DWIGHT CO INC /DE/,CHD,NYSE,CHD,household and personal care products,Physical-product manufacturer/brand,Consumer products,EWING,NJ,United States,https://www.sec.gov/cgi-bin/browse-edgar?action=getcompany&CIK=0000313927&owner=include&count=10,4a3ee26eec4053b74c086a970188eefeaaa63b7cda0d8cddd6abcc471b22d0d3,2026-09-16,https://www.churchdwight.com/,86605701eea3e54ef71b0d756c551c0482729c86894bbd0464cbb7588abb1066,2026-09-29T23:35:44.085464+00:00,Manual review of company website/catalog text and business model; primary physical goods supported; no required exact revenue percentage.,1986-03-06,Archived 2010-12-31 active equity snapshot plus SEC issuer/security mapping,https://www.alphavantage.co/documentation/#listing-status,https://www.sec.gov/Archives/edgar/data/313927/0000313927-01-000084.txt,20010309,9c0d3dccb0d053aba1c5c08fc934610f9c04207c4d561fe9d07bbdf2023ec8c0,artifacts/primary_event_study_2010_2019_v1/ticker_history.csv,,Same SEC issuer with documented security interval; provider labels may reflect subsequent company renaming.,https://www.nasdaqtrader.com/dynamic/SymDir/otherlisted.txt,2026-09-29,sector_expansion,292,35,35,2026-09-29,,,,primary physical-product business,verified_eligible,2026-09-29,Current US operational/principal HQ; not a year-by-year historical domicile classification,2010Q1,2019Q4,True,True,True,2011Q2,2019Q4,2011-08-04,2020-01-31,2011Q2,2019Q4,2011-08-04,2020-01-31,"Provider listing/security start, not founding date; see historical mapping evidence"
0000315189,0000315189,DEERE & CO,DE,NYSE,DE,agricultural and construction equipment,Physical-product manufacturer/brand,Machinery,MOLINE,IL,United States,https://www.sec.gov/cgi-bin/browse-edgar?action=getcompany&CIK=0000315189&owner=include&count=10,1cdafb6736361b8b2f219423c4505a26ee7432b604e262e20828da6b8010ee67,2026-09-16,https://www.deere.com/,de4bbbb120ab1ef859abd1180154b757cf3879489af38bd96d1bdcc472b5115c,2026-09-29,Manual review of company website/catalog text and business model; primary physical goods supported; no required exact revenue percentage.,1972-06-01,Archived 2010-12-31 active equity snapshot plus SEC issuer/security mapping,https://www.alphavantage.co/documentation/#listing-status,https://www.sec.gov/Archives/edgar/data/315189/0000940180-02-001741.txt,20021220,346428241c14bef699d1f14b66333f323ede39b8b6e56556eaa2bba97bd48970,artifacts/primary_event_study_2010_2019_v1/ticker_history.csv,,Same SEC issuer with documented security interval; provider labels may reflect subsequent company renaming.,https://www.nasdaqtrader.com/dynamic/SymDir/otherlisted.txt,2026-09-29,sector_expansion,293,40,40,2026-09-29,,,,primary physical-product business,verified_eligible,2026-09-29,Current US operational/principal HQ; not a year-by-year historical domicile classification,2010Q1,2019Q4,True,True,True,2010Q1,2019Q4,2010-02-17,2019-11-27,2010Q1,2019Q4,2010-02-17,2019-11-27,"Provider listing/security start, not founding date; see historical mapping evidence"
0000320187,0000320187,"NIKE, Inc.",NKE,NYSE,NKE,"footwear, apparel and sporting goods",Physical-product manufacturer/brand,Apparel and footwear,BEAVERTON,OR,United States,https://www.sec.gov/cgi-bin/browse-edgar?action=getcompany&CIK=0000320187&owner=include&count=10,06e301fd4d233ba1e16fa2ebbc0f0fb378865c012f1f83395ad3449ca943b329,2026-09-16,https://about.nike.com/en/,43ffd1b67dc18ab6d3469fcaac60199f87a0abc675d9ab655bb33cb07b058c50,2026-09-29T23:35:49.687058+00:00,Manual review of company website/catalog text and business model; primary physical goods supported; no required exact revenue percentage.,1980-12-02,Archived 2010-12-31 active equity snapshot plus SEC issuer/security mapping,https://www.alphavantage.co/documentation/#listing-status,https://www.sec.gov/Archives/edgar/data/320187/0000891020-02-001248.txt,20020814,ed7d0a619c8e5f041666d4f22bf31f5790fcff225abc3ed0e128b2e996f173c6,artifacts/primary_event_study_2010_2019_v1/ticker_history.csv,,Same SEC issuer with documented security interval; provider labels may reflect subsequent company renaming.,https://www.nasdaqtrader.com/dynamic/SymDir/otherlisted.txt,2026-09-29,sector_expansion,295,37,37,2026-09-29,,,,primary physical-product business,verified_eligible,2026-09-29,Current US operational/principal HQ; not a year-by-year historical domicile classification,2010Q1,2019Q4,True,True,True,2010Q2,2019Q4,2009-12-17,2019-06-27,2010Q2,2019Q4,2009-12-17,2019-06-27,"Provider listing/security start, not founding date; see historical mapping evidence"
0000352825,0000352825,FOSTER L B CO,FSTR,NASDAQ,FSTR,rail and infrastructure products,Physical-product manufacturer/brand,Industrial products,PITTSBURGH,PA,United States,https://www.sec.gov/cgi-bin/browse-edgar?action=getcompany&CIK=0000352825&owner=include&count=10,822570b040552928554ef72ace62bf8d460fe9200161ed8479b0e3a1739321a8,2026-09-16,https://lbfoster.com/,6ede2f3ffffb9eb8633cbc08409ccb68a27fa0e8ac8086da81c4ac07664e84d6,2026-09-29T23:35:54.864926+00:00,Manual review of company website/catalog text and business model; primary physical goods supported; no required exact revenue percentage.,1990-03-26,Archived 2010-12-31 active equity snapshot plus SEC issuer/security mapping,https://www.alphavantage.co/documentation/#listing-status,https://www.sec.gov/Archives/edgar/data/352825/0000352825-01-000003.txt,20010330,3ccb56d727ff809be7fabce34d9b8c9cdf4b7732ba36f8d148c8282395b700d8,artifacts/primary_event_study_2010_2019_v1/ticker_history.csv,,Same SEC issuer with documented security interval; provider labels may reflect subsequent company renaming.,https://www.nasdaqtrader.com/dynamic/SymDir/nasdaqlisted.txt,2026-09-29,sector_expansion,296,25,25,2026-09-29,,,,primary physical-product business,verified_eligible,2026-09-29,Current US operational/principal HQ; not a year-by-year historical domicile classification,2010Q1,2019Q4,True,True,True,2011Q4,2019Q4,2012-02-23,2020-02-25,2011Q4,2019Q4,2012-02-23,2020-02-25,"Provider listing/security start, not founding date; see historical mapping evidence"
0000355811,0000355811,GENTEX CORP,GNTX,NASDAQ,GNTX,automotive mirrors and vision systems,Physical-product manufacturer/brand,Automotive components,ZEELAND,MI,United States,https://www.sec.gov/cgi-bin/browse-edgar?action=getcompany&CIK=0000355811&owner=include&count=10,92ac81a612921ef4c9eb52e819053c37812c3f66b069b9994f9b2515291cbf27,2026-09-16,https://www.gentex.com/,445254715fac2c742e63874cf9bf9dfd8879878ed3ef78c276538742e53da8d7,2026-09-29T23:34:46.428172+00:00,Manual review of company website/catalog text and business model; primary physical goods supported; no required exact revenue percentage.,1990-03-26,Archived 2010-12-31 active equity snapshot plus SEC issuer/security mapping,https://www.alphavantage.co/documentation/#listing-status,https://www.sec.gov/Archives/edgar/data/355811/0000950124-01-001245.txt,20010313,97b66c710bee961a6461b691bd4d45ffe8af0829007eddd0fd9a9f7a58234446,artifacts/primary_event_study_2010_2019_v1/ticker_history.csv,,Same SEC issuer with documented security interval; provider labels may reflect subsequent company renaming.,https://www.nasdaqtrader.com/dynamic/SymDir/nasdaqlisted.txt,2026-09-29,sector_expansion,297,35,35,2026-09-29,,,,primary physical-product business,verified_eligible,2026-09-29,Current US operational/principal HQ; not a year-by-year historical domicile classification,2010Q1,2019Q4,True,True,True,2011Q2,2019Q4,2011-07-21,2020-01-31,2011Q2,2019Q4,2011-07-21,2020-01-31,"Provider listing/security start, not founding date; see historical mapping evidence"
0000355948,0000355948,"RICHARDSON ELECTRONICS, LTD.",RELL,NASDAQ,RELL,electronic components,Physical-product distribution,Electronics distribution,LAFOX,IL,United States,https://www.sec.gov/cgi-bin/browse-edgar?action=getcompany&CIK=0000355948&owner=include&count=10,4e270ab94baa6427c0d756f42131c49e52ac29ee3c66e308d6cb2dcde54a3b00,2026-09-16,https://www.rell.com/,6eb73f46931449e7b02448157b5d3d7049ea48a8eafd9ec33462e3cd2b202d74,2026-09-29T23:35:55.736776+00:00,Manual review of company website/catalog text and business model; primary physical goods supported; no required exact revenue percentage.,1990-03-26,Archived 2010-12-31 active equity snapshot plus SEC issuer/security mapping,https://www.alphavantage.co/documentation/#listing-status,https://www.sec.gov/Archives/edgar/data/355948/0000355948-01-500020.txt,20010829,4516530b6248ae541005a5b301d9aec0dff1149d9b284c6b4a1aa96c5d6772af,artifacts/primary_event_study_2010_2019_v1/ticker_history.csv,,Same SEC issuer with documented security interval; provider labels may reflect subsequent company renaming.,https://www.nasdaqtrader.com/dynamic/SymDir/nasdaqlisted.txt,2026-09-29,sector_expansion,298,31,31,2026-09-29,,,,primary physical-product business,verified_eligible,2026-09-29,Current US operational/principal HQ; not a year-by-year historical domicile classification,2010Q1,2019Q4,True,True,True,2011Q2,2019Q4,2011-01-05,2019-07-24,2011Q2,2019Q4,2011-01-05,2019-07-24,"Provider listing/security start, not founding date; see historical mapping evidence"
0000711377,0000711377,NEOGEN CORP,NEOG,NASDAQ,NEOG,food and animal safety testing products,Physical-product manufacturer/brand,Medical and laboratory,LANSING,MI,United States,https://www.sec.gov/cgi-bin/browse-edgar?action=getcompany&CIK=0000711377&owner=include&count=10,f0bbff41f9729f0fe6f82e67c0f2eb93654c9dcc2881c672d0002c78623f242a,2026-09-16,https://www.neogen.com/49f7d9/globalassets/pdfs/catalogs/Official_Animal-Safety_BioSecurity_Catalog_en-US.pdf,1134ac29e6ca318d991fa6a794448af59189209bbde68bedf9a1837376715cb0,2026-09-29,Manual review of company website/catalog text and business model; primary physical goods supported; no required exact revenue percentage.,1994-02-10,Archived 2010-12-31 active equity snapshot plus SEC issuer/security mapping,https://www.alphavantage.co/documentation/#listing-status,https://www.sec.gov/Archives/edgar/data/711377/0000950131-02-003395.txt,20020829,cb3e662a839699b95b88abd9e5f385268041d87823e2ead123808975e13fbf8f,artifacts/primary_event_study_2010_2019_v1/ticker_history.csv,,Same SEC issuer with documented security interval; provider labels may reflect subsequent company renaming.,https://www.nasdaqtrader.com/dynamic/SymDir/nasdaqlisted.txt,2026-09-29,sector_expansion,300,40,40,2026-09-29,,,,primary physical-product business,verified_eligible,2026-09-29,Current US operational/principal HQ; not a year-by-year historical domicile classification,2010Q1,2019Q4,True,True,True,2010Q1,2019Q4,2009-09-24,2019-07-23,2010Q1,2019Q4,2009-09-24,2019-07-23,"Provider listing/security start, not founding date; see historical mapping evidence"
0000711404,0000711404,"COOPER COMPANIES, INC.",COO,NASDAQ,COO,contact lenses and reproductive health devices,Physical-product manufacturer/brand,Medical devices,SAN RAMON,CA,United States,https://www.sec.gov/cgi-bin/browse-edgar?action=getcompany&CIK=0000711404&owner=include&count=10,c419f0e21c598a82b8829d7e8b34a2894bfff874017b673aca7406003046900f,2026-09-16,https://www.coopercos.com/,f3799b2839e299f5b13ff62ab20eaaff66ee8bd8aa4599c79c7543bbad3093cc,2026-09-29T23:35:07.701634+00:00,Manual review of company website/catalog text and business model; primary physical goods supported; no required exact revenue percentage.,1983-12-30,Archived 2010-12-31 active equity snapshot plus SEC issuer/security mapping,https://www.alphavantage.co/documentation/#listing-status,https://www.sec.gov/Archives/edgar/data/711404/0000950117-03-000230.txt,20030127,f557ee1cae1c0e01218bc3fd72ed9adda43b8d2ea10753c89c435fbf9453f3d2,artifacts/primary_event_study_2010_2019_v1/ticker_history.csv,,Same SEC issuer with documented security interval; provider labels may reflect subsequent company renaming.,https://www.nasdaqtrader.com/dynamic/SymDir/nasdaqlisted.txt,2026-09-29,sector_expansion,301,34,34,2026-09-29,,,,primary physical-product business,verified_eligible,2026-09-29,Current US operational/principal HQ; not a year-by-year historical domicile classification,2010Q1,2019Q4,True,True,True,2011Q3,2019Q4,2011-08-31,2019-12-05,2011Q3,2019Q4,2011-08-31,2019-12-05,"Provider listing/security start, not founding date; see historical mapping evidence"
0000712034,0000712034,ACCO BRANDS Corp,ACCO,NYSE,ACCO,office and school products,Physical-product manufacturer/brand,Consumer products,LAKE ZURICH,IL,United States,https://www.sec.gov/cgi-bin/browse-edgar?action=getcompany&CIK=0000712034&owner=include&count=10,5abe637c9a547db6b37dbe9fb100441ea202993f5650fe2d6a8718d07ec05c3b,2026-09-16,https://www.accobrands.com/,ae92e8ec385e457ac6384f8698a48089a148cea6baaddc8d747960ab4f00fe15,2026-09-29T23:35:41.038735+00:00,Manual review of company website/catalog text and business model; primary physical goods supported; no required exact revenue percentage.,2005-08-17,Archived 2010-12-31 active equity snapshot plus SEC issuer/security mapping,https://www.alphavantage.co/documentation/#listing-status,,,,artifacts/primary_event_study_2010_2019_v1/ticker_history.csv,,Same SEC issuer with documented security interval; provider labels may reflect subsequent company renaming.,https://www.nasdaqtrader.com/dynamic/SymDir/otherlisted.txt,2026-09-29,sector_expansion,302,40,32,2026-09-29,,,,primary physical-product business,verified_eligible,2026-09-29,Current US operational/principal HQ; not a year-by-year historical domicile classification,2010Q1,2019Q4,True,True,True,2010Q1,2019Q4,2010-04-28,2020-02-11,2012Q1,2019Q4,2012-05-10,2020-02-11,"Provider listing/security start, not founding date; see historical mapping evidence"
0000715787,0000715787,INTERFACE INC,TILE,NASDAQ,TILE,commercial flooring,Physical-product manufacturer/brand,Building products,ATLANTA,GA,United States,https://www.sec.gov/cgi-bin/browse-edgar?action=getcompany&CIK=0000715787&owner=include&count=10,6c4f13d060db0ed60c894d20175c1c15ec17c5e8959afc6349a20fe81a7a28eb,2026-09-16,https://www.interface.com/US/en-US.html,565511c4ab16c534a318f5fd0e0328507ce623445fa19f1e1f953419e55ac5b2,2026-09-29T23:35:34.190769+00:00,Manual review of company website/catalog text and business model; primary physical goods supported; no required exact revenue percentage.,1990-03-26,Archived 2010-12-31 active equity snapshot plus SEC issuer/security mapping,https://www.alphavantage.co/documentation/#listing-status,https://www.sec.gov/Archives/edgar/data/715787/0000950144-03-004125.txt,20030331,9e00f0cd555541912f8cbf687cc6312701ae9898d90c70d51e9cb501d639944a,artifacts/primary_event_study_2010_2019_v1/ticker_history.csv,,Same SEC issuer with documented security interval; provider labels may reflect subsequent company renaming.,https://www.nasdaqtrader.com/dynamic/SymDir/nasdaqlisted.txt,2026-09-29,sector_expansion,303,36,36,2026-09-29,,,,primary physical-product business,verified_eligible,2026-09-29,Current US operational/principal HQ; not a year-by-year historical domicile classification,2010Q1,2019Q4,True,True,True,2010Q1,2019Q4,2010-04-28,2020-02-26,2010Q1,2019Q4,2010-04-28,2020-02-26,"Provider listing/security start, not founding date; see historical mapping evidence"
0000717605,0000717605,HEXCEL CORP /DE/,HXL,NYSE,HXL,carbon fiber and composite materials,Physical-product manufacturer/brand,Materials,STAMFORD,CT,United States,https://www.sec.gov/cgi-bin/browse-edgar?action=getcompany&CIK=0000717605&owner=include&count=10,690a230f7cf0accebefd7f55ff675500ee70123a611c4ad32951f8905cb7dbb5,2026-09-16,https://www.hexcel.com/,b4776905c47041540df5267839e876793384c8bc0d38ec0f78ca4301d855580d,2026-09-29T23:35:43.777637+00:00,Manual review of company website/catalog text and business model; primary physical goods supported; no required exact revenue percentage.,1987-11-05,Archived 2010-12-31 active equity snapshot plus SEC issuer/security mapping,https://www.alphavantage.co/documentation/#listing-status,https://www.sec.gov/Archives/edgar/data/717605/0000717605-01-000008.txt,20010327,4f40aab54e390dda177832f2fcf1a79e829533ba7a6598b6d98dd99c7de51b51,artifacts/primary_event_study_2010_2019_v1/ticker_history.csv,,Same SEC issuer with documented security interval; provider labels may reflect subsequent company renaming.,https://www.nasdaqtrader.com/dynamic/SymDir/otherlisted.txt,2026-09-29,sector_expansion,304,34,34,2026-09-29,,,,primary physical-product business,verified_eligible,2026-09-29,Current US operational/principal HQ; not a year-by-year historical domicile classification,2010Q1,2019Q4,True,True,True,2010Q2,2019Q4,2010-07-26,2020-02-03,2010Q2,2019Q4,2010-07-26,2020-02-03,"Provider listing/security start, not founding date; see historical mapping evidence"
0000718937,0000718937,STAAR SURGICAL CO,STAA,NASDAQ,STAA,implantable lenses,Physical-product manufacturer/brand,Medical devices,MONROVIA,CA,United States,https://www.sec.gov/cgi-bin/browse-edgar?action=getcompany&CIK=0000718937&owner=include&count=10,18e094462179e967d533806a40cf3ba191187b4bcb722bb4c99b67bd367a4268,2026-09-16,https://www.staar.com/,d61e6424a91f9637f7beac0c0a538a4623a34d1401e192f46eabd89b3a7a4a1c,2026-09-29T23:35:08.455290+00:00,Manual review of company website/catalog text and business model; primary physical goods supported; no required exact revenue percentage.,1992-03-02,Archived 2010-12-31 active equity snapshot plus SEC issuer/security mapping,https://www.alphavantage.co/documentation/#listing-status,https://www.sec.gov/Archives/edgar/data/718937/0000898430-02-001104.txt,20020328,bea26272d6e4cf8e5e5feb299373232afe2d5465f330f5994bfa44c47fa61b3c,artifacts/primary_event_study_2010_2019_v1/ticker_history.csv,,Same SEC issuer with documented security interval; provider labels may reflect subsequent company renaming.,https://www.nasdaqtrader.com/dynamic/SymDir/nasdaqlisted.txt,2026-09-29,sector_expansion,305,33,33,2026-09-29,,,,primary physical-product business,verified_eligible,2026-09-29,Current US operational/principal HQ; not a year-by-year historical domicile classification,2010Q1,2019Q4,True,True,True,2011Q4,2019Q4,2012-03-07,2020-02-26,2011Q4,2019Q4,2012-03-07,2020-02-26,"Provider listing/security start, not founding date; see historical mapping evidence"
0000723603,0000723603,CULP INC,CULP,NASDAQ,CFI;CULP,upholstery fabrics and mattress fabrics,Physical-product manufacturer/brand,Materials,HIGH POINT,NC,United States,https://www.sec.gov/cgi-bin/browse-edgar?action=getcompany&CIK=0000723603&owner=include&count=10,33904cafc7eef9a9602b8d086a1c38a4fa232552aed62c9ed37579edfa3bd022,2026-09-16,https://www.culp.com/hubfs/Careers/PDF/Culp-History.pdf,dae54458f8cf7f383752d1ba6c272c6117dc28d56b210c05a1f776000a30e87b,2026-09-29,Manual review of company website/catalog text and business model; primary physical goods supported; no required exact revenue percentage.,1990-03-26,Archived 2010-12-31 active equity snapshot plus SEC issuer/security mapping,https://www.alphavantage.co/documentation/#listing-status,https://www.sec.gov/Archives/edgar/data/723603/0000723603-01-500028.txt,20010726,dc8cc7af0dbb87057d21ebb37f098400ebc6732a9b89cc444dbe17e6ca2629cc,artifacts/primary_event_study_2010_2019_v1/ticker_history.csv,,Same SEC issuer with documented security interval; provider labels may reflect subsequent company renaming.,https://www.nasdaqtrader.com/dynamic/SymDir/nasdaqlisted.txt,2026-09-29,sector_expansion,306,10,10,2026-09-29,,,,primary physical-product business,verified_eligible,2026-09-29,Current US operational/principal HQ; not a year-by-year historical domicile classification,2010Q1,2019Q4,True,True,True,2017Q3,2019Q4,2017-02-28,2019-06-12,2017Q3,2019Q4,2017-02-28,2019-06-12,"Provider listing/security start, not founding date; see historical mapping evidence"
0000730272,0000730272,REPLIGEN CORP,RGEN,NASDAQ,RGEN,bioprocessing equipment,Physical-product manufacturer/brand,Medical and laboratory,WALTHAM,MA,United States,https://www.sec.gov/cgi-bin/browse-edgar?action=getcompany&CIK=0000730272&owner=include&count=10,6154221904bda144c7c77fe6170c2ef1e4b7d91a9b8c23c411e2c0d794d65ba8,2026-09-16,https://www.repligen.com/,357f62232b5e09140b42bf7d2dab2794eb8b4ed3261c4ad028d5ba62d36ba440,2026-09-29T23:35:09.144900+00:00,Manual review of company website/catalog text and business model; primary physical goods supported; no required exact revenue percentage.,1990-03-26,Archived 2010-12-31 active equity snapshot plus SEC issuer/security mapping,https://www.alphavantage.co/documentation/#listing-status,https://www.sec.gov/Archives/edgar/data/730272/0000891554-01-503269.txt,20010629,2db643a635985ba118014d9fe743379b04f4217ac3ce07d6b9a7c36f4d0d6aa0,artifacts/primary_event_study_2010_2019_v1/ticker_history.csv,,Same SEC issuer with documented security interval; provider labels may reflect subsequent company renaming.,https://www.nasdaqtrader.com/dynamic/SymDir/nasdaqlisted.txt,2026-09-29,sector_expansion,309,32,32,2026-09-29,,,,primary physical-product business,verified_eligible,2026-09-29,Current US operational/principal HQ; not a year-by-year historical domicile classification,2010Q1,2019Q4,True,True,True,2010Q3,2019Q4,2010-11-02,2020-02-20,2010Q3,2019Q4,2010-11-02,2020-02-20,"Provider listing/security start, not founding date; see historical mapping evidence"
0000737758,0000737758,TORO CO,TTC,NYSE,TTC,turf and landscape equipment,Physical-product manufacturer/brand,Machinery,BLOOMINGTON,MN,United States,https://www.sec.gov/cgi-bin/browse-edgar?action=getcompany&CIK=0000737758&owner=include&count=10,785314d4aba0aa2a6a26082e67b9671a687213b113066263198f8c7be377f8c9,2026-09-16,https://www.thetorocompany.com/toro,de4bbbb120ab1ef859abd1180154b757cf3879489af38bd96d1bdcc472b5115c,2026-09-29,Manual review of company website/catalog text and business model; primary physical goods supported; no required exact revenue percentage.,1987-12-30,Archived 2010-12-31 active equity snapshot plus SEC issuer/security mapping,https://www.alphavantage.co/documentation/#listing-status,https://www.sec.gov/Archives/edgar/data/737758/0000950134-03-000742.txt,20030117,40418c5ad937709502b44aa63a5c47a29ab7e96342129621735dcf6c6969c5b3,artifacts/primary_event_study_2010_2019_v1/ticker_history.csv,,Same SEC issuer with documented security interval; provider labels may reflect subsequent company renaming.,https://www.nasdaqtrader.com/dynamic/SymDir/otherlisted.txt,2026-09-29,sector_expansion,310,33,33,2026-09-29,,,,primary physical-product business,verified_eligible,2026-09-29,Current US operational/principal HQ; not a year-by-year historical domicile classification,2010Q1,2019Q4,True,True,True,2011Q3,2019Q4,2011-08-18,2019-12-18,2011Q3,2019Q4,2011-08-18,2019-12-18,"Provider listing/security start, not founding date; see historical mapping evidence"
0000746598,0000746598,BRADY CORP,BRC,NYSE,BRC,identification and safety products,Physical-product manufacturer/brand,Industrial products,MILWAUKEE,WI,United States,https://www.sec.gov/cgi-bin/browse-edgar?action=getcompany&CIK=0000746598&owner=include&count=10,cd6cde685102761410487b3ef885ee3fe981757a4b7484495a51d25a4c8950c3,2026-09-16,https://www.bradycorp.com/en-us/corporate/contact-us,1e9cd0b7b305f2c2522131358ea316845c6ef9504b65730350d95145421aa2c2,2026-09-29,Manual review of company website/catalog text and business model; primary physical goods supported; no required exact revenue percentage.,1984-09-07,Archived 2010-12-31 active equity snapshot plus SEC issuer/security mapping,https://www.alphavantage.co/documentation/#listing-status,https://www.sec.gov/Archives/edgar/data/746598/0000950134-02-012859.txt,20021023,b8b14edb333467ec7d347c6c3c0f77383496498d403e35352af5e58796925724,artifacts/primary_event_study_2010_2019_v1/ticker_history.csv,,Same SEC issuer with documented security interval; provider labels may reflect subsequent company renaming.,https://www.nasdaqtrader.com/dynamic/SymDir/otherlisted.txt,2026-09-29,sector_expansion,311,24,24,2026-09-29,,,,primary physical-product business,verified_eligible,2026-09-29,Current US operational/principal HQ; not a year-by-year historical domicile classification,2010Q1,2019Q4,True,True,True,2010Q2,2019Q4,2010-02-19,2019-09-06,2010Q2,2019Q4,2010-02-19,2019-09-06,"Provider listing/security start, not founding date; see historical mapping evidence"
0000763744,0000763744,LCI INDUSTRIES,LCII,NYSE,DW;LCII,RV and marine components,Physical-product manufacturer/brand,Automotive components,ELKHART,IN,United States,https://www.sec.gov/cgi-bin/browse-edgar?action=getcompany&CIK=0000763744&owner=include&count=10,c7a0357c3e4cd45a306782d750ceb25b3b1c31fc18e23543c871b9b9a28ef667,2026-09-16,https://api.lci1.com/original-home/,39b39f8192756cb7264d344ccc7d4398508d3552f165c2c5f78edbc8e3171d57,2026-09-29,Manual review of company website/catalog text and business model; primary physical goods supported; no required exact revenue percentage.,1989-05-03,Archived 2010-12-31 active equity snapshot plus SEC issuer/security mapping,https://www.alphavantage.co/documentation/#listing-status,https://www.sec.gov/Archives/edgar/data/763744/0001169232-03-002426.txt,20030328,5653923c8fe6667a2cbd8678f08f45efc8ba8c47bf2e470aa285e757b3011fcc,https://www.sec.gov/Archives/edgar/data/763744/000076374416000658/drewform8k-namechange.htm,,"Continuing SEC issuer/security, corporate name and ticker change; do not substitute a separately spun-off issuer.",https://www.nasdaqtrader.com/dynamic/SymDir/otherlisted.txt,2026-09-29,sector_expansion,313,35,35,2026-09-29,,,2017-01-03,primary physical-product business,verified_eligible,2026-09-29,Current US operational/principal HQ; not a year-by-year historical domicile classification,2010Q1,2019Q4,True,True,True,2010Q1,2019Q4,2010-05-03,2020-02-11,2010Q1,2019Q4,2010-05-03,2020-02-11,"Provider listing/security start, not founding date; see historical mapping evidence"
0000764401,0000764401,INSTEEL INDUSTRIES INC,IIIN,NYSE,IIIN,steel wire reinforcement,Physical-product manufacturer/brand,Metals,MOUNT AIRY,NC,United States,https://www.sec.gov/cgi-bin/browse-edgar?action=getcompany&CIK=0000764401&owner=include&count=10,a4fe7296462f2e74bc2775ba5ef92e77dbb80dbf975ed2213959093c928addd5,2026-09-16,https://insteel.com/home/default.aspx,c50e7d98b444320fbff536bf5f79993357130f8718e5ee1b37cf546d552f5ad4,2026-09-29T23:35:18.056369+00:00,Manual review of company website/catalog text and business model; primary physical goods supported; no required exact revenue percentage.,1992-03-17,Archived 2010-12-31 active equity snapshot plus SEC issuer/security mapping,https://www.alphavantage.co/documentation/#listing-status,https://www.sec.gov/Archives/edgar/data/764401/0000950144-02-012962.txt,20021220,c3f508136e37fefe9b12571d938c7223adaabdd4062668420a92fb590e3116ad,artifacts/primary_event_study_2010_2019_v1/ticker_history.csv,,Same SEC issuer with documented security interval; provider labels may reflect subsequent company renaming.,https://www.nasdaqtrader.com/dynamic/SymDir/otherlisted.txt,2026-09-29,sector_expansion,314,34,34,2026-09-29,,,,primary physical-product business,verified_eligible,2026-09-29,Current US operational/principal HQ; not a year-by-year historical domicile classification,2010Q1,2019Q4,True,True,True,2010Q2,2019Q4,2010-04-22,2019-10-17,2010Q2,2019Q4,2010-04-22,2019-10-17,"Provider listing/security start, not founding date; see historical mapping evidence"
0000773840,0000773840,HONEYWELL INTERNATIONAL INC,HON,NASDAQ,HON,aviation and industrial products,Physical-product manufacturer/brand,Aerospace and industrial,CHARLOTTE,NC,United States,https://www.sec.gov/cgi-bin/browse-edgar?action=getcompany&CIK=0000773840&owner=include&count=10,52a29a1b2d44db7352dbf5d9c80649e030cc1b18255e736ffcd27f8460f1baa3,2026-09-16,https://www.honeywell.com/us/en,3f27f2118cc59a8144b4b406746801722c6803f82bfca4b4b2a2a6c3dd873036,2026-09-29T23:34:55.474660+00:00,Manual review of company website/catalog text and business model; primary physical goods supported; no required exact revenue percentage.,1970-01-02,Archived 2010-12-31 active equity snapshot plus SEC issuer/security mapping,https://www.alphavantage.co/documentation/#listing-status,https://www.sec.gov/Archives/edgar/data/773840/0000950117-01-000640.txt,20010330,bf2411a7032fbd9a2416b9be1a87024eb177b7952a484b70aaa4922c645ae57d,artifacts/primary_event_study_2010_2019_v1/ticker_history.csv,,Same SEC issuer with documented security interval; provider labels may reflect subsequent company renaming.,https://www.nasdaqtrader.com/dynamic/SymDir/nasdaqlisted.txt,2026-09-29,sector_expansion,315,40,40,2026-09-29,,,,primary physical-product business,verified_eligible,2026-09-29,Current US operational/principal HQ; not a year-by-year historical domicile classification,2010Q1,2019Q4,True,True,True,2010Q1,2019Q4,2010-04-23,2020-01-31,2010Q1,2019Q4,2010-04-23,2020-01-31,"Provider listing/security start, not founding date; see historical mapping evidence"
0000775158,0000775158,OSHKOSH CORP,OSK,NYSE,OSK,specialty trucks and access equipment,Physical-product manufacturer/brand,Vehicles,OSHKOSH,WI,United States,https://www.sec.gov/cgi-bin/browse-edgar?action=getcompany&CIK=0000775158&owner=include&count=10,58dcb6523a738969fb429e90de7e846f35c1890434b7b1ceca7730c91f37265b,2026-09-16,https://www.oshkoshcorp.com/,eca3b82526fe5cd41e99bf99e02f3139ab762ad1818ad9b50b9fc4342581cc48,2026-09-29T23:34:44.131709+00:00,Manual review of company website/catalog text and business model; primary physical goods supported; no required exact revenue percentage.,1990-03-26,Archived 2010-12-31 active equity snapshot plus SEC issuer/security mapping,https://www.alphavantage.co/documentation/#listing-status,https://www.sec.gov/Archives/edgar/data/775158/0000897069-01-500630.txt,20011207,a1f6190dc73ebe48331b402b2f88194f56be6b6d08a2fc29d33874f5965d62e9,artifacts/primary_event_study_2010_2019_v1/ticker_history.csv,,Same SEC issuer with documented security interval; provider labels may reflect subsequent company renaming.,https://www.nasdaqtrader.com/dynamic/SymDir/otherlisted.txt,2026-09-29,sector_expansion,316,40,40,2026-09-29,,,,primary physical-product business,verified_eligible,2026-09-29,Current US operational/principal HQ; not a year-by-year historical domicile classification,2010Q1,2019Q4,True,True,True,2010Q1,2019Q4,2010-04-29,2020-01-29,2010Q1,2019Q4,2010-04-29,2020-01-29,"Provider listing/security start, not founding date; see historical mapping evidence"
0000784199,0000784199,"ARTIVION, INC.",AORT,NYSE,AORT;CRY,cardiac and vascular implants,Physical-product manufacturer/brand,Medical devices,KENNESAW,GA,United States,https://www.sec.gov/cgi-bin/browse-edgar?action=getcompany&CIK=0000784199&owner=include&count=10,06a539470d63d0269e62213cf808a7c7c4b155781864fc406c4567f9fc56363c,2026-09-16,https://artivion.com/,a85695e4b44656d0b57f6ba2f008c342267ffcf6ce9bb6ee5adac0056a1c912c,2026-09-29T23:35:01.851487+00:00,Manual review of company website/catalog text and business model; primary physical goods supported; no required exact revenue percentage.,1993-02-12,Archived 2010-12-31 active equity snapshot plus SEC issuer/security mapping,https://www.alphavantage.co/documentation/#listing-status,https://www.sec.gov/Archives/edgar/data/784199/0000914062-01-500169.txt,20010402,bf94420882da246e615a87154dc36abe25a02becf0f1201cce6839c07b862bad,https://investors.artivion.com/news-releases/news-release-details/cryolife-announces-corporate-rebranding-and-changes-name,,"Continuing SEC issuer/security, corporate name and ticker change; do not substitute a separately spun-off issuer.",https://www.nasdaqtrader.com/dynamic/SymDir/otherlisted.txt,2026-09-29,sector_expansion,317,40,40,2026-09-29,,,2022-01-24,primary physical-product business,verified_eligible,2026-09-29,Current US operational/principal HQ; not a year-by-year historical domicile classification,2010Q1,2019Q4,True,True,True,2010Q1,2019Q4,2010-04-28,2020-02-13,2010Q1,2019Q4,2010-04-28,2020-02-13,"Provider listing/security start, not founding date; see historical mapping evidence"
0000788329,0000788329,JOHNSON OUTDOORS INC,JOUT,NASDAQ,JOUT,outdoor recreation equipment,Physical-product manufacturer/brand,Consumer products,RACINE,WI,United States,https://www.sec.gov/cgi-bin/browse-edgar?action=getcompany&CIK=0000788329&owner=include&count=10,56b68570cb13a01b36db7b83cae9e2e70ac5e936e22851eaf0dd88273d3c773c,2026-09-16,https://www.johnsonoutdoors.com/us/our-company,1e9cd0b7b305f2c2522131358ea316845c6ef9504b65730350d95145421aa2c2,2026-09-29,Manual review of company website/catalog text and business model; primary physical goods supported; no required exact revenue percentage.,1990-03-26,Archived 2010-12-31 active equity snapshot plus SEC issuer/security mapping,https://www.alphavantage.co/documentation/#listing-status,https://www.sec.gov/Archives/edgar/data/788329/0000897069-01-500687.txt,20011227,f6b491d3e2b88ca115444088235f590311a46b3f69b000b95f58883b39f14262,artifacts/primary_event_study_2010_2019_v1/ticker_history.csv,,Same SEC issuer with documented security interval; provider labels may reflect subsequent company renaming.,https://www.nasdaqtrader.com/dynamic/SymDir/nasdaqlisted.txt,2026-09-29,sector_expansion,318,32,32,2026-09-29,,,,primary physical-product business,verified_eligible,2026-09-29,Current US operational/principal HQ; not a year-by-year historical domicile classification,2010Q1,2019Q4,True,True,True,2012Q1,2019Q4,2012-02-02,2019-12-06,2012Q1,2019Q4,2012-02-02,2019-12-06,"Provider listing/security start, not founding date; see historical mapping evidence"
0000790051,0000790051,CARLISLE COMPANIES INC,CSL,NYSE,CSL,roofing and building envelope products,Physical-product manufacturer/brand,Building products,SCOTTSDALE,AZ,United States,https://www.sec.gov/cgi-bin/browse-edgar?action=getcompany&CIK=0000790051&owner=include&count=10,816218e7b16a1dee3fc634b9f5ea0aa6d93774b186efeb1431fda5200801877d,2026-09-16,https://www.carlisle.com/home/default.aspx,3d5203b793f253a6141f0a3d04660332619c3c55296d4eb2e145f45baf9e8676,2026-09-29T23:35:12.086057+00:00,Manual review of company website/catalog text and business model; primary physical goods supported; no required exact revenue percentage.,1987-11-05,Archived 2010-12-31 active equity snapshot plus SEC issuer/security mapping,https://www.alphavantage.co/documentation/#listing-status,https://www.sec.gov/Archives/edgar/data/790051/0000912057-01-503080.txt,20010309,968ee8f89f09a624555114ca76d12964eb463e9956fa03de51b9c1f99c85943d,artifacts/primary_event_study_2010_2019_v1/ticker_history.csv,,Same SEC issuer with documented security interval; provider labels may reflect subsequent company renaming.,https://www.nasdaqtrader.com/dynamic/SymDir/otherlisted.txt,2026-09-29,sector_expansion,319,35,35,2026-09-29,,,,primary physical-product business,verified_eligible,2026-09-29,Current US operational/principal HQ; not a year-by-year historical domicile classification,2010Q1,2019Q4,True,True,True,2011Q2,2019Q4,2011-07-26,2020-02-06,2011Q2,2019Q4,2011-07-26,2020-02-06,"Provider listing/security start, not founding date; see historical mapping evidence"
0000792987,0000792987,ASTEC INDUSTRIES INC,ASTE,NASDAQ,ASTE,roadbuilding and aggregate equipment,Physical-product manufacturer/brand,Machinery,CHATTANOOGA,TN,United States,https://www.sec.gov/cgi-bin/browse-edgar?action=getcompany&CIK=0000792987&owner=include&count=10,fb9d4fd6c380b0fcb0a2b1c079f00b06696f7a2da79031922a430a8cb9eb2e7d,2026-09-16,https://astecindustries.com/,554f0152c180849f65bfc4be09a273383c20c2f7d4ba6a814ec3d16370996189,2026-09-29T23:34:30.727491+00:00,Manual review of company website/catalog text and business model; primary physical goods supported; no required exact revenue percentage.,1986-06-19,Archived 2010-12-31 active equity snapshot plus SEC issuer/security mapping,https://www.alphavantage.co/documentation/#listing-status,https://www.sec.gov/Archives/edgar/data/792987/0000792987-01-500012.txt,20010323,3683a56d087c1f42326abd71679772f8f94bc17a53b9392b42832b0498c3f8e3,artifacts/primary_event_study_2010_2019_v1/ticker_history.csv,,Same SEC issuer with documented security interval; provider labels may reflect subsequent company renaming.,https://www.nasdaqtrader.com/dynamic/SymDir/nasdaqlisted.txt,2026-09-29,sector_expansion,320,28,28,2026-09-29,,,,primary physical-product business,verified_eligible,2026-09-29,Current US operational/principal HQ; not a year-by-year historical domicile classification,2010Q1,2019Q4,True,True,True,2012Q4,2019Q4,2013-02-26,2020-03-17,2012Q4,2019Q4,2013-02-26,2020-03-17,"Provider listing/security start, not founding date; see historical mapping evidence"
0000793952,0000793952,"HARLEY-DAVIDSON, INC.",HOG,NYSE,HOG,motorcycles,Physical-product manufacturer/brand,Vehicles,MILWAUKEE,WI,United States,https://www.sec.gov/cgi-bin/browse-edgar?action=getcompany&CIK=0000793952&owner=include&count=10,be616ac7957d0b8af35bb3b3bc894ce9b66ff5c6be349e92d08444c315f650d6,2026-09-16,https://www.harley-davidson.com/us/en/index.html,9ceb5508e2895385e0dbd783730d08a904513184718debc0176ccbe3557d34fd,2026-09-29T23:34:59.162821+00:00,Manual review of company website/catalog text and business model; primary physical goods supported; no required exact revenue percentage.,1987-11-05,Archived 2010-12-31 active equity snapshot plus SEC issuer/security mapping,https://www.alphavantage.co/documentation/#listing-status,https://www.sec.gov/Archives/edgar/data/793952/0001104659-03-005244.txt,20030328,22138aac918bedb951da81aee0b147ec0f87ed7c27b0ea045f0e4fedc63711d1,artifacts/primary_event_study_2010_2019_v1/ticker_history.csv,,Same SEC issuer with documented security interval; provider labels may reflect subsequent company renaming.,https://www.nasdaqtrader.com/dynamic/SymDir/otherlisted.txt,2026-09-29,sector_expansion,321,37,37,2026-09-29,,,,primary physical-product business,verified_eligible,2026-09-29,Current US operational/principal HQ; not a year-by-year historical domicile classification,2010Q1,2019Q4,True,True,True,2010Q4,2019Q4,2011-01-25,2020-01-28,2010Q4,2019Q4,2011-01-25,2020-01-28,"Provider listing/security start, not founding date; see historical mapping evidence"
0000795403,0000795403,WATTS WATER TECHNOLOGIES INC,WTS,NYSE,WTS,water control and plumbing products,Physical-product manufacturer/brand,Building products,NORTH ANDOVER,MA,United States,https://www.sec.gov/cgi-bin/browse-edgar?action=getcompany&CIK=0000795403&owner=include&count=10,2488074604a2c22ce5a9f527be89b46c94d43d0ff99aaca74b92b91569a009e2,2026-09-16,https://www.watts.com/en-us/,e0f9398a27c7913aff129c33711f8ed626c4575061f6d0f20f53ced55ba1a2a6,2026-09-29,Manual review of company website/catalog text and business model; primary physical goods supported; no required exact revenue percentage.,1986-01-02,Archived 2010-12-31 active equity snapshot plus SEC issuer/security mapping,https://www.alphavantage.co/documentation/#listing-status,https://www.sec.gov/Archives/edgar/data/795403/0001005477-01-001970.txt,20010316,fcb8c4f3578cd90c67d6e3f123d0b5d1b5dbd2f88077d44ac23206d4ffda106d,artifacts/primary_event_study_2010_2019_v1/ticker_history.csv,,Same SEC issuer with documented security interval; provider labels may reflect subsequent company renaming.,https://www.nasdaqtrader.com/dynamic/SymDir/otherlisted.txt,2026-09-29,sector_expansion,322,31,31,2026-09-29,,,,primary physical-product business,verified_eligible,2026-09-29,Current US operational/principal HQ; not a year-by-year historical domicile classification,2010Q1,2019Q4,True,True,True,2011Q4,2019Q4,2012-02-20,2020-02-10,2011Q4,2019Q4,2012-02-20,2020-02-10,"Provider listing/security start, not founding date; see historical mapping evidence"
0000798081,0000798081,LAKELAND INDUSTRIES INC,LAKE,NASDAQ,LAKE,protective clothing,Physical-product manufacturer/brand,Safety equipment,HUNTSVILLE,AL,United States,https://www.sec.gov/cgi-bin/browse-edgar?action=getcompany&CIK=0000798081&owner=include&count=10,9cae3346e6543193420922e8450fd838cc01254b7a84b126f5e2de0007454749,2026-09-16,https://www.lakeland.com/,31b22787e768699c3cd3460ad386ebadfeacbe9ff24f835fdeaed4984d75253f,2026-09-29T23:35:05.122043+00:00,Manual review of company website/catalog text and business model; primary physical goods supported; no required exact revenue percentage.,1990-03-26,Archived 2010-12-31 active equity snapshot plus SEC issuer/security mapping,https://www.alphavantage.co/documentation/#listing-status,https://www.sec.gov/Archives/edgar/data/798081/0000914317-01-500037.txt,20010430,43ec1cbad85b4b437f61103042d0673bdd81a14d9699676b400edd1a9d742e6f,artifacts/primary_event_study_2010_2019_v1/ticker_history.csv,,Same SEC issuer with documented security interval; provider labels may reflect subsequent company renaming.,https://www.nasdaqtrader.com/dynamic/SymDir/nasdaqlisted.txt,2026-09-29,sector_expansion,323,27,23,2026-09-29,,,,primary physical-product business,verified_eligible,2026-09-29,Current US operational/principal HQ; not a year-by-year historical domicile classification,2010Q1,2019Q4,True,True,True,2013Q1,2019Q4,2012-06-14,2019-04-16,2013Q1,2019Q4,2012-06-14,2019-04-16,"Provider listing/security start, not founding date; see historical mapping evidence"
0000811596,0000811596,KAISER ALUMINUM CORP,KALU,NASDAQ,KALU,aluminum products,Physical-product manufacturer/brand,Metals,FRANKLIN,TN,United States,https://www.sec.gov/cgi-bin/browse-edgar?action=getcompany&CIK=0000811596&owner=include&count=10,d6207cbb5fa97bcc73e120e1052842206e479684cb0794ca9a24cfb82db59f41,2026-09-16,https://www.kaiseraluminum.com/,f67055fe004d88a57d9a11434eface486b4fb576582da808d8fdd5412f42fbb3,2026-09-29T23:35:27.691200+00:00,Manual review of company website/catalog text and business model; primary physical goods supported; no required exact revenue percentage.,2006-07-07,Archived 2010-12-31 active equity snapshot plus SEC issuer/security mapping,https://www.alphavantage.co/documentation/#listing-status,https://www.sec.gov/Archives/edgar/data/811596/0000811596-02-000005.txt,20020412,6b2a0ad746aa234222876dc2895b7b6330939bc5abb4994c8342158c76fba5b4,artifacts/primary_event_study_2010_2019_v1/ticker_history.csv,,Same SEC issuer with documented security interval; provider labels may reflect subsequent company renaming.,https://www.nasdaqtrader.com/dynamic/SymDir/nasdaqlisted.txt,2026-09-29,sector_expansion,324,36,36,2026-09-29,,,,primary physical-product business,verified_eligible,2026-09-29,Current US operational/principal HQ; not a year-by-year historical domicile classification,2010Q1,2019Q4,True,True,True,2010Q1,2019Q4,2010-04-28,2020-02-19,2010Q1,2019Q4,2010-04-28,2020-02-19,"Provider listing/security start, not founding date; see historical mapping evidence"
0000812074,0000812074,"O-I Glass, Inc. /DE/",OI,NYSE,OI,glass containers,Physical-product manufacturer/brand,Packaging,PERRYSBURG,OH,United States,https://www.sec.gov/cgi-bin/browse-edgar?action=getcompany&CIK=0000812074&owner=include&count=10,e9702dd8be18ce662d8b595c166aacef3633ebb86d75be7bf954dd74ef550524,2026-09-16,https://www.o-i.com/,70314295fba21adf5b670bd171907367e14d4ff0a40388749849def3f785b3da,2026-09-29T23:35:14.602207+00:00,Manual review of company website/catalog text and business model; primary physical goods supported; no required exact revenue percentage.,1991-12-11,Archived 2010-12-31 active equity snapshot plus SEC issuer/security mapping,https://www.alphavantage.co/documentation/#listing-status,https://www.sec.gov/Archives/edgar/data/812074/0000912057-01-506253.txt,20010402,47a7bac28023335941992d1bcdb2f53430605ad0ba411457b56ee5ba71686e84,artifacts/primary_event_study_2010_2019_v1/ticker_history.csv,,Same SEC issuer with documented security interval; provider labels may reflect subsequent company renaming.,https://www.nasdaqtrader.com/dynamic/SymDir/otherlisted.txt,2026-09-29,sector_expansion,325,37,37,2026-09-29,,,,primary physical-product business,verified_eligible,2026-09-29,Current US operational/principal HQ; not a year-by-year historical domicile classification,2010Q1,2019Q4,True,True,True,2010Q4,2019Q4,2011-01-26,2020-02-04,2010Q4,2019Q4,2011-01-26,2020-02-04,"Provider listing/security start, not founding date; see historical mapping evidence"
0000814453,0000814453,NEWELL BRANDS INC.,NWL,NASDAQ,NWL,household and commercial products,Physical-product manufacturer/brand,Consumer products,ATLANTA,GA,United States,https://www.sec.gov/cgi-bin/browse-edgar?action=getcompany&CIK=0000814453&owner=include&count=10,ec0b2534252ecd55003fe295633f452d99f2ce6544f47d2b53d1472aab386de9,2026-09-16,https://www.newellbrands.com/,5d6ce5c2b307e53b06671f4ebbf536d9e80848723fdea683b0ca6c5549f4fe10,2026-09-29T23:35:14.184496+00:00,Manual review of company website/catalog text and business model; primary physical goods supported; no required exact revenue percentage.,1984-07-19,Archived 2010-12-31 active equity snapshot plus SEC issuer/security mapping,https://www.alphavantage.co/documentation/#listing-status,https://www.sec.gov/Archives/edgar/data/814453/0000895813-01-000111.txt,20010327,42d2a1b294d141d94a374621c2aa643bb48b0b3eb034941697d1bb31012d94d8,artifacts/primary_event_study_2010_2019_v1/ticker_history.csv,,Same SEC issuer with documented security interval; provider labels may reflect subsequent company renaming.,https://www.nasdaqtrader.com/dynamic/SymDir/nasdaqlisted.txt,2026-09-29,sector_expansion,326,40,40,2026-09-29,,,,primary physical-product business,verified_eligible,2026-09-29,Current US operational/principal HQ; not a year-by-year historical domicile classification,2010Q1,2019Q4,True,True,True,2010Q1,2019Q4,2010-04-30,2020-02-14,2010Q1,2019Q4,2010-04-30,2020-02-14,"Provider listing/security start, not founding date; see historical mapping evidence"
0000815556,0000815556,FASTENAL CO,FAST,NASDAQ,FAST,fasteners and industrial supplies,Physical-product distribution,Industrial distribution,WINONA,MN,United States,https://www.sec.gov/cgi-bin/browse-edgar?action=getcompany&CIK=0000815556&owner=include&count=10,269f7cdcf6bfb349759d9f6b3eb3421cc0c8d1987aa6b2cab7d1defef52f61b5,2026-09-16,https://www.fastenal.com/,b88448ca16dd733032e14c9eafca73f042ad51948cc8e8ba15c048e22061cd46,2026-09-29,Manual review of company website/catalog text and business model; primary physical goods supported; no required exact revenue percentage.,1990-03-26,Archived 2010-12-31 active equity snapshot plus SEC issuer/security mapping,https://www.alphavantage.co/documentation/#listing-status,https://www.sec.gov/Archives/edgar/data/815556/0001045969-01-000283.txt,20010305,1fa96280e690eb5ece87f31cbe4cdde400a18d1f8c11765b65abd178d5d4ee38,artifacts/primary_event_study_2010_2019_v1/ticker_history.csv,,Same SEC issuer with documented security interval; provider labels may reflect subsequent company renaming.,https://www.nasdaqtrader.com/dynamic/SymDir/nasdaqlisted.txt,2026-09-29,sector_expansion,327,40,40,2026-09-29,,,,primary physical-product business,verified_eligible,2026-09-29,Current US operational/principal HQ; not a year-by-year historical domicile classification,2010Q1,2019Q4,True,True,True,2010Q1,2019Q4,2010-04-13,2020-01-17,2010Q1,2019Q4,2010-04-13,2020-01-17,"Provider listing/security start, not founding date; see historical mapping evidence"
0000819793,0000819793,ALBANY INTERNATIONAL CORP /DE/,AIN,NYSE,AIN,engineered fabrics and aerospace composites,Physical-product manufacturer/brand,Materials,ROCHESTER,NH,United States,https://www.sec.gov/cgi-bin/browse-edgar?action=getcompany&CIK=0000819793&owner=include&count=10,cf33fc90ff38fad46b50c8002615699bc93213fc5c7f7fc31b78a10df151d42a,2026-09-16,https://www.albint.com/,fd5f99b7609b7946b662102c762ea804d5303a5b8fcefeb98f8682d301edaf98,2026-09-29T23:35:33.388868+00:00,Manual review of company website/catalog text and business model; primary physical goods supported; no required exact revenue percentage.,1987-09-30,Archived 2010-12-31 active equity snapshot plus SEC issuer/security mapping,https://www.alphavantage.co/documentation/#listing-status,https://www.sec.gov/Archives/edgar/data/819793/0000912057-01-008148.txt,20010326,d39dadb6fd7e3172ed4bbeb61fb715b18984e75875d7d2018082cc0258ac6e8c,artifacts/primary_event_study_2010_2019_v1/ticker_history.csv,,Same SEC issuer with documented security interval; provider labels may reflect subsequent company renaming.,https://www.nasdaqtrader.com/dynamic/SymDir/otherlisted.txt,2026-09-29,sector_expansion,328,36,36,2026-09-29,,,,primary physical-product business,verified_eligible,2026-09-29,Current US operational/principal HQ; not a year-by-year historical domicile classification,2010Q1,2019Q4,True,True,True,2010Q1,2019Q4,2010-05-05,2020-02-10,2010Q1,2019Q4,2010-05-05,2020-02-10,"Provider listing/security start, not founding date; see historical mapping evidence"
0000821002,0000821002,G III APPAREL GROUP LTD /DE/,GIII,NASDAQ,GIII,apparel,Physical-product manufacturer/brand,Apparel and footwear,NEW YORK,NY,United States,https://www.sec.gov/cgi-bin/browse-edgar?action=getcompany&CIK=0000821002&owner=include&count=10,002dd27ed0e308ecb88c492f48b6015fd687f0e9cb71784574ce4825402843e4,2026-09-16,https://www.giii.com/,feff5377ff0466c07a9708c70ceb84f5d3952c8db4fbd6bf95a9e08794a87e74,2026-09-29T23:35:50.976643+00:00,Manual review of company website/catalog text and business model; primary physical goods supported; no required exact revenue percentage.,1990-03-26,Archived 2010-12-31 active equity snapshot plus SEC issuer/security mapping,https://www.alphavantage.co/documentation/#listing-status,https://www.sec.gov/Archives/edgar/data/821002/0000950117-01-500129.txt,20010427,efffe012e243cf457d612e0aed4666fdd670d6495dc5ec6687d7941e2ab3e95e,artifacts/primary_event_study_2010_2019_v1/ticker_history.csv,,Same SEC issuer with documented security interval; provider labels may reflect subsequent company renaming.,https://www.nasdaqtrader.com/dynamic/SymDir/nasdaqlisted.txt,2026-09-29,sector_expansion,329,30,30,2026-09-29,,,,primary physical-product business,verified_eligible,2026-09-29,Current US operational/principal HQ; not a year-by-year historical domicile classification,2010Q1,2019Q4,True,True,True,2010Q2,2019Q4,2009-09-03,2019-03-21,2010Q2,2019Q4,2009-09-03,2019-03-21,"Provider listing/security start, not founding date; see historical mapping evidence"
0000822663,0000822663,INTERPARFUMS INC,IPAR,NASDAQ,IPAR,fragrances,Physical-product manufacturer/brand,Consumer products,NEW YORK,NY,United States,https://www.sec.gov/cgi-bin/browse-edgar?action=getcompany&CIK=0000822663&owner=include&count=10,209b75a88cefa067935d5e587bf2b3e3aa0c7054fbc25bd3b7a236c649ddf52e,2026-09-16,https://www.interparfumsinc.com/,76137efa91610f205e29fe86386e916c0790a13d815558817dbcb541bda32ed9,2026-09-29T23:35:45.500632+00:00,Manual review of company website/catalog text and business model; primary physical goods supported; no required exact revenue percentage.,1991-08-20,Archived 2010-12-31 active equity snapshot plus SEC issuer/security mapping,https://www.alphavantage.co/documentation/#listing-status,https://www.sec.gov/Archives/edgar/data/822663/0000822663-04-000023.txt,20040330,8b7a4aad5cace78bf1b78b0a360285bf8ae49d3c690ec4f39c52cc81f4ff4881,artifacts/primary_event_study_2010_2019_v1/ticker_history.csv,,Same SEC issuer with documented security interval; provider labels may reflect subsequent company renaming.,https://www.nasdaqtrader.com/dynamic/SymDir/nasdaqlisted.txt,2026-09-29,sector_expansion,330,33,33,2026-09-29,,,,primary physical-product business,verified_eligible,2026-09-29,Current US operational/principal HQ; not a year-by-year historical domicile classification,2010Q1,2019Q4,True,True,True,2011Q4,2019Q4,2012-03-12,2020-03-02,2011Q4,2019Q4,2012-03-12,2020-03-02,"Provider listing/security start, not founding date; see historical mapping evidence"
0000825542,0000825542,SCOTTS MIRACLE-GRO CO,SMG,NYSE,SMG,lawn and garden products,Physical-product manufacturer/brand,Consumer products,MARYSVILLE,OH,United States,https://www.sec.gov/cgi-bin/browse-edgar?action=getcompany&CIK=0000825542&owner=include&count=10,be2fa0676214c8539623ed8480767643582466478bcfa264f6e0be4a3573f0f2,2026-09-16,https://scottsmiraclegro.com/en-us/home,a255d50ee71c7d6fccea21199556fde4c0a33ff303f4db01e5a0d2ef5393f8dc,2026-09-29T23:35:48.251864+00:00,Manual review of company website/catalog text and business model; primary physical goods supported; no required exact revenue percentage.,1992-01-31,Archived 2010-12-31 active equity snapshot plus SEC issuer/security mapping,https://www.alphavantage.co/documentation/#listing-status,https://www.sec.gov/Archives/edgar/data/825542/0000950123-03-013672.txt,20031211,6d36fb641163a3d33c601f5592c2990744fc1357a7659d83372bf474113c57f6,artifacts/primary_event_study_2010_2019_v1/ticker_history.csv,,Same SEC issuer with documented security interval; provider labels may reflect subsequent company renaming.,https://www.nasdaqtrader.com/dynamic/SymDir/otherlisted.txt,2026-09-29,sector_expansion,331,35,35,2026-09-29,,,,primary physical-product business,verified_eligible,2026-09-29,Current US operational/principal HQ; not a year-by-year historical domicile classification,2010Q1,2019Q4,True,True,True,2010Q1,2019Q4,2010-02-02,2019-11-06,2010Q1,2019Q4,2010-02-02,2019-11-06,"Provider listing/security start, not founding date; see historical mapping evidence"
0000834365,0000834365,BIOLIFE SOLUTIONS INC,BLFS,NASDAQ,BLFS,biopreservation and cold chain products,Physical-product manufacturer/brand,Medical and laboratory,BOTHELL,WA,United States,https://www.sec.gov/cgi-bin/browse-edgar?action=getcompany&CIK=0000834365&owner=include&count=10,9a46dd623bcb7269bb9d7198331cc131a9e1526676001adcb28d8144e9e97827,2026-09-16,https://biolifesolutions.com/,eb4218e5359ad6726477dcfcd88fdc71d547a1171c84496e7b68e58995674f6e,2026-09-29T23:35:06.264891+00:00,Manual review of company website/catalog text and business model; primary physical goods supported; no required exact revenue percentage.,1992-05-26,Archived 2010-12-31 active equity snapshot plus SEC issuer/security mapping,https://www.alphavantage.co/documentation/#listing-status,,,,artifacts/primary_event_study_2010_2019_v1/ticker_history.csv,,Same SEC issuer with documented security interval; provider labels may reflect subsequent company renaming.,https://www.nasdaqtrader.com/dynamic/SymDir/nasdaqlisted.txt,2026-09-29,sector_expansion,332,22,22,2026-09-29,,,,primary physical-product business,verified_eligible,2026-09-29,Current US operational/principal HQ; not a year-by-year historical domicile classification,2010Q1,2019Q4,True,True,True,2014Q2,2019Q4,2014-08-07,2020-03-11,2014Q2,2019Q4,2014-08-07,2020-03-11,"Provider listing/security start, not founding date; see historical mapping evidence"
0000836157,0000836157,LINDSAY CORP,LNN,NYSE,LNN,irrigation and road infrastructure equipment,Physical-product manufacturer/brand,Machinery,OMAHA,NE,United States,https://www.sec.gov/cgi-bin/browse-edgar?action=getcompany&CIK=0000836157&owner=include&count=10,b23109b425a135f55c3f1701fac0489eeba31a8f52816be784376218c42c2a9d,2026-09-16,https://www.lindsay.com/usca/en/,ac2a4d29a5ea92cad9524da15dd36a1e8f9052b697b22bf87795071d4e529bf2,2026-09-29T23:34:29.930585+00:00,Manual review of company website/catalog text and business model; primary physical goods supported; no required exact revenue percentage.,1990-03-26,Archived 2010-12-31 active equity snapshot plus SEC issuer/security mapping,https://www.alphavantage.co/documentation/#listing-status,https://www.sec.gov/Archives/edgar/data/836157/0000950137-01-504906.txt,20011129,09cf7d608b9d5affceefade67fafd1f0fd3ae32040f5977efc3283d6ad74438d,artifacts/primary_event_study_2010_2019_v1/ticker_history.csv,,Same SEC issuer with documented security interval; provider labels may reflect subsequent company renaming.,https://www.nasdaqtrader.com/dynamic/SymDir/otherlisted.txt,2026-09-29,sector_expansion,333,40,40,2026-09-29,,,,primary physical-product business,verified_eligible,2026-09-29,Current US operational/principal HQ; not a year-by-year historical domicile classification,2010Q1,2019Q4,True,True,True,2010Q1,2019Q4,2009-12-22,2019-10-29,2010Q1,2019Q4,2009-12-22,2019-10-29,"Provider listing/security start, not founding date; see historical mapping evidence"
0000842023,0000842023,BIO-TECHNE Corp,TECH,NASDAQ,TECH,biological reagents and instruments,Physical-product manufacturer/brand,Medical and laboratory,MINNEAPOLIS,MN,United States,https://www.sec.gov/cgi-bin/browse-edgar?action=getcompany&CIK=0000842023&owner=include&count=10,3305966cf5cf852b4fc7be6aa05f444e6bfe42a46c54dc77332aace5fadc09cc,2026-09-16,https://investors.bio-techne.com/profile,b88448ca16dd733032e14c9eafca73f042ad51948cc8e8ba15c048e22061cd46,2026-09-29,Manual review of company website/catalog text and business model; primary physical goods supported; no required exact revenue percentage.,1992-12-09,Archived 2010-12-31 active equity snapshot plus SEC issuer/security mapping,https://www.alphavantage.co/documentation/#listing-status,https://www.sec.gov/Archives/edgar/data/842023/0000842023-01-500014.txt,20010927,1a8419d7c1d0e89e2b4891865dfbc632ca40c476e01d128368da501ee26b2fb7,artifacts/primary_event_study_2010_2019_v1/ticker_history.csv,,Same SEC issuer with documented security interval; provider labels may reflect subsequent company renaming.,https://www.nasdaqtrader.com/dynamic/SymDir/nasdaqlisted.txt,2026-09-29,sector_expansion,334,24,24,2026-09-29,,,,primary physical-product business,verified_eligible,2026-09-29,Current US operational/principal HQ; not a year-by-year historical domicile classification,2010Q1,2019Q4,True,True,True,2014Q1,2019Q4,2013-10-29,2019-08-06,2014Q1,2019Q4,2013-10-29,2019-08-06,"Provider listing/security start, not founding date; see historical mapping evidence"
0000842162,0000842162,LEAR CORP,LEA,NYSE,LEA,vehicle seating and electrical systems,Physical-product manufacturer/brand,Automotive components,SOUTHFIELD,MI,United States,https://www.sec.gov/cgi-bin/browse-edgar?action=getcompany&CIK=0000842162&owner=include&count=10,20b4658d7bd2e81a6db07d6b61f9c91f1f8ae1d9a4bdc8c2a8bcaf9b05c98e5d,2026-09-16,https://www.lear.com/,9143f0cf5eba103b90406974beac0346942f010cb81ffd3b4f3649d59757e320,2026-09-29T23:34:47.503360+00:00,Manual review of company website/catalog text and business model; primary physical goods supported; no required exact revenue percentage.,2009-11-09,Archived 2010-12-31 active equity snapshot plus SEC issuer/security mapping,https://www.alphavantage.co/documentation/#listing-status,https://www.sec.gov/Archives/edgar/data/842162/0000950124-02-000856.txt,20020318,15509018c6e67c6e3aca02116f3e1dc9c502f6f0ff448cbec827ffe5f3883e25,artifacts/primary_event_study_2010_2019_v1/ticker_history.csv,,Same SEC issuer with documented security interval; provider labels may reflect subsequent company renaming.,https://www.nasdaqtrader.com/dynamic/SymDir/otherlisted.txt,2026-09-29,sector_expansion,335,40,38,2026-09-29,,,,primary physical-product business,verified_eligible,2026-09-29,Current US operational/principal HQ; not a year-by-year historical domicile classification,2010Q1,2019Q4,True,True,True,2010Q1,2019Q4,2010-05-06,2020-01-28,2010Q3,2019Q4,2010-10-28,2020-01-28,"Provider listing/security start, not founding date; see historical mapping evidence"
0000842633,0000842633,TRIMAS CORP,TRS,NASDAQ,TRS,packaging and aerospace components,Physical-product manufacturer/brand,Industrial components,BLOOMFIELD HILLS,MI,United States,https://www.sec.gov/cgi-bin/browse-edgar?action=getcompany&CIK=0000842633&owner=include&count=10,7ec88f81f64efdd22c2148e7e7754b5ab68a98f6728d486287e5637db3c745c8,2026-09-16,https://trimas.com/,85b54449b734855e13602949c3fece6c1a1ffd9504aa12385323fb5f0a7040a2,2026-09-29T23:34:41.261672+00:00,Manual review of company website/catalog text and business model; primary physical goods supported; no required exact revenue percentage.,2007-05-18,Archived 2010-12-31 active equity snapshot plus SEC issuer/security mapping,https://www.alphavantage.co/documentation/#listing-status,https://www.sec.gov/Archives/edgar/data/842633/0000950136-03-000744.txt,20030331,bea1d69d3dd32d270174026d3f8bf33079704c827fc51bf4e47149e2db4a6c60,artifacts/primary_event_study_2010_2019_v1/ticker_history.csv,,Same SEC issuer with documented security interval; provider labels may reflect subsequent company renaming.,https://www.nasdaqtrader.com/dynamic/SymDir/nasdaqlisted.txt,2026-09-29,sector_expansion,336,33,33,2026-09-29,,,,primary physical-product business,verified_eligible,2026-09-29,Current US operational/principal HQ; not a year-by-year historical domicile classification,2010Q1,2019Q4,True,True,True,2011Q4,2019Q4,2012-02-27,2020-02-27,2011Q4,2019Q4,2012-02-27,2020-02-27,"Provider listing/security start, not founding date; see historical mapping evidence"
0000849869,0000849869,SILGAN HOLDINGS INC,SLGN,NYSE,SLGN,metal containers and closures,Physical-product manufacturer/brand,Packaging,NORWALK,CT,United States,https://www.sec.gov/cgi-bin/browse-edgar?action=getcompany&CIK=0000849869&owner=include&count=10,ddd74f252fce97726532b6f745767205b3be61759d7b98491c3c011c3b6668ca,2026-09-16,https://www.silganholdings.com/home/default.aspx,bc7f2569781762cd114836f16106ca8ad1becc12737d3daa1307a10e2a8a5b91,2026-09-29T23:35:32.405346+00:00,Manual review of company website/catalog text and business model; primary physical goods supported; no required exact revenue percentage.,1997-02-14,Archived 2010-12-31 active equity snapshot plus SEC issuer/security mapping,https://www.alphavantage.co/documentation/#listing-status,https://www.sec.gov/Archives/edgar/data/849869/0000849869-01-000002.txt,20010329,1106c02cd511c720214c565677124c6f03ce4b484e2a9fa341b6189b6750b45c,artifacts/primary_event_study_2010_2019_v1/ticker_history.csv,,Same SEC issuer with documented security interval; provider labels may reflect subsequent company renaming.,https://www.nasdaqtrader.com/dynamic/SymDir/otherlisted.txt,2026-09-29,sector_expansion,337,35,35,2026-09-29,,,,primary physical-product business,verified_eligible,2026-09-29,Current US operational/principal HQ; not a year-by-year historical domicile classification,2010Q1,2019Q4,True,True,True,2011Q2,2019Q4,2011-07-27,2020-01-28,2011Q2,2019Q4,2011-07-27,2020-01-28,"Provider listing/security start, not founding date; see historical mapping evidence"
0000851968,0000851968,MOHAWK INDUSTRIES INC,MHK,NYSE,MHK,flooring products,Physical-product manufacturer/brand,Building products,CALHOUN,GA,United States,https://www.sec.gov/cgi-bin/browse-edgar?action=getcompany&CIK=0000851968&owner=include&count=10,cfd429d280e653ec5ade3c94579e00e730f7d1b8534c8fb3de2a8b0f9029bc7c,2026-09-16,https://mohawkind.com/,13b331e672546869431ec38427cc441b61c74319eaccbd5d662b7e9f719ed0d0,2026-09-29T23:35:33.655533+00:00,Manual review of company website/catalog text and business model; primary physical goods supported; no required exact revenue percentage.,1992-04-01,Archived 2010-12-31 active equity snapshot plus SEC issuer/security mapping,https://www.alphavantage.co/documentation/#listing-status,https://www.sec.gov/Archives/edgar/data/851968/0000851968-03-000015.txt,20030225,721dd09207ef48cec6b57753c897f2a2c82e0baa8aa7d4513250da96820e5666,artifacts/primary_event_study_2010_2019_v1/ticker_history.csv,,Same SEC issuer with documented security interval; provider labels may reflect subsequent company renaming.,https://www.nasdaqtrader.com/dynamic/SymDir/otherlisted.txt,2026-09-29,sector_expansion,338,39,39,2026-09-29,,,,primary physical-product business,verified_eligible,2026-09-29,Current US operational/principal HQ; not a year-by-year historical domicile classification,2010Q1,2019Q4,True,True,True,2010Q1,2019Q4,2010-04-29,2020-02-13,2010Q1,2019Q4,2010-04-29,2020-02-13,"Provider listing/security start, not founding date; see historical mapping evidence"
0000861884,0000861884,"RELIANCE, INC.",RS,NYSE,RS,metal products,Physical-product distribution,Metals distribution,PHOENIX,AZ,United States,https://www.sec.gov/cgi-bin/browse-edgar?action=getcompany&CIK=0000861884&owner=include&count=10,21c4a767ce6499e37f5fd3c40f2aefa2f07bb588253218f6ac1864e8a5ced591,2026-09-16,https://www.reliance.com/,106b100f30cb4db126be6f32dceb9597e7c40c2cdaa24a83692d92b44661d57a,2026-09-29T23:35:55.135686+00:00,Manual review of company website/catalog text and business model; primary physical goods supported; no required exact revenue percentage.,1994-09-16,Archived 2010-12-31 active equity snapshot plus SEC issuer/security mapping,https://www.alphavantage.co/documentation/#listing-status,https://www.sec.gov/Archives/edgar/data/861884/0000950150-01-000100.txt,20010329,91de99261b5f4a63261cb4a9cc0c565d813dde5eed6b8a68f8f3bd35f9cdb175,artifacts/primary_event_study_2010_2019_v1/ticker_history.csv,,Same SEC issuer with documented security interval; provider labels may reflect subsequent company renaming.,https://www.nasdaqtrader.com/dynamic/SymDir/otherlisted.txt,2026-09-29,sector_expansion,339,33,33,2026-09-29,,,,primary physical-product business,verified_eligible,2026-09-29,Current US operational/principal HQ; not a year-by-year historical domicile classification,2010Q1,2019Q4,True,True,True,2011Q2,2019Q4,2011-07-28,2020-02-20,2011Q2,2019Q4,2011-07-28,2020-02-20,"Provider listing/security start, not founding date; see historical mapping evidence"
0000874716,0000874716,IDEXX LABORATORIES INC /DE,IDXX,NASDAQ,IDXX,veterinary diagnostic products,Physical-product manufacturer/brand,Medical and laboratory,WESTBROOK,ME,United States,https://www.sec.gov/cgi-bin/browse-edgar?action=getcompany&CIK=0000874716&owner=include&count=10,c4614026c83eda0086208960af787048722e76d8dea75d95669661079f555cd3,2026-09-16,https://www.idexx.com/en/,92e4756c1f6a033fd39d595083ef861cd179ef2e6277df24e726fafaad14f35a,2026-09-29T23:35:08.589994+00:00,Manual review of company website/catalog text and business model; primary physical goods supported; no required exact revenue percentage.,1991-06-24,Archived 2010-12-31 active equity snapshot plus SEC issuer/security mapping,https://www.alphavantage.co/documentation/#listing-status,https://www.sec.gov/Archives/edgar/data/874716/0000874716-01-500005.txt,20010329,edfc16a18bd4fa4aa47a838cbb55be3f4a16d3332fa7029663679dd3fc721361,artifacts/primary_event_study_2010_2019_v1/ticker_history.csv,,Same SEC issuer with documented security interval; provider labels may reflect subsequent company renaming.,https://www.nasdaqtrader.com/dynamic/SymDir/nasdaqlisted.txt,2026-09-29,sector_expansion,342,35,35,2026-09-29,,,,primary physical-product business,verified_eligible,2026-09-29,Current US operational/principal HQ; not a year-by-year historical domicile classification,2010Q1,2019Q4,True,True,True,2011Q2,2019Q4,2011-07-22,2020-01-31,2011Q2,2019Q4,2011-07-22,2020-01-31,"Provider listing/security start, not founding date; see historical mapping evidence"
0000875582,0000875582,NORTHERN TECHNOLOGIES INTERNATIONAL CORP,NTIC,NASDAQ,NTIC,corrosion protection and bioplastic products,Physical-product manufacturer/brand,Materials,CIRCLE PINES,MN,United States,https://www.sec.gov/cgi-bin/browse-edgar?action=getcompany&CIK=0000875582&owner=include&count=10,beedf4319d4e65ce2bf35cb4c90895af9487b3eb00acfc2f6c1ccc5aee872386,2026-09-16,https://www.ntic.com/,b6d04e117f80a35c72b7a5944b07e0cad67566be9877d46f8249af3b5d000d59,2026-09-29T23:34:42.027627+00:00,Manual review of company website/catalog text and business model; primary physical goods supported; no required exact revenue percentage.,1993-09-13,Archived 2010-12-31 active equity snapshot plus SEC issuer/security mapping,https://www.alphavantage.co/documentation/#listing-status,,,,artifacts/primary_event_study_2010_2019_v1/ticker_history.csv,,Same SEC issuer with documented security interval; provider labels may reflect subsequent company renaming.,https://www.nasdaqtrader.com/dynamic/SymDir/nasdaqlisted.txt,2026-09-29,sector_expansion,343,21,21,2026-09-29,,,,primary physical-product business,verified_eligible,2026-09-29,Current US operational/principal HQ; not a year-by-year historical domicile classification,2010Q1,2019Q4,True,True,True,2014Q4,2019Q4,2014-11-12,2019-11-12,2014Q4,2019Q4,2014-11-12,2019-11-12,"Provider listing/security start, not founding date; see historical mapping evidence"
0000879526,0000879526,WABASH NATIONAL Corp,WNC,NYSE,WNC,trailers and transportation equipment,Physical-product manufacturer/brand,Vehicles,LAFAYETTE,IN,United States,https://www.sec.gov/cgi-bin/browse-edgar?action=getcompany&CIK=0000879526&owner=include&count=10,2c0ed2481142243640be0401c4e6e7a0e0c98e9f7b43a43f1344769e285badcc,2026-09-16,https://www.onewabash.com/,978fd6210aaca7683a6a95c3ccabedc412e0ee40bc1225d542ceffaece51258c,2026-09-29T23:34:53.412143+00:00,Manual review of company website/catalog text and business model; primary physical goods supported; no required exact revenue percentage.,1991-11-08,Archived 2010-12-31 active equity snapshot plus SEC issuer/security mapping,https://www.alphavantage.co/documentation/#listing-status,https://www.sec.gov/Archives/edgar/data/879526/0000950137-01-000944.txt,20010329,855bc452de7880961e8c922c6543cd2164de0d7532d4de85e67f1d916de76868,artifacts/primary_event_study_2010_2019_v1/ticker_history.csv,,Same SEC issuer with documented security interval; provider labels may reflect subsequent company renaming.,https://www.nasdaqtrader.com/dynamic/SymDir/otherlisted.txt,2026-09-29,sector_expansion,344,32,32,2026-09-29,,,,primary physical-product business,verified_eligible,2026-09-29,Current US operational/principal HQ; not a year-by-year historical domicile classification,2010Q1,2019Q4,True,True,True,2012Q1,2019Q4,2012-04-30,2020-02-12,2012Q1,2019Q4,2012-04-30,2020-02-12,"Provider listing/security start, not founding date; see historical mapping evidence"
0000880266,0000880266,AGCO CORP /DE,AGCO,NYSE,AGCO,tractors and agricultural machinery,Physical-product manufacturer/brand,Machinery,DULUTH,GA,United States,https://www.sec.gov/cgi-bin/browse-edgar?action=getcompany&CIK=0000880266&owner=include&count=10,dc5bc5239c07dc889db56e853b6f6e387f7299fa88dc7586bdf5a6e2ffba7cc8,2026-09-16,https://www.agcocorp.com/us/en/home.html,61bab779f54c73fb230af860cd0e8f14ae0cb36759cf703541c8d40056b21545,2026-09-29T23:34:29.410413+00:00,Manual review of company website/catalog text and business model; primary physical goods supported; no required exact revenue percentage.,1992-04-20,Archived 2010-12-31 active equity snapshot plus SEC issuer/security mapping,https://www.alphavantage.co/documentation/#listing-status,https://www.sec.gov/Archives/edgar/data/880266/0000950144-03-003218.txt,20030317,82648550aa2bcf1eb8d607fb77300d652a023ee0dc1884c6e1fd65a5f434c6e5,artifacts/primary_event_study_2010_2019_v1/ticker_history.csv,,Same SEC issuer with documented security interval; provider labels may reflect subsequent company renaming.,https://www.nasdaqtrader.com/dynamic/SymDir/otherlisted.txt,2026-09-29,sector_expansion,345,35,35,2026-09-29,,,,primary physical-product business,verified_eligible,2026-09-29,Current US operational/principal HQ; not a year-by-year historical domicile classification,2010Q1,2019Q4,True,True,True,2011Q2,2019Q4,2011-07-28,2020-02-06,2011Q2,2019Q4,2011-07-28,2020-02-06,"Provider listing/security start, not founding date; see historical mapping evidence"
0000883569,0000883569,"Fossil Group, Inc.",FOSL,NASDAQ,FOSL,watches and accessories,Physical-product manufacturer/brand,Consumer products,RICHARDSON,TX,United States,https://www.sec.gov/cgi-bin/browse-edgar?action=getcompany&CIK=0000883569&owner=include&count=10,9e2127c7fc88ffb1d4e79f47dceda6083b5f02c4b736ba8a65530805d9b10ece,2026-09-16,https://www.fossilgroup.com/?wordfence_syncAttackData=1788997991.7296,dae54458f8cf7f383752d1ba6c272c6117dc28d56b210c05a1f776000a30e87b,2026-09-29,Manual review of company website/catalog text and business model; primary physical goods supported; no required exact revenue percentage.,1993-04-08,Archived 2010-12-31 active equity snapshot plus SEC issuer/security mapping,https://www.alphavantage.co/documentation/#listing-status,https://www.sec.gov/Archives/edgar/data/883569/0000912057-01-505762.txt,20010330,b576cc57f85c3d89787e2849b68b8a14765036d33c0147c61e5aced0473d5142,artifacts/primary_event_study_2010_2019_v1/ticker_history.csv,,Same SEC issuer with documented security interval; provider labels may reflect subsequent company renaming.,https://www.nasdaqtrader.com/dynamic/SymDir/nasdaqlisted.txt,2026-09-29,sector_expansion,346,25,25,2026-09-29,,,,primary physical-product business,verified_eligible,2026-09-29,Current US operational/principal HQ; not a year-by-year historical domicile classification,2010Q1,2019Q4,True,True,True,2011Q2,2019Q4,2011-08-09,2020-02-26,2011Q2,2019Q4,2011-08-09,2020-02-26,"Provider listing/security start, not founding date; see historical mapping evidence"
0000891014,0000891014,MINERALS TECHNOLOGIES INC,MTX,NYSE,MTX,specialty minerals,Physical-product manufacturer/brand,Materials,NEW YORK,NY,United States,https://www.sec.gov/cgi-bin/browse-edgar?action=getcompany&CIK=0000891014&owner=include&count=10,e02a6bd9a90c9d4e378fae0e4abd1b8081bdc13c36bff37fdb6c14f03db027d4,2026-09-16,https://www.mineralstech.com/about/company-overview,db522b474b9db10b83676ab9d696682c4cc1828d720eb9612853b359c6ed90b7,2026-09-29,Manual review of company website/catalog text and business model; primary physical goods supported; no required exact revenue percentage.,1992-10-26,Archived 2010-12-31 active equity snapshot plus SEC issuer/security mapping,https://www.alphavantage.co/documentation/#listing-status,https://www.sec.gov/Archives/edgar/data/891014/0000891014-01-000006.txt,20010322,40fedf9f9dfa6704112f8f12c1ffc6830882e6676ba4090a0523d90d61f41ba7,artifacts/primary_event_study_2010_2019_v1/ticker_history.csv,,Same SEC issuer with documented security interval; provider labels may reflect subsequent company renaming.,https://www.nasdaqtrader.com/dynamic/SymDir/otherlisted.txt,2026-09-29,sector_expansion,347,33,33,2026-09-29,,,,primary physical-product business,verified_eligible,2026-09-29,Current US operational/principal HQ; not a year-by-year historical domicile classification,2010Q1,2019Q4,True,True,True,2011Q4,2019Q4,2012-02-02,2020-01-30,2011Q4,2019Q4,2012-02-02,2020-01-30,"Provider listing/security start, not founding date; see historical mapping evidence"
0000895456,0000895456,"ROCKY BRANDS, INC.",RCKY,NASDAQ,RCKY,footwear,Physical-product manufacturer/brand,Apparel and footwear,NELSONVILLE,OH,United States,https://www.sec.gov/cgi-bin/browse-edgar?action=getcompany&CIK=0000895456&owner=include&count=10,9df42c5845a55f4a10d9aae2ce37662c729fd5dca4b6ef8a110e540b4edf0d9e,2026-09-16,https://www.rockybrands.com/,202b83bd7d501246392d3a86764823fddf2b667f6cfec7480ffc1e0b813d1a29,2026-09-29T23:35:50.407421+00:00,Manual review of company website/catalog text and business model; primary physical goods supported; no required exact revenue percentage.,1993-02-03,Archived 2010-12-31 active equity snapshot plus SEC issuer/security mapping,https://www.alphavantage.co/documentation/#listing-status,https://www.sec.gov/Archives/edgar/data/895456/0000950152-01-500602.txt,20010402,9a2afc0bcabfa973d750f38e740bc7a8a1204fe0823f6ff6f915135263e69d6d,artifacts/primary_event_study_2010_2019_v1/ticker_history.csv,,Same SEC issuer with documented security interval; provider labels may reflect subsequent company renaming.,https://www.nasdaqtrader.com/dynamic/SymDir/nasdaqlisted.txt,2026-09-29,sector_expansion,348,40,40,2026-09-29,,,,primary physical-product business,verified_eligible,2026-09-29,Current US operational/principal HQ; not a year-by-year historical domicile classification,2010Q1,2019Q4,True,True,True,2010Q1,2019Q4,2010-04-22,2020-02-25,2010Q1,2019Q4,2010-04-22,2020-02-25,"Provider listing/security start, not founding date; see historical mapping evidence"
0000896156,0000896156,ETHAN ALLEN INTERIORS INC,ETD,NYSE,ETD,furniture,Physical-product manufacturer/brand,Furniture,DANBURY,CT,United States,https://www.sec.gov/cgi-bin/browse-edgar?action=getcompany&CIK=0000896156&owner=include&count=10,be0750a49ce28ecf426d21458995e67f87c4b33ae8c44f0d5b094f17beb9ed60,2026-09-16,https://www.ethanallen.com/,22e04f6177865cc0459022c9f8ef73510f72b2c8708fea4cad1a0bbdafaba6bf,2026-09-29T23:35:37.775766+00:00,Manual review of company website/catalog text and business model; primary physical goods supported; no required exact revenue percentage.,1993-03-16,Archived 2010-12-31 active equity snapshot plus SEC issuer/security mapping,https://www.alphavantage.co/documentation/#listing-status,https://www.sec.gov/Archives/edgar/data/896156/0000902561-01-500236.txt,20010917,86e0834f699d492272067d11ae93caa7f11cb80331faf33f9c9604b9d3bc43cf,artifacts/primary_event_study_2010_2019_v1/ticker_history.csv,,Same SEC issuer with documented security interval; provider labels may reflect subsequent company renaming.,https://www.nasdaqtrader.com/dynamic/SymDir/otherlisted.txt,2026-09-29,sector_expansion,349,33,33,2026-09-29,,,,primary physical-product business,verified_eligible,2026-09-29,Current US operational/principal HQ; not a year-by-year historical domicile classification,2010Q1,2019Q4,True,True,True,2010Q3,2019Q4,2010-04-28,2019-07-31,2010Q3,2019Q4,2010-04-28,2019-07-31,"Provider listing/security start, not founding date; see historical mapping evidence"
0000896622,0000896622,"APTARGROUP, INC.",ATR,NYSE,ATR,dispensing and drug delivery packaging,Physical-product manufacturer/brand,Packaging,CRYSTAL LAKE,IL,United States,https://www.sec.gov/cgi-bin/browse-edgar?action=getcompany&CIK=0000896622&owner=include&count=10,f35a9a9841b4993596e6dfa34381baba4a480e95db056c87309d313b13000e00,2026-09-16,https://www.aptar.com/en-us,7fdad9e697fc5902a83ddf2355efd516b95d6910a66248f1fd7e82a0a0f0ad4a,2026-09-29T23:35:12.620395+00:00,Manual review of company website/catalog text and business model; primary physical goods supported; no required exact revenue percentage.,1993-04-23,Archived 2010-12-31 active equity snapshot plus SEC issuer/security mapping,https://www.alphavantage.co/documentation/#listing-status,https://www.sec.gov/Archives/edgar/data/896622/0000950131-02-001029.txt,20020322,56ea7c81c161debbb9f5bef239714bd62a3eeb68bad42e0148b8674f96345181,artifacts/primary_event_study_2010_2019_v1/ticker_history.csv,,Same SEC issuer with documented security interval; provider labels may reflect subsequent company renaming.,https://www.nasdaqtrader.com/dynamic/SymDir/otherlisted.txt,2026-09-29,sector_expansion,350,35,35,2026-09-29,,,,primary physical-product business,verified_eligible,2026-09-29,Current US operational/principal HQ; not a year-by-year historical domicile classification,2010Q1,2019Q4,True,True,True,2011Q2,2019Q4,2011-07-19,2020-02-20,2011Q2,2019Q4,2011-07-19,2020-02-20,"Provider listing/security start, not founding date; see historical mapping evidence"
0000897077,0000897077,ALAMO GROUP INC,ALG,NYSE,ALG,vegetation maintenance and infrastructure equipment,Physical-product manufacturer/brand,Machinery,SEGUIN,TX,United States,https://www.sec.gov/cgi-bin/browse-edgar?action=getcompany&CIK=0000897077&owner=include&count=10,6f1cf860c2215577a3725395d36648f5292e923b7d37345608e54997f8a3a116,2026-09-16,https://www.alamo-group.com/,ab8bceeef8117bee7a4692f37fecb07e9e35744020f5365905087d2aa86f252c,2026-09-29T23:34:29.896446+00:00,Manual review of company website/catalog text and business model; primary physical goods supported; no required exact revenue percentage.,1993-03-19,Archived 2010-12-31 active equity snapshot plus SEC issuer/security mapping,https://www.alphavantage.co/documentation/#listing-status,https://www.sec.gov/Archives/edgar/data/897077/0000912057-01-505768.txt,20010330,17883c781442e31621571f2e7b3d81e21790c027078e88bdee0d9539506ddeed,artifacts/primary_event_study_2010_2019_v1/ticker_history.csv,,Same SEC issuer with documented security interval; provider labels may reflect subsequent company renaming.,https://www.nasdaqtrader.com/dynamic/SymDir/otherlisted.txt,2026-09-29,sector_expansion,351,26,26,2026-09-29,,,,primary physical-product business,verified_eligible,2026-09-29,Current US operational/principal HQ; not a year-by-year historical domicile classification,2010Q1,2019Q4,True,True,True,2013Q3,2019Q4,2013-11-07,2020-02-27,2013Q3,2019Q4,2013-11-07,2020-02-27,"Provider listing/security start, not founding date; see historical mapping evidence"
0000898437,0000898437,"Anika Therapeutics, Inc.",ANIK,NASDAQ,ANIK,orthopedic products,Physical-product manufacturer/brand,Medical devices,BEDFORD,MA,United States,https://www.sec.gov/cgi-bin/browse-edgar?action=getcompany&CIK=0000898437&owner=include&count=10,9a2d19a1013b11c683eec5a320c14a5ba2f9c6f4e584b502bcec336daae62edf,2026-09-16,https://anika.com/,bf9dc5e4700f248610887de3ba220139afccd282c439e450cd2109ac6ee075b7,2026-09-29T23:35:01.620998+00:00,Manual review of company website/catalog text and business model; primary physical goods supported; no required exact revenue percentage.,1993-05-04,Archived 2010-12-31 active equity snapshot plus SEC issuer/security mapping,https://www.alphavantage.co/documentation/#listing-status,https://www.sec.gov/Archives/edgar/data/898437/0000912057-01-506343.txt,20010402,7a02a921c7954d5b1a069e8ba959bde56e832d5cb19188b40ce86f5ff0500b05,artifacts/primary_event_study_2010_2019_v1/ticker_history.csv,,Same SEC issuer with documented security interval; provider labels may reflect subsequent company renaming.,https://www.nasdaqtrader.com/dynamic/SymDir/nasdaqlisted.txt,2026-09-29,sector_expansion,352,40,40,2026-09-29,,,,primary physical-product business,verified_eligible,2026-09-29,Current US operational/principal HQ; not a year-by-year historical domicile classification,2010Q1,2019Q4,True,True,True,2010Q1,2019Q4,2010-05-10,2020-02-20,2010Q1,2019Q4,2010-05-10,2020-02-20,"Provider listing/security start, not founding date; see historical mapping evidence"
0000899751,0000899751,TITAN INTERNATIONAL INC,TWI,NYSE,TWI,wheels and tires,Physical-product manufacturer/brand,Automotive components,WEST CHICAGO,IL,United States,https://www.sec.gov/cgi-bin/browse-edgar?action=getcompany&CIK=0000899751&owner=include&count=10,af9d862ee0ae3918e6af3a3bc9f67de901f62c96069f6e3f64b5a96c7b167aa5,2026-09-16,https://www.titan-intl.com/,3ab98916a2d4ce8063f439de79a4b8a04049601f505e49632971ad507913519a,2026-09-29T23:35:25.492102+00:00,Manual review of company website/catalog text and business model; primary physical goods supported; no required exact revenue percentage.,1993-05-20,Archived 2010-12-31 active equity snapshot plus SEC issuer/security mapping,https://www.alphavantage.co/documentation/#listing-status,https://www.sec.gov/Archives/edgar/data/899751/0000950124-04-000565.txt,20040227,186ba5a0b6739c185fed7d33d51907fbc58c7b5f1c758b20486101138d747d94,artifacts/primary_event_study_2010_2019_v1/ticker_history.csv,,Same SEC issuer with documented security interval; provider labels may reflect subsequent company renaming.,https://www.nasdaqtrader.com/dynamic/SymDir/otherlisted.txt,2026-09-29,sector_expansion,353,36,36,2026-09-29,,,,primary physical-product business,verified_eligible,2026-09-29,Current US operational/principal HQ; not a year-by-year historical domicile classification,2010Q1,2019Q4,True,True,True,2010Q1,2019Q4,2010-04-26,2020-03-04,2010Q1,2019Q4,2010-04-26,2020-03-04,"Provider listing/security start, not founding date; see historical mapping evidence"
0000903129,0000903129,Gentherm Inc,THRM,NASDAQ,ARGN;THRM,thermal management products,Physical-product manufacturer/brand,Automotive components,NOVI,MI,United States,https://www.sec.gov/cgi-bin/browse-edgar?action=getcompany&CIK=0000903129&owner=include&count=10,49014a4d1b7426a0bec33ec67e5ad6280e24db49d8e17caa7d60c53365b59382,2026-09-16,https://gentherm.com/en/,a7e3bc90a92c131eb83a94b0dac46448be56036ceb49947cf1df974111779e74,2026-09-29T23:34:52.522675+00:00,Manual review of company website/catalog text and business model; primary physical goods supported; no required exact revenue percentage.,1993-06-10,Archived 2010-12-31 active equity snapshot plus SEC issuer/security mapping,https://www.alphavantage.co/documentation/#listing-status,https://www.sec.gov/Archives/edgar/data/903129/0000898430-01-001203.txt,20010402,077b50d0cdbcc0efd918b3669482205762d23665645557feb008e36cb13e38b0,https://ir.gentherm.com/news-releases/news-release-details/gentherm-new-trading-symbol-effective-today/,,"Continuing SEC issuer/security, corporate name and ticker change; do not substitute a separately spun-off issuer.",https://www.nasdaqtrader.com/dynamic/SymDir/nasdaqlisted.txt,2026-09-29,sector_expansion,354,36,36,2026-09-29,,,2012-06-13,primary physical-product business,verified_eligible,2026-09-29,Current US operational/principal HQ; not a year-by-year historical domicile classification,2010Q1,2019Q4,True,True,True,2010Q1,2019Q4,2010-04-27,2020-02-19,2010Q1,2019Q4,2010-04-27,2020-02-19,"Provider listing/security start, not founding date; see historical mapping evidence"
0000908255,0000908255,BORGWARNER INC,BWA,NYSE,BWA,vehicle propulsion components,Physical-product manufacturer/brand,Automotive components,AUBURN HILLS,MI,United States,https://www.sec.gov/cgi-bin/browse-edgar?action=getcompany&CIK=0000908255&owner=include&count=10,ac8f7417ea0c5e484f7af49fd78a2c6c81b43e770a996128d384e9072fdf70e3,2026-09-16,https://www.borgwarner.com/home,3223e4622a8696a59109e7fc9794791a8f063beafcba559815adaa4af2b9b39d,2026-09-29T23:34:44.815165+00:00,Manual review of company website/catalog text and business model; primary physical goods supported; no required exact revenue percentage.,1993-08-13,Archived 2010-12-31 active equity snapshot plus SEC issuer/security mapping,https://www.alphavantage.co/documentation/#listing-status,https://www.sec.gov/Archives/edgar/data/908255/0000908255-02-000040.txt,20020325,9f6b56b3462f60467196bea82df392d681e733bf8a6911db97fe644e5376c579,artifacts/primary_event_study_2010_2019_v1/ticker_history.csv,,Same SEC issuer with documented security interval; provider labels may reflect subsequent company renaming.,https://www.nasdaqtrader.com/dynamic/SymDir/otherlisted.txt,2026-09-29,sector_expansion,355,34,34,2026-09-29,,,,primary physical-product business,verified_eligible,2026-09-29,Current US operational/principal HQ; not a year-by-year historical domicile classification,2010Q1,2019Q4,True,True,True,2011Q2,2019Q4,2011-07-28,2020-02-13,2011Q2,2019Q4,2011-07-28,2020-02-13,"Provider listing/security start, not founding date; see historical mapping evidence"
0000910521,0000910521,DECKERS OUTDOOR CORP,DECK,NYSE,DECK,footwear,Physical-product manufacturer/brand,Apparel and footwear,GOLETA,CA,United States,https://www.sec.gov/cgi-bin/browse-edgar?action=getcompany&CIK=0000910521&owner=include&count=10,07fcc71f56201ce8742745dbab961c3daa6596845cf728cc9d49d8f6caea4cde,2026-09-16,https://www.deckers.com/,2c00de9501633aeeee9442cc4de62bf3280797434f47a5061dc9ff8b0177161b,2026-09-29T23:35:49.596597+00:00,Manual review of company website/catalog text and business model; primary physical goods supported; no required exact revenue percentage.,1993-10-15,Archived 2010-12-31 active equity snapshot plus SEC issuer/security mapping,https://www.alphavantage.co/documentation/#listing-status,https://www.sec.gov/Archives/edgar/data/910521/0000950148-01-000493.txt,20010330,6f932ed54edb13c1aba9a6bfe19d824d96d6b7067795ac99e183610548777106,artifacts/primary_event_study_2010_2019_v1/ticker_history.csv,,Same SEC issuer with documented security interval; provider labels may reflect subsequent company renaming.,https://www.nasdaqtrader.com/dynamic/SymDir/otherlisted.txt,2026-09-29,sector_expansion,356,34,34,2026-09-29,,,,primary physical-product business,verified_eligible,2026-09-29,Current US operational/principal HQ; not a year-by-year historical domicile classification,2010Q1,2019Q4,True,True,True,2010Q1,2019Q4,2009-07-23,2019-05-23,2010Q1,2019Q4,2009-07-23,2019-05-23,"Provider listing/security start, not founding date; see historical mapping evidence"
0000912562,0000912562,"GIBRALTAR INDUSTRIES, INC.",ROCK,NASDAQ,ROCK,building and infrastructure products,Physical-product manufacturer/brand,Building products,BUFFALO,NY,United States,https://www.sec.gov/cgi-bin/browse-edgar?action=getcompany&CIK=0000912562&owner=include&count=10,64fcf7a3825b45ecf5fa79cc1abb2c942485a714e36a76433a2acde8c6da3599,2026-09-16,https://www.gibraltar1.com/,648bde45243aaba86403911ea10df8825b77c6feb42db599b0e5cafbada5c457,2026-09-29T23:35:19.085972+00:00,Manual review of company website/catalog text and business model; primary physical goods supported; no required exact revenue percentage.,1993-11-05,Archived 2010-12-31 active equity snapshot plus SEC issuer/security mapping,https://www.alphavantage.co/documentation/#listing-status,https://www.sec.gov/Archives/edgar/data/912562/0000904802-02-000006.txt,20020328,0952e1b2ba7f2ca64ca690de733cb0e6bee9f62b173d6ee7a9e3ead39b91d041,artifacts/primary_event_study_2010_2019_v1/ticker_history.csv,,Same SEC issuer with documented security interval; provider labels may reflect subsequent company renaming.,https://www.nasdaqtrader.com/dynamic/SymDir/nasdaqlisted.txt,2026-09-29,sector_expansion,357,33,33,2026-09-29,,,,primary physical-product business,verified_eligible,2026-09-29,Current US operational/principal HQ; not a year-by-year historical domicile classification,2010Q1,2019Q4,True,True,True,2011Q4,2019Q4,2012-02-23,2020-02-28,2011Q4,2019Q4,2012-02-23,2020-02-28,"Provider listing/security start, not founding date; see historical mapping evidence"
0000912767,0000912767,UFP INDUSTRIES INC,UFPI,NASDAQ,UFPI,wood and composite products,Physical-product manufacturer/brand,Building products,GRAND RAPIDS,MI,United States,https://www.sec.gov/cgi-bin/browse-edgar?action=getcompany&CIK=0000912767&owner=include&count=10,d8ee4b5f7b97ad96643a75ea9a83f5a9fc611221cde7b26f958f9a962b96467f,2026-09-16,https://ufpi.com/,10ba969a28abd82a94c217f35eaa31097ea62ff451b8cc1768c2f42d2e7090fa,2026-09-29T23:35:35.705232+00:00,Manual review of company website/catalog text and business model; primary physical goods supported; no required exact revenue percentage.,1993-11-10,Archived 2010-12-31 active equity snapshot plus SEC issuer/security mapping,https://www.alphavantage.co/documentation/#listing-status,https://www.sec.gov/Archives/edgar/data/912767/0000950124-01-001684.txt,20010328,e83806c359177adbe218f23e91a7d960dd17d8fd6f75be19827acd5b975dc3ea,artifacts/primary_event_study_2010_2019_v1/ticker_history.csv,,Same SEC issuer with documented security interval; provider labels may reflect subsequent company renaming.,https://www.nasdaqtrader.com/dynamic/SymDir/nasdaqlisted.txt,2026-09-29,sector_expansion,358,34,34,2026-09-29,,,,primary physical-product business,verified_eligible,2026-09-29,Current US operational/principal HQ; not a year-by-year historical domicile classification,2010Q1,2019Q4,True,True,True,2010Q1,2019Q4,2010-04-14,2020-02-19,2010Q1,2019Q4,2010-04-14,2020-02-19,"Provider listing/security start, not founding date; see historical mapping evidence"
0000913241,0000913241,"STEVEN MADDEN, LTD.",SHOO,NASDAQ,SHOO,footwear and accessories,Physical-product manufacturer/brand,Apparel and footwear,LONG ISLAND CITY,NY,United States,https://www.sec.gov/cgi-bin/browse-edgar?action=getcompany&CIK=0000913241&owner=include&count=10,47b95704260b2944a02fe0804aa35f1403b2855b0d0d6e3d1ddb6e16c680d474,2026-09-16,https://www.stevemadden.com/,f051fbac89907c4227fed8dafb7f0348c22d73b5d6b4a4c3d823144cebc5a89b,2026-09-29T23:35:50.437549+00:00,Manual review of company website/catalog text and business model; primary physical goods supported; no required exact revenue percentage.,1993-12-13,Archived 2010-12-31 active equity snapshot plus SEC issuer/security mapping,https://www.alphavantage.co/documentation/#listing-status,https://www.sec.gov/Archives/edgar/data/913241/0001019056-01-500024.txt,20010330,a9c77f1da2d851f5c41be4aeb97a95f0e66f5b3684af18918f67ba8fbea0a68b,artifacts/primary_event_study_2010_2019_v1/ticker_history.csv,,Same SEC issuer with documented security interval; provider labels may reflect subsequent company renaming.,https://www.nasdaqtrader.com/dynamic/SymDir/nasdaqlisted.txt,2026-09-29,sector_expansion,359,36,36,2026-09-29,,,,primary physical-product business,verified_eligible,2026-09-29,Current US operational/principal HQ; not a year-by-year historical domicile classification,2010Q1,2019Q4,True,True,True,2010Q1,2019Q4,2010-05-04,2020-02-27,2010Q1,2019Q4,2010-05-04,2020-02-27,"Provider listing/security start, not founding date; see historical mapping evidence"
0000915389,0000915389,EASTMAN CHEMICAL CO,EMN,NYSE,EMN,specialty materials and chemicals,Physical-product manufacturer/brand,Chemicals,KINGSPORT,TN,United States,https://www.sec.gov/cgi-bin/browse-edgar?action=getcompany&CIK=0000915389&owner=include&count=10,3b973d7f496e3e50a4cb08ec153340e9875d294bbeee3033d3c585ba462ff797,2026-09-16,https://www.eastman.com/en,ad780f99c414e2eac72f4b8683b463e24cc30c94dfa99e1994d6c33e79be5165,2026-09-29T23:35:43.624130+00:00,Manual review of company website/catalog text and business model; primary physical goods supported; no required exact revenue percentage.,1993-12-14,Archived 2010-12-31 active equity snapshot plus SEC issuer/security mapping,https://www.alphavantage.co/documentation/#listing-status,https://www.sec.gov/Archives/edgar/data/915389/0000915389-04-000006.txt,20040305,163729b800f95581b60a91a48746486403c7ee2011b69240c4422920905e609c,artifacts/primary_event_study_2010_2019_v1/ticker_history.csv,,Same SEC issuer with documented security interval; provider labels may reflect subsequent company renaming.,https://www.nasdaqtrader.com/dynamic/SymDir/otherlisted.txt,2026-09-29,sector_expansion,361,38,38,2026-09-29,,,,primary physical-product business,verified_eligible,2026-09-29,Current US operational/principal HQ; not a year-by-year historical domicile classification,2010Q1,2019Q4,True,True,True,2010Q1,2019Q4,2010-04-22,2020-01-30,2010Q1,2019Q4,2010-04-22,2020-01-30,"Provider listing/security start, not founding date; see historical mapping evidence"
0000915913,0000915913,ALBEMARLE CORP,ALB,NYSE,ALB,lithium and specialty chemicals,Physical-product manufacturer/brand,Chemicals,CHARLOTTE,NC,United States,https://www.sec.gov/cgi-bin/browse-edgar?action=getcompany&CIK=0000915913&owner=include&count=10,b9ba3e2b115af27d071cb9dfbb7293b874d457cd2922d44d2e85c93abe1013ad,2026-09-16,https://www.albemarle.com/us/en,a1a2501b15cfdaf2c8a5a7b1ff4f32852a12da7abc4dee107ef88323b9fb1875,2026-09-29T23:35:43.361368+00:00,Manual review of company website/catalog text and business model; primary physical goods supported; no required exact revenue percentage.,1994-02-22,Archived 2010-12-31 active equity snapshot plus SEC issuer/security mapping,https://www.alphavantage.co/documentation/#listing-status,https://www.sec.gov/Archives/edgar/data/915913/0000915913-02-000011.txt,20020227,f3b6be229546b4029408f2a0736511242d03446d8417a89c3a63929c3e75b298,artifacts/primary_event_study_2010_2019_v1/ticker_history.csv,,Same SEC issuer with documented security interval; provider labels may reflect subsequent company renaming.,https://www.nasdaqtrader.com/dynamic/SymDir/otherlisted.txt,2026-09-29,sector_expansion,362,35,35,2026-09-29,,,,primary physical-product business,verified_eligible,2026-09-29,Current US operational/principal HQ; not a year-by-year historical domicile classification,2010Q1,2019Q4,True,True,True,2011Q2,2019Q4,2011-07-21,2020-02-19,2011Q2,2019Q4,2011-07-21,2020-02-19,"Provider listing/security start, not founding date; see historical mapping evidence"
0000918251,0000918251,MOTORCAR PARTS OF AMERICA INC,MPAA,NASDAQ,MPAA,automotive aftermarket parts,Physical-product manufacturer/brand,Automotive components,TORRANCE,CA,United States,https://www.sec.gov/cgi-bin/browse-edgar?action=getcompany&CIK=0000918251&owner=include&count=10,627c1888041998bd7e1a9cdd84cd2744441ebe5c4b2363da4941189146811c0a,2026-09-16,https://motorcarparts.com/,442b1f861b87b76d1d6591b2efc3649cb7f03f5b49eb44f2fffc6a21781e538a,2026-09-29T23:34:48.489808+00:00,Manual review of company website/catalog text and business model; primary physical goods supported; no required exact revenue percentage.,1994-03-23,Archived 2010-12-31 active equity snapshot plus SEC issuer/security mapping,https://www.alphavantage.co/documentation/#listing-status,https://www.sec.gov/Archives/edgar/data/918251/0000912057-02-025946.txt,20020701,32ec836e984855a4a45cceea6ab0c074c35cb2c04eba792d03b5c5b3997ed4d7,artifacts/primary_event_study_2010_2019_v1/ticker_history.csv,,Same SEC issuer with documented security interval; provider labels may reflect subsequent company renaming.,https://www.nasdaqtrader.com/dynamic/SymDir/nasdaqlisted.txt,2026-09-29,sector_expansion,363,27,26,2026-09-29,,,,primary physical-product business,verified_eligible,2026-09-29,Current US operational/principal HQ; not a year-by-year historical domicile classification,2010Q1,2019Q4,True,True,True,2012Q2,2019Q4,2012-03-08,2019-06-28,2012Q3,2019Q4,2012-03-08,2019-06-28,"Provider listing/security start, not founding date; see historical mapping evidence"
0000918646,0000918646,EAGLE MATERIALS INC,EXP,NYSE,EXP,cement and gypsum wallboard,Physical-product manufacturer/brand,Building products,DALLAS,TX,United States,https://www.sec.gov/cgi-bin/browse-edgar?action=getcompany&CIK=0000918646&owner=include&count=10,9ed862da58af8fe953e2f242dd17b6bb89f78f12fac0c25ee9724e98fb195ef9,2026-09-16,https://www.eaglematerials.com/,8dc6c764b70685a04b13234e4060cbab5f0bf4efe2a4204717aba6c94be21614,2026-09-29T23:35:15.036748+00:00,Manual review of company website/catalog text and business model; primary physical goods supported; no required exact revenue percentage.,1994-04-12,Archived 2010-12-31 active equity snapshot plus SEC issuer/security mapping,https://www.alphavantage.co/documentation/#listing-status,https://www.sec.gov/Archives/edgar/data/918646/0000950134-02-007554.txt,20020624,0fe7e675e6bcbe95850dffc689373c19c142e0a1d5f969640b08479b1bdfce89,artifacts/primary_event_study_2010_2019_v1/ticker_history.csv,,Same SEC issuer with documented security interval; provider labels may reflect subsequent company renaming.,https://www.nasdaqtrader.com/dynamic/SymDir/otherlisted.txt,2026-09-29,sector_expansion,364,32,32,2026-09-29,,,,primary physical-product business,verified_eligible,2026-09-29,Current US operational/principal HQ; not a year-by-year historical domicile classification,2010Q1,2019Q4,True,True,True,2010Q2,2019Q4,2009-10-22,2019-05-16,2010Q2,2019Q4,2009-10-22,2019-05-16,"Provider listing/security start, not founding date; see historical mapping evidence"
0000920371,0000920371,"Simpson Manufacturing Co., Inc.",SSD,NYSE,SSD,structural connectors and building products,Physical-product manufacturer/brand,Building products,PLEASANTON,CA,United States,https://www.sec.gov/cgi-bin/browse-edgar?action=getcompany&CIK=0000920371&owner=include&count=10,142bf0d206e293f61c8c2a43b5d5efd21764cfd65e756140fddd46dc8fb42399,2026-09-16,https://www.simpsonmfg.com/docs/SIMPSON-MANUFACTURING-COMPANY-March-2019.pdf,e0f9398a27c7913aff129c33711f8ed626c4575061f6d0f20f53ced55ba1a2a6,2026-09-29,Manual review of company website/catalog text and business model; primary physical goods supported; no required exact revenue percentage.,1994-05-26,Archived 2010-12-31 active equity snapshot plus SEC issuer/security mapping,https://www.alphavantage.co/documentation/#listing-status,https://www.sec.gov/Archives/edgar/data/920371/0000950149-01-000381.txt,20010329,bc91fd95a8b8e455a66b3f536277465bd5118705ec07c856793cb3f8aac9fc1a,artifacts/primary_event_study_2010_2019_v1/ticker_history.csv,,Same SEC issuer with documented security interval; provider labels may reflect subsequent company renaming.,https://www.nasdaqtrader.com/dynamic/SymDir/otherlisted.txt,2026-09-29,sector_expansion,365,33,33,2026-09-29,,,,primary physical-product business,verified_eligible,2026-09-29,Current US operational/principal HQ; not a year-by-year historical domicile classification,2010Q1,2019Q4,True,True,True,2011Q4,2019Q4,2012-02-02,2020-02-03,2011Q4,2019Q4,2012-02-02,2020-02-03,"Provider listing/security start, not founding date; see historical mapping evidence"
0000923120,0000923120,GREENBRIER COMPANIES INC,GBX,NYSE,GBX,railcars,Physical-product manufacturer/brand,Rail equipment,LAKE OSWEGO,OR,United States,https://www.sec.gov/cgi-bin/browse-edgar?action=getcompany&CIK=0000923120&owner=include&count=10,9f1c8239bf2e1b11060bcbbc45bc9d1d2813b5e3fe8053a11187cdcc173c53a5,2026-09-16,https://www.gbrx.com/,faa078c6c6d12edb439f6dfe7fb4dabdb65cc46d3f3fdacc5a73566b7fd5b057,2026-09-29T23:34:57.215817+00:00,Manual review of company website/catalog text and business model; primary physical goods supported; no required exact revenue percentage.,1994-07-14,Archived 2010-12-31 active equity snapshot plus SEC issuer/security mapping,https://www.alphavantage.co/documentation/#listing-status,https://www.sec.gov/Archives/edgar/data/923120/0000891020-02-001881.txt,20021127,3e78db68b978a8f01513c14ae676e522a75384fce29f8e1f33857cb738efa0f3,artifacts/primary_event_study_2010_2019_v1/ticker_history.csv,,Same SEC issuer with documented security interval; provider labels may reflect subsequent company renaming.,https://www.nasdaqtrader.com/dynamic/SymDir/otherlisted.txt,2026-09-29,sector_expansion,366,33,33,2026-09-29,,,,primary physical-product business,verified_eligible,2026-09-29,Current US operational/principal HQ; not a year-by-year historical domicile classification,2010Q1,2019Q4,True,True,True,2010Q1,2019Q4,2010-01-08,2019-10-25,2010Q1,2019Q4,2010-01-08,2019-10-25,"Provider listing/security start, not founding date; see historical mapping evidence"
0000929008,0000929008,WESCO INTERNATIONAL INC,WCC,NYSE,WCC,electrical and industrial products,Physical-product distribution,Industrial distribution,PITTSBURGH,PA,United States,https://www.sec.gov/cgi-bin/browse-edgar?action=getcompany&CIK=0000929008&owner=include&count=10,8af458079a497d84557761b3eeed98a67e1f2352b1ec77974b89553da9356cb8,2026-09-16,https://dev.wesco.com/,0b93f994558481c35cfbcf8b86fa8a2541a1275d19ecdf9cbb4f6e27a9d4c612,2026-09-29,Manual review of company website/catalog text and business model; primary physical goods supported; no required exact revenue percentage.,1999-05-12,Archived 2010-12-31 active equity snapshot plus SEC issuer/security mapping,https://www.alphavantage.co/documentation/#listing-status,https://www.sec.gov/Archives/edgar/data/929008/0000950128-01-000572.txt,20010402,3963893d41ba8725f2fa107c8659eb2bce6873d17e6d9dde867ed33b1c72802c,artifacts/primary_event_study_2010_2019_v1/ticker_history.csv,,Same SEC issuer with documented security interval; provider labels may reflect subsequent company renaming.,https://www.nasdaqtrader.com/dynamic/SymDir/otherlisted.txt,2026-09-29,sector_expansion,367,40,40,2026-09-29,,,,primary physical-product business,verified_eligible,2026-09-29,Current US operational/principal HQ; not a year-by-year historical domicile classification,2010Q1,2019Q4,True,True,True,2010Q1,2019Q4,2010-04-22,2020-01-30,2010Q1,2019Q4,2010-04-22,2020-01-30,"Provider listing/security start, not founding date; see historical mapping evidence"
0000931015,0000931015,Polaris Inc.,PII,NYSE,PII,powersports vehicles,Physical-product manufacturer/brand,Vehicles,MEDINA,MN,United States,https://www.sec.gov/cgi-bin/browse-edgar?action=getcompany&CIK=0000931015&owner=include&count=10,be1ea22adaa4f22057633f23acbeba811be5dc9e8ac3fd1448b4ad5bf6381dc8,2026-09-16,https://www.polaris.com/en-us/shop/,b5e973bf27602b2ce8c20a737d023aa80d486373da6867777d866a70535ed323,2026-09-29,Manual review of company website/catalog text and business model; primary physical goods supported; no required exact revenue percentage.,1987-09-16,Archived 2010-12-31 active equity snapshot plus SEC issuer/security mapping,https://www.alphavantage.co/documentation/#listing-status,https://www.sec.gov/Archives/edgar/data/931015/0000950124-01-001699.txt,20010328,1dfa7c23987f0f7c67161498388158d653bd85c359780703c8ea998fbcdd988c,artifacts/primary_event_study_2010_2019_v1/ticker_history.csv,,Same SEC issuer with documented security interval; provider labels may reflect subsequent company renaming.,https://www.nasdaqtrader.com/dynamic/SymDir/otherlisted.txt,2026-09-29,sector_expansion,368,35,35,2026-09-29,,,,primary physical-product business,verified_eligible,2026-09-29,Current US operational/principal HQ; not a year-by-year historical domicile classification,2010Q1,2019Q4,True,True,True,2011Q2,2019Q4,2011-07-19,2020-01-28,2011Q2,2019Q4,2011-07-19,2020-01-28,"Provider listing/security start, not founding date; see historical mapping evidence"
0000936468,0000936468,LOCKHEED MARTIN CORP,LMT,NYSE,LMT,"aircraft, missiles and space systems",Physical-product manufacturer/brand,Aerospace,BETHESDA,MD,United States,https://www.sec.gov/cgi-bin/browse-edgar?action=getcompany&CIK=0000936468&owner=include&count=10,08ce3c9b48429890e2a1429f6e9e452588344d713ad1cfd8c2e7a262d73caffc,2026-09-16,https://www.lockheedmartin.com/en-us/index.html,aaef8544665dc71de999692dec6006f3355cefdc97d0072b7ccc646f78875f22,2026-09-29T23:35:00.182079+00:00,Manual review of company website/catalog text and business model; primary physical goods supported; no required exact revenue percentage.,1977-01-03,Archived 2010-12-31 active equity snapshot plus SEC issuer/security mapping,https://www.alphavantage.co/documentation/#listing-status,https://www.sec.gov/Archives/edgar/data/936468/0000928385-01-000795.txt,20010309,12d9ee4bdb56c26676bb2fc037cf1734e5462ea1df02ce3f8d4656586653685f,artifacts/primary_event_study_2010_2019_v1/ticker_history.csv,,Same SEC issuer with documented security interval; provider labels may reflect subsequent company renaming.,https://www.nasdaqtrader.com/dynamic/SymDir/otherlisted.txt,2026-09-29,sector_expansion,370,40,40,2026-09-29,,,,primary physical-product business,verified_eligible,2026-09-29,Current US operational/principal HQ; not a year-by-year historical domicile classification,2010Q1,2019Q4,True,True,True,2010Q1,2019Q4,2010-04-21,2020-01-28,2010Q1,2019Q4,2010-04-21,2020-01-28,"Provider listing/security start, not founding date; see historical mapping evidence"
0000943452,0000943452,WESTINGHOUSE AIR BRAKE TECHNOLOGIES CORP,WAB,NYSE,WAB,locomotives and rail components,Physical-product manufacturer/brand,Rail equipment,PITTSBURGH,PA,United States,https://www.sec.gov/cgi-bin/browse-edgar?action=getcompany&CIK=0000943452&owner=include&count=10,0a5cebe40dc9b874b40ed1db34ace4a8532efbd6db8a6989d032a98e5243f656,2026-09-16,https://www.wabteccorp.com/,32ce120c59290dd66ed5d87c3ee6331bfe3b0355e92b279149204e7f8d885439,2026-09-29T23:34:58.761824+00:00,Manual review of company website/catalog text and business model; primary physical goods supported; no required exact revenue percentage.,1995-06-16,Archived 2010-12-31 active equity snapshot plus SEC issuer/security mapping,https://www.alphavantage.co/documentation/#listing-status,https://www.sec.gov/Archives/edgar/data/943452/0000950128-01-000547.txt,20010328,920eb5aa67b85ef2e5737cc8fc45bc318e68d46642d47b000cca671ce287b82e,artifacts/primary_event_study_2010_2019_v1/ticker_history.csv,,Same SEC issuer with documented security interval; provider labels may reflect subsequent company renaming.,https://www.nasdaqtrader.com/dynamic/SymDir/otherlisted.txt,2026-09-29,sector_expansion,371,40,40,2026-09-29,,,,primary physical-product business,verified_eligible,2026-09-29,Current US operational/principal HQ; not a year-by-year historical domicile classification,2010Q1,2019Q4,True,True,True,2010Q1,2019Q4,2010-04-27,2020-02-18,2010Q1,2019Q4,2010-04-27,2020-02-18,"Provider listing/security start, not founding date; see historical mapping evidence"
0000945841,0000945841,POOL CORP,POOL,NASDAQ,POOL,pool equipment and supplies,Physical-product distribution,Consumer distribution,COVINGTON,LA,United States,https://www.sec.gov/cgi-bin/browse-edgar?action=getcompany&CIK=0000945841&owner=include&count=10,f31d3744661ce1d5ed6780eb231126d6b34d86b17e5041a6648f8c36e642de06,2026-09-16,https://www.poolcorp.com/,b88448ca16dd733032e14c9eafca73f042ad51948cc8e8ba15c048e22061cd46,2026-09-29,Manual review of company website/catalog text and business model; primary physical goods supported; no required exact revenue percentage.,1995-10-13,Archived 2010-12-31 active equity snapshot plus SEC issuer/security mapping,https://www.alphavantage.co/documentation/#listing-status,https://www.sec.gov/Archives/edgar/data/945841/0000945841-01-500007.txt,20010327,19d19cdf067f15477c327149d9701a228631a5f3140896457e94d9528377e213,artifacts/primary_event_study_2010_2019_v1/ticker_history.csv,,Same SEC issuer with documented security interval; provider labels may reflect subsequent company renaming.,https://www.nasdaqtrader.com/dynamic/SymDir/nasdaqlisted.txt,2026-09-29,sector_expansion,372,40,40,2026-09-29,,,,primary physical-product business,verified_eligible,2026-09-29,Current US operational/principal HQ; not a year-by-year historical domicile classification,2010Q1,2019Q4,True,True,True,2010Q1,2019Q4,2010-04-22,2020-02-13,2010Q1,2019Q4,2010-04-22,2020-02-13,"Provider listing/security start, not founding date; see historical mapping evidence"
0001000228,0001000228,HENRY SCHEIN INC,HSIC,NASDAQ,HSIC,dental and medical supplies,Physical-product distribution,Medical distribution,MELVILLE,NY,United States,https://www.sec.gov/cgi-bin/browse-edgar?action=getcompany&CIK=0001000228&owner=include&count=10,68f97126fb2a9eec323c573c52ec60d32b18fa5f15856cc695ae033ab104a022,2026-09-16,https://www.henryschein.com/,5f8810765bdbf908a6399d7ae59890e4fd127bd9e4eecb235079b47ef3046f31,2026-09-29T23:35:54.624446+00:00,Manual review of company website/catalog text and business model; primary physical goods supported; no required exact revenue percentage.,1995-11-03,Archived 2010-12-31 active equity snapshot plus SEC issuer/security mapping,https://www.alphavantage.co/documentation/#listing-status,https://www.sec.gov/Archives/edgar/data/1000228/0000950123-04-003036.txt,20040309,6d889b064d726c10eef0d641b0eab1d9e2ec781668b1447960576122f43369cb,artifacts/primary_event_study_2010_2019_v1/ticker_history.csv,,Same SEC issuer with documented security interval; provider labels may reflect subsequent company renaming.,https://www.nasdaqtrader.com/dynamic/SymDir/nasdaqlisted.txt,2026-09-29,sector_expansion,373,39,39,2026-09-29,,,,primary physical-product business,verified_eligible,2026-09-29,Current US operational/principal HQ; not a year-by-year historical domicile classification,2010Q1,2019Q4,True,True,True,2010Q1,2019Q4,2010-05-04,2020-02-20,2010Q1,2019Q4,2010-05-04,2020-02-20,"Provider listing/security start, not founding date; see historical mapping evidence"
0001000697,0001000697,WATERS CORP /DE/,WAT,NYSE,WAT,analytical instruments,Physical-product manufacturer/brand,Medical and laboratory,MILFORD,MA,United States,https://www.sec.gov/cgi-bin/browse-edgar?action=getcompany&CIK=0001000697&owner=include&count=10,3aa2a5313c9abcec8c4a5560dab8b7a59656ae79e336c4f1d73cc393fe7e4525,2026-09-16,https://ir.waters.com/overview/default.aspx,1ee3d65b035210c143dd03129eaff33422c064e6638fbfe1fdd798c760c2b7be,2026-09-29T23:41:01.214814+00:00,Manual review of company website/catalog text and business model; primary physical goods supported; no required exact revenue percentage.,1995-11-17,Archived 2010-12-31 active equity snapshot plus SEC issuer/security mapping,https://www.alphavantage.co/documentation/#listing-status,https://www.sec.gov/Archives/edgar/data/1000697/0000927016-01-001505.txt,20010327,a3381d6a2b7582185df0006dc6e7d3cebbfdeaedce79410d3733ef61099d7942,artifacts/primary_event_study_2010_2019_v1/ticker_history.csv,,Same SEC issuer with documented security interval; provider labels may reflect subsequent company renaming.,https://www.nasdaqtrader.com/dynamic/SymDir/otherlisted.txt,2026-09-29,sector_expansion,374,40,40,2026-09-29,,,,primary physical-product business,verified_eligible,2026-09-29,Current US operational/principal HQ; not a year-by-year historical domicile classification,2010Q1,2019Q4,True,True,True,2010Q1,2019Q4,2010-04-27,2020-02-04,2010Q1,2019Q4,2010-04-27,2020-02-04,"Provider listing/security start, not founding date; see historical mapping evidence"
0001001250,0001001250,ESTEE LAUDER COMPANIES INC,EL,NYSE,EL,cosmetics and skin care,Physical-product manufacturer/brand,Consumer products,NEW YORK,NY,United States,https://www.sec.gov/cgi-bin/browse-edgar?action=getcompany&CIK=0001001250&owner=include&count=10,f2353d9cd37754e54e6566a31444f840baca857b58736ad2719748d9720565c7,2026-09-16,https://www.elcompanies.com/en/,2a428df78cb0eaeceb2ffc24581300155b06be18e9f61800646043ca1e75756e,2026-09-29T23:35:45.454783+00:00,Manual review of company website/catalog text and business model; primary physical goods supported; no required exact revenue percentage.,1995-11-17,Archived 2010-12-31 active equity snapshot plus SEC issuer/security mapping,https://www.alphavantage.co/documentation/#listing-status,https://www.sec.gov/Archives/edgar/data/1001250/0000930413-01-501188.txt,20010917,8fb2bed6d70b6259bdff5ef3f3edacbd63c47d4b0af6bc9673f5c0eafc01833b,artifacts/primary_event_study_2010_2019_v1/ticker_history.csv,,Same SEC issuer with documented security interval; provider labels may reflect subsequent company renaming.,https://www.nasdaqtrader.com/dynamic/SymDir/otherlisted.txt,2026-09-29,sector_expansion,375,39,39,2026-09-29,,,,primary physical-product business,verified_eligible,2026-09-29,Current US operational/principal HQ; not a year-by-year historical domicile classification,2010Q1,2019Q4,True,True,True,2010Q1,2019Q4,2009-10-30,2019-08-19,2010Q1,2019Q4,2009-10-30,2019-08-19,"Provider listing/security start, not founding date; see historical mapping evidence"
0001003078,0001003078,MSC INDUSTRIAL DIRECT CO INC,MSM,NYSE,MSM,metalworking and industrial supplies,Physical-product distribution,Industrial distribution,MELVILLE,NY,United States,https://www.sec.gov/cgi-bin/browse-edgar?action=getcompany&CIK=0001003078&owner=include&count=10,350f0a9f2fe2a7d9db82622795e20bb01566fc341914cf801626bacf86de9b1a,2026-09-16,https://www.mscdirect.com/,a4bc59847338e876fabdf4d92369549d359830970503558075ed6bf6817287df,2026-09-29T23:35:56.242899+00:00,Manual review of company website/catalog text and business model; primary physical goods supported; no required exact revenue percentage.,1995-12-15,Archived 2010-12-31 active equity snapshot plus SEC issuer/security mapping,https://www.alphavantage.co/documentation/#listing-status,https://www.sec.gov/Archives/edgar/data/1003078/0000950136-01-501744.txt,20011107,208844857ab2e9e5f788f4269a9cad2d56e6d039bf2d2c376cbb9eecec82fa1e,artifacts/primary_event_study_2010_2019_v1/ticker_history.csv,,Same SEC issuer with documented security interval; provider labels may reflect subsequent company renaming.,https://www.nasdaqtrader.com/dynamic/SymDir/otherlisted.txt,2026-09-29,sector_expansion,376,33,33,2026-09-29,,,,primary physical-product business,verified_eligible,2026-09-29,Current US operational/principal HQ; not a year-by-year historical domicile classification,2010Q1,2019Q4,True,True,True,2010Q2,2019Q4,2010-04-07,2019-10-24,2010Q2,2019Q4,2010-04-07,2019-10-24,"Provider listing/security start, not founding date; see historical mapping evidence"
0001009829,0001009829,JAKKS PACIFIC INC,JAKK,NASDAQ,JAKK,toys,Physical-product manufacturer/brand,Consumer products,SANTA MONICA,CA,United States,https://www.sec.gov/cgi-bin/browse-edgar?action=getcompany&CIK=0001009829&owner=include&count=10,63b16171ba2a4b9bb3f87294ea0f6d67198e31d8ca776f746fe92152bec1d912,2026-09-16,https://www.jakks.com/,3422acfbf53f414361d1a7f2d56543b5926c7441494f854be027930a912d9fb9,2026-09-29T23:35:52.333958+00:00,Manual review of company website/catalog text and business model; primary physical goods supported; no required exact revenue percentage.,1996-05-02,Archived 2010-12-31 active equity snapshot plus SEC issuer/security mapping,https://www.alphavantage.co/documentation/#listing-status,https://www.sec.gov/Archives/edgar/data/1009829/0000950148-01-000545.txt,20010402,049e353c98ebab7fd7d95e491309e77fcedc418550a26b9308b29a8796fd4f49,artifacts/primary_event_study_2010_2019_v1/ticker_history.csv,,Same SEC issuer with documented security interval; provider labels may reflect subsequent company renaming.,https://www.nasdaqtrader.com/dynamic/SymDir/nasdaqlisted.txt,2026-09-29,sector_expansion,377,32,32,2026-09-29,,,,primary physical-product business,verified_eligible,2026-09-29,Current US operational/principal HQ; not a year-by-year historical domicile classification,2010Q1,2019Q4,True,True,True,2011Q4,2019Q4,2012-02-21,2020-02-19,2011Q4,2019Q4,2012-02-21,2020-02-19,"Provider listing/security start, not founding date; see historical mapping evidence"
0001018963,0001018963,ATI INC,ATI,NYSE,ATI,specialty alloys and aerospace materials,Physical-product manufacturer/brand,Metals,DALLAS,TX,United States,https://www.sec.gov/cgi-bin/browse-edgar?action=getcompany&CIK=0001018963&owner=include&count=10,8cedb935635e73c6598f2a949461c4a13e2cfd187a512c6f78ba069eeeac4b2e,2026-09-16,https://www.atimaterials.com/,e0e65b3a67acc930fd933121d90832fdc425c3ecbb1b8e9bc6142cac78c724bd,2026-09-29T23:35:26.237022+00:00,Manual review of company website/catalog text and business model; primary physical goods supported; no required exact revenue percentage.,1999-11-29,Archived 2010-12-31 active equity snapshot plus SEC issuer/security mapping,https://www.alphavantage.co/documentation/#listing-status,https://www.sec.gov/Archives/edgar/data/1018963/0000950128-03-000412.txt,20030324,7b7b73ced0d3e9d084f08ed0c1bf2ef2aca32f93622e14d3b9c82dfb850f5760,artifacts/primary_event_study_2010_2019_v1/ticker_history.csv,,Same SEC issuer with documented security interval; provider labels may reflect subsequent company renaming.,https://www.nasdaqtrader.com/dynamic/SymDir/otherlisted.txt,2026-09-29,sector_expansion,378,38,38,2026-09-29,,,,primary physical-product business,verified_eligible,2026-09-29,Current US operational/principal HQ; not a year-by-year historical domicile classification,2010Q1,2019Q4,True,True,True,2010Q1,2019Q4,2010-04-28,2020-02-04,2010Q1,2019Q4,2010-04-28,2020-02-04,"Provider listing/security start, not founding date; see historical mapping evidence"
0001020214,0001020214,CERUS CORP,CERS,NASDAQ,CERS,blood safety systems,Physical-product manufacturer/brand,Medical devices,CONCORD,CA,United States,https://www.sec.gov/cgi-bin/browse-edgar?action=getcompany&CIK=0001020214&owner=include&count=10,4a6e9a8d94033739be83b2d1e883792e4cdf8631ec4fb62d5372e0f38977c542,2026-09-16,https://www.cerus.com/,b8de57d2d6fa5d8af7cdba10becf8ba8391c8a5c0db63adfc43858eed16c02e1,2026-09-29T23:35:01.899185+00:00,Manual review of company website/catalog text and business model; primary physical goods supported; no required exact revenue percentage.,1997-01-31,Archived 2010-12-31 active equity snapshot plus SEC issuer/security mapping,https://www.alphavantage.co/documentation/#listing-status,https://www.sec.gov/Archives/edgar/data/1020214/0001047469-03-010865.txt,20030328,d6405c5d38603bf1996c8f9b992cfa1a9957563bcb007901470480254f955c62,artifacts/primary_event_study_2010_2019_v1/ticker_history.csv,,Same SEC issuer with documented security interval; provider labels may reflect subsequent company renaming.,https://www.nasdaqtrader.com/dynamic/SymDir/nasdaqlisted.txt,2026-09-29,sector_expansion,379,32,32,2026-09-29,,,,primary physical-product business,verified_eligible,2026-09-29,Current US operational/principal HQ; not a year-by-year historical domicile classification,2010Q1,2019Q4,True,True,True,2012Q1,2019Q4,2012-05-01,2020-02-20,2012Q1,2019Q4,2012-05-01,2020-02-20,"Provider listing/security start, not founding date; see historical mapping evidence"
0001020710,0001020710,DXP ENTERPRISES INC,DXPE,NASDAQ,DXPE,pumps and industrial products,Physical-product distribution,Industrial distribution,HOUSTON,TX,United States,https://www.sec.gov/cgi-bin/browse-edgar?action=getcompany&CIK=0001020710&owner=include&count=10,2bbfda7076095df7bb82b439da092f9218893421ada9b39750118f528480b2d2,2026-09-16,https://www.dxpe.com/,12953d9d47b5a709e865d8658b5a5e6095d433cade2015b6e794434b5963b261,2026-09-29T23:35:56.238397+00:00,Manual review of company website/catalog text and business model; primary physical goods supported; no required exact revenue percentage.,1998-05-07,Archived 2010-12-31 active equity snapshot plus SEC issuer/security mapping,https://www.alphavantage.co/documentation/#listing-status,https://www.sec.gov/Archives/edgar/data/1020710/0000950129-01-002146.txt,20010417,9a5f965dc2f2e572c1c2dbdb998713aa26a7451c891ed051ddcef247895ba17f,artifacts/primary_event_study_2010_2019_v1/ticker_history.csv,,Same SEC issuer with documented security interval; provider labels may reflect subsequent company renaming.,https://www.nasdaqtrader.com/dynamic/SymDir/nasdaqlisted.txt,2026-09-29,sector_expansion,380,36,36,2026-09-29,,,,primary physical-product business,verified_eligible,2026-09-29,Current US operational/principal HQ; not a year-by-year historical domicile classification,2010Q1,2019Q4,True,True,True,2010Q1,2019Q4,2010-05-03,2020-03-06,2010Q1,2019Q4,2010-05-03,2020-03-06,"Provider listing/security start, not founding date; see historical mapping evidence"
0001021860,0001021860,NOV Inc.,NOV,NYSE,NOV,energy equipment and drilling products,Physical-product manufacturer/brand,Machinery,HOUSTON,TX,United States,https://www.sec.gov/cgi-bin/browse-edgar?action=getcompany&CIK=0001021860&owner=include&count=10,569a0db00d8d697c34a5bc53b994fabf9a1a81cac084e2f992877be0d5e2b19e,2026-09-16,https://www.nov.com/,9ed3de729f1876ebaf53b5f7dbd221198fe4c41cb13f1ef0e2a556c76d539074,2026-09-29T23:34:31.563501+00:00,Manual review of company website/catalog text and business model; primary physical goods supported; no required exact revenue percentage.,1996-10-29,Archived 2010-12-31 active equity snapshot plus SEC issuer/security mapping,https://www.alphavantage.co/documentation/#listing-status,https://www.sec.gov/Archives/edgar/data/1021860/0000950129-01-001181.txt,20010301,2da6843fad4ea7d0714e821d6de99afaa30556af184aee82e7e64c8d6cf98274,artifacts/primary_event_study_2010_2019_v1/ticker_history.csv,,Same SEC issuer with documented security interval; provider labels may reflect subsequent company renaming.,https://www.nasdaqtrader.com/dynamic/SymDir/otherlisted.txt,2026-09-29,sector_expansion,381,40,40,2026-09-29,,,,primary physical-product business,verified_eligible,2026-09-29,Current US operational/principal HQ; not a year-by-year historical domicile classification,2010Q1,2019Q4,True,True,True,2010Q1,2019Q4,2010-04-27,2020-02-06,2010Q1,2019Q4,2010-04-27,2020-02-06,"Provider listing/security start, not founding date; see historical mapping evidence"
0001022671,0001022671,STEEL DYNAMICS INC,STLD,NASDAQ,STLD,steel and metals products,Physical-product manufacturer/brand,Metals,FORT WAYNE,IN,United States,https://www.sec.gov/cgi-bin/browse-edgar?action=getcompany&CIK=0001022671&owner=include&count=10,abb8ad67f116dd07dd8cb1e1a7cd6aab9b121213e978c1babe6bc4db2ae4ebf2,2026-09-16,https://www.steeldynamics.com/,a9d649321a41f73b2fe0c42a6253b44c26c12a7319374641efcef576efc50502,2026-09-29T23:35:23.210096+00:00,Manual review of company website/catalog text and business model; primary physical goods supported; no required exact revenue percentage.,1996-11-22,Archived 2010-12-31 active equity snapshot plus SEC issuer/security mapping,https://www.alphavantage.co/documentation/#listing-status,https://www.sec.gov/Archives/edgar/data/1022671/0000950123-03-003465.txt,20030328,1656febf79d85a17366088ad3bfb859a5411fd26663b1711cca537a0fc0e0dbe,artifacts/primary_event_study_2010_2019_v1/ticker_history.csv,,Same SEC issuer with documented security interval; provider labels may reflect subsequent company renaming.,https://www.nasdaqtrader.com/dynamic/SymDir/nasdaqlisted.txt,2026-09-29,sector_expansion,382,40,40,2026-09-29,,,,primary physical-product business,verified_eligible,2026-09-29,Current US operational/principal HQ; not a year-by-year historical domicile classification,2010Q1,2019Q4,True,True,True,2010Q1,2019Q4,2010-04-19,2020-01-22,2010Q1,2019Q4,2010-04-19,2020-01-22,"Provider listing/security start, not founding date; see historical mapping evidence"
0001024478,0001024478,"ROCKWELL AUTOMATION, INC",ROK,NYSE,ROK,industrial controls and automation equipment,Physical-product manufacturer/brand,Automation,MILWAUKEE,WI,United States,https://www.sec.gov/cgi-bin/browse-edgar?action=getcompany&CIK=0001024478&owner=include&count=10,a83076b47597c14827a3193a6b3bd7bf16524527dc519001e0fec63a4a635ac4,2026-09-16,https://www.rockwellautomation.com/en-us/company/about-us.html,636b5dfdb043d920acd4a236684d5435a44bd01f87e514c2638727b7566784b7,2026-09-29T23:34:29.410301+00:00,Manual review of company website/catalog text and business model; primary physical goods supported; no required exact revenue percentage.,1981-12-31,Archived 2010-12-31 active equity snapshot plus SEC issuer/security mapping,https://www.alphavantage.co/documentation/#listing-status,https://www.sec.gov/Archives/edgar/data/1024478/0000950123-02-011324.txt,20021125,c13c51b7ab927defa075524dfd61181a052ff72da4b09a23b838f50648cae3ec,artifacts/primary_event_study_2010_2019_v1/ticker_history.csv,,Same SEC issuer with documented security interval; provider labels may reflect subsequent company renaming.,https://www.nasdaqtrader.com/dynamic/SymDir/otherlisted.txt,2026-09-29,sector_expansion,383,39,39,2026-09-29,,,,primary physical-product business,verified_eligible,2026-09-29,Current US operational/principal HQ; not a year-by-year historical domicile classification,2010Q1,2019Q4,True,True,True,2010Q1,2019Q4,2010-01-27,2019-11-12,2010Q1,2019Q4,2010-01-27,2019-11-12,"Provider listing/security start, not founding date; see historical mapping evidence"
0001037038,0001037038,RALPH LAUREN CORP,RL,NYSE,RL,apparel and accessories,Physical-product manufacturer/brand,Apparel and footwear,NEW YORK,NY,United States,https://www.sec.gov/cgi-bin/browse-edgar?action=getcompany&CIK=0001037038&owner=include&count=10,fa0b1736bb7d3d6529f3d4b742259223eb2cb58a4619a13d83c811bcb68a44ea,2026-09-16,https://corporate.ralphlauren.com/pr_260529_PebbleBeach.html,dae54458f8cf7f383752d1ba6c272c6117dc28d56b210c05a1f776000a30e87b,2026-09-29,Manual review of company website/catalog text and business model; primary physical goods supported; no required exact revenue percentage.,1997-06-12,Archived 2010-12-31 active equity snapshot plus SEC issuer/security mapping,https://www.alphavantage.co/documentation/#listing-status,https://www.sec.gov/Archives/edgar/data/1037038/0000950123-02-006474.txt,20020625,a8cb9ade42b7e05f7e1299df23495109cc973b6b0cea4bb436d4f1ed9b3f8d57,artifacts/primary_event_study_2010_2019_v1/ticker_history.csv,,Same SEC issuer with documented security interval; provider labels may reflect subsequent company renaming.,https://www.nasdaqtrader.com/dynamic/SymDir/otherlisted.txt,2026-09-29,sector_expansion,384,39,39,2026-09-29,,,,primary physical-product business,verified_eligible,2026-09-29,Current US operational/principal HQ; not a year-by-year historical domicile classification,2010Q1,2019Q4,True,True,True,2010Q1,2019Q4,2009-08-05,2019-05-14,2010Q1,2019Q4,2009-08-05,2019-05-14,"Provider listing/security start, not founding date; see historical mapping evidence"
0001043337,0001043337,STONERIDGE INC,SRI,NYSE,SRI,vehicle electronics and controls,Physical-product manufacturer/brand,Automotive components,NOVI,MI,United States,https://www.sec.gov/cgi-bin/browse-edgar?action=getcompany&CIK=0001043337&owner=include&count=10,18a359274d34d2ed204e846815d1a9b18c17e2933e4c9e047dd4f61cf2719007,2026-09-16,https://www.stoneridge.com/,a84f3ab22fa5ca0f9ca162d899db271c6a1fb84072206643ca720d07a90a93f6,2026-09-29T23:34:51.197907+00:00,Manual review of company website/catalog text and business model; primary physical goods supported; no required exact revenue percentage.,1997-10-10,Archived 2010-12-31 active equity snapshot plus SEC issuer/security mapping,https://www.alphavantage.co/documentation/#listing-status,https://www.sec.gov/Archives/edgar/data/1043337/0001021408-01-001952.txt,20010330,a291fb11a848f18ba4e0d54cfeea6fe500f44d617744a0de685d417b10326214,artifacts/primary_event_study_2010_2019_v1/ticker_history.csv,,Same SEC issuer with documented security interval; provider labels may reflect subsequent company renaming.,https://www.nasdaqtrader.com/dynamic/SymDir/otherlisted.txt,2026-09-29,sector_expansion,385,36,36,2026-09-29,,,,primary physical-product business,verified_eligible,2026-09-29,Current US operational/principal HQ; not a year-by-year historical domicile classification,2010Q1,2019Q4,True,True,True,2010Q1,2019Q4,2010-04-30,2020-02-26,2010Q1,2019Q4,2010-04-30,2020-02-26,"Provider listing/security start, not founding date; see historical mapping evidence"
0001050797,0001050797,COLUMBIA SPORTSWEAR CO,COLM,NASDAQ,COLM,outdoor apparel and footwear,Physical-product manufacturer/brand,Apparel and footwear,PORTLAND,OR,United States,https://www.sec.gov/cgi-bin/browse-edgar?action=getcompany&CIK=0001050797&owner=include&count=10,bab9a61b3f422ead3f1b4251f875ce992a1fdc0ec48f4f47a7271dbf9bc8dddf,2026-09-16,https://www.columbiasportswearcompany.com/corporate-responsibility-group/responsible-practices/supply-chain/,05f2370218af999dca985150aafc024383139c1433ceb9e2d970a608274f3c9c,2026-09-29,Manual review of company website/catalog text and business model; primary physical goods supported; no required exact revenue percentage.,1998-03-27,Archived 2010-12-31 active equity snapshot plus SEC issuer/security mapping,https://www.alphavantage.co/documentation/#listing-status,https://www.sec.gov/Archives/edgar/data/1050797/0000891020-02-000360.txt,20020329,fcee4355656a0129a578d9b59cd7b7c1e7f2d55ee9baf53fd54699a7b4ec3e0a,artifacts/primary_event_study_2010_2019_v1/ticker_history.csv,,Same SEC issuer with documented security interval; provider labels may reflect subsequent company renaming.,https://www.nasdaqtrader.com/dynamic/SymDir/nasdaqlisted.txt,2026-09-29,sector_expansion,386,31,31,2026-09-29,,,,primary physical-product business,verified_eligible,2026-09-29,Current US operational/principal HQ; not a year-by-year historical domicile classification,2010Q1,2019Q4,True,True,True,2012Q1,2019Q4,2012-04-26,2020-02-06,2012Q1,2019Q4,2012-04-26,2020-02-06,"Provider listing/security start, not founding date; see historical mapping evidence"
0001054905,0001054905,INNOSPEC INC.,IOSP,NASDAQ,IOSP,specialty chemicals,Physical-product manufacturer/brand,Chemicals,ENGLEWOOD,CO,United States,https://www.sec.gov/cgi-bin/browse-edgar?action=getcompany&CIK=0001054905&owner=include&count=10,6ab3ae8deaaf1cd69a140a567f6b5a28f7ba206f44c53b4d9ce772c76752f043,2026-09-16,https://innospec.com/,6b2a4a1107b73ea321c30402b2d3589c053763b74a6e4192ca7af890c71acd9e,2026-09-29T23:35:41.686659+00:00,Manual review of company website/catalog text and business model; primary physical goods supported; no required exact revenue percentage.,1998-05-13,Archived 2010-12-31 active equity snapshot plus SEC issuer/security mapping,https://www.alphavantage.co/documentation/#listing-status,https://www.sec.gov/Archives/edgar/data/1054905/0000950109-01-000766.txt,20010326,f8fb187e9288769cfae36fd43dcdb56460bafab1c6b35fc0f05d00ed72e45500,artifacts/primary_event_study_2010_2019_v1/ticker_history.csv,,Same SEC issuer with documented security interval; provider labels may reflect subsequent company renaming.,https://www.nasdaqtrader.com/dynamic/SymDir/nasdaqlisted.txt,2026-09-29,sector_expansion,387,33,33,2026-09-29,,,,primary physical-product business,verified_eligible,2026-09-29,Current US operational/principal HQ; not a year-by-year historical domicile classification,2010Q1,2019Q4,True,True,True,2011Q4,2019Q4,2012-02-14,2020-02-18,2011Q4,2019Q4,2012-02-14,2020-02-18,"Provider listing/security start, not founding date; see historical mapping evidence"
0001060822,0001060822,CARTERS INC,CRI,NYSE,CRI,children's apparel,Physical-product manufacturer/brand,Apparel and footwear,ATLANTA,GA,United States,https://www.sec.gov/cgi-bin/browse-edgar?action=getcompany&CIK=0001060822&owner=include&count=10,bcc12542c0ede18658c2b102e6001f1e2fad1e3f05c897380ed07f65ff217312,2026-09-16,https://www.carters.com/,e1e8fe364a5c9d4a903b4d65393d5cf1999c3f01aff7522865a6d52ca0f03fb2,2026-09-29T23:35:50.975019+00:00,Manual review of company website/catalog text and business model; primary physical goods supported; no required exact revenue percentage.,2003-10-24,Archived 2010-12-31 active equity snapshot plus SEC issuer/security mapping,https://www.alphavantage.co/documentation/#listing-status,https://www.sec.gov/Archives/edgar/data/1060822/0001047469-04-008661.txt,20040319,7706e783794d91bf96aead502e75e9947cb2a213ef65d7243523d33b6a097e86,artifacts/primary_event_study_2010_2019_v1/ticker_history.csv,,Same SEC issuer with documented security interval; provider labels may reflect subsequent company renaming.,https://www.nasdaqtrader.com/dynamic/SymDir/otherlisted.txt,2026-09-29,sector_expansion,388,33,33,2026-09-29,,,,primary physical-product business,verified_eligible,2026-09-29,Current US operational/principal HQ; not a year-by-year historical domicile classification,2010Q1,2019Q4,True,True,True,2011Q4,2019Q4,2012-02-29,2020-02-24,2011Q4,2019Q4,2012-02-29,2020-02-24,"Provider listing/security start, not founding date; see historical mapping evidence"
0001065696,0001065696,LKQ CORP,LKQ,NASDAQ,LKQ,automotive replacement parts,Physical-product distribution,Automotive distribution,ANTIOCH,TN,United States,https://www.sec.gov/cgi-bin/browse-edgar?action=getcompany&CIK=0001065696&owner=include&count=10,491669008038ce1b26635ff97238887faf1e5f6e1ac725ac3e59e17093356278,2026-09-16,https://lkqcorp.com/,106cebfe30faf5dab416b034ce70562b5aacf2071d8545ab6cd4aee959dd988d,2026-09-29T23:35:53.884075+00:00,Manual review of company website/catalog text and business model; primary physical goods supported; no required exact revenue percentage.,2003-10-03,Archived 2010-12-31 active equity snapshot plus SEC issuer/security mapping,https://www.alphavantage.co/documentation/#listing-status,https://www.sec.gov/Archives/edgar/data/1065696/0001047469-04-009177.txt,20040324,e3ee11e2aa790386ef6a98da703259e83fc0edc171341720e12ad0a1073ced39,artifacts/primary_event_study_2010_2019_v1/ticker_history.csv,,Same SEC issuer with documented security interval; provider labels may reflect subsequent company renaming.,https://www.nasdaqtrader.com/dynamic/SymDir/nasdaqlisted.txt,2026-09-29,sector_expansion,389,38,38,2026-09-29,,,,primary physical-product business,verified_eligible,2026-09-29,Current US operational/principal HQ; not a year-by-year historical domicile classification,2010Q1,2019Q4,True,True,True,2010Q2,2019Q4,2010-07-29,2020-02-20,2010Q2,2019Q4,2010-07-29,2020-02-20,"Provider listing/security start, not founding date; see historical mapping evidence"
0001069258,0001069258,"KRATOS DEFENSE & SECURITY SOLUTIONS, INC.",KTOS,NASDAQ,KTOS,defense and uncrewed systems,Physical-product manufacturer/brand,Aerospace,SAN DIEGO,CA,United States,https://www.sec.gov/cgi-bin/browse-edgar?action=getcompany&CIK=0001069258&owner=include&count=10,a0ff6bfac5a5ceaa634902d5a8d55e6ec2b6a24017e521336a118aa8088f1080,2026-09-16,https://www.kratosdefense.com/,6fe340e20f335892fcb5f351c43b876cf1da470d0dce2579df8c7f2d5033ded5,2026-09-29T23:34:59.767301+00:00,Manual review of company website/catalog text and business model; primary physical goods supported; no required exact revenue percentage.,1999-11-05,Archived 2010-12-31 active equity snapshot plus SEC issuer/security mapping,https://www.alphavantage.co/documentation/#listing-status,https://www.sec.gov/Archives/edgar/data/1069258/0000898430-01-001094.txt,20010329,d4a44ab5929c5741697be0dcfa7b4b77e12df1c19b6d26938e03e0ac03629d98,artifacts/primary_event_study_2010_2019_v1/ticker_history.csv,,Same SEC issuer with documented security interval; provider labels may reflect subsequent company renaming.,https://www.nasdaqtrader.com/dynamic/SymDir/nasdaqlisted.txt,2026-09-29,sector_expansion,390,34,34,2026-09-29,,,,primary physical-product business,verified_eligible,2026-09-29,Current US operational/principal HQ; not a year-by-year historical domicile classification,2010Q1,2019Q4,True,True,True,2010Q1,2019Q4,2010-04-29,2020-02-24,2010Q1,2019Q4,2010-04-29,2020-02-24,"Provider listing/security start, not founding date; see historical mapping evidence"
0001069878,0001069878,TREX CO INC,TREX,NYSE,TREX,composite decking,Physical-product manufacturer/brand,Building products,WINCHESTER,VA,United States,https://www.sec.gov/cgi-bin/browse-edgar?action=getcompany&CIK=0001069878&owner=include&count=10,10fda8c6775b62ad0fec19ebf7d7e8b914722b14353ed2c61df31dd073810dd5,2026-09-16,https://www.trex.com/,9bfd490034cc7b62f8e758f3de3b1812327ce28d0faa2cfe255cce9aa542c454,2026-09-29T23:35:35.582976+00:00,Manual review of company website/catalog text and business model; primary physical goods supported; no required exact revenue percentage.,1999-04-08,Archived 2010-12-31 active equity snapshot plus SEC issuer/security mapping,https://www.alphavantage.co/documentation/#listing-status,https://www.sec.gov/Archives/edgar/data/1069878/0000928385-01-500117.txt,20010328,70578009a54a3a72672f3f55e3ed1c7eead57c331d3d62520d4f2168f58c190f,artifacts/primary_event_study_2010_2019_v1/ticker_history.csv,,Same SEC issuer with documented security interval; provider labels may reflect subsequent company renaming.,https://www.nasdaqtrader.com/dynamic/SymDir/otherlisted.txt,2026-09-29,sector_expansion,391,33,33,2026-09-29,,,,primary physical-product business,verified_eligible,2026-09-29,Current US operational/principal HQ; not a year-by-year historical domicile classification,2010Q1,2019Q4,True,True,True,2011Q4,2019Q4,2012-02-27,2020-02-24,2011Q4,2019Q4,2012-02-27,2020-02-24,"Provider listing/security start, not founding date; see historical mapping evidence"
0001077688,0001077688,HOOKER FURNISHINGS Corp,HOFT,NASDAQ,HOFT,furniture,Physical-product manufacturer/brand,Furniture,MARTINSVILLE,VA,United States,https://www.sec.gov/cgi-bin/browse-edgar?action=getcompany&CIK=0001077688&owner=include&count=10,3f2d662a264efe0a50a29fff4e27ee60dd2373878550aa49d7329467f3a9e065,2026-09-16,https://hookerfurnishings.com/,74bada1fbbce89e0c3b608da4e3fefb4aa774d1a03fd0d094fab959e5590c628,2026-09-29T23:35:36.992076+00:00,Manual review of company website/catalog text and business model; primary physical goods supported; no required exact revenue percentage.,2001-01-02,Archived 2010-12-31 active equity snapshot plus SEC issuer/security mapping,https://www.alphavantage.co/documentation/#listing-status,https://www.sec.gov/Archives/edgar/data/1077688/0000916641-02-000305.txt,20020220,93d7f2eb65e690f107c00a87d60a37e63ad00ff6cbaef0c7bd1e62e546d933cd,artifacts/primary_event_study_2010_2019_v1/ticker_history.csv,,Same SEC issuer with documented security interval; provider labels may reflect subsequent company renaming.,https://www.nasdaqtrader.com/dynamic/SymDir/nasdaqlisted.txt,2026-09-29,sector_expansion,392,29,29,2026-09-29,,,,primary physical-product business,verified_eligible,2026-09-29,Current US operational/principal HQ; not a year-by-year historical domicile classification,2010Q1,2019Q4,True,True,True,2012Q4,2019Q4,2012-04-10,2019-04-16,2012Q4,2019Q4,2012-04-10,2019-04-16,"Provider listing/security start, not founding date; see historical mapping evidence"
0001092796,0001092796,"SMITH & WESSON BRANDS, INC.",SWBI,NASDAQ,AOBC;SWBI;SWHC,firearms,Physical-product manufacturer/brand,Consumer durable goods,MARYVILLE,TN,United States,https://www.sec.gov/cgi-bin/browse-edgar?action=getcompany&CIK=0001092796&owner=include&count=10,24abbbdd17706f1b682afb2278c4d2bdb28405db025d6aa433b606a8c65a27bc,2026-09-16,https://www.smith-wesson.com/,7bd6d2414aa518cd9558eb6e5b99838ca6965e50e8d3462f9953408b23a22a72,2026-09-29T23:34:42.990458+00:00,Manual review of company website/catalog text and business model; primary physical goods supported; no required exact revenue percentage.,1999-08-17,Archived 2010-12-31 active equity snapshot plus SEC issuer/security mapping,https://www.alphavantage.co/documentation/#listing-status,https://www.sec.gov/Archives/edgar/data/1092796/0000950153-04-001625.txt,20040716,38319363de3a5dde222764fcf80f26eb1e65f061174ca5847626451d86ac2b0a,https://ir.smith-wesson.com/news-releases/news-release-details/american-outdoor-brands-prepares-spin-name-and-stock-ticker/,,"Continuing SEC issuer/security, corporate name and ticker change; do not substitute a separately spun-off issuer.",https://www.nasdaqtrader.com/dynamic/SymDir/nasdaqlisted.txt,2026-09-29,sector_expansion,393,30,30,2026-09-29,,,2020-06-01,primary physical-product business,verified_eligible,2026-09-29,Current US operational/principal HQ; not a year-by-year historical domicile classification,2010Q1,2019Q4,True,True,True,2012Q3,2019Q4,2012-03-08,2019-06-19,2012Q3,2019Q4,2012-03-08,2019-06-19,"Provider listing/security start, not founding date; see historical mapping evidence"
0001097149,0001097149,ALIGN TECHNOLOGY INC,ALGN,NASDAQ,ALGN,clear aligners and dental scanners,Physical-product manufacturer/brand,Medical devices,TEMPE,AZ,United States,https://www.sec.gov/cgi-bin/browse-edgar?action=getcompany&CIK=0001097149&owner=include&count=10,0cc3b7b7b6b81087a6b6d0e1c283fa8b3bc90b41b38fe81d901f67148382be98,2026-09-16,https://www.aligntech.com/,6b412bb923137f344338598242a616b887b95b05ee01a020270759ed555ee4ae,2026-09-29T23:35:04.313557+00:00,Manual review of company website/catalog text and business model; primary physical goods supported; no required exact revenue percentage.,2001-01-30,Archived 2010-12-31 active equity snapshot plus SEC issuer/security mapping,https://www.alphavantage.co/documentation/#listing-status,https://www.sec.gov/Archives/edgar/data/1097149/0001012870-03-001420.txt,20030327,7d7908ac390570f541bee77bb894e9093fbcdc7a07881346c94a72cac6c09682,artifacts/primary_event_study_2010_2019_v1/ticker_history.csv,,Same SEC issuer with documented security interval; provider labels may reflect subsequent company renaming.,https://www.nasdaqtrader.com/dynamic/SymDir/nasdaqlisted.txt,2026-09-29,sector_expansion,394,36,36,2026-09-29,,,,primary physical-product business,verified_eligible,2026-09-29,Current US operational/principal HQ; not a year-by-year historical domicile classification,2010Q1,2019Q4,True,True,True,2010Q1,2019Q4,2010-04-22,2020-01-29,2010Q1,2019Q4,2010-04-22,2020-01-29,"Provider listing/security start, not founding date; see historical mapping evidence"
0001101302,0001101302,ENTEGRIS INC,ENTG,NASDAQ,ENTG,semiconductor materials and filtration products,Physical-product manufacturer/brand,Materials,BILLERICA,MA,United States,https://www.sec.gov/cgi-bin/browse-edgar?action=getcompany&CIK=0001101302&owner=include&count=10,33fdd6dc4d3cb8f51f488daad333275a2ecf6abf5845ff4d9e87fbaa6743355a,2026-09-16,https://www.entegris.com/,dee5988067bf0b063bde91fd8e6f9b291592f4a46ca08ff8aef4fd3b5e9ac9f8,2026-09-29T23:35:10.373369+00:00,Manual review of company website/catalog text and business model; primary physical goods supported; no required exact revenue percentage.,2000-07-11,Archived 2010-12-31 active equity snapshot plus SEC issuer/security mapping,https://www.alphavantage.co/documentation/#listing-status,https://www.sec.gov/Archives/edgar/data/1101302/0001045969-01-501476.txt,20011123,ea8401bc9b9ad1a196b330e350503af35d2b9e92301bd9035573b2bdfade1bfd,artifacts/primary_event_study_2010_2019_v1/ticker_history.csv,,Same SEC issuer with documented security interval; provider labels may reflect subsequent company renaming.,https://www.nasdaqtrader.com/dynamic/SymDir/nasdaqlisted.txt,2026-09-29,sector_expansion,395,40,40,2026-09-29,,,,primary physical-product business,verified_eligible,2026-09-29,Current US operational/principal HQ; not a year-by-year historical domicile classification,2010Q1,2019Q4,True,True,True,2010Q1,2019Q4,2010-04-27,2020-02-04,2010Q1,2019Q4,2010-04-27,2020-02-04,"Provider listing/security start, not founding date; see historical mapping evidence"
0001104657,0001104657,MATERION Corp,MTRN,NYSE,BW;MTRN,advanced materials and alloys,Physical-product manufacturer/brand,Materials,MAYFIELD HTS.,OH,United States,https://www.sec.gov/cgi-bin/browse-edgar?action=getcompany&CIK=0001104657&owner=include&count=10,ab55efa94654c4036d48994915368b706062035aec9820d0d6919064b99d66fd,2026-09-16,https://www.materion.com/,249f7928c6611d7d1bc3b91092aa805b5bf92597bd15d2ab1473d15cdc1b4c0d,2026-09-29T23:35:33.102026+00:00,Manual review of company website/catalog text and business model; primary physical goods supported; no required exact revenue percentage.,1984-09-07,Archived 2010-12-31 active equity snapshot plus SEC issuer/security mapping,https://www.alphavantage.co/documentation/#listing-status,https://www.sec.gov/Archives/edgar/data/1104657/0000950152-01-001871.txt,20010329,5e5279b46171bef04e5e3f367a645a9c46b52ef2c6aa8c87e17e82e23c058430,https://www.materion.com/about-materion/history,,"Continuing SEC issuer/security, corporate name and ticker change; do not substitute a separately spun-off issuer.",https://www.nasdaqtrader.com/dynamic/SymDir/otherlisted.txt,2026-09-29,sector_expansion,396,36,36,2026-09-29,,,2011-03-08,primary physical-product business,verified_eligible,2026-09-29,Current US operational/principal HQ; not a year-by-year historical domicile classification,2010Q1,2019Q4,True,True,True,2010Q1,2019Q4,2010-04-29,2020-02-13,2010Q1,2019Q4,2010-04-29,2020-02-13,"Provider listing/security start, not founding date; see historical mapping evidence"
0001111335,0001111335,VISTEON CORP,VC,NASDAQ,VC,vehicle cockpit electronics,Physical-product manufacturer/brand,Automotive components,VAN BUREN TOWNSHIP,MI,United States,https://www.sec.gov/cgi-bin/browse-edgar?action=getcompany&CIK=0001111335&owner=include&count=10,02602220b3182bf1297979ef30c05c4091a33ff25dcc52d4f2350e662e141226,2026-09-16,https://www.visteon.com/overview/default.aspx,eea07c7c8155c67d0c12ed0cecc18480bd23f7dcbf6792063247c657b19ad119,2026-09-29T23:34:52.775966+00:00,Manual review of company website/catalog text and business model; primary physical goods supported; no required exact revenue percentage.,2010-10-05,Archived 2010-12-31 active equity snapshot plus SEC issuer/security mapping,https://www.alphavantage.co/documentation/#listing-status,https://www.sec.gov/Archives/edgar/data/1111335/0000950124-03-000355.txt,20030214,f8a76dec394ed75c53e0e116f2e1f2b038ca6ce5622d041c4836fa7800ec3e36,artifacts/primary_event_study_2010_2019_v1/ticker_history.csv,,Same SEC issuer with documented security interval; provider labels may reflect subsequent company renaming.,https://www.nasdaqtrader.com/dynamic/SymDir/nasdaqlisted.txt,2026-09-29,sector_expansion,397,35,35,2026-09-29,,,,primary physical-product business,verified_eligible,2026-09-29,Current US operational/principal HQ; not a year-by-year historical domicile classification,2010Q1,2019Q4,True,True,True,2011Q2,2019Q4,2011-08-04,2020-02-20,2011Q2,2019Q4,2011-08-04,2020-02-20,"Provider listing/security start, not founding date; see historical mapping evidence"
0001120370,0001120370,"BROADWIND, INC.",BWEN,NASDAQ,BWEN,steel fabrication and gearing,Physical-product manufacturer/brand,Industrial products,CICERO,IL,United States,https://www.sec.gov/cgi-bin/browse-edgar?action=getcompany&CIK=0001120370&owner=include&count=10,8a7896a206a3c925d0b987d7adbe580206e9805916e036fa711d4c89f94aaf07,2026-09-16,https://www.bwen.com/,d3a56f98a5e54fbfca1245db9e832719c58cb5b5e68d53328b2c46a55f606b41,2026-09-29T23:35:30.589296+00:00,Manual review of company website/catalog text and business model; primary physical goods supported; no required exact revenue percentage.,2004-03-29,Archived 2010-12-31 active equity snapshot plus SEC issuer/security mapping,https://www.alphavantage.co/documentation/#listing-status,,,,artifacts/primary_event_study_2010_2019_v1/ticker_history.csv,,Same SEC issuer with documented security interval; provider labels may reflect subsequent company renaming.,https://www.nasdaqtrader.com/dynamic/SymDir/nasdaqlisted.txt,2026-09-29,sector_expansion,398,31,31,2026-09-29,,,,primary physical-product business,verified_eligible,2026-09-29,Current US operational/principal HQ; not a year-by-year historical domicile classification,2010Q1,2019Q4,True,True,True,2012Q1,2019Q4,2012-05-09,2020-02-27,2012Q1,2019Q4,2012-05-09,2020-02-27,"Provider listing/security start, not founding date; see historical mapping evidence"
0001121484,0001121484,"OIL STATES INTERNATIONAL, INC",OIS,NYSE,OIS,offshore and energy equipment,Physical-product manufacturer/brand,Machinery,HOUSTON,TX,United States,https://www.sec.gov/cgi-bin/browse-edgar?action=getcompany&CIK=0001121484&owner=include&count=10,e937c28c1a41cab21815b679a7825a01ad679935db3810e6d2db0584bd3cd4a0,2026-09-16,https://oilstates.com/,9340fac38d01459b21688a01d869f2a15f9f12eaa432b70c20abf62f7edc8c26,2026-09-29T23:34:31.898817+00:00,Manual review of company website/catalog text and business model; primary physical goods supported; no required exact revenue percentage.,2001-02-09,Archived 2010-12-31 active equity snapshot plus SEC issuer/security mapping,https://www.alphavantage.co/documentation/#listing-status,https://www.sec.gov/Archives/edgar/data/1121484/0000950129-03-001353.txt,20030313,155f3ab1362b3c449257842c799df5fe17b1d9d43e0912c0eee7b25ce8dc29d8,artifacts/primary_event_study_2010_2019_v1/ticker_history.csv,,Same SEC issuer with documented security interval; provider labels may reflect subsequent company renaming.,https://www.nasdaqtrader.com/dynamic/SymDir/otherlisted.txt,2026-09-29,sector_expansion,399,35,35,2026-09-29,,,,primary physical-product business,verified_eligible,2026-09-29,Current US operational/principal HQ; not a year-by-year historical domicile classification,2010Q1,2019Q4,True,True,True,2011Q2,2019Q4,2011-08-01,2020-02-19,2011Q2,2019Q4,2011-08-01,2020-02-19,"Provider listing/security start, not founding date; see historical mapping evidence"
0001133421,0001133421,NORTHROP GRUMMAN CORP /DE/,NOC,NYSE,NOC,"aircraft, space and defense systems",Physical-product manufacturer/brand,Aerospace,FALLS CHURCH,VA,United States,https://www.sec.gov/cgi-bin/browse-edgar?action=getcompany&CIK=0001133421&owner=include&count=10,3a6e53dc4913baab910f8088f8364d5c115649664ddb937a26fe53ec4fd204de,2026-09-16,https://www.northropgrumman.com/,ad707073984ee41bcabebcdbc1e04131f0cef112948488fc47ce5587875ff006,2026-09-29T23:35:00.539108+00:00,Manual review of company website/catalog text and business model; primary physical goods supported; no required exact revenue percentage.,1981-12-31,Archived 2010-12-31 active equity snapshot plus SEC issuer/security mapping,https://www.alphavantage.co/documentation/#listing-status,https://www.sec.gov/Archives/edgar/data/1133421/0000898430-03-002012.txt,20030324,cff94612ddbf3a70f7361d8cdd66bd2651142e77aae0438e3319e7774cbc8a7e,artifacts/primary_event_study_2010_2019_v1/ticker_history.csv,,Same SEC issuer with documented security interval; provider labels may reflect subsequent company renaming.,https://www.nasdaqtrader.com/dynamic/SymDir/otherlisted.txt,2026-09-29,sector_expansion,400,40,40,2026-09-29,,,,primary physical-product business,verified_eligible,2026-09-29,Current US operational/principal HQ; not a year-by-year historical domicile classification,2010Q1,2019Q4,True,True,True,2010Q1,2019Q4,2010-04-28,2020-01-30,2010Q1,2019Q4,2010-04-28,2020-01-30,"Provider listing/security start, not founding date; see historical mapping evidence"
