scope,path,sha256,bytes,reason
workspace,outputs/hardware_fiscal_date_audit_20260930/final/01_car_0_1_by_scrisk.csv,73081511bbd6d3fc3e2ced97365dfc82a5ca7d5c8f4b3c7e20028f28b9fc7898,1492,"superseded hardware derived output, mapping table, or reproduction backup"
workspace,outputs/hardware_fiscal_date_audit_20260930/final/01_car_0_1_by_scrisk.png,435f6e8a72b4792df48e74ca5b0d98820a7d00338ce9ef607556b194e480c9d2,107589,"superseded hardware derived output, mapping table, or reproduction backup"
workspace,outputs/hardware_fiscal_date_audit_20260930/final/01_car_0_1_by_scrisk_covariance.csv,a8a313bf3b1a525dd4c1687651e4e68c3dea33161edb8ff36879b56984892768,606,"superseded hardware derived output, mapping table, or reproduction backup"
workspace,outputs/hardware_fiscal_date_audit_20260930/final/02_car_0_1_by_resolution.csv,56b657fcf6db028f5abed660035cdc8a72b9f591019674167c1caf2abc2a2534,1573,"superseded hardware derived output, mapping table, or reproduction backup"
workspace,outputs/hardware_fiscal_date_audit_20260930/final/02_car_0_1_by_resolution.png,d439c4f09fbca05e7ce8c5e0e6984a53a6bf175932510f5f2054236517e06c8d,111522,"superseded hardware derived output, mapping table, or reproduction backup"
workspace,outputs/hardware_fiscal_date_audit_20260930/final/02_car_0_1_by_resolution_covariance.csv,d6c477001291ebaff61521639117b6d22ade5a04999a9952953f76d4f7d99501,606,"superseded hardware derived output, mapping table, or reproduction backup"
workspace,outputs/hardware_fiscal_date_audit_20260930/final/03_car_0_1_heatmap.csv,ef450d0ac67e14904d674e091fc0d7fbd0f4ca4041b18ae6c00e90eb99c887a2,6568,"superseded hardware derived output, mapping table, or reproduction backup"
workspace,outputs/hardware_fiscal_date_audit_20260930/final/03_car_0_1_heatmap.png,520e92114b6fe61c8f777a06d45ebb2360814f34b584d3c5cd13354bcd617443,235389,"superseded hardware derived output, mapping table, or reproduction backup"
workspace,outputs/hardware_fiscal_date_audit_20260930/final/03_car_0_1_heatmap_covariance.csv,6cd63bf2bfa6e058aa8810a26af979a1f821a43bdfc94a66697598b3c96fe53c,14721,"superseded hardware derived output, mapping table, or reproduction backup"
workspace,outputs/hardware_fiscal_date_audit_20260930/final/04_car_2_60_by_scrisk.csv,e2ccf3086f41fd0fba346ae9a26e7dda72d7e337df20611f1f8e8c684047bb67,1514,"superseded hardware derived output, mapping table, or reproduction backup"
workspace,outputs/hardware_fiscal_date_audit_20260930/final/04_car_2_60_by_scrisk.png,a30217facfb5782dd44e280308324c19f3ca8850264f8516c3bb279693b4a38f,117002,"superseded hardware derived output, mapping table, or reproduction backup"
workspace,outputs/hardware_fiscal_date_audit_20260930/final/04_car_2_60_by_scrisk_covariance.csv,9b8259cf974d5651ce41a314be8ae42ee9b3c533a690b30f63be80cd28824e33,622,"superseded hardware derived output, mapping table, or reproduction backup"
workspace,outputs/hardware_fiscal_date_audit_20260930/final/05_car_2_60_heatmap.csv,281f5e71a79defed61ce8ed3ebf88bba5a82569b4b0d3ac5891897cc3bcf985c,6663,"superseded hardware derived output, mapping table, or reproduction backup"
workspace,outputs/hardware_fiscal_date_audit_20260930/final/05_car_2_60_heatmap.png,6b5fbdb66550fc82f469559c2c404c04ce1cf5646d40db34399c44f22a8c4586,242412,"superseded hardware derived output, mapping table, or reproduction backup"
workspace,outputs/hardware_fiscal_date_audit_20260930/final/05_car_2_60_heatmap_covariance.csv,08e06b29df1e0d99001371960ce34394b96ab9cecae8c85b910f0d718ff57fd5,14936,"superseded hardware derived output, mapping table, or reproduction backup"
workspace,outputs/hardware_fiscal_date_audit_20260930/final/audit_rebuild_verification.json,6feda90cec6d3b2b3ea2af71ce21595b64d0b38a0debab4dd561f3bf53885aab,1753,"superseded hardware derived output, mapping table, or reproduction backup"
workspace,outputs/hardware_fiscal_date_audit_20260930/final/calls.csv.gz,cf557d37bb6721296fd0516259d76d62b0ae41adbb6e5ade52ad58fd6c2d70ee,3843978,"superseded hardware derived output, mapping table, or reproduction backup"
workspace,outputs/hardware_fiscal_date_audit_20260930/final/eligible_winsorized_calls.csv.gz,6e1ce64c6eb58f122252f93b0cb964ce35412ed0ed666902d713964e2de7903b,4595150,"superseded hardware derived output, mapping table, or reproduction backup"
workspace,outputs/hardware_fiscal_date_audit_20260930/final/nested_memberships.csv.gz,11504476a6e35c0f1206f1b2b78d4943033d28467f909f764c9edbc500785c95,433256,"superseded hardware derived output, mapping table, or reproduction backup"
workspace,outputs/hardware_fiscal_date_audit_20260930/final/pages/us_hardware_fractional_charts_page_1.png,435f6e8a72b4792df48e74ca5b0d98820a7d00338ce9ef607556b194e480c9d2,107589,"superseded hardware derived output, mapping table, or reproduction backup"
workspace,outputs/hardware_fiscal_date_audit_20260930/final/pages/us_hardware_fractional_charts_page_2.png,d439c4f09fbca05e7ce8c5e0e6984a53a6bf175932510f5f2054236517e06c8d,111522,"superseded hardware derived output, mapping table, or reproduction backup"
workspace,outputs/hardware_fiscal_date_audit_20260930/final/pages/us_hardware_fractional_charts_page_3.png,520e92114b6fe61c8f777a06d45ebb2360814f34b584d3c5cd13354bcd617443,235389,"superseded hardware derived output, mapping table, or reproduction backup"
workspace,outputs/hardware_fiscal_date_audit_20260930/final/pages/us_hardware_fractional_charts_page_4.png,a30217facfb5782dd44e280308324c19f3ca8850264f8516c3bb279693b4a38f,117002,"superseded hardware derived output, mapping table, or reproduction backup"
workspace,outputs/hardware_fiscal_date_audit_20260930/final/pages/us_hardware_fractional_charts_page_5.png,6b5fbdb66550fc82f469559c2c404c04ce1cf5646d40db34399c44f22a8c4586,242412,"superseded hardware derived output, mapping table, or reproduction backup"
workspace,outputs/hardware_fiscal_date_audit_20260930/final/portfolio_comparisons.csv,3c8bf1c849eaf35082c8fe2d9917e81e4738c2b15f8d2ab181242f20e06a5feb,113464,"superseded hardware derived output, mapping table, or reproduction backup"
workspace,outputs/hardware_fiscal_date_audit_20260930/final/private_refit_results.csv.gz,c4023e11c73b0352e16fc80047a4f6d71c54238c807e548931fcb8ae981c08da,4725305,"superseded hardware derived output, mapping table, or reproduction backup"
workspace,outputs/hardware_fiscal_date_audit_20260930/final/scrisk_memberships.csv.gz,71df7dd1498f23a0c5b1a178da47074358881bcbf0032feeecd75994c5135c21,99704,"superseded hardware derived output, mapping table, or reproduction backup"
workspace,outputs/hardware_fiscal_date_audit_20260930/final/us_hardware_fractional_charts.pdf,dc38765931cf9ccac94b84573f3523153b011db01d4eadec855a1d6aa519be60,633630,"superseded hardware derived output, mapping table, or reproduction backup"
workspace,outputs/hardware_fiscal_date_audit_20260930/final/winsorization_thresholds.csv,4f888140d43158ad00816ac522455ded5747b85f781fa1ec861e48ccc3b4fbb8,332,"superseded hardware derived output, mapping table, or reproduction backup"
workspace,outputs/hardware_fiscal_date_audit_20260930/final/zero_tie_audit.csv,dbab432393c534354101c15fc83b826faaf33c2bc8317b074ac4ab7a0ed3348d,439,"superseded hardware derived output, mapping table, or reproduction backup"
workspace,outputs/hardware_fiscal_date_audit_20260930/full/01_car_0_1_by_scrisk.csv,73081511bbd6d3fc3e2ced97365dfc82a5ca7d5c8f4b3c7e20028f28b9fc7898,1492,"superseded hardware derived output, mapping table, or reproduction backup"
workspace,outputs/hardware_fiscal_date_audit_20260930/full/01_car_0_1_by_scrisk.png,435f6e8a72b4792df48e74ca5b0d98820a7d00338ce9ef607556b194e480c9d2,107589,"superseded hardware derived output, mapping table, or reproduction backup"
workspace,outputs/hardware_fiscal_date_audit_20260930/full/01_car_0_1_by_scrisk_covariance.csv,a8a313bf3b1a525dd4c1687651e4e68c3dea33161edb8ff36879b56984892768,606,"superseded hardware derived output, mapping table, or reproduction backup"
workspace,outputs/hardware_fiscal_date_audit_20260930/full/02_car_0_1_by_resolution.csv,56b657fcf6db028f5abed660035cdc8a72b9f591019674167c1caf2abc2a2534,1573,"superseded hardware derived output, mapping table, or reproduction backup"
workspace,outputs/hardware_fiscal_date_audit_20260930/full/02_car_0_1_by_resolution.png,d439c4f09fbca05e7ce8c5e0e6984a53a6bf175932510f5f2054236517e06c8d,111522,"superseded hardware derived output, mapping table, or reproduction backup"
workspace,outputs/hardware_fiscal_date_audit_20260930/full/02_car_0_1_by_resolution_covariance.csv,d6c477001291ebaff61521639117b6d22ade5a04999a9952953f76d4f7d99501,606,"superseded hardware derived output, mapping table, or reproduction backup"
workspace,outputs/hardware_fiscal_date_audit_20260930/full/03_car_0_1_heatmap.csv,ef450d0ac67e14904d674e091fc0d7fbd0f4ca4041b18ae6c00e90eb99c887a2,6568,"superseded hardware derived output, mapping table, or reproduction backup"
workspace,outputs/hardware_fiscal_date_audit_20260930/full/03_car_0_1_heatmap.png,520e92114b6fe61c8f777a06d45ebb2360814f34b584d3c5cd13354bcd617443,235389,"superseded hardware derived output, mapping table, or reproduction backup"
workspace,outputs/hardware_fiscal_date_audit_20260930/full/03_car_0_1_heatmap_covariance.csv,6cd63bf2bfa6e058aa8810a26af979a1f821a43bdfc94a66697598b3c96fe53c,14721,"superseded hardware derived output, mapping table, or reproduction backup"
workspace,outputs/hardware_fiscal_date_audit_20260930/full/04_car_2_60_by_scrisk.csv,e2ccf3086f41fd0fba346ae9a26e7dda72d7e337df20611f1f8e8c684047bb67,1514,"superseded hardware derived output, mapping table, or reproduction backup"
workspace,outputs/hardware_fiscal_date_audit_20260930/full/04_car_2_60_by_scrisk.png,a30217facfb5782dd44e280308324c19f3ca8850264f8516c3bb279693b4a38f,117002,"superseded hardware derived output, mapping table, or reproduction backup"
workspace,outputs/hardware_fiscal_date_audit_20260930/full/04_car_2_60_by_scrisk_covariance.csv,9b8259cf974d5651ce41a314be8ae42ee9b3c533a690b30f63be80cd28824e33,622,"superseded hardware derived output, mapping table, or reproduction backup"
workspace,outputs/hardware_fiscal_date_audit_20260930/full/05_car_2_60_heatmap.csv,281f5e71a79defed61ce8ed3ebf88bba5a82569b4b0d3ac5891897cc3bcf985c,6663,"superseded hardware derived output, mapping table, or reproduction backup"
workspace,outputs/hardware_fiscal_date_audit_20260930/full/05_car_2_60_heatmap.png,6b5fbdb66550fc82f469559c2c404c04ce1cf5646d40db34399c44f22a8c4586,242412,"superseded hardware derived output, mapping table, or reproduction backup"
workspace,outputs/hardware_fiscal_date_audit_20260930/full/05_car_2_60_heatmap_covariance.csv,08e06b29df1e0d99001371960ce34394b96ab9cecae8c85b910f0d718ff57fd5,14936,"superseded hardware derived output, mapping table, or reproduction backup"
workspace,outputs/hardware_fiscal_date_audit_20260930/full/audit_rebuild_verification.json,3b85573f962461a5d4ee881c900ada8ea50f0b6c568ed28b94cb619adade1670,1753,"superseded hardware derived output, mapping table, or reproduction backup"
workspace,outputs/hardware_fiscal_date_audit_20260930/full/calls.csv.gz,1af2cfa138c632f790116e5da02cfde5a6610a31406c28ffb4137e82886ca16d,3816828,"superseded hardware derived output, mapping table, or reproduction backup"
workspace,outputs/hardware_fiscal_date_audit_20260930/full/eligible_winsorized_calls.csv.gz,2d0bf73e386ca3f913c52c03c09714617178dd4c7c8f766e697297f505cf379e,5387483,"superseded hardware derived output, mapping table, or reproduction backup"
workspace,outputs/hardware_fiscal_date_audit_20260930/full/nested_memberships.csv.gz,4b931f9675b27c82dff21235a713a4170cc668cfbe432afc034c76b332eb43cc,433256,"superseded hardware derived output, mapping table, or reproduction backup"
workspace,outputs/hardware_fiscal_date_audit_20260930/full/pages/us_hardware_fractional_charts_page_1.png,435f6e8a72b4792df48e74ca5b0d98820a7d00338ce9ef607556b194e480c9d2,107589,"superseded hardware derived output, mapping table, or reproduction backup"
workspace,outputs/hardware_fiscal_date_audit_20260930/full/pages/us_hardware_fractional_charts_page_2.png,d439c4f09fbca05e7ce8c5e0e6984a53a6bf175932510f5f2054236517e06c8d,111522,"superseded hardware derived output, mapping table, or reproduction backup"
workspace,outputs/hardware_fiscal_date_audit_20260930/full/pages/us_hardware_fractional_charts_page_3.png,520e92114b6fe61c8f777a06d45ebb2360814f34b584d3c5cd13354bcd617443,235389,"superseded hardware derived output, mapping table, or reproduction backup"
workspace,outputs/hardware_fiscal_date_audit_20260930/full/pages/us_hardware_fractional_charts_page_4.png,a30217facfb5782dd44e280308324c19f3ca8850264f8516c3bb279693b4a38f,117002,"superseded hardware derived output, mapping table, or reproduction backup"
workspace,outputs/hardware_fiscal_date_audit_20260930/full/pages/us_hardware_fractional_charts_page_5.png,6b5fbdb66550fc82f469559c2c404c04ce1cf5646d40db34399c44f22a8c4586,242412,"superseded hardware derived output, mapping table, or reproduction backup"
workspace,outputs/hardware_fiscal_date_audit_20260930/full/portfolio_comparisons.csv,3c8bf1c849eaf35082c8fe2d9917e81e4738c2b15f8d2ab181242f20e06a5feb,113464,"superseded hardware derived output, mapping table, or reproduction backup"
workspace,outputs/hardware_fiscal_date_audit_20260930/full/private_refit_results.csv.gz,0255c66de4b6f9c88118c6b420af3f74473fa4771ec86a7c43cfb5abc9f5263e,5567571,"superseded hardware derived output, mapping table, or reproduction backup"
workspace,outputs/hardware_fiscal_date_audit_20260930/full/scrisk_memberships.csv.gz,684f9f7acb6e82a1f80663fcd57a70e70e00096fd34156a00989defc590828f6,99704,"superseded hardware derived output, mapping table, or reproduction backup"
workspace,outputs/hardware_fiscal_date_audit_20260930/full/us_hardware_fractional_charts.pdf,e525fb426c83f7c46bd7bcf599accafedfca35be03af2b4c8cf01cc3c288ed0b,633630,"superseded hardware derived output, mapping table, or reproduction backup"
workspace,outputs/hardware_fiscal_date_audit_20260930/full/winsorization_thresholds.csv,4f888140d43158ad00816ac522455ded5747b85f781fa1ec861e48ccc3b4fbb8,332,"superseded hardware derived output, mapping table, or reproduction backup"
workspace,outputs/hardware_fiscal_date_audit_20260930/full/zero_tie_audit.csv,dbab432393c534354101c15fc83b826faaf33c2bc8317b074ac4ab7a0ed3348d,439,"superseded hardware derived output, mapping table, or reproduction backup"
workspace,outputs/hardware_fiscal_date_audit_20260930/pilot/01_car_0_1_by_scrisk.csv,5a99cb4c59c5fd1a1a159094ffe6bd6c11f7142d8d517ce936e7d6997bc72c92,1119,"superseded hardware derived output, mapping table, or reproduction backup"
workspace,outputs/hardware_fiscal_date_audit_20260930/pilot/01_car_0_1_by_scrisk.png,0762824e2698a4c150e2061574a503d1549b4e5cc70d8c0abff2524409b89f26,107554,"superseded hardware derived output, mapping table, or reproduction backup"
workspace,outputs/hardware_fiscal_date_audit_20260930/pilot/02_car_0_1_by_resolution.csv,3df250bb6daae88e4b4d761116b8b3ea2953aa58e5ce73b72173bb22b574d87e,1387,"superseded hardware derived output, mapping table, or reproduction backup"
workspace,outputs/hardware_fiscal_date_audit_20260930/pilot/02_car_0_1_by_resolution.png,a158840dd089b39fc5bf5ef918f0d229ca9b76c814591e8428acbfd7e3d26798,103667,"superseded hardware derived output, mapping table, or reproduction backup"
workspace,outputs/hardware_fiscal_date_audit_20260930/pilot/02_car_0_1_by_resolution_covariance.csv,c4859f96071062430f3e5bf4da7e7519343adc8b0c19ce6c1b8d420e0a0fc87e,604,"superseded hardware derived output, mapping table, or reproduction backup"
workspace,outputs/hardware_fiscal_date_audit_20260930/pilot/03_car_0_1_heatmap.csv,4521dc27d0efc73241fc295b80c8cdb9da763eecc414bc57d7193d5ba8a95538,5133,"superseded hardware derived output, mapping table, or reproduction backup"
workspace,outputs/hardware_fiscal_date_audit_20260930/pilot/03_car_0_1_heatmap.png,a41ad4236a77abc9167221fe67b8b5a69dc80f0da26ed658dc7c6bbc2dd36b1e,211686,"superseded hardware derived output, mapping table, or reproduction backup"
workspace,outputs/hardware_fiscal_date_audit_20260930/pilot/04_car_2_60_by_scrisk.csv,c2c4302af0ad77efeb5e2b339504d95164eec942999257597c7e7323af704d0a,1126,"superseded hardware derived output, mapping table, or reproduction backup"
workspace,outputs/hardware_fiscal_date_audit_20260930/pilot/04_car_2_60_by_scrisk.png,dfd8c7f9007483d798c63eeec449b3844ccb83961b1e738044ff7495a400ae5f,109640,"superseded hardware derived output, mapping table, or reproduction backup"
workspace,outputs/hardware_fiscal_date_audit_20260930/pilot/05_car_2_60_heatmap.csv,268f3342365204d3468208cc15621624b0c913a490e456211a1ccad054f08e25,5148,"superseded hardware derived output, mapping table, or reproduction backup"
workspace,outputs/hardware_fiscal_date_audit_20260930/pilot/05_car_2_60_heatmap.png,cabe911263986c5e7d720bfdc7ec08891ace0423ccfb9bc5502733e1cafa7ac2,222585,"superseded hardware derived output, mapping table, or reproduction backup"
workspace,outputs/hardware_fiscal_date_audit_20260930/pilot/audit_rebuild_verification.json,429290a2a3a43e45f781aec152362651fac594fe680078a4be810c32b53d0445,1728,"superseded hardware derived output, mapping table, or reproduction backup"
workspace,outputs/hardware_fiscal_date_audit_20260930/pilot/calls.csv.gz,e1aa13c50baee93cbaec3b13cdf2835e291f424de08fe2c857990518f7303909,24737,"superseded hardware derived output, mapping table, or reproduction backup"
workspace,outputs/hardware_fiscal_date_audit_20260930/pilot/eligible_winsorized_calls.csv.gz,b0a793e6356044db0873550dfc3e3a25a7e93bb611383b61dcfb5214be7cdf4a,33401,"superseded hardware derived output, mapping table, or reproduction backup"
workspace,outputs/hardware_fiscal_date_audit_20260930/pilot/nested_memberships.csv.gz,55c310325b5c18c3bd41e92f8cceec1d0ea2f05baab9fca60a52d6f3c1ea0b49,1278,"superseded hardware derived output, mapping table, or reproduction backup"
workspace,outputs/hardware_fiscal_date_audit_20260930/pilot/pages/us_hardware_fractional_charts_page_1.png,0762824e2698a4c150e2061574a503d1549b4e5cc70d8c0abff2524409b89f26,107554,"superseded hardware derived output, mapping table, or reproduction backup"
workspace,outputs/hardware_fiscal_date_audit_20260930/pilot/pages/us_hardware_fractional_charts_page_2.png,a158840dd089b39fc5bf5ef918f0d229ca9b76c814591e8428acbfd7e3d26798,103667,"superseded hardware derived output, mapping table, or reproduction backup"
workspace,outputs/hardware_fiscal_date_audit_20260930/pilot/pages/us_hardware_fractional_charts_page_3.png,a41ad4236a77abc9167221fe67b8b5a69dc80f0da26ed658dc7c6bbc2dd36b1e,211686,"superseded hardware derived output, mapping table, or reproduction backup"
workspace,outputs/hardware_fiscal_date_audit_20260930/pilot/pages/us_hardware_fractional_charts_page_4.png,dfd8c7f9007483d798c63eeec449b3844ccb83961b1e738044ff7495a400ae5f,109640,"superseded hardware derived output, mapping table, or reproduction backup"
workspace,outputs/hardware_fiscal_date_audit_20260930/pilot/pages/us_hardware_fractional_charts_page_5.png,cabe911263986c5e7d720bfdc7ec08891ace0423ccfb9bc5502733e1cafa7ac2,222585,"superseded hardware derived output, mapping table, or reproduction backup"
workspace,outputs/hardware_fiscal_date_audit_20260930/pilot/portfolio_comparisons.csv,0ac45e5bcc93c750f5108967a7f8cd78ad753a7c89a2aed313a410ff7e533730,1900,"superseded hardware derived output, mapping table, or reproduction backup"
workspace,outputs/hardware_fiscal_date_audit_20260930/pilot/private_refit_results.csv.gz,354dfcc706b42a4b756fbbc73c39e770a9b2fd085ad224e2f8bf9b1cd5ee5a6e,38114,"superseded hardware derived output, mapping table, or reproduction backup"
workspace,outputs/hardware_fiscal_date_audit_20260930/pilot/scrisk_memberships.csv.gz,976a6fdb825b0b9767d37f390ccb9c47a50e91f1c6035ae43c287e279e2754c9,637,"superseded hardware derived output, mapping table, or reproduction backup"
workspace,outputs/hardware_fiscal_date_audit_20260930/pilot/us_hardware_fractional_charts.pdf,297b9ee87f6d6c80a98dc56714ec906c44d2bdd1296e0edb9273a558f61b45b5,603503,"superseded hardware derived output, mapping table, or reproduction backup"
workspace,outputs/hardware_fiscal_date_audit_20260930/pilot/winsorization_thresholds.csv,d4dc0c22c0c119eb4589e0a5ee038a42527b7053bf2ea3da866f4aa8650df8da,310,"superseded hardware derived output, mapping table, or reproduction backup"
workspace,outputs/hardware_fiscal_date_audit_20260930/pilot/zero_tie_audit.csv,b6e0ef9857a12ced251d9885d20d6ab94a33e8e91037a74827656bdb77765b8b,234,"superseded hardware derived output, mapping table, or reproduction backup"
workspace,outputs/hardware_portfolio_2010_2019_v1/REPORT.md,c349873d858b9285bc3de2972c83bea88f693151d6df61b3ba4034ad216d3812,9267,"superseded hardware derived output, mapping table, or reproduction backup"
workspace,outputs/hardware_portfolio_2010_2019_v1/REPRODUCE.md,2d9eb082e5c026105942e22943be01281e6345687cc69403e42b9d2c3785629e,5492,"superseded hardware derived output, mapping table, or reproduction backup"
workspace,outputs/hardware_portfolio_2010_2019_v1/VISUAL_QA.md,14f3e30e58e3044280865cd6e4e8fd14aa904da92cddbfc1535b1f197f81fbb2,560,"superseded hardware derived output, mapping table, or reproduction backup"
workspace,outputs/hardware_portfolio_2010_2019_v1/accounting.log,6972bb19f8cbd8b80594e7b3549d4e33ad6a2c8c92354e7a2eeb865c9c0f570e,2263,"superseded hardware derived output, mapping table, or reproduction backup"
workspace,outputs/hardware_portfolio_2010_2019_v1/environment.json,30c914b691100eacc4660a2b107d86f217cd5508864315429a71660d7d2c7951,775,"superseded hardware derived output, mapping table, or reproduction backup"
workspace,outputs/hardware_portfolio_2010_2019_v1/full/01_car_0_1_by_scrisk.csv,9b6b757f3bfa10a752e7f53a5976e00328f78e1a5c6edc7429c783b759e6015e,1436,"superseded hardware derived output, mapping table, or reproduction backup"
workspace,outputs/hardware_portfolio_2010_2019_v1/full/01_car_0_1_by_scrisk.png,3ce8544acffb9512c53deb512c35966606bdf44229b2a2c516c0d01d9052a57b,110130,"superseded hardware derived output, mapping table, or reproduction backup"
workspace,outputs/hardware_portfolio_2010_2019_v1/full/01_car_0_1_by_scrisk_covariance.csv,0c19de2bb63aba93d373a753498a5fb58734f85a394674ff4de702db6714bfea,606,"superseded hardware derived output, mapping table, or reproduction backup"
workspace,outputs/hardware_portfolio_2010_2019_v1/full/02_car_0_1_by_resolution.csv,d1e77ad7342e14f9d9a992e720de448f7164579ee262c5f1d99e986ecac60d06,1487,"superseded hardware derived output, mapping table, or reproduction backup"
workspace,outputs/hardware_portfolio_2010_2019_v1/full/02_car_0_1_by_resolution.png,8602d8ce3a31d2597ef586bfea4e32f6d0833ed3b770e83d13f3bebc75176aac,111334,"superseded hardware derived output, mapping table, or reproduction backup"
workspace,outputs/hardware_portfolio_2010_2019_v1/full/02_car_0_1_by_resolution_covariance.csv,f7c413f658f1bf9552c30573d9d83b7f7fd1a94c29a191c67f01a947d6f995c5,606,"superseded hardware derived output, mapping table, or reproduction backup"
workspace,outputs/hardware_portfolio_2010_2019_v1/full/03_car_0_1_heatmap.csv,c31bd73964014b1e9caf5269dd7f0ce73ecd5cfdd606119292be629d202c2a82,6518,"superseded hardware derived output, mapping table, or reproduction backup"
workspace,outputs/hardware_portfolio_2010_2019_v1/full/03_car_0_1_heatmap.png,3ffcae23a756660a340d83d29a5fe72aff4dfbc0de576a1fd428fe446def797b,223414,"superseded hardware derived output, mapping table, or reproduction backup"
workspace,outputs/hardware_portfolio_2010_2019_v1/full/03_car_0_1_heatmap_covariance.csv,ee595cfdd41a9e85eda311cec84b0433c9eec932647cfe8280b8dc13f9167f50,14655,"superseded hardware derived output, mapping table, or reproduction backup"
workspace,outputs/hardware_portfolio_2010_2019_v1/full/04_car_2_60_by_scrisk.csv,36c4187818c64ad42ce88e22ad984c6466a626115c7381175f17d776b28efc47,1441,"superseded hardware derived output, mapping table, or reproduction backup"
workspace,outputs/hardware_portfolio_2010_2019_v1/full/04_car_2_60_by_scrisk.png,860418836284f8f21e66162b9f50bf312ef175c4058d8e8e11c8385a4eeda82c,113725,"superseded hardware derived output, mapping table, or reproduction backup"
workspace,outputs/hardware_portfolio_2010_2019_v1/full/04_car_2_60_by_scrisk_covariance.csv,ccaa73efec1b2a19d984873772381d60dab93b1a608df2739d9bdd4890183a4d,618,"superseded hardware derived output, mapping table, or reproduction backup"
workspace,outputs/hardware_portfolio_2010_2019_v1/full/05_car_2_60_heatmap.csv,75d08c6b3859a9b9477422cf33f5ce665c04ee0313d031e9ed3e78eaad1ae1b7,6573,"superseded hardware derived output, mapping table, or reproduction backup"
workspace,outputs/hardware_portfolio_2010_2019_v1/full/05_car_2_60_heatmap.png,1d0b501513941f4c16b7ab535ea1d16934bdcba96a4be82574d4271875867f8a,230410,"superseded hardware derived output, mapping table, or reproduction backup"
workspace,outputs/hardware_portfolio_2010_2019_v1/full/05_car_2_60_heatmap_covariance.csv,382dbc2bb17dc71c3723ff7e982b8b032bb09a7ecb47c79bee061c148a5eda10,14971,"superseded hardware derived output, mapping table, or reproduction backup"
workspace,outputs/hardware_portfolio_2010_2019_v1/full/call_level_scored_car.csv,616be49cce5108b70e2e217c4f8be7c38c7bfd51a9b18ff673e7f662e0f8d4bb,20225162,"superseded hardware derived output, mapping table, or reproduction backup"
workspace,outputs/hardware_portfolio_2010_2019_v1/full/car_historical_parity.csv,2c4f794875e5996810fdc699bb89e4fb1a6d780ebdcf77dbf439b833e1d9c13d,420346,"superseded hardware derived output, mapping table, or reproduction backup"
workspace,outputs/hardware_portfolio_2010_2019_v1/full/daily_factors.csv,eb3f109aa1aa207b1a0c010c2b125d01dc30366621ecc373de83f31d55183bda,296007,"superseded hardware derived output, mapping table, or reproduction backup"
workspace,outputs/hardware_portfolio_2010_2019_v1/full/eligible_winsorized_calls.csv.gz,69ffc61bda2ed2fcc6747acfc18c962b395a88f83e797b045cce2f596e281b7c,2774861,"superseded hardware derived output, mapping table, or reproduction backup"
workspace,outputs/hardware_portfolio_2010_2019_v1/full/event_day_audit.csv.gz,a2f0432e5173f9f8f70e448f7afda4845360953293b594da7c760cd5108600ea,12560838,"superseded hardware derived output, mapping table, or reproduction backup"
workspace,outputs/hardware_portfolio_2010_2019_v1/full/excluded_calls.csv,4bfc1c9e7571c225cebfcb284f1f5299e5f1aa0c7845af025adb60e7dae1d64e,146319,"superseded hardware derived output, mapping table, or reproduction backup"
workspace,outputs/hardware_portfolio_2010_2019_v1/full/gate_counts.csv,736c790643ef245869e2a996cac43cbfef8f0f9ae852c6062c793b3b1846b4b8,219,"superseded hardware derived output, mapping table, or reproduction backup"
workspace,outputs/hardware_portfolio_2010_2019_v1/full/manifest.json,d63cf1d084cb596d81a6726dff9e190eb93125bc2a80c3a864361ccfc338bd5a,7450,"superseded hardware derived output, mapping table, or reproduction backup"
workspace,outputs/hardware_portfolio_2010_2019_v1/full/market_data_sources.csv,5fd004cc3fad4a221a25d2d8941268979390c00149113cdf4d3f37e5c5e7e420,96870,"superseded hardware derived output, mapping table, or reproduction backup"
workspace,outputs/hardware_portfolio_2010_2019_v1/full/match_audit.jsonl.gz,2910407b979bed5602faf0da8f2bfa12c1e55e8301a0ff5717d27bdf75dc0635,1443084,"superseded hardware derived output, mapping table, or reproduction backup"
workspace,outputs/hardware_portfolio_2010_2019_v1/full/nested_memberships.csv.gz,ed50427867aedf30a0e0fea549f639308758003253a8db910ba6c9574225737b,228474,"superseded hardware derived output, mapping table, or reproduction backup"
workspace,outputs/hardware_portfolio_2010_2019_v1/full/pages/us_hardware_fractional_charts_page_1.png,3ce8544acffb9512c53deb512c35966606bdf44229b2a2c516c0d01d9052a57b,110130,"superseded hardware derived output, mapping table, or reproduction backup"
workspace,outputs/hardware_portfolio_2010_2019_v1/full/pages/us_hardware_fractional_charts_page_2.png,8602d8ce3a31d2597ef586bfea4e32f6d0833ed3b770e83d13f3bebc75176aac,111334,"superseded hardware derived output, mapping table, or reproduction backup"
workspace,outputs/hardware_portfolio_2010_2019_v1/full/pages/us_hardware_fractional_charts_page_3.png,3ffcae23a756660a340d83d29a5fe72aff4dfbc0de576a1fd428fe446def797b,223414,"superseded hardware derived output, mapping table, or reproduction backup"
workspace,outputs/hardware_portfolio_2010_2019_v1/full/pages/us_hardware_fractional_charts_page_4.png,860418836284f8f21e66162b9f50bf312ef175c4058d8e8e11c8385a4eeda82c,113725,"superseded hardware derived output, mapping table, or reproduction backup"
workspace,outputs/hardware_portfolio_2010_2019_v1/full/pages/us_hardware_fractional_charts_page_5.png,1d0b501513941f4c16b7ab535ea1d16934bdcba96a4be82574d4271875867f8a,230410,"superseded hardware derived output, mapping table, or reproduction backup"
workspace,outputs/hardware_portfolio_2010_2019_v1/full/portfolio_comparisons.csv,0e73ccff849aab52a740a3d30bbc5b2237b748b522d970c9ddd6de4738b5680b,112795,"superseded hardware derived output, mapping table, or reproduction backup"
workspace,outputs/hardware_portfolio_2010_2019_v1/full/regression_audit.csv,d38e2d518cfdd466af07ab0e995943570087125f0e644f817e6a4e857e9360ee,3159342,"superseded hardware derived output, mapping table, or reproduction backup"
workspace,outputs/hardware_portfolio_2010_2019_v1/full/scaling.json,1d0dbb69fa2c41f151790a477d655dfa02e9d251b1d5ee9a0f077ea86faa4cc3,180,"superseded hardware derived output, mapping table, or reproduction backup"
workspace,outputs/hardware_portfolio_2010_2019_v1/full/scoring_validation.csv,e538bafb63f8f0cfa9e6b68230a26989a9a0414afcf30a185dd5c0e8ed3c10e9,259273,"superseded hardware derived output, mapping table, or reproduction backup"
workspace,outputs/hardware_portfolio_2010_2019_v1/full/scrisk_memberships.csv.gz,7e61877c501099017440334f2f36318d8779e50c986d4beed1101564783fe64c,52508,"superseded hardware derived output, mapping table, or reproduction backup"
workspace,outputs/hardware_portfolio_2010_2019_v1/full/us_hardware_fractional_charts.pdf,08f61484fe8487ece71bcfa6f958a60d7a187833e19d9163d29eb6a1d94b921a,626097,"superseded hardware derived output, mapping table, or reproduction backup"
workspace,outputs/hardware_portfolio_2010_2019_v1/full/winsorization_thresholds.csv,2921d72e748d40a7e48bc479c7f21a7fea43e2eaac343dc3a3fe212f8280216b,321,"superseded hardware derived output, mapping table, or reproduction backup"
workspace,outputs/hardware_portfolio_2010_2019_v1/full/zero_tie_audit.csv,713685c56f8c991859e54966d6f44aa7028062fb2030194e6d495d892df83935,305,"superseded hardware derived output, mapping table, or reproduction backup"
workspace,outputs/hardware_portfolio_2010_2019_v1/original_study_parity/01_car_0_1_by_scrisk.csv,d070cd2762b50b34adc6cc68581eeb682bc5bca2a2bcfc7596410e7ebf634625,1513,"superseded hardware derived output, mapping table, or reproduction backup"
workspace,outputs/hardware_portfolio_2010_2019_v1/original_study_parity/01_car_0_1_by_scrisk.png,e47ca9a25c0be56530d3cd9b7147220fbc4941050911c41122ff1a8cbaaf3246,108754,"superseded hardware derived output, mapping table, or reproduction backup"
workspace,outputs/hardware_portfolio_2010_2019_v1/original_study_parity/02_car_0_1_by_resolution.csv,2cf5577b8321adc87b6e50933d3551029acac30b36ad939b044aa2733f21925b,1523,"superseded hardware derived output, mapping table, or reproduction backup"
workspace,outputs/hardware_portfolio_2010_2019_v1/original_study_parity/02_car_0_1_by_resolution.png,ebeeacd15967ed66826654ca5fd62dd3abb86e838ae3025c44ae791d2c96ace5,110320,"superseded hardware derived output, mapping table, or reproduction backup"
workspace,outputs/hardware_portfolio_2010_2019_v1/original_study_parity/03_car_0_1_heatmap.csv,b3f5c7fa74afea4b9ee28685d7f9c42babb6cdd90fbecc14a7fff75e71f5e012,6818,"superseded hardware derived output, mapping table, or reproduction backup"
workspace,outputs/hardware_portfolio_2010_2019_v1/original_study_parity/03_car_0_1_heatmap.png,454afabc2d29ca7a351b6e5f813cbe0852274a1b8d01bcc8b9948f40db2af4e6,238701,"superseded hardware derived output, mapping table, or reproduction backup"
workspace,outputs/hardware_portfolio_2010_2019_v1/original_study_parity/04_car_2_60_by_scrisk.csv,eac8873eea91f102be73976874a303d673c0304c94c725f80111d5950a58a64d,1525,"superseded hardware derived output, mapping table, or reproduction backup"
workspace,outputs/hardware_portfolio_2010_2019_v1/original_study_parity/04_car_2_60_by_scrisk.png,d7ce77ea1d09c94a1a935ac763609faf07ea5e650e8f29bafafcadc71082627d,110051,"superseded hardware derived output, mapping table, or reproduction backup"
workspace,outputs/hardware_portfolio_2010_2019_v1/original_study_parity/05_car_2_60_heatmap.csv,395d11f7a0116040f3abceb9c779f3a9b03367040ec82270ae6faa0aa53d7885,6891,"superseded hardware derived output, mapping table, or reproduction backup"
workspace,outputs/hardware_portfolio_2010_2019_v1/original_study_parity/05_car_2_60_heatmap.png,272cd5749cc603c37c2def60a6cad3ea835b54e7404c73b653d6e78e8e0e2021,236457,"superseded hardware derived output, mapping table, or reproduction backup"
workspace,outputs/hardware_portfolio_2010_2019_v1/original_study_parity/portfolio_charts_fractional_ties.pdf,79ef05f76aacb89dcc017121b7aac10415bf5c7dff5331f5a1800574bc3dc591,634751,"superseded hardware derived output, mapping table, or reproduction backup"
workspace,outputs/hardware_portfolio_2010_2019_v1/original_study_parity/portfolio_comparisons.csv,2ee7921691267f9e374dc54725bc1e9bf0d775475323525d88db3c26bbb04d81,117924,"superseded hardware derived output, mapping table, or reproduction backup"
workspace,outputs/hardware_portfolio_2010_2019_v1/pdf_review/page-1.png,45484c83e08327ab200c274562f81586ef8e3cc124dae4b79e138cdcdcaf0c68,145584,"superseded hardware derived output, mapping table, or reproduction backup"
workspace,outputs/hardware_portfolio_2010_2019_v1/pdf_review/page-2.png,1fa23ef339a20916513aaac80d76c3884dad1f76f1b1862b4348ada7b037f1a0,150385,"superseded hardware derived output, mapping table, or reproduction backup"
workspace,outputs/hardware_portfolio_2010_2019_v1/pdf_review/page-3.png,542552ed1f1942e00c861aadb07e49939e023ee48d1434d6dba430bb400a27ee,272623,"superseded hardware derived output, mapping table, or reproduction backup"
workspace,outputs/hardware_portfolio_2010_2019_v1/pdf_review/page-4.png,d5199db615a4b4380f23b10172b595f384637f8d54682ba81a8baf3e248b5e57,150404,"superseded hardware derived output, mapping table, or reproduction backup"
workspace,outputs/hardware_portfolio_2010_2019_v1/pdf_review/page-5.png,08da1d72eb20175c372fcf0be82cbecffd14faf46708b6efde3a278f28dfc3fb,283044,"superseded hardware derived output, mapping table, or reproduction backup"
workspace,outputs/hardware_portfolio_2010_2019_v1/pilot/01_car_0_1_by_scrisk.csv,6b02dcfdd87494051a3bd65d23da50e30c605f3a77614467095725fcbe5ec7ff,1489,"superseded hardware derived output, mapping table, or reproduction backup"
workspace,outputs/hardware_portfolio_2010_2019_v1/pilot/01_car_0_1_by_scrisk.png,4461f5f4c8a7ebaeab91d05dcd99c8ee7784faad6daa46ce962b814925476880,104826,"superseded hardware derived output, mapping table, or reproduction backup"
workspace,outputs/hardware_portfolio_2010_2019_v1/pilot/01_car_0_1_by_scrisk_covariance.csv,5831b8f7e5adf7b1fb52cc247c5cfca28bebb823d92fdce1d30b47e76c40a2ca,615,"superseded hardware derived output, mapping table, or reproduction backup"
workspace,outputs/hardware_portfolio_2010_2019_v1/pilot/02_car_0_1_by_resolution.csv,c6b56f4f1b3b92c474ae7d4e70b122fb6b4c8a37511393e06a6694628498f960,1516,"superseded hardware derived output, mapping table, or reproduction backup"
workspace,outputs/hardware_portfolio_2010_2019_v1/pilot/02_car_0_1_by_resolution.png,affbb36439d5c410873fb9a01f019103c612fe10455cf9c74048ecbf9bc248c4,105710,"superseded hardware derived output, mapping table, or reproduction backup"
workspace,outputs/hardware_portfolio_2010_2019_v1/pilot/02_car_0_1_by_resolution_covariance.csv,7595afa5c7d8a7a5e22ca667b4ebcc12939aede211b99d5b7cc1c0af98fabfe0,605,"superseded hardware derived output, mapping table, or reproduction backup"
workspace,outputs/hardware_portfolio_2010_2019_v1/pilot/03_car_0_1_heatmap.csv,74a9396c28cca2918184c1fa81a44d1f4f994be75176da575d942a309f2711eb,6225,"superseded hardware derived output, mapping table, or reproduction backup"
workspace,outputs/hardware_portfolio_2010_2019_v1/pilot/03_car_0_1_heatmap.png,8e94dd663bb3f4ae8502f15aef76ec2921641a91aea6a8c51ec28878a7b57586,222951,"superseded hardware derived output, mapping table, or reproduction backup"
workspace,outputs/hardware_portfolio_2010_2019_v1/pilot/03_car_0_1_heatmap_covariance.csv,29c6b25d9e5ba54a5fbbf55a507e8887f0be83eee74e9b401e43c23e73803865,14835,"superseded hardware derived output, mapping table, or reproduction backup"
workspace,outputs/hardware_portfolio_2010_2019_v1/pilot/04_car_2_60_by_scrisk.csv,4d1af031d8357e3ea39c9e2b4fd18ede35799fac781da0c0211db6044d9f1e0f,1484,"superseded hardware derived output, mapping table, or reproduction backup"
workspace,outputs/hardware_portfolio_2010_2019_v1/pilot/04_car_2_60_by_scrisk.png,51bebaebb69c6ab6890d1e395d3fc52c4c247a2bcb9366a29a9baed3dc161e6f,110304,"superseded hardware derived output, mapping table, or reproduction backup"
workspace,outputs/hardware_portfolio_2010_2019_v1/pilot/04_car_2_60_by_scrisk_covariance.csv,ef6e62cc8cf5fccab9e21349612bc40e12d3f9c1d7e1f92c26f3d3cc4a3dcca7,600,"superseded hardware derived output, mapping table, or reproduction backup"
workspace,outputs/hardware_portfolio_2010_2019_v1/pilot/05_car_2_60_heatmap.csv,c54f6cb80ea9fee45711e2454b904a65c216ee28e00efb29c1837aee338dba2a,6214,"superseded hardware derived output, mapping table, or reproduction backup"
workspace,outputs/hardware_portfolio_2010_2019_v1/pilot/05_car_2_60_heatmap.png,9855e9cdb0c22fc2caec6310ed6e210ef5a07dad0d906936f1388eac905da9e8,219786,"superseded hardware derived output, mapping table, or reproduction backup"
workspace,outputs/hardware_portfolio_2010_2019_v1/pilot/05_car_2_60_heatmap_covariance.csv,8e1c61fc7a3bc68182b2c27c00dd65ca1e2b84a8794ea7ccfa40012c84f42dd3,14324,"superseded hardware derived output, mapping table, or reproduction backup"
workspace,outputs/hardware_portfolio_2010_2019_v1/pilot/INSPECTED.md,5d2df012b3ffad17679d0cc7c5cf83b847005945573c672079be78c020d6125b,1734,"superseded hardware derived output, mapping table, or reproduction backup"
workspace,outputs/hardware_portfolio_2010_2019_v1/pilot/call_level_scored_car.csv,6d6bc9c9c1ed197a35f139baf185ee9847e0d67a2931c3051869c5eec336da18,188230,"superseded hardware derived output, mapping table, or reproduction backup"
workspace,outputs/hardware_portfolio_2010_2019_v1/pilot/car_historical_parity.csv,485f18df4ff2241699f3f00060f06c2bbc028ad1efde4cb14583eb211a7c28ed,3718,"superseded hardware derived output, mapping table, or reproduction backup"
workspace,outputs/hardware_portfolio_2010_2019_v1/pilot/daily_factors.csv,eb3f109aa1aa207b1a0c010c2b125d01dc30366621ecc373de83f31d55183bda,296007,"superseded hardware derived output, mapping table, or reproduction backup"
workspace,outputs/hardware_portfolio_2010_2019_v1/pilot/eligible_winsorized_calls.csv.gz,4aef409dbe1269dec94f2e90b5ac078e79ad627aa6309a32d81a5fab755effc9,27008,"superseded hardware derived output, mapping table, or reproduction backup"
workspace,outputs/hardware_portfolio_2010_2019_v1/pilot/event_day_audit.csv.gz,f17f8341f0cb8378490289380276869cdcad0eca464564e857f293c4cef68187,116387,"superseded hardware derived output, mapping table, or reproduction backup"
workspace,outputs/hardware_portfolio_2010_2019_v1/pilot/excluded_calls.csv,7c6e73b7efd1f339c30ba4bb5366bf107189e85a7614d03119457ab159e88e0a,23918,"superseded hardware derived output, mapping table, or reproduction backup"
workspace,outputs/hardware_portfolio_2010_2019_v1/pilot/manifest.json,8a9ac8fd248ad5399f5e15c3ef56ed0c499bb8317b7c85e46d94a1c21fddd76e,7181,"superseded hardware derived output, mapping table, or reproduction backup"
workspace,outputs/hardware_portfolio_2010_2019_v1/pilot/market_data_sources.csv,9ae4e62b83ee1fe466f5da0538336d0516538d12b8a2a24ca8af370608a9246c,5768,"superseded hardware derived output, mapping table, or reproduction backup"
workspace,outputs/hardware_portfolio_2010_2019_v1/pilot/match_audit.jsonl.gz,ae516079198ec65bc0b253d234aad10400d0c67459ac2d4dceb61960fe034dcf,15540,"superseded hardware derived output, mapping table, or reproduction backup"
workspace,outputs/hardware_portfolio_2010_2019_v1/pilot/nested_memberships.csv.gz,cd353261f7578972e9931a8006b39f8e6ca4bec1ab23596c67e10ef311869f16,2238,"superseded hardware derived output, mapping table, or reproduction backup"
workspace,outputs/hardware_portfolio_2010_2019_v1/pilot/pages/us_hardware_fractional_charts_page_1.png,4461f5f4c8a7ebaeab91d05dcd99c8ee7784faad6daa46ce962b814925476880,104826,"superseded hardware derived output, mapping table, or reproduction backup"
workspace,outputs/hardware_portfolio_2010_2019_v1/pilot/pages/us_hardware_fractional_charts_page_2.png,affbb36439d5c410873fb9a01f019103c612fe10455cf9c74048ecbf9bc248c4,105710,"superseded hardware derived output, mapping table, or reproduction backup"
workspace,outputs/hardware_portfolio_2010_2019_v1/pilot/pages/us_hardware_fractional_charts_page_3.png,8e94dd663bb3f4ae8502f15aef76ec2921641a91aea6a8c51ec28878a7b57586,222951,"superseded hardware derived output, mapping table, or reproduction backup"
workspace,outputs/hardware_portfolio_2010_2019_v1/pilot/pages/us_hardware_fractional_charts_page_4.png,51bebaebb69c6ab6890d1e395d3fc52c4c247a2bcb9366a29a9baed3dc161e6f,110304,"superseded hardware derived output, mapping table, or reproduction backup"
workspace,outputs/hardware_portfolio_2010_2019_v1/pilot/pages/us_hardware_fractional_charts_page_5.png,9855e9cdb0c22fc2caec6310ed6e210ef5a07dad0d906936f1388eac905da9e8,219786,"superseded hardware derived output, mapping table, or reproduction backup"
workspace,outputs/hardware_portfolio_2010_2019_v1/pilot/portfolio_comparisons.csv,23fb24eee0b7d9e963da051610fd64fa25a3652b176a7608e97e42e58181b123,97271,"superseded hardware derived output, mapping table, or reproduction backup"
workspace,outputs/hardware_portfolio_2010_2019_v1/pilot/scaling.json,4bca6065830ee233e3361d3c23036303245f2fb33f1e259b5f340c39169ce383,178,"superseded hardware derived output, mapping table, or reproduction backup"
workspace,outputs/hardware_portfolio_2010_2019_v1/pilot/scoring_validation.csv,ec006cbac72b817960730ae3e9af6f2ad2617ef0adf01a1a7a0e4985299e2848,2391,"superseded hardware derived output, mapping table, or reproduction backup"
workspace,outputs/hardware_portfolio_2010_2019_v1/pilot/scrisk_memberships.csv.gz,aa81c8f810a46286fcf71cda83baecbb5dadc46b8bc7a8fe7d1822bfc5501887,821,"superseded hardware derived output, mapping table, or reproduction backup"
workspace,outputs/hardware_portfolio_2010_2019_v1/pilot/us_hardware_fractional_charts.pdf,dcafde795b0fa530e26ee99fb05c54eed2778d00a685af631c8c8f97ab95c800,597554,"superseded hardware derived output, mapping table, or reproduction backup"
workspace,outputs/hardware_portfolio_2010_2019_v1/pilot/winsorization_thresholds.csv,82a52946811c2aac0b6f7e42f0634f17efaa6502c54bf99b1de43c6a70d06597,308,"superseded hardware derived output, mapping table, or reproduction backup"
workspace,outputs/hardware_portfolio_2010_2019_v1/pilot/zero_tie_audit.csv,d86b7a434be98caec27d136248e405a0624b3182dbc688e390c5350fbeafad4a,315,"superseded hardware derived output, mapping table, or reproduction backup"
workspace,outputs/hardware_portfolio_2010_2019_v1/pilot_final/01_car_0_1_by_scrisk.csv,9d23c2fdedcd91961f6729f45ad244380b0b1878dfacdf6ed35294fd7832ddb2,1467,"superseded hardware derived output, mapping table, or reproduction backup"
workspace,outputs/hardware_portfolio_2010_2019_v1/pilot_final/01_car_0_1_by_scrisk.png,3a631d495fd585435ad961d685a2432b8dc5fda905e2168538bd10b555d82c81,108837,"superseded hardware derived output, mapping table, or reproduction backup"
workspace,outputs/hardware_portfolio_2010_2019_v1/pilot_final/01_car_0_1_by_scrisk_covariance.csv,5ffd329cd26f88a937458f0f474dabba7cba1d42a25c3bcad9f3c15a68cf5538,612,"superseded hardware derived output, mapping table, or reproduction backup"
workspace,outputs/hardware_portfolio_2010_2019_v1/pilot_final/02_car_0_1_by_resolution.csv,5e57415c56c02cb456f42dadecc81f9919feadb59c539fd4f0ad182779779019,1512,"superseded hardware derived output, mapping table, or reproduction backup"
workspace,outputs/hardware_portfolio_2010_2019_v1/pilot_final/02_car_0_1_by_resolution.png,c119f544bb90bd8f9a8ed38db902a6c2fa9a59a8bbd867762c556e452924e323,102785,"superseded hardware derived output, mapping table, or reproduction backup"
workspace,outputs/hardware_portfolio_2010_2019_v1/pilot_final/02_car_0_1_by_resolution_covariance.csv,b17ab9ffb1f1eb39bbf960e7876b28b142eea5653d57002e5505d4f7d861bdf0,606,"superseded hardware derived output, mapping table, or reproduction backup"
workspace,outputs/hardware_portfolio_2010_2019_v1/pilot_final/03_car_0_1_heatmap.csv,9c9a157b093b996c4e80fa9223ca1868f71ca8e829c17fc541d49adcba9c1806,6519,"superseded hardware derived output, mapping table, or reproduction backup"
workspace,outputs/hardware_portfolio_2010_2019_v1/pilot_final/03_car_0_1_heatmap.png,8546eb98b9cef3afac4a1f3d0dc41d035ef885e8499be9020faf60f2a000d48f,208648,"superseded hardware derived output, mapping table, or reproduction backup"
workspace,outputs/hardware_portfolio_2010_2019_v1/pilot_final/03_car_0_1_heatmap_covariance.csv,3d46fbd2cdab3026089d6d83ef6fae50481e8ea0017d445a3e3641f42b8ae501,14757,"superseded hardware derived output, mapping table, or reproduction backup"
workspace,outputs/hardware_portfolio_2010_2019_v1/pilot_final/04_car_2_60_by_scrisk.csv,e28f457bfe70a76c0ab64c5e119cf85259a1a8fb0f2ee72d9c0de916c049c005,1458,"superseded hardware derived output, mapping table, or reproduction backup"
workspace,outputs/hardware_portfolio_2010_2019_v1/pilot_final/04_car_2_60_by_scrisk.png,65cff1d15e573b7c3b28b1b032a406140f36bf4fbe314ccf92e74c96a9bf4911,109413,"superseded hardware derived output, mapping table, or reproduction backup"
workspace,outputs/hardware_portfolio_2010_2019_v1/pilot_final/04_car_2_60_by_scrisk_covariance.csv,68378388b27231ab8218750e147b83edfb7e59fa3353fe750e1ce6b2b034c6ad,614,"superseded hardware derived output, mapping table, or reproduction backup"
workspace,outputs/hardware_portfolio_2010_2019_v1/pilot_final/05_car_2_60_heatmap.csv,746b4b68b4ab88825cbafa52f74081d8343baab975f790c7f5cc40f1ace69c78,6477,"superseded hardware derived output, mapping table, or reproduction backup"
workspace,outputs/hardware_portfolio_2010_2019_v1/pilot_final/05_car_2_60_heatmap.png,cf4e94a8be85e6de50a71f139e9f60c8fbf2dd793684ddb479d7eb43c47d44c8,214786,"superseded hardware derived output, mapping table, or reproduction backup"
workspace,outputs/hardware_portfolio_2010_2019_v1/pilot_final/05_car_2_60_heatmap_covariance.csv,2c2a508ff2f7dbff7d152b45918011650d27bd5b3387478c5c4bd024f75ffb49,14753,"superseded hardware derived output, mapping table, or reproduction backup"
workspace,outputs/hardware_portfolio_2010_2019_v1/pilot_final/INSPECTED.md,16a44162683e1f0b923d287cfa78aab5fa16ead8b26e7daeaac4f7e24ade56fe,2062,"superseded hardware derived output, mapping table, or reproduction backup"
workspace,outputs/hardware_portfolio_2010_2019_v1/pilot_final/call_level_scored_car.csv,09903337e20e13b6826181bd4ddaeb0f1c203be483f1d342f21878925550e5d6,303428,"superseded hardware derived output, mapping table, or reproduction backup"
workspace,outputs/hardware_portfolio_2010_2019_v1/pilot_final/car_historical_parity.csv,485f18df4ff2241699f3f00060f06c2bbc028ad1efde4cb14583eb211a7c28ed,3718,"superseded hardware derived output, mapping table, or reproduction backup"
workspace,outputs/hardware_portfolio_2010_2019_v1/pilot_final/daily_factors.csv,eb3f109aa1aa207b1a0c010c2b125d01dc30366621ecc373de83f31d55183bda,296007,"superseded hardware derived output, mapping table, or reproduction backup"
workspace,outputs/hardware_portfolio_2010_2019_v1/pilot_final/eligible_winsorized_calls.csv.gz,fb5c691d13657a30121a396285ff1a2de0d52e5ebbeb03f56dadb34a64034b2b,44757,"superseded hardware derived output, mapping table, or reproduction backup"
workspace,outputs/hardware_portfolio_2010_2019_v1/pilot_final/event_day_audit.csv.gz,ebfcd3dc8e1769de6671654c0bf8f3981e0c67061428e0dd8b54e66137919002,194191,"superseded hardware derived output, mapping table, or reproduction backup"
workspace,outputs/hardware_portfolio_2010_2019_v1/pilot_final/excluded_calls.csv,6564bd79f9abd524eaff6bce8e9b22caada85423ee7621a6aa897664c5bb9023,2898,"superseded hardware derived output, mapping table, or reproduction backup"
workspace,outputs/hardware_portfolio_2010_2019_v1/pilot_final/manifest.json,41c08ecc9363fc7ead8861319497c496ded07daf9f5466b6986ecc709a849daa,7423,"superseded hardware derived output, mapping table, or reproduction backup"
workspace,outputs/hardware_portfolio_2010_2019_v1/pilot_final/market_data_sources.csv,28af3508f5dbefe562c3f74477153ad96d35642677f2fc57e21c8b5e5dc73c8d,6320,"superseded hardware derived output, mapping table, or reproduction backup"
workspace,outputs/hardware_portfolio_2010_2019_v1/pilot_final/match_audit.jsonl.gz,2576984094ec323335ed70b482a9426295d111c70ceeb7d33b85990d300ecf2d,20315,"superseded hardware derived output, mapping table, or reproduction backup"
workspace,outputs/hardware_portfolio_2010_2019_v1/pilot_final/nested_memberships.csv.gz,d2596956b318c11a00c0a23cb426334cb55ae654b1a2a624b2f1f7541cd52c97,3648,"superseded hardware derived output, mapping table, or reproduction backup"
workspace,outputs/hardware_portfolio_2010_2019_v1/pilot_final/pages/us_hardware_fractional_charts_page_1.png,3a631d495fd585435ad961d685a2432b8dc5fda905e2168538bd10b555d82c81,108837,"superseded hardware derived output, mapping table, or reproduction backup"
workspace,outputs/hardware_portfolio_2010_2019_v1/pilot_final/pages/us_hardware_fractional_charts_page_2.png,c119f544bb90bd8f9a8ed38db902a6c2fa9a59a8bbd867762c556e452924e323,102785,"superseded hardware derived output, mapping table, or reproduction backup"
workspace,outputs/hardware_portfolio_2010_2019_v1/pilot_final/pages/us_hardware_fractional_charts_page_3.png,8546eb98b9cef3afac4a1f3d0dc41d035ef885e8499be9020faf60f2a000d48f,208648,"superseded hardware derived output, mapping table, or reproduction backup"
workspace,outputs/hardware_portfolio_2010_2019_v1/pilot_final/pages/us_hardware_fractional_charts_page_4.png,65cff1d15e573b7c3b28b1b032a406140f36bf4fbe314ccf92e74c96a9bf4911,109413,"superseded hardware derived output, mapping table, or reproduction backup"
workspace,outputs/hardware_portfolio_2010_2019_v1/pilot_final/pages/us_hardware_fractional_charts_page_5.png,cf4e94a8be85e6de50a71f139e9f60c8fbf2dd793684ddb479d7eb43c47d44c8,214786,"superseded hardware derived output, mapping table, or reproduction backup"
workspace,outputs/hardware_portfolio_2010_2019_v1/pilot_final/portfolio_comparisons.csv,24a4b6cf03585cd29ff90b034d62effd67d08ecb9c3ded1f734050a428e25562,103397,"superseded hardware derived output, mapping table, or reproduction backup"
workspace,outputs/hardware_portfolio_2010_2019_v1/pilot_final/scaling.json,a8afd4bdb64f5b2c126f63e048bd07c874eede56167681d168c4ab8cf039bdeb,178,"superseded hardware derived output, mapping table, or reproduction backup"
workspace,outputs/hardware_portfolio_2010_2019_v1/pilot_final/scoring_validation.csv,656e56e2389feb951ae6ba6c2d0ec9266c9467c38fa3a6f7871d408bdd1c36f0,3982,"superseded hardware derived output, mapping table, or reproduction backup"
workspace,outputs/hardware_portfolio_2010_2019_v1/pilot_final/scrisk_memberships.csv.gz,35dd04378bf88199fac16cd0e821a07944f9e221896aaed9111f145d1ad59eb0,1224,"superseded hardware derived output, mapping table, or reproduction backup"
workspace,outputs/hardware_portfolio_2010_2019_v1/pilot_final/us_hardware_fractional_charts.pdf,7a1228532e4f305456aeff99ed41d4a9cffa56d5dd09b0cf968e1245d63d3ad3,588546,"superseded hardware derived output, mapping table, or reproduction backup"
workspace,outputs/hardware_portfolio_2010_2019_v1/pilot_final/winsorization_thresholds.csv,087caea41a74bede485f17ef5d27cbe1d58223eb884849a5a2821afe3d49643a,306,"superseded hardware derived output, mapping table, or reproduction backup"
workspace,outputs/hardware_portfolio_2010_2019_v1/pilot_final/zero_tie_audit.csv,9b45ec5993f69490c58a6af5c79b643931bb474b5c18cc537808e5ba82e5bb05,315,"superseded hardware derived output, mapping table, or reproduction backup"
workspace,outputs/hardware_portfolio_2010_2019_v1/summary.json,bd4cc66cd5b7bcc6fca138df4afb23a5218f1cf1c59b33a739d857c2a0ff03b5,2263,"superseded hardware derived output, mapping table, or reproduction backup"
workspace,outputs/hardware_portfolio_2010_2019_v1/verification.json,1a4c0976a0bfbab23c2a041b39883c9508d192a5cf3737c592be5001b6d60f7b,312,"superseded hardware derived output, mapping table, or reproduction backup"
workspace,outputs/hardware_portfolio_us400_2010_2019_v1/.DS_Store,6202fd7f71cd680ec06db94d4148ab3541459f4d242e0b5a6397d8b48859c954,6148,"superseded hardware derived output, mapping table, or reproduction backup"
workspace,outputs/hardware_portfolio_us400_2010_2019_v1/REPORT.md,fb4fc05ca8b1f0e4638416a209f8beeb909643d9d8b11d97e6f62cec38837816,10210,"superseded hardware derived output, mapping table, or reproduction backup"
workspace,outputs/hardware_portfolio_us400_2010_2019_v1/VISUAL_QA.md,b303d43bc8e1062f202dafd0e39acf554c4a7403152f6fa85812e0c3571f157b,1318,"superseded hardware derived output, mapping table, or reproduction backup"
workspace,outputs/hardware_portfolio_us400_2010_2019_v1/chart_tables.zip,1715f975a6a109e0596799587c6bd4ba0ef22ca1f6cadc0fa4100632b291866e,29310,"superseded hardware derived output, mapping table, or reproduction backup"
workspace,outputs/hardware_portfolio_us400_2010_2019_v1/delivery_manifest.json,4e6d3d286a3971a8a32ffec88aafc61ba328d19cc245d26f3c7447da0a048a0a,3356,"superseded hardware derived output, mapping table, or reproduction backup"
workspace,outputs/hardware_portfolio_us400_2010_2019_v1/environment.json,30c914b691100eacc4660a2b107d86f217cd5508864315429a71660d7d2c7951,775,"superseded hardware derived output, mapping table, or reproduction backup"
workspace,outputs/hardware_portfolio_us400_2010_2019_v1/full/01_car_0_1_by_scrisk.csv,548c79e9f0f288771195be9d9e24f0b2aeaf1191197218fc245f7f4fb7f078ad,1509,"superseded hardware derived output, mapping table, or reproduction backup"
workspace,outputs/hardware_portfolio_us400_2010_2019_v1/full/01_car_0_1_by_scrisk.png,3c25ab494c99704ba1148f2af798b88058b71fcc61d55a76f4e65945c029957d,107476,"superseded hardware derived output, mapping table, or reproduction backup"
workspace,outputs/hardware_portfolio_us400_2010_2019_v1/full/01_car_0_1_by_scrisk_covariance.csv,3d868adf442976d7f64acc99713502383ba5e624aa54e336ec7c172d97e4c220,603,"superseded hardware derived output, mapping table, or reproduction backup"
workspace,outputs/hardware_portfolio_us400_2010_2019_v1/full/02_car_0_1_by_resolution.csv,57a75bc353fb4ca8b8bc6870183e3f0d287a5d70594acdf3053f78b1733b70a3,1564,"superseded hardware derived output, mapping table, or reproduction backup"
workspace,outputs/hardware_portfolio_us400_2010_2019_v1/full/02_car_0_1_by_resolution.png,9a1b1a0e00c5907275c8262e0fd2db91eb3947e29d022749f669d8bb17aeb882,112905,"superseded hardware derived output, mapping table, or reproduction backup"
workspace,outputs/hardware_portfolio_us400_2010_2019_v1/full/02_car_0_1_by_resolution_covariance.csv,91e1b584030397eeea222d6a46eb491e6f3878395bd3142f34fc43259b85f508,604,"superseded hardware derived output, mapping table, or reproduction backup"
workspace,outputs/hardware_portfolio_us400_2010_2019_v1/full/03_car_0_1_heatmap.csv,c71040a4d8fea44b4d7f040d819181c8cd6a0dd83d7c3ab2b285588d2a78c490,6585,"superseded hardware derived output, mapping table, or reproduction backup"
workspace,outputs/hardware_portfolio_us400_2010_2019_v1/full/03_car_0_1_heatmap.png,8cc346eefc4f9c0e3023961f22ae2ee7e91ebde7afabc8053d9ae0e9beb580bc,250054,"superseded hardware derived output, mapping table, or reproduction backup"
workspace,outputs/hardware_portfolio_us400_2010_2019_v1/full/03_car_0_1_heatmap_covariance.csv,8e377e333d695d513df63604969a699f9c8a3e44fb2a73d57ea6b574bda7ebd3,14683,"superseded hardware derived output, mapping table, or reproduction backup"
workspace,outputs/hardware_portfolio_us400_2010_2019_v1/full/04_car_2_60_by_scrisk.csv,d97f9df695cc0ca3764222fc58696057b2ac2d260ba8ee112c7f5ecd06ee343e,1533,"superseded hardware derived output, mapping table, or reproduction backup"
workspace,outputs/hardware_portfolio_us400_2010_2019_v1/full/04_car_2_60_by_scrisk.png,6da3a5279a97fca5c742d28068e8385062018eeef75637cad128657cf11c54cb,116498,"superseded hardware derived output, mapping table, or reproduction backup"
workspace,outputs/hardware_portfolio_us400_2010_2019_v1/full/04_car_2_60_by_scrisk_covariance.csv,6bcbf3a6741d8b0ae793954fa72913db5d18ad3dbdd642ecb7da1d48711fcc93,622,"superseded hardware derived output, mapping table, or reproduction backup"
workspace,outputs/hardware_portfolio_us400_2010_2019_v1/full/05_car_2_60_heatmap.csv,862e844326669d35222523febb66faeb109d6afd9bbea4d11839a4afbc4717ef,6698,"superseded hardware derived output, mapping table, or reproduction backup"
workspace,outputs/hardware_portfolio_us400_2010_2019_v1/full/05_car_2_60_heatmap.png,fa6edbf3dd9fb6306b0bbafabf7e2e084457220b1500b6cd532bf832599ce4fb,248713,"superseded hardware derived output, mapping table, or reproduction backup"
workspace,outputs/hardware_portfolio_us400_2010_2019_v1/full/05_car_2_60_heatmap_covariance.csv,c120d2fab723738c779a1881a258d0a11b9c427abe738cedd3e4f43d6649c1c9,14923,"superseded hardware derived output, mapping table, or reproduction backup"
workspace,outputs/hardware_portfolio_us400_2010_2019_v1/full/call_level_scored_car.csv,0c228581a20c18f343c66877c36a5dbbc8cf3ba5c069a222ab678bac53edbb00,42647143,"superseded hardware derived output, mapping table, or reproduction backup"
workspace,outputs/hardware_portfolio_us400_2010_2019_v1/full/car_historical_parity.csv,88fda2c74dae6e0fc4444c93437bf398e430c0977e303ad1d9277bd37d75989a,885365,"superseded hardware derived output, mapping table, or reproduction backup"
workspace,outputs/hardware_portfolio_us400_2010_2019_v1/full/daily_factors.csv,eb3f109aa1aa207b1a0c010c2b125d01dc30366621ecc373de83f31d55183bda,296007,"superseded hardware derived output, mapping table, or reproduction backup"
workspace,outputs/hardware_portfolio_us400_2010_2019_v1/full/eligible_winsorized_calls.csv.gz,1cc3534a1683766af24019870b5f3b37e670323c238587dba152e3b63d70acae,5850302,"superseded hardware derived output, mapping table, or reproduction backup"
workspace,outputs/hardware_portfolio_us400_2010_2019_v1/full/event_day_audit.csv.gz,dffc651a738823a3906c44f342815d4a4051ed3e3aa670ca43f34ce01cadaaf8,26623971,"superseded hardware derived output, mapping table, or reproduction backup"
workspace,outputs/hardware_portfolio_us400_2010_2019_v1/full/excluded_calls.csv,67867808a07a98dac99e03cf3f1b2a3f2ab3fb6a09d460ded7320184574ab103,320665,"superseded hardware derived output, mapping table, or reproduction backup"
workspace,outputs/hardware_portfolio_us400_2010_2019_v1/full/gate_counts.csv,e8b07b67313ee7e884950600f66a6ca26d66fac5e67dcc0431165c5fe952530d,226,"superseded hardware derived output, mapping table, or reproduction backup"
workspace,outputs/hardware_portfolio_us400_2010_2019_v1/full/manifest.json,e9c27c1acac8237e38f899af0ffc7c8dd3c2929cb62dc920285998e7480fd01b,7561,"superseded hardware derived output, mapping table, or reproduction backup"
workspace,outputs/hardware_portfolio_us400_2010_2019_v1/full/market_data_sources.csv,417986048d0ef4f1b1f5f2b8e100bed66ba4f62d1663c693f11b3826142b04ab,198250,"superseded hardware derived output, mapping table, or reproduction backup"
workspace,outputs/hardware_portfolio_us400_2010_2019_v1/full/match_audit.jsonl.gz,3cec3f9ce61a0e4a66ac4aba402e6ab179bc583d1bcc0c3d3b77994aeb1da7b1,3104054,"superseded hardware derived output, mapping table, or reproduction backup"
workspace,outputs/hardware_portfolio_us400_2010_2019_v1/full/nested_memberships.csv.gz,9637261b4d5b9ca6ed0c8099625062c433c88128405aaa1921bf03efe6d4af56,464334,"superseded hardware derived output, mapping table, or reproduction backup"
workspace,outputs/hardware_portfolio_us400_2010_2019_v1/full/pages/us_hardware_fractional_charts_page_1.png,3c25ab494c99704ba1148f2af798b88058b71fcc61d55a76f4e65945c029957d,107476,"superseded hardware derived output, mapping table, or reproduction backup"
workspace,outputs/hardware_portfolio_us400_2010_2019_v1/full/pages/us_hardware_fractional_charts_page_2.png,9a1b1a0e00c5907275c8262e0fd2db91eb3947e29d022749f669d8bb17aeb882,112905,"superseded hardware derived output, mapping table, or reproduction backup"
workspace,outputs/hardware_portfolio_us400_2010_2019_v1/full/pages/us_hardware_fractional_charts_page_3.png,8cc346eefc4f9c0e3023961f22ae2ee7e91ebde7afabc8053d9ae0e9beb580bc,250054,"superseded hardware derived output, mapping table, or reproduction backup"
workspace,outputs/hardware_portfolio_us400_2010_2019_v1/full/pages/us_hardware_fractional_charts_page_4.png,6da3a5279a97fca5c742d28068e8385062018eeef75637cad128657cf11c54cb,116498,"superseded hardware derived output, mapping table, or reproduction backup"
workspace,outputs/hardware_portfolio_us400_2010_2019_v1/full/pages/us_hardware_fractional_charts_page_5.png,fa6edbf3dd9fb6306b0bbafabf7e2e084457220b1500b6cd532bf832599ce4fb,248713,"superseded hardware derived output, mapping table, or reproduction backup"
workspace,outputs/hardware_portfolio_us400_2010_2019_v1/full/portfolio_comparisons.csv,ee294f1fa1000f840bd9692c59235b6233ff81d36ce37e007d3209f208941f92,113275,"superseded hardware derived output, mapping table, or reproduction backup"
workspace,outputs/hardware_portfolio_us400_2010_2019_v1/full/regression_audit.csv,265b48181999634f9f33c0526dacdb9f4ef8780a7049286f79ed0758c9930220,6683489,"superseded hardware derived output, mapping table, or reproduction backup"
workspace,outputs/hardware_portfolio_us400_2010_2019_v1/full/scaling.json,e054949899249fd2a0d9f5387d704d95a1b0ceadefc2b2758f0f963c554a6a8a,181,"superseded hardware derived output, mapping table, or reproduction backup"
workspace,outputs/hardware_portfolio_us400_2010_2019_v1/full/scoring_validation.csv,c31fbac756bcd767aa2470d8a16637aea33b5b5d97508e4a26783f1b96b3e4b7,544579,"superseded hardware derived output, mapping table, or reproduction backup"
workspace,outputs/hardware_portfolio_us400_2010_2019_v1/full/scrisk_memberships.csv.gz,f36b9d6b8d8d4c40122940a56ad6e565bd16712749ce83b06501454421dc1dc7,106802,"superseded hardware derived output, mapping table, or reproduction backup"
workspace,outputs/hardware_portfolio_us400_2010_2019_v1/full/us_hardware_fractional_charts.pdf,b65280051791f23d092e4150f2ef8185e0f7392f550c1ea9aa6d23c296604d08,645528,"superseded hardware derived output, mapping table, or reproduction backup"
workspace,outputs/hardware_portfolio_us400_2010_2019_v1/full/winsorization_thresholds.csv,0f7d950acb7c8746d2f6dc74d3cd6a74a4357988cfe83f123731529822f812a2,331,"superseded hardware derived output, mapping table, or reproduction backup"
workspace,outputs/hardware_portfolio_us400_2010_2019_v1/full/zero_tie_audit.csv,b8a34552df92c3214caef663bba5b6f73a4dd13584b5d4baed6eafa8c481d7e8,457,"superseded hardware derived output, mapping table, or reproduction backup"
workspace,outputs/hardware_portfolio_us400_2010_2019_v1/nonparticipating_companies.csv,7f36483ee1709b14dbd678f7ef03e3e01eb145407f364874dcdedb47f168fcc2,1717,"superseded hardware derived output, mapping table, or reproduction backup"
workspace,outputs/hardware_portfolio_us400_2010_2019_v1/original_outputs_verification.json,5b05d425bd2bc58aabc50174d1566898d4b364b030d1e6e60a0a8c2aa1c30899,1312,"superseded hardware derived output, mapping table, or reproduction backup"
workspace,outputs/hardware_portfolio_us400_2010_2019_v1/pilot/01_car_0_1_by_scrisk.csv,348ab128505c0654bd46ff314513ec2a3c17027fb60797c2b109fdf3a5882561,1443,"superseded hardware derived output, mapping table, or reproduction backup"
workspace,outputs/hardware_portfolio_us400_2010_2019_v1/pilot/01_car_0_1_by_scrisk.png,85ad7e821ba33455a284946a11e00d266cf821240ccb63b8445c5e659fae4abf,107661,"superseded hardware derived output, mapping table, or reproduction backup"
workspace,outputs/hardware_portfolio_us400_2010_2019_v1/pilot/01_car_0_1_by_scrisk_covariance.csv,db7cc1b52e308a309f287a08d3e23897ad15c5d8afc2ff6ec82187e30af20156,612,"superseded hardware derived output, mapping table, or reproduction backup"
workspace,outputs/hardware_portfolio_us400_2010_2019_v1/pilot/02_car_0_1_by_resolution.csv,081a397386a6471f5fbf1ef8f85d530f6c05acc7045387da7c29922a4252294c,1529,"superseded hardware derived output, mapping table, or reproduction backup"
workspace,outputs/hardware_portfolio_us400_2010_2019_v1/pilot/02_car_0_1_by_resolution.png,a9b304300d26bd5fd1a4ac2c8af1dee027c7fbbd6d4807811e563887f225b46e,105641,"superseded hardware derived output, mapping table, or reproduction backup"
workspace,outputs/hardware_portfolio_us400_2010_2019_v1/pilot/02_car_0_1_by_resolution_covariance.csv,84537cd84eb14fb2085639d9d72991c241c8d9581a0fbedfacafd20cbf81ce8a,612,"superseded hardware derived output, mapping table, or reproduction backup"
workspace,outputs/hardware_portfolio_us400_2010_2019_v1/pilot/03_car_0_1_heatmap.csv,bc48400b6408468880e2a38d36e7c26ef2a5ee11012b2008321276223ddcc7c7,6347,"superseded hardware derived output, mapping table, or reproduction backup"
workspace,outputs/hardware_portfolio_us400_2010_2019_v1/pilot/03_car_0_1_heatmap.png,52103d0eefbdb3a05df7488e6949c97a42ff42ce599ca94cfb6ebde2fdeafc73,217235,"superseded hardware derived output, mapping table, or reproduction backup"
workspace,outputs/hardware_portfolio_us400_2010_2019_v1/pilot/03_car_0_1_heatmap_covariance.csv,d2b764bc29899cc1a33b70fe2a37f2c1c79064b51ae028269435a9c49dd41cb4,14514,"superseded hardware derived output, mapping table, or reproduction backup"
workspace,outputs/hardware_portfolio_us400_2010_2019_v1/pilot/04_car_2_60_by_scrisk.csv,2f7896ecdae94836467294bc1fa1cee92d9327e12ef1c3de37da9d1ab5f75205,1437,"superseded hardware derived output, mapping table, or reproduction backup"
workspace,outputs/hardware_portfolio_us400_2010_2019_v1/pilot/04_car_2_60_by_scrisk.png,e60f5b574cad5706b94a7b10e83e2cb717d8bdaaf855717a7ed0abd421412044,114101,"superseded hardware derived output, mapping table, or reproduction backup"
workspace,outputs/hardware_portfolio_us400_2010_2019_v1/pilot/04_car_2_60_by_scrisk_covariance.csv,0bf57f681e729bff30920f3e5060ca2d0a15d31a1cf513652adeadb8f0c21453,612,"superseded hardware derived output, mapping table, or reproduction backup"
workspace,outputs/hardware_portfolio_us400_2010_2019_v1/pilot/05_car_2_60_heatmap.csv,fd6aa43a96f8e7d9d26b3dccc45fcda4f9ef7b19d51a5e41ec2339cb077f536b,6284,"superseded hardware derived output, mapping table, or reproduction backup"
workspace,outputs/hardware_portfolio_us400_2010_2019_v1/pilot/05_car_2_60_heatmap.png,eb7a439df4d8e868d9c8e297f6e04c6c3a15954a2677cc7dce2bf851d9463ec0,218941,"superseded hardware derived output, mapping table, or reproduction backup"
workspace,outputs/hardware_portfolio_us400_2010_2019_v1/pilot/05_car_2_60_heatmap_covariance.csv,2abbf0b968689ddb2c6f138b65df4a7dcf90184da603f5df9bc07dce8180a28b,14372,"superseded hardware derived output, mapping table, or reproduction backup"
workspace,outputs/hardware_portfolio_us400_2010_2019_v1/pilot/INSPECTED.md,bec3908c5f6a59357d32ea16780e4168e3449ad0adfc8418fd771ee9a73ca63c,1810,"superseded hardware derived output, mapping table, or reproduction backup"
workspace,outputs/hardware_portfolio_us400_2010_2019_v1/pilot/call_level_scored_car.csv,61d19decc7c7232e0222d4a5b934dbec99881957ab47bad840140d4b835c908b,295167,"superseded hardware derived output, mapping table, or reproduction backup"
workspace,outputs/hardware_portfolio_us400_2010_2019_v1/pilot/car_historical_parity.csv,632880c6d23cee063ca7985214cb5f8f700becceb98f776e2e9acf1f5f77d81f,5419,"superseded hardware derived output, mapping table, or reproduction backup"
workspace,outputs/hardware_portfolio_us400_2010_2019_v1/pilot/daily_factors.csv,eb3f109aa1aa207b1a0c010c2b125d01dc30366621ecc373de83f31d55183bda,296007,"superseded hardware derived output, mapping table, or reproduction backup"
workspace,outputs/hardware_portfolio_us400_2010_2019_v1/pilot/eligible_winsorized_calls.csv.gz,01bdce995bad9aaf6087e59a857652241ffa9129992d2f45212f275368835a2a,42974,"superseded hardware derived output, mapping table, or reproduction backup"
workspace,outputs/hardware_portfolio_us400_2010_2019_v1/pilot/event_day_audit.csv.gz,08d9ba238e2824603899384fcbdc0cf2e2f683499b48a96a11e395c49929791b,177387,"superseded hardware derived output, mapping table, or reproduction backup"
workspace,outputs/hardware_portfolio_us400_2010_2019_v1/pilot/excluded_calls.csv,611e71759f585103225574ba26db1ebfb53a8d9b514902bb9fa9534d7f66578a,18377,"superseded hardware derived output, mapping table, or reproduction backup"
workspace,outputs/hardware_portfolio_us400_2010_2019_v1/pilot/manifest.json,65c37d30f003f90da5ae39ecb144c2dab9b218ddee1a920fbc9112254bdc9946,7520,"superseded hardware derived output, mapping table, or reproduction backup"
workspace,outputs/hardware_portfolio_us400_2010_2019_v1/pilot/market_data_sources.csv,cfe895ceead432111b599e8048d2c0336ddfdad6039d4af025e6b911d311d645,10216,"superseded hardware derived output, mapping table, or reproduction backup"
workspace,outputs/hardware_portfolio_us400_2010_2019_v1/pilot/match_audit.jsonl.gz,9de9c6c5bcf1b2e34197e6800071244678721fa5d836c2a5dc71fa2637344537,21593,"superseded hardware derived output, mapping table, or reproduction backup"
workspace,outputs/hardware_portfolio_us400_2010_2019_v1/pilot/nested_memberships.csv.gz,62bd216f4d3f22b5383aec4daa00034665671ba73535de9494c78ad72cac781d,2564,"superseded hardware derived output, mapping table, or reproduction backup"
workspace,outputs/hardware_portfolio_us400_2010_2019_v1/pilot/pages/us_hardware_fractional_charts_page_1.png,85ad7e821ba33455a284946a11e00d266cf821240ccb63b8445c5e659fae4abf,107661,"superseded hardware derived output, mapping table, or reproduction backup"
workspace,outputs/hardware_portfolio_us400_2010_2019_v1/pilot/pages/us_hardware_fractional_charts_page_2.png,a9b304300d26bd5fd1a4ac2c8af1dee027c7fbbd6d4807811e563887f225b46e,105641,"superseded hardware derived output, mapping table, or reproduction backup"
workspace,outputs/hardware_portfolio_us400_2010_2019_v1/pilot/pages/us_hardware_fractional_charts_page_3.png,52103d0eefbdb3a05df7488e6949c97a42ff42ce599ca94cfb6ebde2fdeafc73,217235,"superseded hardware derived output, mapping table, or reproduction backup"
workspace,outputs/hardware_portfolio_us400_2010_2019_v1/pilot/pages/us_hardware_fractional_charts_page_4.png,e60f5b574cad5706b94a7b10e83e2cb717d8bdaaf855717a7ed0abd421412044,114101,"superseded hardware derived output, mapping table, or reproduction backup"
workspace,outputs/hardware_portfolio_us400_2010_2019_v1/pilot/pages/us_hardware_fractional_charts_page_5.png,eb7a439df4d8e868d9c8e297f6e04c6c3a15954a2677cc7dce2bf851d9463ec0,218941,"superseded hardware derived output, mapping table, or reproduction backup"
workspace,outputs/hardware_portfolio_us400_2010_2019_v1/pilot/portfolio_comparisons.csv,649056739a5779a4749e118ea55a9cf289a4144327653d9ec4d890b917d63b05,103235,"superseded hardware derived output, mapping table, or reproduction backup"
workspace,outputs/hardware_portfolio_us400_2010_2019_v1/pilot/scaling.json,48b2216ffb7ab437d375a1b67a9dcef132e47612cdf618a8e12aa17a2e77576d,180,"superseded hardware derived output, mapping table, or reproduction backup"
workspace,outputs/hardware_portfolio_us400_2010_2019_v1/pilot/scoring_validation.csv,993ec8c8ef3b3e5e09ccb5505b7c321de78ce4ab585ff32fce0c21d7ed5c332a,3702,"superseded hardware derived output, mapping table, or reproduction backup"
workspace,outputs/hardware_portfolio_us400_2010_2019_v1/pilot/scrisk_memberships.csv.gz,619e42ef75b848fe9567e0c8ab4497eb24da70fea771ab307d7c0b326ec5f3e4,1056,"superseded hardware derived output, mapping table, or reproduction backup"
workspace,outputs/hardware_portfolio_us400_2010_2019_v1/pilot/us_hardware_fractional_charts.pdf,1fcf8fe2c95a7792244305da61ed571c12da2174bbc22afe7644abf362389d11,597661,"superseded hardware derived output, mapping table, or reproduction backup"
workspace,outputs/hardware_portfolio_us400_2010_2019_v1/pilot/winsorization_thresholds.csv,cdeadb98febd16672cbbe5f01fb4040dd4287083ca24f8848e5f42a2794e5865,307,"superseded hardware derived output, mapping table, or reproduction backup"
workspace,outputs/hardware_portfolio_us400_2010_2019_v1/pilot/zero_tie_audit.csv,66a7210c19178085f14712d0d408d9fc90b9f2a877a02cbb8805f5d1c721c2ec,233,"superseded hardware derived output, mapping table, or reproduction backup"
workspace,outputs/hardware_portfolio_us400_2010_2019_v1/pilot_enriched/01_car_0_1_by_scrisk.csv,348ab128505c0654bd46ff314513ec2a3c17027fb60797c2b109fdf3a5882561,1443,"superseded hardware derived output, mapping table, or reproduction backup"
workspace,outputs/hardware_portfolio_us400_2010_2019_v1/pilot_enriched/01_car_0_1_by_scrisk.png,85ad7e821ba33455a284946a11e00d266cf821240ccb63b8445c5e659fae4abf,107661,"superseded hardware derived output, mapping table, or reproduction backup"
workspace,outputs/hardware_portfolio_us400_2010_2019_v1/pilot_enriched/01_car_0_1_by_scrisk_covariance.csv,db7cc1b52e308a309f287a08d3e23897ad15c5d8afc2ff6ec82187e30af20156,612,"superseded hardware derived output, mapping table, or reproduction backup"
workspace,outputs/hardware_portfolio_us400_2010_2019_v1/pilot_enriched/02_car_0_1_by_resolution.csv,081a397386a6471f5fbf1ef8f85d530f6c05acc7045387da7c29922a4252294c,1529,"superseded hardware derived output, mapping table, or reproduction backup"
workspace,outputs/hardware_portfolio_us400_2010_2019_v1/pilot_enriched/02_car_0_1_by_resolution.png,a9b304300d26bd5fd1a4ac2c8af1dee027c7fbbd6d4807811e563887f225b46e,105641,"superseded hardware derived output, mapping table, or reproduction backup"
workspace,outputs/hardware_portfolio_us400_2010_2019_v1/pilot_enriched/02_car_0_1_by_resolution_covariance.csv,84537cd84eb14fb2085639d9d72991c241c8d9581a0fbedfacafd20cbf81ce8a,612,"superseded hardware derived output, mapping table, or reproduction backup"
workspace,outputs/hardware_portfolio_us400_2010_2019_v1/pilot_enriched/03_car_0_1_heatmap.csv,bc48400b6408468880e2a38d36e7c26ef2a5ee11012b2008321276223ddcc7c7,6347,"superseded hardware derived output, mapping table, or reproduction backup"
workspace,outputs/hardware_portfolio_us400_2010_2019_v1/pilot_enriched/03_car_0_1_heatmap.png,52103d0eefbdb3a05df7488e6949c97a42ff42ce599ca94cfb6ebde2fdeafc73,217235,"superseded hardware derived output, mapping table, or reproduction backup"
workspace,outputs/hardware_portfolio_us400_2010_2019_v1/pilot_enriched/03_car_0_1_heatmap_covariance.csv,d2b764bc29899cc1a33b70fe2a37f2c1c79064b51ae028269435a9c49dd41cb4,14514,"superseded hardware derived output, mapping table, or reproduction backup"
workspace,outputs/hardware_portfolio_us400_2010_2019_v1/pilot_enriched/04_car_2_60_by_scrisk.csv,2f7896ecdae94836467294bc1fa1cee92d9327e12ef1c3de37da9d1ab5f75205,1437,"superseded hardware derived output, mapping table, or reproduction backup"
workspace,outputs/hardware_portfolio_us400_2010_2019_v1/pilot_enriched/04_car_2_60_by_scrisk.png,e60f5b574cad5706b94a7b10e83e2cb717d8bdaaf855717a7ed0abd421412044,114101,"superseded hardware derived output, mapping table, or reproduction backup"
workspace,outputs/hardware_portfolio_us400_2010_2019_v1/pilot_enriched/04_car_2_60_by_scrisk_covariance.csv,0bf57f681e729bff30920f3e5060ca2d0a15d31a1cf513652adeadb8f0c21453,612,"superseded hardware derived output, mapping table, or reproduction backup"
workspace,outputs/hardware_portfolio_us400_2010_2019_v1/pilot_enriched/05_car_2_60_heatmap.csv,fd6aa43a96f8e7d9d26b3dccc45fcda4f9ef7b19d51a5e41ec2339cb077f536b,6284,"superseded hardware derived output, mapping table, or reproduction backup"
workspace,outputs/hardware_portfolio_us400_2010_2019_v1/pilot_enriched/05_car_2_60_heatmap.png,eb7a439df4d8e868d9c8e297f6e04c6c3a15954a2677cc7dce2bf851d9463ec0,218941,"superseded hardware derived output, mapping table, or reproduction backup"
workspace,outputs/hardware_portfolio_us400_2010_2019_v1/pilot_enriched/05_car_2_60_heatmap_covariance.csv,2abbf0b968689ddb2c6f138b65df4a7dcf90184da603f5df9bc07dce8180a28b,14372,"superseded hardware derived output, mapping table, or reproduction backup"
workspace,outputs/hardware_portfolio_us400_2010_2019_v1/pilot_enriched/INSPECTED.md,0347b63e50df7f110af7e79bc1bfdf7970611900c661d829ddfa47527a7a629d,940,"superseded hardware derived output, mapping table, or reproduction backup"
workspace,outputs/hardware_portfolio_us400_2010_2019_v1/pilot_enriched/call_level_scored_car.csv,1658e03ba266ea301785903b8092a667cafa32bc987c81794c73d9a9253df3b5,358799,"superseded hardware derived output, mapping table, or reproduction backup"
workspace,outputs/hardware_portfolio_us400_2010_2019_v1/pilot_enriched/car_historical_parity.csv,632880c6d23cee063ca7985214cb5f8f700becceb98f776e2e9acf1f5f77d81f,5419,"superseded hardware derived output, mapping table, or reproduction backup"
workspace,outputs/hardware_portfolio_us400_2010_2019_v1/pilot_enriched/daily_factors.csv,eb3f109aa1aa207b1a0c010c2b125d01dc30366621ecc373de83f31d55183bda,296007,"superseded hardware derived output, mapping table, or reproduction backup"
workspace,outputs/hardware_portfolio_us400_2010_2019_v1/pilot_enriched/eligible_winsorized_calls.csv.gz,0c67a87ee02aa652940c81f95502354bf50cc057a6e5296d93219492bba3bb2e,43032,"superseded hardware derived output, mapping table, or reproduction backup"
workspace,outputs/hardware_portfolio_us400_2010_2019_v1/pilot_enriched/event_day_audit.csv.gz,352b4f6f3fb26def683de8742d2a9469ace99f170dc1c6fee456bc1114b77595,177387,"superseded hardware derived output, mapping table, or reproduction backup"
workspace,outputs/hardware_portfolio_us400_2010_2019_v1/pilot_enriched/excluded_calls.csv,03e4dd70b24717d47a17fb6d5e3c5036d4548149e6b906467bc7dfb9441fdedb,81839,"superseded hardware derived output, mapping table, or reproduction backup"
workspace,outputs/hardware_portfolio_us400_2010_2019_v1/pilot_enriched/manifest.json,33610775ff1c64975a06714b106dccd8c432767d5c460ddc0d7efe94bfeed739,7524,"superseded hardware derived output, mapping table, or reproduction backup"
workspace,outputs/hardware_portfolio_us400_2010_2019_v1/pilot_enriched/market_data_sources.csv,cfe895ceead432111b599e8048d2c0336ddfdad6039d4af025e6b911d311d645,10216,"superseded hardware derived output, mapping table, or reproduction backup"
workspace,outputs/hardware_portfolio_us400_2010_2019_v1/pilot_enriched/match_audit.jsonl.gz,265ff9f4ea586b1d9a3779c03ed4669236ab366b70321e33c4525c70572b262a,24652,"superseded hardware derived output, mapping table, or reproduction backup"
workspace,outputs/hardware_portfolio_us400_2010_2019_v1/pilot_enriched/nested_memberships.csv.gz,5ff5652d12ff6abeb62c6cdfeffb682381e2a22898046ba339f980c020913022,2564,"superseded hardware derived output, mapping table, or reproduction backup"
workspace,outputs/hardware_portfolio_us400_2010_2019_v1/pilot_enriched/pages/us_hardware_fractional_charts_page_1.png,85ad7e821ba33455a284946a11e00d266cf821240ccb63b8445c5e659fae4abf,107661,"superseded hardware derived output, mapping table, or reproduction backup"
workspace,outputs/hardware_portfolio_us400_2010_2019_v1/pilot_enriched/pages/us_hardware_fractional_charts_page_2.png,a9b304300d26bd5fd1a4ac2c8af1dee027c7fbbd6d4807811e563887f225b46e,105641,"superseded hardware derived output, mapping table, or reproduction backup"
workspace,outputs/hardware_portfolio_us400_2010_2019_v1/pilot_enriched/pages/us_hardware_fractional_charts_page_3.png,52103d0eefbdb3a05df7488e6949c97a42ff42ce599ca94cfb6ebde2fdeafc73,217235,"superseded hardware derived output, mapping table, or reproduction backup"
workspace,outputs/hardware_portfolio_us400_2010_2019_v1/pilot_enriched/pages/us_hardware_fractional_charts_page_4.png,e60f5b574cad5706b94a7b10e83e2cb717d8bdaaf855717a7ed0abd421412044,114101,"superseded hardware derived output, mapping table, or reproduction backup"
workspace,outputs/hardware_portfolio_us400_2010_2019_v1/pilot_enriched/pages/us_hardware_fractional_charts_page_5.png,eb7a439df4d8e868d9c8e297f6e04c6c3a15954a2677cc7dce2bf851d9463ec0,218941,"superseded hardware derived output, mapping table, or reproduction backup"
workspace,outputs/hardware_portfolio_us400_2010_2019_v1/pilot_enriched/portfolio_comparisons.csv,649056739a5779a4749e118ea55a9cf289a4144327653d9ec4d890b917d63b05,103235,"superseded hardware derived output, mapping table, or reproduction backup"
workspace,outputs/hardware_portfolio_us400_2010_2019_v1/pilot_enriched/scaling.json,f23858fc41124c94b48ba0fbcfaeae9709d44f3038a9784b351fbe7e6f3003eb,180,"superseded hardware derived output, mapping table, or reproduction backup"
workspace,outputs/hardware_portfolio_us400_2010_2019_v1/pilot_enriched/scoring_validation.csv,70dfec924645b4c06f2aab67359e0f82e7d9b1dd9dacd8a49a811421c38a0822,4175,"superseded hardware derived output, mapping table, or reproduction backup"
workspace,outputs/hardware_portfolio_us400_2010_2019_v1/pilot_enriched/scrisk_memberships.csv.gz,16850c9c76ce8c1792585a4ac28aa48c0717356c0e564e6850e40555bd34547b,1056,"superseded hardware derived output, mapping table, or reproduction backup"
workspace,outputs/hardware_portfolio_us400_2010_2019_v1/pilot_enriched/us_hardware_fractional_charts.pdf,ace935e7f5c923cd09365f0a19044951d0ebf2d61e63928aa6f02c18427eb20b,597661,"superseded hardware derived output, mapping table, or reproduction backup"
workspace,outputs/hardware_portfolio_us400_2010_2019_v1/pilot_enriched/winsorization_thresholds.csv,1d292245a1eceb2619f6da34fff6ca461139980f5ab7c08c475c3cd2aa575019,307,"superseded hardware derived output, mapping table, or reproduction backup"
workspace,outputs/hardware_portfolio_us400_2010_2019_v1/pilot_enriched/zero_tie_audit.csv,66a7210c19178085f14712d0d408d9fc90b9f2a877a02cbb8805f5d1c721c2ec,233,"superseded hardware derived output, mapping table, or reproduction backup"
workspace,outputs/hardware_portfolio_us400_2010_2019_v1/preservation_verification.json,4c1b4912094b07e2b029ff5795edca37f2c34a6eacf83cd0dbbf54a164ccc2d2,358,"superseded hardware derived output, mapping table, or reproduction backup"
workspace,outputs/hardware_portfolio_us400_2010_2019_v1/qa_pdf/page-1.png,e234147b5f5939083c9f68bf0acda092a1e89bfe6d345bfde9ae09c3f7e1f6b0,125562,"superseded hardware derived output, mapping table, or reproduction backup"
workspace,outputs/hardware_portfolio_us400_2010_2019_v1/qa_pdf/page-2.png,53bed96f45b8c20fccf8141523c0b7cb8066896e6a7dfdd65a3c38b7d5c5c1ec,135889,"superseded hardware derived output, mapping table, or reproduction backup"
workspace,outputs/hardware_portfolio_us400_2010_2019_v1/qa_pdf/page-3.png,00638e532fd03640103fe6445f0384e7e7f8c6d19de58096a23b3316d3816cd7,245324,"superseded hardware derived output, mapping table, or reproduction backup"
workspace,outputs/hardware_portfolio_us400_2010_2019_v1/qa_pdf/page-4.png,e4d455d596fe33e134bf61a23c62e7e4233835e16cfea4c59c2b272715545cc4,134230,"superseded hardware derived output, mapping table, or reproduction backup"
workspace,outputs/hardware_portfolio_us400_2010_2019_v1/qa_pdf/page-5.png,ab368bc072728df164b40679c6be9dbd4cc7f66b9b73bde63216a8017492d696,242040,"superseded hardware derived output, mapping table, or reproduction backup"
workspace,outputs/hardware_portfolio_us400_2010_2019_v1/summary.json,15a79a4dd4521bcdab03aa4fd73b516666970c92706a5750435274831141949c,2694,"superseded hardware derived output, mapping table, or reproduction backup"
workspace,outputs/hardware_portfolio_us400_2010_2019_v1/verification.json,009f55b35f1379fa5291b1712e6944a46cff756a98b3f11b7a1a7c2f49df9148,313,"superseded hardware derived output, mapping table, or reproduction backup"
temporary,/private/tmp/hardware-baseline-clean-20260929/docs/hardware_baseline/01_car_0_1_by_scrisk.csv,548c79e9f0f288771195be9d9e24f0b2aeaf1191197218fc245f7f4fb7f078ad,1509,"superseded hardware derived output, mapping table, or reproduction backup"
temporary,/private/tmp/hardware-baseline-clean-20260929/docs/hardware_baseline/01_car_0_1_by_scrisk.png,3c25ab494c99704ba1148f2af798b88058b71fcc61d55a76f4e65945c029957d,107476,"superseded hardware derived output, mapping table, or reproduction backup"
temporary,/private/tmp/hardware-baseline-clean-20260929/docs/hardware_baseline/01_car_0_1_by_scrisk_covariance.csv,3d868adf442976d7f64acc99713502383ba5e624aa54e336ec7c172d97e4c220,603,"superseded hardware derived output, mapping table, or reproduction backup"
temporary,/private/tmp/hardware-baseline-clean-20260929/docs/hardware_baseline/02_car_0_1_by_resolution.csv,57a75bc353fb4ca8b8bc6870183e3f0d287a5d70594acdf3053f78b1733b70a3,1564,"superseded hardware derived output, mapping table, or reproduction backup"
temporary,/private/tmp/hardware-baseline-clean-20260929/docs/hardware_baseline/02_car_0_1_by_resolution.png,9a1b1a0e00c5907275c8262e0fd2db91eb3947e29d022749f669d8bb17aeb882,112905,"superseded hardware derived output, mapping table, or reproduction backup"
temporary,/private/tmp/hardware-baseline-clean-20260929/docs/hardware_baseline/02_car_0_1_by_resolution_covariance.csv,91e1b584030397eeea222d6a46eb491e6f3878395bd3142f34fc43259b85f508,604,"superseded hardware derived output, mapping table, or reproduction backup"
temporary,/private/tmp/hardware-baseline-clean-20260929/docs/hardware_baseline/03_car_0_1_heatmap.csv,c71040a4d8fea44b4d7f040d819181c8cd6a0dd83d7c3ab2b285588d2a78c490,6585,"superseded hardware derived output, mapping table, or reproduction backup"
temporary,/private/tmp/hardware-baseline-clean-20260929/docs/hardware_baseline/03_car_0_1_heatmap.png,8cc346eefc4f9c0e3023961f22ae2ee7e91ebde7afabc8053d9ae0e9beb580bc,250054,"superseded hardware derived output, mapping table, or reproduction backup"
temporary,/private/tmp/hardware-baseline-clean-20260929/docs/hardware_baseline/03_car_0_1_heatmap_covariance.csv,8e377e333d695d513df63604969a699f9c8a3e44fb2a73d57ea6b574bda7ebd3,14683,"superseded hardware derived output, mapping table, or reproduction backup"
temporary,/private/tmp/hardware-baseline-clean-20260929/docs/hardware_baseline/04_car_2_60_by_scrisk.csv,d97f9df695cc0ca3764222fc58696057b2ac2d260ba8ee112c7f5ecd06ee343e,1533,"superseded hardware derived output, mapping table, or reproduction backup"
temporary,/private/tmp/hardware-baseline-clean-20260929/docs/hardware_baseline/04_car_2_60_by_scrisk.png,6da3a5279a97fca5c742d28068e8385062018eeef75637cad128657cf11c54cb,116498,"superseded hardware derived output, mapping table, or reproduction backup"
temporary,/private/tmp/hardware-baseline-clean-20260929/docs/hardware_baseline/04_car_2_60_by_scrisk_covariance.csv,6bcbf3a6741d8b0ae793954fa72913db5d18ad3dbdd642ecb7da1d48711fcc93,622,"superseded hardware derived output, mapping table, or reproduction backup"
temporary,/private/tmp/hardware-baseline-clean-20260929/docs/hardware_baseline/05_car_2_60_heatmap.csv,862e844326669d35222523febb66faeb109d6afd9bbea4d11839a4afbc4717ef,6698,"superseded hardware derived output, mapping table, or reproduction backup"
temporary,/private/tmp/hardware-baseline-clean-20260929/docs/hardware_baseline/05_car_2_60_heatmap.png,fa6edbf3dd9fb6306b0bbafabf7e2e084457220b1500b6cd532bf832599ce4fb,248713,"superseded hardware derived output, mapping table, or reproduction backup"
temporary,/private/tmp/hardware-baseline-clean-20260929/docs/hardware_baseline/05_car_2_60_heatmap_covariance.csv,c120d2fab723738c779a1881a258d0a11b9c427abe738cedd3e4f43d6649c1c9,14923,"superseded hardware derived output, mapping table, or reproduction backup"
temporary,/private/tmp/hardware-baseline-clean-20260929/docs/hardware_baseline/README.md,bacb528f5b36b88cc7fb3c02953804a5cd63ab66f8deceea722358cb60c516ad,7297,"superseded hardware derived output, mapping table, or reproduction backup"
temporary,/private/tmp/hardware-baseline-clean-20260929/docs/hardware_baseline/coverage_by_year.csv,019609401a720b4e1cfbe7f349736d46a405655910d6814b48ea7f7ec14c383f,1238,"superseded hardware derived output, mapping table, or reproduction backup"
temporary,/private/tmp/hardware-baseline-clean-20260929/docs/hardware_baseline/gate_counts.csv,71e689ef887599055200b63074e4d7df1305f2fee306f5529564a406f57b3bb0,219,"superseded hardware derived output, mapping table, or reproduction backup"
temporary,/private/tmp/hardware-baseline-clean-20260929/docs/hardware_baseline/portfolio_comparisons.csv,ee294f1fa1000f840bd9692c59235b6233ff81d36ce37e007d3209f208941f92,113275,"superseded hardware derived output, mapping table, or reproduction backup"
temporary,/private/tmp/hardware-baseline-clean-20260929/docs/hardware_baseline/scaling.json,e054949899249fd2a0d9f5387d704d95a1b0ceadefc2b2758f0f963c554a6a8a,181,"superseded hardware derived output, mapping table, or reproduction backup"
temporary,/private/tmp/hardware-baseline-clean-20260929/docs/hardware_baseline/us_hardware_fractional_charts.pdf,b65280051791f23d092e4150f2ef8185e0f7392f550c1ea9aa6d23c296604d08,645528,"superseded hardware derived output, mapping table, or reproduction backup"
temporary,/private/tmp/hardware-baseline-clean-20260929/docs/hardware_baseline/winsorization_thresholds.csv,7cb18b9bd9e3777d72f89885c87ab836adb32918ac88db94a1ff2225cdd78bb9,326,"superseded hardware derived output, mapping table, or reproduction backup"
temporary,/private/tmp/hardware-baseline-clean-20260929/docs/hardware_baseline/zero_score_shares.json,08fa600b61869f5ec85175da14959bbf7e69ca5ffe0d0409e8ae126c33dc20b6,485,"superseded hardware derived output, mapping table, or reproduction backup"
temporary,/private/tmp/hardware-baseline-clean-20260929/docs/hardware_baseline/zero_tie_audit.csv,88598f182de2eeeed278686bd0e30fb41f8722f9a4416a3ebe74b19ce37d1b7a,451,"superseded hardware derived output, mapping table, or reproduction backup"
temporary,/private/tmp/hardware-baseline-clean-20260929/outputs/hardware_baseline_reproduction_v1/01_car_0_1_by_scrisk.csv,af9df3ebe60626ed148d804be452ea6e7ae66d02431cef30ece2408bf71dccc8,1507,"superseded hardware derived output, mapping table, or reproduction backup"
temporary,/private/tmp/hardware-baseline-clean-20260929/outputs/hardware_baseline_reproduction_v1/01_car_0_1_by_scrisk.png,3c25ab494c99704ba1148f2af798b88058b71fcc61d55a76f4e65945c029957d,107476,"superseded hardware derived output, mapping table, or reproduction backup"
temporary,/private/tmp/hardware-baseline-clean-20260929/outputs/hardware_baseline_reproduction_v1/01_car_0_1_by_scrisk_covariance.csv,728a8206dcbf9f90a3fe843c6cde81980028e6744564fd9791e3da8f77892ba3,601,"superseded hardware derived output, mapping table, or reproduction backup"
temporary,/private/tmp/hardware-baseline-clean-20260929/outputs/hardware_baseline_reproduction_v1/02_car_0_1_by_resolution.csv,3bd78a6683d7ea8eed0a48be79158e93877f2d11f3b5e3d6521c1219c5d06324,1565,"superseded hardware derived output, mapping table, or reproduction backup"
temporary,/private/tmp/hardware-baseline-clean-20260929/outputs/hardware_baseline_reproduction_v1/02_car_0_1_by_resolution.png,9a1b1a0e00c5907275c8262e0fd2db91eb3947e29d022749f669d8bb17aeb882,112905,"superseded hardware derived output, mapping table, or reproduction backup"
temporary,/private/tmp/hardware-baseline-clean-20260929/outputs/hardware_baseline_reproduction_v1/02_car_0_1_by_resolution_covariance.csv,ada534287385f70b32d81d05a61736e6d300208954f44940297ecb686702ab2a,604,"superseded hardware derived output, mapping table, or reproduction backup"
temporary,/private/tmp/hardware-baseline-clean-20260929/outputs/hardware_baseline_reproduction_v1/03_car_0_1_heatmap.csv,83a4fc8040c76829bd2c0d5820520c5a64007dac5f65eb2bf276752791ac71d8,6571,"superseded hardware derived output, mapping table, or reproduction backup"
temporary,/private/tmp/hardware-baseline-clean-20260929/outputs/hardware_baseline_reproduction_v1/03_car_0_1_heatmap.png,8cc346eefc4f9c0e3023961f22ae2ee7e91ebde7afabc8053d9ae0e9beb580bc,250054,"superseded hardware derived output, mapping table, or reproduction backup"
temporary,/private/tmp/hardware-baseline-clean-20260929/outputs/hardware_baseline_reproduction_v1/03_car_0_1_heatmap_covariance.csv,ce3b521407d844a9dd6def87a5b7d7ac0d108db68ea3ea78159ab25d9db71ad4,14735,"superseded hardware derived output, mapping table, or reproduction backup"
temporary,/private/tmp/hardware-baseline-clean-20260929/outputs/hardware_baseline_reproduction_v1/04_car_2_60_by_scrisk.csv,a61a101e8fab88eab480cf2a6feb0a109255bb3eeab4fa136df5e620838f7e5b,1534,"superseded hardware derived output, mapping table, or reproduction backup"
temporary,/private/tmp/hardware-baseline-clean-20260929/outputs/hardware_baseline_reproduction_v1/04_car_2_60_by_scrisk.png,6da3a5279a97fca5c742d28068e8385062018eeef75637cad128657cf11c54cb,116498,"superseded hardware derived output, mapping table, or reproduction backup"
temporary,/private/tmp/hardware-baseline-clean-20260929/outputs/hardware_baseline_reproduction_v1/04_car_2_60_by_scrisk_covariance.csv,7ca4466763f8e0127942ef37e6b261ece036a4c88d296d1bcf743d25b86f1bf5,619,"superseded hardware derived output, mapping table, or reproduction backup"
temporary,/private/tmp/hardware-baseline-clean-20260929/outputs/hardware_baseline_reproduction_v1/05_car_2_60_heatmap.csv,aabe037ee04d4ed24219ec6afdc35f496896a6386d097df10c26814f6df03f07,6701,"superseded hardware derived output, mapping table, or reproduction backup"
temporary,/private/tmp/hardware-baseline-clean-20260929/outputs/hardware_baseline_reproduction_v1/05_car_2_60_heatmap.png,fa6edbf3dd9fb6306b0bbafabf7e2e084457220b1500b6cd532bf832599ce4fb,248713,"superseded hardware derived output, mapping table, or reproduction backup"
temporary,/private/tmp/hardware-baseline-clean-20260929/outputs/hardware_baseline_reproduction_v1/05_car_2_60_heatmap_covariance.csv,b2e4871668543340c09280da043b78c70d4486858ffaa2a50a0a0f5250f58964,14955,"superseded hardware derived output, mapping table, or reproduction backup"
temporary,/private/tmp/hardware-baseline-clean-20260929/outputs/hardware_baseline_reproduction_v1/eligible_winsorized_calls.csv.gz,f736ab50b873f635b24be406802a4324cdef4296b4117e586199d160049121c3,3870508,"superseded hardware derived output, mapping table, or reproduction backup"
temporary,/private/tmp/hardware-baseline-clean-20260929/outputs/hardware_baseline_reproduction_v1/nested_memberships.csv.gz,3f295103a74213fdeded5e0e4fc69d85d8cdc952182cf2fb98623118f6637a9c,464334,"superseded hardware derived output, mapping table, or reproduction backup"
temporary,/private/tmp/hardware-baseline-clean-20260929/outputs/hardware_baseline_reproduction_v1/pages/us_hardware_fractional_charts_page_1.png,3c25ab494c99704ba1148f2af798b88058b71fcc61d55a76f4e65945c029957d,107476,"superseded hardware derived output, mapping table, or reproduction backup"
temporary,/private/tmp/hardware-baseline-clean-20260929/outputs/hardware_baseline_reproduction_v1/pages/us_hardware_fractional_charts_page_2.png,9a1b1a0e00c5907275c8262e0fd2db91eb3947e29d022749f669d8bb17aeb882,112905,"superseded hardware derived output, mapping table, or reproduction backup"
temporary,/private/tmp/hardware-baseline-clean-20260929/outputs/hardware_baseline_reproduction_v1/pages/us_hardware_fractional_charts_page_3.png,8cc346eefc4f9c0e3023961f22ae2ee7e91ebde7afabc8053d9ae0e9beb580bc,250054,"superseded hardware derived output, mapping table, or reproduction backup"
temporary,/private/tmp/hardware-baseline-clean-20260929/outputs/hardware_baseline_reproduction_v1/pages/us_hardware_fractional_charts_page_4.png,6da3a5279a97fca5c742d28068e8385062018eeef75637cad128657cf11c54cb,116498,"superseded hardware derived output, mapping table, or reproduction backup"
temporary,/private/tmp/hardware-baseline-clean-20260929/outputs/hardware_baseline_reproduction_v1/pages/us_hardware_fractional_charts_page_5.png,fa6edbf3dd9fb6306b0bbafabf7e2e084457220b1500b6cd532bf832599ce4fb,248713,"superseded hardware derived output, mapping table, or reproduction backup"
temporary,/private/tmp/hardware-baseline-clean-20260929/outputs/hardware_baseline_reproduction_v1/portfolio_comparisons.csv,7788f389cd6e80af683550fd15113c58862ff16f0e712e7717c4a86999a7f371,113915,"superseded hardware derived output, mapping table, or reproduction backup"
temporary,/private/tmp/hardware-baseline-clean-20260929/outputs/hardware_baseline_reproduction_v1/scrisk_memberships.csv.gz,ccc1eb60b173dd447387fc9b01529e81d956632d7c44ef6959cf6afee3d31257,106802,"superseded hardware derived output, mapping table, or reproduction backup"
temporary,/private/tmp/hardware-baseline-clean-20260929/outputs/hardware_baseline_reproduction_v1/us_hardware_fractional_charts.pdf,792d9e9c76ac6c0dd4398fb1565281661d574d807a327974bee230639401b7b9,645528,"superseded hardware derived output, mapping table, or reproduction backup"
temporary,/private/tmp/hardware-baseline-clean-20260929/outputs/hardware_baseline_reproduction_v1/verification.json,df3e73205ab4ae4667384d002663d6b33957a00b0da2ad68cff8774494f386a3,677,"superseded hardware derived output, mapping table, or reproduction backup"
temporary,/private/tmp/hardware-baseline-clean-20260929/outputs/hardware_baseline_reproduction_v1/winsorization_thresholds.csv,e23a604cf57202fcfffbaa042b030443bdeee99320e43dcb02d1dd7caf712540,328,"superseded hardware derived output, mapping table, or reproduction backup"
temporary,/private/tmp/hardware-baseline-clean-20260929/outputs/hardware_baseline_reproduction_v1/zero_tie_audit.csv,b8a34552df92c3214caef663bba5b6f73a4dd13584b5d4baed6eafa8c481d7e8,457,"superseded hardware derived output, mapping table, or reproduction backup"
temporary,/private/tmp/hardware-baseline-clean-20260929/reproduction/hardware_baseline_v1/INPUT_ACCESS.md,23e7b151816980e12a513b50d1eabcccc8e29d0701b83a2c2b93591f869ef8e6,3408,"superseded hardware derived output, mapping table, or reproduction backup"
temporary,/private/tmp/hardware-baseline-clean-20260929/reproduction/hardware_baseline_v1/README.md,87b06c8cd245f12ff1ce4cba1f16c2f246856db95d5d65e764d8a011ce72f974,1704,"superseded hardware derived output, mapping table, or reproduction backup"
temporary,/private/tmp/hardware-baseline-clean-20260929/reproduction/hardware_baseline_v1/calls.csv.gz,25958de6d76cb099179ce25eca73a7ddf584d761edf3e810c48b641dafb98d2d,3777565,"superseded hardware derived output, mapping table, or reproduction backup"
temporary,/private/tmp/hardware-baseline-clean-20260929/reproduction/hardware_baseline_v1/config.json,ea0679cab116432456680a0fea628ad9f108a7e26478adee9e0bb76866153242,5914,"superseded hardware derived output, mapping table, or reproduction backup"
temporary,/private/tmp/hardware-baseline-clean-20260929/reproduction/hardware_baseline_v1/manifest.json,3ee1a4c1e50781cd09b610932201adbfae9841dd7c4b5b84dee50ae4577d86dd,36245,"superseded hardware derived output, mapping table, or reproduction backup"
temporary,/private/tmp/hardware-baseline-clean-20260929/reproduction/hardware_baseline_v1/method_contract.json,a38e45a6a019dd5eab4b088ef461e3aa79db6cb49b9a020b322f993e9df80836,2656,"superseded hardware derived output, mapping table, or reproduction backup"
temporary,/private/tmp/hardware-baseline-clean-20260929/reproduction/hardware_baseline_v1/method_equivalence.json,8031659f75b21c760cc9c4cd4216df3ed0329b5eccc2ffcbb75f39b555c046ad,2195,"superseded hardware derived output, mapping table, or reproduction backup"
temporary,/private/tmp/hardware-baseline-clean-20260929/reproduction/hardware_baseline_v1/method_sources/factor_parser.py,ef908e2a8379998463f33ac2f55c912df3c308fa18128c1d9ffc4c56a1045eb9,31499,"superseded hardware derived output, mapping table, or reproduction backup"
temporary,/private/tmp/hardware-baseline-clean-20260929/reproduction/hardware_baseline_v1/method_sources/scorer.py,69c6a3cd3abaeb4844730807c99d97ad004278f3fa96418ccb12c9620689834e,41248,"superseded hardware derived output, mapping table, or reproduction backup"
temporary,/private/tmp/hardware-baseline-clean-20260929/reproduction/hardware_baseline_v1/pair_coverage.csv.gz,eb47f025102e57331ead2882842c8cb5b38c32344f674ceaf819515673a6acf3,94524,"superseded hardware derived output, mapping table, or reproduction backup"
temporary,/private/tmp/hardware-baseline-clean-20260929/reproduction/hardware_baseline_v1/private_inputs.json,7d704562be7079cb2e12745f8c1b362cb5b473fab5de977a73561c69e268fa18,3325434,"superseded hardware derived output, mapping table, or reproduction backup"
temporary,/private/tmp/hardware-baseline-clean-20260929/reproduction/hardware_baseline_v1/roster_379.csv,fc5f28af85ff42656a850d5c50111ada6c513d311d1b8230e42a65586a90e454,574835,"superseded hardware derived output, mapping table, or reproduction backup"
temporary,/private/tmp/hardware-baseline-clean-20260929/reproduction/hardware_baseline_v1/schema.json,d8a21a4f099a80db75ab6bd35ea21a08ea55f544e78c8d47c623959480f2818e,7056,"superseded hardware derived output, mapping table, or reproduction backup"
temporary,/private/tmp/hardware-baseline-clean-20260929/reproduction/hardware_baseline_v1/screened_universe_400.csv,8fac4f52c6e09e5b91b0a3bcdb4ddb9b9a8dce40635d16f23dfa20849af27e96,605130,"superseded hardware derived output, mapping table, or reproduction backup"
temporary,/private/tmp/hardware-baseline-clean-20260929/reproduction/hardware_baseline_v1/security_history.csv,074ff3631b8c840639d2122899d3d15d397d59c5b481a594afa9e2c9d2b6b1bb,52922,"superseded hardware derived output, mapping table, or reproduction backup"
temporary,/private/tmp/hardware-baseline-clean-20260929/reproduction/hardware_baseline_v1/source_run.json,b9c1fe4cab7aed86994725b51d2d5ac79ff2e076c255700ff1e9d9feead4228c,1768,"superseded hardware derived output, mapping table, or reproduction backup"
temporary,/private/tmp/hardware-clean-contact.png,40a5a1b3a7267ec2dd46cf476af020361295b48c07ccdad984b788cbcc81588d,173373,"superseded hardware derived output, mapping table, or reproduction backup"
temporary,/private/tmp/hardware-pr8-review.mjusM8/repo/docs/hardware_baseline/01_car_0_1_by_scrisk.csv,548c79e9f0f288771195be9d9e24f0b2aeaf1191197218fc245f7f4fb7f078ad,1509,"superseded hardware derived output, mapping table, or reproduction backup"
temporary,/private/tmp/hardware-pr8-review.mjusM8/repo/docs/hardware_baseline/01_car_0_1_by_scrisk.png,3c25ab494c99704ba1148f2af798b88058b71fcc61d55a76f4e65945c029957d,107476,"superseded hardware derived output, mapping table, or reproduction backup"
temporary,/private/tmp/hardware-pr8-review.mjusM8/repo/docs/hardware_baseline/01_car_0_1_by_scrisk_covariance.csv,3d868adf442976d7f64acc99713502383ba5e624aa54e336ec7c172d97e4c220,603,"superseded hardware derived output, mapping table, or reproduction backup"
temporary,/private/tmp/hardware-pr8-review.mjusM8/repo/docs/hardware_baseline/02_car_0_1_by_resolution.csv,57a75bc353fb4ca8b8bc6870183e3f0d287a5d70594acdf3053f78b1733b70a3,1564,"superseded hardware derived output, mapping table, or reproduction backup"
temporary,/private/tmp/hardware-pr8-review.mjusM8/repo/docs/hardware_baseline/02_car_0_1_by_resolution.png,9a1b1a0e00c5907275c8262e0fd2db91eb3947e29d022749f669d8bb17aeb882,112905,"superseded hardware derived output, mapping table, or reproduction backup"
temporary,/private/tmp/hardware-pr8-review.mjusM8/repo/docs/hardware_baseline/02_car_0_1_by_resolution_covariance.csv,91e1b584030397eeea222d6a46eb491e6f3878395bd3142f34fc43259b85f508,604,"superseded hardware derived output, mapping table, or reproduction backup"
temporary,/private/tmp/hardware-pr8-review.mjusM8/repo/docs/hardware_baseline/03_car_0_1_heatmap.csv,c71040a4d8fea44b4d7f040d819181c8cd6a0dd83d7c3ab2b285588d2a78c490,6585,"superseded hardware derived output, mapping table, or reproduction backup"
temporary,/private/tmp/hardware-pr8-review.mjusM8/repo/docs/hardware_baseline/03_car_0_1_heatmap.png,8cc346eefc4f9c0e3023961f22ae2ee7e91ebde7afabc8053d9ae0e9beb580bc,250054,"superseded hardware derived output, mapping table, or reproduction backup"
temporary,/private/tmp/hardware-pr8-review.mjusM8/repo/docs/hardware_baseline/03_car_0_1_heatmap_covariance.csv,8e377e333d695d513df63604969a699f9c8a3e44fb2a73d57ea6b574bda7ebd3,14683,"superseded hardware derived output, mapping table, or reproduction backup"
temporary,/private/tmp/hardware-pr8-review.mjusM8/repo/docs/hardware_baseline/04_car_2_60_by_scrisk.csv,d97f9df695cc0ca3764222fc58696057b2ac2d260ba8ee112c7f5ecd06ee343e,1533,"superseded hardware derived output, mapping table, or reproduction backup"
temporary,/private/tmp/hardware-pr8-review.mjusM8/repo/docs/hardware_baseline/04_car_2_60_by_scrisk.png,6da3a5279a97fca5c742d28068e8385062018eeef75637cad128657cf11c54cb,116498,"superseded hardware derived output, mapping table, or reproduction backup"
temporary,/private/tmp/hardware-pr8-review.mjusM8/repo/docs/hardware_baseline/04_car_2_60_by_scrisk_covariance.csv,6bcbf3a6741d8b0ae793954fa72913db5d18ad3dbdd642ecb7da1d48711fcc93,622,"superseded hardware derived output, mapping table, or reproduction backup"
temporary,/private/tmp/hardware-pr8-review.mjusM8/repo/docs/hardware_baseline/05_car_2_60_heatmap.csv,862e844326669d35222523febb66faeb109d6afd9bbea4d11839a4afbc4717ef,6698,"superseded hardware derived output, mapping table, or reproduction backup"
temporary,/private/tmp/hardware-pr8-review.mjusM8/repo/docs/hardware_baseline/05_car_2_60_heatmap.png,fa6edbf3dd9fb6306b0bbafabf7e2e084457220b1500b6cd532bf832599ce4fb,248713,"superseded hardware derived output, mapping table, or reproduction backup"
temporary,/private/tmp/hardware-pr8-review.mjusM8/repo/docs/hardware_baseline/05_car_2_60_heatmap_covariance.csv,c120d2fab723738c779a1881a258d0a11b9c427abe738cedd3e4f43d6649c1c9,14923,"superseded hardware derived output, mapping table, or reproduction backup"
temporary,/private/tmp/hardware-pr8-review.mjusM8/repo/docs/hardware_baseline/README.md,bacb528f5b36b88cc7fb3c02953804a5cd63ab66f8deceea722358cb60c516ad,7297,"superseded hardware derived output, mapping table, or reproduction backup"
temporary,/private/tmp/hardware-pr8-review.mjusM8/repo/docs/hardware_baseline/coverage_by_year.csv,019609401a720b4e1cfbe7f349736d46a405655910d6814b48ea7f7ec14c383f,1238,"superseded hardware derived output, mapping table, or reproduction backup"
temporary,/private/tmp/hardware-pr8-review.mjusM8/repo/docs/hardware_baseline/gate_counts.csv,71e689ef887599055200b63074e4d7df1305f2fee306f5529564a406f57b3bb0,219,"superseded hardware derived output, mapping table, or reproduction backup"
temporary,/private/tmp/hardware-pr8-review.mjusM8/repo/docs/hardware_baseline/portfolio_comparisons.csv,ee294f1fa1000f840bd9692c59235b6233ff81d36ce37e007d3209f208941f92,113275,"superseded hardware derived output, mapping table, or reproduction backup"
temporary,/private/tmp/hardware-pr8-review.mjusM8/repo/docs/hardware_baseline/scaling.json,e054949899249fd2a0d9f5387d704d95a1b0ceadefc2b2758f0f963c554a6a8a,181,"superseded hardware derived output, mapping table, or reproduction backup"
temporary,/private/tmp/hardware-pr8-review.mjusM8/repo/docs/hardware_baseline/us_hardware_fractional_charts.pdf,b65280051791f23d092e4150f2ef8185e0f7392f550c1ea9aa6d23c296604d08,645528,"superseded hardware derived output, mapping table, or reproduction backup"
temporary,/private/tmp/hardware-pr8-review.mjusM8/repo/docs/hardware_baseline/winsorization_thresholds.csv,7cb18b9bd9e3777d72f89885c87ab836adb32918ac88db94a1ff2225cdd78bb9,326,"superseded hardware derived output, mapping table, or reproduction backup"
temporary,/private/tmp/hardware-pr8-review.mjusM8/repo/docs/hardware_baseline/zero_score_shares.json,08fa600b61869f5ec85175da14959bbf7e69ca5ffe0d0409e8ae126c33dc20b6,485,"superseded hardware derived output, mapping table, or reproduction backup"
temporary,/private/tmp/hardware-pr8-review.mjusM8/repo/docs/hardware_baseline/zero_tie_audit.csv,88598f182de2eeeed278686bd0e30fb41f8722f9a4416a3ebe74b19ce37d1b7a,451,"superseded hardware derived output, mapping table, or reproduction backup"
temporary,/private/tmp/hardware-pr8-review.mjusM8/repo/reproduction/hardware_baseline_v1/INPUT_ACCESS.md,23e7b151816980e12a513b50d1eabcccc8e29d0701b83a2c2b93591f869ef8e6,3408,"superseded hardware derived output, mapping table, or reproduction backup"
temporary,/private/tmp/hardware-pr8-review.mjusM8/repo/reproduction/hardware_baseline_v1/README.md,87b06c8cd245f12ff1ce4cba1f16c2f246856db95d5d65e764d8a011ce72f974,1704,"superseded hardware derived output, mapping table, or reproduction backup"
temporary,/private/tmp/hardware-pr8-review.mjusM8/repo/reproduction/hardware_baseline_v1/calls.csv.gz,25958de6d76cb099179ce25eca73a7ddf584d761edf3e810c48b641dafb98d2d,3777565,"superseded hardware derived output, mapping table, or reproduction backup"
temporary,/private/tmp/hardware-pr8-review.mjusM8/repo/reproduction/hardware_baseline_v1/config.json,ea0679cab116432456680a0fea628ad9f108a7e26478adee9e0bb76866153242,5914,"superseded hardware derived output, mapping table, or reproduction backup"
temporary,/private/tmp/hardware-pr8-review.mjusM8/repo/reproduction/hardware_baseline_v1/manifest.json,3ee1a4c1e50781cd09b610932201adbfae9841dd7c4b5b84dee50ae4577d86dd,36245,"superseded hardware derived output, mapping table, or reproduction backup"
temporary,/private/tmp/hardware-pr8-review.mjusM8/repo/reproduction/hardware_baseline_v1/method_contract.json,a38e45a6a019dd5eab4b088ef461e3aa79db6cb49b9a020b322f993e9df80836,2656,"superseded hardware derived output, mapping table, or reproduction backup"
temporary,/private/tmp/hardware-pr8-review.mjusM8/repo/reproduction/hardware_baseline_v1/method_equivalence.json,8031659f75b21c760cc9c4cd4216df3ed0329b5eccc2ffcbb75f39b555c046ad,2195,"superseded hardware derived output, mapping table, or reproduction backup"
temporary,/private/tmp/hardware-pr8-review.mjusM8/repo/reproduction/hardware_baseline_v1/method_sources/factor_parser.py,ef908e2a8379998463f33ac2f55c912df3c308fa18128c1d9ffc4c56a1045eb9,31499,"superseded hardware derived output, mapping table, or reproduction backup"
temporary,/private/tmp/hardware-pr8-review.mjusM8/repo/reproduction/hardware_baseline_v1/method_sources/scorer.py,69c6a3cd3abaeb4844730807c99d97ad004278f3fa96418ccb12c9620689834e,41248,"superseded hardware derived output, mapping table, or reproduction backup"
temporary,/private/tmp/hardware-pr8-review.mjusM8/repo/reproduction/hardware_baseline_v1/pair_coverage.csv.gz,eb47f025102e57331ead2882842c8cb5b38c32344f674ceaf819515673a6acf3,94524,"superseded hardware derived output, mapping table, or reproduction backup"
temporary,/private/tmp/hardware-pr8-review.mjusM8/repo/reproduction/hardware_baseline_v1/private_inputs.json,7d704562be7079cb2e12745f8c1b362cb5b473fab5de977a73561c69e268fa18,3325434,"superseded hardware derived output, mapping table, or reproduction backup"
temporary,/private/tmp/hardware-pr8-review.mjusM8/repo/reproduction/hardware_baseline_v1/roster_379.csv,fc5f28af85ff42656a850d5c50111ada6c513d311d1b8230e42a65586a90e454,574835,"superseded hardware derived output, mapping table, or reproduction backup"
temporary,/private/tmp/hardware-pr8-review.mjusM8/repo/reproduction/hardware_baseline_v1/schema.json,d8a21a4f099a80db75ab6bd35ea21a08ea55f544e78c8d47c623959480f2818e,7056,"superseded hardware derived output, mapping table, or reproduction backup"
temporary,/private/tmp/hardware-pr8-review.mjusM8/repo/reproduction/hardware_baseline_v1/screened_universe_400.csv,8fac4f52c6e09e5b91b0a3bcdb4ddb9b9a8dce40635d16f23dfa20849af27e96,605130,"superseded hardware derived output, mapping table, or reproduction backup"
temporary,/private/tmp/hardware-pr8-review.mjusM8/repo/reproduction/hardware_baseline_v1/security_history.csv,074ff3631b8c840639d2122899d3d15d397d59c5b481a594afa9e2c9d2b6b1bb,52922,"superseded hardware derived output, mapping table, or reproduction backup"
temporary,/private/tmp/hardware-pr8-review.mjusM8/repo/reproduction/hardware_baseline_v1/source_run.json,b9c1fe4cab7aed86994725b51d2d5ac79ff2e076c255700ff1e9d9feead4228c,1768,"superseded hardware derived output, mapping table, or reproduction backup"
temporary,/private/tmp/hardware-pr8-review.mjusM8/reproduced/01_car_0_1_by_scrisk.csv,af9df3ebe60626ed148d804be452ea6e7ae66d02431cef30ece2408bf71dccc8,1507,"superseded hardware derived output, mapping table, or reproduction backup"
temporary,/private/tmp/hardware-pr8-review.mjusM8/reproduced/01_car_0_1_by_scrisk.png,3c25ab494c99704ba1148f2af798b88058b71fcc61d55a76f4e65945c029957d,107476,"superseded hardware derived output, mapping table, or reproduction backup"
temporary,/private/tmp/hardware-pr8-review.mjusM8/reproduced/01_car_0_1_by_scrisk_covariance.csv,11b15af05448caaff105d384df72e5925f0ebc1898f9fad9292b9c0d6a6d4dc0,606,"superseded hardware derived output, mapping table, or reproduction backup"
temporary,/private/tmp/hardware-pr8-review.mjusM8/reproduced/02_car_0_1_by_resolution.csv,3bd78a6683d7ea8eed0a48be79158e93877f2d11f3b5e3d6521c1219c5d06324,1565,"superseded hardware derived output, mapping table, or reproduction backup"
temporary,/private/tmp/hardware-pr8-review.mjusM8/reproduced/02_car_0_1_by_resolution.png,9a1b1a0e00c5907275c8262e0fd2db91eb3947e29d022749f669d8bb17aeb882,112905,"superseded hardware derived output, mapping table, or reproduction backup"
temporary,/private/tmp/hardware-pr8-review.mjusM8/reproduced/02_car_0_1_by_resolution_covariance.csv,55440c1407a3e1e95c248e9fb566428b3a37e9ba3a7bf28a4cda6c8c3df3af67,594,"superseded hardware derived output, mapping table, or reproduction backup"
temporary,/private/tmp/hardware-pr8-review.mjusM8/reproduced/03_car_0_1_heatmap.csv,83a4fc8040c76829bd2c0d5820520c5a64007dac5f65eb2bf276752791ac71d8,6571,"superseded hardware derived output, mapping table, or reproduction backup"
temporary,/private/tmp/hardware-pr8-review.mjusM8/reproduced/03_car_0_1_heatmap.png,8cc346eefc4f9c0e3023961f22ae2ee7e91ebde7afabc8053d9ae0e9beb580bc,250054,"superseded hardware derived output, mapping table, or reproduction backup"
temporary,/private/tmp/hardware-pr8-review.mjusM8/reproduced/03_car_0_1_heatmap_covariance.csv,9d7ae66064b8882855135c9995e86f49a1d624c066fd68663251c965fc1864d0,14700,"superseded hardware derived output, mapping table, or reproduction backup"
temporary,/private/tmp/hardware-pr8-review.mjusM8/reproduced/04_car_2_60_by_scrisk.csv,a61a101e8fab88eab480cf2a6feb0a109255bb3eeab4fa136df5e620838f7e5b,1534,"superseded hardware derived output, mapping table, or reproduction backup"
temporary,/private/tmp/hardware-pr8-review.mjusM8/reproduced/04_car_2_60_by_scrisk.png,6da3a5279a97fca5c742d28068e8385062018eeef75637cad128657cf11c54cb,116498,"superseded hardware derived output, mapping table, or reproduction backup"
temporary,/private/tmp/hardware-pr8-review.mjusM8/reproduced/04_car_2_60_by_scrisk_covariance.csv,05017d046242ac0180881105969aea73acceb498778c576ca33bf30672f1a965,616,"superseded hardware derived output, mapping table, or reproduction backup"
temporary,/private/tmp/hardware-pr8-review.mjusM8/reproduced/05_car_2_60_heatmap.csv,aabe037ee04d4ed24219ec6afdc35f496896a6386d097df10c26814f6df03f07,6701,"superseded hardware derived output, mapping table, or reproduction backup"
temporary,/private/tmp/hardware-pr8-review.mjusM8/reproduced/05_car_2_60_heatmap.png,fa6edbf3dd9fb6306b0bbafabf7e2e084457220b1500b6cd532bf832599ce4fb,248713,"superseded hardware derived output, mapping table, or reproduction backup"
temporary,/private/tmp/hardware-pr8-review.mjusM8/reproduced/05_car_2_60_heatmap_covariance.csv,81d19c3885802a742e282538bccd5de6d2d2a6b309ccd76978f2c8a0f72fa63e,14943,"superseded hardware derived output, mapping table, or reproduction backup"
temporary,/private/tmp/hardware-pr8-review.mjusM8/reproduced/eligible_winsorized_calls.csv.gz,4de038d0eec6b6b189c450f54bac3b77d5bfee4c2faa8c558fe7b88a5c41ddf6,3870508,"superseded hardware derived output, mapping table, or reproduction backup"
temporary,/private/tmp/hardware-pr8-review.mjusM8/reproduced/nested_memberships.csv.gz,9865b5f96ffcbb71236f8e6344bb243c2378549697b64e5d65afead145d33a79,464334,"superseded hardware derived output, mapping table, or reproduction backup"
temporary,/private/tmp/hardware-pr8-review.mjusM8/reproduced/pages/us_hardware_fractional_charts_page_1.png,3c25ab494c99704ba1148f2af798b88058b71fcc61d55a76f4e65945c029957d,107476,"superseded hardware derived output, mapping table, or reproduction backup"
temporary,/private/tmp/hardware-pr8-review.mjusM8/reproduced/pages/us_hardware_fractional_charts_page_2.png,9a1b1a0e00c5907275c8262e0fd2db91eb3947e29d022749f669d8bb17aeb882,112905,"superseded hardware derived output, mapping table, or reproduction backup"
temporary,/private/tmp/hardware-pr8-review.mjusM8/reproduced/pages/us_hardware_fractional_charts_page_3.png,8cc346eefc4f9c0e3023961f22ae2ee7e91ebde7afabc8053d9ae0e9beb580bc,250054,"superseded hardware derived output, mapping table, or reproduction backup"
temporary,/private/tmp/hardware-pr8-review.mjusM8/reproduced/pages/us_hardware_fractional_charts_page_4.png,6da3a5279a97fca5c742d28068e8385062018eeef75637cad128657cf11c54cb,116498,"superseded hardware derived output, mapping table, or reproduction backup"
temporary,/private/tmp/hardware-pr8-review.mjusM8/reproduced/pages/us_hardware_fractional_charts_page_5.png,fa6edbf3dd9fb6306b0bbafabf7e2e084457220b1500b6cd532bf832599ce4fb,248713,"superseded hardware derived output, mapping table, or reproduction backup"
temporary,/private/tmp/hardware-pr8-review.mjusM8/reproduced/portfolio_comparisons.csv,5763bb1abca734d2e6c846edfb1828922db0ddc6db873585642faf759eb1d058,113725,"superseded hardware derived output, mapping table, or reproduction backup"
temporary,/private/tmp/hardware-pr8-review.mjusM8/reproduced/scrisk_memberships.csv.gz,e8555ac450e220dd92e5e9b8fa6e7724db5f45a09b5a17b76b729d4073bc7024,106802,"superseded hardware derived output, mapping table, or reproduction backup"
temporary,/private/tmp/hardware-pr8-review.mjusM8/reproduced/us_hardware_fractional_charts.pdf,e384c4db85412c9fdb6a0c7a0a50eaf843fd282ee30b9d6d3702c9a875143ea4,645528,"superseded hardware derived output, mapping table, or reproduction backup"
temporary,/private/tmp/hardware-pr8-review.mjusM8/reproduced/verification.json,df3e73205ab4ae4667384d002663d6b33957a00b0da2ad68cff8774494f386a3,677,"superseded hardware derived output, mapping table, or reproduction backup"
temporary,/private/tmp/hardware-pr8-review.mjusM8/reproduced/winsorization_thresholds.csv,e23a604cf57202fcfffbaa042b030443bdeee99320e43dcb02d1dd7caf712540,328,"superseded hardware derived output, mapping table, or reproduction backup"
temporary,/private/tmp/hardware-pr8-review.mjusM8/reproduced/zero_tie_audit.csv,b8a34552df92c3214caef663bba5b6f73a4dd13584b5d4baed6eafa8c481d7e8,457,"superseded hardware derived output, mapping table, or reproduction backup"
temporary,/private/tmp/hardware_date_audit/all_calls_initial.csv,d497f0b3f163e195d66ae6786a1946b97e9815ff36eb744a8ee31f463e93c126,5202174,"superseded hardware derived output, mapping table, or reproduction backup"
temporary,/private/tmp/hardware_date_audit/screened_all_calls.csv,89173965120bdfdb7d5a0dc98aba58c90f7fade4c428429dde10b2f462aa9630,9343482,"superseded hardware derived output, mapping table, or reproduction backup"
