panel,left,right,difference_right_minus_left,se_firm_clustered,ci_low,ci_high,df,covariance,se_if_covariance_ignored,left_firms,right_firms,shared_unique_calls,shared_call_firms,shared_firms
car_0_1_by_scrisk,Q1,Q2,-0.0060553859372117621,0.001362462479543137,-0.0087346965252333587,-0.0033760753491901656,363,7.6676641144023726e-07,0.0018411509528127529,364,371,3525,364,364
car_0_1_by_scrisk,Q1,Q3,-0.0026782642500765702,0.0019914694538305643,-0.0065945300360958766,0.0012380015359427362,363,1.070806130155182e-07,0.0020445321742568012,364,369,0,0,358
car_0_1_by_scrisk,Q1,Q4,-0.0079291055573932276,0.0019086085968908306,-0.011682423757945362,-0.0041757873568410934,363,2.6033435960282778e-07,0.00204045472758678,364,371,0,0,359
car_0_1_by_scrisk,Q1,Q5,-0.015570744928464456,0.0019598331054057937,-0.019424797182314237,-0.011716692674614674,363,1.3680395287368211e-07,0.0020284362713163754,364,365,0,0,350
car_0_1_by_scrisk,Q2,Q3,0.0033771216871351919,0.0019222040790330295,-0.00040276051555102705,0.0071570038898214113,368,1.0145434086454695e-07,0.0019742789071406077,371,369,4,4,364
car_0_1_by_scrisk,Q2,Q4,-0.0018737196201814659,0.0018900852670804783,-0.0055903760998194732,0.0018429368594565418,370,1.5434928505281441e-07,0.0019700560618775066,371,371,0,0,366
car_0_1_by_scrisk,Q2,Q5,-0.0095153589912526943,0.0019010607447819447,-0.01325379982931002,-0.0057769181531953685,364,1.0909357152503355e-07,0.0019576054501356881,371,365,0,0,357
car_0_1_by_scrisk,Q3,Q4,-0.0052508413073166574,0.0022303240447765541,-0.0096366202446472645,-0.00086506236998605025,368,-1.514747386201021e-07,0.0021613412195829341,369,371,4,4,364
car_0_1_by_scrisk,Q3,Q5,-0.012892480678387885,0.0020993867306033525,-0.017020930077022677,-0.0087640312797530942,364,1.0753471714772651e-07,0.0021499986230062765,369,365,0,0,356
car_0_1_by_scrisk,Q4,Q5,-0.007641639371071228,0.0020603967410297206,-0.011693414855052011,-0.0035898638870904441,364,1.8030151612149508e-07,0.0021461215628870802,371,365,4,4,359
car_0_1_by_resolution,Q1,Q2,0,0,0,0,378,6.2264324007619053e-07,0.0011159240476629137,379,379,10634,379,379
car_0_1_by_resolution,Q1,Q3,-6.4309550703702499e-05,8.2758590346172686e-05,-0.00022703442639489892,9.8415324987493919e-05,378,6.1371528792007876e-07,0.0011109813500307926,379,379,10634,379,379
car_0_1_by_resolution,Q1,Q4,-0.00012882928220821471,0.00074849213326284457,-0.0016005591513560836,0.0013429005869396542,378,4.5217301166133963e-07,0.001210201015071068,379,379,10576,379,379
car_0_1_by_resolution,Q1,Q5,0.0014656293817271659,0.0013423843792036377,-0.0011738468384694476,0.0041051056019237794,378,3.5116853853986908e-07,0.0015825084197594883,379,379,7102,376,379
car_0_1_by_resolution,Q2,Q3,-6.4309550703702499e-05,8.2758590346172686e-05,-0.00022703442639489892,9.8415324987493919e-05,378,6.1371528792007876e-07,0.0011109813500307926,379,379,10634,379,379
car_0_1_by_resolution,Q2,Q4,-0.00012882928220821471,0.00074849213326284457,-0.0016005591513560836,0.0013429005869396542,378,4.5217301166133963e-07,0.001210201015071068,379,379,10576,379,379
car_0_1_by_resolution,Q2,Q5,0.0014656293817271659,0.0013423843792036377,-0.0011738468384694476,0.0041051056019237794,378,3.5116853853986908e-07,0.0015825084197594883,379,379,7102,376,379
car_0_1_by_resolution,Q3,Q4,-6.4519731504512207e-05,0.00075007744103589577,-0.0015393667273364265,0.001410327264327402,378,4.4548170464597361e-07,0.0012056448800716174,379,379,10577,379,379
car_0_1_by_resolution,Q3,Q5,0.0015299389324308684,0.0013397819932798093,-0.0011044203213676448,0.0041642981862293812,378,3.4915509452835848e-07,0.0015790269087553681,379,379,7102,376,379
car_0_1_by_resolution,Q4,Q5,0.0015944586639353806,0.0013796602042305927,-0.0011183115063928828,0.004307228834263644,378,4.100853180993676e-07,0.0016503432719699059,379,379,7110,376,379
car_0_1_heatmap,S1R1,S1R2,0,0,0,0,363,1.8360857197169868e-06,0.0019162910633392762,364,364,3526,364,364
car_0_1_heatmap,S1R1,S1R3,0,3.3153232735286278e-19,-6.5196516475508815e-19,6.5196516475508815e-19,363,1.8360857197169872e-06,0.0019162910633392764,364,364,3526,364,364
car_0_1_heatmap,S1R1,S1R4,0,5.4258562080560576e-19,-1.0670058225898493e-18,1.0670058225898493e-18,363,1.8360857197169863e-06,0.001916291063339276,364,364,3526,364,364
car_0_1_heatmap,S1R1,S1R5,0,5.4633331928917292e-19,-1.074375749012411e-18,1.074375749012411e-18,363,1.8360857197169863e-06,0.001916291063339276,364,364,3526,364,364
car_0_1_heatmap,S1R1,S2R1,-0.0058289622212517591,0.0013393689394841422,-0.0084628588860835487,-0.0031950655564199691,363,7.8252680967338534e-07,0.0018327473299398491,364,371,3525,364,364
car_0_1_heatmap,S1R1,S2R2,-0.0058289622212517591,0.0013393689394841422,-0.0084628588860835487,-0.0031950655564199691,363,7.8252680967338534e-07,0.0018327473299398491,364,371,3525,364,364
car_0_1_heatmap,S1R1,S2R3,-0.0058289622212517583,0.0013393689394841422,-0.0084628588860835487,-0.0031950655564199682,363,7.8252680967338545e-07,0.0018327473299398493,364,371,3525,364,364
car_0_1_heatmap,S1R1,S2R4,-0.0058289622212517583,0.0013393689394841422,-0.0084628588860835487,-0.0031950655564199682,363,7.8252680967338513e-07,0.0018327473299398491,364,371,3525,364,364
car_0_1_heatmap,S1R1,S2R5,-0.0069610808010468171,0.0021197960888157587,-0.011129703563499196,-0.0027924580385944369,363,7.0250434566264789e-07,0.0024286918597228192,364,371,3525,364,364
car_0_1_heatmap,S1R1,S3R1,-0.002927439492665395,0.0020794770295506997,-0.0070167739928647353,0.0011618950075339453,363,1.2855362079710427e-07,0.0021404046248369043,364,368,0,0,357
car_0_1_heatmap,S1R1,S3R2,-0.002927439492665395,0.0020794770295506997,-0.0070167739928647353,0.0011618950075339453,363,1.2855362079710427e-07,0.0021404046248369043,364,368,0,0,357
car_0_1_heatmap,S1R1,S3R3,-0.0029274394926653898,0.0020794770295507001,-0.007016773992864731,0.0011618950075339514,363,1.2855362079710427e-07,0.0021404046248369047,364,368,0,0,357
car_0_1_heatmap,S1R1,S3R4,-0.0029274394926653985,0.0020794770295506993,-0.0070167739928647379,0.0011618950075339409,363,1.2855362079710422e-07,0.0021404046248369043,364,368,0,0,357
car_0_1_heatmap,S1R1,S3R5,-0.0016815632797196126,0.0030833152200645708,-0.0077449663013553259,0.0043818397419161008,363,2.6521509320382586e-08,0.0030919048764350104,364,369,0,0,358
car_0_1_heatmap,S1R1,S4R1,-0.0090311965054549019,0.0021183912739650983,-0.01319705667050728,-0.0048653363404025226,363,2.1934030210499285e-07,0.0022195184598965286,364,364,0,0,352
car_0_1_heatmap,S1R1,S4R2,-0.0090311965054549019,0.0021183912739650983,-0.01319705667050728,-0.0048653363404025226,363,2.1934030210499285e-07,0.0022195184598965286,364,364,0,0,352
car_0_1_heatmap,S1R1,S4R3,-0.0090311965054549019,0.0021183912739650987,-0.013197056670507282,-0.0048653363404025218,363,2.19340302104993e-07,0.002219518459896529,364,364,0,0,352
car_0_1_heatmap,S1R1,S4R4,-0.00939221166146984,0.0023794010188436963,-0.014071352877215478,-0.0047130704457242021,363,1.1141531081197619e-07,0.0024257740682302568,364,366,0,0,354
car_0_1_heatmap,S1R1,S4R5,-0.0031597266091293649,0.0033081951021987272,-0.0096741104580926607,0.0033546572398339318,259,5.4123616034066859e-07,0.0034679427842588444,364,260,0,0,253
car_0_1_heatmap,S1R1,S5R1,-0.015718393002587067,0.0024039277788692544,-0.020446401033188372,-0.01099038497198576,349,-5.147032623886463e-08,0.0023824206416041519,364,350,0,0,336
car_0_1_heatmap,S1R1,S5R2,-0.015718393002587067,0.0024039277788692544,-0.020446401033188372,-0.01099038497198576,349,-5.147032623886463e-08,0.0023824206416041519,364,350,0,0,336
car_0_1_heatmap,S1R1,S5R3,-0.016039940756105563,0.0024247472393459837,-0.020808896180048719,-0.011270985332162404,349,-1.0867763977961887e-07,0.0023795049685085192,364,350,0,0,336
car_0_1_heatmap,S1R1,S5R4,-0.016001524257612903,0.0029997398939077529,-0.021901133731202276,-0.01010191478402353,353,2.3121728424070678e-07,0.0030758533774520383,364,354,0,0,340
car_0_1_heatmap,S1R1,S5R5,-0.014375473623427296,0.0045486992374575404,-0.02333833610651195,-0.0054126111403426415,228,6.6629409776793315e-07,0.0046928938778095829,364,229,0,0,216
car_0_1_heatmap,S1R2,S1R3,0,3.3153232735286278e-19,-6.5196516475508815e-19,6.5196516475508815e-19,363,1.8360857197169872e-06,0.0019162910633392764,364,364,3526,364,364
car_0_1_heatmap,S1R2,S1R4,0,5.4258562080560576e-19,-1.0670058225898493e-18,1.0670058225898493e-18,363,1.8360857197169863e-06,0.001916291063339276,364,364,3526,364,364
car_0_1_heatmap,S1R2,S1R5,0,5.4633331928917292e-19,-1.074375749012411e-18,1.074375749012411e-18,363,1.8360857197169863e-06,0.001916291063339276,364,364,3526,364,364
car_0_1_heatmap,S1R2,S2R1,-0.0058289622212517591,0.0013393689394841422,-0.0084628588860835487,-0.0031950655564199691,363,7.8252680967338534e-07,0.0018327473299398491,364,371,3525,364,364
car_0_1_heatmap,S1R2,S2R2,-0.0058289622212517591,0.0013393689394841422,-0.0084628588860835487,-0.0031950655564199691,363,7.8252680967338534e-07,0.0018327473299398491,364,371,3525,364,364
car_0_1_heatmap,S1R2,S2R3,-0.0058289622212517583,0.0013393689394841422,-0.0084628588860835487,-0.0031950655564199682,363,7.8252680967338545e-07,0.0018327473299398493,364,371,3525,364,364
car_0_1_heatmap,S1R2,S2R4,-0.0058289622212517583,0.0013393689394841422,-0.0084628588860835487,-0.0031950655564199682,363,7.8252680967338513e-07,0.0018327473299398491,364,371,3525,364,364
car_0_1_heatmap,S1R2,S2R5,-0.0069610808010468171,0.0021197960888157587,-0.011129703563499196,-0.0027924580385944369,363,7.0250434566264789e-07,0.0024286918597228192,364,371,3525,364,364
car_0_1_heatmap,S1R2,S3R1,-0.002927439492665395,0.0020794770295506997,-0.0070167739928647353,0.0011618950075339453,363,1.2855362079710427e-07,0.0021404046248369043,364,368,0,0,357
car_0_1_heatmap,S1R2,S3R2,-0.002927439492665395,0.0020794770295506997,-0.0070167739928647353,0.0011618950075339453,363,1.2855362079710427e-07,0.0021404046248369043,364,368,0,0,357
car_0_1_heatmap,S1R2,S3R3,-0.0029274394926653898,0.0020794770295507001,-0.007016773992864731,0.0011618950075339514,363,1.2855362079710427e-07,0.0021404046248369047,364,368,0,0,357
car_0_1_heatmap,S1R2,S3R4,-0.0029274394926653985,0.0020794770295506993,-0.0070167739928647379,0.0011618950075339409,363,1.2855362079710422e-07,0.0021404046248369043,364,368,0,0,357
car_0_1_heatmap,S1R2,S3R5,-0.0016815632797196126,0.0030833152200645708,-0.0077449663013553259,0.0043818397419161008,363,2.6521509320382586e-08,0.0030919048764350104,364,369,0,0,358
car_0_1_heatmap,S1R2,S4R1,-0.0090311965054549019,0.0021183912739650983,-0.01319705667050728,-0.0048653363404025226,363,2.1934030210499285e-07,0.0022195184598965286,364,364,0,0,352
car_0_1_heatmap,S1R2,S4R2,-0.0090311965054549019,0.0021183912739650983,-0.01319705667050728,-0.0048653363404025226,363,2.1934030210499285e-07,0.0022195184598965286,364,364,0,0,352
car_0_1_heatmap,S1R2,S4R3,-0.0090311965054549019,0.0021183912739650987,-0.013197056670507282,-0.0048653363404025218,363,2.19340302104993e-07,0.002219518459896529,364,364,0,0,352
car_0_1_heatmap,S1R2,S4R4,-0.00939221166146984,0.0023794010188436963,-0.014071352877215478,-0.0047130704457242021,363,1.1141531081197619e-07,0.0024257740682302568,364,366,0,0,354
car_0_1_heatmap,S1R2,S4R5,-0.0031597266091293649,0.0033081951021987272,-0.0096741104580926607,0.0033546572398339318,259,5.4123616034066859e-07,0.0034679427842588444,364,260,0,0,253
car_0_1_heatmap,S1R2,S5R1,-0.015718393002587067,0.0024039277788692544,-0.020446401033188372,-0.01099038497198576,349,-5.147032623886463e-08,0.0023824206416041519,364,350,0,0,336
car_0_1_heatmap,S1R2,S5R2,-0.015718393002587067,0.0024039277788692544,-0.020446401033188372,-0.01099038497198576,349,-5.147032623886463e-08,0.0023824206416041519,364,350,0,0,336
car_0_1_heatmap,S1R2,S5R3,-0.016039940756105563,0.0024247472393459837,-0.020808896180048719,-0.011270985332162404,349,-1.0867763977961887e-07,0.0023795049685085192,364,350,0,0,336
car_0_1_heatmap,S1R2,S5R4,-0.016001524257612903,0.0029997398939077529,-0.021901133731202276,-0.01010191478402353,353,2.3121728424070678e-07,0.0030758533774520383,364,354,0,0,340
car_0_1_heatmap,S1R2,S5R5,-0.014375473623427296,0.0045486992374575404,-0.02333833610651195,-0.0054126111403426415,228,6.6629409776793315e-07,0.0046928938778095829,364,229,0,0,216
car_0_1_heatmap,S1R3,S1R4,0,7.8349214105102285e-19,-1.540753467099974e-18,1.540753467099974e-18,363,1.8360857197169868e-06,0.0019162910633392762,364,364,3526,364,364
car_0_1_heatmap,S1R3,S1R5,0,7.8609215423462701e-19,-1.5458664466912816e-18,1.5458664466912816e-18,363,1.8360857197169868e-06,0.0019162910633392762,364,364,3526,364,364
car_0_1_heatmap,S1R3,S2R1,-0.0058289622212517591,0.0013393689394841425,-0.0084628588860835505,-0.0031950655564199687,363,7.8252680967338555e-07,0.0018327473299398493,364,371,3525,364,364
car_0_1_heatmap,S1R3,S2R2,-0.0058289622212517591,0.0013393689394841425,-0.0084628588860835505,-0.0031950655564199687,363,7.8252680967338555e-07,0.0018327473299398493,364,371,3525,364,364
car_0_1_heatmap,S1R3,S2R3,-0.0058289622212517583,0.0013393689394841427,-0.0084628588860835487,-0.0031950655564199674,363,7.8252680967338555e-07,0.0018327473299398496,364,371,3525,364,364
car_0_1_heatmap,S1R3,S2R4,-0.0058289622212517583,0.0013393689394841425,-0.0084628588860835487,-0.0031950655564199678,363,7.8252680967338534e-07,0.0018327473299398493,364,371,3525,364,364
car_0_1_heatmap,S1R3,S2R5,-0.0069610808010468171,0.0021197960888157592,-0.011129703563499198,-0.0027924580385944361,363,7.0250434566264789e-07,0.0024286918597228192,364,371,3525,364,364
car_0_1_heatmap,S1R3,S3R1,-0.002927439492665395,0.0020794770295506997,-0.0070167739928647353,0.0011618950075339453,363,1.285536207971043e-07,0.0021404046248369047,364,368,0,0,357
car_0_1_heatmap,S1R3,S3R2,-0.002927439492665395,0.0020794770295506997,-0.0070167739928647353,0.0011618950075339453,363,1.285536207971043e-07,0.0021404046248369047,364,368,0,0,357
car_0_1_heatmap,S1R3,S3R3,-0.0029274394926653898,0.0020794770295507001,-0.007016773992864731,0.0011618950075339514,363,1.2855362079710435e-07,0.0021404046248369051,364,368,0,0,357
car_0_1_heatmap,S1R3,S3R4,-0.0029274394926653985,0.0020794770295506993,-0.0070167739928647379,0.0011618950075339409,363,1.2855362079710427e-07,0.0021404046248369043,364,368,0,0,357
car_0_1_heatmap,S1R3,S3R5,-0.0016815632797196126,0.0030833152200645708,-0.0077449663013553259,0.0043818397419161008,363,2.6521509320382678e-08,0.0030919048764350104,364,369,0,0,358
car_0_1_heatmap,S1R3,S4R1,-0.0090311965054549019,0.0021183912739650983,-0.01319705667050728,-0.0048653363404025226,363,2.1934030210499295e-07,0.0022195184598965286,364,364,0,0,352
car_0_1_heatmap,S1R3,S4R2,-0.0090311965054549019,0.0021183912739650983,-0.01319705667050728,-0.0048653363404025226,363,2.1934030210499295e-07,0.0022195184598965286,364,364,0,0,352
car_0_1_heatmap,S1R3,S4R3,-0.0090311965054549019,0.0021183912739650987,-0.013197056670507282,-0.0048653363404025218,363,2.1934030210499303e-07,0.002219518459896529,364,364,0,0,352
car_0_1_heatmap,S1R3,S4R4,-0.00939221166146984,0.0023794010188436963,-0.014071352877215478,-0.0047130704457242021,363,1.1141531081197618e-07,0.0024257740682302568,364,366,0,0,354
car_0_1_heatmap,S1R3,S4R5,-0.0031597266091293649,0.0033081951021987272,-0.0096741104580926607,0.0033546572398339318,259,5.4123616034066891e-07,0.0034679427842588444,364,260,0,0,253
car_0_1_heatmap,S1R3,S5R1,-0.015718393002587067,0.0024039277788692548,-0.020446401033188375,-0.010990384971985758,349,-5.1470326238864669e-08,0.0023824206416041523,364,350,0,0,336
car_0_1_heatmap,S1R3,S5R2,-0.015718393002587067,0.0024039277788692548,-0.020446401033188375,-0.010990384971985758,349,-5.1470326238864669e-08,0.0023824206416041523,364,350,0,0,336
car_0_1_heatmap,S1R3,S5R3,-0.016039940756105563,0.0024247472393459837,-0.020808896180048719,-0.011270985332162404,349,-1.0867763977961893e-07,0.0023795049685085192,364,350,0,0,336
car_0_1_heatmap,S1R3,S5R4,-0.016001524257612903,0.0029997398939077529,-0.021901133731202276,-0.01010191478402353,353,2.3121728424070678e-07,0.0030758533774520383,364,354,0,0,340
car_0_1_heatmap,S1R3,S5R5,-0.014375473623427296,0.0045486992374575404,-0.02333833610651195,-0.0054126111403426415,228,6.6629409776793315e-07,0.0046928938778095829,364,229,0,0,216
car_0_1_heatmap,S1R4,S1R5,0,6.3882234310649586e-20,-1.2562573233752001e-19,1.2562573233752001e-19,363,1.8360857197169859e-06,0.0019162910633392758,364,364,3526,364,364
car_0_1_heatmap,S1R4,S2R1,-0.0058289622212517591,0.001339368939484142,-0.0084628588860835487,-0.0031950655564199695,363,7.8252680967338513e-07,0.0018327473299398489,364,371,3525,364,364
car_0_1_heatmap,S1R4,S2R2,-0.0058289622212517591,0.001339368939484142,-0.0084628588860835487,-0.0031950655564199695,363,7.8252680967338513e-07,0.0018327473299398489,364,371,3525,364,364
car_0_1_heatmap,S1R4,S2R3,-0.0058289622212517583,0.0013393689394841422,-0.0084628588860835487,-0.0031950655564199682,363,7.8252680967338513e-07,0.0018327473299398491,364,371,3525,364,364
car_0_1_heatmap,S1R4,S2R4,-0.0058289622212517583,0.001339368939484142,-0.008462858886083547,-0.0031950655564199687,363,7.8252680967338481e-07,0.0018327473299398487,364,371,3525,364,364
car_0_1_heatmap,S1R4,S2R5,-0.0069610808010468171,0.0021197960888157587,-0.011129703563499196,-0.0027924580385944369,363,7.0250434566264767e-07,0.0024286918597228187,364,371,3525,364,364
car_0_1_heatmap,S1R4,S3R1,-0.002927439492665395,0.0020794770295506993,-0.0070167739928647345,0.0011618950075339444,363,1.2855362079710422e-07,0.0021404046248369043,364,368,0,0,357
car_0_1_heatmap,S1R4,S3R2,-0.002927439492665395,0.0020794770295506993,-0.0070167739928647345,0.0011618950075339444,363,1.2855362079710422e-07,0.0021404046248369043,364,368,0,0,357
car_0_1_heatmap,S1R4,S3R3,-0.0029274394926653898,0.0020794770295506997,-0.0070167739928647301,0.0011618950075339505,363,1.285536207971043e-07,0.0021404046248369047,364,368,0,0,357
car_0_1_heatmap,S1R4,S3R4,-0.0029274394926653985,0.0020794770295506993,-0.0070167739928647379,0.0011618950075339409,363,1.2855362079710424e-07,0.0021404046248369038,364,368,0,0,357
car_0_1_heatmap,S1R4,S3R5,-0.0016815632797196126,0.0030833152200645704,-0.0077449663013553251,0.0043818397419161,363,2.6521509320382599e-08,0.00309190487643501,364,369,0,0,358
car_0_1_heatmap,S1R4,S4R1,-0.0090311965054549019,0.0021183912739650983,-0.01319705667050728,-0.0048653363404025226,363,2.1934030210499285e-07,0.0022195184598965282,364,364,0,0,352
car_0_1_heatmap,S1R4,S4R2,-0.0090311965054549019,0.0021183912739650983,-0.01319705667050728,-0.0048653363404025226,363,2.1934030210499285e-07,0.0022195184598965282,364,364,0,0,352
car_0_1_heatmap,S1R4,S4R3,-0.0090311965054549019,0.0021183912739650983,-0.01319705667050728,-0.0048653363404025226,363,2.1934030210499285e-07,0.0022195184598965286,364,364,0,0,352
car_0_1_heatmap,S1R4,S4R4,-0.00939221166146984,0.0023794010188436959,-0.014071352877215476,-0.004713070445724203,363,1.114153108119761e-07,0.0024257740682302564,364,366,0,0,354
car_0_1_heatmap,S1R4,S4R5,-0.0031597266091293649,0.0033081951021987272,-0.0096741104580926607,0.0033546572398339318,259,5.4123616034066828e-07,0.0034679427842588444,364,260,0,0,253
car_0_1_heatmap,S1R4,S5R1,-0.015718393002587067,0.0024039277788692544,-0.020446401033188372,-0.01099038497198576,349,-5.1470326238864524e-08,0.0023824206416041519,364,350,0,0,336
car_0_1_heatmap,S1R4,S5R2,-0.015718393002587067,0.0024039277788692544,-0.020446401033188372,-0.01099038497198576,349,-5.1470326238864524e-08,0.0023824206416041519,364,350,0,0,336
car_0_1_heatmap,S1R4,S5R3,-0.016039940756105563,0.0024247472393459832,-0.020808896180048719,-0.011270985332162406,349,-1.0867763977961882e-07,0.0023795049685085188,364,350,0,0,336
car_0_1_heatmap,S1R4,S5R4,-0.016001524257612903,0.0029997398939077529,-0.021901133731202276,-0.01010191478402353,353,2.3121728424070667e-07,0.0030758533774520383,364,354,0,0,340
car_0_1_heatmap,S1R4,S5R5,-0.014375473623427296,0.0045486992374575404,-0.02333833610651195,-0.0054126111403426415,228,6.6629409776793283e-07,0.0046928938778095829,364,229,0,0,216
car_0_1_heatmap,S1R5,S2R1,-0.0058289622212517591,0.001339368939484142,-0.0084628588860835487,-0.0031950655564199695,363,7.8252680967338513e-07,0.0018327473299398489,364,371,3525,364,364
car_0_1_heatmap,S1R5,S2R2,-0.0058289622212517591,0.001339368939484142,-0.0084628588860835487,-0.0031950655564199695,363,7.8252680967338513e-07,0.0018327473299398489,364,371,3525,364,364
car_0_1_heatmap,S1R5,S2R3,-0.0058289622212517583,0.0013393689394841422,-0.0084628588860835487,-0.0031950655564199682,363,7.8252680967338513e-07,0.0018327473299398491,364,371,3525,364,364
car_0_1_heatmap,S1R5,S2R4,-0.0058289622212517583,0.001339368939484142,-0.008462858886083547,-0.0031950655564199687,363,7.8252680967338481e-07,0.0018327473299398487,364,371,3525,364,364
car_0_1_heatmap,S1R5,S2R5,-0.0069610808010468171,0.0021197960888157587,-0.011129703563499196,-0.0027924580385944369,363,7.0250434566264767e-07,0.0024286918597228187,364,371,3525,364,364
car_0_1_heatmap,S1R5,S3R1,-0.002927439492665395,0.0020794770295506993,-0.0070167739928647345,0.0011618950075339444,363,1.2855362079710424e-07,0.0021404046248369043,364,368,0,0,357
car_0_1_heatmap,S1R5,S3R2,-0.002927439492665395,0.0020794770295506993,-0.0070167739928647345,0.0011618950075339444,363,1.2855362079710424e-07,0.0021404046248369043,364,368,0,0,357
car_0_1_heatmap,S1R5,S3R3,-0.0029274394926653898,0.0020794770295506997,-0.0070167739928647301,0.0011618950075339505,363,1.2855362079710432e-07,0.0021404046248369047,364,368,0,0,357
car_0_1_heatmap,S1R5,S3R4,-0.0029274394926653985,0.0020794770295506993,-0.0070167739928647379,0.0011618950075339409,363,1.2855362079710424e-07,0.0021404046248369038,364,368,0,0,357
car_0_1_heatmap,S1R5,S3R5,-0.0016815632797196126,0.0030833152200645704,-0.0077449663013553251,0.0043818397419161,363,2.6521509320382599e-08,0.00309190487643501,364,369,0,0,358
car_0_1_heatmap,S1R5,S4R1,-0.0090311965054549019,0.0021183912739650983,-0.01319705667050728,-0.0048653363404025226,363,2.1934030210499285e-07,0.0022195184598965282,364,364,0,0,352
car_0_1_heatmap,S1R5,S4R2,-0.0090311965054549019,0.0021183912739650983,-0.01319705667050728,-0.0048653363404025226,363,2.1934030210499285e-07,0.0022195184598965282,364,364,0,0,352
car_0_1_heatmap,S1R5,S4R3,-0.0090311965054549019,0.0021183912739650983,-0.01319705667050728,-0.0048653363404025226,363,2.1934030210499285e-07,0.0022195184598965286,364,364,0,0,352
car_0_1_heatmap,S1R5,S4R4,-0.00939221166146984,0.0023794010188436959,-0.014071352877215476,-0.004713070445724203,363,1.114153108119761e-07,0.0024257740682302564,364,366,0,0,354
car_0_1_heatmap,S1R5,S4R5,-0.0031597266091293649,0.0033081951021987272,-0.0096741104580926607,0.0033546572398339318,259,5.4123616034066828e-07,0.0034679427842588444,364,260,0,0,253
car_0_1_heatmap,S1R5,S5R1,-0.015718393002587067,0.0024039277788692544,-0.020446401033188372,-0.01099038497198576,349,-5.1470326238864524e-08,0.0023824206416041519,364,350,0,0,336
car_0_1_heatmap,S1R5,S5R2,-0.015718393002587067,0.0024039277788692544,-0.020446401033188372,-0.01099038497198576,349,-5.1470326238864524e-08,0.0023824206416041519,364,350,0,0,336
car_0_1_heatmap,S1R5,S5R3,-0.016039940756105563,0.0024247472393459832,-0.020808896180048719,-0.011270985332162406,349,-1.0867763977961884e-07,0.0023795049685085188,364,350,0,0,336
car_0_1_heatmap,S1R5,S5R4,-0.016001524257612903,0.0029997398939077529,-0.021901133731202276,-0.01010191478402353,353,2.312172842407067e-07,0.0030758533774520383,364,354,0,0,340
car_0_1_heatmap,S1R5,S5R5,-0.014375473623427296,0.0045486992374575404,-0.02333833610651195,-0.0054126111403426415,228,6.6629409776793294e-07,0.0046928938778095829,364,229,0,0,216
car_0_1_heatmap,S2R1,S2R2,0,0,0,0,370,1.5228770556846594e-06,0.0017452089019281672,371,371,4946,371,371
car_0_1_heatmap,S2R1,S2R3,8.6736173798840355e-19,2.6517642427763167e-19,3.4591982597294286e-19,1.3888036500038641e-18,370,1.5228770556846599e-06,0.0017452089019281674,371,371,4946,371,371
car_0_1_heatmap,S2R1,S2R4,8.6736173798840355e-19,3.0713041225974019e-19,2.6342166359045217e-19,1.4713018123863549e-18,370,1.5228770556846594e-06,0.0017452089019281672,371,371,4946,371,371
car_0_1_heatmap,S2R1,S2R5,-0.001132118579795058,0.0017263725029175768,-0.0045268509027174475,0.0022626137431273315,370,1.3024867333108298e-06,0.0023633314379179994,371,371,4946,371,371
car_0_1_heatmap,S2R1,S3R1,0.0029015227285863641,0.0020081166338215858,-0.0010473361100639634,0.0068503815672366917,367,1.1779543947997366e-07,0.0020659436812243653,371,368,3,3,363
car_0_1_heatmap,S2R1,S3R2,0.0029015227285863641,0.0020081166338215858,-0.0010473361100639634,0.0068503815672366917,367,1.1779543947997366e-07,0.0020659436812243653,371,368,3,3,363
car_0_1_heatmap,S2R1,S3R3,0.0029015227285863693,0.0020081166338215863,-0.0010473361100639591,0.0068503815672366977,367,1.1779543947997365e-07,0.0020659436812243658,371,368,3,3,363
car_0_1_heatmap,S2R1,S3R4,0.0029015227285863606,0.0020081166338215854,-0.001047336110063966,0.0068503815672366873,367,1.1779543947997364e-07,0.0020659436812243649,371,368,3,3,363
car_0_1_heatmap,S2R1,S3R5,0.0041473989415321466,0.0029791615843466047,-0.0017109175475593912,0.010005715430623684,368,1.8563167762185029e-07,0.0030408332905455817,371,369,3,3,364
car_0_1_heatmap,S2R1,S4R1,-0.0032022342842031419,0.0021052175715867497,-0.0073421880916157934,0.00093771952320950962,363,9.0556253035759347e-08,0.0021478020229502371,371,364,0,0,359
car_0_1_heatmap,S2R1,S4R2,-0.0032022342842031419,0.0021052175715867497,-0.0073421880916157934,0.00093771952320950962,363,9.0556253035759347e-08,0.0021478020229502371,371,364,0,0,359
car_0_1_heatmap,S2R1,S4R3,-0.0032022342842031419,0.0021052175715867501,-0.0073421880916157943,0.00093771952320951049,363,9.0556253035759374e-08,0.0021478020229502375,371,364,0,0,359
car_0_1_heatmap,S2R1,S4R4,-0.0035632494402180813,0.0023348448568129457,-0.0081546858860703057,0.0010281870056341436,365,5.9835330340089603e-08,0.002360332850694165,371,366,0,0,361
car_0_1_heatmap,S2R1,S4R5,0.0026692356121223943,0.0033565631488446067,-0.0039403929283243046,0.009278864152569094,259,2.234511593395217e-07,0.0034224871790644678,371,260,0,0,257
car_0_1_heatmap,S2R1,S5R1,-0.0098894307813353101,0.0023200055320742805,-0.0144523818329872,-0.0053264797296834207,349,-9.8531096730269563e-09,0.0023157546177238236,371,350,0,0,343
car_0_1_heatmap,S2R1,S5R2,-0.0098894307813353101,0.0023200055320742805,-0.0144523818329872,-0.0053264797296834207,349,-9.8531096730269563e-09,0.0023157546177238236,371,350,0,0,343
car_0_1_heatmap,S2R1,S5R3,-0.010210978534853803,0.0023144325883774587,-0.014762968806908121,-0.0056589882627994829,349,-3.8814875095906844e-09,0.0023127549007891869,371,350,0,0,343
car_0_1_heatmap,S2R1,S5R4,-0.010172562036361145,0.0029554272898878291,-0.015985021601051318,-0.0043601024716709716,353,2.0655743486853223e-07,0.0030245107597016061,371,354,0,0,347
car_0_1_heatmap,S2R1,S5R5,-0.0085465114021755356,0.0045859907173197972,-0.01758285388214452,0.00048983107779344663,228,3.3936671250349559e-07,0.0046594038550387901,371,229,0,0,222
car_0_1_heatmap,S2R2,S2R3,8.6736173798840355e-19,2.6517642427763167e-19,3.4591982597294286e-19,1.3888036500038641e-18,370,1.5228770556846599e-06,0.0017452089019281674,371,371,4946,371,371
car_0_1_heatmap,S2R2,S2R4,8.6736173798840355e-19,3.0713041225974019e-19,2.6342166359045217e-19,1.4713018123863549e-18,370,1.5228770556846594e-06,0.0017452089019281672,371,371,4946,371,371
car_0_1_heatmap,S2R2,S2R5,-0.001132118579795058,0.0017263725029175768,-0.0045268509027174475,0.0022626137431273315,370,1.3024867333108298e-06,0.0023633314379179994,371,371,4946,371,371
car_0_1_heatmap,S2R2,S3R1,0.0029015227285863641,0.0020081166338215858,-0.0010473361100639634,0.0068503815672366917,367,1.1779543947997366e-07,0.0020659436812243653,371,368,3,3,363
car_0_1_heatmap,S2R2,S3R2,0.0029015227285863641,0.0020081166338215858,-0.0010473361100639634,0.0068503815672366917,367,1.1779543947997366e-07,0.0020659436812243653,371,368,3,3,363
car_0_1_heatmap,S2R2,S3R3,0.0029015227285863693,0.0020081166338215863,-0.0010473361100639591,0.0068503815672366977,367,1.1779543947997365e-07,0.0020659436812243658,371,368,3,3,363
car_0_1_heatmap,S2R2,S3R4,0.0029015227285863606,0.0020081166338215854,-0.001047336110063966,0.0068503815672366873,367,1.1779543947997364e-07,0.0020659436812243649,371,368,3,3,363
car_0_1_heatmap,S2R2,S3R5,0.0041473989415321466,0.0029791615843466047,-0.0017109175475593912,0.010005715430623684,368,1.8563167762185029e-07,0.0030408332905455817,371,369,3,3,364
car_0_1_heatmap,S2R2,S4R1,-0.0032022342842031419,0.0021052175715867497,-0.0073421880916157934,0.00093771952320950962,363,9.0556253035759347e-08,0.0021478020229502371,371,364,0,0,359
car_0_1_heatmap,S2R2,S4R2,-0.0032022342842031419,0.0021052175715867497,-0.0073421880916157934,0.00093771952320950962,363,9.0556253035759347e-08,0.0021478020229502371,371,364,0,0,359
car_0_1_heatmap,S2R2,S4R3,-0.0032022342842031419,0.0021052175715867501,-0.0073421880916157943,0.00093771952320951049,363,9.0556253035759374e-08,0.0021478020229502375,371,364,0,0,359
car_0_1_heatmap,S2R2,S4R4,-0.0035632494402180813,0.0023348448568129457,-0.0081546858860703057,0.0010281870056341436,365,5.9835330340089603e-08,0.002360332850694165,371,366,0,0,361
car_0_1_heatmap,S2R2,S4R5,0.0026692356121223943,0.0033565631488446067,-0.0039403929283243046,0.009278864152569094,259,2.234511593395217e-07,0.0034224871790644678,371,260,0,0,257
car_0_1_heatmap,S2R2,S5R1,-0.0098894307813353101,0.0023200055320742805,-0.0144523818329872,-0.0053264797296834207,349,-9.8531096730269563e-09,0.0023157546177238236,371,350,0,0,343
car_0_1_heatmap,S2R2,S5R2,-0.0098894307813353101,0.0023200055320742805,-0.0144523818329872,-0.0053264797296834207,349,-9.8531096730269563e-09,0.0023157546177238236,371,350,0,0,343
car_0_1_heatmap,S2R2,S5R3,-0.010210978534853803,0.0023144325883774587,-0.014762968806908121,-0.0056589882627994829,349,-3.8814875095906844e-09,0.0023127549007891869,371,350,0,0,343
car_0_1_heatmap,S2R2,S5R4,-0.010172562036361145,0.0029554272898878291,-0.015985021601051318,-0.0043601024716709716,353,2.0655743486853223e-07,0.0030245107597016061,371,354,0,0,347
car_0_1_heatmap,S2R2,S5R5,-0.0085465114021755356,0.0045859907173197972,-0.01758285388214452,0.00048983107779344663,228,3.3936671250349559e-07,0.0046594038550387901,371,229,0,0,222
car_0_1_heatmap,S2R3,S2R4,0,4.2208677021587771e-19,-8.2998981940930842e-19,8.2998981940930842e-19,370,1.5228770556846599e-06,0.0017452089019281672,371,371,4946,371,371
car_0_1_heatmap,S2R3,S2R5,-0.0011321185797950589,0.0017263725029175768,-0.0045268509027174483,0.0022626137431273306,370,1.30248673331083e-06,0.0023633314379179994,371,371,4946,371,371
car_0_1_heatmap,S2R3,S3R1,0.0029015227285863632,0.0020081166338215858,-0.0010473361100639643,0.0068503815672366908,367,1.1779543947997364e-07,0.0020659436812243653,371,368,3,3,363
car_0_1_heatmap,S2R3,S3R2,0.0029015227285863632,0.0020081166338215858,-0.0010473361100639643,0.0068503815672366908,367,1.1779543947997364e-07,0.0020659436812243653,371,368,3,3,363
car_0_1_heatmap,S2R3,S3R3,0.0029015227285863684,0.0020081166338215863,-0.00104733611006396,0.0068503815672366969,367,1.1779543947997365e-07,0.0020659436812243658,371,368,3,3,363
car_0_1_heatmap,S2R3,S3R4,0.0029015227285863598,0.0020081166338215858,-0.0010473361100639678,0.0068503815672366873,367,1.1779543947997358e-07,0.0020659436812243653,371,368,3,3,363
car_0_1_heatmap,S2R3,S3R5,0.0041473989415321457,0.0029791615843466047,-0.0017109175475593921,0.010005715430623684,368,1.856316776218504e-07,0.0030408332905455817,371,369,3,3,364
car_0_1_heatmap,S2R3,S4R1,-0.0032022342842031428,0.0021052175715867501,-0.0073421880916157952,0.00093771952320950962,363,9.055625303575936e-08,0.0021478020229502371,371,364,0,0,359
car_0_1_heatmap,S2R3,S4R2,-0.0032022342842031428,0.0021052175715867501,-0.0073421880916157952,0.00093771952320950962,363,9.055625303575936e-08,0.0021478020229502371,371,364,0,0,359
car_0_1_heatmap,S2R3,S4R3,-0.0032022342842031428,0.0021052175715867501,-0.0073421880916157952,0.00093771952320950962,363,9.055625303575936e-08,0.0021478020229502375,371,364,0,0,359
car_0_1_heatmap,S2R3,S4R4,-0.0035632494402180821,0.0023348448568129457,-0.0081546858860703075,0.0010281870056341427,365,5.983533034008967e-08,0.002360332850694165,371,366,0,0,361
car_0_1_heatmap,S2R3,S4R5,0.0026692356121223934,0.0033565631488446067,-0.0039403929283243055,0.0092788641525690923,259,2.2345115933952167e-07,0.0034224871790644678,371,260,0,0,257
car_0_1_heatmap,S2R3,S5R1,-0.0098894307813353101,0.0023200055320742809,-0.0144523818329872,-0.0053264797296834199,349,-9.853109673026943e-09,0.0023157546177238236,371,350,0,0,343
car_0_1_heatmap,S2R3,S5R2,-0.0098894307813353101,0.0023200055320742809,-0.0144523818329872,-0.0053264797296834199,349,-9.853109673026943e-09,0.0023157546177238236,371,350,0,0,343
car_0_1_heatmap,S2R3,S5R3,-0.010210978534853803,0.0023144325883774587,-0.014762968806908121,-0.0056589882627994829,349,-3.8814875095906712e-09,0.0023127549007891869,371,350,0,0,343
car_0_1_heatmap,S2R3,S5R4,-0.010172562036361146,0.0029554272898878295,-0.015985021601051322,-0.0043601024716709725,353,2.0655743486853221e-07,0.0030245107597016061,371,354,0,0,347
car_0_1_heatmap,S2R3,S5R5,-0.0085465114021755374,0.0045859907173197972,-0.01758285388214452,0.0004898310777934449,228,3.3936671250349548e-07,0.0046594038550387901,371,229,0,0,222
car_0_1_heatmap,S2R4,S2R5,-0.0011321185797950589,0.0017263725029175768,-0.0045268509027174483,0.0022626137431273306,370,1.3024867333108296e-06,0.0023633314379179994,371,371,4946,371,371
car_0_1_heatmap,S2R4,S3R1,0.0029015227285863632,0.0020081166338215858,-0.0010473361100639643,0.0068503815672366908,367,1.1779543947997356e-07,0.0020659436812243653,371,368,3,3,363
car_0_1_heatmap,S2R4,S3R2,0.0029015227285863632,0.0020081166338215858,-0.0010473361100639643,0.0068503815672366908,367,1.1779543947997356e-07,0.0020659436812243653,371,368,3,3,363
car_0_1_heatmap,S2R4,S3R3,0.0029015227285863684,0.0020081166338215858,-0.0010473361100639591,0.006850381567236696,367,1.1779543947997362e-07,0.0020659436812243658,371,368,3,3,363
car_0_1_heatmap,S2R4,S3R4,0.0029015227285863598,0.0020081166338215854,-0.0010473361100639669,0.0068503815672366864,367,1.1779543947997358e-07,0.0020659436812243649,371,368,3,3,363
car_0_1_heatmap,S2R4,S3R5,0.0041473989415321457,0.0029791615843466047,-0.0017109175475593921,0.010005715430623684,368,1.8563167762185029e-07,0.0030408332905455817,371,369,3,3,364
car_0_1_heatmap,S2R4,S4R1,-0.0032022342842031428,0.0021052175715867497,-0.0073421880916157943,0.00093771952320950876,363,9.0556253035759254e-08,0.0021478020229502371,371,364,0,0,359
car_0_1_heatmap,S2R4,S4R2,-0.0032022342842031428,0.0021052175715867497,-0.0073421880916157943,0.00093771952320950876,363,9.0556253035759254e-08,0.0021478020229502371,371,364,0,0,359
car_0_1_heatmap,S2R4,S4R3,-0.0032022342842031428,0.0021052175715867501,-0.0073421880916157952,0.00093771952320950962,363,9.0556253035759281e-08,0.0021478020229502375,371,364,0,0,359
car_0_1_heatmap,S2R4,S4R4,-0.0035632494402180821,0.0023348448568129457,-0.0081546858860703075,0.0010281870056341427,365,5.983533034008963e-08,0.0023603328506941646,371,366,0,0,361
car_0_1_heatmap,S2R4,S4R5,0.0026692356121223934,0.0033565631488446067,-0.0039403929283243055,0.0092788641525690923,259,2.2345115933952162e-07,0.0034224871790644678,371,260,0,0,257
car_0_1_heatmap,S2R4,S5R1,-0.0098894307813353101,0.0023200055320742805,-0.0144523818329872,-0.0053264797296834207,349,-9.8531096730268901e-09,0.0023157546177238236,371,350,0,0,343
car_0_1_heatmap,S2R4,S5R2,-0.0098894307813353101,0.0023200055320742805,-0.0144523818329872,-0.0053264797296834207,349,-9.8531096730268901e-09,0.0023157546177238236,371,350,0,0,343
car_0_1_heatmap,S2R4,S5R3,-0.010210978534853803,0.0023144325883774582,-0.014762968806908121,-0.0056589882627994838,349,-3.8814875095905984e-09,0.0023127549007891865,371,350,0,0,343
car_0_1_heatmap,S2R4,S5R4,-0.010172562036361146,0.0029554272898878291,-0.015985021601051318,-0.0043601024716709734,353,2.0655743486853226e-07,0.0030245107597016061,371,354,0,0,347
car_0_1_heatmap,S2R4,S5R5,-0.0085465114021755374,0.0045859907173197972,-0.01758285388214452,0.0004898310777934449,228,3.3936671250349553e-07,0.0046594038550387901,371,229,0,0,222
car_0_1_heatmap,S2R5,S3R1,0.0040336413083814221,0.0025591688408041005,-0.00099883356205264767,0.0090661161788154927,367,1.2917975616525971e-07,0.0026091578465231116,371,368,3,3,363
car_0_1_heatmap,S2R5,S3R2,0.0040336413083814221,0.0025591688408041005,-0.00099883356205264767,0.0090661161788154927,367,1.2917975616525971e-07,0.0026091578465231116,371,368,3,3,363
car_0_1_heatmap,S2R5,S3R3,0.0040336413083814273,0.0025591688408041009,-0.00099883356205264333,0.0090661161788154979,367,1.2917975616525963e-07,0.002609157846523112,371,368,3,3,363
car_0_1_heatmap,S2R5,S3R4,0.0040336413083814186,0.0025591688408041005,-0.00099883356205265113,0.0090661161788154893,367,1.2917975616525969e-07,0.0026091578465231116,371,368,3,3,363
car_0_1_heatmap,S2R5,S3R5,0.0052795175213272046,0.0035988156699574697,-0.0017973061364727518,0.012356341179127161,368,-5.826128756794596e-07,0.0034331106121085744,371,369,4,4,364
car_0_1_heatmap,S2R5,S4R1,-0.0020701157044080839,0.0025850335657364634,-0.0071536375679909997,0.0030134061591748319,363,2.3511818394359764e-07,0.0026744410451291258,371,364,0,0,359
car_0_1_heatmap,S2R5,S4R2,-0.0020701157044080839,0.0025850335657364634,-0.0071536375679909997,0.0030134061591748319,363,2.3511818394359764e-07,0.0026744410451291258,371,364,0,0,359
car_0_1_heatmap,S2R5,S4R3,-0.0020701157044080839,0.0025850335657364638,-0.0071536375679910006,0.0030134061591748328,363,2.3511818394359772e-07,0.0026744410451291258,371,364,0,0,359
car_0_1_heatmap,S2R5,S4R4,-0.0024311308604230233,0.002839779766676891,-0.0080155140286955993,0.0031532523078495523,365,2.3201708460413111e-08,0.0028479382964081723,371,366,0,0,361
car_0_1_heatmap,S2R5,S4R5,0.0038013541919174523,0.0035404252093541228,-0.0031703291852056706,0.010773037569040574,259,8.5919460095635914e-07,0.003775314538544159,371,260,0,0,257
car_0_1_heatmap,S2R5,S5R1,-0.0087573122015402512,0.0028461410493772149,-0.014355058463289067,-0.0031595659397914352,349,-9.9109024679288288e-08,0.0028111031328628714,371,350,0,0,343
car_0_1_heatmap,S2R5,S5R2,-0.0087573122015402512,0.0028461410493772149,-0.014355058463289067,-0.0031595659397914352,349,-9.9109024679288288e-08,0.0028111031328628714,371,350,0,0,343
car_0_1_heatmap,S2R5,S5R3,-0.0090788599550587438,0.0028244863129079736,-0.014634016015543157,-0.00352370389457433,349,-4.4653163298917529e-08,0.0028086325151586923,371,350,0,0,343
car_0_1_heatmap,S2R5,S5R4,-0.0090404434565660857,0.0033778596390868481,-0.015683703683122507,-0.0023971832300096656,353,1.3865548413054647e-07,0.0034186615377414923,371,354,0,0,347
car_0_1_heatmap,S2R5,S5R5,-0.0074143928223804785,0.0047689983921445391,-0.016811337869627588,0.0019825522248666291,228,7.5313999707769089e-07,0.0049243908921238755,371,229,0,0,222
car_0_1_heatmap,S3R1,S3R2,0,0,0,0,367,2.7452462383062225e-06,0.0023431799923634643,368,368,2156,368,368
car_0_1_heatmap,S3R1,S3R3,5.2041704279304213e-18,5.5591387034915915e-19,4.110994183342017e-18,6.2973466725188256e-18,367,2.7452462383062234e-06,0.0023431799923634648,368,368,2156,368,368
car_0_1_heatmap,S3R1,S3R4,-3.4694469519536142e-18,5.1033389937516595e-19,-4.4729925106472716e-18,-2.4659013932599564e-18,367,2.7452462383062225e-06,0.0023431799923634643,368,368,2156,368,368
car_0_1_heatmap,S3R1,S3R5,0.0012458762129457825,0.0029538873027494189,-0.0045627923610706052,0.0070545447869621702,367,8.717930430837971e-07,0.0032355890164716271,368,369,2156,368,368
car_0_1_heatmap,S3R1,S4R1,-0.006103757012789506,0.0024858737900907814,-0.010992279130851056,-0.0012152348947279566,363,-1.7207289392480443e-07,0.002415661961535739,368,364,4,4,358
car_0_1_heatmap,S3R1,S4R2,-0.006103757012789506,0.0024858737900907814,-0.010992279130851056,-0.0012152348947279566,363,-1.7207289392480443e-07,0.002415661961535739,368,364,4,4,358
car_0_1_heatmap,S3R1,S4R3,-0.006103757012789506,0.0024858737900907814,-0.010992279130851056,-0.0012152348947279566,363,-1.7207289392480457e-07,0.0024156619615357394,368,364,4,4,358
car_0_1_heatmap,S3R1,S4R4,-0.006464772168804445,0.0027149133817909697,-0.011803607514593601,-0.0011259368230152889,365,-2.8860716097003532e-07,0.00260644208619482,368,366,4,4,360
car_0_1_heatmap,S3R1,S4R5,-0.00023228711646396984,0.0036058514899227805,-0.0073328056717635341,0.0068682314388355944,259,-3.3188646948052168e-08,0.0035966356047676309,368,260,1,1,257
car_0_1_heatmap,S3R1,S5R1,-0.012790953509921673,0.0025264634065401501,-0.017759962720656303,-0.007821944299187044,349,1.0103564377215755e-07,0.0025661427536539691,368,350,0,0,340
car_0_1_heatmap,S3R1,S5R2,-0.012790953509921673,0.0025264634065401501,-0.017759962720656303,-0.007821944299187044,349,1.0103564377215755e-07,0.0025661427536539691,368,350,0,0,340
car_0_1_heatmap,S3R1,S5R3,-0.013112501263440166,0.0025421225236301518,-0.018112308583837007,-0.0081126939430433247,349,5.4408744299118322e-08,0.0025634360561063276,368,350,0,0,340
car_0_1_heatmap,S3R1,S5R4,-0.013074084764947508,0.00315594715187159,-0.019280908147582293,-0.0068672613823127218,353,2.0501604638297385e-07,0.0032202537971676003,368,354,0,0,344
car_0_1_heatmap,S3R1,S5R5,-0.011448034130761901,0.0046859983894009648,-0.020681434047445019,-0.0022146342140787808,228,4.8691628075173605e-07,0.0047887799559983854,368,229,0,0,223
car_0_1_heatmap,S3R2,S3R3,5.2041704279304213e-18,5.5591387034915915e-19,4.110994183342017e-18,6.2973466725188256e-18,367,2.7452462383062234e-06,0.0023431799923634648,368,368,2156,368,368
car_0_1_heatmap,S3R2,S3R4,-3.4694469519536142e-18,5.1033389937516595e-19,-4.4729925106472716e-18,-2.4659013932599564e-18,367,2.7452462383062225e-06,0.0023431799923634643,368,368,2156,368,368
car_0_1_heatmap,S3R2,S3R5,0.0012458762129457825,0.0029538873027494189,-0.0045627923610706052,0.0070545447869621702,367,8.717930430837971e-07,0.0032355890164716271,368,369,2156,368,368
car_0_1_heatmap,S3R2,S4R1,-0.006103757012789506,0.0024858737900907814,-0.010992279130851056,-0.0012152348947279566,363,-1.7207289392480443e-07,0.002415661961535739,368,364,4,4,358
car_0_1_heatmap,S3R2,S4R2,-0.006103757012789506,0.0024858737900907814,-0.010992279130851056,-0.0012152348947279566,363,-1.7207289392480443e-07,0.002415661961535739,368,364,4,4,358
car_0_1_heatmap,S3R2,S4R3,-0.006103757012789506,0.0024858737900907814,-0.010992279130851056,-0.0012152348947279566,363,-1.7207289392480457e-07,0.0024156619615357394,368,364,4,4,358
car_0_1_heatmap,S3R2,S4R4,-0.006464772168804445,0.0027149133817909697,-0.011803607514593601,-0.0011259368230152889,365,-2.8860716097003532e-07,0.00260644208619482,368,366,4,4,360
car_0_1_heatmap,S3R2,S4R5,-0.00023228711646396984,0.0036058514899227805,-0.0073328056717635341,0.0068682314388355944,259,-3.3188646948052168e-08,0.0035966356047676309,368,260,1,1,257
car_0_1_heatmap,S3R2,S5R1,-0.012790953509921673,0.0025264634065401501,-0.017759962720656303,-0.007821944299187044,349,1.0103564377215755e-07,0.0025661427536539691,368,350,0,0,340
car_0_1_heatmap,S3R2,S5R2,-0.012790953509921673,0.0025264634065401501,-0.017759962720656303,-0.007821944299187044,349,1.0103564377215755e-07,0.0025661427536539691,368,350,0,0,340
car_0_1_heatmap,S3R2,S5R3,-0.013112501263440166,0.0025421225236301518,-0.018112308583837007,-0.0081126939430433247,349,5.4408744299118322e-08,0.0025634360561063276,368,350,0,0,340
car_0_1_heatmap,S3R2,S5R4,-0.013074084764947508,0.00315594715187159,-0.019280908147582293,-0.0068672613823127218,353,2.0501604638297385e-07,0.0032202537971676003,368,354,0,0,344
car_0_1_heatmap,S3R2,S5R5,-0.011448034130761901,0.0046859983894009648,-0.020681434047445019,-0.0022146342140787808,228,4.8691628075173605e-07,0.0047887799559983854,368,229,0,0,223
car_0_1_heatmap,S3R3,S3R4,-8.6736173798840355e-18,9.5788673854955881e-19,-1.0557252747591182e-17,-6.7899820121768889e-18,367,2.745246238306223e-06,0.0023431799923634648,368,368,2156,368,368
car_0_1_heatmap,S3R3,S3R5,0.0012458762129457773,0.0029538873027494194,-0.0045627923610706113,0.0070545447869621658,367,8.717930430837971e-07,0.0032355890164716275,368,369,2156,368,368
car_0_1_heatmap,S3R3,S4R1,-0.0061037570127895112,0.0024858737900907814,-0.01099227913085106,-0.0012152348947279618,363,-1.7207289392480449e-07,0.0024156619615357394,368,364,4,4,358
car_0_1_heatmap,S3R3,S4R2,-0.0061037570127895112,0.0024858737900907814,-0.01099227913085106,-0.0012152348947279618,363,-1.7207289392480449e-07,0.0024156619615357394,368,364,4,4,358
car_0_1_heatmap,S3R3,S4R3,-0.0061037570127895112,0.0024858737900907819,-0.010992279130851062,-0.0012152348947279609,363,-1.7207289392480449e-07,0.0024156619615357394,368,364,4,4,358
car_0_1_heatmap,S3R3,S4R4,-0.0064647721688044502,0.0027149133817909702,-0.011803607514593608,-0.0011259368230152932,365,-2.8860716097003543e-07,0.0026064420861948204,368,366,4,4,360
car_0_1_heatmap,S3R3,S4R5,-0.00023228711646397504,0.0036058514899227809,-0.0073328056717635402,0.0068682314388355901,259,-3.3188646948052194e-08,0.0035966356047676313,368,260,1,1,257
car_0_1_heatmap,S3R3,S5R1,-0.012790953509921679,0.0025264634065401506,-0.01775996272065631,-0.0078219442991870475,349,1.0103564377215757e-07,0.0025661427536539695,368,350,0,0,340
car_0_1_heatmap,S3R3,S5R2,-0.012790953509921679,0.0025264634065401506,-0.01775996272065631,-0.0078219442991870475,349,1.0103564377215757e-07,0.0025661427536539695,368,350,0,0,340
car_0_1_heatmap,S3R3,S5R3,-0.013112501263440171,0.0025421225236301522,-0.018112308583837014,-0.0081126939430433281,349,5.4408744299118348e-08,0.002563436056106328,368,350,0,0,340
car_0_1_heatmap,S3R3,S5R4,-0.013074084764947515,0.0031559471518715905,-0.0192809081475823,-0.0068672613823127279,353,2.0501604638297369e-07,0.0032202537971676008,368,354,0,0,344
car_0_1_heatmap,S3R3,S5R5,-0.011448034130761906,0.0046859983894009648,-0.020681434047445026,-0.002214634214078786,228,4.8691628075173626e-07,0.0047887799559983854,368,229,0,0,223
car_0_1_heatmap,S3R4,S3R5,0.0012458762129457859,0.0029538873027494189,-0.0045627923610706018,0.0070545447869621736,367,8.7179304308379678e-07,0.0032355890164716271,368,369,2156,368,368
car_0_1_heatmap,S3R4,S4R1,-0.0061037570127895025,0.002485873790090781,-0.010992279130851051,-0.001215234894727954,363,-1.7207289392480454e-07,0.0024156619615357386,368,364,4,4,358
car_0_1_heatmap,S3R4,S4R2,-0.0061037570127895025,0.002485873790090781,-0.010992279130851051,-0.001215234894727954,363,-1.7207289392480454e-07,0.0024156619615357386,368,364,4,4,358
car_0_1_heatmap,S3R4,S4R3,-0.0061037570127895025,0.0024858737900907814,-0.010992279130851053,-0.0012152348947279531,363,-1.7207289392480459e-07,0.002415661961535739,368,364,4,4,358
car_0_1_heatmap,S3R4,S4R4,-0.0064647721688044415,0.0027149133817909697,-0.011803607514593598,-0.0011259368230152854,365,-2.8860716097003532e-07,0.00260644208619482,368,366,4,4,360
car_0_1_heatmap,S3R4,S4R5,-0.00023228711646396637,0.0036058514899227805,-0.0073328056717635306,0.0068682314388355979,259,-3.31886469480523e-08,0.0035966356047676309,368,260,1,1,257
car_0_1_heatmap,S3R4,S5R1,-0.01279095350992167,0.0025264634065401501,-0.017759962720656299,-0.0078219442991870405,349,1.0103564377215761e-07,0.0025661427536539691,368,350,0,0,340
car_0_1_heatmap,S3R4,S5R2,-0.01279095350992167,0.0025264634065401501,-0.017759962720656299,-0.0078219442991870405,349,1.0103564377215761e-07,0.0025661427536539691,368,350,0,0,340
car_0_1_heatmap,S3R4,S5R3,-0.013112501263440162,0.0025421225236301518,-0.018112308583837004,-0.0081126939430433212,349,5.4408744299118296e-08,0.0025634360561063276,368,350,0,0,340
car_0_1_heatmap,S3R4,S5R4,-0.013074084764947504,0.00315594715187159,-0.01928090814758229,-0.0068672613823127183,353,2.0501604638297363e-07,0.0032202537971676003,368,354,0,0,344
car_0_1_heatmap,S3R4,S5R5,-0.011448034130761897,0.004685998389400964,-0.020681434047445015,-0.0022146342140787791,228,4.8691628075173605e-07,0.0047887799559983854,368,229,0,0,223
car_0_1_heatmap,S3R5,S4R1,-0.0073496332257352885,0.003345326713668024,-0.013928287257608352,-0.00077097919386222551,363,-1.8862215093540905e-07,0.0032884595967276353,369,364,4,4,359
car_0_1_heatmap,S3R5,S4R2,-0.0073496332257352885,0.003345326713668024,-0.013928287257608352,-0.00077097919386222551,363,-1.8862215093540905e-07,0.0032884595967276353,369,364,4,4,359
car_0_1_heatmap,S3R5,S4R3,-0.0073496332257352885,0.0033453267136680244,-0.013928287257608352,-0.00077097919386222465,363,-1.8862215093540916e-07,0.0032884595967276353,369,364,4,4,359
car_0_1_heatmap,S3R5,S4R4,-0.0077106483817502274,0.0035978559874293107,-0.014785776761011966,-0.00063552000248848911,365,-5.8624177534697097e-07,0.0034310470931753463,369,366,4,4,361
car_0_1_heatmap,S3R5,S4R5,-0.0014781633294097523,0.0040845849698763577,-0.009521387364109497,0.0065650607052899924,259,6.152485521208842e-07,0.004232532513800881,369,260,1,1,257
car_0_1_heatmap,S3R5,S5R1,-0.014036829722867456,0.0034583789390397052,-0.020838716010954429,-0.0072349434347804831,349,-1.983762234816162e-07,0.0034005341402535811,369,350,0,0,341
car_0_1_heatmap,S3R5,S5R2,-0.014036829722867456,0.0034583789390397052,-0.020838716010954429,-0.0072349434347804831,349,-1.983762234816162e-07,0.0034005341402535811,369,350,0,0,341
car_0_1_heatmap,S3R5,S5R3,-0.014358377476385948,0.0034659354616861245,-0.021175125816515306,-0.0075416291362565904,349,-2.3148020196402608e-07,0.0033984920509904609,369,350,0,0,341
car_0_1_heatmap,S3R5,S5R4,-0.01431996097789329,0.0036273503014560876,-0.021453896238733505,-0.0071860257170530753,353,1.0954540577990837e-06,0.0039177261676987757,369,354,0,0,345
car_0_1_heatmap,S3R5,S5R5,-0.012693910343707683,0.0055784010711420595,-0.023685721203483202,-0.0017020994839321638,228,-1.6038006183237922e-06,0.0052830821755743386,369,229,0,0,224
car_0_1_heatmap,S4R1,S4R2,0,0,0,0,363,3.090176474104471e-06,0.0024860315662132977,364,364,1950,364,364
car_0_1_heatmap,S4R1,S4R3,0,4.5839613225394423e-19,-9.014454556341089e-19,9.014454556341089e-19,363,3.0901764741044718e-06,0.0024860315662132981,364,364,1950,364,364
car_0_1_heatmap,S4R1,S4R4,-0.00036101515601493937,0.0013961876296376585,-0.0031066469478036804,0.0023846166357738017,363,2.5945653436663158e-06,0.0026717916431649108,364,366,1950,364,364
car_0_1_heatmap,S4R1,S4R5,0.0058714698963255362,0.0036265388227917435,-0.0012697854423125111,0.013012725234963583,259,6.4467038032375343e-08,0.0036442719313026671,364,260,2,1,253
car_0_1_heatmap,S4R1,S5R1,-0.0066871964971321673,0.0026448925534225502,-0.011889130325003435,-0.0014852626692609004,349,-3.2718875610517618e-08,0.0026324928998819777,364,350,3,3,339
car_0_1_heatmap,S4R1,S5R2,-0.0066871964971321673,0.0026448925534225502,-0.011889130325003435,-0.0014852626692609004,349,-3.2718875610517618e-08,0.0026324928998819777,364,350,3,3,339
car_0_1_heatmap,S4R1,S5R3,-0.0070087442506506599,0.002647883804351033,-0.012216561224652908,-0.0018009272766484124,349,-4.7576995900143883e-08,0.0026298544920858669,364,350,3,3,339
car_0_1_heatmap,S4R1,S5R4,-0.0069703277521580027,0.0032490620048516998,-0.013360280768761723,-0.00058037473555428223,353,7.928042129982384e-08,0.0032733720769216866,364,354,2,2,344
car_0_1_heatmap,S4R1,S5R5,-0.0053442771179723946,0.0046359261675502682,-0.014479013567312012,0.003790459331367224,228,8.9276613589641235e-07,0.004824659957216689,364,229,1,1,222
car_0_1_heatmap,S4R2,S4R3,0,4.5839613225394423e-19,-9.014454556341089e-19,9.014454556341089e-19,363,3.0901764741044718e-06,0.0024860315662132981,364,364,1950,364,364
car_0_1_heatmap,S4R2,S4R4,-0.00036101515601493937,0.0013961876296376585,-0.0031066469478036804,0.0023846166357738017,363,2.5945653436663158e-06,0.0026717916431649108,364,366,1950,364,364
car_0_1_heatmap,S4R2,S4R5,0.0058714698963255362,0.0036265388227917435,-0.0012697854423125111,0.013012725234963583,259,6.4467038032375343e-08,0.0036442719313026671,364,260,2,1,253
car_0_1_heatmap,S4R2,S5R1,-0.0066871964971321673,0.0026448925534225502,-0.011889130325003435,-0.0014852626692609004,349,-3.2718875610517618e-08,0.0026324928998819777,364,350,3,3,339
car_0_1_heatmap,S4R2,S5R2,-0.0066871964971321673,0.0026448925534225502,-0.011889130325003435,-0.0014852626692609004,349,-3.2718875610517618e-08,0.0026324928998819777,364,350,3,3,339
car_0_1_heatmap,S4R2,S5R3,-0.0070087442506506599,0.002647883804351033,-0.012216561224652908,-0.0018009272766484124,349,-4.7576995900143883e-08,0.0026298544920858669,364,350,3,3,339
car_0_1_heatmap,S4R2,S5R4,-0.0069703277521580027,0.0032490620048516998,-0.013360280768761723,-0.00058037473555428223,353,7.928042129982384e-08,0.0032733720769216866,364,354,2,2,344
car_0_1_heatmap,S4R2,S5R5,-0.0053442771179723946,0.0046359261675502682,-0.014479013567312012,0.003790459331367224,228,8.9276613589641235e-07,0.004824659957216689,364,229,1,1,222
car_0_1_heatmap,S4R3,S4R4,-0.00036101515601493937,0.0013961876296376585,-0.0031066469478036804,0.0023846166357738017,363,2.5945653436663162e-06,0.0026717916431649113,364,366,1950,364,364
car_0_1_heatmap,S4R3,S4R5,0.0058714698963255362,0.0036265388227917435,-0.0012697854423125111,0.013012725234963583,259,6.4467038032375449e-08,0.0036442719313026675,364,260,2,1,253
car_0_1_heatmap,S4R3,S5R1,-0.0066871964971321673,0.0026448925534225507,-0.011889130325003435,-0.0014852626692608995,349,-3.2718875610517645e-08,0.0026324928998819781,364,350,3,3,339
car_0_1_heatmap,S4R3,S5R2,-0.0066871964971321673,0.0026448925534225507,-0.011889130325003435,-0.0014852626692608995,349,-3.2718875610517645e-08,0.0026324928998819781,364,350,3,3,339
car_0_1_heatmap,S4R3,S5R3,-0.0070087442506506599,0.0026478838043510334,-0.012216561224652908,-0.0018009272766484116,349,-4.7576995900143777e-08,0.0026298544920858669,364,350,3,3,339
car_0_1_heatmap,S4R3,S5R4,-0.0069703277521580027,0.0032490620048516998,-0.013360280768761723,-0.00058037473555428223,353,7.928042129982376e-08,0.003273372076921687,364,354,2,2,344
car_0_1_heatmap,S4R3,S5R5,-0.0053442771179723946,0.0046359261675502682,-0.014479013567312012,0.003790459331367224,228,8.9276613589641267e-07,0.0048246599572166898,364,229,1,1,222
car_0_1_heatmap,S4R4,S4R5,0.0062324850523404751,0.0037434094230958965,-0.0011389078469674404,0.013603877951648391,259,1.1286071831711786e-07,0.0037734381597632396,366,260,6,5,255
car_0_1_heatmap,S4R4,S5R1,-0.0063261813411172284,0.0027917844481077903,-0.011817019878941444,-0.00083534280329301304,349,4.703804975471032e-08,0.0028085826504138942,366,350,3,3,341
car_0_1_heatmap,S4R4,S5R2,-0.0063261813411172284,0.0027917844481077903,-0.011817019878941444,-0.00083534280329301304,349,4.703804975471032e-08,0.0028085826504138942,366,350,3,3,341
car_0_1_heatmap,S4R4,S5R3,-0.0066477290946357209,0.0027945533615883092,-0.012144013488731911,-0.0011514447005395298,349,3.2361897528305638e-08,0.0028061098135712943,366,350,3,3,341
car_0_1_heatmap,S4R4,S5R4,-0.0066093125961430629,0.0033777655692811422,-0.013252387814953297,3.376262266717011e-05,353,1.3189107461317592e-07,0.0034165892920056265,366,354,2,2,346
car_0_1_heatmap,S4R4,S5R5,-0.0049832619619574556,0.0047492894619461717,-0.014341372075999479,0.0043748481520845678,228,8.3985547284705152e-07,0.0049229525022131855,366,229,1,1,223
car_0_1_heatmap,S4R5,S5R1,-0.012558666393457703,0.0037221138363534969,-0.019888124756850041,-0.0052292080300653642,259,8.8126209113205578e-08,0.0037457153961560604,260,350,1,1,242
car_0_1_heatmap,S4R5,S5R2,-0.012558666393457703,0.0037221138363534969,-0.019888124756850041,-0.0052292080300653642,259,8.8126209113205578e-08,0.0037457153961560604,260,350,1,1,242
car_0_1_heatmap,S4R5,S5R3,-0.012880214146976196,0.0037196265675682244,-0.02020477466634717,-0.0055556536276052211,259,9.0438904228187502e-08,0.0037438615907396658,260,350,1,1,242
car_0_1_heatmap,S4R5,S5R4,-0.01284179764848354,0.0040216987790362632,-0.020761188362210387,-0.0049224069347566912,259,8.2063432287017772e-07,0.0042208209764265205,260,354,1,1,248
car_0_1_heatmap,S4R5,S5R5,-0.011215747014297931,0.0055867406305891189,-0.022223990335441302,-0.0002075036931545593,228,-4.1698110481681076e-07,0.0055115976507580516,260,229,2,2,169
car_0_1_heatmap,S5R1,S5R2,0,0,0,0,349,3.8398423938245527e-06,0.0027712244202967584,350,350,1591,350,350
car_0_1_heatmap,S5R1,S5R3,-0.00032154775351849255,0.00039417280136010125,-0.0010968007318553818,0.00045370522481839675,349,3.755214185966112e-06,0.0027687182177434191,350,350,1591,350,350
car_0_1_heatmap,S5R1,S5R4,-0.00028313125502583535,0.0034805867375473777,-0.0071286954982532243,0.0065624329882015536,349,-3.2492668195000766e-07,0.0033859460529799758,350,354,1532,337,346
car_0_1_heatmap,S5R1,S5R5,0.0013429193791597727,0.0049617047221924056,-0.0084337386905742554,0.011119577448893801,228,-2.9575206386809305e-07,0.0049017353684680113,350,229,2,1,219
car_0_1_heatmap,S5R2,S5R3,-0.00032154775351849255,0.00039417280136010125,-0.0010968007318553818,0.00045370522481839675,349,3.755214185966112e-06,0.0027687182177434191,350,350,1591,350,350
car_0_1_heatmap,S5R2,S5R4,-0.00028313125502583535,0.0034805867375473777,-0.0071286954982532243,0.0065624329882015536,349,-3.2492668195000766e-07,0.0033859460529799758,350,354,1532,337,346
car_0_1_heatmap,S5R2,S5R5,0.0013429193791597727,0.0049617047221924056,-0.0084337386905742554,0.011119577448893801,228,-2.9575206386809305e-07,0.0049017353684680113,350,229,2,1,219
car_0_1_heatmap,S5R3,S5R4,3.8416498492657193e-05,0.003485128619713747,-0.0068160806484373294,0.0068929136454226438,349,-3.476875203209876e-07,0.0033838951602119514,350,354,1533,338,346
car_0_1_heatmap,S5R3,S5R5,0.0016644671326782653,0.0049595775727332902,-0.0081079995524229818,0.011436933817779512,228,-2.9214214792680633e-07,0.0049003189084084534,350,229,2,1,219
car_0_1_heatmap,S5R4,S5R5,0.0016260506341856081,0.0053911184689203464,-0.0089967342422132453,0.01224883551058446,228,-6.2610141870112822e-07,0.0052737041544375432,354,229,6,5,221
car_2_60_by_scrisk,Q1,Q2,0.0038627191506616374,0.0023511385081933095,-0.00076084325453572993,0.0084862815558590047,363,1.5416057225939446e-06,0.0029344614037157394,364,371,3525,364,364
car_2_60_by_scrisk,Q1,Q3,0.0034925510283242232,0.0036006888119001139,-0.0035882778405411028,0.010573379897189549,363,-8.9593147923079183e-07,0.0033426182793853481,364,369,0,0,358
car_2_60_by_scrisk,Q1,Q4,0.0080363054767671922,0.0038087974765084057,0.00054622662346853149,0.015526384330065854,363,-1.3344347597674517e-06,0.0034406494586810056,364,371,0,0,359
car_2_60_by_scrisk,Q1,Q5,0.0065842932679156764,0.0036106746854301123,-0.00051617302736049753,0.01368475956319185,363,-6.6172616792761914e-07,0.0034225019135349804,364,365,0,0,350
car_2_60_by_scrisk,Q2,Q3,-0.00037016812233741422,0.0033836299534550289,-0.0070238438589816576,0.0062835076143068292,368,-6.7354054952980959e-07,0.0031783439969358994,371,369,4,4,364
car_2_60_by_scrisk,Q2,Q4,0.0041735863261055548,0.0035137664606038057,-0.0027358706762815131,0.011083043328492623,370,-7.8985622048244885e-07,0.0032812866834062669,371,371,0,0,366
car_2_60_by_scrisk,Q2,Q5,0.002721574117254039,0.0034689542977154823,-0.0041001334202510507,0.0095432816547591295,364,-6.9567548515535249e-07,0.0032622527414852462,371,365,0,0,357
car_2_60_by_scrisk,Q3,Q4,0.0045437544484429691,0.0038158821777033222,-0.0029599155772205635,0.012047424474106502,368,-6.1604063181541545e-07,0.0036508732558776969,369,371,4,4,364
car_2_60_by_scrisk,Q3,Q5,0.0030917422395914532,0.0036085388400374759,-0.0040044586589545201,0.010187943138137426,364,9.1386810526355983e-08,0.0036337757472237773,369,365,0,0,356
car_2_60_by_scrisk,Q4,Q5,-0.0014520122088515159,0.003815201191007824,-0.0089546151514547957,0.0060505907337517631,364,-3.4323110545748029e-07,0.0037241506302716264,371,365,4,4,359
car_2_60_heatmap,S1R1,S1R2,0,0,0,0,363,4.8411450643596249e-06,0.0031116378530798294,364,364,3526,364,364
car_2_60_heatmap,S1R1,S1R3,-1.7347234759768071e-17,1.285403731255321e-18,-1.9875007728745311e-17,-1.4819461790790831e-17,363,4.8411450643596257e-06,0.0031116378530798294,364,364,3526,364,364
car_2_60_heatmap,S1R1,S1R4,0,9.1609919805001678e-19,-1.8015279817735273e-18,1.8015279817735273e-18,363,4.8411450643596232e-06,0.003111637853079829,364,364,3526,364,364
car_2_60_heatmap,S1R1,S1R5,0,9.1951997950979102e-19,-1.8082550191210472e-18,1.8082550191210472e-18,363,4.8411450643596232e-06,0.003111637853079829,364,364,3526,364,364
car_2_60_heatmap,S1R1,S2R1,0.0040009868422414743,0.0023978212884311514,-0.00071437821385272882,0.0087163518983356773,363,1.6659894248916197e-06,0.0030135569981397173,364,371,3525,364,364
car_2_60_heatmap,S1R1,S2R2,0.0040009868422414743,0.0023978212884311514,-0.00071437821385272882,0.0087163518983356773,363,1.6659894248916197e-06,0.0030135569981397173,364,371,3525,364,364
car_2_60_heatmap,S1R1,S2R3,0.0040009868422414743,0.0023978212884311519,-0.00071437821385272968,0.0087163518983356773,363,1.6659894248916195e-06,0.0030135569981397177,364,371,3525,364,364
car_2_60_heatmap,S1R1,S2R4,0.0040009868422414743,0.0023978212884311514,-0.00071437821385272882,0.0087163518983356773,363,1.6659894248916193e-06,0.0030135569981397168,364,371,3525,364,364
car_2_60_heatmap,S1R1,S2R5,0.0033096483843381621,0.0032462287583427409,-0.0030741274729496051,0.0096934242416259302,363,1.0420468301839912e-06,0.0035527587607181322,364,371,3525,364,364
car_2_60_heatmap,S1R1,S3R1,0.00268051801503343,0.0038079229960199848,-0.0048078411543349764,0.010168877184401837,363,-9.0008143546113317e-07,0.0035637220251719345,364,368,0,0,357
car_2_60_heatmap,S1R1,S3R2,0.00268051801503343,0.0038079229960199848,-0.0048078411543349764,0.010168877184401837,363,-9.0008143546113317e-07,0.0035637220251719345,364,368,0,0,357
car_2_60_heatmap,S1R1,S3R3,0.0026805180150334283,0.0038079229960199853,-0.004807841154334979,0.010168877184401836,363,-9.0008143546113327e-07,0.0035637220251719345,364,368,0,0,357
car_2_60_heatmap,S1R1,S3R4,0.002680518015033437,0.0038079229960199844,-0.0048078411543349686,0.010168877184401843,363,-9.0008143546113296e-07,0.0035637220251719336,364,368,0,0,357
car_2_60_heatmap,S1R1,S3R5,0.0067406830814862526,0.005505390437776524,-0.0040857808487892479,0.017567147011761753,363,-8.9721652637043565e-07,0.0053399335969298639,364,369,0,0,358
car_2_60_heatmap,S1R1,S4R1,0.008520115535867576,0.0042650520963594639,0.00013280255527711553,0.016907428516458038,363,-1.6840842655562017e-06,0.0038500001108503689,364,364,0,0,352
car_2_60_heatmap,S1R1,S4R2,0.008520115535867576,0.0042650520963594639,0.00013280255527711553,0.016907428516458038,363,-1.6840842655562017e-06,0.0038500001108503689,364,364,0,0,352
car_2_60_heatmap,S1R1,S4R3,0.008520115535867576,0.0042650520963594639,0.00013280255527711553,0.016907428516458038,363,-1.6840842655562022e-06,0.0038500001108503698,364,364,0,0,352
car_2_60_heatmap,S1R1,S4R4,0.0076474509485122385,0.0043312478614399089,-0.00087003737042713487,0.016164939267451613,363,-1.0346062616554749e-06,0.0040854002880888942,364,366,0,0,354
car_2_60_heatmap,S1R1,S4R5,0.0069737298277193459,0.0065444149807459559,-0.0059133067388815238,0.019860766394320217,259,-5.85574833414726e-07,0.006454317762039816,364,260,0,0,253
car_2_60_heatmap,S1R1,S5R1,0.0072855687358355306,0.0045732635659917814,-0.0017090554189034875,0.01628019289057455,349,-9.0338450236444483e-07,0.004371266480014571,364,350,0,0,336
car_2_60_heatmap,S1R1,S5R2,0.0072855687358355306,0.0045732635659917814,-0.0017090554189034875,0.01628019289057455,349,-9.0338450236444483e-07,0.004371266480014571,364,350,0,0,336
car_2_60_heatmap,S1R1,S5R3,0.0075379405191690826,0.0045665127555687638,-0.0014434062458855788,0.016519287284223742,349,-9.4665147266787533e-07,0.0043542778737049471,364,350,0,0,336
car_2_60_heatmap,S1R1,S5R4,0.006426484569131306,0.0074146382569636165,-0.0081559364577252109,0.021008905595987823,353,-7.7467704274305099e-07,0.0073094121785641803,364,354,0,0,340
car_2_60_heatmap,S1R1,S5R5,0.0043859037796053994,0.0064193519579461532,-0.0082629362131110152,0.017034743772321816,228,2.2743515331964839e-07,0.0064546843351651539,364,229,0,0,216
car_2_60_heatmap,S1R2,S1R3,-1.7347234759768071e-17,1.285403731255321e-18,-1.9875007728745311e-17,-1.4819461790790831e-17,363,4.8411450643596257e-06,0.0031116378530798294,364,364,3526,364,364
car_2_60_heatmap,S1R2,S1R4,0,9.1609919805001678e-19,-1.8015279817735273e-18,1.8015279817735273e-18,363,4.8411450643596232e-06,0.003111637853079829,364,364,3526,364,364
car_2_60_heatmap,S1R2,S1R5,0,9.1951997950979102e-19,-1.8082550191210472e-18,1.8082550191210472e-18,363,4.8411450643596232e-06,0.003111637853079829,364,364,3526,364,364
car_2_60_heatmap,S1R2,S2R1,0.0040009868422414743,0.0023978212884311514,-0.00071437821385272882,0.0087163518983356773,363,1.6659894248916197e-06,0.0030135569981397173,364,371,3525,364,364
car_2_60_heatmap,S1R2,S2R2,0.0040009868422414743,0.0023978212884311514,-0.00071437821385272882,0.0087163518983356773,363,1.6659894248916197e-06,0.0030135569981397173,364,371,3525,364,364
car_2_60_heatmap,S1R2,S2R3,0.0040009868422414743,0.0023978212884311519,-0.00071437821385272968,0.0087163518983356773,363,1.6659894248916195e-06,0.0030135569981397177,364,371,3525,364,364
car_2_60_heatmap,S1R2,S2R4,0.0040009868422414743,0.0023978212884311514,-0.00071437821385272882,0.0087163518983356773,363,1.6659894248916193e-06,0.0030135569981397168,364,371,3525,364,364
car_2_60_heatmap,S1R2,S2R5,0.0033096483843381621,0.0032462287583427409,-0.0030741274729496051,0.0096934242416259302,363,1.0420468301839912e-06,0.0035527587607181322,364,371,3525,364,364
car_2_60_heatmap,S1R2,S3R1,0.00268051801503343,0.0038079229960199848,-0.0048078411543349764,0.010168877184401837,363,-9.0008143546113317e-07,0.0035637220251719345,364,368,0,0,357
car_2_60_heatmap,S1R2,S3R2,0.00268051801503343,0.0038079229960199848,-0.0048078411543349764,0.010168877184401837,363,-9.0008143546113317e-07,0.0035637220251719345,364,368,0,0,357
car_2_60_heatmap,S1R2,S3R3,0.0026805180150334283,0.0038079229960199853,-0.004807841154334979,0.010168877184401836,363,-9.0008143546113327e-07,0.0035637220251719345,364,368,0,0,357
car_2_60_heatmap,S1R2,S3R4,0.002680518015033437,0.0038079229960199844,-0.0048078411543349686,0.010168877184401843,363,-9.0008143546113296e-07,0.0035637220251719336,364,368,0,0,357
car_2_60_heatmap,S1R2,S3R5,0.0067406830814862526,0.005505390437776524,-0.0040857808487892479,0.017567147011761753,363,-8.9721652637043565e-07,0.0053399335969298639,364,369,0,0,358
car_2_60_heatmap,S1R2,S4R1,0.008520115535867576,0.0042650520963594639,0.00013280255527711553,0.016907428516458038,363,-1.6840842655562017e-06,0.0038500001108503689,364,364,0,0,352
car_2_60_heatmap,S1R2,S4R2,0.008520115535867576,0.0042650520963594639,0.00013280255527711553,0.016907428516458038,363,-1.6840842655562017e-06,0.0038500001108503689,364,364,0,0,352
car_2_60_heatmap,S1R2,S4R3,0.008520115535867576,0.0042650520963594639,0.00013280255527711553,0.016907428516458038,363,-1.6840842655562022e-06,0.0038500001108503698,364,364,0,0,352
car_2_60_heatmap,S1R2,S4R4,0.0076474509485122385,0.0043312478614399089,-0.00087003737042713487,0.016164939267451613,363,-1.0346062616554749e-06,0.0040854002880888942,364,366,0,0,354
car_2_60_heatmap,S1R2,S4R5,0.0069737298277193459,0.0065444149807459559,-0.0059133067388815238,0.019860766394320217,259,-5.85574833414726e-07,0.006454317762039816,364,260,0,0,253
car_2_60_heatmap,S1R2,S5R1,0.0072855687358355306,0.0045732635659917814,-0.0017090554189034875,0.01628019289057455,349,-9.0338450236444483e-07,0.004371266480014571,364,350,0,0,336
car_2_60_heatmap,S1R2,S5R2,0.0072855687358355306,0.0045732635659917814,-0.0017090554189034875,0.01628019289057455,349,-9.0338450236444483e-07,0.004371266480014571,364,350,0,0,336
car_2_60_heatmap,S1R2,S5R3,0.0075379405191690826,0.0045665127555687638,-0.0014434062458855788,0.016519287284223742,349,-9.4665147266787533e-07,0.0043542778737049471,364,350,0,0,336
car_2_60_heatmap,S1R2,S5R4,0.006426484569131306,0.0074146382569636165,-0.0081559364577252109,0.021008905595987823,353,-7.7467704274305099e-07,0.0073094121785641803,364,354,0,0,340
car_2_60_heatmap,S1R2,S5R5,0.0043859037796053994,0.0064193519579461532,-0.0082629362131110152,0.017034743772321816,228,2.2743515331964839e-07,0.0064546843351651539,364,229,0,0,216
car_2_60_heatmap,S1R3,S1R4,1.7347234759768071e-17,1.6856544850373533e-18,1.4032360422075399e-17,2.0662109097460743e-17,363,4.8411450643596232e-06,0.003111637853079829,364,364,3526,364,364
car_2_60_heatmap,S1R3,S1R5,1.7347234759768071e-17,1.6830476147769667e-18,1.4037486886249731e-17,2.065698263328641e-17,363,4.8411450643596232e-06,0.003111637853079829,364,364,3526,364,364
car_2_60_heatmap,S1R3,S2R1,0.0040009868422414916,0.0023978212884311514,-0.00071437821385271147,0.0087163518983356947,363,1.6659894248916195e-06,0.0030135569981397177,364,371,3525,364,364
car_2_60_heatmap,S1R3,S2R2,0.0040009868422414916,0.0023978212884311514,-0.00071437821385271147,0.0087163518983356947,363,1.6659894248916195e-06,0.0030135569981397177,364,371,3525,364,364
car_2_60_heatmap,S1R3,S2R3,0.0040009868422414916,0.0023978212884311519,-0.00071437821385271234,0.0087163518983356947,363,1.6659894248916195e-06,0.0030135569981397177,364,371,3525,364,364
car_2_60_heatmap,S1R3,S2R4,0.0040009868422414916,0.0023978212884311514,-0.00071437821385271147,0.0087163518983356947,363,1.6659894248916188e-06,0.0030135569981397168,364,371,3525,364,364
car_2_60_heatmap,S1R3,S2R5,0.0033096483843381794,0.0032462287583427413,-0.0030741274729495886,0.0096934242416259475,363,1.0420468301839914e-06,0.0035527587607181322,364,371,3525,364,364
car_2_60_heatmap,S1R3,S3R1,0.0026805180150334474,0.0038079229960199853,-0.0048078411543349599,0.010168877184401855,363,-9.0008143546113317e-07,0.0035637220251719345,364,368,0,0,357
car_2_60_heatmap,S1R3,S3R2,0.0026805180150334474,0.0038079229960199853,-0.0048078411543349599,0.010168877184401855,363,-9.0008143546113317e-07,0.0035637220251719345,364,368,0,0,357
car_2_60_heatmap,S1R3,S3R3,0.0026805180150334456,0.0038079229960199853,-0.0048078411543349617,0.010168877184401853,363,-9.0008143546113338e-07,0.0035637220251719345,364,368,0,0,357
car_2_60_heatmap,S1R3,S3R4,0.0026805180150334543,0.0038079229960199848,-0.0048078411543349521,0.010168877184401862,363,-9.0008143546113285e-07,0.0035637220251719341,364,368,0,0,357
car_2_60_heatmap,S1R3,S3R5,0.0067406830814862699,0.005505390437776524,-0.0040857808487892305,0.01756714701176177,363,-8.9721652637043618e-07,0.0053399335969298639,364,369,0,0,358
car_2_60_heatmap,S1R3,S4R1,0.0085201155358675933,0.0042650520963594639,0.00013280255527713287,0.016907428516458052,363,-1.6840842655562026e-06,0.0038500001108503694,364,364,0,0,352
car_2_60_heatmap,S1R3,S4R2,0.0085201155358675933,0.0042650520963594639,0.00013280255527713287,0.016907428516458052,363,-1.6840842655562026e-06,0.0038500001108503694,364,364,0,0,352
car_2_60_heatmap,S1R3,S4R3,0.0085201155358675933,0.0042650520963594639,0.00013280255527713287,0.016907428516458052,363,-1.6840842655562026e-06,0.0038500001108503702,364,364,0,0,352
car_2_60_heatmap,S1R3,S4R4,0.0076474509485122558,0.0043312478614399089,-0.00087003737042711752,0.01616493926745163,363,-1.0346062616554756e-06,0.0040854002880888942,364,366,0,0,354
car_2_60_heatmap,S1R3,S4R5,0.0069737298277193632,0.0065444149807459559,-0.0059133067388815064,0.019860766394320231,259,-5.8557483341472621e-07,0.006454317762039816,364,260,0,0,253
car_2_60_heatmap,S1R3,S5R1,0.007285568735835548,0.0045732635659917822,-0.0017090554189034719,0.016280192890574568,349,-9.0338450236444483e-07,0.004371266480014571,364,350,0,0,336
car_2_60_heatmap,S1R3,S5R2,0.007285568735835548,0.0045732635659917822,-0.0017090554189034719,0.016280192890574568,349,-9.0338450236444483e-07,0.004371266480014571,364,350,0,0,336
car_2_60_heatmap,S1R3,S5R3,0.0075379405191691,0.0045665127555687638,-0.0014434062458855614,0.016519287284223763,349,-9.4665147266787522e-07,0.0043542778737049471,364,350,0,0,336
car_2_60_heatmap,S1R3,S5R4,0.0064264845691313233,0.0074146382569636165,-0.0081559364577251936,0.02100890559598784,353,-7.7467704274305109e-07,0.0073094121785641803,364,354,0,0,340
car_2_60_heatmap,S1R3,S5R5,0.0043859037796054167,0.0064193519579461532,-0.0082629362131109978,0.01703474377232183,228,2.2743515331964808e-07,0.0064546843351651539,364,229,0,0,216
car_2_60_heatmap,S1R4,S1R5,0,7.9241731744092076e-20,-1.5583050106914222e-19,1.5583050106914222e-19,363,4.8411450643596215e-06,0.0031116378530798281,364,364,3526,364,364
car_2_60_heatmap,S1R4,S2R1,0.0040009868422414743,0.002397821288431151,-0.00071437821385272795,0.0087163518983356773,363,1.6659894248916186e-06,0.0030135569981397168,364,371,3525,364,364
car_2_60_heatmap,S1R4,S2R2,0.0040009868422414743,0.002397821288431151,-0.00071437821385272795,0.0087163518983356773,363,1.6659894248916186e-06,0.0030135569981397168,364,371,3525,364,364
car_2_60_heatmap,S1R4,S2R3,0.0040009868422414743,0.002397821288431151,-0.00071437821385272795,0.0087163518983356773,363,1.665989424891619e-06,0.0030135569981397168,364,371,3525,364,364
car_2_60_heatmap,S1R4,S2R4,0.0040009868422414743,0.002397821288431151,-0.00071437821385272795,0.0087163518983356773,363,1.6659894248916182e-06,0.0030135569981397164,364,371,3525,364,364
car_2_60_heatmap,S1R4,S2R5,0.0033096483843381621,0.0032462287583427409,-0.0030741274729496051,0.0096934242416259302,363,1.0420468301839906e-06,0.0035527587607181318,364,371,3525,364,364
car_2_60_heatmap,S1R4,S3R1,0.00268051801503343,0.0038079229960199844,-0.0048078411543349756,0.010168877184401836,363,-9.0008143546113264e-07,0.0035637220251719336,364,368,0,0,357
car_2_60_heatmap,S1R4,S3R2,0.00268051801503343,0.0038079229960199844,-0.0048078411543349756,0.010168877184401836,363,-9.0008143546113264e-07,0.0035637220251719336,364,368,0,0,357
car_2_60_heatmap,S1R4,S3R3,0.0026805180150334283,0.0038079229960199848,-0.0048078411543349782,0.010168877184401834,363,-9.0008143546113264e-07,0.0035637220251719341,364,368,0,0,357
car_2_60_heatmap,S1R4,S3R4,0.002680518015033437,0.003807922996019984,-0.0048078411543349686,0.010168877184401843,363,-9.0008143546113264e-07,0.0035637220251719332,364,368,0,0,357
car_2_60_heatmap,S1R4,S3R5,0.0067406830814862526,0.0055053904377765231,-0.0040857808487892461,0.01756714701176175,363,-8.9721652637043565e-07,0.0053399335969298639,364,369,0,0,358
car_2_60_heatmap,S1R4,S4R1,0.008520115535867576,0.004265052096359463,0.00013280255527711726,0.016907428516458035,363,-1.6840842655562013e-06,0.0038500001108503685,364,364,0,0,352
car_2_60_heatmap,S1R4,S4R2,0.008520115535867576,0.004265052096359463,0.00013280255527711726,0.016907428516458035,363,-1.6840842655562013e-06,0.0038500001108503685,364,364,0,0,352
car_2_60_heatmap,S1R4,S4R3,0.008520115535867576,0.0042650520963594639,0.00013280255527711553,0.016907428516458038,363,-1.6840842655562013e-06,0.0038500001108503694,364,364,0,0,352
car_2_60_heatmap,S1R4,S4R4,0.0076474509485122385,0.004331247861439908,-0.00087003737042713313,0.016164939267451609,363,-1.0346062616554747e-06,0.0040854002880888942,364,366,0,0,354
car_2_60_heatmap,S1R4,S4R5,0.0069737298277193459,0.0065444149807459559,-0.0059133067388815238,0.019860766394320217,259,-5.8557483341472578e-07,0.006454317762039816,364,260,0,0,253
car_2_60_heatmap,S1R4,S5R1,0.0072855687358355306,0.0045732635659917814,-0.0017090554189034875,0.01628019289057455,349,-9.033845023644444e-07,0.0043712664800145701,364,350,0,0,336
car_2_60_heatmap,S1R4,S5R2,0.0072855687358355306,0.0045732635659917814,-0.0017090554189034875,0.01628019289057455,349,-9.033845023644444e-07,0.0043712664800145701,364,350,0,0,336
car_2_60_heatmap,S1R4,S5R3,0.0075379405191690826,0.0045665127555687638,-0.0014434062458855788,0.016519287284223742,349,-9.4665147266787544e-07,0.0043542778737049462,364,350,0,0,336
car_2_60_heatmap,S1R4,S5R4,0.006426484569131306,0.0074146382569636165,-0.0081559364577252109,0.021008905595987823,353,-7.7467704274305067e-07,0.0073094121785641803,364,354,0,0,340
car_2_60_heatmap,S1R4,S5R5,0.0043859037796053994,0.0064193519579461532,-0.0082629362131110152,0.017034743772321816,228,2.2743515331964824e-07,0.0064546843351651539,364,229,0,0,216
car_2_60_heatmap,S1R5,S2R1,0.0040009868422414743,0.002397821288431151,-0.00071437821385272795,0.0087163518983356773,363,1.6659894248916186e-06,0.0030135569981397168,364,371,3525,364,364
car_2_60_heatmap,S1R5,S2R2,0.0040009868422414743,0.002397821288431151,-0.00071437821385272795,0.0087163518983356773,363,1.6659894248916186e-06,0.0030135569981397168,364,371,3525,364,364
car_2_60_heatmap,S1R5,S2R3,0.0040009868422414743,0.002397821288431151,-0.00071437821385272795,0.0087163518983356773,363,1.665989424891619e-06,0.0030135569981397168,364,371,3525,364,364
car_2_60_heatmap,S1R5,S2R4,0.0040009868422414743,0.002397821288431151,-0.00071437821385272795,0.0087163518983356773,363,1.6659894248916182e-06,0.0030135569981397164,364,371,3525,364,364
car_2_60_heatmap,S1R5,S2R5,0.0033096483843381621,0.0032462287583427409,-0.0030741274729496051,0.0096934242416259302,363,1.0420468301839906e-06,0.0035527587607181318,364,371,3525,364,364
car_2_60_heatmap,S1R5,S3R1,0.00268051801503343,0.0038079229960199844,-0.0048078411543349756,0.010168877184401836,363,-9.0008143546113264e-07,0.0035637220251719336,364,368,0,0,357
car_2_60_heatmap,S1R5,S3R2,0.00268051801503343,0.0038079229960199844,-0.0048078411543349756,0.010168877184401836,363,-9.0008143546113264e-07,0.0035637220251719336,364,368,0,0,357
car_2_60_heatmap,S1R5,S3R3,0.0026805180150334283,0.0038079229960199848,-0.0048078411543349782,0.010168877184401834,363,-9.0008143546113264e-07,0.0035637220251719341,364,368,0,0,357
car_2_60_heatmap,S1R5,S3R4,0.002680518015033437,0.003807922996019984,-0.0048078411543349686,0.010168877184401843,363,-9.0008143546113243e-07,0.0035637220251719332,364,368,0,0,357
car_2_60_heatmap,S1R5,S3R5,0.0067406830814862526,0.0055053904377765231,-0.0040857808487892461,0.01756714701176175,363,-8.9721652637043555e-07,0.0053399335969298639,364,369,0,0,358
car_2_60_heatmap,S1R5,S4R1,0.008520115535867576,0.004265052096359463,0.00013280255527711726,0.016907428516458035,363,-1.6840842655562013e-06,0.0038500001108503685,364,364,0,0,352
car_2_60_heatmap,S1R5,S4R2,0.008520115535867576,0.004265052096359463,0.00013280255527711726,0.016907428516458035,363,-1.6840842655562013e-06,0.0038500001108503685,364,364,0,0,352
car_2_60_heatmap,S1R5,S4R3,0.008520115535867576,0.0042650520963594639,0.00013280255527711553,0.016907428516458038,363,-1.6840842655562013e-06,0.0038500001108503694,364,364,0,0,352
car_2_60_heatmap,S1R5,S4R4,0.0076474509485122385,0.004331247861439908,-0.00087003737042713313,0.016164939267451609,363,-1.0346062616554747e-06,0.0040854002880888942,364,366,0,0,354
car_2_60_heatmap,S1R5,S4R5,0.0069737298277193459,0.0065444149807459559,-0.0059133067388815238,0.019860766394320217,259,-5.8557483341472578e-07,0.006454317762039816,364,260,0,0,253
car_2_60_heatmap,S1R5,S5R1,0.0072855687358355306,0.0045732635659917814,-0.0017090554189034875,0.01628019289057455,349,-9.033845023644444e-07,0.0043712664800145701,364,350,0,0,336
car_2_60_heatmap,S1R5,S5R2,0.0072855687358355306,0.0045732635659917814,-0.0017090554189034875,0.01628019289057455,349,-9.033845023644444e-07,0.0043712664800145701,364,350,0,0,336
car_2_60_heatmap,S1R5,S5R3,0.0075379405191690826,0.0045665127555687638,-0.0014434062458855788,0.016519287284223742,349,-9.4665147266787544e-07,0.0043542778737049462,364,350,0,0,336
car_2_60_heatmap,S1R5,S5R4,0.006426484569131306,0.0074146382569636165,-0.0081559364577252109,0.021008905595987823,353,-7.7467704274305067e-07,0.0073094121785641803,364,354,0,0,340
car_2_60_heatmap,S1R5,S5R5,0.0043859037796053994,0.0064193519579461532,-0.0082629362131110152,0.017034743772321816,228,2.2743515331964824e-07,0.0064546843351651539,364,229,0,0,216
car_2_60_heatmap,S2R1,S2R2,0,0,0,0,370,4.2403807166772393e-06,0.0029121746914212545,371,371,4946,371,371
car_2_60_heatmap,S2R1,S2R3,0,4.1009518057178363e-19,-8.0640960314704148e-19,8.0640960314704148e-19,370,4.2403807166772393e-06,0.0029121746914212545,371,371,4946,371,371
car_2_60_heatmap,S2R1,S2R4,0,4.7389525274308627e-19,-9.3186582238053489e-19,9.3186582238053489e-19,370,4.2403807166772376e-06,0.002912174691421254,371,371,4946,371,371
car_2_60_heatmap,S2R1,S2R5,-0.00069133845790331216,0.0027132245689574616,-0.0060266129296763444,0.00464393601386972,370,2.3298714512913245e-06,0.0034671790354951462,371,371,4946,371,371
car_2_60_heatmap,S2R1,S3R1,-0.0013204688272080442,0.0036933244045431112,-0.0085832027109107364,0.0059422650564946479,367,-7.7064741609028104e-07,0.0034784120407181734,371,368,3,3,363
car_2_60_heatmap,S2R1,S3R2,-0.0013204688272080442,0.0036933244045431112,-0.0085832027109107364,0.0059422650564946479,367,-7.7064741609028104e-07,0.0034784120407181734,371,368,3,3,363
car_2_60_heatmap,S2R1,S3R3,-0.001320468827208046,0.0036933244045431117,-0.0085832027109107381,0.005942265056494647,367,-7.7064741609028093e-07,0.0034784120407181734,371,368,3,3,363
car_2_60_heatmap,S2R1,S3R4,-0.0013204688272080373,0.0036933244045431108,-0.0085832027109107277,0.005942265056494654,367,-7.7064741609028136e-07,0.0034784120407181729,371,368,3,3,363
car_2_60_heatmap,S2R1,S3R5,0.0027396962392447783,0.0054056416379780359,-0.007890126496211845,0.013369518974701402,368,-6.534175231519666e-07,0.0052833821054262134,371,369,3,3,364
car_2_60_heatmap,S2R1,S4R1,0.0045191286936261017,0.0040411763407739738,-0.0034279279926826434,0.012466185379934847,363,-1.0546848556829248e-06,0.0037711717682791207,371,364,0,0,359
car_2_60_heatmap,S2R1,S4R2,0.0045191286936261017,0.0040411763407739738,-0.0034279279926826434,0.012466185379934847,363,-1.0546848556829248e-06,0.0037711717682791207,371,364,0,0,359
car_2_60_heatmap,S2R1,S4R3,0.0045191286936261017,0.0040411763407739738,-0.0034279279926826434,0.012466185379934847,363,-1.0546848556829252e-06,0.0037711717682791216,371,364,0,0,359
car_2_60_heatmap,S2R1,S4R4,0.0036464641062707642,0.0042989418764049414,-0.0048073388743986789,0.012100267086940206,365,-1.195585045236799e-06,0.0040112007137806556,371,366,0,0,361
car_2_60_heatmap,S2R1,S4R5,0.0029727429854778716,0.0063442867818940584,-0.0095202080250877969,0.01546569399604354,259,4.0373932739230266e-07,0.0064076090256585004,371,260,0,0,257
car_2_60_heatmap,S2R1,S5R1,0.0032845818935940568,0.0044866456126266231,-0.0055396834081442477,0.01210884719533236,349,-8.1139128084256739e-07,0.0043020002663431561,371,350,0,0,343
car_2_60_heatmap,S2R1,S5R2,0.0032845818935940568,0.0044866456126266231,-0.0055396834081442477,0.01210884719533236,349,-8.1139128084256739e-07,0.0043020002663431561,371,350,0,0,343
car_2_60_heatmap,S2R1,S5R3,0.003536953676927608,0.0044741386096315335,-0.0052627130444709187,0.012336620398326135,349,-8.2947242222075148e-07,0.0042847370343760986,371,350,0,0,343
car_2_60_heatmap,S2R1,S5R4,0.0024254977268898313,0.0074400372681568015,-0.012206875713294067,0.017057871167073729,353,-1.2637062515510754e-06,0.0072682007435444411,371,354,0,0,347
car_2_60_heatmap,S2R1,S5R5,0.0003849169373639251,0.0063499499003442416,-0.012127171631295546,0.012897005506023396,228,3.701608910311017e-07,0.0064079782707921256,371,229,0,0,222
car_2_60_heatmap,S2R2,S2R3,0,4.1009518057178363e-19,-8.0640960314704148e-19,8.0640960314704148e-19,370,4.2403807166772393e-06,0.0029121746914212545,371,371,4946,371,371
car_2_60_heatmap,S2R2,S2R4,0,4.7389525274308627e-19,-9.3186582238053489e-19,9.3186582238053489e-19,370,4.2403807166772376e-06,0.002912174691421254,371,371,4946,371,371
car_2_60_heatmap,S2R2,S2R5,-0.00069133845790331216,0.0027132245689574616,-0.0060266129296763444,0.00464393601386972,370,2.3298714512913245e-06,0.0034671790354951462,371,371,4946,371,371
car_2_60_heatmap,S2R2,S3R1,-0.0013204688272080442,0.0036933244045431112,-0.0085832027109107364,0.0059422650564946479,367,-7.7064741609028104e-07,0.0034784120407181734,371,368,3,3,363
car_2_60_heatmap,S2R2,S3R2,-0.0013204688272080442,0.0036933244045431112,-0.0085832027109107364,0.0059422650564946479,367,-7.7064741609028104e-07,0.0034784120407181734,371,368,3,3,363
car_2_60_heatmap,S2R2,S3R3,-0.001320468827208046,0.0036933244045431117,-0.0085832027109107381,0.005942265056494647,367,-7.7064741609028093e-07,0.0034784120407181734,371,368,3,3,363
car_2_60_heatmap,S2R2,S3R4,-0.0013204688272080373,0.0036933244045431108,-0.0085832027109107277,0.005942265056494654,367,-7.7064741609028136e-07,0.0034784120407181729,371,368,3,3,363
car_2_60_heatmap,S2R2,S3R5,0.0027396962392447783,0.0054056416379780359,-0.007890126496211845,0.013369518974701402,368,-6.534175231519666e-07,0.0052833821054262134,371,369,3,3,364
car_2_60_heatmap,S2R2,S4R1,0.0045191286936261017,0.0040411763407739738,-0.0034279279926826434,0.012466185379934847,363,-1.0546848556829248e-06,0.0037711717682791207,371,364,0,0,359
car_2_60_heatmap,S2R2,S4R2,0.0045191286936261017,0.0040411763407739738,-0.0034279279926826434,0.012466185379934847,363,-1.0546848556829248e-06,0.0037711717682791207,371,364,0,0,359
car_2_60_heatmap,S2R2,S4R3,0.0045191286936261017,0.0040411763407739738,-0.0034279279926826434,0.012466185379934847,363,-1.0546848556829252e-06,0.0037711717682791216,371,364,0,0,359
car_2_60_heatmap,S2R2,S4R4,0.0036464641062707642,0.0042989418764049414,-0.0048073388743986789,0.012100267086940206,365,-1.195585045236799e-06,0.0040112007137806556,371,366,0,0,361
car_2_60_heatmap,S2R2,S4R5,0.0029727429854778716,0.0063442867818940584,-0.0095202080250877969,0.01546569399604354,259,4.0373932739230266e-07,0.0064076090256585004,371,260,0,0,257
car_2_60_heatmap,S2R2,S5R1,0.0032845818935940568,0.0044866456126266231,-0.0055396834081442477,0.01210884719533236,349,-8.1139128084256739e-07,0.0043020002663431561,371,350,0,0,343
car_2_60_heatmap,S2R2,S5R2,0.0032845818935940568,0.0044866456126266231,-0.0055396834081442477,0.01210884719533236,349,-8.1139128084256739e-07,0.0043020002663431561,371,350,0,0,343
car_2_60_heatmap,S2R2,S5R3,0.003536953676927608,0.0044741386096315335,-0.0052627130444709187,0.012336620398326135,349,-8.2947242222075148e-07,0.0042847370343760986,371,350,0,0,343
car_2_60_heatmap,S2R2,S5R4,0.0024254977268898313,0.0074400372681568015,-0.012206875713294067,0.017057871167073729,353,-1.2637062515510754e-06,0.0072682007435444411,371,354,0,0,347
car_2_60_heatmap,S2R2,S5R5,0.0003849169373639251,0.0063499499003442416,-0.012127171631295546,0.012897005506023396,228,3.701608910311017e-07,0.0064079782707921256,371,229,0,0,222
car_2_60_heatmap,S2R3,S2R4,0,6.7439050981016017e-19,-1.32611893322884e-18,1.32611893322884e-18,370,4.2403807166772393e-06,0.002912174691421254,371,371,4946,371,371
car_2_60_heatmap,S2R3,S2R5,-0.00069133845790331216,0.0027132245689574616,-0.0060266129296763444,0.00464393601386972,370,2.3298714512913253e-06,0.0034671790354951462,371,371,4946,371,371
car_2_60_heatmap,S2R3,S3R1,-0.0013204688272080442,0.0036933244045431112,-0.0085832027109107364,0.0059422650564946479,367,-7.7064741609028093e-07,0.0034784120407181734,371,368,3,3,363
car_2_60_heatmap,S2R3,S3R2,-0.0013204688272080442,0.0036933244045431112,-0.0085832027109107364,0.0059422650564946479,367,-7.7064741609028093e-07,0.0034784120407181734,371,368,3,3,363
car_2_60_heatmap,S2R3,S3R3,-0.001320468827208046,0.0036933244045431117,-0.0085832027109107381,0.005942265056494647,367,-7.7064741609028114e-07,0.0034784120407181738,371,368,3,3,363
car_2_60_heatmap,S2R3,S3R4,-0.0013204688272080373,0.0036933244045431108,-0.0085832027109107277,0.005942265056494654,367,-7.7064741609028093e-07,0.0034784120407181729,371,368,3,3,363
car_2_60_heatmap,S2R3,S3R5,0.0027396962392447783,0.0054056416379780359,-0.007890126496211845,0.013369518974701402,368,-6.534175231519665e-07,0.0052833821054262134,371,369,3,3,364
car_2_60_heatmap,S2R3,S4R1,0.0045191286936261017,0.0040411763407739738,-0.0034279279926826434,0.012466185379934847,363,-1.0546848556829248e-06,0.0037711717682791207,371,364,0,0,359
car_2_60_heatmap,S2R3,S4R2,0.0045191286936261017,0.0040411763407739738,-0.0034279279926826434,0.012466185379934847,363,-1.0546848556829248e-06,0.0037711717682791207,371,364,0,0,359
car_2_60_heatmap,S2R3,S4R3,0.0045191286936261017,0.0040411763407739738,-0.0034279279926826434,0.012466185379934847,363,-1.054684855682925e-06,0.0037711717682791216,371,364,0,0,359
car_2_60_heatmap,S2R3,S4R4,0.0036464641062707642,0.0042989418764049422,-0.0048073388743986806,0.01210026708694021,365,-1.195585045236799e-06,0.0040112007137806556,371,366,0,0,361
car_2_60_heatmap,S2R3,S4R5,0.0029727429854778716,0.0063442867818940584,-0.0095202080250877969,0.01546569399604354,259,4.0373932739230276e-07,0.0064076090256585004,371,260,0,0,257
car_2_60_heatmap,S2R3,S5R1,0.0032845818935940568,0.0044866456126266231,-0.0055396834081442477,0.01210884719533236,349,-8.1139128084256749e-07,0.0043020002663431561,371,350,0,0,343
car_2_60_heatmap,S2R3,S5R2,0.0032845818935940568,0.0044866456126266231,-0.0055396834081442477,0.01210884719533236,349,-8.1139128084256749e-07,0.0043020002663431561,371,350,0,0,343
car_2_60_heatmap,S2R3,S5R3,0.003536953676927608,0.0044741386096315335,-0.0052627130444709187,0.012336620398326135,349,-8.2947242222075169e-07,0.0042847370343760995,371,350,0,0,343
car_2_60_heatmap,S2R3,S5R4,0.0024254977268898313,0.0074400372681568015,-0.012206875713294067,0.017057871167073729,353,-1.263706251551076e-06,0.0072682007435444411,371,354,0,0,347
car_2_60_heatmap,S2R3,S5R5,0.0003849169373639251,0.0063499499003442416,-0.012127171631295546,0.012897005506023396,228,3.7016089103110128e-07,0.0064079782707921256,371,229,0,0,222
car_2_60_heatmap,S2R4,S2R5,-0.00069133845790331216,0.0027132245689574616,-0.0060266129296763444,0.00464393601386972,370,2.3298714512913241e-06,0.0034671790354951458,371,371,4946,371,371
car_2_60_heatmap,S2R4,S3R1,-0.0013204688272080442,0.0036933244045431112,-0.0085832027109107364,0.0059422650564946479,367,-7.7064741609028114e-07,0.0034784120407181729,371,368,3,3,363
car_2_60_heatmap,S2R4,S3R2,-0.0013204688272080442,0.0036933244045431112,-0.0085832027109107364,0.0059422650564946479,367,-7.7064741609028114e-07,0.0034784120407181729,371,368,3,3,363
car_2_60_heatmap,S2R4,S3R3,-0.001320468827208046,0.0036933244045431112,-0.0085832027109107381,0.0059422650564946462,367,-7.7064741609028083e-07,0.0034784120407181734,371,368,3,3,363
car_2_60_heatmap,S2R4,S3R4,-0.0013204688272080373,0.0036933244045431108,-0.0085832027109107277,0.005942265056494654,367,-7.7064741609028104e-07,0.0034784120407181725,371,368,3,3,363
car_2_60_heatmap,S2R4,S3R5,0.0027396962392447783,0.0054056416379780359,-0.007890126496211845,0.013369518974701402,368,-6.534175231519665e-07,0.0052833821054262134,371,369,3,3,364
car_2_60_heatmap,S2R4,S4R1,0.0045191286936261017,0.0040411763407739729,-0.0034279279926826417,0.012466185379934845,363,-1.0546848556829244e-06,0.0037711717682791203,371,364,0,0,359
car_2_60_heatmap,S2R4,S4R2,0.0045191286936261017,0.0040411763407739729,-0.0034279279926826417,0.012466185379934845,363,-1.0546848556829244e-06,0.0037711717682791203,371,364,0,0,359
car_2_60_heatmap,S2R4,S4R3,0.0045191286936261017,0.0040411763407739738,-0.0034279279926826434,0.012466185379934847,363,-1.0546848556829246e-06,0.0037711717682791211,371,364,0,0,359
car_2_60_heatmap,S2R4,S4R4,0.0036464641062707642,0.0042989418764049414,-0.0048073388743986789,0.012100267086940206,365,-1.1955850452367985e-06,0.0040112007137806547,371,366,0,0,361
car_2_60_heatmap,S2R4,S4R5,0.0029727429854778716,0.0063442867818940584,-0.0095202080250877969,0.01546569399604354,259,4.0373932739230276e-07,0.0064076090256585004,371,260,0,0,257
car_2_60_heatmap,S2R4,S5R1,0.0032845818935940568,0.0044866456126266222,-0.0055396834081442459,0.012108847195332359,349,-8.1139128084256728e-07,0.0043020002663431561,371,350,0,0,343
car_2_60_heatmap,S2R4,S5R2,0.0032845818935940568,0.0044866456126266222,-0.0055396834081442459,0.012108847195332359,349,-8.1139128084256728e-07,0.0043020002663431561,371,350,0,0,343
car_2_60_heatmap,S2R4,S5R3,0.003536953676927608,0.0044741386096315335,-0.0052627130444709187,0.012336620398326135,349,-8.2947242222075158e-07,0.0042847370343760986,371,350,0,0,343
car_2_60_heatmap,S2R4,S5R4,0.0024254977268898313,0.0074400372681568006,-0.012206875713294065,0.017057871167073729,353,-1.2637062515510747e-06,0.0072682007435444411,371,354,0,0,347
car_2_60_heatmap,S2R4,S5R5,0.0003849169373639251,0.0063499499003442416,-0.012127171631295546,0.012897005506023396,228,3.7016089103110154e-07,0.0064079782707921256,371,229,0,0,222
car_2_60_heatmap,S2R5,S3R1,-0.00062913036930473207,0.0040222457325486839,-0.0085386712518835707,0.0072804105132741057,367,-2.6927068858517857e-07,0.0039547337907671785,371,368,3,3,363
car_2_60_heatmap,S2R5,S3R2,-0.00062913036930473207,0.0040222457325486839,-0.0085386712518835707,0.0072804105132741057,367,-2.6927068858517857e-07,0.0039547337907671785,371,368,3,3,363
car_2_60_heatmap,S2R5,S3R3,-0.00062913036930473381,0.0040222457325486839,-0.0085386712518835707,0.007280410513274104,367,-2.6927068858517862e-07,0.0039547337907671785,371,368,3,3,363
car_2_60_heatmap,S2R5,S3R4,-0.00062913036930472514,0.004022245732548683,-0.0085386712518835603,0.0072804105132741109,367,-2.6927068858517857e-07,0.0039547337907671785,371,368,3,3,363
car_2_60_heatmap,S2R5,S3R5,0.0034310346971480905,0.0057591689468930148,-0.0078939751923195207,0.014756044586615702,368,-8.5666572804814765e-07,0.0056084485825191,371,369,4,4,364
car_2_60_heatmap,S2R5,S4R1,0.0052104671515294139,0.0044544003574253799,-0.0035492030927029069,0.013970137395761735,363,-1.0396885037716486e-06,0.0042145350320869374,371,364,0,0,359
car_2_60_heatmap,S2R5,S4R2,0.0052104671515294139,0.0044544003574253799,-0.0035492030927029069,0.013970137395761735,363,-1.0396885037716486e-06,0.0042145350320869374,371,364,0,0,359
car_2_60_heatmap,S2R5,S4R3,0.0052104671515294139,0.0044544003574253799,-0.0035492030927029069,0.013970137395761735,363,-1.0396885037716488e-06,0.0042145350320869383,371,364,0,0,359
car_2_60_heatmap,S2R5,S4R4,0.0043378025641740764,0.0046433130804764359,-0.0047932010847376886,0.01346880621308584,365,-9.6502808313327533e-07,0.0044306094611302645,371,366,0,0,361
car_2_60_heatmap,S2R5,S4R5,0.0036640814433811838,0.0066582380837823738,-0.0094470916572368339,0.016775254543999203,259,1.329440380964418e-07,0.006678175084296821,371,260,0,0,257
car_2_60_heatmap,S2R5,S5R1,0.0039759203514973685,0.0049518338885506394,-0.0057632700672279671,0.013715110770222704,349,-1.2364417686796898e-06,0.0046955058643812983,371,350,0,0,343
car_2_60_heatmap,S2R5,S5R2,0.0039759203514973685,0.0049518338885506394,-0.0057632700672279671,0.013715110770222704,349,-1.2364417686796898e-06,0.0046955058643812983,371,350,0,0,343
car_2_60_heatmap,S2R5,S5R3,0.0042282921348309205,0.00494878243220352,-0.005504896726675838,0.013961480996337679,349,-1.2954535383547651e-06,0.0046796944862433762,371,350,0,0,343
car_2_60_heatmap,S2R5,S5R4,0.0031168361847931435,0.0074951843558334497,-0.01162399541923315,0.017857667788819438,353,9.4761275676040026e-08,0.0075078166652684415,371,354,0,0,347
car_2_60_heatmap,S2R5,S5R5,0.0010762553952672373,0.0067251090460970862,-0.012175055455877919,0.014327566246412394,228,-3.1216856606512832e-07,0.0066785293702855434,371,229,0,0,222
car_2_60_heatmap,S3R1,S3R2,0,0,0,0,367,7.8589696083359277e-06,0.0039645856298826309,368,368,2156,368,368
car_2_60_heatmap,S3R1,S3R3,-1.7347234759768071e-18,7.754928953547487e-19,-3.2596906629196992e-18,-2.0975628903391516e-19,367,7.8589696083359277e-06,0.0039645856298826309,368,368,2156,368,368
car_2_60_heatmap,S3R1,S3R4,6.9388939039072284e-18,9.3055768916966805e-19,5.1089997165568798e-18,8.7687880912575761e-18,367,7.8589696083359243e-06,0.0039645856298826301,368,368,2156,368,368
car_2_60_heatmap,S3R1,S3R5,0.0040601650664528225,0.005417949262043989,-0.0065939555510661852,0.014714285683971831,367,1.0892705787568031e-06,0.0056153998400467102,368,369,2156,368,368
car_2_60_heatmap,S3R1,S4R1,0.005839597520834146,0.0043800853422937399,-0.0027739307122376508,0.014453125753905942,363,-6.7241110412615651e-07,0.0042237809362612733,368,364,4,4,358
car_2_60_heatmap,S3R1,S4R2,0.005839597520834146,0.0043800853422937399,-0.0027739307122376508,0.014453125753905942,363,-6.7241110412615651e-07,0.0042237809362612733,368,364,4,4,358
car_2_60_heatmap,S3R1,S4R3,0.005839597520834146,0.0043800853422937399,-0.0027739307122376508,0.014453125753905942,363,-6.7241110412615662e-07,0.0042237809362612741,368,364,4,4,358
car_2_60_heatmap,S3R1,S4R4,0.0049669329334788084,0.0045329968804070208,-0.0039471356072656311,0.013881001474223248,365,-4.1987032994332401e-07,0.0044394053721070713,368,366,4,4,360
car_2_60_heatmap,S3R1,S4R5,0.0042932118126859159,0.0066676140872556459,-0.0088364241910279667,0.017422847816399797,259,1.0948235039450067e-07,0.0066840139375497236,368,260,1,1,257
car_2_60_heatmap,S3R1,S5R1,0.0046050507208021015,0.0046268800117877417,-0.0044950254315068421,0.013705126873111045,349,3.5888826989717155e-07,0.004703806456825714,368,350,0,0,340
car_2_60_heatmap,S3R1,S5R2,0.0046050507208021015,0.0046268800117877417,-0.0044950254315068421,0.013705126873111045,349,3.5888826989717155e-07,0.004703806456825714,368,350,0,0,340
car_2_60_heatmap,S3R1,S5R3,0.0048574225041356526,0.0046219853151982645,-0.004233026834511989,0.013947871842783295,349,3.0740604575218879e-07,0.0046880230743259754,368,350,0,0,340
car_2_60_heatmap,S3R1,S5R4,0.0037459665540978755,0.0075742651267292748,-0.011150393756301688,0.01864232686449744,353,-4.620806349343038e-07,0.0075130107773194801,368,354,0,0,344
car_2_60_heatmap,S3R1,S5R5,0.0017053857645719693,0.0067448933816523426,-0.011584908600242489,0.014995680129386426,228,-4.0640615962743228e-07,0.0066843679140665743,368,229,0,0,223
car_2_60_heatmap,S3R2,S3R3,-1.7347234759768071e-18,7.754928953547487e-19,-3.2596906629196992e-18,-2.0975628903391516e-19,367,7.8589696083359277e-06,0.0039645856298826309,368,368,2156,368,368
car_2_60_heatmap,S3R2,S3R4,6.9388939039072284e-18,9.3055768916966805e-19,5.1089997165568798e-18,8.7687880912575761e-18,367,7.8589696083359243e-06,0.0039645856298826301,368,368,2156,368,368
car_2_60_heatmap,S3R2,S3R5,0.0040601650664528225,0.005417949262043989,-0.0065939555510661852,0.014714285683971831,367,1.0892705787568031e-06,0.0056153998400467102,368,369,2156,368,368
car_2_60_heatmap,S3R2,S4R1,0.005839597520834146,0.0043800853422937399,-0.0027739307122376508,0.014453125753905942,363,-6.7241110412615651e-07,0.0042237809362612733,368,364,4,4,358
car_2_60_heatmap,S3R2,S4R2,0.005839597520834146,0.0043800853422937399,-0.0027739307122376508,0.014453125753905942,363,-6.7241110412615651e-07,0.0042237809362612733,368,364,4,4,358
car_2_60_heatmap,S3R2,S4R3,0.005839597520834146,0.0043800853422937399,-0.0027739307122376508,0.014453125753905942,363,-6.7241110412615662e-07,0.0042237809362612741,368,364,4,4,358
car_2_60_heatmap,S3R2,S4R4,0.0049669329334788084,0.0045329968804070208,-0.0039471356072656311,0.013881001474223248,365,-4.1987032994332401e-07,0.0044394053721070713,368,366,4,4,360
car_2_60_heatmap,S3R2,S4R5,0.0042932118126859159,0.0066676140872556459,-0.0088364241910279667,0.017422847816399797,259,1.0948235039450067e-07,0.0066840139375497236,368,260,1,1,257
car_2_60_heatmap,S3R2,S5R1,0.0046050507208021015,0.0046268800117877417,-0.0044950254315068421,0.013705126873111045,349,3.5888826989717155e-07,0.004703806456825714,368,350,0,0,340
car_2_60_heatmap,S3R2,S5R2,0.0046050507208021015,0.0046268800117877417,-0.0044950254315068421,0.013705126873111045,349,3.5888826989717155e-07,0.004703806456825714,368,350,0,0,340
car_2_60_heatmap,S3R2,S5R3,0.0048574225041356526,0.0046219853151982645,-0.004233026834511989,0.013947871842783295,349,3.0740604575218879e-07,0.0046880230743259754,368,350,0,0,340
car_2_60_heatmap,S3R2,S5R4,0.0037459665540978755,0.0075742651267292748,-0.011150393756301688,0.01864232686449744,353,-4.620806349343038e-07,0.0075130107773194801,368,354,0,0,344
car_2_60_heatmap,S3R2,S5R5,0.0017053857645719693,0.0067448933816523426,-0.011584908600242489,0.014995680129386426,228,-4.0640615962743228e-07,0.0066843679140665743,368,229,0,0,223
car_2_60_heatmap,S3R3,S3R4,8.6736173798840355e-18,1.4151939384175779e-18,5.8907107508554699e-18,1.1456524008912601e-17,367,7.8589696083359277e-06,0.0039645856298826309,368,368,2156,368,368
car_2_60_heatmap,S3R3,S3R5,0.0040601650664528243,0.0054179492620439898,-0.0065939555510661852,0.014714285683971835,367,1.0892705787568033e-06,0.0056153998400467102,368,369,2156,368,368
car_2_60_heatmap,S3R3,S4R1,0.0058395975208341477,0.0043800853422937399,-0.002773930712237649,0.014453125753905945,363,-6.7241110412615672e-07,0.0042237809362612733,368,364,4,4,358
car_2_60_heatmap,S3R3,S4R2,0.0058395975208341477,0.0043800853422937399,-0.002773930712237649,0.014453125753905945,363,-6.7241110412615672e-07,0.0042237809362612733,368,364,4,4,358
car_2_60_heatmap,S3R3,S4R3,0.0058395975208341477,0.0043800853422937408,-0.0027739307122376508,0.014453125753905945,363,-6.7241110412615683e-07,0.0042237809362612741,368,364,4,4,358
car_2_60_heatmap,S3R3,S4R4,0.0049669329334788102,0.0045329968804070208,-0.0039471356072656293,0.01388100147422325,365,-4.1987032994332412e-07,0.0044394053721070713,368,366,4,4,360
car_2_60_heatmap,S3R3,S4R5,0.0042932118126859176,0.0066676140872556459,-0.0088364241910279633,0.0174228478163998,259,1.0948235039450094e-07,0.0066840139375497236,368,260,1,1,257
car_2_60_heatmap,S3R3,S5R1,0.0046050507208021032,0.0046268800117877425,-0.0044950254315068421,0.013705126873111049,349,3.5888826989717155e-07,0.004703806456825714,368,350,0,0,340
car_2_60_heatmap,S3R3,S5R2,0.0046050507208021032,0.0046268800117877425,-0.0044950254315068421,0.013705126873111049,349,3.5888826989717155e-07,0.004703806456825714,368,350,0,0,340
car_2_60_heatmap,S3R3,S5R3,0.0048574225041356544,0.0046219853151982654,-0.004233026834511989,0.013947871842783299,349,3.0740604575218884e-07,0.0046880230743259763,368,350,0,0,340
car_2_60_heatmap,S3R3,S5R4,0.0037459665540978773,0.0075742651267292757,-0.011150393756301688,0.018642326864497443,353,-4.6208063493430364e-07,0.0075130107773194801,368,354,0,0,344
car_2_60_heatmap,S3R3,S5R5,0.0017053857645719711,0.0067448933816523426,-0.011584908600242486,0.014995680129386429,228,-4.0640615962743228e-07,0.0066843679140665743,368,229,0,0,223
car_2_60_heatmap,S3R4,S3R5,0.0040601650664528156,0.005417949262043989,-0.0065939555510661921,0.014714285683971824,367,1.0892705787568029e-06,0.0056153998400467102,368,369,2156,368,368
car_2_60_heatmap,S3R4,S4R1,0.005839597520834139,0.0043800853422937391,-0.002773930712237656,0.014453125753905935,363,-6.724111041261563e-07,0.0042237809362612724,368,364,4,4,358
car_2_60_heatmap,S3R4,S4R2,0.005839597520834139,0.0043800853422937391,-0.002773930712237656,0.014453125753905935,363,-6.724111041261563e-07,0.0042237809362612724,368,364,4,4,358
car_2_60_heatmap,S3R4,S4R3,0.005839597520834139,0.0043800853422937399,-0.0027739307122376577,0.014453125753905935,363,-6.7241110412615662e-07,0.0042237809362612733,368,364,4,4,358
car_2_60_heatmap,S3R4,S4R4,0.0049669329334788015,0.0045329968804070199,-0.0039471356072656363,0.013881001474223239,365,-4.1987032994332412e-07,0.0044394053721070704,368,366,4,4,360
car_2_60_heatmap,S3R4,S4R5,0.0042932118126859089,0.0066676140872556459,-0.0088364241910279737,0.01742284781639979,259,1.0948235039450109e-07,0.0066840139375497236,368,260,1,1,257
car_2_60_heatmap,S3R4,S5R1,0.0046050507208020945,0.0046268800117877417,-0.0044950254315068491,0.013705126873111038,349,3.5888826989717124e-07,0.004703806456825714,368,350,0,0,340
car_2_60_heatmap,S3R4,S5R2,0.0046050507208020945,0.0046268800117877417,-0.0044950254315068491,0.013705126873111038,349,3.5888826989717124e-07,0.004703806456825714,368,350,0,0,340
car_2_60_heatmap,S3R4,S5R3,0.0048574225041356457,0.0046219853151982645,-0.0042330268345119959,0.013947871842783288,349,3.0740604575218842e-07,0.0046880230743259754,368,350,0,0,340
car_2_60_heatmap,S3R4,S5R4,0.0037459665540978686,0.0075742651267292748,-0.011150393756301695,0.018642326864497433,353,-4.6208063493430391e-07,0.0075130107773194801,368,354,0,0,344
car_2_60_heatmap,S3R4,S5R5,0.0017053857645719624,0.0067448933816523426,-0.011584908600242496,0.014995680129386419,228,-4.0640615962743228e-07,0.0066843679140665743,368,229,0,0,223
car_2_60_heatmap,S3R5,S4R1,0.0017794324543813239,0.0060856774245357289,-0.010188177812809401,0.013747042721572048,363,-1.6901840855274575e-06,0.0058013017112066249,369,364,4,4,359
car_2_60_heatmap,S3R5,S4R2,0.0017794324543813239,0.0060856774245357289,-0.010188177812809401,0.013747042721572048,363,-1.6901840855274575e-06,0.0058013017112066249,369,364,4,4,359
car_2_60_heatmap,S3R5,S4R3,0.0017794324543813239,0.0060856774245357289,-0.010188177812809401,0.013747042721572048,363,-1.6901840855274581e-06,0.0058013017112066257,369,364,4,4,359
car_2_60_heatmap,S3R5,S4R4,0.00090676786702598622,0.0060981841383627522,-0.011085217306933621,0.012898753040985594,365,-8.3237679028059274e-07,0.0059601255192166793,369,366,4,4,361
car_2_60_heatmap,S3R5,S4R5,0.00023304674623309332,0.0077787325932330131,-0.015084565548483827,0.015550659040950014,259,-8.9311463709224403e-09,0.0077775843591878658,369,260,1,1,257
car_2_60_heatmap,S3R5,S5R1,0.0005448856543492787,0.0059864381092956161,-0.011229148367904425,0.012318919676602981,349,1.0515650468865895e-06,0.0061595918152260731,369,350,0,0,341
car_2_60_heatmap,S3R5,S5R2,0.0005448856543492787,0.0059864381092956161,-0.011229148367904425,0.012318919676602981,349,1.0515650468865895e-06,0.0061595918152260731,369,350,0,0,341
car_2_60_heatmap,S3R5,S5R3,0.00079725743768282998,0.005979591866715539,-0.010963311500393811,0.012557826375759472,349,1.0184087999234541e-06,0.006147547193176929,369,350,0,0,341
car_2_60_heatmap,S3R5,S5R4,-0.00031419851235494679,0.0083057333005042127,-0.016649142406749893,0.016020745382039996,353,1.6374507139694095e-06,0.0085005945137409892,369,354,0,0,345
car_2_60_heatmap,S3R5,S5R5,-0.0023547793018808532,0.0081682129323133353,-0.018449615522751449,0.013740056918989744,228,-3.1120759750416596e-06,0.0077778885667980288,369,229,0,0,224
car_2_60_heatmap,S4R1,S4R2,0,0,0,0,363,9.9813557891882297e-06,0.0044679650377298678,364,364,1950,364,364
car_2_60_heatmap,S4R1,S4R3,2.7105054312137611e-20,7.6275626460828049e-19,-1.4728708837629071e-18,1.5270809923871824e-18,363,9.981355789188233e-06,0.0044679650377298687,364,364,1950,364,364
car_2_60_heatmap,S4R1,S4R4,-0.00087266458735533754,0.0022390835196356464,-0.0052758685446754033,0.0035305393699647282,363,8.408605615420739e-06,0.0046723341317531468,364,366,1950,364,364
car_2_60_heatmap,S4R1,S4R5,-0.0015463857081482305,0.0070507187161961398,-0.015430418151653198,0.012337646735356738,259,-1.45710295835364e-06,0.0068409376914434225,364,260,2,1,253
car_2_60_heatmap,S4R1,S5R1,-0.0012345468000320452,0.0051061415158719925,-0.011277227077134725,0.008808133477070634,349,-9.1224990799197449e-07,0.0049242442429399845,364,350,3,3,339
car_2_60_heatmap,S4R1,S5R2,-0.0012345468000320452,0.0051061415158719925,-0.011277227077134725,0.008808133477070634,349,-9.1224990799197449e-07,0.0049242442429399845,364,350,3,3,339
car_2_60_heatmap,S4R1,S5R3,-0.00098217501669849378,0.0050929997160876778,-0.010999008204939783,0.0090346581715427966,349,-9.1934979090204415e-07,0.0049091696371448678,364,350,3,3,339
car_2_60_heatmap,S4R1,S5R4,-0.0020936309667362704,0.0074574139943028453,-0.016760179336019646,0.012572917402547104,353,1.477346819273517e-06,0.0076529547967416458,364,354,2,2,344
car_2_60_heatmap,S4R1,S5R5,-0.0041342117562621766,0.0069282053564698239,-0.017785708288118589,0.0095172847755942373,228,-5.9843443498106758e-07,0.0068412835485349554,364,229,1,1,222
car_2_60_heatmap,S4R2,S4R3,2.7105054312137611e-20,7.6275626460828049e-19,-1.4728708837629071e-18,1.5270809923871824e-18,363,9.981355789188233e-06,0.0044679650377298687,364,364,1950,364,364
car_2_60_heatmap,S4R2,S4R4,-0.00087266458735533754,0.0022390835196356464,-0.0052758685446754033,0.0035305393699647282,363,8.408605615420739e-06,0.0046723341317531468,364,366,1950,364,364
car_2_60_heatmap,S4R2,S4R5,-0.0015463857081482305,0.0070507187161961398,-0.015430418151653198,0.012337646735356738,259,-1.45710295835364e-06,0.0068409376914434225,364,260,2,1,253
car_2_60_heatmap,S4R2,S5R1,-0.0012345468000320452,0.0051061415158719925,-0.011277227077134725,0.008808133477070634,349,-9.1224990799197449e-07,0.0049242442429399845,364,350,3,3,339
car_2_60_heatmap,S4R2,S5R2,-0.0012345468000320452,0.0051061415158719925,-0.011277227077134725,0.008808133477070634,349,-9.1224990799197449e-07,0.0049242442429399845,364,350,3,3,339
car_2_60_heatmap,S4R2,S5R3,-0.00098217501669849378,0.0050929997160876778,-0.010999008204939783,0.0090346581715427966,349,-9.1934979090204415e-07,0.0049091696371448678,364,350,3,3,339
car_2_60_heatmap,S4R2,S5R4,-0.0020936309667362704,0.0074574139943028453,-0.016760179336019646,0.012572917402547104,353,1.477346819273517e-06,0.0076529547967416458,364,354,2,2,344
car_2_60_heatmap,S4R2,S5R5,-0.0041342117562621766,0.0069282053564698239,-0.017785708288118589,0.0095172847755942373,228,-5.9843443498106758e-07,0.0068412835485349554,364,229,1,1,222
car_2_60_heatmap,S4R3,S4R4,-0.00087266458735533764,0.0022390835196356464,-0.0052758685446754033,0.0035305393699647282,363,8.4086056154207407e-06,0.0046723341317531468,364,366,1950,364,364
car_2_60_heatmap,S4R3,S4R5,-0.0015463857081482305,0.0070507187161961407,-0.0154304181516532,0.01233764673535674,259,-1.4571029583536391e-06,0.0068409376914434234,364,260,2,1,253
car_2_60_heatmap,S4R3,S5R1,-0.0012345468000320452,0.0051061415158719934,-0.011277227077134726,0.0088081334770706357,349,-9.1224990799197438e-07,0.0049242442429399853,364,350,3,3,339
car_2_60_heatmap,S4R3,S5R2,-0.0012345468000320452,0.0051061415158719934,-0.011277227077134726,0.0088081334770706357,349,-9.1224990799197438e-07,0.0049242442429399853,364,350,3,3,339
car_2_60_heatmap,S4R3,S5R3,-0.00098217501669849378,0.0050929997160876778,-0.010999008204939783,0.0090346581715427966,349,-9.1934979090204458e-07,0.0049091696371448687,364,350,3,3,339
car_2_60_heatmap,S4R3,S5R4,-0.0020936309667362704,0.0074574139943028462,-0.016760179336019646,0.012572917402547106,353,1.4773468192735162e-06,0.0076529547967416458,364,354,2,2,344
car_2_60_heatmap,S4R3,S5R5,-0.0041342117562621766,0.0069282053564698239,-0.017785708288118589,0.0095172847755942373,228,-5.9843443498106779e-07,0.0068412835485349554,364,229,1,1,222
car_2_60_heatmap,S4R4,S4R5,-0.0006737211207928929,0.0073468779655441498,-0.015140940157310923,0.013793497915725136,259,-2.6550963410089607e-06,0.0069761323925639652,366,260,6,5,255
car_2_60_heatmap,S4R4,S5R1,-0.00036188221267670752,0.0053209433980431894,-0.010827031514356903,0.010103267089003489,349,-1.0981313103414269e-06,0.0051103988126658517,366,350,3,3,341
car_2_60_heatmap,S4R4,S5R2,-0.00036188221267670752,0.0053209433980431894,-0.010827031514356903,0.010103267089003489,349,-1.0981313103414269e-06,0.0051103988126658517,366,350,3,3,341
car_2_60_heatmap,S4R4,S5R3,-0.00010951042934315624,0.0053081614050969755,-0.010549520304694492,0.010330499446008178,349,-1.1043181579635269e-06,0.0050958749186605871,366,350,3,3,341
car_2_60_heatmap,S4R4,S5R4,-0.0012209663793809329,0.0074879178111700593,-0.01594750681908879,0.013505574060326925,353,2.183399317251064e-06,0.0077740408914116167,366,354,2,2,346
car_2_60_heatmap,S4R4,S5R5,-0.0032615471689068391,0.0072046681524464947,-0.017457792406420255,0.010934698068606578,228,-1.618043967526392e-06,0.006976471547410195,366,229,1,1,223
car_2_60_heatmap,S4R5,S5R1,0.00031183890811618538,0.007117672458362834,-0.013704036538332739,0.014327714354565108,259,2.1131852971278116e-07,0.0071473000695341168,260,350,1,1,242
car_2_60_heatmap,S4R5,S5R2,0.00031183890811618538,0.007117672458362834,-0.013704036538332739,0.014327714354565108,259,2.1131852971278116e-07,0.0071473000695341168,260,350,1,1,242
car_2_60_heatmap,S4R5,S5R3,0.00056421069144973665,0.0071109578782246078,-0.013438442635065584,0.014566864017965057,259,1.8497075010763101e-07,0.0071369225472958497,260,350,1,1,242
car_2_60_heatmap,S4R5,S5R4,-0.00054724525858804011,0.009211532815613906,-0.018686278400360076,0.017591787883183992,259,2.7554861383696559e-07,0.0092413978401974326,260,354,1,1,248
car_2_60_heatmap,S4R5,S5R5,-0.0025878260481139465,0.0087268263917778845,-0.019783367186370866,0.014607715090142975,228,-1.2593106804706034e-06,0.0085813097783083124,260,229,2,2,169
car_2_60_heatmap,S5R1,S5R2,0,0,0,0,349,1.426682557493935e-05,0.0053416899151746628,350,350,1591,350,350
car_2_60_heatmap,S5R1,S5R3,0.00025237178333355128,0.00019127933540392269,-0.0001238334595307829,0.0006285770261978854,349,1.4174414263931818e-05,0.0053277965719438084,350,350,1591,350,350
car_2_60_heatmap,S5R1,S5R4,-0.00085908416670422549,0.0085585546391822413,-0.017691917257649813,0.01597374892424136,349,-5.1978353025728915e-06,0.0079280001833200078,350,354,1532,337,346
car_2_60_heatmap,S5R1,S5R5,-0.0028996649562301317,0.0074116322333495537,-0.01750371701921943,0.011704387106759168,228,-1.9218309926099702e-06,0.0071476311024846646,350,229,2,1,219
car_2_60_heatmap,S5R2,S5R3,0.00025237178333355128,0.00019127933540392269,-0.0001238334595307829,0.0006285770261978854,349,1.4174414263931818e-05,0.0053277965719438084,350,350,1591,350,350
car_2_60_heatmap,S5R2,S5R4,-0.00085908416670422549,0.0085585546391822413,-0.017691917257649813,0.01597374892424136,349,-5.1978353025728915e-06,0.0079280001833200078,350,354,1532,337,346
car_2_60_heatmap,S5R2,S5R5,-0.0028996649562301317,0.0074116322333495537,-0.01750371701921943,0.011704387106759168,228,-1.9218309926099702e-06,0.0071476311024846646,350,229,2,1,219
car_2_60_heatmap,S5R3,S5R4,-0.0011114559500377767,0.008538886892799696,-0.017905606821135539,0.015682694921059989,349,-5.10381864958344e-06,0.0079186458481775527,350,354,1533,338,346
car_2_60_heatmap,S5R3,S5R5,-0.0031520367395636829,0.0074090644712381517,-0.017751029224530267,0.011446955745402903,228,-1.9769203998099122e-06,0.0071372540615662295,350,229,2,1,219
car_2_60_heatmap,S5R4,S5R5,-0.0020405807895259062,0.0092129349203647938,-0.020193961447639578,0.016112799868587765,228,2.6499814358626342e-07,0.0092416538635706064,354,229,6,5,221
