company_id,security_id,cik,company_name,provider_ticker,exchange,sic,sic_division,quarter_label,issuer_domicile_status,state_of_incorporation,eligibility_start,eligibility_end,eligibility_source,identity_status,active_at_quarter_end,candidate_security_count,primary_selection_reason,sampling_stratum,stratum_population,stratum_sample,selection_probability,design_weight,sample_seed
CIK0000864683,AVSA18AAFBCF039FF8B,0000864683,Cyberonics Inc,CYBX,NASDAQ,3845,manufacturing,2010Q1,us,DE,1993-02-11,2019-12-31,Alpha Vantage listing interval,resolved_cik,True,2,"ranked by active quarter-end evidence, exchange, and plain common-stock symbol",2010|NASDAQ|manufacturing,2642,14,0.0052990159,188.7142857143,20260916
CIK0000899051,AVSEE475306DA8C3596,0000899051,Allstate Corp (The),ALL,NYSE,6331,finance_insurance_real_estate,2010Q1,us,DE,1993-06-03,2019-12-31,Alpha Vantage listing interval,resolved_cik,True,1,only eligible resolved security,2010|NYSE|finance_insurance_real_estate,1346,7,0.0052005944,192.2857142857,20260916
CIK0000936528,AVS434EC372132CCAFA,0000936528,WaFd Inc,WAFD,NASDAQ,6021,finance_insurance_real_estate,2010Q1,us,WA,1990-03-26,2019-12-31,Alpha Vantage listing interval,resolved_cik,True,1,only eligible resolved security,2010|NASDAQ|finance_insurance_real_estate,1668,9,0.0053956835,185.3333333333,20260916
CIK0001041061,AVS7BE746CA1FAE3E9F,0001041061,Yum Brands Inc,YUM,NYSE,5812,retail_trade,2010Q1,us,NC,1997-09-17,2019-12-31,Alpha Vantage listing interval,resolved_cik,True,1,only eligible resolved security,2010|NYSE|retail_trade,300,2,0.0066666667,150.0000000000,20260916
CIK0001064863,AVS0E29C2E02DA43825,0001064863,Amerigroup Corp,AGP,NYSE,6324,finance_insurance_real_estate,2010Q1,us,,2006-12-28,2019-12-31,Alpha Vantage listing interval,resolved_cik,True,2,"ranked by active quarter-end evidence, exchange, and plain common-stock symbol",2010|NYSE|finance_insurance_real_estate,1346,7,0.0052005944,192.2857142857,20260916
CIK0001103982,AVSEAB482829B2B165A,0001103982,Mondelez International Inc - Class A,MDLZ,NASDAQ,2000,manufacturing,2010Q1,us,IL,2001-06-13,2019-12-31,Alpha Vantage listing interval,resolved_cik,True,1,only eligible resolved security,2010|NASDAQ|manufacturing,2642,14,0.0052990159,188.7142857143,20260916
CIK0001254419,AVS9632020CAF50FD2C,0001254419,MedAssets Inc,MDAS,NASDAQ,7372,services,2010Q1,us,DE,2007-12-12,2019-12-31,Alpha Vantage listing interval,resolved_cik,True,2,"ranked by active quarter-end evidence, exchange, and plain common-stock symbol",2010|NASDAQ|services,1117,6,0.0053715309,186.1666666667,20260916
CIK0001303942,AVSFFF678F52CEAA157,0001303942,Bankfinancial Corp,BFIN,NASDAQ,6035,finance_insurance_real_estate,2010Q1,us,,2005-06-28,2019-12-31,Alpha Vantage listing interval,resolved_cik,True,1,only eligible resolved security,2010|NASDAQ|finance_insurance_real_estate,1668,9,0.0053956835,185.3333333333,20260916
CIK0001320695,AVS93578797E58652D4,0001320695,Treehouse Foods Inc,THS,NYSE,2030,manufacturing,2010Q1,us,DE,2005-06-28,2019-12-31,Alpha Vantage listing interval,resolved_cik,True,1,only eligible resolved security,2010|NYSE|manufacturing,1742,9,0.0051664753,193.5555555556,20260916
CIK0001338749,AVS51B9E86AB59EA67F,0001338749,PotlatchDeltic Corp,PCH,NASDAQ,6798,finance_insurance_real_estate,2010Q1,us,DE,1985-11-11,2019-12-31,Alpha Vantage listing interval,resolved_cik,True,1,only eligible resolved security,2010|NASDAQ|finance_insurance_real_estate,1668,9,0.0053956835,185.3333333333,20260916
CIK0001410471,AVS4BCE433F2FBF72E6,0001410471,IPC The Hospitalist Company Inc,IPCM,NASDAQ,8090,services,2010Q1,us,DE,2008-01-25,2019-12-31,Alpha Vantage listing interval,resolved_cik,True,2,"ranked by active quarter-end evidence, exchange, and plain common-stock symbol",2010|NASDAQ|services,1117,6,0.0053715309,186.1666666667,20260916
CIK0000049826,AVS8B2CC1EADCB2B3CA,0000049826,Illinois Tool Works Inc,ITW,NYSE,3560,manufacturing,2010Q2,us,DE,1987-11-05,2019-12-31,Alpha Vantage listing interval,resolved_cik,True,1,only eligible resolved security,2010|NYSE|manufacturing,1742,9,0.0051664753,193.5555555556,20260916
CIK0000052988,AVSBBFEA8948486144C,0000052988,Jacobs Solutions Inc,J,NYSE,1600,construction,2010Q2,us,DE,1990-01-12,2019-12-31,Alpha Vantage listing interval,resolved_cik,True,1,only eligible resolved security,2010|NYSE|construction,122,1,0.0081967213,122.0000000000,20260916
CIK0000058361,AVS89273A5C237CE4EF,0000058361,Lee Enterprises Inc,LEE,NASDAQ,2711,manufacturing,2010Q2,us,DE,1987-11-05,2019-12-31,Alpha Vantage listing interval,resolved_cik,True,1,only eligible resolved security,2010|NASDAQ|manufacturing,2642,14,0.0052990159,188.7142857143,20260916
CIK0000060714,AVSB71BC5F8E4AD6818,0000060714,LSB Industries Inc,LXU,NYSE,2810,manufacturing,2010Q2,us,DE,1980-01-02,2019-12-31,Alpha Vantage listing interval,resolved_cik,True,1,only eligible resolved security,2010|NYSE|manufacturing,1742,9,0.0051664753,193.5555555556,20260916
CIK0000726854,AVS3715AD39FFBF126D,0000726854,City Holding Company,CHCO,NASDAQ,6021,finance_insurance_real_estate,2010Q2,us,WV,1993-02-19,2019-12-31,Alpha Vantage listing interval,resolved_cik,True,1,only eligible resolved security,2010|NASDAQ|finance_insurance_real_estate,1668,9,0.0053956835,185.3333333333,20260916
CIK0000732412,AVS67A4FE51595509E5,0000732412,Multiband Corp,MBND,NASDAQ,4813,transportation_communications_utilities,2010Q2,us,MN,2006-12-28,2019-12-31,Alpha Vantage listing interval,resolved_cik,True,2,"ranked by active quarter-end evidence, exchange, and plain common-stock symbol",2010|NASDAQ|transportation_communications_utilities,427,2,0.0046838407,213.5000000000,20260916
CIK0000751364,AVSE8E271B81A733D6F,0000751364,NNN REIT Inc,NNN,NYSE,6798,finance_insurance_real_estate,2010Q2,us,MD,1990-03-26,2019-12-31,Alpha Vantage listing interval,resolved_cik,True,1,only eligible resolved security,2010|NYSE|finance_insurance_real_estate,1346,7,0.0052005944,192.2857142857,20260916
CIK0000825542,AVS8653535E9BFBB8E9,0000825542,Scotts Miracle-Gro Company - Class A,SMG,NYSE,2870,manufacturing,2010Q2,us,OH,1992-01-31,2019-12-31,Alpha Vantage listing interval,resolved_cik,True,1,only eligible resolved security,2010|NYSE|manufacturing,1742,9,0.0051664753,193.5555555556,20260916
CIK0000863894,AVS43F1721A6DC8B69A,0000863894,Veru Inc,VERU,NASDAQ,2834,manufacturing,2010Q2,us,WI,1999-02-11,2019-12-31,Alpha Vantage listing interval,resolved_cik,True,3,"ranked by active quarter-end evidence, exchange, and plain common-stock symbol",2010|NASDAQ|manufacturing,2642,14,0.0052990159,188.7142857143,20260916
CIK0000908315,AVS8E82FF890863E9AB,0000908315,Winmark Corporation,WINA,NASDAQ,5900,retail_trade,2010Q2,us,MN,1993-08-25,2019-12-31,Alpha Vantage listing interval,resolved_cik,True,1,only eligible resolved security,2010|NASDAQ|retail_trade,316,2,0.0063291139,158.0000000000,20260916
CIK0000945841,AVS878F00CAC6BE3324,0000945841,Pool Corporation,POOL,NASDAQ,5090,wholesale_trade,2010Q2,us,DE,1995-10-13,2019-12-31,Alpha Vantage listing interval,resolved_cik,True,1,only eligible resolved security,2010|NASDAQ|wholesale_trade,164,1,0.0060975610,164.0000000000,20260916
CIK0001108827,AVS54B85DD1CE9EE779,0001108827,QEP Resources Inc,QEP,NYSE,1311,mining,2010Q2,us,DE,2010-06-16,2019-12-31,Alpha Vantage listing interval,resolved_cik,True,1,only eligible resolved security,2010|NYSE|mining,368,2,0.0054347826,184.0000000000,20260916
CIK0001114714,AVS7F872470CF3AF976,0001114714,Kenexa Corp,KNXA,NYSE,7372,services,2010Q2,us,,2005-06-24,2019-12-31,Alpha Vantage listing interval,resolved_cik,True,2,"ranked by active quarter-end evidence, exchange, and plain common-stock symbol",2010|NYSE|services,563,3,0.0053285968,187.6666666667,20260916
CIK0001131096,AVS648B86EFB3043473,0001131096,athenahealth Inc,ATHN,NASDAQ,7389,services,2010Q2,us,DE,2007-09-20,2019-12-31,Alpha Vantage listing interval,resolved_cik,True,2,"ranked by active quarter-end evidence, exchange, and plain common-stock symbol",2010|NASDAQ|services,1117,6,0.0053715309,186.1666666667,20260916
CIK0001157377,AVS3E08872FFF7A05C9,0001157377,The Advisory Board Company,ABCO,NASDAQ,8741,services,2010Q2,us,DE,2001-11-13,2019-12-31,Alpha Vantage listing interval,resolved_cik,True,2,"ranked by active quarter-end evidence, exchange, and plain common-stock symbol",2010|NASDAQ|services,1117,6,0.0053715309,186.1666666667,20260916
CIK0001288469,AVSA638D7E0F640912D,0001288469,MaxLinear Inc,MXL,NASDAQ,3674,manufacturing,2010Q2,us,,2010-03-24,2019-12-31,Alpha Vantage listing interval,resolved_cik,True,1,only eligible resolved security,2010|NASDAQ|manufacturing,2642,14,0.0052990159,188.7142857143,20260916
CIK0001325964,AVS3D809C3D6515E0BB,0001325964,Lightwave Logic Inc,LWLG,NASDAQ,3080,manufacturing,2010Q2,us,NV,2007-07-13,2019-12-31,Alpha Vantage listing interval,resolved_cik,True,1,only eligible resolved security,2010|NASDAQ|manufacturing,2642,14,0.0052990159,188.7142857143,20260916
CIK0001337068,AVSB08E1A2FFA1FB396,0001337068,Magyar Bancorp Inc,MGYR,NASDAQ,6035,finance_insurance_real_estate,2010Q2,us,,2006-01-24,2019-12-31,Alpha Vantage listing interval,resolved_cik,True,1,only eligible resolved security,2010|NASDAQ|finance_insurance_real_estate,1668,9,0.0053956835,185.3333333333,20260916
CIK0001361983,AVS7755144B969AAAF7,0001361983,Orbcomm Inc,ORBC,NASDAQ,4899,transportation_communications_utilities,2010Q2,us,DE,2006-11-06,2019-12-31,Alpha Vantage listing interval,resolved_cik,True,1,only eligible resolved security,2010|NASDAQ|transportation_communications_utilities,427,2,0.0046838407,213.5000000000,20260916
CIK0001368007,AVS1CF57F3DBC493088,0001368007,NYSE Euronext,NYX,NYSE,6200,finance_insurance_real_estate,2010Q2,us,DE,2007-06-04,2019-12-31,Alpha Vantage listing interval,resolved_cik,True,2,"ranked by active quarter-end evidence, exchange, and plain common-stock symbol",2010|NYSE|finance_insurance_real_estate,1346,7,0.0052005944,192.2857142857,20260916
CIK0001408100,AVSA6362FC9C6159A96,0001408100,Kennedy-Wilson Holdings Inc,KW,NYSE,6500,finance_insurance_real_estate,2010Q2,us,DE,2007-12-03,2019-12-31,Alpha Vantage listing interval,resolved_cik,True,1,only eligible resolved security,2010|NYSE|finance_insurance_real_estate,1346,7,0.0052005944,192.2857142857,20260916
CIK0001431372,AVSED60C8BAD726F060,0001431372,Gastar Exploration Inc,GST,NYSE,1311,mining,2010Q2,us,DE,2006-01-05,2019-12-31,Alpha Vantage listing interval,resolved_cik,True,2,"ranked by active quarter-end evidence, exchange, and plain common-stock symbol",2010|NYSE|mining,368,2,0.0054347826,184.0000000000,20260916
CIK0000008504,AVSB2F92CBB0C7EC8D8,0000008504,Enerjex Resources Inc,ENRJ,NYSE,3721,manufacturing,2010Q3,us,NV,2007-03-23,2019-12-31,Alpha Vantage listing interval,resolved_cik,True,2,"ranked by active quarter-end evidence, exchange, and plain common-stock symbol",2010|NYSE|manufacturing,1742,9,0.0051664753,193.5555555556,20260916
CIK0000008947,AVSF58D632BC0C8FDD1,0000008947,AZZ Inc,AZZ,NYSE,3470,manufacturing,2010Q3,us,TX,1984-09-07,2019-12-31,Alpha Vantage listing interval,resolved_cik,True,1,only eligible resolved security,2010|NYSE|manufacturing,1742,9,0.0051664753,193.5555555556,20260916
CIK0000021665,AVS7752CCD658ABAB84,0000021665,Colgate-Palmolive Company,CL,NYSE,2844,manufacturing,2010Q3,us,DE,1977-01-03,2019-12-31,Alpha Vantage listing interval,resolved_cik,True,1,only eligible resolved security,2010|NYSE|manufacturing,1742,9,0.0051664753,193.5555555556,20260916
CIK0000062234,AVS3849199388CD27B3,0000062234,Marcus Corp,MCS,NYSE,7830,services,2010Q3,us,WI,1990-03-29,2019-12-31,Alpha Vantage listing interval,resolved_cik,True,1,only eligible resolved security,2010|NYSE|services,563,3,0.0053285968,187.6666666667,20260916
CIK0000706863,AVS77A7EE3C241E5D94,0000706863,Union Bankshares Inc,UNB,NASDAQ,6022,finance_insurance_real_estate,2010Q3,us,VT,1999-08-09,2019-12-31,Alpha Vantage listing interval,resolved_cik,True,1,only eligible resolved security,2010|NASDAQ|finance_insurance_real_estate,1668,9,0.0053956835,185.3333333333,20260916
CIK0001042783,AVS1AC717381A2AEA8A,0001042783,Dot Hill Systems Corp,HILL,NASDAQ,3572,manufacturing,2010Q3,us,DE,1997-09-17,2019-12-31,Alpha Vantage listing interval,resolved_cik,True,2,"ranked by active quarter-end evidence, exchange, and plain common-stock symbol",2010|NASDAQ|manufacturing,2642,14,0.0052990159,188.7142857143,20260916
CIK0001067294,AVS888B6ADA4B8472E4,0001067294,Cracker Barrel Old Country Store Inc,CBRL,NASDAQ,5812,retail_trade,2010Q3,us,TN,1984-09-07,2019-12-31,Alpha Vantage listing interval,resolved_cik,True,1,only eligible resolved security,2010|NASDAQ|retail_trade,316,2,0.0063291139,158.0000000000,20260916
CIK0001126741,AVSF249D1427F3CB62F,0001126741,GSI Technology Inc,GSIT,NASDAQ,3674,manufacturing,2010Q3,us,DE,2007-03-29,2019-12-31,Alpha Vantage listing interval,resolved_cik,True,1,only eligible resolved security,2010|NASDAQ|manufacturing,2642,14,0.0052990159,188.7142857143,20260916
CIK0001261654,AVS424E419DCF2FBEF8,0001261654,Universal Technical Institute Inc,UTI,NYSE,8200,services,2010Q3,us,DE,2003-12-18,2019-12-31,Alpha Vantage listing interval,resolved_cik,True,1,only eligible resolved security,2010|NYSE|services,563,3,0.0053285968,187.6666666667,20260916
CIK0001290476,AVS5F5ECB40A6AD7CD4,0001290476,Village Bank & Trust Financial Corporation,VBFC,NASDAQ,6022,finance_insurance_real_estate,2010Q3,us,VA,1996-04-01,2019-12-31,Alpha Vantage listing interval,resolved_cik,True,1,only eligible resolved security,2010|NASDAQ|finance_insurance_real_estate,1668,9,0.0053956835,185.3333333333,20260916
CIK0001316625,AVSF946EDB467A1219E,0001316625,Silicon Graphics International Corp,SGI,NASDAQ,3571,manufacturing,2010Q3,us,DE,2009-05-19,2019-12-31,Alpha Vantage listing interval,resolved_cik,True,2,"ranked by active quarter-end evidence, exchange, and plain common-stock symbol",2010|NASDAQ|manufacturing,2642,14,0.0052990159,188.7142857143,20260916
CIK0001486957,AVS151334008B11CBEF,0001486957,Babcock & Wilcox Company,BWC,NYSE,3510,manufacturing,2010Q3,us,DE,2010-08-02,2019-12-31,Alpha Vantage listing interval,resolved_cik,True,3,"ranked by active quarter-end evidence, exchange, and plain common-stock symbol",2010|NYSE|manufacturing,1742,9,0.0051664753,193.5555555556,20260916
CIK0000014272,AVS0763579394D5463B,0000014272,Bristol-Myers Squibb Company,BMY,NYSE,2834,manufacturing,2010Q4,us,DE,1972-06-01,2019-12-31,Alpha Vantage listing interval,resolved_cik,True,1,only eligible resolved security,2010|NYSE|manufacturing,1742,9,0.0051664753,193.5555555556,20260916
CIK0000068270,AVS41E623D93D2045BD,0000068270,Ruby Tuesday Inc,RT,NYSE,5812,retail_trade,2010Q4,us,GA,1990-03-26,2019-12-31,Alpha Vantage listing interval,resolved_cik,True,2,"ranked by active quarter-end evidence, exchange, and plain common-stock symbol",2010|NYSE|retail_trade,300,2,0.0066666667,150.0000000000,20260916
CIK0000080124,AVS477EEAA068F3E2F3,0000080124,Presidential Life LLC,PLFE,NASDAQ,6311,finance_insurance_real_estate,2010Q4,us,DE,2006-12-28,2019-12-31,Alpha Vantage listing interval,resolved_cik,True,2,"ranked by active quarter-end evidence, exchange, and plain common-stock symbol",2010|NASDAQ|finance_insurance_real_estate,1668,9,0.0053956835,185.3333333333,20260916
CIK0000105016,AVSB7C1F7D9943A6ED2,0000105016,Watsco Inc - Class A,WSO,NYSE,5070,wholesale_trade,2010Q4,us,FL,1984-06-07,2019-12-31,Alpha Vantage listing interval,resolved_cik,True,2,"ranked by active quarter-end evidence, exchange, and plain common-stock symbol",2010|NYSE|wholesale_trade,124,1,0.0080645161,124.0000000000,20260916
CIK0000709804,AVS130DE38A077952E7,0000709804,Steel Excel Inc,SXCL,NASDAQ,1389,mining,2010Q4,us,DE,2006-12-28,2019-12-31,Alpha Vantage listing interval,resolved_cik,True,2,"ranked by active quarter-end evidence, exchange, and plain common-stock symbol",2010|NASDAQ|mining,162,1,0.0061728395,162.0000000000,20260916
CIK0000866729,AVS75D4288F5B56E00C,0000866729,Scholastic Corp,SCHL,NASDAQ,2731,manufacturing,2010Q4,us,DE,1992-02-25,2019-12-31,Alpha Vantage listing interval,resolved_cik,True,1,only eligible resolved security,2010|NASDAQ|manufacturing,2642,14,0.0052990159,188.7142857143,20260916
CIK0000874761,AVS2B93B48022B8DF80,0000874761,AES Corp,AES,NYSE,4991,transportation_communications_utilities,2010Q4,us,DE,1991-06-26,2019-12-31,Alpha Vantage listing interval,resolved_cik,True,1,only eligible resolved security,2010|NYSE|transportation_communications_utilities,589,3,0.0050933786,196.3333333333,20260916
CIK0001001171,AVS4945CE87FBDED8DF,0001001171,Broadway Financial Corp,BYFC,NASDAQ,6035,finance_insurance_real_estate,2010Q4,us,DE,1996-01-09,2019-12-31,Alpha Vantage listing interval,resolved_cik,True,1,only eligible resolved security,2010|NASDAQ|finance_insurance_real_estate,1668,9,0.0053956835,185.3333333333,20260916
CIK0001105982,AVS7223EC3E0ECDC26C,0001105982,OTIX GLOBAL INC.,OTIX,NASDAQ,3842,manufacturing,2010Q4,us,DE,2001-01-02,2010-12-10,Alpha Vantage listing interval,resolved_cik,False,2,"ranked by active quarter-end evidence, exchange, and plain common-stock symbol",2010|NASDAQ|manufacturing,2642,14,0.0052990159,188.7142857143,20260916
CIK0001133311,AVS04F1C8603D2A318A,0001133311,Travelzoo,TZOO,NASDAQ,7310,services,2010Q4,us,DE,2002-08-28,2019-12-31,Alpha Vantage listing interval,resolved_cik,True,1,only eligible resolved security,2010|NASDAQ|services,1117,6,0.0053715309,186.1666666667,20260916
CIK0001137774,AVS64008F64C61A9E09,0001137774,Prudential Financial Inc,PFH,NYSE,6311,finance_insurance_real_estate,2010Q4,us,NJ,1999-04-05,2019-12-31,Alpha Vantage listing interval,resolved_cik,True,2,"ranked by active quarter-end evidence, exchange, and plain common-stock symbol",2010|NYSE|finance_insurance_real_estate,1346,7,0.0052005944,192.2857142857,20260916
CIK0001176309,AVSED7B9C19121E3643,0001176309,Oramed Pharmaceuticals Inc,ORMP,NASDAQ,2834,manufacturing,2010Q4,us,DE,2006-04-21,2019-12-31,Alpha Vantage listing interval,resolved_cik,True,1,only eligible resolved security,2010|NASDAQ|manufacturing,2642,14,0.0052990159,188.7142857143,20260916
CIK0001223786,AVSE16DD2EAF1CC95D4,0001223786,NuStar GP Holdings LLC,NSH,NYSE,4610,transportation_communications_utilities,2010Q4,us,DE,2006-07-14,2019-12-31,Alpha Vantage listing interval,resolved_cik,True,2,"ranked by active quarter-end evidence, exchange, and plain common-stock symbol",2010|NYSE|transportation_communications_utilities,589,3,0.0050933786,196.3333333333,20260916
CIK0001224370,AVS0F0F3D6946093E48,0001224370,Mindspeed Technologies Inc,MSPD,NASDAQ,3674,manufacturing,2010Q4,us,DE,2006-12-28,2019-12-31,Alpha Vantage listing interval,resolved_cik,True,2,"ranked by active quarter-end evidence, exchange, and plain common-stock symbol",2010|NASDAQ|manufacturing,2642,14,0.0052990159,188.7142857143,20260916
CIK0001267332,AVS5A29F55041E5C60D,0001267332,Merrill Lynch Depositor Inc,IPB,NYSE,6189,finance_insurance_real_estate,2010Q4,us,DE,2004-01-20,2019-12-31,Alpha Vantage listing interval,resolved_cik,True,1,only eligible resolved security,2010|NYSE|finance_insurance_real_estate,1346,7,0.0052005944,192.2857142857,20260916
CIK0001378590,AVS5F52849589FF9CA4,0001378590,Bridgeline Digital Inc,BLIN,NASDAQ,7372,services,2010Q4,us,DE,2007-06-29,2019-12-31,Alpha Vantage listing interval,resolved_cik,True,1,only eligible resolved security,2010|NASDAQ|services,1117,6,0.0053715309,186.1666666667,20260916
CIK0001389050,AVSE1E89FBCC1E8A94E,0001389050,Exterran Holdings Inc,EXH,NYSE,4922,transportation_communications_utilities,2010Q4,us,,2007-08-21,2019-12-31,Alpha Vantage listing interval,resolved_cik,True,2,"ranked by active quarter-end evidence, exchange, and plain common-stock symbol",2010|NYSE|transportation_communications_utilities,589,3,0.0050933786,196.3333333333,20260916
CIK0001390478,AVS33638086E113753C,0001390478,Galena Biopharma Inc,GALE,NASDAQ,2834,manufacturing,2010Q4,us,DE,2008-03-12,2019-12-31,Alpha Vantage listing interval,resolved_cik,True,2,"ranked by active quarter-end evidence, exchange, and plain common-stock symbol",2010|NASDAQ|manufacturing,2642,14,0.0052990159,188.7142857143,20260916
CIK0000023197,AVS0C3B197971B44278,0000023197,Comtech Telecommunications Corp,CMTL,NASDAQ,3663,manufacturing,2011Q1,us,DE,1992-02-18,2019-12-31,Alpha Vantage listing interval,resolved_cik,True,1,only eligible resolved security,2011|NASDAQ|manufacturing,2750,15,0.0054545455,183.3333333333,20260916
CIK0000033769,AVS5DAC2C1CB81B2613,0000033769,Bob Evans Farms Inc,BOBE,NASDAQ,5812,retail_trade,2011Q1,us,DE,1984-09-05,2019-12-31,Alpha Vantage listing interval,resolved_cik,True,2,"ranked by active quarter-end evidence, exchange, and plain common-stock symbol",2011|NASDAQ|retail_trade,336,2,0.0059523810,168.0000000000,20260916
CIK0000708955,AVSEF84929DED373003,0000708955,First Financial Bancorp,FFBC,NASDAQ,6021,finance_insurance_real_estate,2011Q1,us,OH,1990-03-26,2019-12-31,Alpha Vantage listing interval,resolved_cik,True,1,only eligible resolved security,2011|NASDAQ|finance_insurance_real_estate,1715,9,0.0052478134,190.5555555556,20260916
CIK0000719209,AVS90057B9C9A4F88E7,0000719209,Isramco Inc,ISRL,NASDAQ,1311,mining,2011Q1,us,DE,1995-08-18,2019-12-31,Alpha Vantage listing interval,resolved_cik,True,2,"ranked by active quarter-end evidence, exchange, and plain common-stock symbol",2011|NASDAQ|mining,173,1,0.0057803468,173.0000000000,20260916
CIK0000722392,AVSDCBE3A85037D3452,0000722392,Planar Systems Inc,PLNR,NASDAQ,3679,manufacturing,2011Q1,us,OR,1993-12-16,2019-12-31,Alpha Vantage listing interval,resolved_cik,True,2,"ranked by active quarter-end evidence, exchange, and plain common-stock symbol",2011|NASDAQ|manufacturing,2750,15,0.0054545455,183.3333333333,20260916
CIK0000731012,AVS643DB190A629AA64,0000731012,Healthcare Services Group Inc,HCSG,NASDAQ,8050,services,2011Q1,us,PA,1990-03-26,2019-12-31,Alpha Vantage listing interval,resolved_cik,True,1,only eligible resolved security,2011|NASDAQ|services,1190,6,0.0050420168,198.3333333333,20260916
CIK0000861459,AVS29D6F36FF007E644,0000861459,Granite Construction Inc,GVA,NYSE,1600,construction,2011Q1,us,DE,1992-02-25,2019-12-31,Alpha Vantage listing interval,resolved_cik,True,1,only eligible resolved security,2011|NYSE|construction,124,1,0.0080645161,124.0000000000,20260916
CIK0000868271,AVSAB56BFED116F52DC,0000868271,Severn Bancorp Inc,SVBI,NASDAQ,6021,finance_insurance_real_estate,2011Q1,us,MD,2001-01-02,2019-12-31,Alpha Vantage listing interval,resolved_cik,True,1,only eligible resolved security,2011|NASDAQ|finance_insurance_real_estate,1715,9,0.0052478134,190.5555555556,20260916
CIK0000868611,AVS5C10E3F6A091A963,0000868611,Sonic Corp,SONC,NASDAQ,5812,retail_trade,2011Q1,us,DE,1991-02-28,2019-12-31,Alpha Vantage listing interval,resolved_cik,True,2,"ranked by active quarter-end evidence, exchange, and plain common-stock symbol",2011|NASDAQ|retail_trade,336,2,0.0059523810,168.0000000000,20260916
CIK0000899751,AVS36112CD4CD27B6DF,0000899751,Titan International Inc,TWI,NYSE,3312,manufacturing,2011Q1,us,IL,1993-05-20,2019-12-31,Alpha Vantage listing interval,resolved_cik,True,1,only eligible resolved security,2011|NYSE|manufacturing,1805,10,0.0055401662,180.5000000000,20260916
CIK0001022469,AVS3D4D97B0E5F7B8B6,0001022469,Deltic Timber Corp,DEL,NYSE,2421,manufacturing,2011Q1,us,DE,1996-12-12,2019-12-31,Alpha Vantage listing interval,resolved_cik,True,2,"ranked by active quarter-end evidence, exchange, and plain common-stock symbol",2011|NYSE|manufacturing,1805,10,0.0055401662,180.5000000000,20260916
CIK0001053532,AVSB099031FC50A1283,0001053532,LaSalle Hotel Properties,LHO,NYSE,6798,finance_insurance_real_estate,2011Q1,us,MD,1998-04-24,2019-12-31,Alpha Vantage listing interval,resolved_cik,True,2,"ranked by active quarter-end evidence, exchange, and plain common-stock symbol",2011|NYSE|finance_insurance_real_estate,1419,8,0.0056377731,177.3750000000,20260916
CIK0001089872,AVSC4FC4AAF9E8D8943,0001089872,Gaia Inc - Class A,GAIA,NASDAQ,7812,services,2011Q1,us,CO,1999-10-29,2019-12-31,Alpha Vantage listing interval,resolved_cik,True,1,only eligible resolved security,2011|NASDAQ|services,1190,6,0.0050420168,198.3333333333,20260916
CIK0001095565,AVS5136367AC97656A1,0001095565,Healthstream Inc,HSTM,NASDAQ,7370,services,2011Q1,us,TN,2000-04-11,2019-12-31,Alpha Vantage listing interval,resolved_cik,True,1,only eligible resolved security,2011|NASDAQ|services,1190,6,0.0050420168,198.3333333333,20260916
CIK0001126741,AVSF249D1427F3CB62F,0001126741,GSI Technology Inc,GSIT,NASDAQ,3674,manufacturing,2011Q1,us,DE,2007-03-29,2019-12-31,Alpha Vantage listing interval,resolved_cik,True,1,only eligible resolved security,2011|NASDAQ|manufacturing,2750,15,0.0054545455,183.3333333333,20260916
CIK0001298675,AVS39C0FFCF32A33721,0001298675,CubeSmart,CUBE,NYSE,6798,finance_insurance_real_estate,2011Q1,us,MD,2004-10-22,2019-12-31,Alpha Vantage listing interval,resolved_cik,True,1,only eligible resolved security,2011|NYSE|finance_insurance_real_estate,1419,8,0.0056377731,177.3750000000,20260916
CIK0001419521,AVSC80CE88AAA2DD3CC,0001419521,Hatteras Financial Corp,HTS,NYSE,6798,finance_insurance_real_estate,2011Q1,us,,2008-04-29,2019-12-31,Alpha Vantage listing interval,resolved_cik,True,2,"ranked by active quarter-end evidence, exchange, and plain common-stock symbol",2011|NYSE|finance_insurance_real_estate,1419,8,0.0056377731,177.3750000000,20260916
CIK0001442236,AVS07C0B35D77ED76CC,0001442236,Quest Resource Holding Corp,QRHC,NASDAQ,4953,transportation_communications_utilities,2011Q1,us,NV,2010-01-05,2019-12-31,Alpha Vantage listing interval,resolved_cik,True,1,only eligible resolved security,2011|NASDAQ|transportation_communications_utilities,446,2,0.0044843049,223.0000000000,20260916
CIK0000074303,AVS58F12DB2ECD1CB1C,0000074303,Olin Corp,OLN,NYSE,2800,manufacturing,2011Q2,us,VA,1987-12-30,2019-12-31,Alpha Vantage listing interval,resolved_cik,True,1,only eligible resolved security,2011|NYSE|manufacturing,1805,10,0.0055401662,180.5000000000,20260916
CIK0000101382,AVS0F38D7ACF0185C7D,0000101382,UMB Financial Corp,UMBF,NASDAQ,6021,finance_insurance_real_estate,2011Q2,us,MO,1990-03-27,2019-12-31,Alpha Vantage listing interval,resolved_cik,True,1,only eligible resolved security,2011|NASDAQ|finance_insurance_real_estate,1715,9,0.0052478134,190.5555555556,20260916
CIK0000104897,AVSB859ED8F0EB47574,0000104897,WSI Industries Inc,WSCI,NASDAQ,3540,manufacturing,2011Q2,us,MN,1990-03-27,2019-12-31,Alpha Vantage listing interval,resolved_cik,True,2,"ranked by active quarter-end evidence, exchange, and plain common-stock symbol",2011|NASDAQ|manufacturing,2750,15,0.0054545455,183.3333333333,20260916
CIK0000714256,AVS4C6CF3D293F16314,0000714256,Sanara MedTech Inc,SMTI,NASDAQ,3842,manufacturing,2011Q2,us,TX,2011-02-22,2019-12-31,Alpha Vantage listing interval,resolved_cik,True,1,only eligible resolved security,2011|NASDAQ|manufacturing,2750,15,0.0054545455,183.3333333333,20260916
CIK0000849146,AVSDA4297C82C522E3A,0000849146,Lifevantage Corporation,LFVN,NASDAQ,2834,manufacturing,2011Q2,us,,2004-10-05,2019-12-31,Alpha Vantage listing interval,resolved_cik,True,1,only eligible resolved security,2011|NASDAQ|manufacturing,2750,15,0.0054545455,183.3333333333,20260916
CIK0000872912,AVS63FAC84B5ED91591,0000872912,Delcath Systems Inc,DCTH,NASDAQ,3841,manufacturing,2011Q2,us,DE,2002-05-02,2019-12-31,Alpha Vantage listing interval,resolved_cik,True,1,only eligible resolved security,2011|NASDAQ|manufacturing,2750,15,0.0054545455,183.3333333333,20260916
CIK0000886346,AVSD92DC8A8885DCB2B,0000886346,Kadant Inc,KAI,NYSE,3550,manufacturing,2011Q2,us,DE,1992-11-03,2019-12-31,Alpha Vantage listing interval,resolved_cik,True,1,only eligible resolved security,2011|NYSE|manufacturing,1805,10,0.0055401662,180.5000000000,20260916
CIK0001104188,AVSE35A3F75224089D4,0001104188,Sohu.com Ltd,SOHU,NASDAQ,7374,services,2011Q2,us,DE,2000-07-12,2019-12-31,Alpha Vantage listing interval,resolved_cik,True,1,only eligible resolved security,2011|NASDAQ|services,1190,6,0.0050420168,198.3333333333,20260916
CIK0001195933,AVS7C1C838707F9935F,0001195933,Infinity Property and Casualty Corp,IPCC,NASDAQ,6331,finance_insurance_real_estate,2011Q2,us,OH,2003-02-12,2019-12-31,Alpha Vantage listing interval,resolved_cik,True,2,"ranked by active quarter-end evidence, exchange, and plain common-stock symbol",2011|NASDAQ|finance_insurance_real_estate,1715,9,0.0052478134,190.5555555556,20260916
CIK0001302177,AVS729571064B939394,0001302177,Pokertek Inc,PTEK,NASDAQ,3990,manufacturing,2011Q2,us,NC,2005-10-14,2019-12-31,Alpha Vantage listing interval,resolved_cik,True,2,"ranked by active quarter-end evidence, exchange, and plain common-stock symbol",2011|NASDAQ|manufacturing,2750,15,0.0054545455,183.3333333333,20260916
CIK0001373988,AVS0517E6F5E8EE6E05,0001373988,Essex Rental Corp,ESSX,NASDAQ,7350,services,2011Q2,us,IL,2007-03-27,2019-12-31,Alpha Vantage listing interval,resolved_cik,True,2,"ranked by active quarter-end evidence, exchange, and plain common-stock symbol",2011|NASDAQ|services,1190,6,0.0050420168,198.3333333333,20260916
CIK0001375247,AVS4155864C07E10EEB,0001375247,Obagi Medical Products Inc,OMPI,NASDAQ,2834,manufacturing,2011Q2,us,DE,2006-12-28,2019-12-31,Alpha Vantage listing interval,resolved_cik,True,2,"ranked by active quarter-end evidence, exchange, and plain common-stock symbol",2011|NASDAQ|manufacturing,2750,15,0.0054545455,183.3333333333,20260916
CIK0001377789,AVS50644F16D8F38D79,0001377789,Aviat Networks Inc,AVNW,NASDAQ,3663,manufacturing,2011Q2,us,DE,1991-02-07,2019-12-31,Alpha Vantage listing interval,resolved_cik,True,1,only eligible resolved security,2011|NASDAQ|manufacturing,2750,15,0.0054545455,183.3333333333,20260916
CIK0001383312,AVS47A3F28D13C52563,0001383312,Broadridge Financial Solutions Inc,BR,NYSE,7389,services,2011Q2,us,DE,2007-04-02,2019-12-31,Alpha Vantage listing interval,resolved_cik,True,1,only eligible resolved security,2011|NYSE|services,603,3,0.0049751244,201.0000000000,20260916
CIK0001422892,AVSDB191679AB030BAF,0001422892,Singularity Future Technology Ltd,SGLY,NASDAQ,4731,transportation_communications_utilities,2011Q2,us,,2008-05-21,2019-12-31,Alpha Vantage listing interval,resolved_cik,True,1,only eligible resolved security,2011|NASDAQ|transportation_communications_utilities,446,2,0.0044843049,223.0000000000,20260916
CIK0000056047,AVSE6F1808C87978FDE,0000056047,Kirby Corp,KEX,NYSE,4400,transportation_communications_utilities,2011Q3,us,NV,1991-08-21,2019-12-31,Alpha Vantage listing interval,resolved_cik,True,1,only eligible resolved security,2011|NYSE|transportation_communications_utilities,619,3,0.0048465267,206.3333333333,20260916
CIK0000060751,AVS846002AEDA58DD25,0000060751,LUBRIZOL Corp,LZ,NYSE,2860,manufacturing,2011Q3,us,OH,2001-01-02,2019-12-31,Alpha Vantage listing interval,resolved_cik,True,2,"ranked by active quarter-end evidence, exchange, and plain common-stock symbol",2011|NYSE|manufacturing,1805,10,0.0055401662,180.5000000000,20260916
CIK0000310764,AVSE3ABB82EE2D2E95D,0000310764,Stryker Corp,SYK,NYSE,3841,manufacturing,2011Q3,us,MI,1988-02-01,2019-12-31,Alpha Vantage listing interval,resolved_cik,True,1,only eligible resolved security,2011|NYSE|manufacturing,1805,10,0.0055401662,180.5000000000,20260916
CIK0000350737,AVS1E11FD52509DB028,0000350737,Ocean Bio-Chem Inc,OBCI,NASDAQ,2842,manufacturing,2011Q3,us,FL,1995-07-13,2019-12-31,Alpha Vantage listing interval,resolved_cik,True,1,only eligible resolved security,2011|NASDAQ|manufacturing,2750,15,0.0054545455,183.3333333333,20260916
CIK0000712034,AVS65160213DCD8A972,0000712034,Acco Brands Corporation,ACCO,NYSE,2780,manufacturing,2011Q3,us,DE,2005-08-17,2019-12-31,Alpha Vantage listing interval,resolved_cik,True,1,only eligible resolved security,2011|NYSE|manufacturing,1805,10,0.0055401662,180.5000000000,20260916
CIK0000778734,AVSC37F581AE48313D5,0000778734,Measurement Specialties Inc,MEAS,NASDAQ,3829,manufacturing,2011Q3,us,NJ,1993-04-26,2019-12-31,Alpha Vantage listing interval,resolved_cik,True,2,"ranked by active quarter-end evidence, exchange, and plain common-stock symbol",2011|NASDAQ|manufacturing,2750,15,0.0054545455,183.3333333333,20260916
CIK0000785161,AVSCC702659B9C42261,0000785161,HEALTHSOUTH Corp,HLS,NYSE,8060,services,2011Q3,us,DE,1989-09-13,2019-12-31,Alpha Vantage listing interval,resolved_cik,True,2,"ranked by active quarter-end evidence, exchange, and plain common-stock symbol",2011|NYSE|services,603,3,0.0049751244,201.0000000000,20260916
CIK0000821026,AVS562D0D35CF35D364,0000821026,Andersons Inc,ANDE,NASDAQ,5150,wholesale_trade,2011Q3,us,OH,1996-02-20,2019-12-31,Alpha Vantage listing interval,resolved_cik,True,1,only eligible resolved security,2011|NASDAQ|wholesale_trade,168,1,0.0059523810,168.0000000000,20260916
CIK0000845289,AVS22DACBDC86FDB629,0000845289,Harvest Natural Resources Inc,HNR,NYSE,1311,mining,2011Q3,us,DE,1989-11-07,2019-12-31,Alpha Vantage listing interval,resolved_cik,True,2,"ranked by active quarter-end evidence, exchange, and plain common-stock symbol",2011|NYSE|mining,384,2,0.0052083333,192.0000000000,20260916
CIK0000867374,AVS87A0517416EA4FE4,0000867374,Electronics For Imaging Inc,EFII,NASDAQ,3576,manufacturing,2011Q3,us,DE,1992-10-02,2019-12-31,Alpha Vantage listing interval,resolved_cik,True,2,"ranked by active quarter-end evidence, exchange, and plain common-stock symbol",2011|NASDAQ|manufacturing,2750,15,0.0054545455,183.3333333333,20260916
CIK0000934648,AVS4CD7FB4EFE4B92F2,0000934648,Speedway Motorsports Inc,TRK,NYSE,7948,services,2011Q3,us,DE,1995-02-24,2019-12-31,Alpha Vantage listing interval,resolved_cik,True,2,"ranked by active quarter-end evidence, exchange, and plain common-stock symbol",2011|NYSE|services,603,3,0.0049751244,201.0000000000,20260916
CIK0001023128,AVS3BB0512CE96F8CAA,0001023128,Lithia Motors Inc - Class A,LAD,NYSE,5500,retail_trade,2011Q3,us,OR,1996-12-18,2019-12-31,Alpha Vantage listing interval,resolved_cik,True,1,only eligible resolved security,2011|NYSE|retail_trade,305,2,0.0065573770,152.5000000000,20260916
CIK0001057060,AVS5FA7B3906D675D1B,0001057060,Marinemax Inc,HZO,NYSE,5531,retail_trade,2011Q3,us,DE,1998-06-03,2019-12-31,Alpha Vantage listing interval,resolved_cik,True,1,only eligible resolved security,2011|NYSE|retail_trade,305,2,0.0065573770,152.5000000000,20260916
CIK0001196298,AVS024252D5E1E279A2,0001196298,Nephros Inc,NEPH,NASDAQ,3841,manufacturing,2011Q3,us,DE,2009-01-22,2019-12-31,Alpha Vantage listing interval,resolved_cik,True,1,only eligible resolved security,2011|NASDAQ|manufacturing,2750,15,0.0054545455,183.3333333333,20260916
CIK0001228454,AVS98D922049A2F3A67,0001228454,BCB Bancorp Inc (NJ),BCBP,NASDAQ,6035,finance_insurance_real_estate,2011Q3,us,NJ,2003-10-15,2019-12-31,Alpha Vantage listing interval,resolved_cik,True,1,only eligible resolved security,2011|NASDAQ|finance_insurance_real_estate,1715,9,0.0052478134,190.5555555556,20260916
CIK0001259429,AVSFDBE361A9EBC68F6,0001259429,TICC Capital Corp,TICC,NASDAQ,,unknown,2011Q3,us,MD,2003-11-24,2019-12-31,Alpha Vantage listing interval,resolved_cik,True,2,"ranked by active quarter-end evidence, exchange, and plain common-stock symbol",2011|NASDAQ|unknown,94,1,0.0106382979,94.0000000000,20260916
CIK0001280058,AVS067F5A66B59AA962,0001280058,Blackbaud Inc,BLKB,NASDAQ,7372,services,2011Q3,us,DE,2004-07-26,2019-12-31,Alpha Vantage listing interval,resolved_cik,True,1,only eligible resolved security,2011|NASDAQ|services,1190,6,0.0050420168,198.3333333333,20260916
CIK0001286043,AVSDAEA829E6CEA712C,0001286043,Kite Realty Group Trust,KRG,NYSE,6798,finance_insurance_real_estate,2011Q3,us,MD,2004-08-11,2019-12-31,Alpha Vantage listing interval,resolved_cik,True,1,only eligible resolved security,2011|NYSE|finance_insurance_real_estate,1419,8,0.0056377731,177.3750000000,20260916
CIK0001308547,AVSA24517D29239C731,0001308547,Dolby Laboratories Inc - Class A,DLB,NYSE,6794,finance_insurance_real_estate,2011Q3,us,DE,2005-02-17,2019-12-31,Alpha Vantage listing interval,resolved_cik,True,1,only eligible resolved security,2011|NYSE|finance_insurance_real_estate,1419,8,0.0056377731,177.3750000000,20260916
CIK0001325670,AVSFAB42384023BE988,0001325670,Primis Financial Corp,FRST,NASDAQ,6022,finance_insurance_real_estate,2011Q3,us,VA,2006-11-01,2019-12-31,Alpha Vantage listing interval,resolved_cik,True,1,only eligible resolved security,2011|NASDAQ|finance_insurance_real_estate,1715,9,0.0052478134,190.5555555556,20260916
CIK0001404296,AVS7D2758B541C81496,0001404296,Atlantic Coast Financial Corp,ACFC,NASDAQ,6035,finance_insurance_real_estate,2011Q3,us,,2004-10-05,2019-12-31,Alpha Vantage listing interval,resolved_cik,True,2,"ranked by active quarter-end evidence, exchange, and plain common-stock symbol",2011|NASDAQ|finance_insurance_real_estate,1715,9,0.0052478134,190.5555555556,20260916
CIK0001467027,AVS3371045112C00FE1,0001467027,Crexus Investment Corp,CXS,NYSE,6798,finance_insurance_real_estate,2011Q3,us,MD,2009-09-17,2019-12-31,Alpha Vantage listing interval,resolved_cik,True,2,"ranked by active quarter-end evidence, exchange, and plain common-stock symbol",2011|NYSE|finance_insurance_real_estate,1419,8,0.0056377731,177.3750000000,20260916
CIK0001485469,AVSF0525AD4EECFD2C5,0001485469,Tower International Inc,TOWR,NYSE,3714,manufacturing,2011Q3,us,DE,2010-10-15,2019-12-31,Alpha Vantage listing interval,resolved_cik,True,2,"ranked by active quarter-end evidence, exchange, and plain common-stock symbol",2011|NYSE|manufacturing,1805,10,0.0055401662,180.5000000000,20260916
CIK0000014693,AVS678515F7E8F6FB2B,0000014693,Brown-Forman Corp - Class A,BF-A,NYSE,2080,manufacturing,2011Q4,us,DE,1973-05-03,2019-12-31,Alpha Vantage listing interval,resolved_cik,True,2,"ranked by active quarter-end evidence, exchange, and plain common-stock symbol",2011|NYSE|manufacturing,1805,10,0.0055401662,180.5000000000,20260916
CIK0000711669,AVSDB51C807BE357FA6,0000711669,Colony Bankcorp Inc,CBAN,NYSE,6022,finance_insurance_real_estate,2011Q4,us,GA,1998-04-02,2019-12-31,Alpha Vantage listing interval,resolved_cik,True,1,only eligible resolved security,2011|NYSE|finance_insurance_real_estate,1419,8,0.0056377731,177.3750000000,20260916
CIK0000712034,AVS65160213DCD8A972,0000712034,Acco Brands Corporation,ACCO,NYSE,2780,manufacturing,2011Q4,us,DE,2005-08-17,2019-12-31,Alpha Vantage listing interval,resolved_cik,True,1,only eligible resolved security,2011|NYSE|manufacturing,1805,10,0.0055401662,180.5000000000,20260916
CIK0000742278,AVSB03C0CCBC7F3C2C2,0000742278,RPC Inc,RES,NYSE,1389,mining,2011Q4,us,,1987-12-30,2019-12-31,Alpha Vantage listing interval,resolved_cik,True,1,only eligible resolved security,2011|NYSE|mining,384,2,0.0052083333,192.0000000000,20260916
CIK0000793524,AVSAF6A61870482942C,0000793524,Research Frontiers Inc,REFR,NASDAQ,6794,finance_insurance_real_estate,2011Q4,us,DE,1993-12-20,2019-12-31,Alpha Vantage listing interval,resolved_cik,True,1,only eligible resolved security,2011|NASDAQ|finance_insurance_real_estate,1715,9,0.0052478134,190.5555555556,20260916
CIK0000945114,AVSC28339D606C9418A,0000945114,Global Industrial Company,GIC,NYSE,5084,wholesale_trade,2011Q4,us,DE,1995-06-27,2019-12-31,Alpha Vantage listing interval,resolved_cik,True,1,only eligible resolved security,2011|NYSE|wholesale_trade,130,1,0.0076923077,130.0000000000,20260916
CIK0001057706,AVSF4BF8FF23E10F149,0001057706,First Bancorp PR,FBP,NYSE,6022,finance_insurance_real_estate,2011Q4,us,PR,1992-02-25,2019-12-31,Alpha Vantage listing interval,resolved_cik,True,1,only eligible resolved security,2011|NYSE|finance_insurance_real_estate,1419,8,0.0056377731,177.3750000000,20260916
CIK0001075607,AVS35CC173725990D5F,0001075607,TC Pipelines LP,TCP,NYSE,4922,transportation_communications_utilities,2011Q4,us,DE,1999-05-25,2019-12-31,Alpha Vantage listing interval,resolved_cik,True,1,only eligible resolved security,2011|NYSE|transportation_communications_utilities,619,3,0.0048465267,206.3333333333,20260916
CIK0001095981,AVS72731D15FB76F218,0001095981,Cerenome Inc,CNSY,NASDAQ,3841,manufacturing,2011Q4,us,DE,2000-11-16,2019-12-31,Alpha Vantage listing interval,resolved_cik,True,1,only eligible resolved security,2011|NASDAQ|manufacturing,2750,15,0.0054545455,183.3333333333,20260916
CIK0001157647,AVS5B0022546B190C1B,0001157647,Westfield Financial Inc,WFD,NASDAQ,6035,finance_insurance_real_estate,2011Q4,us,MA,2001-12-28,2019-12-31,Alpha Vantage listing interval,resolved_cik,True,3,"ranked by active quarter-end evidence, exchange, and plain common-stock symbol",2011|NASDAQ|finance_insurance_real_estate,1715,9,0.0052478134,190.5555555556,20260916
CIK0001406666,AVS2765E74AB316EFFA,0001406666,Calix Inc,CALX,NYSE,4899,transportation_communications_utilities,2011Q4,us,,2010-03-24,2019-12-31,Alpha Vantage listing interval,resolved_cik,True,1,only eligible resolved security,2011|NYSE|transportation_communications_utilities,619,3,0.0048465267,206.3333333333,20260916
CIK0000061478,AVSE7B0AFF449281F40,0000061478,ADC TELECOMMUNICATIONS INC,ADCT,NYSE,3661,manufacturing,2012Q1,us,MN,2001-01-02,2019-12-31,Alpha Vantage listing interval,resolved_cik,False,1,only eligible resolved security,2012|NYSE|manufacturing,1871,10,0.0053447354,187.1000000000,20260916
CIK0000742278,AVSB03C0CCBC7F3C2C2,0000742278,RPC Inc,RES,NYSE,1389,mining,2012Q1,us,,1987-12-30,2019-12-31,Alpha Vantage listing interval,resolved_cik,True,1,only eligible resolved security,2012|NYSE|mining,413,2,0.0048426150,206.5000000000,20260916
CIK0000755001,AVSE70673DC3BA452D8,0000755001,Unitil Corp,UTL,NYSE,4931,transportation_communications_utilities,2012Q1,us,NH,1992-03-17,2019-12-31,Alpha Vantage listing interval,resolved_cik,True,1,only eligible resolved security,2012|NYSE|transportation_communications_utilities,642,3,0.0046728972,214.0000000000,20260916
CIK0000898173,AVS512E9BF8B381B77A,0000898173,O`Reilly Automotive Inc,ORLY,NASDAQ,5531,retail_trade,2012Q1,us,,1993-04-23,2019-12-31,Alpha Vantage listing interval,resolved_cik,True,1,only eligible resolved security,2012|NASDAQ|retail_trade,362,2,0.0055248619,181.0000000000,20260916
CIK0000911583,AVSEB8FDBE1D6023DD3,0000911583,Steinway Musical Instruments Inc,LVB,NYSE,3931,manufacturing,2012Q1,us,DE,2006-12-28,2019-12-31,Alpha Vantage listing interval,resolved_cik,True,2,"ranked by active quarter-end evidence, exchange, and plain common-stock symbol",2012|NYSE|manufacturing,1871,10,0.0053447354,187.1000000000,20260916
CIK0000918541,AVS23769CBBA304AC98,0000918541,NN Inc,NNBR,NASDAQ,3540,manufacturing,2012Q1,us,DE,1994-03-15,2019-12-31,Alpha Vantage listing interval,resolved_cik,True,1,only eligible resolved security,2012|NASDAQ|manufacturing,2897,15,0.0051777701,193.1333333333,20260916
CIK0001002047,AVS9156F0B02C122D1B,0001002047,Netapp Inc,NTAP,NASDAQ,3572,manufacturing,2012Q1,us,CA,1995-11-21,2019-12-31,Alpha Vantage listing interval,resolved_cik,True,1,only eligible resolved security,2012|NASDAQ|manufacturing,2897,15,0.0051777701,193.1333333333,20260916
CIK0001023024,AVS8F6AF0547B350DAE,0001023024,ANI Pharmaceuticals Inc,ANIP,NASDAQ,2834,manufacturing,2012Q1,us,DE,2000-05-05,2019-12-31,Alpha Vantage listing interval,resolved_cik,True,1,only eligible resolved security,2012|NASDAQ|manufacturing,2897,15,0.0051777701,193.1333333333,20260916
CIK0001051343,AVS91427B8EB53825DC,0001051343,Community West Bancshares,CWBC,NASDAQ,6022,finance_insurance_real_estate,2012Q1,us,CA,1996-11-19,2019-12-31,Alpha Vantage listing interval,resolved_cik,True,2,"ranked by active quarter-end evidence, exchange, and plain common-stock symbol",2012|NASDAQ|finance_insurance_real_estate,1769,9,0.0050876201,196.5555555556,20260916
CIK0001104506,AVS673BD9E074E5BA44,0001104506,Insmed Inc,INSM,NASDAQ,2834,manufacturing,2012Q1,us,VA,2000-06-01,2019-12-31,Alpha Vantage listing interval,resolved_cik,True,1,only eligible resolved security,2012|NASDAQ|manufacturing,2897,15,0.0051777701,193.1333333333,20260916
CIK0001172358,AVS5410B778A7737933,0001172358,Dorchester Minerals LP,DMLP,NASDAQ,1311,mining,2012Q1,us,DE,2003-02-03,2019-12-31,Alpha Vantage listing interval,resolved_cik,True,1,only eligible resolved security,2012|NASDAQ|mining,182,1,0.0054945055,182.0000000000,20260916
CIK0001219601,AVS8DC78EB3FD928521,0001219601,Crown Holdings Inc,CCK,NYSE,3411,manufacturing,2012Q1,us,PA,1984-12-18,2019-12-31,Alpha Vantage listing interval,resolved_cik,True,1,only eligible resolved security,2012|NYSE|manufacturing,1871,10,0.0053447354,187.1000000000,20260916
CIK0001393883,AVSD48148CE1D8AEEC1,0001393883,DHI Group Inc,DHX,NYSE,7389,services,2012Q1,us,DE,2007-07-26,2019-12-31,Alpha Vantage listing interval,resolved_cik,True,1,only eligible resolved security,2012|NYSE|services,656,4,0.0060975610,164.0000000000,20260916
CIK0001402829,AVS0C8826CE23CD2A6F,0001402829,Orion Group Holdings Inc,ORN,NYSE,1600,construction,2012Q1,us,,2007-12-20,2019-12-31,Alpha Vantage listing interval,resolved_cik,True,1,only eligible resolved security,2012|NYSE|construction,124,1,0.0080645161,124.0000000000,20260916
CIK0001409134,AVS8B13C6AD723734DD,0001409134,OSG America L.P.,OSP,NYSE,4400,transportation_communications_utilities,2012Q1,us,DE,2007-11-09,2019-12-31,Alpha Vantage listing interval,resolved_cik,False,1,only eligible resolved security,2012|NYSE|transportation_communications_utilities,642,3,0.0046728972,214.0000000000,20260916
CIK0001497645,AVS1FBBC97D3083449C,0001497645,Summit Hotel Properties Inc,INN,NYSE,6798,finance_insurance_real_estate,2012Q1,us,MD,2011-02-09,2019-12-31,Alpha Vantage listing interval,resolved_cik,True,1,only eligible resolved security,2012|NYSE|finance_insurance_real_estate,1469,8,0.0054458816,183.6250000000,20260916
CIK0000004127,AVS9A6AF5C5F3C941AC,0000004127,Skyworks Solutions Inc,SWKS,NASDAQ,3674,manufacturing,2012Q2,us,DE,1984-09-07,2019-12-31,Alpha Vantage listing interval,resolved_cik,True,1,only eligible resolved security,2012|NASDAQ|manufacturing,2897,15,0.0051777701,193.1333333333,20260916
CIK0000007039,AVS37DA96982223D547,0000007039,Arabian American Development Company,ARSD,NYSE,2911,manufacturing,2012Q2,us,DE,2006-07-31,2019-12-31,Alpha Vantage listing interval,resolved_cik,True,3,"ranked by active quarter-end evidence, exchange, and plain common-stock symbol",2012|NYSE|manufacturing,1871,10,0.0053447354,187.1000000000,20260916
CIK0000048287,AVSD72A14EA4E79CD63,0000048287,HNI Corp,HNI,NYSE,2522,manufacturing,2012Q2,us,IA,1990-03-26,2019-12-31,Alpha Vantage listing interval,resolved_cik,True,1,only eligible resolved security,2012|NYSE|manufacturing,1871,10,0.0053447354,187.1000000000,20260916
CIK0000066382,AVS315A6105EEA130CD,0000066382,MillerKnoll Inc,MLKN,NASDAQ,2520,manufacturing,2012Q2,us,MI,1990-03-26,2019-12-31,Alpha Vantage listing interval,resolved_cik,True,1,only eligible resolved security,2012|NASDAQ|manufacturing,2897,15,0.0051777701,193.1333333333,20260916
CIK0000096943,AVSC4DB7C54E097DF57,0000096943,Teleflex Incorporated,TFX,NYSE,3841,manufacturing,2012Q2,us,DE,1988-02-18,2019-12-31,Alpha Vantage listing interval,resolved_cik,True,1,only eligible resolved security,2012|NYSE|manufacturing,1871,10,0.0053447354,187.1000000000,20260916
CIK0000317540,AVS22333F37F306BA5F,0000317540,Coca-Cola Consolidated Inc,COKE,NASDAQ,2086,manufacturing,2012Q2,us,DE,1990-03-26,2019-12-31,Alpha Vantage listing interval,resolved_cik,True,1,only eligible resolved security,2012|NASDAQ|manufacturing,2897,15,0.0051777701,193.1333333333,20260916
CIK0000780571,AVS31CD505310B9D850,0000780571,Itron Inc,ITRI,NASDAQ,3825,manufacturing,2012Q2,us,WA,1993-11-05,2019-12-31,Alpha Vantage listing interval,resolved_cik,True,1,only eligible resolved security,2012|NASDAQ|manufacturing,2897,15,0.0051777701,193.1333333333,20260916
CIK0000798528,AVS6B43CA691A003679,0000798528,Odyssey Marine Exploration Inc,OMEX,NASDAQ,4400,transportation_communications_utilities,2012Q2,us,NV,1999-10-26,2019-12-31,Alpha Vantage listing interval,resolved_cik,True,1,only eligible resolved security,2012|NASDAQ|transportation_communications_utilities,454,2,0.0044052863,227.0000000000,20260916
CIK0000863157,AVSBD2FA54581C18CF8,0000863157,PetSmart Inc,PETM,NASDAQ,5990,retail_trade,2012Q2,us,DE,1993-07-23,2019-12-31,Alpha Vantage listing interval,resolved_cik,True,2,"ranked by active quarter-end evidence, exchange, and plain common-stock symbol",2012|NASDAQ|retail_trade,362,2,0.0055248619,181.0000000000,20260916
CIK0000863436,AVSED0E98AC4C3B5496,0000863436,Benchmark Electronics Inc,BHE,NYSE,3672,manufacturing,2012Q2,us,TX,1990-06-28,2019-12-31,Alpha Vantage listing interval,resolved_cik,True,1,only eligible resolved security,2012|NYSE|manufacturing,1871,10,0.0053447354,187.1000000000,20260916
CIK0000883241,AVSE0CAA4FBC25A17A4,0000883241,Synopsys Inc,SNPS,NASDAQ,7372,services,2012Q2,us,DE,1992-02-26,2019-12-31,Alpha Vantage listing interval,resolved_cik,True,1,only eligible resolved security,2012|NASDAQ|services,1250,7,0.0056000000,178.5714285714,20260916
CIK0000911649,AVS8E4587E3FA1C154D,0000911649,Standard Diversified Inc,SDI,NYSE,2100,manufacturing,2012Q2,us,DE,2001-01-02,2019-12-31,Alpha Vantage listing interval,resolved_cik,True,1,only eligible resolved security,2012|NYSE|manufacturing,1871,10,0.0053447354,187.1000000000,20260916
CIK0000944480,AVS50B606C745585D1A,0000944480,GSE Systems Inc,GVP,NASDAQ,7372,services,2012Q2,us,DE,1995-07-27,2019-12-31,Alpha Vantage listing interval,resolved_cik,True,1,only eligible resolved security,2012|NASDAQ|services,1250,7,0.0056000000,178.5714285714,20260916
CIK0001010247,AVS86658D4C646E7CA9,0001010247,FPIC INSURANCE GROUP INC,FPIC,NASDAQ,6331,finance_insurance_real_estate,2012Q2,us,FL,2001-01-02,2019-12-31,Alpha Vantage listing interval,resolved_cik,False,1,only eligible resolved security,2012|NASDAQ|finance_insurance_real_estate,1769,9,0.0050876201,196.5555555556,20260916
CIK0001122904,AVS01927F22E334DCA1,0001122904,Netgear Inc,NTGR,NASDAQ,3576,manufacturing,2012Q2,us,DE,2003-07-31,2019-12-31,Alpha Vantage listing interval,resolved_cik,True,1,only eligible resolved security,2012|NASDAQ|manufacturing,2897,15,0.0051777701,193.1333333333,20260916
CIK0001420720,AVSD9057B2100441671,0001420720,iBio Inc,IBIO,NASDAQ,2834,manufacturing,2012Q2,us,DE,2008-08-19,2019-12-31,Alpha Vantage listing interval,resolved_cik,True,1,only eligible resolved security,2012|NASDAQ|manufacturing,2897,15,0.0051777701,193.1333333333,20260916
CIK0001522420,AVSC73FB4DDA6BC3A1F,0001522420,BSB Bancorp Inc,BLMT,NASDAQ,6022,finance_insurance_real_estate,2012Q2,us,MD,2011-10-05,2019-12-31,Alpha Vantage listing interval,resolved_cik,True,2,"ranked by active quarter-end evidence, exchange, and plain common-stock symbol",2012|NASDAQ|finance_insurance_real_estate,1769,9,0.0050876201,196.5555555556,20260916
CIK0000025232,AVS2C74823A2FF2ABDA,0000025232,Cousins Properties Inc,CUZ,NYSE,6798,finance_insurance_real_estate,2012Q3,us,GA,1990-03-26,2019-12-31,Alpha Vantage listing interval,resolved_cik,True,1,only eligible resolved security,2012|NYSE|finance_insurance_real_estate,1469,8,0.0054458816,183.6250000000,20260916
CIK0000067347,AVSF107B2E52331FA09,0000067347,Modine Manufacturing Company,MOD,NYSE,3714,manufacturing,2012Q3,us,WI,1990-03-26,2019-12-31,Alpha Vantage listing interval,resolved_cik,True,1,only eligible resolved security,2012|NYSE|manufacturing,1871,10,0.0053447354,187.1000000000,20260916
CIK0000351903,AVS3C2B18E6637FD032,0000351903,Epoch Holding Corp,EPHC,NASDAQ,6282,finance_insurance_real_estate,2012Q3,us,DE,2006-12-28,2019-12-31,Alpha Vantage listing interval,resolved_cik,True,2,"ranked by active quarter-end evidence, exchange, and plain common-stock symbol",2012|NASDAQ|finance_insurance_real_estate,1769,9,0.0050876201,196.5555555556,20260916
CIK0000352825,AVS4D215468EF0DFC31,0000352825,L.B. Foster Co. - Class A,FSTR,NASDAQ,5051,wholesale_trade,2012Q3,us,PA,1990-03-26,2019-12-31,Alpha Vantage listing interval,resolved_cik,True,1,only eligible resolved security,2012|NASDAQ|wholesale_trade,173,1,0.0057803468,173.0000000000,20260916
CIK0000712537,AVS66F309FDC22B27AC,0000712537,First Commonwealth Financial Corp,FCF,NYSE,6021,finance_insurance_real_estate,2012Q3,us,PA,1992-06-10,2019-12-31,Alpha Vantage listing interval,resolved_cik,True,1,only eligible resolved security,2012|NYSE|finance_insurance_real_estate,1469,8,0.0054458816,183.6250000000,20260916
CIK0000722392,AVSDCBE3A85037D3452,0000722392,Planar Systems Inc,PLNR,NASDAQ,3679,manufacturing,2012Q3,us,OR,1993-12-16,2019-12-31,Alpha Vantage listing interval,resolved_cik,True,2,"ranked by active quarter-end evidence, exchange, and plain common-stock symbol",2012|NASDAQ|manufacturing,2897,15,0.0051777701,193.1333333333,20260916
CIK0000817135,AVSB4A3E1C526566DA4,0000817135,ALLIANCE HEALTHCARE SERVICES INC,AIQ,NASDAQ,8071,services,2012Q3,us,CA,2001-07-27,2019-12-31,Alpha Vantage listing interval,resolved_cik,True,2,"ranked by active quarter-end evidence, exchange, and plain common-stock symbol",2012|NASDAQ|services,1250,7,0.0056000000,178.5714285714,20260916
CIK0000868857,AVS49F833D16EFF2750,0000868857,AECOM,ACM,NYSE,8711,services,2012Q3,us,DE,2007-05-10,2019-12-31,Alpha Vantage listing interval,resolved_cik,True,1,only eligible resolved security,2012|NYSE|services,656,4,0.0060975610,164.0000000000,20260916
CIK0000885978,AVSE57051EB8B0F4BDD,0000885978,U.S. Physical Therapy Inc,USPH,NYSE,8000,services,2012Q3,us,NV,1992-05-29,2019-12-31,Alpha Vantage listing interval,resolved_cik,True,1,only eligible resolved security,2012|NYSE|services,656,4,0.0060975610,164.0000000000,20260916
CIK0000910108,AVSC24F696C2E0A6AAF,0000910108,LXP Industrial Trust,LXP,NYSE,6798,finance_insurance_real_estate,2012Q3,us,MD,1993-10-22,2019-12-31,Alpha Vantage listing interval,resolved_cik,True,1,only eligible resolved security,2012|NYSE|finance_insurance_real_estate,1469,8,0.0054458816,183.6250000000,20260916
CIK0000912593,AVS5B5F22163121AFEC,0000912593,Sun Communities Inc,SUI,NYSE,6798,finance_insurance_real_estate,2012Q3,us,MD,1993-12-09,2019-12-31,Alpha Vantage listing interval,resolved_cik,True,1,only eligible resolved security,2012|NYSE|finance_insurance_real_estate,1469,8,0.0054458816,183.6250000000,20260916
CIK0001012771,AVSB479CE67ABA1E0C4,0001012771,FBL Financial Group Inc,FFG,NYSE,6311,finance_insurance_real_estate,2012Q3,us,IA,2001-01-02,2019-12-31,Alpha Vantage listing interval,resolved_cik,True,2,"ranked by active quarter-end evidence, exchange, and plain common-stock symbol",2012|NYSE|finance_insurance_real_estate,1469,8,0.0054458816,183.6250000000,20260916
CIK0001060523,AVS7BF2FFC400908681,0001060523,Cardinal Financial Corp,CFNL,NASDAQ,6021,finance_insurance_real_estate,2012Q3,us,VA,1998-07-17,2019-12-31,Alpha Vantage listing interval,resolved_cik,True,2,"ranked by active quarter-end evidence, exchange, and plain common-stock symbol",2012|NASDAQ|finance_insurance_real_estate,1769,9,0.0050876201,196.5555555556,20260916
CIK0001158449,AVS77C83994F08E1AE7,0001158449,Advance Auto Parts Inc,AAP,NYSE,5531,retail_trade,2012Q3,us,DE,2001-11-29,2019-12-31,Alpha Vantage listing interval,resolved_cik,True,1,only eligible resolved security,2012|NYSE|retail_trade,318,2,0.0062893082,159.0000000000,20260916
CIK0001273931,AVSDD20077C670808DF,0001273931,Moneygram International Inc,MGI,NASDAQ,7389,services,2012Q3,us,DE,2004-07-01,2019-12-31,Alpha Vantage listing interval,resolved_cik,True,1,only eligible resolved security,2012|NASDAQ|services,1250,7,0.0056000000,178.5714285714,20260916
CIK0001313730,AVS7366C2343B735E27,0001313730,Atlantic Southern Financial Group Inc,ASFN,NASDAQ,6035,finance_insurance_real_estate,2012Q3,us,,2011-01-31,2019-12-31,Alpha Vantage listing interval,resolved_cik,True,2,"ranked by active quarter-end evidence, exchange, and plain common-stock symbol",2012|NASDAQ|finance_insurance_real_estate,1769,9,0.0050876201,196.5555555556,20260916
CIK0001370755,AVS8883D314C9EC5411,0001370755,BlackRock TCP Capital Corp,TCPC,NASDAQ,,unknown,2012Q3,us,DE,2012-04-04,2019-12-31,Alpha Vantage listing interval,resolved_cik,True,1,only eligible resolved security,2012|NASDAQ|unknown,96,1,0.0104166667,96.0000000000,20260916
CIK0001413507,AVS87DD413ACAEF86EA,0001413507,Synergy Resources Corp,SRCI,NYSE,1311,mining,2012Q3,us,CO,2008-02-27,2019-12-31,Alpha Vantage listing interval,resolved_cik,True,1,only eligible resolved security,2012|NYSE|mining,413,2,0.0048426150,206.5000000000,20260916
CIK0001474439,AVS8EF38C164B76E996,0001474439,Telenav Inc,TNAV,NASDAQ,3812,manufacturing,2012Q3,us,DE,2010-05-13,2019-12-31,Alpha Vantage listing interval,resolved_cik,True,1,only eligible resolved security,2012|NASDAQ|manufacturing,2897,15,0.0051777701,193.1333333333,20260916
CIK0001479094,AVS3085F95E7C78E060,0001479094,STAG Industrial Inc,STAG,NYSE,6798,finance_insurance_real_estate,2012Q3,us,,2011-04-15,2019-12-31,Alpha Vantage listing interval,resolved_cik,True,1,only eligible resolved security,2012|NYSE|finance_insurance_real_estate,1469,8,0.0054458816,183.6250000000,20260916
CIK0001494904,AVS986985E4557F00C6,0001494904,Global Indemnity Group LLC - Class A,GBLI,NASDAQ,6331,finance_insurance_real_estate,2012Q3,us,DE,2003-12-16,2019-12-31,Alpha Vantage listing interval,resolved_cik,True,1,only eligible resolved security,2012|NASDAQ|finance_insurance_real_estate,1769,9,0.0050876201,196.5555555556,20260916
CIK0001547063,AVS312C0C713696C107,0001547063,Taminco Corp,TAM,NYSE,2860,manufacturing,2012Q3,us,DE,2000-01-03,2019-12-31,Alpha Vantage listing interval,resolved_cik,True,2,"ranked by active quarter-end evidence, exchange, and plain common-stock symbol",2012|NYSE|manufacturing,1871,10,0.0053447354,187.1000000000,20260916
CIK0000023082,AVSA816498A24B59B94,0000023082,Computer Sciences Corp,CSC,NYSE,7373,services,2012Q4,us,NV,2001-01-02,2019-12-31,Alpha Vantage listing interval,resolved_cik,True,2,"ranked by active quarter-end evidence, exchange, and plain common-stock symbol",2012|NYSE|services,656,4,0.0060975610,164.0000000000,20260916
CIK0000051548,AVS39C33C804F0775A8,0000051548,International Speedway Corp,ISCA,NASDAQ,7948,services,2012Q4,us,FL,1997-03-10,2019-12-31,Alpha Vantage listing interval,resolved_cik,True,2,"ranked by active quarter-end evidence, exchange, and plain common-stock symbol",2012|NASDAQ|services,1250,7,0.0056000000,178.5714285714,20260916
CIK0000073887,AVS068BEB9EA192E5DB,0000073887,Bristow Group Inc,BRSWQ,NYSE,4522,transportation_communications_utilities,2012Q4,us,DE,1990-03-26,2019-12-31,Alpha Vantage listing interval,resolved_cik,True,2,"ranked by active quarter-end evidence, exchange, and plain common-stock symbol",2012|NYSE|transportation_communications_utilities,642,3,0.0046728972,214.0000000000,20260916
CIK0000716634,AVS432DCD1B5C9466AF,0000716634,Reading International Inc - Class A,RDI,NASDAQ,7830,services,2012Q4,us,NV,1992-03-17,2019-12-31,Alpha Vantage listing interval,resolved_cik,True,2,"ranked by active quarter-end evidence, exchange, and plain common-stock symbol",2012|NASDAQ|services,1250,7,0.0056000000,178.5714285714,20260916
CIK0000764478,AVS701EF612EB0E7AB6,0000764478,Best Buy Co. Inc,BBY,NYSE,5731,retail_trade,2012Q4,us,MN,1985-04-19,2019-12-31,Alpha Vantage listing interval,resolved_cik,True,1,only eligible resolved security,2012|NYSE|retail_trade,318,2,0.0062893082,159.0000000000,20260916
CIK0000863110,AVS3E46DCB05035158D,0000863110,Artesian Resources Corp - Class A,ARTNA,NASDAQ,4941,transportation_communications_utilities,2012Q4,us,DE,1996-05-24,2019-12-31,Alpha Vantage listing interval,resolved_cik,True,1,only eligible resolved security,2012|NASDAQ|transportation_communications_utilities,454,2,0.0044052863,227.0000000000,20260916
CIK0000881890,AVS9218FBE55B20C1B1,0000881890,Abaxis Inc,ABAX,NASDAQ,3829,manufacturing,2012Q4,us,CA,1992-01-23,2019-12-31,Alpha Vantage listing interval,resolved_cik,True,2,"ranked by active quarter-end evidence, exchange, and plain common-stock symbol",2012|NASDAQ|manufacturing,2897,15,0.0051777701,193.1333333333,20260916
CIK0001023459,AVS38ADD096685D1025,0001023459,Simulations Plus Inc,SLP,NASDAQ,7373,services,2012Q4,us,,1997-06-19,2019-12-31,Alpha Vantage listing interval,resolved_cik,True,1,only eligible resolved security,2012|NASDAQ|services,1250,7,0.0056000000,178.5714285714,20260916
CIK0001080667,AVS2CB806A4757F5CCE,0001080667,Ditech Networks Inc,DITC,NASDAQ,3661,manufacturing,2012Q4,us,DE,2006-12-28,2019-12-31,Alpha Vantage listing interval,resolved_cik,False,2,"ranked by active quarter-end evidence, exchange, and plain common-stock symbol",2012|NASDAQ|manufacturing,2897,15,0.0051777701,193.1333333333,20260916
CIK0001085770,AVSE7631F061CA6799B,0001085770,Move Inc,MOVE,NASDAQ,6531,finance_insurance_real_estate,2012Q4,us,DE,1999-08-05,2019-12-31,Alpha Vantage listing interval,resolved_cik,True,2,"ranked by active quarter-end evidence, exchange, and plain common-stock symbol",2012|NASDAQ|finance_insurance_real_estate,1769,9,0.0050876201,196.5555555556,20260916
CIK0001106838,AVSCD4CD2B88DB28F39,0001106838,Chanticleer Holdings Inc,HOTR,NASDAQ,2834,manufacturing,2012Q4,us,DE,2006-10-31,2019-12-31,Alpha Vantage listing interval,resolved_cik,True,2,"ranked by active quarter-end evidence, exchange, and plain common-stock symbol",2012|NASDAQ|manufacturing,2897,15,0.0051777701,193.1333333333,20260916
CIK0001298946,AVSA5C512F89ACE51B6,0001298946,Diamondrock Hospitality Company,DRH,NASDAQ,6798,finance_insurance_real_estate,2012Q4,us,,2005-05-26,2019-12-31,Alpha Vantage listing interval,resolved_cik,True,1,only eligible resolved security,2012|NASDAQ|finance_insurance_real_estate,1769,9,0.0050876201,196.5555555556,20260916
CIK0001301787,AVSB82AF17D4554DC9D,0001301787,Bluelinx Hldgs Inc,BXC,NYSE,5031,wholesale_trade,2012Q4,us,DE,2004-12-14,2019-12-31,Alpha Vantage listing interval,resolved_cik,True,1,only eligible resolved security,2012|NYSE|wholesale_trade,140,1,0.0071428571,140.0000000000,20260916
CIK0001386926,AVS57A4D89B10DE04BC,0001386926,KKR Financial Holdings LLC,KFI,NYSE,6199,finance_insurance_real_estate,2012Q4,us,DE,2012-03-26,2019-12-31,Alpha Vantage listing interval,resolved_cik,True,4,"ranked by active quarter-end evidence, exchange, and plain common-stock symbol",2012|NYSE|finance_insurance_real_estate,1469,8,0.0054458816,183.6250000000,20260916
CIK0000045919,AVS3CF31D8808E99725,0000045919,Harte-Hanks Inc,HHS,NASDAQ,7331,services,2013Q1,us,DE,1993-11-04,2019-12-31,Alpha Vantage listing interval,resolved_cik,True,1,only eligible resolved security,2013|NASDAQ|services,1319,7,0.0053070508,188.4285714286,20260916
CIK0000798528,AVS6B43CA691A003679,0000798528,Odyssey Marine Exploration Inc,OMEX,NASDAQ,4400,transportation_communications_utilities,2013Q1,us,NV,1999-10-26,2019-12-31,Alpha Vantage listing interval,resolved_cik,True,1,only eligible resolved security,2013|NASDAQ|transportation_communications_utilities,475,3,0.0063157895,158.3333333333,20260916
CIK0000812011,AVS4A43E040AA2C6E30,0000812011,Vail Resorts Inc,MTN,NYSE,7990,services,2013Q1,us,DE,1997-02-04,2019-12-31,Alpha Vantage listing interval,resolved_cik,True,1,only eligible resolved security,2013|NYSE|services,729,4,0.0054869684,182.2500000000,20260916
CIK0001028918,AVS7B362ABD273FFAA8,0001028918,Pacific Premier Bancorp Inc,PPBI,NASDAQ,6022,finance_insurance_real_estate,2013Q1,us,DE,1997-06-25,2019-12-31,Alpha Vantage listing interval,resolved_cik,True,1,only eligible resolved security,2013|NASDAQ|finance_insurance_real_estate,1815,10,0.0055096419,181.5000000000,20260916
CIK0001076167,AVSDDFBCA5A0E767326,0001076167,Adolor Corp,ADLR,NASDAQ,2834,manufacturing,2013Q1,us,,2000-11-14,2019-12-31,Alpha Vantage listing interval,resolved_cik,False,1,only eligible resolved security,2013|NASDAQ|manufacturing,3050,16,0.0052459016,190.6250000000,20260916
CIK0001098972,AVS60BD362F2180030F,0001098972,Agenus Inc,AGEN,NASDAQ,2836,manufacturing,2013Q1,us,DE,2000-02-08,2019-12-31,Alpha Vantage listing interval,resolved_cik,True,1,only eligible resolved security,2013|NASDAQ|manufacturing,3050,16,0.0052459016,190.6250000000,20260916
CIK0001131554,AVS38A902D31C87582A,0001131554,Synchronoss Technologies Inc,SNCR,NASDAQ,7371,services,2013Q1,us,,2006-06-15,2019-12-31,Alpha Vantage listing interval,resolved_cik,True,1,only eligible resolved security,2013|NASDAQ|services,1319,7,0.0053070508,188.4285714286,20260916
CIK0001141391,AVS5A6D38DE30860BBA,0001141391,Mastercard Incorporated - Class A,MA,NYSE,7389,services,2013Q1,us,DE,2006-05-25,2019-12-31,Alpha Vantage listing interval,resolved_cik,True,1,only eligible resolved security,2013|NYSE|services,729,4,0.0054869684,182.2500000000,20260916
CIK0001336644,AVS9F3504D577C49512,0001336644,Universal Travel Group,UTRA,NYSE,4700,transportation_communications_utilities,2013Q1,us,NV,2012-05-07,2019-12-31,Alpha Vantage listing interval,resolved_cik,True,2,"ranked by active quarter-end evidence, exchange, and plain common-stock symbol",2013|NYSE|transportation_communications_utilities,683,4,0.0058565154,170.7500000000,20260916
CIK0001411494,AVSFF6A95C0ECA6F9ED,0001411494,Apollo Global Management Inc,APO,NYSE,6282,finance_insurance_real_estate,2013Q1,us,DE,2011-03-30,2019-12-31,Alpha Vantage listing interval,resolved_cik,True,1,only eligible resolved security,2013|NYSE|finance_insurance_real_estate,1571,8,0.0050922979,196.3750000000,20260916
CIK0001419852,AVS957674B6AE2542D7,0001419852,Mattress Firm Holding Corp,MFRM,NASDAQ,5712,retail_trade,2013Q1,us,DE,2011-11-17,2019-12-31,Alpha Vantage listing interval,resolved_cik,True,2,"ranked by active quarter-end evidence, exchange, and plain common-stock symbol",2013|NASDAQ|retail_trade,383,2,0.0052219321,191.5000000000,20260916
CIK0001504461,AVS4A18A2950E5B0F31,0001504461,NGL Energy Partners LP,NGL,NYSE,4922,transportation_communications_utilities,2013Q1,us,DE,2011-05-16,2019-12-31,Alpha Vantage listing interval,resolved_cik,True,1,only eligible resolved security,2013|NYSE|transportation_communications_utilities,683,4,0.0058565154,170.7500000000,20260916
CIK0000012208,AVSF229C0679F832A00,0000012208,Bio-Rad Laboratories Inc - Class A,BIO,NYSE,3826,manufacturing,2013Q2,us,DE,1980-02-27,2019-12-31,Alpha Vantage listing interval,resolved_cik,True,2,"ranked by active quarter-end evidence, exchange, and plain common-stock symbol",2013|NYSE|manufacturing,1948,10,0.0051334702,194.8000000000,20260916
CIK0000060667,AVS2EFBAE32DF31064D,0000060667,Lowe`s Cos. Inc,LOW,NYSE,5211,retail_trade,2013Q2,us,NC,1985-07-01,2019-12-31,Alpha Vantage listing interval,resolved_cik,True,1,only eligible resolved security,2013|NYSE|retail_trade,335,2,0.0059701493,167.5000000000,20260916
CIK0000097210,AVS2649A0A90EEE1742,0000097210,Teradyne Inc,TER,NASDAQ,3825,manufacturing,2013Q2,us,MA,1987-03-11,2019-12-31,Alpha Vantage listing interval,resolved_cik,True,1,only eligible resolved security,2013|NASDAQ|manufacturing,3050,16,0.0052459016,190.6250000000,20260916
CIK0000314489,AVS4C9726B9217793EE,0000314489,First Busey Corp,BUSE,NASDAQ,6022,finance_insurance_real_estate,2013Q2,us,NV,1998-10-06,2019-12-31,Alpha Vantage listing interval,resolved_cik,True,1,only eligible resolved security,2013|NASDAQ|finance_insurance_real_estate,1815,10,0.0055096419,181.5000000000,20260916
CIK0000712537,AVS66F309FDC22B27AC,0000712537,First Commonwealth Financial Corp,FCF,NYSE,6021,finance_insurance_real_estate,2013Q2,us,PA,1992-06-10,2019-12-31,Alpha Vantage listing interval,resolved_cik,True,1,only eligible resolved security,2013|NYSE|finance_insurance_real_estate,1571,8,0.0050922979,196.3750000000,20260916
CIK0000713095,AVS4065CCF658433991,0000713095,Farmers Capital Bank Corp,FFKT,NASDAQ,6021,finance_insurance_real_estate,2013Q2,us,KY,1993-03-04,2019-12-31,Alpha Vantage listing interval,resolved_cik,True,2,"ranked by active quarter-end evidence, exchange, and plain common-stock symbol",2013|NASDAQ|finance_insurance_real_estate,1815,10,0.0055096419,181.5000000000,20260916
CIK0000816956,AVSC625C2BB16E98855,0000816956,Conmed Corp,CNMD,NYSE,3845,manufacturing,2013Q2,us,DE,1990-03-26,2019-12-31,Alpha Vantage listing interval,resolved_cik,True,1,only eligible resolved security,2013|NYSE|manufacturing,1948,10,0.0051334702,194.8000000000,20260916
CIK0000874396,AVS05660397AF55A86F,0000874396,Lifetime Brands Inc,LCUT,NASDAQ,3420,manufacturing,2013Q2,us,DE,1991-06-05,2019-12-31,Alpha Vantage listing interval,resolved_cik,True,1,only eligible resolved security,2013|NASDAQ|manufacturing,3050,16,0.0052459016,190.6250000000,20260916
CIK0000875582,AVSA228F6EB1C0CD5DC,0000875582,Northern Technologies International Corp,NTIC,NASDAQ,3470,manufacturing,2013Q2,us,DE,1993-09-13,2019-12-31,Alpha Vantage listing interval,resolved_cik,True,1,only eligible resolved security,2013|NASDAQ|manufacturing,3050,16,0.0052459016,190.6250000000,20260916
CIK0000884219,AVSD06EA085BDE344B9,0000884219,Pursuit Attractions and Hospitality Inc,PRSU,NYSE,7990,services,2013Q2,us,DE,2004-08-12,2019-12-31,Alpha Vantage listing interval,resolved_cik,True,1,only eligible resolved security,2013|NYSE|services,729,4,0.0054869684,182.2500000000,20260916
CIK0000912562,AVS8D3671D9CE50CFC4,0000912562,Gibraltar Industries Inc,ROCK,NASDAQ,3310,manufacturing,2013Q2,us,DE,1993-11-05,2019-12-31,Alpha Vantage listing interval,resolved_cik,True,1,only eligible resolved security,2013|NASDAQ|manufacturing,3050,16,0.0052459016,190.6250000000,20260916
CIK0001009356,AVS974FB98E5FB33F02,0001009356,Salix Pharmaceuticals Ltd,SLXP,NASDAQ,2834,manufacturing,2013Q2,us,DE,2000-11-21,2019-12-31,Alpha Vantage listing interval,resolved_cik,True,2,"ranked by active quarter-end evidence, exchange, and plain common-stock symbol",2013|NASDAQ|manufacturing,3050,16,0.0052459016,190.6250000000,20260916
CIK0001023024,AVS8F6AF0547B350DAE,0001023024,ANI Pharmaceuticals Inc,ANIP,NASDAQ,2834,manufacturing,2013Q2,us,DE,2000-05-05,2019-12-31,Alpha Vantage listing interval,resolved_cik,True,1,only eligible resolved security,2013|NASDAQ|manufacturing,3050,16,0.0052459016,190.6250000000,20260916
CIK0001302343,AVSE24ACE8070F5FEF4,0001302343,Education Realty Trust Inc,EDR,NYSE,6798,finance_insurance_real_estate,2013Q2,us,MD,2005-01-26,2019-12-31,Alpha Vantage listing interval,resolved_cik,True,1,only eligible resolved security,2013|NYSE|finance_insurance_real_estate,1571,8,0.0050922979,196.3750000000,20260916
CIK0001336644,AVS9F3504D577C49512,0001336644,Universal Travel Group,UTRA,NYSE,4700,transportation_communications_utilities,2013Q2,us,NV,2012-05-07,2019-12-31,Alpha Vantage listing interval,resolved_cik,True,2,"ranked by active quarter-end evidence, exchange, and plain common-stock symbol",2013|NYSE|transportation_communications_utilities,683,4,0.0058565154,170.7500000000,20260916
CIK0001340786,AVSB45466926FACE4EE,0001340786,Fuel Systems Solutions Inc,FSYS,NASDAQ,3714,manufacturing,2013Q2,us,DE,2001-01-02,2019-12-31,Alpha Vantage listing interval,resolved_cik,True,2,"ranked by active quarter-end evidence, exchange, and plain common-stock symbol",2013|NASDAQ|manufacturing,3050,16,0.0052459016,190.6250000000,20260916
CIK0001344980,AVS79ECFC9550BA61F5,0001344980,Alliance Holdings GP L.P.,AHGP,NASDAQ,1221,mining,2013Q2,us,DE,2006-05-10,2019-12-31,Alpha Vantage listing interval,resolved_cik,True,2,"ranked by active quarter-end evidence, exchange, and plain common-stock symbol",2013|NASDAQ|mining,189,1,0.0052910053,189.0000000000,20260916
CIK0001386926,AVS57A4D89B10DE04BC,0001386926,KKR Financial Holdings LLC,KFI,NYSE,6199,finance_insurance_real_estate,2013Q2,us,DE,2012-03-26,2019-12-31,Alpha Vantage listing interval,resolved_cik,True,4,"ranked by active quarter-end evidence, exchange, and plain common-stock symbol",2013|NYSE|finance_insurance_real_estate,1571,8,0.0050922979,196.3750000000,20260916
CIK0001437071,AVS6A78313632AA6ED8,0001437071,Invesco Mortgage Capital Inc,IVR,NYSE,6798,finance_insurance_real_estate,2013Q2,us,MD,2009-07-01,2019-12-31,Alpha Vantage listing interval,resolved_cik,True,1,only eligible resolved security,2013|NYSE|finance_insurance_real_estate,1571,8,0.0050922979,196.3750000000,20260916
CIK0001486957,AVS151334008B11CBEF,0001486957,Babcock & Wilcox Company,BWC,NYSE,3510,manufacturing,2013Q2,us,DE,2010-08-02,2019-12-31,Alpha Vantage listing interval,resolved_cik,True,3,"ranked by active quarter-end evidence, exchange, and plain common-stock symbol",2013|NYSE|manufacturing,1948,10,0.0051334702,194.8000000000,20260916
CIK0001803696,AVSFE2B06A5335B8DCE,0001803696,Adeia Inc,ADEA,NASDAQ,4841,transportation_communications_utilities,2013Q2,us,DE,2003-11-20,2019-12-31,Alpha Vantage listing interval,resolved_cik,True,1,only eligible resolved security,2013|NASDAQ|transportation_communications_utilities,475,3,0.0063157895,158.3333333333,20260916
CIK0000006885,AVSD27D66FE83ECD9AB,0000006885,Stage Stores Inc,SSI,NYSE,5651,retail_trade,2013Q3,us,NV,2001-08-30,2019-12-31,Alpha Vantage listing interval,resolved_cik,True,1,only eligible resolved security,2013|NYSE|retail_trade,335,2,0.0059701493,167.5000000000,20260916
CIK0000014693,AVS678515F7E8F6FB2B,0000014693,Brown-Forman Corp - Class A,BF-A,NYSE,2080,manufacturing,2013Q3,us,DE,1973-05-03,2019-12-31,Alpha Vantage listing interval,resolved_cik,True,2,"ranked by active quarter-end evidence, exchange, and plain common-stock symbol",2013|NYSE|manufacturing,1948,10,0.0051334702,194.8000000000,20260916
CIK0000049196,AVSA297B8F8B4302C3B,0000049196,Huntington Bancshares Inc,HBAN,NASDAQ,6021,finance_insurance_real_estate,2013Q3,us,MD,1990-03-26,2019-12-31,Alpha Vantage listing interval,resolved_cik,True,2,"ranked by active quarter-end evidence, exchange, and plain common-stock symbol",2013|NASDAQ|finance_insurance_real_estate,1815,10,0.0055096419,181.5000000000,20260916
CIK0000318154,AVS86A2CD3B09DF0A11,0000318154,AMGEN Inc,AMGN,NASDAQ,2836,manufacturing,2013Q3,us,DE,1984-09-07,2019-12-31,Alpha Vantage listing interval,resolved_cik,True,1,only eligible resolved security,2013|NASDAQ|manufacturing,3050,16,0.0052459016,190.6250000000,20260916
CIK0000716605,AVS7C80A5DDB0B5D59F,0000716605,Penns Woods Bancorp Inc,PWOD,NASDAQ,6022,finance_insurance_real_estate,2013Q3,us,PA,1996-05-30,2019-12-31,Alpha Vantage listing interval,resolved_cik,True,1,only eligible resolved security,2013|NASDAQ|finance_insurance_real_estate,1815,10,0.0055096419,181.5000000000,20260916
CIK0000907654,AVS81213B082726045F,0000907654,ARCA biopharma Inc,ORKA,NASDAQ,2834,manufacturing,2013Q3,us,DE,1997-08-08,2019-12-31,Alpha Vantage listing interval,resolved_cik,True,1,only eligible resolved security,2013|NASDAQ|manufacturing,3050,16,0.0052459016,190.6250000000,20260916
CIK0000923796,AVSF7D9A5BD57BC9951,0000923796,Geo Group Inc,GEO,NYSE,1520,construction,2013Q3,us,FL,1994-07-28,2019-12-31,Alpha Vantage listing interval,resolved_cik,True,1,only eligible resolved security,2013|NYSE|construction,136,1,0.0073529412,136.0000000000,20260916
CIK0000934547,AVS927831903A4FFE6C,0000934547,The Bank of Kentucky Financial Corp,BKYF,NASDAQ,6035,finance_insurance_real_estate,2013Q3,us,KY,1999-02-25,2019-12-31,Alpha Vantage listing interval,resolved_cik,True,2,"ranked by active quarter-end evidence, exchange, and plain common-stock symbol",2013|NASDAQ|finance_insurance_real_estate,1815,10,0.0055096419,181.5000000000,20260916
CIK0001364099,AVS3ECD85E20B1CAD84,0001364099,Innophos Holdings Inc,IPHS,NASDAQ,5160,wholesale_trade,2013Q3,us,,2006-11-02,2019-12-31,Alpha Vantage listing interval,resolved_cik,True,1,only eligible resolved security,2013|NASDAQ|wholesale_trade,181,1,0.0055248619,181.0000000000,20260916
CIK0001370755,AVS8883D314C9EC5411,0001370755,BlackRock TCP Capital Corp,TCPC,NASDAQ,,unknown,2013Q3,us,DE,2012-04-04,2019-12-31,Alpha Vantage listing interval,resolved_cik,True,1,only eligible resolved security,2013|NASDAQ|unknown,112,1,0.0089285714,112.0000000000,20260916
CIK0001672909,AVSACBEDEC388C81EDF,0001672909,Canterbury Park Holding Corp,CPHC,NASDAQ,7948,services,2013Q3,us,MN,2008-09-08,2019-12-31,Alpha Vantage listing interval,resolved_cik,True,1,only eligible resolved security,2013|NASDAQ|services,1319,7,0.0053070508,188.4285714286,20260916
CIK0000070793,AVS8B8A18ABE96E528A,0000070793,NBTY INC,NTY,NYSE,2834,manufacturing,2013Q4,us,DE,2006-12-28,2019-12-31,Alpha Vantage listing interval,resolved_cik,False,1,only eligible resolved security,2013|NYSE|manufacturing,1948,10,0.0051334702,194.8000000000,20260916
CIK0000093556,AVSA73748D84DD43CBC,0000093556,Stanley Black & Decker Inc,SWK,NYSE,3420,manufacturing,2013Q4,us,CT,1985-07-01,2019-12-31,Alpha Vantage listing interval,resolved_cik,True,1,only eligible resolved security,2013|NYSE|manufacturing,1948,10,0.0051334702,194.8000000000,20260916
CIK0000096638,AVSDB6A38BF8AD4CDD8,0000096638,ADVANTA CORP,ADVNQ,NASDAQ,6141,finance_insurance_real_estate,2013Q4,us,DE,1990-01-02,2019-12-31,Alpha Vantage listing interval,resolved_cik,False,1,only eligible resolved security,2013|NASDAQ|finance_insurance_real_estate,1815,10,0.0055096419,181.5000000000,20260916
CIK0000316300,AVSB08349F02D9D98DF,0000316300,EXCO Resources Inc,XCO,NYSE,1311,mining,2013Q4,us,TX,2006-02-09,2019-12-31,Alpha Vantage listing interval,resolved_cik,True,2,"ranked by active quarter-end evidence, exchange, and plain common-stock symbol",2013|NYSE|mining,430,2,0.0046511628,215.0000000000,20260916
CIK0000708781,AVS782D005FBA93E740,0000708781,Cass Information Systems Inc,CASS,NASDAQ,7389,services,2013Q4,us,MO,1996-01-02,2019-12-31,Alpha Vantage listing interval,resolved_cik,True,1,only eligible resolved security,2013|NASDAQ|services,1319,7,0.0053070508,188.4285714286,20260916
CIK0000714603,AVS6E647169F97534F7,0000714603,DST Systems Inc,DST,NYSE,7374,services,2013Q4,us,DE,1995-11-01,2019-12-31,Alpha Vantage listing interval,resolved_cik,True,2,"ranked by active quarter-end evidence, exchange, and plain common-stock symbol",2013|NYSE|services,729,4,0.0054869684,182.2500000000,20260916
CIK0000723603,AVS8312F6D2363FE36F,0000723603,Culp Inc,CFI,NYSE,2211,manufacturing,2013Q4,us,NC,1990-03-26,2019-12-31,Alpha Vantage listing interval,resolved_cik,True,3,"ranked by active quarter-end evidence, exchange, and plain common-stock symbol",2013|NYSE|manufacturing,1948,10,0.0051334702,194.8000000000,20260916
CIK0000854701,AVS010014883E134DCA,0000854701,Integrated Silicon Solution Inc,ISSI,NASDAQ,3674,manufacturing,2013Q4,us,DE,1995-02-03,2019-12-31,Alpha Vantage listing interval,resolved_cik,True,2,"ranked by active quarter-end evidence, exchange, and plain common-stock symbol",2013|NASDAQ|manufacturing,3050,16,0.0052459016,190.6250000000,20260916
CIK0000858339,AVS2E723ECE0040CD29,0000858339,Caesars Entertainment Corp,CZR,NASDAQ,7011,services,2013Q4,us,DE,2012-02-08,2019-12-31,Alpha Vantage listing interval,resolved_cik,True,1,only eligible resolved security,2013|NASDAQ|services,1319,7,0.0053070508,188.4285714286,20260916
CIK0000866706,AVS13FB01C60EBBDF99,0000866706,Esco Technologies Inc,ESE,NYSE,3669,manufacturing,2013Q4,us,MO,1990-10-01,2019-12-31,Alpha Vantage listing interval,resolved_cik,True,1,only eligible resolved security,2013|NYSE|manufacturing,1948,10,0.0051334702,194.8000000000,20260916
CIK0000892553,AVS835E46B3CD9AC12D,0000892553,Chart Industries Inc,GTLS,NYSE,3443,manufacturing,2013Q4,us,DE,2006-07-26,2019-12-31,Alpha Vantage listing interval,resolved_cik,True,1,only eligible resolved security,2013|NYSE|manufacturing,1948,10,0.0051334702,194.8000000000,20260916
CIK0000923118,AVSDDF12E0481CACB27,0000923118,Home Properties Inc,HME,NYSE,6798,finance_insurance_real_estate,2013Q4,us,MD,1994-08-01,2019-12-31,Alpha Vantage listing interval,resolved_cik,True,2,"ranked by active quarter-end evidence, exchange, and plain common-stock symbol",2013|NYSE|finance_insurance_real_estate,1571,8,0.0050922979,196.3750000000,20260916
CIK0000932781,AVSFE104CFAFA070904,0000932781,First Community Corp,FCCO,NASDAQ,6022,finance_insurance_real_estate,2013Q4,us,SC,1999-03-09,2019-12-31,Alpha Vantage listing interval,resolved_cik,True,1,only eligible resolved security,2013|NASDAQ|finance_insurance_real_estate,1815,10,0.0055096419,181.5000000000,20260916
CIK0000936528,AVS434EC372132CCAFA,0000936528,WaFd Inc,WAFD,NASDAQ,6021,finance_insurance_real_estate,2013Q4,us,WA,1990-03-26,2019-12-31,Alpha Vantage listing interval,resolved_cik,True,1,only eligible resolved security,2013|NASDAQ|finance_insurance_real_estate,1815,10,0.0055096419,181.5000000000,20260916
CIK0000944809,AVS3B114C12C4859EF3,0000944809,Opko Health Inc,OPK,NASDAQ,2834,manufacturing,2013Q4,us,DE,1995-11-02,2019-12-31,Alpha Vantage listing interval,resolved_cik,True,1,only eligible resolved security,2013|NASDAQ|manufacturing,3050,16,0.0052459016,190.6250000000,20260916
CIK0000948850,AVSED8F940584FB7BBF,0000948850,COMSYS IT PARTNERS INC,CITP,NASDAQ,7363,services,2013Q4,us,DE,2004-10-05,2019-12-31,Alpha Vantage listing interval,resolved_cik,False,1,only eligible resolved security,2013|NASDAQ|services,1319,7,0.0053070508,188.4285714286,20260916
CIK0001003078,AVS1E8BCE205DF4B447,0001003078,MSC Industrial Direct Co. Inc - Class A,MSM,NYSE,5084,wholesale_trade,2013Q4,us,NY,1995-12-15,2019-12-31,Alpha Vantage listing interval,resolved_cik,True,1,only eligible resolved security,2013|NYSE|wholesale_trade,151,1,0.0066225166,151.0000000000,20260916
CIK0001004155,AVS64CB7B42C5CFC9E7,0001004155,AGL Resources Inc,GAS,NYSE,4924,transportation_communications_utilities,2013Q4,us,GA,1973-05-03,2019-12-31,Alpha Vantage listing interval,resolved_cik,True,2,"ranked by active quarter-end evidence, exchange, and plain common-stock symbol",2013|NYSE|transportation_communications_utilities,683,4,0.0058565154,170.7500000000,20260916
CIK0001012019,AVS33BDE20F95152887,0001012019,Rush Enterprises Inc - Class B,RUSHB,NASDAQ,5500,retail_trade,2013Q4,us,TX,1996-06-10,2019-12-31,Alpha Vantage listing interval,resolved_cik,True,2,"ranked by active quarter-end evidence, exchange, and plain common-stock symbol",2013|NASDAQ|retail_trade,383,2,0.0052219321,191.5000000000,20260916
CIK0001025996,AVS4F4C4BA097F05759,0001025996,Kilroy Realty Corp,KRC,NYSE,6798,finance_insurance_real_estate,2013Q4,us,MD,1997-01-30,2019-12-31,Alpha Vantage listing interval,resolved_cik,True,1,only eligible resolved security,2013|NYSE|finance_insurance_real_estate,1571,8,0.0050922979,196.3750000000,20260916
CIK0001172139,AVSFB6241837F79BC79,0001172139,Bill Barrett Corp,BBG,NYSE,1311,mining,2013Q4,us,DE,2004-12-10,2019-12-31,Alpha Vantage listing interval,resolved_cik,True,2,"ranked by active quarter-end evidence, exchange, and plain common-stock symbol",2013|NYSE|mining,430,2,0.0046511628,215.0000000000,20260916
CIK0001279704,AVS7A9265375FC46D54,0001279704,Cellectar Biosciences Inc,CLRB,NASDAQ,2834,manufacturing,2013Q4,us,DE,2005-11-10,2019-12-31,Alpha Vantage listing interval,resolved_cik,True,1,only eligible resolved security,2013|NASDAQ|manufacturing,3050,16,0.0052459016,190.6250000000,20260916
CIK0001318310,AVSD8FC84B7372F14E5,0001318310,ev3 Inc,EVVV,NASDAQ,3841,manufacturing,2013Q4,us,DE,2005-06-16,2019-12-31,Alpha Vantage listing interval,resolved_cik,False,1,only eligible resolved security,2013|NASDAQ|manufacturing,3050,16,0.0052459016,190.6250000000,20260916
CIK0001357326,AVS9F8447C84390E541,0001357326,Riverbed Technology Inc,RVBD,NASDAQ,3576,manufacturing,2013Q4,us,DE,2006-09-21,2019-12-31,Alpha Vantage listing interval,resolved_cik,True,2,"ranked by active quarter-end evidence, exchange, and plain common-stock symbol",2013|NASDAQ|manufacturing,3050,16,0.0052459016,190.6250000000,20260916
CIK0001369817,AVS37FD1FCB2EF1C90E,0001369817,OneBeacon Insurance Group Ltd,OB,NYSE,6331,finance_insurance_real_estate,2013Q4,us,,2006-11-09,2019-12-31,Alpha Vantage listing interval,resolved_cik,True,2,"ranked by active quarter-end evidence, exchange, and plain common-stock symbol",2013|NYSE|finance_insurance_real_estate,1571,8,0.0050922979,196.3750000000,20260916
CIK0001373525,AVSDAED4DA97EB96417,0001373525,First Capital Bancorp Inc,FCVA,NASDAQ,6022,finance_insurance_real_estate,2013Q4,us,VA,1999-03-15,2019-12-31,Alpha Vantage listing interval,resolved_cik,True,2,"ranked by active quarter-end evidence, exchange, and plain common-stock symbol",2013|NASDAQ|finance_insurance_real_estate,1815,10,0.0055096419,181.5000000000,20260916
CIK0001402436,AVS55EADAFD7C9C9534,0001402436,SS&C Technologies Holdings Inc,SSNC,NASDAQ,7372,services,2013Q4,us,DE,2010-03-31,2019-12-31,Alpha Vantage listing interval,resolved_cik,True,1,only eligible resolved security,2013|NASDAQ|services,1319,7,0.0053070508,188.4285714286,20260916
CIK0001413329,AVSFBA5D1AED84C9061,0001413329,Philip Morris International Inc,PM,NYSE,2111,manufacturing,2013Q4,us,VA,2008-03-17,2019-12-31,Alpha Vantage listing interval,resolved_cik,True,1,only eligible resolved security,2013|NYSE|manufacturing,1948,10,0.0051334702,194.8000000000,20260916
CIK0001514991,AVS5DD114A6981940E8,0001514991,AMC Networks Inc - Class A,AMCX,NASDAQ,4841,transportation_communications_utilities,2013Q4,us,NV,2011-06-16,2019-12-31,Alpha Vantage listing interval,resolved_cik,True,1,only eligible resolved security,2013|NASDAQ|transportation_communications_utilities,475,3,0.0063157895,158.3333333333,20260916
CIK0000008411,AVSDA98BA507BCE64FC,0000008411,Atwood Oceanics Inc,ATW,NYSE,1381,mining,2014Q1,us,TX,1984-09-07,2019-12-31,Alpha Vantage listing interval,resolved_cik,True,2,"ranked by active quarter-end evidence, exchange, and plain common-stock symbol",2014|NYSE|mining,457,2,0.0043763676,228.5000000000,20260916
CIK0000043920,AVS2154BFE9BEC2AD4E,0000043920,Greif Inc - Class A,GEF,NYSE,3412,manufacturing,2014Q1,us,DE,1996-02-28,2019-12-31,Alpha Vantage listing interval,resolved_cik,True,2,"ranked by active quarter-end evidence, exchange, and plain common-stock symbol",2014|NYSE|manufacturing,2019,11,0.0054482417,183.5454545455,20260916
CIK0000049196,AVSA297B8F8B4302C3B,0000049196,Huntington Bancshares Inc,HBAN,NASDAQ,6021,finance_insurance_real_estate,2014Q1,us,MD,1990-03-26,2019-12-31,Alpha Vantage listing interval,resolved_cik,True,2,"ranked by active quarter-end evidence, exchange, and plain common-stock symbol",2014|NASDAQ|finance_insurance_real_estate,1893,10,0.0052826202,189.3000000000,20260916
CIK0000079282,AVSE9D42BC285DF1CEA,0000079282,Brown & Brown Inc,BRO,NYSE,6411,finance_insurance_real_estate,2014Q1,us,FL,1992-03-03,2019-12-31,Alpha Vantage listing interval,resolved_cik,True,1,only eligible resolved security,2014|NYSE|finance_insurance_real_estate,1690,9,0.0053254438,187.7777777778,20260916
CIK0000091142,AVSD753153D52D62262,0000091142,A.O. Smith Corp,AOS,NYSE,3630,manufacturing,2014Q1,us,DE,1984-09-07,2019-12-31,Alpha Vantage listing interval,resolved_cik,True,1,only eligible resolved security,2014|NYSE|manufacturing,2019,11,0.0054482417,183.5454545455,20260916
CIK0000203248,AVS99BD9DF6F50097D9,0000203248,SOUTHERN UNION CO,SUG,NYSE,4922,transportation_communications_utilities,2014Q1,us,DE,2007-09-26,2019-12-31,Alpha Vantage listing interval,resolved_cik,False,1,only eligible resolved security,2014|NYSE|transportation_communications_utilities,712,4,0.0056179775,178.0000000000,20260916
CIK0000320017,AVSCB0546FE288EFC3E,0000320017,Lisata Therapeutics Inc,LSTA,NASDAQ,2834,manufacturing,2014Q1,us,DE,1999-03-01,2019-12-31,Alpha Vantage listing interval,resolved_cik,True,1,only eligible resolved security,2014|NASDAQ|manufacturing,3358,18,0.0053603335,186.5555555556,20260916
CIK0000714256,AVS4C6CF3D293F16314,0000714256,Sanara MedTech Inc,SMTI,NASDAQ,3842,manufacturing,2014Q1,us,TX,2011-02-22,2019-12-31,Alpha Vantage listing interval,resolved_cik,True,1,only eligible resolved security,2014|NASDAQ|manufacturing,3358,18,0.0053603335,186.5555555556,20260916
CIK0000740260,AVS30C021380A2FD739,0000740260,Ventas Inc,VTR,NYSE,6798,finance_insurance_real_estate,2014Q1,us,DE,1997-05-05,2019-12-31,Alpha Vantage listing interval,resolved_cik,True,1,only eligible resolved security,2014|NYSE|finance_insurance_real_estate,1690,9,0.0053254438,187.7777777778,20260916
CIK0000910073,AVSA8A26594C49D901D,0000910073,New York Community Bancorp Inc,FLG,NYSE,6036,finance_insurance_real_estate,2014Q1,us,,1993-11-23,2019-12-31,Alpha Vantage listing interval,resolved_cik,True,1,only eligible resolved security,2014|NYSE|finance_insurance_real_estate,1690,9,0.0053254438,187.7777777778,20260916
CIK0000914156,AVS3EC885FD2A7D0DA3,0000914156,UFP Technologies Inc,UFPT,NASDAQ,3841,manufacturing,2014Q1,us,DE,1993-12-17,2019-12-31,Alpha Vantage listing interval,resolved_cik,True,1,only eligible resolved security,2014|NASDAQ|manufacturing,3358,18,0.0053603335,186.5555555556,20260916
CIK0000933141,AVSA811644DDFCEF5CA,0000933141,IBERIABANK Corp,IBKC,NASDAQ,6022,finance_insurance_real_estate,2014Q1,us,LA,1995-04-10,2019-12-31,Alpha Vantage listing interval,resolved_cik,True,1,only eligible resolved security,2014|NASDAQ|finance_insurance_real_estate,1893,10,0.0052826202,189.3000000000,20260916
CIK0001001250,AVS05CD0ECFFCF1F50B,0001001250,Estee Lauder Cos. Inc - Class A,EL,NYSE,2844,manufacturing,2014Q1,us,DE,1995-11-17,2019-12-31,Alpha Vantage listing interval,resolved_cik,True,1,only eligible resolved security,2014|NYSE|manufacturing,2019,11,0.0054482417,183.5454545455,20260916
CIK0001029199,AVS407B66F10628CD82,0001029199,Euronet Worldwide Inc,EEFT,NASDAQ,6099,finance_insurance_real_estate,2014Q1,us,DE,1997-03-07,2019-12-31,Alpha Vantage listing interval,resolved_cik,True,1,only eligible resolved security,2014|NASDAQ|finance_insurance_real_estate,1893,10,0.0052826202,189.3000000000,20260916
CIK0001084869,AVS733F538C294F844D,0001084869,1-800 Flowers.com Inc - Class A,FLWS,NASDAQ,5990,retail_trade,2014Q1,us,DE,1999-08-03,2019-12-31,Alpha Vantage listing interval,resolved_cik,True,1,only eligible resolved security,2014|NASDAQ|retail_trade,421,2,0.0047505938,210.5000000000,20260916
CIK0001135185,AVS89CB4000EE6142B3,0001135185,Atlas Air Worldwide Holdings Inc,AAWW,NASDAQ,4522,transportation_communications_utilities,2014Q1,us,DE,2005-11-09,2019-12-31,Alpha Vantage listing interval,resolved_cik,True,1,only eligible resolved security,2014|NASDAQ|transportation_communications_utilities,487,3,0.0061601643,162.3333333333,20260916
CIK0002012706,AVS6079403518387AC2,0002012706,SLR Senior Investment Corp.,SUNS,NASDAQ,6798,finance_insurance_real_estate,2014Q1,us,MD,2011-02-25,2019-12-31,Alpha Vantage listing interval,resolved_cik,True,1,only eligible resolved security,2014|NASDAQ|finance_insurance_real_estate,1893,10,0.0052826202,189.3000000000,20260916
CIK0000059527,AVS738F49386A58A183,0000059527,Lincoln Electric Holdings Inc,LECO,NASDAQ,3540,manufacturing,2014Q2,us,OH,1995-06-13,2019-12-31,Alpha Vantage listing interval,resolved_cik,True,1,only eligible resolved security,2014|NASDAQ|manufacturing,3358,18,0.0053603335,186.5555555556,20260916
CIK0000073290,AVS22DCA5A4EEE6FD72,0000073290,Biomerica Inc,BMRA,NASDAQ,2835,manufacturing,2014Q2,us,DE,2005-01-03,2019-12-31,Alpha Vantage listing interval,resolved_cik,True,1,only eligible resolved security,2014|NASDAQ|manufacturing,3358,18,0.0053603335,186.5555555556,20260916
CIK0000077597,AVS32C6C7341DE1B70E,0000077597,Spartech Corp,SEH,NYSE,3080,manufacturing,2014Q2,us,DE,2006-12-28,2019-12-31,Alpha Vantage listing interval,resolved_cik,False,1,only eligible resolved security,2014|NYSE|manufacturing,2019,11,0.0054482417,183.5454545455,20260916
CIK0000350698,AVS24531F76F46CAC10,0000350698,Autonation Inc,AN,NYSE,5500,retail_trade,2014Q2,us,DE,1992-03-03,2019-12-31,Alpha Vantage listing interval,resolved_cik,True,1,only eligible resolved security,2014|NYSE|retail_trade,347,2,0.0057636888,173.5000000000,20260916
CIK0000352541,AVS7FB0B2BACA079411,0000352541,Alliant Energy Corp,LNT,NASDAQ,4931,transportation_communications_utilities,2014Q2,us,WI,1988-01-05,2019-12-31,Alpha Vantage listing interval,resolved_cik,True,1,only eligible resolved security,2014|NASDAQ|transportation_communications_utilities,487,3,0.0061601643,162.3333333333,20260916
CIK0000704051,AVS9B0CDEBE00241244,0000704051,Legg Mason Inc,LM,NYSE,6282,finance_insurance_real_estate,2014Q2,us,MD,1987-11-05,2019-12-31,Alpha Vantage listing interval,resolved_cik,True,1,only eligible resolved security,2014|NYSE|finance_insurance_real_estate,1690,9,0.0053254438,187.7777777778,20260916
CIK0000814547,AVS337F56F9DD01E09B,0000814547,Fair Isaac Corp,FICO,NYSE,7389,services,2014Q2,us,DE,1992-02-25,2019-12-31,Alpha Vantage listing interval,resolved_cik,True,1,only eligible resolved security,2014|NYSE|services,821,4,0.0048721072,205.2500000000,20260916
CIK0000858803,AVS6DE6DB0AAF35461E,0000858803,Avanir Pharmaceuticals Inc,AVNR,NASDAQ,2834,manufacturing,2014Q2,us,DE,1990-05-08,2019-12-31,Alpha Vantage listing interval,resolved_cik,True,2,"ranked by active quarter-end evidence, exchange, and plain common-stock symbol",2014|NASDAQ|manufacturing,3358,18,0.0053603335,186.5555555556,20260916
CIK0001002811,AVSD4B948C7174DA4A1,0001002811,Kensey Nash Corp,KNSY,NASDAQ,3841,manufacturing,2014Q2,us,DE,2012-04-26,2019-12-31,Alpha Vantage listing interval,resolved_cik,False,1,only eligible resolved security,2014|NASDAQ|manufacturing,3358,18,0.0053603335,186.5555555556,20260916
CIK0001053352,AVS765BD9BE04B0E194,0001053352,Heritage Commerce Corp,HTBK,NASDAQ,6022,finance_insurance_real_estate,2014Q2,us,CA,1998-07-20,2019-12-31,Alpha Vantage listing interval,resolved_cik,True,1,only eligible resolved security,2014|NASDAQ|finance_insurance_real_estate,1893,10,0.0052826202,189.3000000000,20260916
CIK0001318484,AVS9060D3A09652D727,0001318484,Citi Trends Inc,CTRN,NASDAQ,5600,retail_trade,2014Q2,us,DE,2005-05-18,2019-12-31,Alpha Vantage listing interval,resolved_cik,True,1,only eligible resolved security,2014|NASDAQ|retail_trade,421,2,0.0047505938,210.5000000000,20260916
CIK0001527166,AVS28F89E85B71A987A,0001527166,Carlyle Group Inc (The),CG,NASDAQ,6282,finance_insurance_real_estate,2014Q2,us,DE,2012-05-03,2019-12-31,Alpha Vantage listing interval,resolved_cik,True,1,only eligible resolved security,2014|NASDAQ|finance_insurance_real_estate,1893,10,0.0052826202,189.3000000000,20260916
CIK0000014272,AVS0763579394D5463B,0000014272,Bristol-Myers Squibb Company,BMY,NYSE,2834,manufacturing,2014Q3,us,DE,1972-06-01,2019-12-31,Alpha Vantage listing interval,resolved_cik,True,1,only eligible resolved security,2014|NYSE|manufacturing,2019,11,0.0054482417,183.5454545455,20260916
CIK0000094049,AVS086897550EB0127F,0000094049,Stepan Company,SCL,NYSE,2840,manufacturing,2014Q3,us,DE,1992-03-17,2019-12-31,Alpha Vantage listing interval,resolved_cik,True,1,only eligible resolved security,2014|NYSE|manufacturing,2019,11,0.0054482417,183.5454545455,20260916
CIK0000354647,AVS44BF29A9085EE796,0000354647,CVB Financial Corp,CVBF,NASDAQ,6022,finance_insurance_real_estate,2014Q3,us,CA,1992-03-17,2019-12-31,Alpha Vantage listing interval,resolved_cik,True,1,only eligible resolved security,2014|NASDAQ|finance_insurance_real_estate,1893,10,0.0052826202,189.3000000000,20260916
CIK0000790526,AVS17A29396CB5ACF66,0000790526,Radnet Inc,RDNT,NASDAQ,8071,services,2014Q3,us,DE,1997-01-03,2019-12-31,Alpha Vantage listing interval,resolved_cik,True,1,only eligible resolved security,2014|NASDAQ|services,1401,7,0.0049964311,200.1428571429,20260916
CIK0000803647,AVSACB77C098752B7DA,0000803647,Versar Inc,VSR,NYSE,8711,services,2014Q3,us,DE,1992-03-17,2019-12-31,Alpha Vantage listing interval,resolved_cik,True,2,"ranked by active quarter-end evidence, exchange, and plain common-stock symbol",2014|NYSE|services,821,4,0.0048721072,205.2500000000,20260916
CIK0000937556,AVS67434852C0FFC848,0000937556,Masimo Corp,MASI,NASDAQ,3845,manufacturing,2014Q3,us,DE,2007-08-08,2019-12-31,Alpha Vantage listing interval,resolved_cik,True,1,only eligible resolved security,2014|NASDAQ|manufacturing,3358,18,0.0053603335,186.5555555556,20260916
CIK0001035748,AVSB18EF4868DA937E2,0001035748,Callidus Software Inc,CALD,NASDAQ,7371,services,2014Q3,us,DE,2003-11-20,2019-12-31,Alpha Vantage listing interval,resolved_cik,True,2,"ranked by active quarter-end evidence, exchange, and plain common-stock symbol",2014|NASDAQ|services,1401,7,0.0049964311,200.1428571429,20260916
CIK0001037676,AVS95FB02817330A6BE,0001037676,Arch Coal Inc,ACI,NYSE,1221,mining,2014Q3,us,DE,1988-08-12,2019-12-31,Alpha Vantage listing interval,resolved_cik,True,1,only eligible resolved security,2014|NYSE|mining,457,2,0.0043763676,228.5000000000,20260916
CIK0001043000,AVS0B5EF118391CFAEB,0001043000,Sonida Senior Living Inc,SNDA,NYSE,8050,services,2014Q3,us,DE,1997-10-31,2019-12-31,Alpha Vantage listing interval,resolved_cik,True,1,only eligible resolved security,2014|NYSE|services,821,4,0.0048721072,205.2500000000,20260916
CIK0001056943,AVS446F3CCD41027826,0001056943,Peoples Financial Services Corp,PFIS,NASDAQ,6021,finance_insurance_real_estate,2014Q3,us,PA,2002-06-05,2019-12-31,Alpha Vantage listing interval,resolved_cik,True,1,only eligible resolved security,2014|NASDAQ|finance_insurance_real_estate,1893,10,0.0052826202,189.3000000000,20260916
CIK0001080014,AVS0558FAF2F4581A54,0001080014,Innoviva Inc,INVA,NASDAQ,2834,manufacturing,2014Q3,us,DE,2004-10-05,2019-12-31,Alpha Vantage listing interval,resolved_cik,True,3,"ranked by active quarter-end evidence, exchange, and plain common-stock symbol",2014|NASDAQ|manufacturing,3358,18,0.0053603335,186.5555555556,20260916
CIK0001127703,AVSDDAF7509E5E54B12,0001127703,Proassurance Corporation,PRA,NYSE,6331,finance_insurance_real_estate,2014Q3,us,DE,1991-09-04,2019-12-31,Alpha Vantage listing interval,resolved_cik,True,1,only eligible resolved security,2014|NYSE|finance_insurance_real_estate,1690,9,0.0053254438,187.7777777778,20260916
CIK0001173204,AVS187938A2D82BA9BB,0001173204,Cineverse Corp - Class A,CNVS,NASDAQ,7841,services,2014Q3,us,DE,2003-11-10,2019-12-31,Alpha Vantage listing interval,resolved_cik,True,1,only eligible resolved security,2014|NASDAQ|services,1401,7,0.0049964311,200.1428571429,20260916
CIK0001213037,AVSA8E5C7FA7FB89228,0001213037,Cardiff Oncology Inc,CRDF,NASDAQ,2836,manufacturing,2014Q3,us,DE,2004-07-27,2019-12-31,Alpha Vantage listing interval,resolved_cik,True,3,"ranked by active quarter-end evidence, exchange, and plain common-stock symbol",2014|NASDAQ|manufacturing,3358,18,0.0053603335,186.5555555556,20260916
CIK0001237746,AVS33057CAD91A79DF3,0001237746,Endurance International Group Holdings Inc,EIGI,NASDAQ,7372,services,2014Q3,us,DE,2013-10-25,2019-12-31,Alpha Vantage listing interval,resolved_cik,True,1,only eligible resolved security,2014|NASDAQ|services,1401,7,0.0049964311,200.1428571429,20260916
CIK0001311370,AVS82881ECB9CF76DD3,0001311370,Lazard Ltd - Class A,LAZ,NYSE,6282,finance_insurance_real_estate,2014Q3,us,DE,2005-05-05,2019-12-31,Alpha Vantage listing interval,resolved_cik,True,1,only eligible resolved security,2014|NYSE|finance_insurance_real_estate,1690,9,0.0053254438,187.7777777778,20260916
CIK0001319229,AVSDD33E55E176B5CD5,0001319229,TransMontaigne Partners LP,TLP,NYSE,4610,transportation_communications_utilities,2014Q3,us,DE,2005-05-25,2019-12-31,Alpha Vantage listing interval,resolved_cik,True,2,"ranked by active quarter-end evidence, exchange, and plain common-stock symbol",2014|NYSE|transportation_communications_utilities,712,4,0.0056179775,178.0000000000,20260916
CIK0001333170,AVS707CC9DFDF8D2D9E,0001333170,NxStage Medical Inc,NXTM,NASDAQ,3845,manufacturing,2014Q3,us,DE,2005-10-27,2019-12-31,Alpha Vantage listing interval,resolved_cik,True,2,"ranked by active quarter-end evidence, exchange, and plain common-stock symbol",2014|NASDAQ|manufacturing,3358,18,0.0053603335,186.5555555556,20260916
CIK0001384905,AVS66AC73CE90D4A2CC,0001384905,RingCentral Inc - Class A,RNG,NYSE,7374,services,2014Q3,us,,2013-09-27,2019-12-31,Alpha Vantage listing interval,resolved_cik,True,1,only eligible resolved security,2014|NYSE|services,821,4,0.0048721072,205.2500000000,20260916
CIK0001487918,AVSE4579EA08F2F1D2C,0001487918,OFS Capital Corp,OFS,NASDAQ,,unknown,2014Q3,us,,2012-11-08,2019-12-31,Alpha Vantage listing interval,resolved_cik,True,1,only eligible resolved security,2014|NASDAQ|unknown,131,1,0.0076335878,131.0000000000,20260916
CIK0001538263,AVS5E1299F7BA988E7D,0001538263,HomeTrust Bancshares Inc,HTB,NYSE,6035,finance_insurance_real_estate,2014Q3,us,MD,2012-07-11,2019-12-31,Alpha Vantage listing interval,resolved_cik,True,1,only eligible resolved security,2014|NYSE|finance_insurance_real_estate,1690,9,0.0053254438,187.7777777778,20260916
CIK0001599222,AVSDD923C63090D2ADC,0001599222,Memorial Resource Development Corp,MRD,NASDAQ,1311,mining,2014Q3,us,DE,2014-06-12,2019-12-31,Alpha Vantage listing interval,resolved_cik,True,2,"ranked by active quarter-end evidence, exchange, and plain common-stock symbol",2014|NASDAQ|mining,201,1,0.0049751244,201.0000000000,20260916
CIK0000037472,AVSC5CAED57C4E4C331,0000037472,Flexsteel Industries Inc,FLXS,NASDAQ,2510,manufacturing,2014Q4,us,MN,1992-02-25,2019-12-31,Alpha Vantage listing interval,resolved_cik,True,1,only eligible resolved security,2014|NASDAQ|manufacturing,3358,18,0.0053603335,186.5555555556,20260916
CIK0000069488,AVSE9B485F82259F8FC,0000069488,Myers Industries Inc,MYE,NYSE,3089,manufacturing,2014Q4,us,OH,1987-09-08,2019-12-31,Alpha Vantage listing interval,resolved_cik,True,1,only eligible resolved security,2014|NYSE|manufacturing,2019,11,0.0054482417,183.5454545455,20260916
CIK0000105319,AVS88F7845DC4A52BC7,0000105319,WW International Inc,WW,NASDAQ,7200,services,2014Q4,us,VA,2001-11-15,2019-12-31,Alpha Vantage listing interval,resolved_cik,True,1,only eligible resolved security,2014|NASDAQ|services,1401,7,0.0049964311,200.1428571429,20260916
CIK0000706129,AVS87DBC124ED311DE5,0000706129,Horizon Bancorp Inc (IN),HBNC,NASDAQ,6022,finance_insurance_real_estate,2014Q4,us,IN,2001-12-17,2019-12-31,Alpha Vantage listing interval,resolved_cik,True,1,only eligible resolved security,2014|NASDAQ|finance_insurance_real_estate,1893,10,0.0052826202,189.3000000000,20260916
CIK0000718937,AVS9962C37458405A5F,0000718937,Staar Surgical Company,STAA,NASDAQ,3851,manufacturing,2014Q4,us,DE,1992-03-02,2019-12-31,Alpha Vantage listing interval,resolved_cik,True,1,only eligible resolved security,2014|NASDAQ|manufacturing,3358,18,0.0053603335,186.5555555556,20260916
CIK0000790051,AVS37BB89A02AC49956,0000790051,Carlisle Companies Inc,CSL,NYSE,3060,manufacturing,2014Q4,us,DE,1987-11-05,2019-12-31,Alpha Vantage listing interval,resolved_cik,True,1,only eligible resolved security,2014|NYSE|manufacturing,2019,11,0.0054482417,183.5454545455,20260916
CIK0000817979,AVS57825083AAD9E8D8,0000817979,Accuride Corp,ACW,NYSE,3714,manufacturing,2014Q4,us,DE,2010-03-03,2019-12-31,Alpha Vantage listing interval,resolved_cik,True,2,"ranked by active quarter-end evidence, exchange, and plain common-stock symbol",2014|NYSE|manufacturing,2019,11,0.0054482417,183.5454545455,20260916
CIK0000918965,AVSBB6347344E526512,0000918965,Scansource Inc,SCSC,NASDAQ,5045,wholesale_trade,2014Q4,us,,1994-03-18,2019-12-31,Alpha Vantage listing interval,resolved_cik,True,1,only eligible resolved security,2014|NASDAQ|wholesale_trade,187,1,0.0053475936,187.0000000000,20260916
CIK0000922863,AVS528B249E4C34047B,0000922863,Quality Distribution Inc,QLTY,NASDAQ,4213,transportation_communications_utilities,2014Q4,us,FL,2003-11-07,2019-12-31,Alpha Vantage listing interval,resolved_cik,True,1,only eligible resolved security,2014|NASDAQ|transportation_communications_utilities,487,3,0.0061601643,162.3333333333,20260916
CIK0001015739,AVS460D75B7FF53FBC1,0001015739,Aware Inc,AWRE,NASDAQ,7372,services,2014Q4,us,MA,1996-11-19,2019-12-31,Alpha Vantage listing interval,resolved_cik,True,1,only eligible resolved security,2014|NASDAQ|services,1401,7,0.0049964311,200.1428571429,20260916
CIK0001024478,AVS840DFEF2443F1178,0001024478,Rockwell Automation Inc,ROK,NYSE,3829,manufacturing,2014Q4,us,DE,1981-12-31,2019-12-31,Alpha Vantage listing interval,resolved_cik,True,1,only eligible resolved security,2014|NYSE|manufacturing,2019,11,0.0054482417,183.5454545455,20260916
CIK0001042776,AVSA7B628B14C3305CD,0001042776,Piedmont Office Realty Trust Inc - Class A,PDM,NYSE,6512,finance_insurance_real_estate,2014Q4,us,MD,2010-02-10,2019-12-31,Alpha Vantage listing interval,resolved_cik,True,1,only eligible resolved security,2014|NYSE|finance_insurance_real_estate,1690,9,0.0053254438,187.7777777778,20260916
CIK0001058090,AVSB7BAB708126056DF,0001058090,Chipotle Mexican Grill,CMG,NYSE,5812,retail_trade,2014Q4,us,,2006-01-26,2019-12-31,Alpha Vantage listing interval,resolved_cik,True,1,only eligible resolved security,2014|NYSE|retail_trade,347,2,0.0057636888,173.5000000000,20260916
CIK0001113232,AVS1B79B1EFA31085CA,0001113232,Axcelis Technologies Inc,ACLS,NASDAQ,3559,manufacturing,2014Q4,us,DE,2000-07-11,2019-12-31,Alpha Vantage listing interval,resolved_cik,True,1,only eligible resolved security,2014|NASDAQ|manufacturing,3358,18,0.0053603335,186.5555555556,20260916
CIK0001169561,AVSFC5CBFF09D5AFDDB,0001169561,Commvault Systems Inc,CVLT,NASDAQ,7372,services,2014Q4,us,DE,2006-09-22,2019-12-31,Alpha Vantage listing interval,resolved_cik,True,1,only eligible resolved security,2014|NASDAQ|services,1401,7,0.0049964311,200.1428571429,20260916
CIK0001176309,AVSED7B9C19121E3643,0001176309,Oramed Pharmaceuticals Inc,ORMP,NASDAQ,2834,manufacturing,2014Q4,us,DE,2006-04-21,2019-12-31,Alpha Vantage listing interval,resolved_cik,True,1,only eligible resolved security,2014|NASDAQ|manufacturing,3358,18,0.0053603335,186.5555555556,20260916
CIK0001314102,AVS7923FC57BBB853A7,0001314102,pSivida Corp,PSDV,NASDAQ,3826,manufacturing,2014Q4,us,DE,2005-01-27,2019-12-31,Alpha Vantage listing interval,resolved_cik,True,3,"ranked by active quarter-end evidence, exchange, and plain common-stock symbol",2014|NASDAQ|manufacturing,3358,18,0.0053603335,186.5555555556,20260916
CIK0001319229,AVSDD33E55E176B5CD5,0001319229,TransMontaigne Partners LP,TLP,NYSE,4610,transportation_communications_utilities,2014Q4,us,DE,2005-05-25,2019-12-31,Alpha Vantage listing interval,resolved_cik,True,2,"ranked by active quarter-end evidence, exchange, and plain common-stock symbol",2014|NYSE|transportation_communications_utilities,712,4,0.0056179775,178.0000000000,20260916
CIK0001336644,AVS9F3504D577C49512,0001336644,Universal Travel Group,UTRA,NYSE,4700,transportation_communications_utilities,2014Q4,us,NV,2012-05-07,2019-12-31,Alpha Vantage listing interval,resolved_cik,False,1,only eligible resolved security,2014|NYSE|transportation_communications_utilities,712,4,0.0056179775,178.0000000000,20260916
CIK0001381668,AVSC63BA9FF00C8FCA8,0001381668,TFS Financial Corporation,TFSL,NASDAQ,6035,finance_insurance_real_estate,2014Q4,us,DE,2007-04-23,2019-12-31,Alpha Vantage listing interval,resolved_cik,True,1,only eligible resolved security,2014|NASDAQ|finance_insurance_real_estate,1893,10,0.0052826202,189.3000000000,20260916
CIK0001390777,AVSD9825917A164D951,0001390777,Bank Of New York Mellon Corp,BNY,NYSE,6022,finance_insurance_real_estate,2014Q4,us,DE,1973-05-03,2019-12-31,Alpha Vantage listing interval,resolved_cik,True,1,only eligible resolved security,2014|NYSE|finance_insurance_real_estate,1690,9,0.0053254438,187.7777777778,20260916
CIK0001402829,AVS0C8826CE23CD2A6F,0001402829,Orion Group Holdings Inc,ORN,NYSE,1600,construction,2014Q4,us,,2007-12-20,2019-12-31,Alpha Vantage listing interval,resolved_cik,True,1,only eligible resolved security,2014|NYSE|construction,151,1,0.0066225166,151.0000000000,20260916
CIK0001421182,AVS4FF3BD3009BD836E,0001421182,Verso Paper Corp,VRS1,NYSE,2621,manufacturing,2014Q4,us,DE,2008-06-09,2019-12-31,Alpha Vantage listing interval,resolved_cik,True,2,"ranked by active quarter-end evidence, exchange, and plain common-stock symbol",2014|NYSE|manufacturing,2019,11,0.0054482417,183.5454545455,20260916
CIK0001497504,AVSD735015F932D519F,0001497504,Dipexium Pharmaceuticals Inc,DPRX,NASDAQ,2834,manufacturing,2014Q4,us,DE,2014-03-13,2019-12-31,Alpha Vantage listing interval,resolved_cik,True,2,"ranked by active quarter-end evidence, exchange, and plain common-stock symbol",2014|NASDAQ|manufacturing,3358,18,0.0053603335,186.5555555556,20260916
CIK0001510580,AVSD1A2B7813AF17F63,0001510580,Kite Pharma Inc,KITE,NASDAQ,2836,manufacturing,2014Q4,us,DE,2014-06-20,2019-12-31,Alpha Vantage listing interval,resolved_cik,True,2,"ranked by active quarter-end evidence, exchange, and plain common-stock symbol",2014|NASDAQ|manufacturing,3358,18,0.0053603335,186.5555555556,20260916
CIK0001538849,AVSBD6B676029DBEB00,0001538849,CrossAmerica Partners LP,CAPL,NYSE,5172,wholesale_trade,2014Q4,us,,2012-10-25,2019-12-31,Alpha Vantage listing interval,resolved_cik,True,1,only eligible resolved security,2014|NYSE|wholesale_trade,164,1,0.0060975610,164.0000000000,20260916
CIK0000036146,AVS5C348FE39366BFB6,0000036146,Trustmark Corp,TRMK,NASDAQ,6021,finance_insurance_real_estate,2015Q1,us,MS,1992-03-03,2019-12-31,Alpha Vantage listing interval,resolved_cik,True,1,only eligible resolved security,2015|NASDAQ|finance_insurance_real_estate,1972,11,0.0055780933,179.2727272727,20260916
CIK0000072573,AVS71A3F753741EA292,0000072573,Movado Group Inc,MOV,NYSE,3873,manufacturing,2015Q1,us,NY,1993-09-30,2019-12-31,Alpha Vantage listing interval,resolved_cik,True,1,only eligible resolved security,2015|NYSE|manufacturing,2089,11,0.0052656774,189.9090909091,20260916
CIK0000072741,AVS8BD56EE16E6F69E6,0000072741,Eversource Energy,ES,NYSE,4911,transportation_communications_utilities,2015Q1,us,MA,1984-08-29,2019-12-31,Alpha Vantage listing interval,resolved_cik,True,1,only eligible resolved security,2015|NYSE|transportation_communications_utilities,743,4,0.0053835801,185.7500000000,20260916
CIK0000318771,AVSA1D0FD290622B5FB,0000318771,GENENTECH INC,DNA,NYSE,2834,manufacturing,2015Q1,us,DE,2001-01-02,2019-12-31,Alpha Vantage listing interval,resolved_cik,False,1,only eligible resolved security,2015|NYSE|manufacturing,2089,11,0.0052656774,189.9090909091,20260916
CIK0000713676,AVSDA29D57356714966,0000713676,PNC Financial Services Group Inc,PNC,NYSE,6021,finance_insurance_real_estate,2015Q1,us,PA,1988-09-07,2019-12-31,Alpha Vantage listing interval,resolved_cik,True,1,only eligible resolved security,2015|NYSE|finance_insurance_real_estate,1793,10,0.0055772448,179.3000000000,20260916
CIK0000732712,AVSEDB81C2088C5098F,0000732712,Verizon Communications Inc,VZ,NYSE,4813,transportation_communications_utilities,2015Q1,us,DE,1983-11-21,2019-12-31,Alpha Vantage listing interval,resolved_cik,True,3,"ranked by active quarter-end evidence, exchange, and plain common-stock symbol",2015|NYSE|transportation_communications_utilities,743,4,0.0053835801,185.7500000000,20260916
CIK0000750577,AVS9AC46FC0F1FEBC90,0000750577,Hancock Whitney Corp,HWC,NASDAQ,6022,finance_insurance_real_estate,2015Q1,us,MS,2001-01-02,2019-12-31,Alpha Vantage listing interval,resolved_cik,True,3,"ranked by active quarter-end evidence, exchange, and plain common-stock symbol",2015|NASDAQ|finance_insurance_real_estate,1972,11,0.0055780933,179.2727272727,20260916
CIK0000771856,AVSF754D736D7848DE8,0000771856,Champions Oncology Inc,CSBR,NASDAQ,2836,manufacturing,2015Q1,us,DE,2007-02-02,2019-12-31,Alpha Vantage listing interval,resolved_cik,True,1,only eligible resolved security,2015|NASDAQ|manufacturing,3623,19,0.0052442727,190.6842105263,20260916
CIK0000809933,AVSAA0252CED3C5F8D4,0000809933,Ecology and Environment,EEI,NASDAQ,8711,services,2015Q1,us,NY,1992-03-17,2019-12-31,Alpha Vantage listing interval,resolved_cik,True,1,only eligible resolved security,2015|NASDAQ|services,1476,8,0.0054200542,184.5000000000,20260916
CIK0000831641,AVS19EB2FDEAC36C5CF,0000831641,Tetra Tech Inc,TTEK,NASDAQ,8711,services,2015Q1,us,DE,1991-12-17,2019-12-31,Alpha Vantage listing interval,resolved_cik,True,1,only eligible resolved security,2015|NASDAQ|services,1476,8,0.0054200542,184.5000000000,20260916
CIK0000895447,AVSEDAC86A0C9D3E999,0000895447,Shoe Carnival Inc,SHOE,NASDAQ,5661,retail_trade,2015Q1,us,IN,1993-03-16,2019-12-31,Alpha Vantage listing interval,resolved_cik,True,1,only eligible resolved security,2015|NASDAQ|retail_trade,445,2,0.0044943820,222.5000000000,20260916
CIK0001005731,AVSA15AE7BC687D0B47,0001005731,IDT Corp - Class B,IDT,NYSE,4813,transportation_communications_utilities,2015Q1,us,DE,2001-05-16,2019-12-31,Alpha Vantage listing interval,resolved_cik,True,1,only eligible resolved security,2015|NYSE|transportation_communications_utilities,743,4,0.0053835801,185.7500000000,20260916
CIK0001024657,AVS694D7779C0E2E02B,0001024657,West Corp,WSTC,NASDAQ,7389,services,2015Q1,us,DE,2013-03-22,2019-12-31,Alpha Vantage listing interval,resolved_cik,True,2,"ranked by active quarter-end evidence, exchange, and plain common-stock symbol",2015|NASDAQ|services,1476,8,0.0054200542,184.5000000000,20260916
CIK0001029199,AVS407B66F10628CD82,0001029199,Euronet Worldwide Inc,EEFT,NASDAQ,6099,finance_insurance_real_estate,2015Q1,us,DE,1997-03-07,2019-12-31,Alpha Vantage listing interval,resolved_cik,True,1,only eligible resolved security,2015|NASDAQ|finance_insurance_real_estate,1972,11,0.0055780933,179.2727272727,20260916
CIK0001056288,AVS90A0BE6B5E0A8C0B,0001056288,Federated Hermes Inc - Class B,FHI,NYSE,6282,finance_insurance_real_estate,2015Q1,us,PA,1998-05-14,2019-12-31,Alpha Vantage listing interval,resolved_cik,True,1,only eligible resolved security,2015|NYSE|finance_insurance_real_estate,1793,10,0.0055772448,179.3000000000,20260916
CIK0001116942,AVS6A05DA599C62C71B,0001116942,TTM Technologies Inc,TTMI,NASDAQ,3672,manufacturing,2015Q1,us,DE,2000-09-25,2019-12-31,Alpha Vantage listing interval,resolved_cik,True,1,only eligible resolved security,2015|NASDAQ|manufacturing,3623,19,0.0052442727,190.6842105263,20260916
CIK0001173313,AVSB94D742C5095F5FD,0001173313,ABVC BioPharma Inc,ABVC,NASDAQ,2834,manufacturing,2015Q1,us,NV,2011-04-05,2019-12-31,Alpha Vantage listing interval,resolved_cik,True,1,only eligible resolved security,2015|NASDAQ|manufacturing,3623,19,0.0052442727,190.6842105263,20260916
CIK0001292653,AVSD573673478A69032,0001292653,Inteliquent Inc,IQNT,NASDAQ,4813,transportation_communications_utilities,2015Q1,us,,2007-11-02,2019-12-31,Alpha Vantage listing interval,resolved_cik,True,2,"ranked by active quarter-end evidence, exchange, and plain common-stock symbol",2015|NASDAQ|transportation_communications_utilities,501,3,0.0059880240,167.0000000000,20260916
CIK0001321646,AVS10935A6644750924,0001321646,Kraton Corp,KRA,NYSE,2821,manufacturing,2015Q1,us,DE,2009-12-17,2019-12-31,Alpha Vantage listing interval,resolved_cik,True,1,only eligible resolved security,2015|NYSE|manufacturing,2089,11,0.0052656774,189.9090909091,20260916
CIK0001345126,AVSA7DA90B24F41C570,0001345126,Compass Diversified Holdings,CODI,NYSE,2510,manufacturing,2015Q1,us,DE,2006-05-18,2019-12-31,Alpha Vantage listing interval,resolved_cik,True,1,only eligible resolved security,2015|NYSE|manufacturing,2089,11,0.0052656774,189.9090909091,20260916
CIK0001356949,AVSCC9B9B49BF8316A6,0001356949,Houston Wire & Cable Company,HWCC,NASDAQ,5063,wholesale_trade,2015Q1,us,,2006-06-15,2019-12-31,Alpha Vantage listing interval,resolved_cik,True,1,only eligible resolved security,2015|NASDAQ|wholesale_trade,198,1,0.0050505051,198.0000000000,20260916
CIK0001472787,AVSECEB5DD704EB220F,0001472787,First American Financial Corp,FAF,NYSE,6361,finance_insurance_real_estate,2015Q1,us,DE,2010-05-28,2019-12-31,Alpha Vantage listing interval,resolved_cik,True,1,only eligible resolved security,2015|NYSE|finance_insurance_real_estate,1793,10,0.0055772448,179.3000000000,20260916
CIK0000041719,AVS4A24CE7558640047,0000041719,Magnera Corp,MAGN,NYSE,2621,manufacturing,2015Q2,us,PA,1984-05-16,2019-12-31,Alpha Vantage listing interval,resolved_cik,True,1,only eligible resolved security,2015|NYSE|manufacturing,2089,11,0.0052656774,189.9090909091,20260916
CIK0000066570,AVS7C2491D13AB85785,0000066570,MSA Safety Inc,MSA,NYSE,3842,manufacturing,2015Q2,us,,1990-03-26,2019-12-31,Alpha Vantage listing interval,resolved_cik,True,1,only eligible resolved security,2015|NYSE|manufacturing,2089,11,0.0052656774,189.9090909091,20260916
CIK0000076282,AVS078351BC2218D98B,0000076282,Park-Ohio Holdings Corp,PKOH,NASDAQ,3460,manufacturing,2015Q2,us,OH,1990-03-26,2019-12-31,Alpha Vantage listing interval,resolved_cik,True,1,only eligible resolved security,2015|NASDAQ|manufacturing,3623,19,0.0052442727,190.6842105263,20260916
CIK0000350894,AVSFD6955CF59CAB3A2,0000350894,SEI Investments Company,SEIC,NASDAQ,6211,finance_insurance_real_estate,2015Q2,us,PA,1990-03-26,2019-12-31,Alpha Vantage listing interval,resolved_cik,True,1,only eligible resolved security,2015|NASDAQ|finance_insurance_real_estate,1972,11,0.0055780933,179.2727272727,20260916
CIK0000760498,AVS29DC0A96BA466857,0000760498,Bancfirst Corp,BANF,NASDAQ,6021,finance_insurance_real_estate,2015Q2,us,OK,1990-03-26,2019-12-31,Alpha Vantage listing interval,resolved_cik,True,1,only eligible resolved security,2015|NASDAQ|finance_insurance_real_estate,1972,11,0.0055780933,179.2727272727,20260916
CIK0000773840,AVSBA9133320F8C362F,0000773840,Honeywell International Inc,HON,NASDAQ,3724,manufacturing,2015Q2,us,DE,1970-01-02,2019-12-31,Alpha Vantage listing interval,resolved_cik,True,1,only eligible resolved security,2015|NASDAQ|manufacturing,3623,19,0.0052442727,190.6842105263,20260916
CIK0000858446,AVS3BDEAEDBE87B5C25,0000858446,Intercontinental Hotels Group,IHG,NYSE,7011,services,2015Q2,us,DE,2003-04-10,2019-12-31,Alpha Vantage listing interval,resolved_cik,True,1,only eligible resolved security,2015|NYSE|services,890,5,0.0056179775,178.0000000000,20260916
CIK0001040470,AVSCE138AB411F8B75E,0001040470,Aehr Test Systems,AEHR,NASDAQ,3825,manufacturing,2015Q2,us,CA,1997-08-15,2019-12-31,Alpha Vantage listing interval,resolved_cik,True,1,only eligible resolved security,2015|NASDAQ|manufacturing,3623,19,0.0052442727,190.6842105263,20260916
CIK0001072627,AVS780E7E10858B63FA,0001072627,Kingsway Corp,KWY,NYSE,6331,finance_insurance_real_estate,2015Q2,us,DE,1998-05-06,2019-12-31,Alpha Vantage listing interval,resolved_cik,True,1,only eligible resolved security,2015|NYSE|finance_insurance_real_estate,1793,10,0.0055772448,179.3000000000,20260916
CIK0001170010,AVS858F52EEC9D3093A,0001170010,Carmax Inc,KMX,NYSE,5500,retail_trade,2015Q2,us,VA,1997-02-04,2019-12-31,Alpha Vantage listing interval,resolved_cik,True,1,only eligible resolved security,2015|NYSE|retail_trade,362,2,0.0055248619,181.0000000000,20260916
CIK0001353283,AVS7DDF60CD4B245C71,0001353283,Splunk Inc,SPLK,NASDAQ,7372,services,2015Q2,us,,2012-04-19,2019-12-31,Alpha Vantage listing interval,resolved_cik,True,1,only eligible resolved security,2015|NASDAQ|services,1476,8,0.0054200542,184.5000000000,20260916
CIK0001376610,AVS7057BA0E5411B99C,0001376610,Allied Nevada Gold Corp,ANVGQ,NYSE,1040,mining,2015Q2,us,DE,2015-03-10,2019-12-31,Alpha Vantage listing interval,resolved_cik,True,3,"ranked by active quarter-end evidence, exchange, and plain common-stock symbol",2015|NYSE|mining,477,3,0.0062893082,159.0000000000,20260916
CIK0001533040,AVSE37E26E930C5DE0F,0001533040,Phio Pharmaceuticals Corp,PHIO,NASDAQ,2834,manufacturing,2015Q2,us,DE,2012-05-10,2019-12-31,Alpha Vantage listing interval,resolved_cik,True,1,only eligible resolved security,2015|NASDAQ|manufacturing,3623,19,0.0052442727,190.6842105263,20260916
CIK0001981535,AVS52F384FAB7FF8435,0001981535,SharpLink Gaming Ltd,SBET,NASDAQ,6199,finance_insurance_real_estate,2015Q2,us,DE,1997-05-21,2019-12-31,Alpha Vantage listing interval,resolved_cik,True,1,only eligible resolved security,2015|NASDAQ|finance_insurance_real_estate,1972,11,0.0055780933,179.2727272727,20260916
CIK0000010795,AVS33CAD7AAC2847063,0000010795,Becton Dickinson & Company,BDX,NYSE,3841,manufacturing,2015Q3,us,NJ,1983-04-06,2019-12-31,Alpha Vantage listing interval,resolved_cik,True,1,only eligible resolved security,2015|NYSE|manufacturing,2089,11,0.0052656774,189.9090909091,20260916
CIK0000103145,AVSAEB41C6F75DAF703,0000103145,Veeco Instruments Inc,VECO,NASDAQ,3559,manufacturing,2015Q3,us,DE,1994-11-29,2019-12-31,Alpha Vantage listing interval,resolved_cik,True,1,only eligible resolved security,2015|NASDAQ|manufacturing,3623,19,0.0052442727,190.6842105263,20260916
CIK0000109156,AVSE02FE7DA2A35FCD4,0000109156,Zale Corp,ZLC,NYSE,5944,retail_trade,2015Q3,us,DE,1993-08-09,2019-12-31,Alpha Vantage listing interval,resolved_cik,False,1,only eligible resolved security,2015|NYSE|retail_trade,362,2,0.0055248619,181.0000000000,20260916
CIK0000864240,AVSE24503CB4783364C,0000864240,Sypris Solutions Inc,SYPR,NASDAQ,3823,manufacturing,2015Q3,us,DE,1994-05-19,2019-12-31,Alpha Vantage listing interval,resolved_cik,True,1,only eligible resolved security,2015|NASDAQ|manufacturing,3623,19,0.0052442727,190.6842105263,20260916
CIK0000880266,AVS0718A7FA3971B4A4,0000880266,AGCO Corp,AGCO,NYSE,3523,manufacturing,2015Q3,us,DE,1992-04-20,2019-12-31,Alpha Vantage listing interval,resolved_cik,True,1,only eligible resolved security,2015|NYSE|manufacturing,2089,11,0.0052656774,189.9090909091,20260916
CIK0000889900,AVS23DA37B62DB3790C,0000889900,Patterson-UTI Energy Inc,PTEN,NASDAQ,1381,mining,2015Q3,us,DE,1993-11-02,2019-12-31,Alpha Vantage listing interval,resolved_cik,True,1,only eligible resolved security,2015|NASDAQ|mining,206,1,0.0048543689,206.0000000000,20260916
CIK0000906163,AVS5101B67014E20244,0000906163,NVR Inc,NVR,NYSE,1531,construction,2015Q3,us,VA,1985-07-22,2019-12-31,Alpha Vantage listing interval,resolved_cik,True,1,only eligible resolved security,2015|NYSE|construction,154,1,0.0064935065,154.0000000000,20260916
CIK0001007330,AVSDF06CB5955C48091,0001007330,PRGX Global Inc,PRGX,NYSE,8700,services,2015Q3,us,GA,1996-03-27,2019-12-31,Alpha Vantage listing interval,resolved_cik,True,1,only eligible resolved security,2015|NYSE|services,890,5,0.0056179775,178.0000000000,20260916
CIK0001043000,AVS0B5EF118391CFAEB,0001043000,Sonida Senior Living Inc,SNDA,NYSE,8050,services,2015Q3,us,DE,1997-10-31,2019-12-31,Alpha Vantage listing interval,resolved_cik,True,1,only eligible resolved security,2015|NYSE|services,890,5,0.0056179775,178.0000000000,20260916
CIK0001054833,AVSC9FA19C23C7FC456,0001054833,Coventry Health Care Inc,CVH,NYSE,6324,finance_insurance_real_estate,2015Q3,us,DE,2006-12-28,2019-12-31,Alpha Vantage listing interval,resolved_cik,False,1,only eligible resolved security,2015|NYSE|finance_insurance_real_estate,1793,10,0.0055772448,179.3000000000,20260916
CIK0001124608,AVS724775C477D82320,0001124608,Response Genetics Inc,RGDX,NASDAQ,2835,manufacturing,2015Q3,us,,2007-06-05,2019-12-31,Alpha Vantage listing interval,resolved_cik,False,2,"ranked by active quarter-end evidence, exchange, and plain common-stock symbol",2015|NASDAQ|manufacturing,3623,19,0.0052442727,190.6842105263,20260916
CIK0001143513,AVS635879FE5D39C4EB,0001143513,Gladstone Capital Corp,GLAD,NASDAQ,,unknown,2015Q3,us,MD,2002-08-02,2019-12-31,Alpha Vantage listing interval,resolved_cik,True,3,"ranked by active quarter-end evidence, exchange, and plain common-stock symbol",2015|NASDAQ|unknown,132,1,0.0075757576,132.0000000000,20260916
CIK0001339947,AVS358F7271B5023513,0001339947,Viacom Inc,VIA,NASDAQ,4841,transportation_communications_utilities,2015Q3,us,DE,2005-12-05,2019-12-31,Alpha Vantage listing interval,resolved_cik,True,4,"ranked by active quarter-end evidence, exchange, and plain common-stock symbol",2015|NASDAQ|transportation_communications_utilities,501,3,0.0059880240,167.0000000000,20260916
CIK0001357660,AVS038B29598E64A378,0001357660,Synthetic FixedIncome Securities Inc Synthetic FixedIncome Securities Inc Floating Rate Structured Repackaged AssetBacked Trust Securities Certificates,GJT,NYSE,6189,finance_insurance_real_estate,2015Q3,us,,2007-08-01,2019-12-31,Alpha Vantage listing interval,resolved_cik,True,1,only eligible resolved security,2015|NYSE|finance_insurance_real_estate,1793,10,0.0055772448,179.3000000000,20260916
CIK0001378718,AVS36C50D3AD3BF0074,0001378718,Wesco Aircraft Holdings Inc,WAIR,NYSE,5072,wholesale_trade,2015Q3,us,,2011-07-28,2019-12-31,Alpha Vantage listing interval,resolved_cik,True,1,only eligible resolved security,2015|NYSE|wholesale_trade,173,1,0.0057803468,173.0000000000,20260916
CIK0001424929,AVS6507D4C8E2CF0232,0001424929,Fox Factory Holding Corp,FOXF,NASDAQ,3751,manufacturing,2015Q3,us,DE,2013-08-08,2019-12-31,Alpha Vantage listing interval,resolved_cik,True,1,only eligible resolved security,2015|NASDAQ|manufacturing,3623,19,0.0052442727,190.6842105263,20260916
CIK0001447051,AVS0AA61A5FE80E364D,0001447051,Territorial Bancorp Inc,TBNK,NASDAQ,6035,finance_insurance_real_estate,2015Q3,us,,2009-07-13,2019-12-31,Alpha Vantage listing interval,resolved_cik,True,1,only eligible resolved security,2015|NASDAQ|finance_insurance_real_estate,1972,11,0.0055780933,179.2727272727,20260916
CIK0001453814,AVS37D3A5DB0412F416,0001453814,Medidata Solutions Inc,MDSO,NASDAQ,7372,services,2015Q3,us,DE,2009-06-25,2019-12-31,Alpha Vantage listing interval,resolved_cik,True,2,"ranked by active quarter-end evidence, exchange, and plain common-stock symbol",2015|NASDAQ|services,1476,8,0.0054200542,184.5000000000,20260916
CIK0001505155,AVSA7717DCCFE2CE428,0001505155,Upland Software Inc,UPLD,NASDAQ,7372,services,2015Q3,us,TX,2014-11-06,2019-12-31,Alpha Vantage listing interval,resolved_cik,True,1,only eligible resolved security,2015|NASDAQ|services,1476,8,0.0054200542,184.5000000000,20260916
CIK0001514183,AVS6E2CEA3326B43D0D,0001514183,SILO Pharma Inc,SILO,NASDAQ,2834,manufacturing,2015Q3,us,NV,2014-05-13,2019-12-31,Alpha Vantage listing interval,resolved_cik,True,1,only eligible resolved security,2015|NASDAQ|manufacturing,3623,19,0.0052442727,190.6842105263,20260916
CIK0001547063,AVS312C0C713696C107,0001547063,Taminco Corp,TAM,NYSE,2860,manufacturing,2015Q3,us,DE,2000-01-03,2019-12-31,Alpha Vantage listing interval,resolved_cik,False,1,only eligible resolved security,2015|NYSE|manufacturing,2089,11,0.0052656774,189.9090909091,20260916
CIK0000078003,AVS003E1D7AE0C34E87,0000078003,Pfizer Inc,PFE,NYSE,2834,manufacturing,2015Q4,us,DE,1972-06-01,2019-12-31,Alpha Vantage listing interval,resolved_cik,True,1,only eligible resolved security,2015|NYSE|manufacturing,2089,11,0.0052656774,189.9090909091,20260916
CIK0000109380,AVSA46A8D87D7C16BE8,0000109380,Zions Bancorporation N.A,ZION,NASDAQ,6021,finance_insurance_real_estate,2015Q4,us,UT,1990-03-26,2019-12-31,Alpha Vantage listing interval,resolved_cik,True,2,"ranked by active quarter-end evidence, exchange, and plain common-stock symbol",2015|NASDAQ|finance_insurance_real_estate,1972,11,0.0055780933,179.2727272727,20260916
CIK0000700564,AVSC1CC9B145A6380F1,0000700564,Fulton Financial Corp,FULT,NASDAQ,6021,finance_insurance_real_estate,2015Q4,us,PA,1990-03-26,2019-12-31,Alpha Vantage listing interval,resolved_cik,True,1,only eligible resolved security,2015|NASDAQ|finance_insurance_real_estate,1972,11,0.0055780933,179.2727272727,20260916
CIK0000726513,AVSF2FFE13B52DE417E,0000726513,Tribune Media Company,TRCO,NYSE,4833,transportation_communications_utilities,2015Q4,us,DE,2013-01-07,2019-12-31,Alpha Vantage listing interval,resolved_cik,True,2,"ranked by active quarter-end evidence, exchange, and plain common-stock symbol",2015|NYSE|transportation_communications_utilities,743,4,0.0053835801,185.7500000000,20260916
CIK0000872912,AVS63FAC84B5ED91591,0000872912,Delcath Systems Inc,DCTH,NASDAQ,3841,manufacturing,2015Q4,us,DE,2002-05-02,2019-12-31,Alpha Vantage listing interval,resolved_cik,True,1,only eligible resolved security,2015|NASDAQ|manufacturing,3623,19,0.0052442727,190.6842105263,20260916
CIK0000921825,AVSF0AECA9072918358,0000921825,First Industrial Realty Trust Inc,FR,NYSE,6798,finance_insurance_real_estate,2015Q4,us,MD,1994-06-24,2019-12-31,Alpha Vantage listing interval,resolved_cik,True,1,only eligible resolved security,2015|NYSE|finance_insurance_real_estate,1793,10,0.0055772448,179.3000000000,20260916
CIK0000928421,AVS26179FCCDECAEEB2,0000928421,Mattson Technology Inc,MTSN,NASDAQ,3559,manufacturing,2015Q4,us,DE,1994-09-28,2019-12-31,Alpha Vantage listing interval,resolved_cik,True,2,"ranked by active quarter-end evidence, exchange, and plain common-stock symbol",2015|NASDAQ|manufacturing,3623,19,0.0052442727,190.6842105263,20260916
CIK0001000230,AVS19D9E2693C2A77BC,0001000230,Optical Cable Corp,OCC,NASDAQ,3357,manufacturing,2015Q4,us,VA,1996-04-02,2019-12-31,Alpha Vantage listing interval,resolved_cik,True,1,only eligible resolved security,2015|NASDAQ|manufacturing,3623,19,0.0052442727,190.6842105263,20260916
CIK0001015739,AVS460D75B7FF53FBC1,0001015739,Aware Inc,AWRE,NASDAQ,7372,services,2015Q4,us,MA,1996-11-19,2019-12-31,Alpha Vantage listing interval,resolved_cik,True,1,only eligible resolved security,2015|NASDAQ|services,1476,8,0.0054200542,184.5000000000,20260916
CIK0001022225,AVS77D9FEE5A10FF763,0001022225,Oplink Communications Inc,OPLK,NASDAQ,3661,manufacturing,2015Q4,us,DE,2000-10-04,2019-12-31,Alpha Vantage listing interval,resolved_cik,False,1,only eligible resolved security,2015|NASDAQ|manufacturing,3623,19,0.0052442727,190.6842105263,20260916
CIK0001034670,AVSB40678D39FF54377,0001034670,Autoliv Inc,ALV,NYSE,3714,manufacturing,2015Q4,us,DE,1997-04-28,2019-12-31,Alpha Vantage listing interval,resolved_cik,True,1,only eligible resolved security,2015|NYSE|manufacturing,2089,11,0.0052656774,189.9090909091,20260916
CIK0001043000,AVS0B5EF118391CFAEB,0001043000,Sonida Senior Living Inc,SNDA,NYSE,8050,services,2015Q4,us,DE,1997-10-31,2019-12-31,Alpha Vantage listing interval,resolved_cik,True,1,only eligible resolved security,2015|NYSE|services,890,5,0.0056179775,178.0000000000,20260916
CIK0001054833,AVSC9FA19C23C7FC456,0001054833,Coventry Health Care Inc,CVH,NYSE,6324,finance_insurance_real_estate,2015Q4,us,DE,2006-12-28,2019-12-31,Alpha Vantage listing interval,resolved_cik,False,1,only eligible resolved security,2015|NYSE|finance_insurance_real_estate,1793,10,0.0055772448,179.3000000000,20260916
CIK0001058307,AVS5AF19A7CE9067450,0001058307,NextPlat Corp,NXPL,NASDAQ,4813,transportation_communications_utilities,2015Q4,us,NV,2014-05-20,2019-12-31,Alpha Vantage listing interval,resolved_cik,True,1,only eligible resolved security,2015|NASDAQ|transportation_communications_utilities,501,3,0.0059880240,167.0000000000,20260916
CIK0001089143,AVS17C80D6F88BBCCE3,0001089143,Collectors Universe Inc,CLCT,NASDAQ,7389,services,2015Q4,us,DE,1999-11-05,2019-12-31,Alpha Vantage listing interval,resolved_cik,True,1,only eligible resolved security,2015|NASDAQ|services,1476,8,0.0054200542,184.5000000000,20260916
CIK0001126328,AVS2F0DF0A48225490F,0001126328,Principal Financial Group Inc,PFG,NASDAQ,6321,finance_insurance_real_estate,2015Q4,us,DE,2001-10-23,2019-12-31,Alpha Vantage listing interval,resolved_cik,True,1,only eligible resolved security,2015|NASDAQ|finance_insurance_real_estate,1972,11,0.0055780933,179.2727272727,20260916
CIK0001169652,AVSE634918466E2EE11,0001169652,ChannelAdvisor Corp,ECOM,NYSE,7372,services,2015Q4,us,DE,2013-05-23,2019-12-31,Alpha Vantage listing interval,resolved_cik,True,1,only eligible resolved security,2015|NYSE|services,890,5,0.0056179775,178.0000000000,20260916
CIK0001178970,AVSB99C9594102A94B6,0001178970,Provident Financial Services Inc,PFS,NYSE,6035,finance_insurance_real_estate,2015Q4,us,DE,2003-01-16,2019-12-31,Alpha Vantage listing interval,resolved_cik,True,1,only eligible resolved security,2015|NYSE|finance_insurance_real_estate,1793,10,0.0055772448,179.3000000000,20260916
CIK0001355096,AVS15733B2C8826382E,0001355096,Liberty Interactive Corp,QVCA,NASDAQ,5961,retail_trade,2015Q4,us,,2006-05-10,2019-12-31,Alpha Vantage listing interval,resolved_cik,True,4,"ranked by active quarter-end evidence, exchange, and plain common-stock symbol",2015|NASDAQ|retail_trade,445,2,0.0044943820,222.5000000000,20260916
CIK0001376610,AVS7057BA0E5411B99C,0001376610,Allied Nevada Gold Corp,ANVGQ,NYSE,1040,mining,2015Q4,us,DE,2015-03-10,2019-12-31,Alpha Vantage listing interval,resolved_cik,True,3,"ranked by active quarter-end evidence, exchange, and plain common-stock symbol",2015|NYSE|mining,477,3,0.0062893082,159.0000000000,20260916
CIK0001421419,AVS890E735A4F7EEABF,0001421419,AGA Medical Holdings Inc,AGAM,NASDAQ,3845,manufacturing,2015Q4,us,DE,2009-10-21,2019-12-31,Alpha Vantage listing interval,resolved_cik,False,1,only eligible resolved security,2015|NASDAQ|manufacturing,3623,19,0.0052442727,190.6842105263,20260916
CIK0001514183,AVS6E2CEA3326B43D0D,0001514183,SILO Pharma Inc,SILO,NASDAQ,2834,manufacturing,2015Q4,us,NV,2014-05-13,2019-12-31,Alpha Vantage listing interval,resolved_cik,True,1,only eligible resolved security,2015|NASDAQ|manufacturing,3623,19,0.0052442727,190.6842105263,20260916
CIK0001553023,AVSB718B842651DC184,0001553023,CyrusOne Inc,CONE,NASDAQ,6798,finance_insurance_real_estate,2015Q4,us,DE,2013-01-18,2019-12-31,Alpha Vantage listing interval,resolved_cik,True,1,only eligible resolved security,2015|NASDAQ|finance_insurance_real_estate,1972,11,0.0055780933,179.2727272727,20260916
CIK0001578732,AVS8DF1597D2ACA0437,0001578732,Marcus & Millichap Inc,MMI,NYSE,6531,finance_insurance_real_estate,2015Q4,us,,2013-10-31,2019-12-31,Alpha Vantage listing interval,resolved_cik,True,1,only eligible resolved security,2015|NYSE|finance_insurance_real_estate,1793,10,0.0055772448,179.3000000000,20260916
CIK0001588216,AVSDB64519E503C913E,0001588216,RSP Permian Inc,RSPP,NYSE,1311,mining,2015Q4,us,,2014-01-17,2019-12-31,Alpha Vantage listing interval,resolved_cik,True,2,"ranked by active quarter-end evidence, exchange, and plain common-stock symbol",2015|NYSE|mining,477,3,0.0062893082,159.0000000000,20260916
CIK0001707919,AVSC64CF1A629DF33C9,0001707919,Cenntro Electric Group Ltd,CENN,NASDAQ,3711,manufacturing,2015Q4,us,NV,2009-12-16,2019-12-31,Alpha Vantage listing interval,resolved_cik,True,1,only eligible resolved security,2015|NASDAQ|manufacturing,3623,19,0.0052442727,190.6842105263,20260916
CIK0000001750,AVS336925A290DD6DD9,0000001750,AAR Corp,AIR,NYSE,3720,manufacturing,2016Q1,us,DE,1984-07-19,2019-12-31,Alpha Vantage listing interval,resolved_cik,True,1,only eligible resolved security,2016|NYSE|manufacturing,2168,12,0.0055350554,180.6666666667,20260916
CIK0000055529,AVS6E2EA7A5FF27524E,0000055529,Kewaunee Scientific Corporation,KEQU,NASDAQ,3821,manufacturing,2016Q1,us,DE,1992-02-25,2019-12-31,Alpha Vantage listing interval,resolved_cik,True,1,only eligible resolved security,2016|NASDAQ|manufacturing,3946,21,0.0053218449,187.9047619048,20260916
CIK0000076267,AVS40D4AD35FE685D8F,0000076267,Park Aerospace Corp,PKE,NYSE,3728,manufacturing,2016Q1,us,NY,1987-12-30,2019-12-31,Alpha Vantage listing interval,resolved_cik,True,1,only eligible resolved security,2016|NYSE|manufacturing,2168,12,0.0055350554,180.6666666667,20260916
CIK0000215419,AVSB616337AB996D8AD,0000215419,Checkpoint Systems Inc,CKP,NYSE,3669,manufacturing,2016Q1,us,PA,1986-11-12,2019-12-31,Alpha Vantage listing interval,resolved_cik,True,2,"ranked by active quarter-end evidence, exchange, and plain common-stock symbol",2016|NYSE|manufacturing,2168,12,0.0055350554,180.6666666667,20260916
CIK0000351077,AVSB82B1D2E6A66A2D6,0000351077,Citizens Republic Bancorp Inc,CRBC,NASDAQ,6021,finance_insurance_real_estate,2016Q1,us,MI,2006-12-28,2019-12-31,Alpha Vantage listing interval,resolved_cik,False,1,only eligible resolved security,2016|NASDAQ|finance_insurance_real_estate,2135,11,0.0051522248,194.0909090909,20260916
CIK0000700863,AVSDB4758D922F256E4,0000700863,Susquehanna Bancshares Inc,SUSQ,NASDAQ,6021,finance_insurance_real_estate,2016Q1,us,PA,1990-03-26,2019-12-31,Alpha Vantage listing interval,resolved_cik,False,1,only eligible resolved security,2016|NASDAQ|finance_insurance_real_estate,2135,11,0.0051522248,194.0909090909,20260916
CIK0000715957,AVS53EDA942F3A8DB4A,0000715957,Dominion Energy Inc,D,NYSE,4911,transportation_communications_utilities,2016Q1,us,VA,1984-10-03,2019-12-31,Alpha Vantage listing interval,resolved_cik,True,1,only eligible resolved security,2016|NYSE|transportation_communications_utilities,769,4,0.0052015605,192.2500000000,20260916
CIK0000740664,AVS0C910DAE0970D38D,0000740664,RF Industries Ltd,RFIL,NASDAQ,3678,manufacturing,2016Q1,us,NV,1997-05-28,2019-12-31,Alpha Vantage listing interval,resolved_cik,True,1,only eligible resolved security,2016|NASDAQ|manufacturing,3946,21,0.0053218449,187.9047619048,20260916
CIK0000918581,AVS714AC58EDAE463C6,0000918581,CIBER Inc,CBR,NYSE,7371,services,2016Q1,us,DE,1994-03-17,2019-12-31,Alpha Vantage listing interval,resolved_cik,True,2,"ranked by active quarter-end evidence, exchange, and plain common-stock symbol",2016|NYSE|services,958,5,0.0052192067,191.6000000000,20260916
CIK0001019849,AVSF3D678866EB01CCC,0001019849,Penske Automotive Group Inc,PAG,NYSE,5500,retail_trade,2016Q1,us,DE,1996-10-23,2019-12-31,Alpha Vantage listing interval,resolved_cik,True,1,only eligible resolved security,2016|NYSE|retail_trade,381,2,0.0052493438,190.5000000000,20260916
CIK0001037540,AVS9B7D248927C55748,0001037540,Boston Properties Inc,BXP,NYSE,6798,finance_insurance_real_estate,2016Q1,us,DE,1997-06-18,2019-12-31,Alpha Vantage listing interval,resolved_cik,True,1,only eligible resolved security,2016|NYSE|finance_insurance_real_estate,1853,10,0.0053966541,185.3000000000,20260916
CIK0001044777,AVS2AA1D4A45E4B7BC4,0001044777,OneSpan Inc,OSPN,NASDAQ,7373,services,2016Q1,us,DE,2001-01-02,2019-12-31,Alpha Vantage listing interval,resolved_cik,True,3,"ranked by active quarter-end evidence, exchange, and plain common-stock symbol",2016|NASDAQ|services,1629,9,0.0055248619,181.0000000000,20260916
CIK0001235007,AVS6BA80B20EF51DE84,0001235007,Endocyte Inc,ECYT,NASDAQ,2834,manufacturing,2016Q1,us,DE,2011-02-04,2019-12-31,Alpha Vantage listing interval,resolved_cik,True,2,"ranked by active quarter-end evidence, exchange, and plain common-stock symbol",2016|NASDAQ|manufacturing,3946,21,0.0053218449,187.9047619048,20260916
CIK0001299709,AVS1FA7F2DFD1BB1CD3,0001299709,BofI Holding Inc,BOFI,NASDAQ,6035,finance_insurance_real_estate,2016Q1,us,DE,2005-03-15,2019-12-31,Alpha Vantage listing interval,resolved_cik,True,2,"ranked by active quarter-end evidence, exchange, and plain common-stock symbol",2016|NASDAQ|finance_insurance_real_estate,2135,11,0.0051522248,194.0909090909,20260916
CIK0001302387,AVSFED97BF3C9F637CD,0001302387,BV Financial Inc,BVFL,NASDAQ,6035,finance_insurance_real_estate,2016Q1,us,MD,2016-01-13,2019-12-31,Alpha Vantage listing interval,resolved_cik,True,1,only eligible resolved security,2016|NASDAQ|finance_insurance_real_estate,2135,11,0.0051522248,194.0909090909,20260916
CIK0001329919,AVSA9B9FB9D3230004D,0001329919,Vocus Inc,VOCS,NASDAQ,7372,services,2016Q1,us,DE,2005-12-07,2019-12-31,Alpha Vantage listing interval,resolved_cik,False,1,only eligible resolved security,2016|NASDAQ|services,1629,9,0.0055248619,181.0000000000,20260916
CIK0001370755,AVS8883D314C9EC5411,0001370755,BlackRock TCP Capital Corp,TCPC,NASDAQ,,unknown,2016Q1,us,DE,2012-04-04,2019-12-31,Alpha Vantage listing interval,resolved_cik,True,1,only eligible resolved security,2016|NASDAQ|unknown,133,1,0.0075187970,133.0000000000,20260916
CIK0001386858,AVS840843F03D64550B,0001386858,Hyperion Therapeutics Inc,HPTX,NASDAQ,2834,manufacturing,2016Q1,us,DE,2012-07-26,2019-12-31,Alpha Vantage listing interval,resolved_cik,False,1,only eligible resolved security,2016|NASDAQ|manufacturing,3946,21,0.0053218449,187.9047619048,20260916
CIK0001459200,AVSAFCB8316BE9C3264,0001459200,Alarm.com Holdings Inc,ALRM,NASDAQ,7372,services,2016Q1,us,DE,2015-06-26,2019-12-31,Alpha Vantage listing interval,resolved_cik,True,1,only eligible resolved security,2016|NASDAQ|services,1629,9,0.0055248619,181.0000000000,20260916
CIK0001506401,AVSBD0B6E9B265DF6AE,0001506401,InfraREIT Inc,HIFR,NYSE,6798,finance_insurance_real_estate,2016Q1,us,MD,2015-01-30,2019-12-31,Alpha Vantage listing interval,resolved_cik,True,2,"ranked by active quarter-end evidence, exchange, and plain common-stock symbol",2016|NYSE|finance_insurance_real_estate,1853,10,0.0053966541,185.3000000000,20260916
CIK0001524931,AVS348CE78F9E9B068E,0001524931,Chuy`s Holdings Inc,CHUY,NASDAQ,5812,retail_trade,2016Q1,us,DE,2012-07-24,2019-12-31,Alpha Vantage listing interval,resolved_cik,True,1,only eligible resolved security,2016|NASDAQ|retail_trade,469,3,0.0063965885,156.3333333333,20260916
CIK0001585608,AVS3BA9CA534DC29CA3,0001585608,Jaguar Health Inc,JAGX,NASDAQ,2834,manufacturing,2016Q1,us,DE,2015-05-13,2019-12-31,Alpha Vantage listing interval,resolved_cik,True,1,only eligible resolved security,2016|NASDAQ|manufacturing,3946,21,0.0053218449,187.9047619048,20260916
CIK0001587987,AVSDE3C88FB6F965F63,0001587987,NewtekOne Inc,NEWT,NASDAQ,6021,finance_insurance_real_estate,2016Q1,us,MD,2000-09-27,2019-12-31,Alpha Vantage listing interval,resolved_cik,True,3,"ranked by active quarter-end evidence, exchange, and plain common-stock symbol",2016|NASDAQ|finance_insurance_real_estate,2135,11,0.0051522248,194.0909090909,20260916
CIK0000023111,AVS4D7F398CB179CADF,0000023111,Computer Task Group Inc,CTG,NASDAQ,7371,services,2016Q2,us,NY,1988-01-05,2019-12-31,Alpha Vantage listing interval,resolved_cik,True,1,only eligible resolved security,2016|NASDAQ|services,1629,9,0.0055248619,181.0000000000,20260916
CIK0000030625,AVSD9018EB841FE838A,0000030625,Flowserve Corp,FLS,NYSE,3561,manufacturing,2016Q2,us,NY,1990-03-26,2019-12-31,Alpha Vantage listing interval,resolved_cik,True,1,only eligible resolved security,2016|NYSE|manufacturing,2168,12,0.0055350554,180.6666666667,20260916
CIK0000070858,AVSDDBB20EA4AE41A4B,0000070858,Bank Of America Corp,BAC,NYSE,6021,finance_insurance_real_estate,2016Q2,us,DE,1986-05-29,2019-12-31,Alpha Vantage listing interval,resolved_cik,True,1,only eligible resolved security,2016|NYSE|finance_insurance_real_estate,1853,10,0.0053966541,185.3000000000,20260916
CIK0000077543,AVSADC326A30F080DAA,0000077543,Tutor Perini Corp,TPC,NYSE,1540,construction,2016Q2,us,MA,1973-05-03,2019-12-31,Alpha Vantage listing interval,resolved_cik,True,1,only eligible resolved security,2016|NYSE|construction,156,1,0.0064102564,156.0000000000,20260916
CIK0000723612,AVSCEC14CE74A4E58DE,0000723612,Avis Budget Group Inc,CAR,NASDAQ,7510,services,2016Q2,us,DE,1990-01-12,2019-12-31,Alpha Vantage listing interval,resolved_cik,True,1,only eligible resolved security,2016|NASDAQ|services,1629,9,0.0055248619,181.0000000000,20260916
CIK0000815094,AVSE684B1CFB175CDA2,0000815094,Abiomed Inc,ABMD,NASDAQ,3841,manufacturing,2016Q2,us,DE,1987-07-30,2019-12-31,Alpha Vantage listing interval,resolved_cik,True,1,only eligible resolved security,2016|NASDAQ|manufacturing,3946,21,0.0053218449,187.9047619048,20260916
CIK0001076195,AVS9CB4DA311E18689A,0001076195,Life Time Fitness Inc,LTM1,NYSE,7997,services,2016Q2,us,MN,2004-07-26,2019-12-31,Alpha Vantage listing interval,resolved_cik,False,1,only eligible resolved security,2016|NYSE|services,958,5,0.0052192067,191.6000000000,20260916
CIK0001086222,AVS37C4A54D713D3BAF,0001086222,Akamai Technologies Inc,AKAM,NASDAQ,7389,services,2016Q2,us,DE,1999-10-29,2019-12-31,Alpha Vantage listing interval,resolved_cik,True,1,only eligible resolved security,2016|NASDAQ|services,1629,9,0.0055248619,181.0000000000,20260916
CIK0001120462,AVS2084BDA00637A78C,0001120462,IOWA TELECOMMUNICATIONS SERVICES INC,IWA,NYSE,4813,transportation_communications_utilities,2016Q2,us,IA,2000-02-11,2019-12-31,Alpha Vantage listing interval,resolved_cik,False,1,only eligible resolved security,2016|NYSE|transportation_communications_utilities,769,4,0.0052015605,192.2500000000,20260916
CIK0001164727,AVSD5A86C6A080EC08F,0001164727,Newmont Corp,NEM,NYSE,1040,mining,2016Q2,us,DE,1983-04-06,2019-12-31,Alpha Vantage listing interval,resolved_cik,True,1,only eligible resolved security,2016|NYSE|mining,496,3,0.0060483871,165.3333333333,20260916
CIK0001237831,AVS69EB646773AF2C33,0001237831,Globus Medical Inc - Class A,GMED,NYSE,3841,manufacturing,2016Q2,us,DE,2012-08-03,2019-12-31,Alpha Vantage listing interval,resolved_cik,True,1,only eligible resolved security,2016|NYSE|manufacturing,2168,12,0.0055350554,180.6666666667,20260916
CIK0001292653,AVSD573673478A69032,0001292653,Inteliquent Inc,IQNT,NASDAQ,4813,transportation_communications_utilities,2016Q2,us,,2007-11-02,2019-12-31,Alpha Vantage listing interval,resolved_cik,True,2,"ranked by active quarter-end evidence, exchange, and plain common-stock symbol",2016|NASDAQ|transportation_communications_utilities,533,3,0.0056285178,177.6666666667,20260916
CIK0001347178,AVSAF628D7B24CB4CDF,0001347178,Vanda Pharmaceuticals Inc,VNDA,NASDAQ,2834,manufacturing,2016Q2,us,DE,2006-04-12,2019-12-31,Alpha Vantage listing interval,resolved_cik,True,1,only eligible resolved security,2016|NASDAQ|manufacturing,3946,21,0.0053218449,187.9047619048,20260916
CIK0001379246,AVS8816C677F9CAA2D4,0001379246,Body Central Corp,BODY,NASDAQ,5600,retail_trade,2016Q2,us,DE,2010-10-15,2019-12-31,Alpha Vantage listing interval,resolved_cik,True,2,"ranked by active quarter-end evidence, exchange, and plain common-stock symbol",2016|NASDAQ|retail_trade,469,3,0.0063965885,156.3333333333,20260916
CIK0001409493,AVSF750569F75232D26,0001409493,Chimera Investment Corp,CIM,NYSE,6798,finance_insurance_real_estate,2016Q2,us,NY,2007-11-16,2019-12-31,Alpha Vantage listing interval,resolved_cik,True,1,only eligible resolved security,2016|NYSE|finance_insurance_real_estate,1853,10,0.0053966541,185.3000000000,20260916
CIK0001474735,AVSA41AA703ED2ABB66,0001474735,Generac Holdings Inc,GNRC,NYSE,3621,manufacturing,2016Q2,us,DE,2010-02-11,2019-12-31,Alpha Vantage listing interval,resolved_cik,True,1,only eligible resolved security,2016|NYSE|manufacturing,2168,12,0.0055350554,180.6666666667,20260916
CIK0001498382,AVS41FD6F5D0AD451FE,0001498382,TuHURA Biosciences Inc,HURA,NASDAQ,2834,manufacturing,2016Q2,us,NV,2013-02-22,2019-12-31,Alpha Vantage listing interval,resolved_cik,True,1,only eligible resolved security,2016|NASDAQ|manufacturing,3946,21,0.0053218449,187.9047619048,20260916
CIK0001523733,AVS98866A91B7F2D351,0001523733,PetroLogistics LP,PDH,NYSE,2890,manufacturing,2016Q2,us,DE,2012-05-04,2019-12-31,Alpha Vantage listing interval,resolved_cik,False,1,only eligible resolved security,2016|NYSE|manufacturing,2168,12,0.0055350554,180.6666666667,20260916
CIK0001629137,AVSBDCD3AB00BE6E52D,0001629137,Global Blood Therapeutics Inc,GBT,NASDAQ,2834,manufacturing,2016Q2,us,DE,2015-08-12,2019-12-31,Alpha Vantage listing interval,resolved_cik,True,1,only eligible resolved security,2016|NASDAQ|manufacturing,3946,21,0.0053218449,187.9047619048,20260916
CIK0001637655,AVS88CD6E56E6D1C9B3,0001637655,Horizon Global Corp,HZN,NYSE,3714,manufacturing,2016Q2,us,,2015-07-01,2019-12-31,Alpha Vantage listing interval,resolved_cik,True,1,only eligible resolved security,2016|NYSE|manufacturing,2168,12,0.0055350554,180.6666666667,20260916
CIK0000825411,AVS5D88EB2746C6C9E6,0000825411,Sevcon Inc,SEV,NASDAQ,3620,manufacturing,2016Q3,us,DE,1992-03-19,2019-12-31,Alpha Vantage listing interval,resolved_cik,True,2,"ranked by active quarter-end evidence, exchange, and plain common-stock symbol",2016|NASDAQ|manufacturing,3946,21,0.0053218449,187.9047619048,20260916
CIK0000884940,AVS6CAAD9948827F3BD,0000884940,Stein Mart Inc,SMRTQ,NASDAQ,5651,retail_trade,2016Q3,us,FL,1992-04-27,2019-12-31,Alpha Vantage listing interval,resolved_cik,True,1,only eligible resolved security,2016|NASDAQ|retail_trade,469,3,0.0063965885,156.3333333333,20260916
CIK0000928421,AVS26179FCCDECAEEB2,0000928421,Mattson Technology Inc,MTSN,NASDAQ,3559,manufacturing,2016Q3,us,DE,1994-09-28,2019-12-31,Alpha Vantage listing interval,resolved_cik,False,1,only eligible resolved security,2016|NASDAQ|manufacturing,3946,21,0.0053218449,187.9047619048,20260916
CIK0001005201,AVSA0A4E643D0FACDDE,0001005201,Depomed Inc,DEPO,NASDAQ,2834,manufacturing,2016Q3,us,DE,1997-12-03,2019-12-31,Alpha Vantage listing interval,resolved_cik,True,2,"ranked by active quarter-end evidence, exchange, and plain common-stock symbol",2016|NASDAQ|manufacturing,3946,21,0.0053218449,187.9047619048,20260916
CIK0001012771,AVSB479CE67ABA1E0C4,0001012771,FBL Financial Group Inc,FFG,NYSE,6311,finance_insurance_real_estate,2016Q3,us,IA,2001-01-02,2019-12-31,Alpha Vantage listing interval,resolved_cik,True,2,"ranked by active quarter-end evidence, exchange, and plain common-stock symbol",2016|NYSE|finance_insurance_real_estate,1853,10,0.0053966541,185.3000000000,20260916
CIK0001211805,AVS53AC398B6F631764,0001211805,My Size Inc,MYSZ,NASDAQ,7372,services,2016Q3,us,DE,2016-07-25,2019-12-31,Alpha Vantage listing interval,resolved_cik,True,1,only eligible resolved security,2016|NASDAQ|services,1629,9,0.0055248619,181.0000000000,20260916
CIK0001274057,AVS04FAC8D17ED89D3F,0001274057,Hospira Inc,HSP,NYSE,2834,manufacturing,2016Q3,us,DE,2004-05-03,2019-12-31,Alpha Vantage listing interval,resolved_cik,False,1,only eligible resolved security,2016|NYSE|manufacturing,2168,12,0.0055350554,180.6666666667,20260916
CIK0001280776,AVS58A0E25AA4726A80,0001280776,Immunic Inc,IMUX,NASDAQ,2834,manufacturing,2016Q3,us,DE,2014-04-17,2019-12-31,Alpha Vantage listing interval,resolved_cik,True,1,only eligible resolved security,2016|NASDAQ|manufacturing,3946,21,0.0053218449,187.9047619048,20260916
CIK0001292653,AVSD573673478A69032,0001292653,Inteliquent Inc,IQNT,NASDAQ,4813,transportation_communications_utilities,2016Q3,us,,2007-11-02,2019-12-31,Alpha Vantage listing interval,resolved_cik,True,2,"ranked by active quarter-end evidence, exchange, and plain common-stock symbol",2016|NASDAQ|transportation_communications_utilities,533,3,0.0056285178,177.6666666667,20260916
CIK0001360604,AVSE2385106D0FD0CA3,0001360604,Healthcare Realty Trust Inc - Class A,HR,NYSE,6798,finance_insurance_real_estate,2016Q3,us,,2012-06-06,2019-12-31,Alpha Vantage listing interval,resolved_cik,True,1,only eligible resolved security,2016|NYSE|finance_insurance_real_estate,1853,10,0.0053966541,185.3000000000,20260916
CIK0001507615,AVS154FE4756B5713E0,0001507615,Tesoro Logistics LP,TLLP,NYSE,4610,transportation_communications_utilities,2016Q3,us,DE,2011-04-20,2019-12-31,Alpha Vantage listing interval,resolved_cik,True,2,"ranked by active quarter-end evidence, exchange, and plain common-stock symbol",2016|NYSE|transportation_communications_utilities,769,4,0.0052015605,192.2500000000,20260916
CIK0001580608,AVSA57E2697C7D591A0,0001580608,Santander Consumer USA Holdings Inc,SC,NYSE,6141,finance_insurance_real_estate,2016Q3,us,DE,2014-01-23,2019-12-31,Alpha Vantage listing interval,resolved_cik,True,1,only eligible resolved security,2016|NYSE|finance_insurance_real_estate,1853,10,0.0053966541,185.3000000000,20260916
CIK0001601545,AVS51DD427CDA8D446E,0001601545,Blue Hills Bancorp Inc,BHBK,NASDAQ,6022,finance_insurance_real_estate,2016Q3,us,MD,2014-07-22,2019-12-31,Alpha Vantage listing interval,resolved_cik,True,2,"ranked by active quarter-end evidence, exchange, and plain common-stock symbol",2016|NASDAQ|finance_insurance_real_estate,2135,11,0.0051522248,194.0909090909,20260916
CIK0001604464,AVSDB5BC4B38CDB597C,0001604464,Atara Biotherapeutics Inc,ATRA,NASDAQ,2836,manufacturing,2016Q3,us,DE,2014-10-16,2019-12-31,Alpha Vantage listing interval,resolved_cik,True,1,only eligible resolved security,2016|NASDAQ|manufacturing,3946,21,0.0053218449,187.9047619048,20260916
CIK0001617798,AVS1891E0BD3A56BA5F,0001617798,PennTex Midstream Partners LP,PTXP,NASDAQ,4922,transportation_communications_utilities,2016Q3,us,DE,2015-06-04,2019-12-31,Alpha Vantage listing interval,resolved_cik,True,2,"ranked by active quarter-end evidence, exchange, and plain common-stock symbol",2016|NASDAQ|transportation_communications_utilities,533,3,0.0056285178,177.6666666667,20260916
CIK0000063276,AVS95677069B77D01B3,0000063276,Mattel Inc,MAT,NASDAQ,3942,manufacturing,2016Q4,us,DE,1982-01-04,2019-12-31,Alpha Vantage listing interval,resolved_cik,True,1,only eligible resolved security,2016|NASDAQ|manufacturing,3946,21,0.0053218449,187.9047619048,20260916
CIK0000073756,AVSD6723069C4E5A210,0000073756,Oceaneering International Inc,OII,NYSE,1389,mining,2016Q4,us,DE,1990-03-26,2019-12-31,Alpha Vantage listing interval,resolved_cik,True,1,only eligible resolved security,2016|NYSE|mining,496,3,0.0060483871,165.3333333333,20260916
CIK0000101538,AVSF6550ACF27745ADF,0000101538,United States Antimony Corp,UAMY,NYSE,3330,manufacturing,2016Q4,us,MT,2000-02-24,2019-12-31,Alpha Vantage listing interval,resolved_cik,True,1,only eligible resolved security,2016|NYSE|manufacturing,2168,12,0.0055350554,180.6666666667,20260916
CIK0000798081,AVSA351E3C1D145F23A,0000798081,Lakeland Industries Inc,LAKE,NASDAQ,3842,manufacturing,2016Q4,us,DE,1990-03-26,2019-12-31,Alpha Vantage listing interval,resolved_cik,True,1,only eligible resolved security,2016|NASDAQ|manufacturing,3946,21,0.0053218449,187.9047619048,20260916
CIK0000825313,AVSF5DCEB70E0CC6410,0000825313,AllianceBernstein Holding Lp,AB,NYSE,6282,finance_insurance_real_estate,2016Q4,us,DE,1988-04-15,2019-12-31,Alpha Vantage listing interval,resolved_cik,True,1,only eligible resolved security,2016|NYSE|finance_insurance_real_estate,1853,10,0.0053966541,185.3000000000,20260916
CIK0000899460,AVS740432BB3C240EBA,0000899460,Mannkind Corp,MNKD,NASDAQ,2834,manufacturing,2016Q4,us,DE,2004-07-28,2019-12-31,Alpha Vantage listing interval,resolved_cik,True,1,only eligible resolved security,2016|NASDAQ|manufacturing,3946,21,0.0053218449,187.9047619048,20260916
CIK0000903651,AVS8EC9C3E3C1B55A0A,0000903651,Innodata Inc,INOD,NASDAQ,7374,services,2016Q4,us,DE,1993-08-11,2019-12-31,Alpha Vantage listing interval,resolved_cik,True,1,only eligible resolved security,2016|NASDAQ|services,1629,9,0.0055248619,181.0000000000,20260916
CIK0000911649,AVS8E4587E3FA1C154D,0000911649,Standard Diversified Inc,SDI,NYSE,2100,manufacturing,2016Q4,us,DE,2001-01-02,2019-12-31,Alpha Vantage listing interval,resolved_cik,True,1,only eligible resolved security,2016|NYSE|manufacturing,2168,12,0.0055350554,180.6666666667,20260916
CIK0000914156,AVS3EC885FD2A7D0DA3,0000914156,UFP Technologies Inc,UFPT,NASDAQ,3841,manufacturing,2016Q4,us,DE,1993-12-17,2019-12-31,Alpha Vantage listing interval,resolved_cik,True,1,only eligible resolved security,2016|NASDAQ|manufacturing,3946,21,0.0053218449,187.9047619048,20260916
CIK0000945983,AVS1687D810BFDC2217,0000945983,Climb Global Solutions Inc,CLMB,NASDAQ,5045,wholesale_trade,2016Q4,us,DE,1995-07-18,2019-12-31,Alpha Vantage listing interval,resolved_cik,True,1,only eligible resolved security,2016|NASDAQ|wholesale_trade,204,1,0.0049019608,204.0000000000,20260916
CIK0001003078,AVS1E8BCE205DF4B447,0001003078,MSC Industrial Direct Co. Inc - Class A,MSM,NYSE,5084,wholesale_trade,2016Q4,us,NY,1995-12-15,2019-12-31,Alpha Vantage listing interval,resolved_cik,True,1,only eligible resolved security,2016|NYSE|wholesale_trade,193,1,0.0051813472,193.0000000000,20260916
CIK0001015780,AVS589746B17AA674E8,0001015780,E TRADE Financial Corp,ETFC,NASDAQ,6035,finance_insurance_real_estate,2016Q4,us,DE,1996-08-16,2019-12-31,Alpha Vantage listing interval,resolved_cik,True,1,only eligible resolved security,2016|NASDAQ|finance_insurance_real_estate,2135,11,0.0051522248,194.0909090909,20260916
CIK0001029730,AVS2D75A1E10EA16C32,0001029730,Ladenburg Thalmann Financial Services,LTS,NYSE,6211,finance_insurance_real_estate,2016Q4,us,FL,1999-08-25,2019-12-31,Alpha Vantage listing interval,resolved_cik,True,1,only eligible resolved security,2016|NYSE|finance_insurance_real_estate,1853,10,0.0053966541,185.3000000000,20260916
CIK0001037676,AVS95FB02817330A6BE,0001037676,Arch Coal Inc,ACI,NYSE,1221,mining,2016Q4,us,DE,1988-08-12,2019-12-31,Alpha Vantage listing interval,resolved_cik,True,1,only eligible resolved security,2016|NYSE|mining,496,3,0.0060483871,165.3333333333,20260916
CIK0001138639,AVS5A882A2743AFBA16,0001138639,Infinera Corp,INFN,NASDAQ,3661,manufacturing,2016Q4,us,DE,2007-06-07,2019-12-31,Alpha Vantage listing interval,resolved_cik,True,1,only eligible resolved security,2016|NASDAQ|manufacturing,3946,21,0.0053218449,187.9047619048,20260916
CIK0001144980,AVS387B6756AE4349EE,0001144980,Asbury Automotive Group Inc,ABG,NYSE,5500,retail_trade,2016Q4,us,DE,2002-03-21,2019-12-31,Alpha Vantage listing interval,resolved_cik,True,1,only eligible resolved security,2016|NYSE|retail_trade,381,2,0.0052493438,190.5000000000,20260916
CIK0001279704,AVS7A9265375FC46D54,0001279704,Cellectar Biosciences Inc,CLRB,NASDAQ,2834,manufacturing,2016Q4,us,DE,2005-11-10,2019-12-31,Alpha Vantage listing interval,resolved_cik,True,1,only eligible resolved security,2016|NASDAQ|manufacturing,3946,21,0.0053218449,187.9047619048,20260916
CIK0001284812,AVS72C322A57C419FEA,0001284812,Cohen & Steers Inc,CNS,NYSE,6282,finance_insurance_real_estate,2016Q4,us,DE,2004-08-16,2019-12-31,Alpha Vantage listing interval,resolved_cik,True,1,only eligible resolved security,2016|NYSE|finance_insurance_real_estate,1853,10,0.0053966541,185.3000000000,20260916
CIK0001303652,AVS3ACF30E9BA1E5825,0001303652,Tableau Software Inc,DATA,NYSE,7372,services,2016Q4,us,,2013-05-17,2019-12-31,Alpha Vantage listing interval,resolved_cik,True,2,"ranked by active quarter-end evidence, exchange, and plain common-stock symbol",2016|NYSE|services,958,5,0.0052192067,191.6000000000,20260916
CIK0001305773,AVS35F4F28EF4B4515E,0001305773,Conformis Inc,CFMS,NASDAQ,3842,manufacturing,2016Q4,us,DE,2015-07-01,2019-12-31,Alpha Vantage listing interval,resolved_cik,True,1,only eligible resolved security,2016|NASDAQ|manufacturing,3946,21,0.0053218449,187.9047619048,20260916
CIK0001311538,AVSC20BA889EC48B924,0001311538,Castle Brands Inc,ROX,NYSE,2080,manufacturing,2016Q4,us,FL,2006-04-07,2019-12-31,Alpha Vantage listing interval,resolved_cik,True,2,"ranked by active quarter-end evidence, exchange, and plain common-stock symbol",2016|NYSE|manufacturing,2168,12,0.0055350554,180.6666666667,20260916
CIK0001372414,AVS29E529F2CAA6FCD1,0001372414,Aerohive Networks Inc,HIVE,NYSE,7373,services,2016Q4,us,CA,2014-03-28,2019-12-31,Alpha Vantage listing interval,resolved_cik,True,2,"ranked by active quarter-end evidence, exchange, and plain common-stock symbol",2016|NYSE|services,958,5,0.0052192067,191.6000000000,20260916
CIK0001447669,AVSF65AC21A498E0A62,0001447669,Twilio Inc Class A,TWLO,NYSE,7372,services,2016Q4,us,DE,2016-06-23,2019-12-31,Alpha Vantage listing interval,resolved_cik,True,1,only eligible resolved security,2016|NYSE|services,958,5,0.0052192067,191.6000000000,20260916
CIK0001464790,AVSC19F929A3ACFFF52,0001464790,B. Riley Financial Inc,RILY,NASDAQ,6282,finance_insurance_real_estate,2016Q4,us,DE,2015-07-16,2019-12-31,Alpha Vantage listing interval,resolved_cik,True,2,"ranked by active quarter-end evidence, exchange, and plain common-stock symbol",2016|NASDAQ|finance_insurance_real_estate,2135,11,0.0051522248,194.0909090909,20260916
CIK0001482541,AVSB08B8FE567BD5BCA,0001482541,CEA Industries Inc,BNC,NASDAQ,0700,mining,2016Q4,us,NV,2013-11-08,2019-12-31,Alpha Vantage listing interval,resolved_cik,True,1,only eligible resolved security,2016|NASDAQ|mining,227,1,0.0044052863,227.0000000000,20260916
CIK0001500375,AVSEE323533228A8F6D,0001500375,Home Federal Bancorp Inc (Louisiana),HFBL,NASDAQ,6035,finance_insurance_real_estate,2016Q4,us,LA,2007-06-20,2019-12-31,Alpha Vantage listing interval,resolved_cik,True,1,only eligible resolved security,2016|NASDAQ|finance_insurance_real_estate,2135,11,0.0051522248,194.0909090909,20260916
CIK0001520300,AVSB3414823A397F812,0001520300,ASB Bancorp Inc,ASBB,NASDAQ,6035,finance_insurance_real_estate,2016Q4,us,NC,2011-10-12,2019-12-31,Alpha Vantage listing interval,resolved_cik,True,2,"ranked by active quarter-end evidence, exchange, and plain common-stock symbol",2016|NASDAQ|finance_insurance_real_estate,2135,11,0.0051522248,194.0909090909,20260916
CIK0001617640,AVS9F79675D0C6048BD,0001617640,Zillow Group Inc - Class C,Z,NASDAQ,7389,services,2016Q4,us,WA,2015-08-03,2019-12-31,Alpha Vantage listing interval,resolved_cik,True,2,"ranked by active quarter-end evidence, exchange, and plain common-stock symbol",2016|NASDAQ|services,1629,9,0.0055248619,181.0000000000,20260916
CIK0001620280,AVS3CE063E905A756C2,0001620280,Uniti Group Inc,UNIT,NASDAQ,6798,finance_insurance_real_estate,2016Q4,us,MD,2015-04-20,2019-12-31,Alpha Vantage listing interval,resolved_cik,True,1,only eligible resolved security,2016|NASDAQ|finance_insurance_real_estate,2135,11,0.0051522248,194.0909090909,20260916
CIK0001622536,AVS6717FF61E5784CD9,0001622536,Talen Energy Corp,TLN,NYSE,4911,transportation_communications_utilities,2016Q4,us,DE,2016-01-04,2019-12-31,Alpha Vantage listing interval,resolved_cik,False,2,"ranked by active quarter-end evidence, exchange, and plain common-stock symbol",2016|NYSE|transportation_communications_utilities,769,4,0.0052015605,192.2500000000,20260916
CIK0000065172,AVS1C947BA9CC2728B8,0000065172,Mesabi Trust,MSB,NYSE,6795,finance_insurance_real_estate,2017Q1,us,NY,1987-12-30,2019-12-31,Alpha Vantage listing interval,resolved_cik,True,1,only eligible resolved security,2017|NYSE|finance_insurance_real_estate,1910,10,0.0052356021,191.0000000000,20260916
CIK0000721994,AVS965CBEC94C8E06C8,0000721994,Lakeland Financial Corp,LKFN,NASDAQ,6022,finance_insurance_real_estate,2017Q1,us,IN,1997-08-14,2019-12-31,Alpha Vantage listing interval,resolved_cik,True,1,only eligible resolved security,2017|NASDAQ|finance_insurance_real_estate,2196,12,0.0054644809,183.0000000000,20260916
CIK0000820027,AVSE2D38CD650639BDB,0000820027,Ameriprise Financial Inc,AMP,NYSE,6282,finance_insurance_real_estate,2017Q1,us,DE,2005-09-15,2019-12-31,Alpha Vantage listing interval,resolved_cik,True,1,only eligible resolved security,2017|NYSE|finance_insurance_real_estate,1910,10,0.0052356021,191.0000000000,20260916
CIK0000893538,AVS61A5409C7EEF7C35,0000893538,SM Energy Company,SM,NYSE,1311,mining,2017Q1,us,DE,1992-12-21,2019-12-31,Alpha Vantage listing interval,resolved_cik,True,1,only eligible resolved security,2017|NYSE|mining,527,3,0.0056925996,175.6666666667,20260916
CIK0000915389,AVSF6DA35067437573D,0000915389,Eastman Chemical Company,EMN,NYSE,2821,manufacturing,2017Q1,us,DE,1993-12-14,2019-12-31,Alpha Vantage listing interval,resolved_cik,True,1,only eligible resolved security,2017|NYSE|manufacturing,2218,12,0.0054102795,184.8333333333,20260916
CIK0001022671,AVS59C1C66F7198DAD5,0001022671,Steel Dynamics Inc,STLD,NASDAQ,3312,manufacturing,2017Q1,us,IN,1996-11-22,2019-12-31,Alpha Vantage listing interval,resolved_cik,True,1,only eligible resolved security,2017|NASDAQ|manufacturing,4126,22,0.0053320407,187.5454545455,20260916
CIK0001056386,AVS811C804BE64CB3D0,0001056386,Internap Corp,INAPQ,NASDAQ,7370,services,2017Q1,us,DE,1999-09-29,2019-12-31,Alpha Vantage listing interval,resolved_cik,True,1,only eligible resolved security,2017|NASDAQ|services,1733,9,0.0051933064,192.5555555556,20260916
CIK0001077428,AVSE8554254E36B2978,0001077428,Texas Capital Bancshares Inc,TCBI,NASDAQ,6022,finance_insurance_real_estate,2017Q1,us,,2003-08-14,2019-12-31,Alpha Vantage listing interval,resolved_cik,True,1,only eligible resolved security,2017|NASDAQ|finance_insurance_real_estate,2196,12,0.0054644809,183.0000000000,20260916
CIK0001100917,AVSFA096D95347D7683,0001100917,Onvia Inc,ONVI,NASDAQ,7389,services,2017Q1,us,DE,2000-03-02,2019-12-31,Alpha Vantage listing interval,resolved_cik,True,2,"ranked by active quarter-end evidence, exchange, and plain common-stock symbol",2017|NASDAQ|services,1733,9,0.0051933064,192.5555555556,20260916
CIK0001332349,AVS8C8818BC83F61DDD,0001332349,Brookdale Senior Living Inc,BKD,NYSE,8050,services,2017Q1,us,DE,2005-11-22,2019-12-31,Alpha Vantage listing interval,resolved_cik,True,1,only eligible resolved security,2017|NYSE|services,992,5,0.0050403226,198.4000000000,20260916
CIK0001354866,AVSD3087C0AA8FDD7EB,0001354866,Byrna Technologies Inc,BYRN,NASDAQ,3690,manufacturing,2017Q1,us,DE,2011-02-23,2019-12-31,Alpha Vantage listing interval,resolved_cik,True,1,only eligible resolved security,2017|NASDAQ|manufacturing,4126,22,0.0053320407,187.5454545455,20260916
CIK0001378946,AVS72758804F2942265,0001378946,People`s United Financial Inc,PBCT,NASDAQ,6035,finance_insurance_real_estate,2017Q1,us,DE,1990-03-26,2019-12-31,Alpha Vantage listing interval,resolved_cik,True,1,only eligible resolved security,2017|NASDAQ|finance_insurance_real_estate,2196,12,0.0054644809,183.0000000000,20260916
CIK0001378950,AVS22EE5E118C73EC5F,0001378950,CarParts.com Inc,PRTS,NASDAQ,5531,retail_trade,2017Q1,us,DE,2007-02-09,2019-12-31,Alpha Vantage listing interval,resolved_cik,True,1,only eligible resolved security,2017|NASDAQ|retail_trade,476,3,0.0063025210,158.6666666667,20260916
CIK0001380393,AVSB6C75A4EC973F023,0001380393,Fortress Investment Group LLC,FIG,NYSE,6282,finance_insurance_real_estate,2017Q1,us,DE,2007-02-09,2019-12-31,Alpha Vantage listing interval,resolved_cik,True,2,"ranked by active quarter-end evidence, exchange, and plain common-stock symbol",2017|NYSE|finance_insurance_real_estate,1910,10,0.0052356021,191.0000000000,20260916
CIK0001422109,AVS8B4991E96AFFA445,0001422109,Blue Earth Inc,BBLUQ,NASDAQ,4991,transportation_communications_utilities,2017Q1,us,NV,2016-01-04,2019-12-31,Alpha Vantage listing interval,resolved_cik,False,1,only eligible resolved security,2017|NASDAQ|transportation_communications_utilities,549,3,0.0054644809,183.0000000000,20260916
CIK0001443646,AVSAF01E5EA3F0507EA,0001443646,Booz Allen Hamilton Holding Corp - Class A,BAH,NYSE,8742,services,2017Q1,us,DE,2010-11-18,2019-12-31,Alpha Vantage listing interval,resolved_cik,True,1,only eligible resolved security,2017|NYSE|services,992,5,0.0050403226,198.4000000000,20260916
CIK0001519751,AVSADF5B3A35EB47785,0001519751,Fortune Brands Innovations Inc,FBIN,NYSE,2430,manufacturing,2017Q1,us,DE,2011-09-16,2019-12-31,Alpha Vantage listing interval,resolved_cik,True,1,only eligible resolved security,2017|NYSE|manufacturing,2218,12,0.0054102795,184.8333333333,20260916
CIK0001590714,AVSBDABA63FF4E4201B,0001590714,Element Solutions Inc,ESI,NYSE,2890,manufacturing,2017Q1,us,,2013-10-22,2019-12-31,Alpha Vantage listing interval,resolved_cik,True,1,only eligible resolved security,2017|NYSE|manufacturing,2218,12,0.0054102795,184.8333333333,20260916
CIK0001675033,AVS4BF693F5A0C729B1,0001675033,Great Elm Capital Corp,GECC,NASDAQ,,unknown,2017Q1,us,MD,2016-11-04,2019-12-31,Alpha Vantage listing interval,resolved_cik,True,1,only eligible resolved security,2017|NASDAQ|unknown,142,1,0.0070422535,142.0000000000,20260916
CIK0001829576,AVSF5171567E4138B7D,0001829576,Carter Bankshares Inc,CARE,NASDAQ,6021,finance_insurance_real_estate,2017Q1,us,VA,2012-08-27,2019-12-31,Alpha Vantage listing interval,resolved_cik,True,1,only eligible resolved security,2017|NASDAQ|finance_insurance_real_estate,2196,12,0.0054644809,183.0000000000,20260916
CIK0000008868,AVSDA5F4A84CDA307B1,0000008868,Avon Products Inc,AVP,NYSE,2844,manufacturing,2017Q2,us,NY,1972-06-01,2019-12-31,Alpha Vantage listing interval,resolved_cik,True,1,only eligible resolved security,2017|NYSE|manufacturing,2218,12,0.0054102795,184.8333333333,20260916
CIK0000067279,AVS40D50C6283F61EED,0000067279,MOCON Inc,MOCO,NASDAQ,3829,manufacturing,2017Q2,us,MN,1989-04-05,2019-12-31,Alpha Vantage listing interval,resolved_cik,True,2,"ranked by active quarter-end evidence, exchange, and plain common-stock symbol",2017|NASDAQ|manufacturing,4126,22,0.0053320407,187.5454545455,20260916
CIK0000764180,AVS64895786696729B2,0000764180,Altria Group Inc,MO,NYSE,2111,manufacturing,2017Q2,us,VA,1970-01-02,2019-12-31,Alpha Vantage listing interval,resolved_cik,True,1,only eligible resolved security,2017|NYSE|manufacturing,2218,12,0.0054102795,184.8333333333,20260916
CIK0000766829,AVS291BDB69A5F16712,0000766829,H2O America,HTO,NASDAQ,4941,transportation_communications_utilities,2017Q2,us,DE,1972-06-01,2019-12-31,Alpha Vantage listing interval,resolved_cik,True,1,only eligible resolved security,2017|NASDAQ|transportation_communications_utilities,549,3,0.0054644809,183.0000000000,20260916
CIK0000803164,AVS9439DF9C14E1FBC3,0000803164,Choiceone Financial Services Inc,COFS,NASDAQ,6022,finance_insurance_real_estate,2017Q2,us,MI,2001-12-31,2019-12-31,Alpha Vantage listing interval,resolved_cik,True,1,only eligible resolved security,2017|NASDAQ|finance_insurance_real_estate,2196,12,0.0054644809,183.0000000000,20260916
CIK0000840489,AVS522A2133B36EC159,0000840489,FirstCash Holdings Inc,FCFS,NASDAQ,5900,retail_trade,2017Q2,us,TX,1992-08-17,2019-12-31,Alpha Vantage listing interval,resolved_cik,True,1,only eligible resolved security,2017|NASDAQ|retail_trade,476,3,0.0063025210,158.6666666667,20260916
CIK0000928054,AVS50660768094DB886,0000928054,Flotek Industries Inc,FTK,NYSE,2890,manufacturing,2017Q2,us,DE,2005-07-27,2019-12-31,Alpha Vantage listing interval,resolved_cik,True,1,only eligible resolved security,2017|NYSE|manufacturing,2218,12,0.0054102795,184.8333333333,20260916
CIK0001023364,AVS0A3FE462949B9DFF,0001023364,Autobytel Inc,ABTL,NASDAQ,7370,services,2017Q2,us,DE,1999-03-26,2019-12-31,Alpha Vantage listing interval,resolved_cik,True,3,"ranked by active quarter-end evidence, exchange, and plain common-stock symbol",2017|NASDAQ|services,1733,9,0.0051933064,192.5555555556,20260916
CIK0001046859,AVS82AE95FE89B92C90,0001046859,Remy International Inc,REMY,NASDAQ,3714,manufacturing,2017Q2,us,DE,2010-03-26,2019-12-31,Alpha Vantage listing interval,resolved_cik,False,1,only eligible resolved security,2017|NASDAQ|manufacturing,4126,22,0.0053320407,187.5454545455,20260916
CIK0001063494,AVSCF7ACFF6952D4C4B,0001063494,KBW Inc,KBW,NYSE,6211,finance_insurance_real_estate,2017Q2,us,,2010-12-15,2019-12-31,Alpha Vantage listing interval,resolved_cik,False,1,only eligible resolved security,2017|NYSE|finance_insurance_real_estate,1910,10,0.0052356021,191.0000000000,20260916
CIK0001092662,AVS0519BDCFD43C4844,0001092662,Chembio Diagnostics Inc,CEMI,NASDAQ,2834,manufacturing,2017Q2,us,NV,2004-05-05,2019-12-31,Alpha Vantage listing interval,resolved_cik,True,1,only eligible resolved security,2017|NASDAQ|manufacturing,4126,22,0.0053320407,187.5454545455,20260916
CIK0001417663,AVS933CCD000721145D,0001417663,Sanuwave Health Inc,SNWV,NASDAQ,3841,manufacturing,2017Q2,us,NV,2015-03-10,2019-12-31,Alpha Vantage listing interval,resolved_cik,True,1,only eligible resolved security,2017|NASDAQ|manufacturing,4126,22,0.0053320407,187.5454545455,20260916
CIK0001490892,AVSF46A9B2E7D07E684,0001490892,CoreSite Realty Corporation,COR,NYSE,6798,finance_insurance_real_estate,2017Q2,us,MD,2010-09-23,2019-12-31,Alpha Vantage listing interval,resolved_cik,True,1,only eligible resolved security,2017|NYSE|finance_insurance_real_estate,1910,10,0.0052356021,191.0000000000,20260916
CIK0001495932,AVS12F6A788A69059A2,0001495932,eXp World Holdings Inc,AGNT,NASDAQ,6531,finance_insurance_real_estate,2017Q2,us,TX,2014-02-19,2019-12-31,Alpha Vantage listing interval,resolved_cik,True,1,only eligible resolved security,2017|NASDAQ|finance_insurance_real_estate,2196,12,0.0054644809,183.0000000000,20260916
CIK0001549966,AVS21BADFB32A6EDAA9,0001549966,Silvercrest Asset Management Group Inc - Class A,SAMG,NASDAQ,6282,finance_insurance_real_estate,2017Q2,us,DE,2013-06-27,2019-12-31,Alpha Vantage listing interval,resolved_cik,True,1,only eligible resolved security,2017|NASDAQ|finance_insurance_real_estate,2196,12,0.0054644809,183.0000000000,20260916
CIK0001609711,AVS631887CFAB837FFD,0001609711,Godaddy Inc - Class A,GDDY,NYSE,7373,services,2017Q2,us,DE,2015-04-01,2019-12-31,Alpha Vantage listing interval,resolved_cik,True,1,only eligible resolved security,2017|NYSE|services,992,5,0.0050403226,198.4000000000,20260916
CIK0000008858,AVS52AC70361EE51A2B,0000008858,Avnet Inc,AVT,NASDAQ,5065,wholesale_trade,2017Q3,us,NY,1973-05-03,2019-12-31,Alpha Vantage listing interval,resolved_cik,True,1,only eligible resolved security,2017|NASDAQ|wholesale_trade,213,1,0.0046948357,213.0000000000,20260916
CIK0000027419,AVS611340400342DBA2,0000027419,Target Corp,TGT,NYSE,5331,retail_trade,2017Q3,us,MN,1983-04-06,2019-12-31,Alpha Vantage listing interval,resolved_cik,True,1,only eligible resolved security,2017|NYSE|retail_trade,396,2,0.0050505051,198.0000000000,20260916
CIK0000031235,AVSF29079992266A800,0000031235,Eastman Kodak Company,KODK,NYSE,3861,manufacturing,2017Q3,us,NJ,2013-09-23,2019-12-31,Alpha Vantage listing interval,resolved_cik,True,1,only eligible resolved security,2017|NYSE|manufacturing,2218,12,0.0054102795,184.8333333333,20260916
CIK0000085974,AVS1BE2C6ABE6EA820D,0000085974,The Ryland Group Inc,RYL,NYSE,1531,construction,2017Q3,us,MD,1987-12-30,2019-12-31,Alpha Vantage listing interval,resolved_cik,False,1,only eligible resolved security,2017|NYSE|construction,156,1,0.0064102564,156.0000000000,20260916
CIK0000751978,AVSD2CD813F6EAF3E54,0000751978,Vicor Corp,VICR,NASDAQ,3679,manufacturing,2017Q3,us,DE,1991-11-27,2019-12-31,Alpha Vantage listing interval,resolved_cik,True,1,only eligible resolved security,2017|NASDAQ|manufacturing,4126,22,0.0053320407,187.5454545455,20260916
CIK0000799850,AVSECE90833B443A0D0,0000799850,Americas Car Mart Inc,CRMT,NASDAQ,5500,retail_trade,2017Q3,us,TX,1993-11-09,2019-12-31,Alpha Vantage listing interval,resolved_cik,True,1,only eligible resolved security,2017|NASDAQ|retail_trade,476,3,0.0063025210,158.6666666667,20260916
CIK0000813762,AVS9F8FEF2AB76F52A3,0000813762,Icahn Enterprises L P,IEP,NASDAQ,2911,manufacturing,2017Q3,us,DE,1987-07-24,2019-12-31,Alpha Vantage listing interval,resolved_cik,True,1,only eligible resolved security,2017|NASDAQ|manufacturing,4126,22,0.0053320407,187.5454545455,20260916
CIK0000877212,AVSC2B8C519363FC4D8,0000877212,Zebra Technologies Corp - Class A,ZBRA,NASDAQ,3560,manufacturing,2017Q3,us,,1991-08-15,2019-12-31,Alpha Vantage listing interval,resolved_cik,True,1,only eligible resolved security,2017|NASDAQ|manufacturing,4126,22,0.0053320407,187.5454545455,20260916
CIK0000879526,AVS497B1F18BF875E0E,0000879526,Wabash National Corp,WNC,NYSE,3715,manufacturing,2017Q3,us,DE,1991-11-08,2019-12-31,Alpha Vantage listing interval,resolved_cik,True,1,only eligible resolved security,2017|NYSE|manufacturing,2218,12,0.0054102795,184.8333333333,20260916
CIK0000909791,AVSB33DFE82475919FE,0000909791,Ultratech Inc,UTEK,NASDAQ,3559,manufacturing,2017Q3,us,DE,1993-09-29,2019-12-31,Alpha Vantage listing interval,resolved_cik,False,1,only eligible resolved security,2017|NASDAQ|manufacturing,4126,22,0.0053320407,187.5454545455,20260916
CIK0001009672,AVS0FE75A7CE4BC38AD,0001009672,CARBO Ceramics Inc,CRR,NYSE,3290,manufacturing,2017Q3,us,DE,1996-04-23,2019-12-31,Alpha Vantage listing interval,resolved_cik,True,2,"ranked by active quarter-end evidence, exchange, and plain common-stock symbol",2017|NYSE|manufacturing,2218,12,0.0054102795,184.8333333333,20260916
CIK0001023734,AVSAD2E5D451141CCDB,0001023734,BPZ Resources Inc,BPZ,NYSE,1311,mining,2017Q3,us,TX,2003-10-07,2019-12-31,Alpha Vantage listing interval,resolved_cik,False,1,only eligible resolved security,2017|NYSE|mining,527,3,0.0056925996,175.6666666667,20260916
CIK0001062292,AVS312E5675E4EB25FD,0001062292,XO Group Inc,XOXO,NYSE,5960,retail_trade,2017Q3,us,DE,1999-12-02,2019-12-31,Alpha Vantage listing interval,resolved_cik,True,2,"ranked by active quarter-end evidence, exchange, and plain common-stock symbol",2017|NYSE|retail_trade,396,2,0.0050505051,198.0000000000,20260916
CIK0001070296,AVS10189C60F2DEA7AB,0001070296,First Capital Inc,FCAP,NASDAQ,6035,finance_insurance_real_estate,2017Q3,us,IN,1999-01-04,2019-12-31,Alpha Vantage listing interval,resolved_cik,True,1,only eligible resolved security,2017|NASDAQ|finance_insurance_real_estate,2196,12,0.0054644809,183.0000000000,20260916
CIK0001288469,AVSA638D7E0F640912D,0001288469,MaxLinear Inc,MXL,NASDAQ,3674,manufacturing,2017Q3,us,,2010-03-24,2019-12-31,Alpha Vantage listing interval,resolved_cik,True,1,only eligible resolved security,2017|NASDAQ|manufacturing,4126,22,0.0053320407,187.5454545455,20260916
CIK0001371285,AVSB913B1C0174DF670,0001371285,Trupanion Inc,TRUP,NASDAQ,6324,finance_insurance_real_estate,2017Q3,us,DE,2014-07-18,2019-12-31,Alpha Vantage listing interval,resolved_cik,True,1,only eligible resolved security,2017|NASDAQ|finance_insurance_real_estate,2196,12,0.0054644809,183.0000000000,20260916
CIK0001390312,AVSC857B342D664D6D4,0001390312,Bancorp of New Jersey Inc,BKJ,NYSE,6022,finance_insurance_real_estate,2017Q3,us,NJ,2008-06-03,2019-12-31,Alpha Vantage listing interval,resolved_cik,True,1,only eligible resolved security,2017|NYSE|finance_insurance_real_estate,1910,10,0.0052356021,191.0000000000,20260916
CIK0001469433,AVS168F011BACA8FA4D,0001469433,Ancestry.com Inc,ACOM,NASDAQ,7374,services,2017Q3,us,DE,2009-11-05,2019-12-31,Alpha Vantage listing interval,resolved_cik,False,1,only eligible resolved security,2017|NASDAQ|services,1733,9,0.0051933064,192.5555555556,20260916
CIK0001507605,AVSD3DC3BF3AF35925A,0001507605,MARA Holdings Inc,MARA,NASDAQ,6199,finance_insurance_real_estate,2017Q3,us,NV,2012-05-04,2019-12-31,Alpha Vantage listing interval,resolved_cik,True,1,only eligible resolved security,2017|NASDAQ|finance_insurance_real_estate,2196,12,0.0054644809,183.0000000000,20260916
CIK0001629137,AVSBDCD3AB00BE6E52D,0001629137,Global Blood Therapeutics Inc,GBT,NASDAQ,2834,manufacturing,2017Q3,us,DE,2015-08-12,2019-12-31,Alpha Vantage listing interval,resolved_cik,True,1,only eligible resolved security,2017|NASDAQ|manufacturing,4126,22,0.0053320407,187.5454545455,20260916
CIK0000016160,AVSB1D8014C94F42036,0000016160,Cal-Maine Foods Inc,CALM,NASDAQ,0200,mining,2017Q4,us,DE,1996-12-12,2019-12-31,Alpha Vantage listing interval,resolved_cik,True,1,only eligible resolved security,2017|NASDAQ|mining,252,1,0.0039682540,252.0000000000,20260916
CIK0000076605,AVS1D1354DEF0050195,0000076605,Patrick Industries Inc,PATK,NASDAQ,3714,manufacturing,2017Q4,us,IN,1990-03-27,2019-12-31,Alpha Vantage listing interval,resolved_cik,True,1,only eligible resolved security,2017|NASDAQ|manufacturing,4126,22,0.0053320407,187.5454545455,20260916
CIK0000095521,AVS3A4F78C307B33DC5,0000095521,SUPERVALU INC.,SVU,NYSE,5141,wholesale_trade,2017Q4,us,DE,1985-07-01,2019-12-31,Alpha Vantage listing interval,resolved_cik,True,2,"ranked by active quarter-end evidence, exchange, and plain common-stock symbol",2017|NYSE|wholesale_trade,200,1,0.0050000000,200.0000000000,20260916
CIK0000104897,AVSB859ED8F0EB47574,0000104897,WSI Industries Inc,WSCI,NASDAQ,3540,manufacturing,2017Q4,us,MN,1990-03-27,2019-12-31,Alpha Vantage listing interval,resolved_cik,True,2,"ranked by active quarter-end evidence, exchange, and plain common-stock symbol",2017|NASDAQ|manufacturing,4126,22,0.0053320407,187.5454545455,20260916
CIK0000350907,AVSF366E41537C95585,0000350907,Thoratec Corp,THOR,NASDAQ,3845,manufacturing,2017Q4,us,CA,1996-01-02,2019-12-31,Alpha Vantage listing interval,resolved_cik,True,1,only eligible resolved security,2017|NASDAQ|manufacturing,4126,22,0.0053320407,187.5454545455,20260916
CIK0000821483,AVSD55ECE0349FAE845,0000821483,Par Pacific Holdings Inc,PARR,NYSE,1311,mining,2017Q4,us,DE,2012-09-05,2019-12-31,Alpha Vantage listing interval,resolved_cik,True,1,only eligible resolved security,2017|NYSE|mining,527,3,0.0056925996,175.6666666667,20260916
CIK0000844059,AVS8D85C85457B47D41,0000844059,FRP Holdings Inc,FRPH,NASDAQ,6500,finance_insurance_real_estate,2017Q4,us,FL,1990-03-26,2019-12-31,Alpha Vantage listing interval,resolved_cik,True,1,only eligible resolved security,2017|NASDAQ|finance_insurance_real_estate,2196,12,0.0054644809,183.0000000000,20260916
CIK0000876167,AVS5C12737DE93A80FD,0000876167,Progress Software Corp,PRGS,NASDAQ,7372,services,2017Q4,us,DE,1991-08-05,2019-12-31,Alpha Vantage listing interval,resolved_cik,True,1,only eligible resolved security,2017|NASDAQ|services,1733,9,0.0051933064,192.5555555556,20260916
CIK0000879585,AVS99E08A1D0DA4C432,0000879585,ATN International Inc,ATNI,NASDAQ,4813,transportation_communications_utilities,2017Q4,us,DE,1991-11-14,2019-12-31,Alpha Vantage listing interval,resolved_cik,True,1,only eligible resolved security,2017|NASDAQ|transportation_communications_utilities,549,3,0.0054644809,183.0000000000,20260916
CIK0000890264,AVS518CC91F2CE512C5,0000890264,Exa Corp,EXA,NASDAQ,7372,services,2017Q4,us,MA,2012-06-28,2019-12-31,Alpha Vantage listing interval,resolved_cik,False,2,"ranked by active quarter-end evidence, exchange, and plain common-stock symbol",2017|NASDAQ|services,1733,9,0.0051933064,192.5555555556,20260916
CIK0000906553,AVSA958ADBC43C522FD,0000906553,Boyd Gaming Corp,BYD,NYSE,7011,services,2017Q4,us,NV,1993-10-18,2019-12-31,Alpha Vantage listing interval,resolved_cik,True,1,only eligible resolved security,2017|NYSE|services,992,5,0.0050403226,198.4000000000,20260916
CIK0000916457,AVS34EF1FC0B94DEC80,0000916457,Calpine Corp,CPN,NYSE,4911,transportation_communications_utilities,2017Q4,us,DE,2008-01-10,2019-12-31,Alpha Vantage listing interval,resolved_cik,True,1,only eligible resolved security,2017|NYSE|transportation_communications_utilities,802,4,0.0049875312,200.5000000000,20260916
CIK0000936528,AVS434EC372132CCAFA,0000936528,WaFd Inc,WAFD,NASDAQ,6021,finance_insurance_real_estate,2017Q4,us,WA,1990-03-26,2019-12-31,Alpha Vantage listing interval,resolved_cik,True,1,only eligible resolved security,2017|NASDAQ|finance_insurance_real_estate,2196,12,0.0054644809,183.0000000000,20260916
CIK0001010086,AVS7F7AF939748B8636,0001010086,SIGA Technologies Inc,SIGA,NASDAQ,2834,manufacturing,2017Q4,us,DE,1997-09-10,2019-12-31,Alpha Vantage listing interval,resolved_cik,True,1,only eligible resolved security,2017|NASDAQ|manufacturing,4126,22,0.0053320407,187.5454545455,20260916
CIK0001043533,AVSC49B33C531852D5F,0001043533,ABOVENET INC,ABVT,NYSE,4899,transportation_communications_utilities,2017Q4,us,DE,2010-12-02,2019-12-31,Alpha Vantage listing interval,resolved_cik,False,1,only eligible resolved security,2017|NYSE|transportation_communications_utilities,802,4,0.0049875312,200.5000000000,20260916
CIK0001092796,AVSCB3FD663AD106539,0001092796,Smith & Wesson Brands Inc,SWBI,NASDAQ,3480,manufacturing,2017Q4,us,NV,1999-08-17,2019-12-31,Alpha Vantage listing interval,resolved_cik,True,2,"ranked by active quarter-end evidence, exchange, and plain common-stock symbol",2017|NASDAQ|manufacturing,4126,22,0.0053320407,187.5454545455,20260916
CIK0001093557,AVSB783CFB97853DB61,0001093557,Dexcom Inc,DXCM,NASDAQ,3841,manufacturing,2017Q4,us,DE,2005-04-14,2019-12-31,Alpha Vantage listing interval,resolved_cik,True,1,only eligible resolved security,2017|NASDAQ|manufacturing,4126,22,0.0053320407,187.5454545455,20260916
CIK0001101169,AVS811AD3EB8B325975,0001101169,Viasystems Group Inc,VIAS,NASDAQ,3672,manufacturing,2017Q4,us,DE,1994-05-27,2019-12-31,Alpha Vantage listing interval,resolved_cik,False,1,only eligible resolved security,2017|NASDAQ|manufacturing,4126,22,0.0053320407,187.5454545455,20260916
CIK0001140098,AVS17FD2C3516E98BEA,0001140098,Ocata Therapeutics Inc,OCAT,NASDAQ,2834,manufacturing,2017Q4,us,DE,2014-08-27,2019-12-31,Alpha Vantage listing interval,resolved_cik,False,1,only eligible resolved security,2017|NASDAQ|manufacturing,4126,22,0.0053320407,187.5454545455,20260916
CIK0001176948,AVS93629C93D35268E5,0001176948,Ares Management Corp - Class A,ARES,NYSE,6282,finance_insurance_real_estate,2017Q4,us,DE,2014-05-02,2019-12-31,Alpha Vantage listing interval,resolved_cik,True,1,only eligible resolved security,2017|NYSE|finance_insurance_real_estate,1910,10,0.0052356021,191.0000000000,20260916
CIK0001305294,AVS6B9FFB1937442B84,0001305294,Qlik Technologies Inc,QLIK,NASDAQ,7372,services,2017Q4,us,DE,2010-07-15,2019-12-31,Alpha Vantage listing interval,resolved_cik,False,1,only eligible resolved security,2017|NASDAQ|services,1733,9,0.0051933064,192.5555555556,20260916
CIK0001345126,AVSA7DA90B24F41C570,0001345126,Compass Diversified Holdings,CODI,NYSE,2510,manufacturing,2017Q4,us,DE,2006-05-18,2019-12-31,Alpha Vantage listing interval,resolved_cik,True,1,only eligible resolved security,2017|NYSE|manufacturing,2218,12,0.0054102795,184.8333333333,20260916
CIK0001346830,AVS8CE4B2B204B5A859,0001346830,Cara Therapeutics Inc,TVRD,NASDAQ,2834,manufacturing,2017Q4,us,DE,2014-01-31,2019-12-31,Alpha Vantage listing interval,resolved_cik,True,1,only eligible resolved security,2017|NASDAQ|manufacturing,4126,22,0.0053320407,187.5454545455,20260916
CIK0001365135,AVS733A22EBBB4F0380,0001365135,Western Union Company,WU,NYSE,7389,services,2017Q4,us,DE,2006-10-02,2019-12-31,Alpha Vantage listing interval,resolved_cik,True,1,only eligible resolved security,2017|NYSE|services,992,5,0.0050403226,198.4000000000,20260916
CIK0001404912,AVS2E9BD73EE8150FBC,0001404912,KKR & Co. Inc,KKR,NYSE,6282,finance_insurance_real_estate,2017Q4,us,,2010-07-15,2019-12-31,Alpha Vantage listing interval,resolved_cik,True,1,only eligible resolved security,2017|NYSE|finance_insurance_real_estate,1910,10,0.0052356021,191.0000000000,20260916
CIK0001445356,AVS67E895EFA392DE68,0001445356,Muscato Group Inc,MGRP,NASDAQ,7372,services,2017Q4,us,NV,2010-06-08,2019-12-31,Alpha Vantage listing interval,resolved_cik,False,1,only eligible resolved security,2017|NASDAQ|services,1733,9,0.0051933064,192.5555555556,20260916
CIK0001472595,AVS79C7CD446965594D,0001472595,R1 RCM Inc,RCM,NASDAQ,8741,services,2017Q4,us,DE,2016-01-04,2019-12-31,Alpha Vantage listing interval,resolved_cik,True,1,only eligible resolved security,2017|NASDAQ|services,1733,9,0.0051933064,192.5555555556,20260916
CIK0001478950,AVS2CC2889F55D8C967,0001478950,Excel Trust Inc,EXL,NYSE,6798,finance_insurance_real_estate,2017Q4,us,MD,2010-04-23,2019-12-31,Alpha Vantage listing interval,resolved_cik,False,1,only eligible resolved security,2017|NYSE|finance_insurance_real_estate,1910,10,0.0052356021,191.0000000000,20260916
CIK0001510295,AVS32418212C65781B3,0001510295,Marathon Petroleum Corp,MPC,NYSE,2911,manufacturing,2017Q4,us,DE,2011-06-23,2019-12-31,Alpha Vantage listing interval,resolved_cik,True,1,only eligible resolved security,2017|NYSE|manufacturing,2218,12,0.0054102795,184.8333333333,20260916
CIK0001533998,AVSF2CB226F823964B6,0001533998,DarioHealth Corp,DRIO,NASDAQ,3841,manufacturing,2017Q4,us,DE,2014-10-06,2019-12-31,Alpha Vantage listing interval,resolved_cik,True,1,only eligible resolved security,2017|NASDAQ|manufacturing,4126,22,0.0053320407,187.5454545455,20260916
CIK0001534701,AVS21790D59E05CD00E,0001534701,Phillips 66,PSX,NYSE,2911,manufacturing,2017Q4,us,DE,2012-04-12,2019-12-31,Alpha Vantage listing interval,resolved_cik,True,1,only eligible resolved security,2017|NYSE|manufacturing,2218,12,0.0054102795,184.8333333333,20260916
CIK0001569134,AVS86EFF3269EC5EFD0,0001569134,Tallgrass Energy Partners LP,TEP,NYSE,4922,transportation_communications_utilities,2017Q4,us,DE,2013-05-14,2019-12-31,Alpha Vantage listing interval,resolved_cik,True,2,"ranked by active quarter-end evidence, exchange, and plain common-stock symbol",2017|NYSE|transportation_communications_utilities,802,4,0.0049875312,200.5000000000,20260916
CIK0001608249,AVSE6E7BCE6BAE13C20,0001608249,Zayo Group Holdings Inc,ZAYO,NYSE,4813,transportation_communications_utilities,2017Q4,us,DE,2014-10-17,2019-12-31,Alpha Vantage listing interval,resolved_cik,True,1,only eligible resolved security,2017|NYSE|transportation_communications_utilities,802,4,0.0049875312,200.5000000000,20260916
CIK0001613665,AVSD0292B7E6C65BA0F,0001613665,Great Western Bancorp Inc,GWB,NYSE,6022,finance_insurance_real_estate,2017Q4,us,DE,2014-10-15,2019-12-31,Alpha Vantage listing interval,resolved_cik,True,1,only eligible resolved security,2017|NYSE|finance_insurance_real_estate,1910,10,0.0052356021,191.0000000000,20260916
CIK0000008858,AVS52AC70361EE51A2B,0000008858,Avnet Inc,AVT,NASDAQ,5065,wholesale_trade,2018Q1,us,NY,1973-05-03,2019-12-31,Alpha Vantage listing interval,resolved_cik,True,1,only eligible resolved security,2018|NASDAQ|wholesale_trade,216,1,0.0046296296,216.0000000000,20260916
CIK0000039648,AVS7E177FF7B107C315,0000039648,G&K Services Inc,GK,NASDAQ,7200,services,2018Q1,us,MN,1990-03-26,2019-12-31,Alpha Vantage listing interval,resolved_cik,False,1,only eligible resolved security,2018|NASDAQ|services,1834,10,0.0054525627,183.4000000000,20260916
CIK0000050104,AVS38855C91B5FE5B95,0000050104,Andeavor Corp,ANDV,NYSE,2911,manufacturing,2018Q1,us,,1983-04-06,2019-12-31,Alpha Vantage listing interval,resolved_cik,True,2,"ranked by active quarter-end evidence, exchange, and plain common-stock symbol",2018|NYSE|manufacturing,2260,12,0.0053097345,188.3333333333,20260916
CIK0000064996,AVSB75BBA06D7198F25,0000064996,Mercury General Corp,MCY,NYSE,6331,finance_insurance_real_estate,2018Q1,us,CA,1990-03-26,2019-12-31,Alpha Vantage listing interval,resolved_cik,True,1,only eligible resolved security,2018|NYSE|finance_insurance_real_estate,1963,10,0.0050942435,196.3000000000,20260916
CIK0000069633,AVSCAA4EBF6071E6F4F,0000069633,NAPCO Security Technologies Inc,NSSC,NASDAQ,3669,manufacturing,2018Q1,us,DE,1990-03-26,2019-12-31,Alpha Vantage listing interval,resolved_cik,True,1,only eligible resolved security,2018|NASDAQ|manufacturing,4406,23,0.0052201543,191.5652173913,20260916
CIK0000090896,AVSA9E6375D655599A2,0000090896,Skyline Champion Corp,SKY,NYSE,2451,manufacturing,2018Q1,us,IN,1981-12-31,2019-12-31,Alpha Vantage listing interval,resolved_cik,True,1,only eligible resolved security,2018|NYSE|manufacturing,2260,12,0.0053097345,188.3333333333,20260916
CIK0000094344,AVS8BFB8747B4D10BC1,0000094344,Stewart Information Services Corp,STC,NYSE,6361,finance_insurance_real_estate,2018Q1,us,DE,1990-03-28,2019-12-31,Alpha Vantage listing interval,resolved_cik,True,1,only eligible resolved security,2018|NYSE|finance_insurance_real_estate,1963,10,0.0050942435,196.3000000000,20260916
CIK0000357097,AVS24A16A531933A24A,0000357097,Fibrocell Science Inc,FCSC,NASDAQ,2834,manufacturing,2018Q1,us,DE,2009-10-21,2019-12-31,Alpha Vantage listing interval,resolved_cik,True,2,"ranked by active quarter-end evidence, exchange, and plain common-stock symbol",2018|NASDAQ|manufacturing,4406,23,0.0052201543,191.5652173913,20260916
CIK0000722079,AVS319158AA7CEEBFAA,0000722079,TERRA INDUSTRIES INC,TRA,NYSE,2870,manufacturing,2018Q1,us,MD,2001-01-02,2019-12-31,Alpha Vantage listing interval,resolved_cik,False,1,only eligible resolved security,2018|NYSE|manufacturing,2260,12,0.0053097345,188.3333333333,20260916
CIK0000750199,AVS6621875DD00C1A86,0000750199,EPL Oil & Gas Inc,EPL,NYSE,1311,mining,2018Q1,us,DE,2009-09-23,2019-12-31,Alpha Vantage listing interval,resolved_cik,False,1,only eligible resolved security,2018|NYSE|mining,556,3,0.0053956835,185.3333333333,20260916
CIK0000765207,AVS1C89FC79DECA81DC,0000765207,First Bancorp Inc (ME),FNLC,NASDAQ,6021,finance_insurance_real_estate,2018Q1,us,ME,1999-07-14,2019-12-31,Alpha Vantage listing interval,resolved_cik,True,1,only eligible resolved security,2018|NASDAQ|finance_insurance_real_estate,2291,12,0.0052378874,190.9166666667,20260916
CIK0000882154,AVS2005E8D76F745072,0000882154,PowerSecure International Inc,POWR,NYSE,7389,services,2018Q1,us,DE,2008-01-14,2019-12-31,Alpha Vantage listing interval,resolved_cik,False,1,only eligible resolved security,2018|NYSE|services,1027,6,0.0058422590,171.1666666667,20260916
CIK0000887596,AVSB1CCA693DCFF7802,0000887596,Cheesecake Factory Inc,CAKE,NASDAQ,5812,retail_trade,2018Q1,us,DE,1992-09-18,2019-12-31,Alpha Vantage listing interval,resolved_cik,True,1,only eligible resolved security,2018|NASDAQ|retail_trade,491,3,0.0061099796,163.6666666667,20260916
CIK0000906193,AVS00428349FA6436FE,0000906193,Key Technology Inc,KTEC,NASDAQ,3550,manufacturing,2018Q1,us,OR,1993-12-17,2018-03-21,Alpha Vantage listing interval,resolved_cik,False,2,"ranked by active quarter-end evidence, exchange, and plain common-stock symbol",2018|NASDAQ|manufacturing,4406,23,0.0052201543,191.5652173913,20260916
CIK0000945114,AVSC28339D606C9418A,0000945114,Global Industrial Company,GIC,NYSE,5084,wholesale_trade,2018Q1,us,DE,1995-06-27,2019-12-31,Alpha Vantage listing interval,resolved_cik,True,1,only eligible resolved security,2018|NYSE|wholesale_trade,201,1,0.0049751244,201.0000000000,20260916
CIK0001005409,AVSB0271995EDF42AD7,0001005409,Dime Community Bancshares Inc,DCOM,NYSE,6035,finance_insurance_real_estate,2018Q1,us,DE,1999-01-12,2019-12-31,Alpha Vantage listing interval,resolved_cik,True,2,"ranked by active quarter-end evidence, exchange, and plain common-stock symbol",2018|NYSE|finance_insurance_real_estate,1963,10,0.0050942435,196.3000000000,20260916
CIK0001016169,AVSAF64DCA91CC2FAAC,0001016169,Antares Pharma Inc,ATRS,NASDAQ,3841,manufacturing,2018Q1,us,DE,1996-10-03,2019-12-31,Alpha Vantage listing interval,resolved_cik,True,1,only eligible resolved security,2018|NASDAQ|manufacturing,4406,23,0.0052201543,191.5652173913,20260916
CIK0001018840,AVS9145A9AEA1B3AC56,0001018840,Abercrombie & Fitch Co. - Class A,ANF,NYSE,5651,retail_trade,2018Q1,us,OH,1996-09-26,2019-12-31,Alpha Vantage listing interval,resolved_cik,True,1,only eligible resolved security,2018|NYSE|retail_trade,403,2,0.0049627792,201.5000000000,20260916
CIK0001084991,AVSBCBD4391A95FAF55,0001084991,Natural Gas Services Group Inc,NGS,NYSE,1389,mining,2018Q1,us,,2002-10-22,2019-12-31,Alpha Vantage listing interval,resolved_cik,True,1,only eligible resolved security,2018|NYSE|mining,556,3,0.0053956835,185.3333333333,20260916
CIK0001102287,AVS2AD1C6404A30CE49,0001102287,PremierWest Bancorp,PRWT,NASDAQ,6021,finance_insurance_real_estate,2018Q1,us,OR,2006-12-28,2019-12-31,Alpha Vantage listing interval,resolved_cik,False,1,only eligible resolved security,2018|NASDAQ|finance_insurance_real_estate,2291,12,0.0052378874,190.9166666667,20260916
CIK0001117297,AVS7B55C44031DEF333,0001117297,QuinStreet Inc,QNST,NASDAQ,7389,services,2018Q1,us,,2010-02-11,2019-12-31,Alpha Vantage listing interval,resolved_cik,True,1,only eligible resolved security,2018|NASDAQ|services,1834,10,0.0054525627,183.4000000000,20260916
CIK0001120193,AVSD4895110479A7CBD,0001120193,Nasdaq Inc - 144A,NDAQ,NASDAQ,6200,finance_insurance_real_estate,2018Q1,us,DE,2002-07-01,2019-12-31,Alpha Vantage listing interval,resolved_cik,True,2,"ranked by active quarter-end evidence, exchange, and plain common-stock symbol",2018|NASDAQ|finance_insurance_real_estate,2291,12,0.0052378874,190.9166666667,20260916
CIK0001133311,AVS04F1C8603D2A318A,0001133311,Travelzoo,TZOO,NASDAQ,7310,services,2018Q1,us,DE,2002-08-28,2019-12-31,Alpha Vantage listing interval,resolved_cik,True,1,only eligible resolved security,2018|NASDAQ|services,1834,10,0.0054525627,183.4000000000,20260916
CIK0001303313,AVS8A9DBA199B2E8ED6,0001303313,LHC Group Inc,LHCG,NASDAQ,8082,services,2018Q1,us,,2005-06-09,2019-12-31,Alpha Vantage listing interval,resolved_cik,True,1,only eligible resolved security,2018|NASDAQ|services,1834,10,0.0054525627,183.4000000000,20260916
CIK0001409493,AVSF750569F75232D26,0001409493,Chimera Investment Corp,CIM,NYSE,6798,finance_insurance_real_estate,2018Q1,us,NY,2007-11-16,2019-12-31,Alpha Vantage listing interval,resolved_cik,True,1,only eligible resolved security,2018|NYSE|finance_insurance_real_estate,1963,10,0.0050942435,196.3000000000,20260916
CIK0001446159,AVS0322A68C217AD5CE,0001446159,Axe Compute Inc,AGPU,NASDAQ,6199,finance_insurance_real_estate,2018Q1,us,DE,2018-01-29,2019-12-31,Alpha Vantage listing interval,resolved_cik,True,3,"ranked by active quarter-end evidence, exchange, and plain common-stock symbol",2018|NASDAQ|finance_insurance_real_estate,2291,12,0.0052378874,190.9166666667,20260916
CIK0001479094,AVS3085F95E7C78E060,0001479094,STAG Industrial Inc,STAG,NYSE,6798,finance_insurance_real_estate,2018Q1,us,,2011-04-15,2019-12-31,Alpha Vantage listing interval,resolved_cik,True,1,only eligible resolved security,2018|NYSE|finance_insurance_real_estate,1963,10,0.0050942435,196.3000000000,20260916
CIK0001526952,AVS4B20A2266BA1E648,0001526952,Wellesley Bancorp Inc,WEBK,NASDAQ,6036,finance_insurance_real_estate,2018Q1,us,MD,2012-01-26,2019-12-31,Alpha Vantage listing interval,resolved_cik,True,1,only eligible resolved security,2018|NASDAQ|finance_insurance_real_estate,2291,12,0.0052378874,190.9166666667,20260916
CIK0001533615,AVSB48247BBD864D809,0001533615,Global Medical REIT Inc,XRN,NYSE,6798,finance_insurance_real_estate,2018Q1,us,MD,2016-06-29,2019-12-31,Alpha Vantage listing interval,resolved_cik,True,1,only eligible resolved security,2018|NYSE|finance_insurance_real_estate,1963,10,0.0050942435,196.3000000000,20260916
CIK0001597553,AVS21D112B5F6975287,0001597553,Sage Therapeutics Inc,SAGE,NASDAQ,2834,manufacturing,2018Q1,us,DE,2014-07-18,2019-12-31,Alpha Vantage listing interval,resolved_cik,True,1,only eligible resolved security,2018|NASDAQ|manufacturing,4406,23,0.0052201543,191.5652173913,20260916
CIK0001604191,AVS8868AAB3FDE5EE33,0001604191,Entero Therapeutics Inc,GRDX,NASDAQ,4931,transportation_communications_utilities,2018Q1,us,DE,2016-10-11,2019-12-31,Alpha Vantage listing interval,resolved_cik,True,1,only eligible resolved security,2018|NASDAQ|transportation_communications_utilities,566,3,0.0053003534,188.6666666667,20260916
CIK0001637207,AVS8135ABF3511F2A54,0001637207,Planet Fitness Inc - Class A,PLNT,NYSE,7997,services,2018Q1,us,DE,2015-08-06,2019-12-31,Alpha Vantage listing interval,resolved_cik,True,1,only eligible resolved security,2018|NYSE|services,1027,6,0.0058422590,171.1666666667,20260916
CIK0001726173,AVS8436AB39C565D4C1,0001726173,Biglari Holdings Inc - Class B,BH,NYSE,5812,retail_trade,2018Q1,us,IN,1992-02-25,2019-12-31,Alpha Vantage listing interval,resolved_cik,True,1,only eligible resolved security,2018|NYSE|retail_trade,403,2,0.0049627792,201.5000000000,20260916
CIK0001744489,AVSA442164E78DCCA91,0001744489,Walt Disney Co (The),DIS,NYSE,7990,services,2018Q1,us,DE,1962-01-02,2019-12-31,Alpha Vantage listing interval,resolved_cik,True,1,only eligible resolved security,2018|NYSE|services,1027,6,0.0058422590,171.1666666667,20260916
CIK0000037472,AVSC5CAED57C4E4C331,0000037472,Flexsteel Industries Inc,FLXS,NASDAQ,2510,manufacturing,2018Q2,us,MN,1992-02-25,2019-12-31,Alpha Vantage listing interval,resolved_cik,True,1,only eligible resolved security,2018|NASDAQ|manufacturing,4406,23,0.0052201543,191.5652173913,20260916
CIK0000092380,AVS922B8DFE5846620A,0000092380,Southwest Airlines Company,LUV,NYSE,4512,transportation_communications_utilities,2018Q2,us,TX,1980-01-02,2019-12-31,Alpha Vantage listing interval,resolved_cik,True,1,only eligible resolved security,2018|NYSE|transportation_communications_utilities,813,4,0.0049200492,203.2500000000,20260916
CIK0000774569,AVS037A5E5BA97CBFFC,0000774569,Cortland Bancorp,CLDB,NASDAQ,6035,finance_insurance_real_estate,2018Q2,us,OH,2001-01-02,2019-12-31,Alpha Vantage listing interval,resolved_cik,True,1,only eligible resolved security,2018|NASDAQ|finance_insurance_real_estate,2291,12,0.0052378874,190.9166666667,20260916
CIK0000828944,AVS667CE3B7D68BD076,0000828944,WSFS Financial Corp,WSFS,NASDAQ,6021,finance_insurance_real_estate,2018Q2,us,DE,1990-03-26,2019-12-31,Alpha Vantage listing interval,resolved_cik,True,2,"ranked by active quarter-end evidence, exchange, and plain common-stock symbol",2018|NASDAQ|finance_insurance_real_estate,2291,12,0.0052378874,190.9166666667,20260916
CIK0000948320,AVS8434D80ED6EFAC82,0000948320,LifeMD Inc,LFMD,NASDAQ,8011,services,2018Q2,us,DE,2001-01-02,2019-12-31,Alpha Vantage listing interval,resolved_cik,True,1,only eligible resolved security,2018|NASDAQ|services,1834,10,0.0054525627,183.4000000000,20260916
CIK0001011570,AVS4294FE191D0AEE7F,0001011570,Knoll Inc,KNL,NYSE,2590,manufacturing,2018Q2,us,DE,2004-12-14,2019-12-31,Alpha Vantage listing interval,resolved_cik,True,1,only eligible resolved security,2018|NYSE|manufacturing,2260,12,0.0053097345,188.3333333333,20260916
CIK0001024305,AVS220C38EC5107BF21,0001024305,Coty Inc - Class A,COTY,NYSE,2844,manufacturing,2018Q2,us,,2013-06-13,2019-12-31,Alpha Vantage listing interval,resolved_cik,True,1,only eligible resolved security,2018|NYSE|manufacturing,2260,12,0.0053097345,188.3333333333,20260916
CIK0001090061,AVS71CCDF461415040C,0001090061,OMNOVA Solutions Inc,OMN,NYSE,3060,manufacturing,2018Q2,us,OH,1999-09-27,2019-12-31,Alpha Vantage listing interval,resolved_cik,True,1,only eligible resolved security,2018|NYSE|manufacturing,2260,12,0.0053097345,188.3333333333,20260916
CIK0001143921,AVS68B015C0343FF197,0001143921,VANTAGESOUTH BANCSHARES INC.,VSB,NYSE,6022,finance_insurance_real_estate,2018Q2,us,DE,2013-07-22,2019-12-31,Alpha Vantage listing interval,resolved_cik,False,1,only eligible resolved security,2018|NYSE|finance_insurance_real_estate,1963,10,0.0050942435,196.3000000000,20260916
CIK0001165231,AVSDFCC513E17FA279C,0001165231,Procera Networks Inc,PKT,NASDAQ,7371,services,2018Q2,us,DE,2003-06-26,2019-12-31,Alpha Vantage listing interval,resolved_cik,False,1,only eligible resolved security,2018|NASDAQ|services,1834,10,0.0054525627,183.4000000000,20260916
CIK0001323885,AVS0FB44FA7737150A9,0001323885,Atricure Inc,ATRC,NASDAQ,3841,manufacturing,2018Q2,us,DE,2005-08-05,2019-12-31,Alpha Vantage listing interval,resolved_cik,True,1,only eligible resolved security,2018|NASDAQ|manufacturing,4406,23,0.0052201543,191.5652173913,20260916
CIK0001340786,AVSB45466926FACE4EE,0001340786,Fuel Systems Solutions Inc,FSYS,NASDAQ,3714,manufacturing,2018Q2,us,DE,2001-01-02,2019-12-31,Alpha Vantage listing interval,resolved_cik,False,1,only eligible resolved security,2018|NASDAQ|manufacturing,4406,23,0.0052201543,191.5652173913,20260916
CIK0001364541,AVS201E7C5144FBFA6B,0001364541,Eagle Rock Energy Partners L.P.,EROC,NASDAQ,1311,mining,2018Q2,us,DE,2006-10-25,2019-12-31,Alpha Vantage listing interval,resolved_cik,False,1,only eligible resolved security,2018|NASDAQ|mining,266,1,0.0037593985,266.0000000000,20260916
CIK0001370053,AVS9CBAB319A8F3C671,0001370053,AnaptysBio Inc,ANAB,NASDAQ,2834,manufacturing,2018Q2,us,DE,2017-01-26,2019-12-31,Alpha Vantage listing interval,resolved_cik,True,1,only eligible resolved security,2018|NASDAQ|manufacturing,4406,23,0.0052201543,191.5652173913,20260916
CIK0001370637,AVSFBCD81047D53D58F,0001370637,Etsy Inc,ETSY,NYSE,7389,services,2018Q2,us,DE,2015-04-16,2019-12-31,Alpha Vantage listing interval,resolved_cik,True,1,only eligible resolved security,2018|NYSE|services,1027,6,0.0058422590,171.1666666667,20260916
CIK0001434588,AVS5841B3BE26A0BC55,0001434588,Grand Canyon Education Inc,LOPE,NASDAQ,8200,services,2018Q2,us,DE,2008-11-20,2019-12-31,Alpha Vantage listing interval,resolved_cik,True,1,only eligible resolved security,2018|NASDAQ|services,1834,10,0.0054525627,183.4000000000,20260916
CIK0001499807,AVSFE324BF45CE0CEFA,0001499807,K2M Group Holdings Inc,KTWO,NASDAQ,3841,manufacturing,2018Q2,us,,2014-05-08,2019-12-31,Alpha Vantage listing interval,resolved_cik,True,2,"ranked by active quarter-end evidence, exchange, and plain common-stock symbol",2018|NASDAQ|manufacturing,4406,23,0.0052201543,191.5652173913,20260916
CIK0001552198,AVS638767B40AB3C9F7,0001552198,WhiteHorse Finance Inc,WHF,NASDAQ,,unknown,2018Q2,us,DE,2012-12-06,2019-12-31,Alpha Vantage listing interval,resolved_cik,True,1,only eligible resolved security,2018|NASDAQ|unknown,146,1,0.0068493151,146.0000000000,20260916
CIK0001601046,AVS953BA1B516BAA49C,0001601046,Keysight Technologies Inc,KEYS,NYSE,3823,manufacturing,2018Q2,us,DE,2014-10-20,2019-12-31,Alpha Vantage listing interval,resolved_cik,True,1,only eligible resolved security,2018|NYSE|manufacturing,2260,12,0.0053097345,188.3333333333,20260916
CIK0000740971,AVS90164F0FA027687F,0000740971,Old Point Financial Corp,OPOF,NASDAQ,6021,finance_insurance_real_estate,2018Q3,us,VA,1999-01-11,2019-12-31,Alpha Vantage listing interval,resolved_cik,True,1,only eligible resolved security,2018|NASDAQ|finance_insurance_real_estate,2291,12,0.0052378874,190.9166666667,20260916
CIK0000835324,AVSF6554F104767C1F6,0000835324,Stock Yards Bancorp Inc,SYBT,NASDAQ,6022,finance_insurance_real_estate,2018Q3,us,KY,1993-03-26,2019-12-31,Alpha Vantage listing interval,resolved_cik,True,1,only eligible resolved security,2018|NASDAQ|finance_insurance_real_estate,2291,12,0.0052378874,190.9166666667,20260916
CIK0000883569,AVS8CC351FFFE0135D2,0000883569,Fossil Group Inc,FOSL,NASDAQ,3873,manufacturing,2018Q3,us,DE,1993-04-08,2019-12-31,Alpha Vantage listing interval,resolved_cik,True,1,only eligible resolved security,2018|NASDAQ|manufacturing,4406,23,0.0052201543,191.5652173913,20260916
CIK0000904080,AVS60135B2020851BA1,0000904080,Stone Energy Corp,SGY,NYSE,1311,mining,2018Q3,us,DE,1993-07-09,2019-12-31,Alpha Vantage listing interval,resolved_cik,False,1,only eligible resolved security,2018|NYSE|mining,556,3,0.0053956835,185.3333333333,20260916
CIK0000906163,AVS5101B67014E20244,0000906163,NVR Inc,NVR,NYSE,1531,construction,2018Q3,us,VA,1985-07-22,2019-12-31,Alpha Vantage listing interval,resolved_cik,True,1,only eligible resolved security,2018|NYSE|construction,156,1,0.0064102564,156.0000000000,20260916
CIK0000915913,AVSF3FFAEB684B8B010,0000915913,Albemarle Corp,ALB,NYSE,2821,manufacturing,2018Q3,us,VA,1994-02-22,2019-12-31,Alpha Vantage listing interval,resolved_cik,True,1,only eligible resolved security,2018|NYSE|manufacturing,2260,12,0.0053097345,188.3333333333,20260916
CIK0000916907,AVS4FE5AF23A75EC874,0000916907,Southern Missouri Bancorp Inc,SMBC,NASDAQ,6036,finance_insurance_real_estate,2018Q3,us,MO,1994-04-12,2019-12-31,Alpha Vantage listing interval,resolved_cik,True,1,only eligible resolved security,2018|NASDAQ|finance_insurance_real_estate,2291,12,0.0052378874,190.9166666667,20260916
CIK0000920522,AVS7ABEF26202D87481,0000920522,Essex Property Trust Inc,ESS,NYSE,6798,finance_insurance_real_estate,2018Q3,us,MD,1994-06-07,2019-12-31,Alpha Vantage listing interval,resolved_cik,True,1,only eligible resolved security,2018|NYSE|finance_insurance_real_estate,1963,10,0.0050942435,196.3000000000,20260916
CIK0001122063,AVS784C3AF0CE4AFCFB,0001122063,FTE Networks Inc,FTNW,NYSE,4813,transportation_communications_utilities,2018Q3,us,NV,2016-05-26,2019-12-31,Alpha Vantage listing interval,resolved_cik,True,1,only eligible resolved security,2018|NYSE|transportation_communications_utilities,813,4,0.0049200492,203.2500000000,20260916
CIK0001171014,AVSC3D27DAE6009C874,0001171014,Cosi Inc,COSI,NASDAQ,5812,retail_trade,2018Q3,us,DE,2002-11-22,2019-12-31,Alpha Vantage listing interval,resolved_cik,False,1,only eligible resolved security,2018|NASDAQ|retail_trade,491,3,0.0061099796,163.6666666667,20260916
CIK0001297989,AVS8259E02C7C7EC723,0001297989,ExlService Holdings Inc,EXLS,NASDAQ,7389,services,2018Q3,us,DE,2006-10-20,2019-12-31,Alpha Vantage listing interval,resolved_cik,True,1,only eligible resolved security,2018|NASDAQ|services,1834,10,0.0054525627,183.4000000000,20260916
CIK0001311596,AVS3DED721E54956BE3,0001311596,Tobira Therapeutics Inc,TBRA,NASDAQ,2834,manufacturing,2018Q3,us,DE,2016-01-04,2019-12-31,Alpha Vantage listing interval,resolved_cik,False,2,"ranked by active quarter-end evidence, exchange, and plain common-stock symbol",2018|NASDAQ|manufacturing,4406,23,0.0052201543,191.5652173913,20260916
CIK0001333763,AVS5DC9485E0E33BC90,0001333763,Chelsea Therapeutics International Ltd,CHTP,NASDAQ,2836,manufacturing,2018Q3,us,DE,2005-11-10,2019-12-31,Alpha Vantage listing interval,resolved_cik,False,1,only eligible resolved security,2018|NASDAQ|manufacturing,4406,23,0.0052201543,191.5652173913,20260916
CIK0001590418,AVSED9E0494AA4723BE,0001590418,Focus Universal Inc,FCUV,NASDAQ,3823,manufacturing,2018Q3,us,NV,2017-09-27,2019-12-31,Alpha Vantage listing interval,resolved_cik,True,1,only eligible resolved security,2018|NASDAQ|manufacturing,4406,23,0.0052201543,191.5652173913,20260916
CIK0000276720,AVS09E237A0FFD78A94,0000276720,Pure Cycle Corp,PCYO,NASDAQ,4941,transportation_communications_utilities,2018Q4,us,CO,1997-01-02,2019-12-31,Alpha Vantage listing interval,resolved_cik,True,1,only eligible resolved security,2018|NASDAQ|transportation_communications_utilities,566,3,0.0053003534,188.6666666667,20260916
CIK0000711669,AVSDB51C807BE357FA6,0000711669,Colony Bankcorp Inc,CBAN,NYSE,6022,finance_insurance_real_estate,2018Q4,us,GA,1998-04-02,2019-12-31,Alpha Vantage listing interval,resolved_cik,True,1,only eligible resolved security,2018|NYSE|finance_insurance_real_estate,1963,10,0.0050942435,196.3000000000,20260916
CIK0000778734,AVSC37F581AE48313D5,0000778734,Measurement Specialties Inc,MEAS,NASDAQ,3829,manufacturing,2018Q4,us,NJ,1993-04-26,2019-12-31,Alpha Vantage listing interval,resolved_cik,False,1,only eligible resolved security,2018|NASDAQ|manufacturing,4406,23,0.0052201543,191.5652173913,20260916
CIK0000824142,AVSA585E5716861F87A,0000824142,AAON Inc,AAON,NASDAQ,3585,manufacturing,2018Q4,us,NV,1992-12-16,2019-12-31,Alpha Vantage listing interval,resolved_cik,True,1,only eligible resolved security,2018|NASDAQ|manufacturing,4406,23,0.0052201543,191.5652173913,20260916
CIK0000902274,AVS925DA472DA8277A1,0000902274,Libbey Inc,LBY,NYSE,3220,manufacturing,2018Q4,us,DE,1993-06-18,2019-12-31,Alpha Vantage listing interval,resolved_cik,True,1,only eligible resolved security,2018|NYSE|manufacturing,2260,12,0.0053097345,188.3333333333,20260916
CIK0000918386,AVS6C9D35C85A254D87,0000918386,QLogic Corp,QLGC,NASDAQ,3576,manufacturing,2018Q4,us,DE,2016-01-04,2019-12-31,Alpha Vantage listing interval,resolved_cik,False,1,only eligible resolved security,2018|NASDAQ|manufacturing,4406,23,0.0052201543,191.5652173913,20260916
CIK0001016470,AVS1269FA153F650ABE,0001016470,SRS Labs Inc,SRSL,NASDAQ,6794,finance_insurance_real_estate,2018Q4,us,DE,1996-09-09,2019-12-31,Alpha Vantage listing interval,resolved_cik,False,1,only eligible resolved security,2018|NASDAQ|finance_insurance_real_estate,2291,12,0.0052378874,190.9166666667,20260916
CIK0001041803,AVSCCBB4FC00268B699,0001041803,Pricesmart Inc,PSMT,NASDAQ,5331,retail_trade,2018Q4,us,DE,1997-09-02,2019-12-31,Alpha Vantage listing interval,resolved_cik,True,1,only eligible resolved security,2018|NASDAQ|retail_trade,491,3,0.0061099796,163.6666666667,20260916
CIK0001089143,AVS17C80D6F88BBCCE3,0001089143,Collectors Universe Inc,CLCT,NASDAQ,7389,services,2018Q4,us,DE,1999-11-05,2019-12-31,Alpha Vantage listing interval,resolved_cik,True,1,only eligible resolved security,2018|NASDAQ|services,1834,10,0.0054525627,183.4000000000,20260916
CIK0001103601,AVS65201C8339135C23,0001103601,WGL Holdings Inc,WGL,NYSE,4924,transportation_communications_utilities,2018Q4,us,VA,1987-06-22,2019-12-31,Alpha Vantage listing interval,resolved_cik,False,1,only eligible resolved security,2018|NYSE|transportation_communications_utilities,813,4,0.0049200492,203.2500000000,20260916
CIK0001113169,AVSF75E69A5D8B77564,0001113169,T. Rowe Price Group Inc,TROW,NASDAQ,6282,finance_insurance_real_estate,2018Q4,us,MD,1989-09-13,2019-12-31,Alpha Vantage listing interval,resolved_cik,True,1,only eligible resolved security,2018|NASDAQ|finance_insurance_real_estate,2291,12,0.0052378874,190.9166666667,20260916
CIK0001135906,AVSFE665D9BCF7ED154,0001135906,EPIRUS Biopharmaceuticals Inc,EPRS,NASDAQ,2834,manufacturing,2018Q4,us,DE,2016-01-04,2019-12-31,Alpha Vantage listing interval,resolved_cik,False,1,only eligible resolved security,2018|NASDAQ|manufacturing,4406,23,0.0052201543,191.5652173913,20260916
CIK0001285550,AVSFFBFF57BC633EF28,0001285550,MRI Interventions Inc,CLPT,NYSE,3841,manufacturing,2018Q4,us,DE,2012-05-22,2019-12-31,Alpha Vantage listing interval,resolved_cik,True,2,"ranked by active quarter-end evidence, exchange, and plain common-stock symbol",2018|NYSE|manufacturing,2260,12,0.0053097345,188.3333333333,20260916
CIK0001308547,AVSA24517D29239C731,0001308547,Dolby Laboratories Inc - Class A,DLB,NYSE,6794,finance_insurance_real_estate,2018Q4,us,DE,2005-02-17,2019-12-31,Alpha Vantage listing interval,resolved_cik,True,1,only eligible resolved security,2018|NYSE|finance_insurance_real_estate,1963,10,0.0050942435,196.3000000000,20260916
CIK0001340786,AVSB45466926FACE4EE,0001340786,Fuel Systems Solutions Inc,FSYS,NASDAQ,3714,manufacturing,2018Q4,us,DE,2001-01-02,2019-12-31,Alpha Vantage listing interval,resolved_cik,False,1,only eligible resolved security,2018|NASDAQ|manufacturing,4406,23,0.0052201543,191.5652173913,20260916
CIK0001351636,AVS92B240C5BAFC41E2,0001351636,SoundThinking Inc,SSTI,NASDAQ,7372,services,2018Q4,us,DE,2017-06-07,2019-12-31,Alpha Vantage listing interval,resolved_cik,True,1,only eligible resolved security,2018|NASDAQ|services,1834,10,0.0054525627,183.4000000000,20260916
CIK0001468748,AVS2EFCFB2D17C07A10,0001468748,Kodiak Sciences Inc,KOD,NASDAQ,2836,manufacturing,2018Q4,us,DE,2018-10-04,2019-12-31,Alpha Vantage listing interval,resolved_cik,True,1,only eligible resolved security,2018|NASDAQ|manufacturing,4406,23,0.0052201543,191.5652173913,20260916
CIK0001489993,AVS578974C62C0D36FC,0001489993,Skymobi Ltd ADR,MOBI,NASDAQ,3841,manufacturing,2018Q4,us,DE,2010-12-09,2019-12-31,Alpha Vantage listing interval,resolved_cik,False,1,only eligible resolved security,2018|NASDAQ|manufacturing,4406,23,0.0052201543,191.5652173913,20260916
CIK0001533526,AVS9998F2E9D98F5FCF,0001533526,Global Brass and Copper Holdings Inc,BRSS,NYSE,3350,manufacturing,2018Q4,us,,2013-05-23,2019-12-31,Alpha Vantage listing interval,resolved_cik,True,2,"ranked by active quarter-end evidence, exchange, and plain common-stock symbol",2018|NYSE|manufacturing,2260,12,0.0053097345,188.3333333333,20260916
CIK0001533932,AVS9215F9656DE102DC,0001533932,Vantiv Inc,VNTV,NYSE,7389,services,2018Q4,us,DE,2012-03-22,2019-12-31,Alpha Vantage listing interval,resolved_cik,False,1,only eligible resolved security,2018|NYSE|services,1027,6,0.0058422590,171.1666666667,20260916
CIK0001561660,AVS747922B0E55CCFCA,0001561660,Pattern Energy Group Inc,PEGI,NASDAQ,4911,transportation_communications_utilities,2018Q4,us,DE,2013-09-27,2019-12-31,Alpha Vantage listing interval,resolved_cik,True,1,only eligible resolved security,2018|NASDAQ|transportation_communications_utilities,566,3,0.0053003534,188.6666666667,20260916
CIK0001608638,AVSB2AF8B709D67EDEC,0001608638,Civitas Solutions Inc,CIVI,NYSE,8082,services,2018Q4,us,DE,2014-09-17,2019-12-31,Alpha Vantage listing interval,resolved_cik,True,2,"ranked by active quarter-end evidence, exchange, and plain common-stock symbol",2018|NYSE|services,1027,6,0.0058422590,171.1666666667,20260916
CIK0001610418,AVSABB8ECF1EDD54EFF,0001610418,CNX Midstream Partners LP,CNXM,NYSE,4922,transportation_communications_utilities,2018Q4,us,DE,2018-01-04,2019-12-31,Alpha Vantage listing interval,resolved_cik,True,2,"ranked by active quarter-end evidence, exchange, and plain common-stock symbol",2018|NYSE|transportation_communications_utilities,813,4,0.0049200492,203.2500000000,20260916
CIK0001625101,AVS4FDA33AE390092BE,0001625101,Pulse Biosciences Inc,PLSE,NASDAQ,3841,manufacturing,2018Q4,us,DE,2016-05-18,2019-12-31,Alpha Vantage listing interval,resolved_cik,True,1,only eligible resolved security,2018|NASDAQ|manufacturing,4406,23,0.0052201543,191.5652173913,20260916
CIK0001650962,AVS790F6F058BE45C80,0001650962,Welbilt Inc,WBT,NYSE,3580,manufacturing,2018Q4,us,DE,2016-02-18,2019-12-31,Alpha Vantage listing interval,resolved_cik,True,1,only eligible resolved security,2018|NYSE|manufacturing,2260,12,0.0053097345,188.3333333333,20260916
CIK0001716947,AVSE03CAFFA42405626,0001716947,Ensysce Biosciences Inc,ENSC,NASDAQ,2834,manufacturing,2018Q4,us,DE,2018-02-26,2019-12-31,Alpha Vantage listing interval,resolved_cik,True,1,only eligible resolved security,2018|NASDAQ|manufacturing,4406,23,0.0052201543,191.5652173913,20260916
CIK0000003906,AVS48B58C29A715E5C6,0000003906,Allied Capital Corp,AFC,NYSE,,unknown,2019Q1,us,MD,2007-04-17,2019-12-31,Alpha Vantage listing interval,resolved_cik,True,1,only eligible resolved security,2019|NYSE|unknown,86,1,0.0116279070,86.0000000000,20260916
CIK0000017843,AVS36D8E4A11B743B7E,0000017843,Carpenter Technology Corp,CRS,NYSE,3312,manufacturing,2019Q1,us,DE,1987-11-05,2019-12-31,Alpha Vantage listing interval,resolved_cik,True,1,only eligible resolved security,2019|NYSE|manufacturing,2296,12,0.0052264808,191.3333333333,20260916
CIK0000023082,AVSA816498A24B59B94,0000023082,Computer Sciences Corp,CSC,NYSE,7373,services,2019Q1,us,NV,2001-01-02,2019-12-31,Alpha Vantage listing interval,resolved_cik,False,1,only eligible resolved security,2019|NYSE|services,1070,6,0.0056074766,178.3333333333,20260916
CIK0000049071,AVS892DB38CC817514B,0000049071,Humana Inc,HUM,NYSE,6324,finance_insurance_real_estate,2019Q1,us,DE,1981-12-31,2019-12-31,Alpha Vantage listing interval,resolved_cik,True,1,only eligible resolved security,2019|NYSE|finance_insurance_real_estate,1976,11,0.0055668016,179.6363636364,20260916
CIK0000102729,AVS7059ED16ACAA939B,0000102729,Valmont Industries Inc,VMI,NYSE,3440,manufacturing,2019Q1,us,DE,1990-03-26,2019-12-31,Alpha Vantage listing interval,resolved_cik,True,1,only eligible resolved security,2019|NYSE|manufacturing,2296,12,0.0052264808,191.3333333333,20260916
CIK0000313143,AVSED87D7F872491329,0000313143,Haemonetics Corp,HAE,NYSE,3841,manufacturing,2019Q1,us,MA,1991-05-10,2019-12-31,Alpha Vantage listing interval,resolved_cik,True,1,only eligible resolved security,2019|NYSE|manufacturing,2296,12,0.0052264808,191.3333333333,20260916
CIK0000849502,AVS645D3CB92AE3ED3D,0000849502,Ramtron International,RMTR,NASDAQ,3674,manufacturing,2019Q1,us,DE,2006-12-28,2019-12-31,Alpha Vantage listing interval,resolved_cik,False,1,only eligible resolved security,2019|NASDAQ|manufacturing,4600,24,0.0052173913,191.6666666667,20260916
CIK0000867773,AVS6C78E4BACD840F81,0000867773,SunPower Corp,SPWRB,NASDAQ,3674,manufacturing,2019Q1,us,DE,2008-09-22,2019-12-31,Alpha Vantage listing interval,resolved_cik,False,1,only eligible resolved security,2019|NASDAQ|manufacturing,4600,24,0.0052173913,191.6666666667,20260916
CIK0000879169,AVS0A2963986A2EA85B,0000879169,Incyte Corp,INCY,NASDAQ,8731,services,2019Q1,us,DE,1993-11-04,2019-12-31,Alpha Vantage listing interval,resolved_cik,True,1,only eligible resolved security,2019|NASDAQ|services,1904,10,0.0052521008,190.4000000000,20260916
CIK0000883945,AVSB827387FA7D1033F,0000883945,USA Truck Inc,USAK,NASDAQ,4213,transportation_communications_utilities,2019Q1,us,DE,1992-03-20,2019-12-31,Alpha Vantage listing interval,resolved_cik,True,1,only eligible resolved security,2019|NASDAQ|transportation_communications_utilities,588,3,0.0051020408,196.0000000000,20260916
CIK0000891014,AVSDD61215938FE01F2,0000891014,Minerals Technologies Inc,MTX,NYSE,2810,manufacturing,2019Q1,us,DE,1992-10-26,2019-12-31,Alpha Vantage listing interval,resolved_cik,True,1,only eligible resolved security,2019|NYSE|manufacturing,2296,12,0.0052264808,191.3333333333,20260916
CIK0000914156,AVS3EC885FD2A7D0DA3,0000914156,UFP Technologies Inc,UFPT,NASDAQ,3841,manufacturing,2019Q1,us,DE,1993-12-17,2019-12-31,Alpha Vantage listing interval,resolved_cik,True,1,only eligible resolved security,2019|NASDAQ|manufacturing,4600,24,0.0052173913,191.6666666667,20260916
CIK0000915840,AVSC19BAB738F06CECB,0000915840,Beazer Homes USA Inc,BZH,NYSE,1531,construction,2019Q1,us,DE,1994-02-23,2019-12-31,Alpha Vantage listing interval,resolved_cik,True,1,only eligible resolved security,2019|NYSE|construction,156,1,0.0064102564,156.0000000000,20260916
CIK0001021635,AVS09CFEDC6AB774735,0001021635,Oge Energy Corp,OGE,NYSE,4911,transportation_communications_utilities,2019Q1,us,OK,1987-12-30,2019-12-31,Alpha Vantage listing interval,resolved_cik,True,1,only eligible resolved security,2019|NYSE|transportation_communications_utilities,818,4,0.0048899756,204.5000000000,20260916
CIK0001035201,AVSDACEBF83CADD06EB,0001035201,California Water Service Group,CWT,NYSE,4941,transportation_communications_utilities,2019Q1,us,DE,1990-03-26,2019-12-31,Alpha Vantage listing interval,resolved_cik,True,1,only eligible resolved security,2019|NYSE|transportation_communications_utilities,818,4,0.0048899756,204.5000000000,20260916
CIK0001057877,AVS0A3F3E402C92DDB4,0001057877,Idacorp Inc,IDA,NYSE,4911,transportation_communications_utilities,2019Q1,us,ID,1986-10-17,2019-12-31,Alpha Vantage listing interval,resolved_cik,True,1,only eligible resolved security,2019|NYSE|transportation_communications_utilities,818,4,0.0048899756,204.5000000000,20260916
CIK0001117480,AVS506BFB449695E617,0001117480,Chimerix Inc,CMRX,NASDAQ,2834,manufacturing,2019Q1,us,DE,2013-04-11,2019-12-31,Alpha Vantage listing interval,resolved_cik,True,1,only eligible resolved security,2019|NASDAQ|manufacturing,4600,24,0.0052173913,191.6666666667,20260916
CIK0001137083,AVSDFC5707EE7A7BEAD,0001137083,L&L Energy Inc,LLEN,NASDAQ,1220,mining,2019Q1,us,NV,2009-01-05,2019-03-01,Alpha Vantage listing interval,resolved_cik,False,2,"ranked by active quarter-end evidence, exchange, and plain common-stock symbol",2019|NASDAQ|mining,275,2,0.0072727273,137.5000000000,20260916
CIK0001227500,AVSAEBFABEDFE9927E3,0001227500,Equity Bancshares Inc - Class A,EQBK,NYSE,6022,finance_insurance_real_estate,2019Q1,us,KS,2015-11-11,2019-12-31,Alpha Vantage listing interval,resolved_cik,True,1,only eligible resolved security,2019|NYSE|finance_insurance_real_estate,1976,11,0.0055668016,179.6363636364,20260916
CIK0001297341,AVS530A9120419D42C0,0001297341,Kentucky First Federal Bancorp,KFFB,NASDAQ,6035,finance_insurance_real_estate,2019Q1,us,,2005-03-03,2019-12-31,Alpha Vantage listing interval,resolved_cik,True,1,only eligible resolved security,2019|NASDAQ|finance_insurance_real_estate,2342,12,0.0051238258,195.1666666667,20260916
CIK0001316835,AVS8D0E5ADDBB5764DC,0001316835,Builders Firstsource Inc,BLDR,NYSE,5211,retail_trade,2019Q1,us,DE,2005-06-28,2019-12-31,Alpha Vantage listing interval,resolved_cik,True,1,only eligible resolved security,2019|NYSE|retail_trade,410,2,0.0048780488,205.0000000000,20260916
CIK0001328581,AVSB7CFC0F728F8250D,0001328581,Boise Cascade Company,BCC,NYSE,5030,wholesale_trade,2019Q1,us,ID,2013-02-06,2019-12-31,Alpha Vantage listing interval,resolved_cik,True,1,only eligible resolved security,2019|NYSE|wholesale_trade,207,1,0.0048309179,207.0000000000,20260916
CIK0001339553,AVSD4F82E6C3099B004,0001339553,HealthSpring Inc,HS,NYSE,6324,finance_insurance_real_estate,2019Q1,us,DE,2006-02-03,2019-12-31,Alpha Vantage listing interval,resolved_cik,False,1,only eligible resolved security,2019|NYSE|finance_insurance_real_estate,1976,11,0.0055668016,179.6363636364,20260916
CIK0001356093,AVS5413C224331624E7,0001356093,Creative Realities Inc,CREX,NASDAQ,7373,services,2019Q1,us,MN,2013-05-31,2019-12-31,Alpha Vantage listing interval,resolved_cik,True,1,only eligible resolved security,2019|NASDAQ|services,1904,10,0.0052521008,190.4000000000,20260916
CIK0001365135,AVS733A22EBBB4F0380,0001365135,Western Union Company,WU,NYSE,7389,services,2019Q1,us,DE,2006-10-02,2019-12-31,Alpha Vantage listing interval,resolved_cik,True,1,only eligible resolved security,2019|NYSE|services,1070,6,0.0056074766,178.3333333333,20260916
CIK0001465885,AVS3D2A1D3487E0081F,0001465885,Western Asset Mortgage Capital Corp,WMC,NYSE,6798,finance_insurance_real_estate,2019Q1,us,DE,2012-05-11,2019-12-31,Alpha Vantage listing interval,resolved_cik,True,1,only eligible resolved security,2019|NYSE|finance_insurance_real_estate,1976,11,0.0055668016,179.6363636364,20260916
CIK0001479094,AVS3085F95E7C78E060,0001479094,STAG Industrial Inc,STAG,NYSE,6798,finance_insurance_real_estate,2019Q1,us,,2011-04-15,2019-12-31,Alpha Vantage listing interval,resolved_cik,True,1,only eligible resolved security,2019|NYSE|finance_insurance_real_estate,1976,11,0.0055668016,179.6363636364,20260916
CIK0001523733,AVS98866A91B7F2D351,0001523733,PetroLogistics LP,PDH,NYSE,2890,manufacturing,2019Q1,us,DE,2012-05-04,2019-12-31,Alpha Vantage listing interval,resolved_cik,False,1,only eligible resolved security,2019|NYSE|manufacturing,2296,12,0.0052264808,191.3333333333,20260916
CIK0001604028,AVS2FB63587A45C17AD,0001604028,Advanced Drainage Systems Inc,WMS,NYSE,3086,manufacturing,2019Q1,us,DE,2014-07-25,2019-12-31,Alpha Vantage listing interval,resolved_cik,True,1,only eligible resolved security,2019|NYSE|manufacturing,2296,12,0.0052264808,191.3333333333,20260916
CIK0001627857,AVSD03B6C1BB9BBB5CA,0001627857,SailPoint Technologies Holdings Inc,SAIL,NYSE,7372,services,2019Q1,us,,2017-11-17,2019-12-31,Alpha Vantage listing interval,resolved_cik,True,1,only eligible resolved security,2019|NYSE|services,1070,6,0.0056074766,178.3333333333,20260916
CIK0001675033,AVS4BF693F5A0C729B1,0001675033,Great Elm Capital Corp,GECC,NASDAQ,,unknown,2019Q1,us,MD,2016-11-04,2019-12-31,Alpha Vantage listing interval,resolved_cik,True,3,"ranked by active quarter-end evidence, exchange, and plain common-stock symbol",2019|NASDAQ|unknown,153,1,0.0065359477,153.0000000000,20260916
CIK0001808834,AVSF61D1A776A049967,0001808834,PROG Holdings Inc,PRG,NYSE,7359,services,2019Q1,us,GA,1984-09-07,2019-12-31,Alpha Vantage listing interval,resolved_cik,True,1,only eligible resolved security,2019|NYSE|services,1070,6,0.0056074766,178.3333333333,20260916
CIK0000073290,AVS22DCA5A4EEE6FD72,0000073290,Biomerica Inc,BMRA,NASDAQ,2835,manufacturing,2019Q2,us,DE,2005-01-03,2019-12-31,Alpha Vantage listing interval,resolved_cik,True,1,only eligible resolved security,2019|NASDAQ|manufacturing,4600,24,0.0052173913,191.6666666667,20260916
CIK0000765880,AVS10CB2307C8DCB5C3,0000765880,Healthpeak OP LLC,DOC,NYSE,6798,finance_insurance_real_estate,2019Q2,us,MD,1987-11-05,2019-12-31,Alpha Vantage listing interval,resolved_cik,True,1,only eligible resolved security,2019|NYSE|finance_insurance_real_estate,1976,11,0.0055668016,179.6363636364,20260916
CIK0000812128,AVS49AB5969C4631B68,0000812128,Sanderson Farms Inc,SAFM,NASDAQ,2015,manufacturing,2019Q2,us,MS,1989-12-20,2019-12-31,Alpha Vantage listing interval,resolved_cik,True,1,only eligible resolved security,2019|NASDAQ|manufacturing,4600,24,0.0052173913,191.6666666667,20260916
CIK0000863110,AVS3E46DCB05035158D,0000863110,Artesian Resources Corp - Class A,ARTNA,NASDAQ,4941,transportation_communications_utilities,2019Q2,us,DE,1996-05-24,2019-12-31,Alpha Vantage listing interval,resolved_cik,True,1,only eligible resolved security,2019|NASDAQ|transportation_communications_utilities,588,3,0.0051020408,196.0000000000,20260916
CIK0000863157,AVSBD2FA54581C18CF8,0000863157,PetSmart Inc,PETM,NASDAQ,5990,retail_trade,2019Q2,us,DE,1993-07-23,2019-12-31,Alpha Vantage listing interval,resolved_cik,False,1,only eligible resolved security,2019|NASDAQ|retail_trade,504,3,0.0059523810,168.0000000000,20260916
CIK0000867773,AVS6C78E4BACD840F81,0000867773,SunPower Corp,SPWRB,NASDAQ,3674,manufacturing,2019Q2,us,DE,2008-09-22,2019-12-31,Alpha Vantage listing interval,resolved_cik,False,1,only eligible resolved security,2019|NASDAQ|manufacturing,4600,24,0.0052173913,191.6666666667,20260916
CIK0000907649,AVS84A907783D003562,0000907649,FX Energy Inc,FXEN,NASDAQ,1311,mining,2019Q2,us,NV,1996-06-11,2019-12-31,Alpha Vantage listing interval,resolved_cik,False,1,only eligible resolved security,2019|NASDAQ|mining,275,2,0.0072727273,137.5000000000,20260916
CIK0001116132,AVSF191AB0923AEB12E,0001116132,Tapestry Inc,TPR,NYSE,3100,manufacturing,2019Q2,us,MD,2000-10-06,2019-12-31,Alpha Vantage listing interval,resolved_cik,True,2,"ranked by active quarter-end evidence, exchange, and plain common-stock symbol",2019|NYSE|manufacturing,2296,12,0.0052264808,191.3333333333,20260916
CIK0001124524,AVS638D3789C940481A,0001124524,CryoPort Inc,CYRX,NASDAQ,2834,manufacturing,2019Q2,us,NV,2009-01-02,2019-12-31,Alpha Vantage listing interval,resolved_cik,True,1,only eligible resolved security,2019|NASDAQ|manufacturing,4600,24,0.0052173913,191.6666666667,20260916
CIK0001228627,AVS9A42B9DD8229B9B1,0001228627,Ocuphire Pharma Inc,IRD,NASDAQ,2834,manufacturing,2019Q2,us,DE,2005-05-23,2019-12-31,Alpha Vantage listing interval,resolved_cik,True,1,only eligible resolved security,2019|NASDAQ|manufacturing,4600,24,0.0052173913,191.6666666667,20260916
CIK0001428522,AVSCFDE8478848A4932,0001428522,Radius Health Inc,RDUS,NASDAQ,2834,manufacturing,2019Q2,us,DE,2014-06-06,2019-12-31,Alpha Vantage listing interval,resolved_cik,True,1,only eligible resolved security,2019|NASDAQ|manufacturing,4600,24,0.0052173913,191.6666666667,20260916
CIK0001429764,AVS9255818E6459FE82,0001429764,Blink Charging Company,BLNK,NASDAQ,3690,manufacturing,2019Q2,us,NV,2018-02-13,2019-12-31,Alpha Vantage listing interval,resolved_cik,True,1,only eligible resolved security,2019|NASDAQ|manufacturing,4600,24,0.0052173913,191.6666666667,20260916
CIK0001505732,AVSB3A290FA7267E4DC,0001505732,Bankwell Financial Group Inc,BWFG,NASDAQ,6022,finance_insurance_real_estate,2019Q2,us,CT,2010-04-05,2019-12-31,Alpha Vantage listing interval,resolved_cik,True,1,only eligible resolved security,2019|NASDAQ|finance_insurance_real_estate,2342,12,0.0051238258,195.1666666667,20260916
CIK0001549966,AVS21BADFB32A6EDAA9,0001549966,Silvercrest Asset Management Group Inc - Class A,SAMG,NASDAQ,6282,finance_insurance_real_estate,2019Q2,us,DE,2013-06-27,2019-12-31,Alpha Vantage listing interval,resolved_cik,True,1,only eligible resolved security,2019|NASDAQ|finance_insurance_real_estate,2342,12,0.0051238258,195.1666666667,20260916
CIK0001596532,AVSC7D421D06723263C,0001596532,Arista Networks Inc,ANET,NYSE,3576,manufacturing,2019Q2,us,DE,2014-06-06,2019-12-31,Alpha Vantage listing interval,resolved_cik,True,1,only eligible resolved security,2019|NYSE|manufacturing,2296,12,0.0052264808,191.3333333333,20260916
CIK0001627475,AVS250E08A9DC102C39,0001627475,Upwork Inc,UPWK,NASDAQ,7374,services,2019Q2,us,DE,2018-10-03,2019-12-31,Alpha Vantage listing interval,resolved_cik,True,1,only eligible resolved security,2019|NASDAQ|services,1904,10,0.0052521008,190.4000000000,20260916
CIK0001649989,AVS3F7FFFEE639061D3,0001649989,Outlook Therapeutics Inc,OTLK,NASDAQ,2836,manufacturing,2019Q2,us,DE,2016-06-14,2019-12-31,Alpha Vantage listing interval,resolved_cik,True,1,only eligible resolved security,2019|NASDAQ|manufacturing,4600,24,0.0052173913,191.6666666667,20260916
CIK0001660334,AVSC91599541D10CFC4,0001660334,Verrica Pharmaceuticals Inc,VRCA,NASDAQ,2834,manufacturing,2019Q2,us,DE,2018-06-15,2019-12-31,Alpha Vantage listing interval,resolved_cik,True,1,only eligible resolved security,2019|NASDAQ|manufacturing,4600,24,0.0052173913,191.6666666667,20260916
CIK0001747009,AVSBF2A83F30A40D989,0001747009,Equitrans Midstream Corporation,ETRN,NYSE,4922,transportation_communications_utilities,2019Q2,us,DE,2018-10-31,2019-12-31,Alpha Vantage listing interval,resolved_cik,True,1,only eligible resolved security,2019|NYSE|transportation_communications_utilities,818,4,0.0048899756,204.5000000000,20260916
CIK0001760233,AVS9BCB58CC1C254E0F,0001760233,RDE Inc,GIFT,NASDAQ,5961,retail_trade,2019Q2,us,DE,2011-06-08,2019-12-31,Alpha Vantage listing interval,resolved_cik,True,1,only eligible resolved security,2019|NASDAQ|retail_trade,504,3,0.0059523810,168.0000000000,20260916
CIK0000057515,AVSEACBF8225F9D9BF9,0000057515,The Marzetti Company,MZTI,NASDAQ,2030,manufacturing,2019Q3,us,OH,1990-03-26,2019-12-31,Alpha Vantage listing interval,resolved_cik,True,1,only eligible resolved security,2019|NASDAQ|manufacturing,4600,24,0.0052173913,191.6666666667,20260916
CIK0000064463,AVSF617BC6BD510DF56,0000064463,Soluna Holdings Inc,SLNH,NASDAQ,6199,finance_insurance_real_estate,2019Q3,us,NV,2009-04-28,2019-12-31,Alpha Vantage listing interval,resolved_cik,True,1,only eligible resolved security,2019|NASDAQ|finance_insurance_real_estate,2342,12,0.0051238258,195.1666666667,20260916
CIK0000726958,AVS8F2AFE8168AF6F8F,0000726958,Casey`s General Stores Inc,CASY,NASDAQ,5500,retail_trade,2019Q3,us,IA,1983-10-20,2019-12-31,Alpha Vantage listing interval,resolved_cik,True,1,only eligible resolved security,2019|NASDAQ|retail_trade,504,3,0.0059523810,168.0000000000,20260916
CIK0000885590,AVS1199A71CAD9D3EC3,0000885590,Bausch Health Companies Inc,BHC,NYSE,2834,manufacturing,2019Q3,us,NJ,2001-01-02,2019-12-31,Alpha Vantage listing interval,resolved_cik,True,1,only eligible resolved security,2019|NYSE|manufacturing,2296,12,0.0052264808,191.3333333333,20260916
CIK0000912061,AVSFBDA38362B7FE1A0,0000912061,Natural Health Trends Corp,NHTC,NASDAQ,5190,wholesale_trade,2019Q3,us,DE,1995-06-22,2019-12-31,Alpha Vantage listing interval,resolved_cik,True,1,only eligible resolved security,2019|NASDAQ|wholesale_trade,223,1,0.0044843049,223.0000000000,20260916
CIK0001001258,AVS300C77AC3B732D83,0001001258,Asta Funding Inc,ASFI,NASDAQ,6153,finance_insurance_real_estate,2019Q3,us,DE,1995-11-14,2019-12-31,Alpha Vantage listing interval,resolved_cik,True,1,only eligible resolved security,2019|NASDAQ|finance_insurance_real_estate,2342,12,0.0051238258,195.1666666667,20260916
CIK0001028954,AVS303A207EBCF8B7D7,0001028954,Sussex Bancorp,SBBX,NASDAQ,6022,finance_insurance_real_estate,2019Q3,us,NJ,1998-02-20,2019-12-31,Alpha Vantage listing interval,resolved_cik,True,1,only eligible resolved security,2019|NASDAQ|finance_insurance_real_estate,2342,12,0.0051238258,195.1666666667,20260916
CIK0001042134,AVSFEBB3BD64AAC4E46,0001042134,CHORDIANT SOFTWARE INC,CHRD,NASDAQ,7372,services,2019Q3,us,DE,2001-01-02,2019-12-31,Alpha Vantage listing interval,resolved_cik,False,1,only eligible resolved security,2019|NASDAQ|services,1904,10,0.0052521008,190.4000000000,20260916
CIK0001070985,AVS3BAF869D58A391FD,0001070985,CoreCivic Inc,CXW,NYSE,6798,finance_insurance_real_estate,2019Q3,us,MD,1997-07-15,2019-12-31,Alpha Vantage listing interval,resolved_cik,True,1,only eligible resolved security,2019|NYSE|finance_insurance_real_estate,1976,11,0.0055668016,179.6363636364,20260916
CIK0001280263,AVSB2A3FAD46E1249AB,0001280263,Ambarella Inc,AMBA,NASDAQ,3674,manufacturing,2019Q3,us,,2012-10-10,2019-12-31,Alpha Vantage listing interval,resolved_cik,True,1,only eligible resolved security,2019|NASDAQ|manufacturing,4600,24,0.0052173913,191.6666666667,20260916
CIK0001292653,AVSD573673478A69032,0001292653,Inteliquent Inc,IQNT,NASDAQ,4813,transportation_communications_utilities,2019Q3,us,,2007-11-02,2019-12-31,Alpha Vantage listing interval,resolved_cik,False,1,only eligible resolved security,2019|NASDAQ|transportation_communications_utilities,588,3,0.0051020408,196.0000000000,20260916
CIK0001505413,AVSA0424DAA0E488375,0001505413,VOC Energy Trust,VOC,NYSE,1311,mining,2019Q3,us,,2011-05-06,2019-12-31,Alpha Vantage listing interval,resolved_cik,True,1,only eligible resolved security,2019|NYSE|mining,559,3,0.0053667263,186.3333333333,20260916
CIK0001547903,AVS9BA9A268B09EAE1D,0001547903,NMI Holdings Inc - Class A,NMIH,NASDAQ,6351,finance_insurance_real_estate,2019Q3,us,CA,2013-11-08,2019-12-31,Alpha Vantage listing interval,resolved_cik,True,1,only eligible resolved security,2019|NASDAQ|finance_insurance_real_estate,2342,12,0.0051238258,195.1666666667,20260916
CIK0001605607,AVSE34BF8AB64BB8C1E,0001605607,Paramount Group Inc,PGRE,NYSE,6798,finance_insurance_real_estate,2019Q3,us,,2014-11-19,2019-12-31,Alpha Vantage listing interval,resolved_cik,True,1,only eligible resolved security,2019|NYSE|finance_insurance_real_estate,1976,11,0.0055668016,179.6363636364,20260916
CIK0001609550,AVS86819300F8E9B001,0001609550,Inspire Medical Systems Inc,INSP,NYSE,3841,manufacturing,2019Q3,us,DE,2018-05-03,2019-12-31,Alpha Vantage listing interval,resolved_cik,True,1,only eligible resolved security,2019|NYSE|manufacturing,2296,12,0.0052264808,191.3333333333,20260916
CIK0001642380,AVS00FBF2B14DAE0E92,0001642380,Insight Molecular Diagnostics Inc,IMDX,NASDAQ,2835,manufacturing,2019Q3,us,CA,2016-01-04,2019-12-31,Alpha Vantage listing interval,resolved_cik,True,1,only eligible resolved security,2019|NASDAQ|manufacturing,4600,24,0.0052173913,191.6666666667,20260916
CIK0001653653,AVS4038B71B4B77C0F6,0001653653,Red Rock Resorts Inc - Class A,RRR,NASDAQ,7011,services,2019Q3,us,DE,2016-04-27,2019-12-31,Alpha Vantage listing interval,resolved_cik,True,1,only eligible resolved security,2019|NASDAQ|services,1904,10,0.0052521008,190.4000000000,20260916
CIK0001682149,AVSA55F3A1190B481D0,0001682149,Datavault AI Inc,DVLT,NASDAQ,7389,services,2019Q3,us,DE,2018-07-27,2019-12-31,Alpha Vantage listing interval,resolved_cik,True,1,only eligible resolved security,2019|NASDAQ|services,1904,10,0.0052521008,190.4000000000,20260916
CIK0001693256,AVSD0D1C034A57E7EAC,0001693256,Select Water Solutions Inc - Class A,WTTR,NYSE,1389,mining,2019Q3,us,DE,2017-04-21,2019-12-31,Alpha Vantage listing interval,resolved_cik,True,1,only eligible resolved security,2019|NYSE|mining,559,3,0.0053667263,186.3333333333,20260916
CIK0001725526,AVS4688F460146A4ACB,0001725526,HighPoint Resources Corp,HPR,NYSE,1311,mining,2019Q3,us,DE,2018-03-19,2019-12-31,Alpha Vantage listing interval,resolved_cik,True,1,only eligible resolved security,2019|NYSE|mining,559,3,0.0053667263,186.3333333333,20260916
CIK0001826660,AVS2945B02738984D85,0001826660,Wetouch Technology Inc,WETH,NASDAQ,3577,manufacturing,2019Q3,us,NV,2017-09-25,2019-12-31,Alpha Vantage listing interval,resolved_cik,True,1,only eligible resolved security,2019|NASDAQ|manufacturing,4600,24,0.0052173913,191.6666666667,20260916
CIK0001964789,AVS328FB0FFEF907EFC,0001964789,Hut 8 Mining Corp,HUT,NASDAQ,6199,finance_insurance_real_estate,2019Q3,us,DE,2018-03-08,2019-12-31,Alpha Vantage listing interval,resolved_cik,True,2,"ranked by active quarter-end evidence, exchange, and plain common-stock symbol",2019|NASDAQ|finance_insurance_real_estate,2342,12,0.0051238258,195.1666666667,20260916
CIK0000317540,AVS22333F37F306BA5F,0000317540,Coca-Cola Consolidated Inc,COKE,NASDAQ,2086,manufacturing,2019Q4,us,DE,1990-03-26,2019-12-31,Alpha Vantage listing interval,resolved_cik,True,1,only eligible resolved security,2019|NASDAQ|manufacturing,4600,24,0.0052173913,191.6666666667,20260916
CIK0001034670,AVSB40678D39FF54377,0001034670,Autoliv Inc,ALV,NYSE,3714,manufacturing,2019Q4,us,DE,1997-04-28,2019-12-31,Alpha Vantage listing interval,resolved_cik,True,1,only eligible resolved security,2019|NYSE|manufacturing,2296,12,0.0052264808,191.3333333333,20260916
CIK0001037976,AVS4167C784F2E64A3A,0001037976,Jones Lang Lasalle Inc,JLL,NYSE,6531,finance_insurance_real_estate,2019Q4,us,MD,1997-07-17,2019-12-31,Alpha Vantage listing interval,resolved_cik,True,1,only eligible resolved security,2019|NYSE|finance_insurance_real_estate,1976,11,0.0055668016,179.6363636364,20260916
CIK0001066194,AVS5B2F6848A5D4AC54,0001066194,eGain Corp,EGAN,NASDAQ,7372,services,2019Q4,us,DE,1999-09-23,2019-12-31,Alpha Vantage listing interval,resolved_cik,True,1,only eligible resolved security,2019|NASDAQ|services,1904,10,0.0052521008,190.4000000000,20260916
CIK0001094348,AVS9BE8BF7C528C4FBC,0001094348,Mattersight Corp,MATR,NASDAQ,7373,services,2019Q4,us,DE,2000-02-10,2019-12-31,Alpha Vantage listing interval,resolved_cik,False,1,only eligible resolved security,2019|NASDAQ|services,1904,10,0.0052521008,190.4000000000,20260916
CIK0001102993,AVSC70A6FC278695C98,0001102993,Liveperson Inc,LPSN,NASDAQ,7372,services,2019Q4,us,DE,2000-04-07,2019-12-31,Alpha Vantage listing interval,resolved_cik,True,1,only eligible resolved security,2019|NASDAQ|services,1904,10,0.0052521008,190.4000000000,20260916
CIK0001118148,AVS40ACED3B5CB639FB,0001118148,AMERICAN PHYSICIANS CAPITAL INC,ACAP,NASDAQ,6324,finance_insurance_real_estate,2019Q4,us,MI,2001-01-02,2019-12-31,Alpha Vantage listing interval,resolved_cik,False,1,only eligible resolved security,2019|NASDAQ|finance_insurance_real_estate,2342,12,0.0051238258,195.1666666667,20260916
CIK0001299901,AVS1C142878CD9B237F,0001299901,Trade Street Residential Inc,TSRE,NASDAQ,6798,finance_insurance_real_estate,2019Q4,us,MD,2006-12-28,2019-12-31,Alpha Vantage listing interval,resolved_cik,False,1,only eligible resolved security,2019|NASDAQ|finance_insurance_real_estate,2342,12,0.0051238258,195.1666666667,20260916
CIK0001371781,AVSA0D080C71FCEA491,0001371781,World Energy Solutions Inc,XWES,NASDAQ,7389,services,2019Q4,us,DE,2008-01-30,2019-12-31,Alpha Vantage listing interval,resolved_cik,False,1,only eligible resolved security,2019|NASDAQ|services,1904,10,0.0052521008,190.4000000000,20260916
CIK0001386926,AVS57A4D89B10DE04BC,0001386926,KKR Financial Holdings LLC,KFI,NYSE,6199,finance_insurance_real_estate,2019Q4,us,DE,2012-03-26,2019-12-31,Alpha Vantage listing interval,resolved_cik,False,2,"ranked by active quarter-end evidence, exchange, and plain common-stock symbol",2019|NYSE|finance_insurance_real_estate,1976,11,0.0055668016,179.6363636364,20260916
CIK0001428205,AVS109E638E52FAE82F,0001428205,ARMOUR Residential REIT Inc,ARR,NYSE,6798,finance_insurance_real_estate,2019Q4,us,,2007-12-03,2019-12-31,Alpha Vantage listing interval,resolved_cik,True,1,only eligible resolved security,2019|NYSE|finance_insurance_real_estate,1976,11,0.0055668016,179.6363636364,20260916
CIK0001500198,AVS62578A48C5D4C49C,0001500198,NeuroOne Medical Technologies Corp,NMTC,NASDAQ,3841,manufacturing,2019Q4,us,DE,2017-09-18,2019-12-31,Alpha Vantage listing interval,resolved_cik,True,1,only eligible resolved security,2019|NASDAQ|manufacturing,4600,24,0.0052173913,191.6666666667,20260916
CIK0001507957,AVS431088530499FF23,0001507957,Ideal Power Inc,IPWR,NASDAQ,3674,manufacturing,2019Q4,us,DE,2013-11-22,2019-12-31,Alpha Vantage listing interval,resolved_cik,True,1,only eligible resolved security,2019|NASDAQ|manufacturing,4600,24,0.0052173913,191.6666666667,20260916
CIK0001520358,AVS6F2C6E311A851F00,0001520358,Mama`s Creations Inc,MAMA,NASDAQ,2013,manufacturing,2019Q4,us,NV,2014-07-17,2019-12-31,Alpha Vantage listing interval,resolved_cik,True,1,only eligible resolved security,2019|NASDAQ|manufacturing,4600,24,0.0052173913,191.6666666667,20260916
CIK0001545158,AVS88FBA936F20BBB5C,0001545158,Kraft Foods Group Inc,KRFT,NASDAQ,2000,manufacturing,2019Q4,us,,2012-09-17,2019-12-31,Alpha Vantage listing interval,resolved_cik,False,1,only eligible resolved security,2019|NASDAQ|manufacturing,4600,24,0.0052173913,191.6666666667,20260916
CIK0001579298,AVS331A490EA954B3C6,0001579298,Burlington Stores Inc,BURL,NYSE,5311,retail_trade,2019Q4,us,DE,2013-10-02,2019-12-31,Alpha Vantage listing interval,resolved_cik,True,1,only eligible resolved security,2019|NYSE|retail_trade,410,2,0.0048780488,205.0000000000,20260916
CIK0001589061,AVS6861287881CE0094,0001589061,Gyrodyne LLC,GYRO,NASDAQ,6512,finance_insurance_real_estate,2019Q4,us,NY,1995-08-18,2019-12-31,Alpha Vantage listing interval,resolved_cik,True,1,only eligible resolved security,2019|NASDAQ|finance_insurance_real_estate,2342,12,0.0051238258,195.1666666667,20260916
CIK0001592016,AVS6F4E3D7BD5C09EC8,0001592016,AgroFresh Solutions Inc,AGFS,NASDAQ,2870,manufacturing,2019Q4,us,DE,2015-08-03,2019-12-31,Alpha Vantage listing interval,resolved_cik,True,1,only eligible resolved security,2019|NASDAQ|manufacturing,4600,24,0.0052173913,191.6666666667,20260916
CIK0001606440,AVS281FD977691CAE3B,0001606440,Reliant Bancorp Inc,RBNC,NASDAQ,6022,finance_insurance_real_estate,2019Q4,us,TN,2018-01-02,2019-12-31,Alpha Vantage listing interval,resolved_cik,True,2,"ranked by active quarter-end evidence, exchange, and plain common-stock symbol",2019|NASDAQ|finance_insurance_real_estate,2342,12,0.0051238258,195.1666666667,20260916
CIK0001617667,AVSDBDE2342C19BAB9D,0001617667,Neff Corp,NEFF,NYSE,7359,services,2019Q4,us,DE,2014-11-21,2019-12-31,Alpha Vantage listing interval,resolved_cik,False,1,only eligible resolved security,2019|NYSE|services,1070,6,0.0056074766,178.3333333333,20260916
CIK0001669792,AVS189EC1E91FBAB02A,0001669792,AdvancePierre Foods Holdings Inc,APFH,NYSE,2000,manufacturing,2019Q4,us,DE,2016-07-15,2019-12-31,Alpha Vantage listing interval,resolved_cik,False,1,only eligible resolved security,2019|NYSE|manufacturing,2296,12,0.0052264808,191.3333333333,20260916
CIK0001718108,AVS596D619BA1D653B0,0001718108,Surface Oncology Inc,SURF,NASDAQ,2836,manufacturing,2019Q4,us,DE,2018-04-19,2019-12-31,Alpha Vantage listing interval,resolved_cik,True,1,only eligible resolved security,2019|NASDAQ|manufacturing,4600,24,0.0052173913,191.6666666667,20260916
CIK0001725579,AVSF4B01845F53E6029,0001725579,Pluralsight Inc.,PS,NYSE,7370,services,2019Q4,us,DE,2018-05-17,2019-12-31,Alpha Vantage listing interval,resolved_cik,True,1,only eligible resolved security,2019|NYSE|services,1070,6,0.0056074766,178.3333333333,20260916
