session_id,company_id,cik,company_name,provider_ticker,quarter_label,attempt_number,requested_at_utc,completed_at_utc,http_status,provider_status,raw_path,raw_size_bytes,raw_sha256,classification,validation_reason,terminal_status,retry_status,segment_count,token_count,normalized_transcript_sha256,api_message
pilot_20260917T002506Z,CIK0001026662,0001026662,Euro Tech Holdings Co. Ltd,CLWT,2010Q1,1,2026-09-17T00:25:12.022756+00:00,2026-09-17T00:25:12.149470+00:00,200,no_transcript,artifacts/representative_coverage_pilot_v20260916/raw/CIK0001026662/CLWT/2010Q1/attempt_01_20260917002512022756.json,492,d4214a56537fd233eeff305e72be1fda90456814f59ac06197abaadc99226159,no_transcript,provider returned no usable transcript segments,nonterminal_failure,retry_in_later_session,0,0,,
pilot_20260917T002506Z,CIK0001318220,0001318220,Waste Connections Inc,WCN,2010Q1,1,2026-09-17T00:25:24.046759+00:00,2026-09-17T00:25:24.188420+00:00,200,no_transcript,artifacts/representative_coverage_pilot_v20260916/raw/CIK0001318220/WCN/2010Q1/attempt_01_20260917002524046759.json,485,9ffe64cc89bf1d1ca9b1834acf665b3222db82a916a442d7d3c846451373df68,no_transcript,provider returned no usable transcript segments,nonterminal_failure,retry_in_later_session,0,0,,
pilot_20260917T002506Z,CIK0001002242,0001002242,Eni Spa,E,2010Q2,1,2026-09-17T00:25:46.097150+00:00,2026-09-17T00:25:46.240699+00:00,200,no_transcript,artifacts/representative_coverage_pilot_v20260916/raw/CIK0001002242/E/2010Q2/attempt_01_20260917002546097150.json,467,5e9e17979dcf400a167c4560acff496f492945654e2fe5c5f23ace896bf0fcb4,no_transcript,provider returned no usable transcript segments,nonterminal_failure,retry_in_later_session,0,0,,
pilot_20260917T002506Z,CIK0001166663,0001166663,Tsakos Energy Navigation Ltd,TEN,2010Q2,1,2026-09-17T00:25:54.110054+00:00,2026-09-17T00:25:54.377704+00:00,200,no_transcript,artifacts/representative_coverage_pilot_v20260916/raw/CIK0001166663/TEN/2010Q2/attempt_01_20260917002554110054.json,492,b79addfa9afcef210c5f00ef3fb888151482225f42f97bd24952667f78434f86,no_transcript,provider returned no usable transcript segments,nonterminal_failure,retry_in_later_session,0,0,,
pilot_20260917T002506Z,CIK0001419945,0001419945,Teekay Tankers Ltd - Class A,TNK,2010Q2,1,2026-09-17T00:26:06.133187+00:00,2026-09-17T00:26:06.258878+00:00,200,no_transcript,artifacts/representative_coverage_pilot_v20260916/raw/CIK0001419945/TNK/2010Q2/attempt_01_20260917002606133187.json,492,e153568bb803dd38453f8298b513d98f2bbccb2d33f2797222bed838a484e6c8,no_transcript,provider returned no usable transcript segments,nonterminal_failure,retry_in_later_session,0,0,,
pilot_20260917T002506Z,CIK0001444406,0001444406,Ecopetrol SA,EC,2010Q2,1,2026-09-17T00:26:08.138209+00:00,2026-09-17T00:26:08.273449+00:00,200,no_transcript,artifacts/representative_coverage_pilot_v20260916/raw/CIK0001444406/EC/2010Q2/attempt_01_20260917002608138209.json,474,4b2832ff7dcf101a8b9534b9e7be23a1a1301f4f000ef1db8c37170444528207,no_transcript,provider returned no usable transcript segments,nonterminal_failure,retry_in_later_session,0,0,,
pilot_20260917T002506Z,CIK0001499780,0001499780,Globus Maritime Ltd,GLBS,2010Q2,1,2026-09-17T00:26:10.143239+00:00,2026-09-17T00:26:10.271451+00:00,200,no_transcript,artifacts/representative_coverage_pilot_v20260916/raw/CIK0001499780/GLBS/2010Q2/attempt_01_20260917002610143239.json,485,0cce4c4f01279c3a15eebe92323e3bc11727462c2a7693b674b3bc9b65f5ff88,no_transcript,provider returned no usable transcript segments,nonterminal_failure,retry_in_later_session,0,0,,
pilot_20260917T002506Z,CIK0000913290,0000913290,Frontline Plc,FRO,2010Q3,1,2026-09-17T00:26:20.164102+00:00,2026-09-17T00:26:20.346113+00:00,200,success,artifacts/representative_coverage_pilot_v20260916/raw/CIK0000913290/FRO/2010Q3/attempt_01_20260917002620164102.json,36710,d7d0e20a16eaf9bfa0f91117e160dccf0c5c0ae6a936e17218938f09796ae675,valid,"usable transcript passed structural, year, and identity checks",valid,terminal,74,5406,6c32744de093a21f34ea5d67745aa582fc327c970cf8632046650258aeebadf4,
pilot_20260917T002506Z,CIK0000313216,0000313216,Koninklijke Philips N.V.,PHG,2010Q4,2,2026-09-17T00:26:40.197509+00:00,2026-09-17T00:26:40.324116+00:00,200,no_transcript,artifacts/representative_coverage_pilot_v20260916/raw/CIK0000313216/PHG/2010Q4/attempt_02_20260917002640197509.json,488,839a5998f257f2eb2759ecf9ee7317351031fe0991ba15f181f373c7626beb5b,no_transcript,provider returned no usable transcript segments,terminal_provider_unavailability,terminal_after_later_session_retry,0,0,,
pilot_20260917T002506Z,CIK0001472072,0001472072,Concord Medical Services,CCM,2010Q4,1,2026-09-17T00:27:04.232181+00:00,2026-09-17T00:27:04.354661+00:00,200,no_transcript,artifacts/representative_coverage_pilot_v20260916/raw/CIK0001472072/CCM/2010Q4/attempt_01_20260917002704232181.json,488,2192611c01c54aa162aa32a098fab643fbd3de9c72cd353db9e43b062940b1a3,no_transcript,provider returned no usable transcript segments,nonterminal_failure,retry_in_later_session,0,0,,
pilot_20260917T002506Z,CIK0001099590,0001099590,MercadoLibre Inc,MELI,2011Q1,1,2026-09-17T00:27:32.292816+00:00,2026-09-17T00:27:32.524245+00:00,200,no_transcript,artifacts/representative_coverage_pilot_v20260916/raw/CIK0001099590/MELI/2011Q1/attempt_01_20260917002732292816.json,482,c999f956086b24b0021797b388684b67cd37d2833ef2040fd0c302895a191cc9,no_transcript,provider returned no usable transcript segments,nonterminal_failure,retry_in_later_session,0,0,,
pilot_20260917T002506Z,CIK0001132924,0001132924,Chunghwa Telecom,CHT,2011Q1,1,2026-09-17T00:27:34.295582+00:00,2026-09-17T00:27:34.511294+00:00,200,success,artifacts/representative_coverage_pilot_v20260916/raw/CIK0001132924/CHT/2011Q1/attempt_01_20260917002734295582.json,28479,75b5bda6623a54633a15235cf26cfcc88ac63bc5f74f85cc92a2d9bbf6007c5a,valid,"usable transcript passed structural, year, and identity checks",valid,terminal,43,4134,49a0423014fef37dc12771c17465e7281b5a2159eb7dbd860319537c703b1417,
pilot_20260917T002506Z,CIK0001027552,0001027552,Banco Santander Chile SA,BSAC,2011Q2,1,2026-09-17T00:27:52.332342+00:00,2026-09-17T00:27:52.443936+00:00,200,no_transcript,artifacts/representative_coverage_pilot_v20260916/raw/CIK0001027552/BSAC/2011Q2/attempt_01_20260917002752332342.json,490,4b83460be4aaf04a8fe1de05212e2fa57ddf7064721cb0a9f740427f76031de5,no_transcript,provider returned no usable transcript segments,nonterminal_failure,retry_in_later_session,0,0,,
pilot_20260917T002506Z,CIK0001084201,0001084201,Sinovac Biotech Ltd,SVA,2011Q2,1,2026-09-17T00:27:54.337204+00:00,2026-09-17T00:27:54.532792+00:00,200,no_transcript,artifacts/representative_coverage_pilot_v20260916/raw/CIK0001084201/SVA/2011Q2/attempt_01_20260917002754337204.json,483,f5a51fc00aef3bdda15a5a2a5f8ce576b133b77c02ac9257b550951971c98ec3,no_transcript,provider returned no usable transcript segments,nonterminal_failure,retry_in_later_session,0,0,,
pilot_20260917T002506Z,CIK0001160165,0001160165,Shengdatech Inc,SDTHQ,2011Q2,1,2026-09-17T00:27:58.345998+00:00,2026-09-17T00:27:58.578649+00:00,200,no_transcript,artifacts/representative_coverage_pilot_v20260916/raw/CIK0001160165/SDTHQ/2011Q2/attempt_01_20260917002758345998.json,483,4c1a8aed3249e459106384f164fa27375a7f79ba1f70f0166646ce11b1c3338c,no_transcript,provider returned no usable transcript segments,nonterminal_failure,retry_in_later_session,0,0,,
pilot_20260917T002506Z,CIK0001232524,0001232524,Jazz Pharmaceuticals plc,JAZZ,2011Q2,1,2026-09-17T00:28:02.372459+00:00,2026-09-17T00:28:02.523784+00:00,200,no_transcript,artifacts/representative_coverage_pilot_v20260916/raw/CIK0001232524/JAZZ/2011Q2/attempt_01_20260917002802372459.json,490,92d150083050140780d210f2ddf0643f6a6bc342dfbb918b1c8ac95bce272ffb,no_transcript,provider returned no usable transcript segments,nonterminal_failure,retry_in_later_session,0,0,,
pilot_20260917T002506Z,CIK0001132651,0001132651,Ames National Corp,ATLO,2011Q3,1,2026-09-17T00:28:32.429074+00:00,2026-09-17T00:28:32.549551+00:00,200,no_transcript,artifacts/representative_coverage_pilot_v20260916/raw/CIK0001132651/ATLO/2011Q3/attempt_01_20260917002832429074.json,484,6be0f2a9d12f8ea80dfbec018d15d67a61033e43179bf7b3eb7b84e282ab3ef4,no_transcript,provider returned no usable transcript segments,nonterminal_failure,retry_in_later_session,0,0,,
pilot_20260917T002506Z,CIK0001442620,0001442620,Recon Technology Ltd - Class A,RCON,2011Q3,1,2026-09-17T00:28:40.441525+00:00,2026-09-17T00:28:40.822415+00:00,200,no_transcript,artifacts/representative_coverage_pilot_v20260916/raw/CIK0001442620/RCON/2011Q3/attempt_01_20260917002840441525.json,496,5480b6094375a7494168c2e6a11783a3dbc36de23e34c7931d92ff5f3b7fb8b9,no_transcript,provider returned no usable transcript segments,nonterminal_failure,retry_in_later_session,0,0,,
pilot_20260917T002506Z,CIK0000916793,0000916793,Silicom Ltd,SILC,2011Q4,1,2026-09-17T00:28:52.460876+00:00,2026-09-17T00:28:52.608332+00:00,200,no_transcript,artifacts/representative_coverage_pilot_v20260916/raw/CIK0000916793/SILC/2011Q4/attempt_01_20260917002852460876.json,477,d9504ad81a7834900bed117cb38a442e70c9724a91138491328a41171b60f172,no_transcript,provider returned no usable transcript segments,nonterminal_failure,retry_in_later_session,0,0,,
pilot_20260917T002506Z,CIK0000947263,0000947263,Toronto Dominion Bank,TD,2011Q4,1,2026-09-17T00:28:56.462384+00:00,2026-09-17T00:28:56.779102+00:00,200,success,artifacts/representative_coverage_pilot_v20260916/raw/CIK0000947263/TD/2011Q4/attempt_01_20260917002856462384.json,48424,22be9a181bf1d2676a4df0f78bb363f8a76def4e370aecfe7a273806cdbef479,valid,"usable transcript passed structural, year, and identity checks",valid,terminal,40,7452,a4b7075698a7fff903555e19238412d2205244244e539c1adad407c5fe00306e,
pilot_20260917T002506Z,CIK0001240581,0001240581,Clifton Savings Bancorp Inc,CSBK,2011Q4,1,2026-09-17T00:29:04.480679+00:00,2026-09-17T00:29:04.702764+00:00,200,no_transcript,artifacts/representative_coverage_pilot_v20260916/raw/CIK0001240581/CSBK/2011Q4/attempt_01_20260917002904480679.json,493,94059846baf14585720d73023fc1a2c53572eb93441abad1892878f81a9b094a,no_transcript,provider returned no usable transcript segments,nonterminal_failure,retry_in_later_session,0,0,,
pilot_20260917T002506Z,CIK0001374339,0001374339,ProMIS Neurosciences Inc,PMN,2011Q4,1,2026-09-17T00:29:06.483367+00:00,2026-09-17T00:29:06.633344+00:00,200,no_transcript,artifacts/representative_coverage_pilot_v20260916/raw/CIK0001374339/PMN/2011Q4/attempt_01_20260917002906483367.json,488,b1ed14e7c5ecd526b659abb1b2bc7fb39806d8ef50e18e7c45d76c780c426f51,no_transcript,provider returned no usable transcript segments,nonterminal_failure,retry_in_later_session,0,0,,
pilot_20260917T002506Z,CIK0001483934,0001483934,Scorpio Tankers Inc,STNG,2011Q4,1,2026-09-17T00:29:08.484385+00:00,2026-09-17T00:29:08.718003+00:00,200,no_transcript,artifacts/representative_coverage_pilot_v20260916/raw/CIK0001483934/STNG/2011Q4/attempt_01_20260917002908484385.json,485,c75a2fcb295c8f1e4db3f0d419a6588c124257882b4ef2fa4c323fefeacb578d,no_transcript,provider returned no usable transcript segments,nonterminal_failure,retry_in_later_session,0,0,,
pilot_20260917T002506Z,CIK0000924613,0000924613,Nokia Corp,NOK,2012Q1,1,2026-09-17T00:29:18.504008+00:00,2026-09-17T00:29:18.617422+00:00,200,no_transcript,artifacts/representative_coverage_pilot_v20260916/raw/CIK0000924613/NOK/2012Q1/attempt_01_20260917002918504008.json,474,91aed09518c2d0a2bd8ed817bc1612df4734bb82aee383277a4e1b728f3cb100,no_transcript,provider returned no usable transcript segments,nonterminal_failure,retry_in_later_session,0,0,,
pilot_20260917T002506Z,CIK0001018946,0001018946,Steiner Leisure Ltd,STNR,2012Q1,1,2026-09-17T00:29:22.538224+00:00,2026-09-17T00:29:22.747947+00:00,200,no_transcript,artifacts/representative_coverage_pilot_v20260916/raw/CIK0001018946/STNR/2012Q1/attempt_01_20260917002922538224.json,485,49c3494c3c619aa4355343309ccf925efb715025fc430290a9254e511e4162ad,no_transcript,provider returned no usable transcript segments,nonterminal_failure,retry_in_later_session,0,0,,
pilot_20260917T002506Z,CIK0001076378,0001076378,Cemex S.A.B. De C.V.,CX,2012Q1,1,2026-09-17T00:29:26.544894+00:00,2026-09-17T00:29:26.677301+00:00,200,no_transcript,artifacts/representative_coverage_pilot_v20260916/raw/CIK0001076378/CX/2012Q1/attempt_01_20260917002926544894.json,482,8b516566ea5112fef61041d0b7cd7a32fdf2458e917edea2c0d79c6472c3db2b,no_transcript,provider returned no usable transcript segments,nonterminal_failure,retry_in_later_session,0,0,,
pilot_20260917T002506Z,CIK0001131383,0001131383,Stantec Inc,STN,2012Q1,1,2026-09-17T00:29:30.550593+00:00,2026-09-17T00:29:30.698940+00:00,200,no_transcript,artifacts/representative_coverage_pilot_v20260916/raw/CIK0001131383/STN/2012Q1/attempt_01_20260917002930550593.json,475,c8cf3dd90931130452bdbcf81ac653f51a6505e3285b67d253f5a11d5ac1f694,no_transcript,provider returned no usable transcript segments,nonterminal_failure,retry_in_later_session,0,0,,
pilot_20260917T002506Z,CIK0001190723,0001190723,Tenaris S.A.,TS,2012Q1,1,2026-09-17T00:29:34.560647+00:00,2026-09-17T00:29:34.715767+00:00,200,no_transcript,artifacts/representative_coverage_pilot_v20260916/raw/CIK0001190723/TS/2012Q1/attempt_01_20260917002934560647.json,474,b594a6d5ba8ac9dc8d15dfd28b01dfaf60f0ffb18b295af4e04bc9d8a6ee5271,no_transcript,provider returned no usable transcript segments,nonterminal_failure,retry_in_later_session,0,0,,
pilot_20260917T002506Z,CIK0001335730,0001335730,Mizuho Financial Group Inc,MFG,2012Q1,1,2026-09-17T00:29:36.565668+00:00,2026-09-17T00:29:36.814895+00:00,200,no_transcript,artifacts/representative_coverage_pilot_v20260916/raw/CIK0001335730/MFG/2012Q1/attempt_01_20260917002936565668.json,490,63f8650b7c17ea4a840e9911d563a40f6a68dad10b2977f77602f13f87ede211,no_transcript,provider returned no usable transcript segments,nonterminal_failure,retry_in_later_session,0,0,,
pilot_20260917T002506Z,CIK0001385187,0001385187,Covidien plc,COV,2012Q1,1,2026-09-17T00:29:38.570688+00:00,2026-09-17T00:29:38.738310+00:00,200,no_transcript,artifacts/representative_coverage_pilot_v20260916/raw/CIK0001385187/COV/2012Q1/attempt_01_20260917002938570688.json,476,bf4c2549af5b8e18b94cf3d924d3b0f6ed537a79afa040ae157ed483b6f5d10b,no_transcript,provider returned no usable transcript segments,nonterminal_failure,retry_in_later_session,0,0,,
pilot_20260917T002506Z,CIK0000002809,0000002809,Agnico Eagle Mines Ltd,AEM,2012Q2,1,2026-09-17T00:29:46.597794+00:00,2026-09-17T00:29:46.929568+00:00,200,success,artifacts/representative_coverage_pilot_v20260916/raw/CIK0000002809/AEM/2012Q2/attempt_01_20260917002946597794.json,33545,a323c1cda1c85cde195a9cafca27b345f57c782bec7c7f1a2e8f93c735921fc6,valid,"usable transcript passed structural, year, and identity checks",valid,terminal,89,4618,2edcff7e9c7ec4d8cfb3a9d96890839cd4e07049e38dac5d10b5c64c94f86f6f,
pilot_20260917T002506Z,CIK0000016875,0000016875,Canadian Pacific Kansas City Ltd,CP,2012Q2,2,2026-09-17T00:29:52.612185+00:00,2026-09-17T00:29:52.879832+00:00,200,no_transcript,artifacts/representative_coverage_pilot_v20260916/raw/CIK0000016875/CP/2012Q2/attempt_02_20260917002952612185.json,494,072771e9fcef0a618d7e4749889c178bbf2b015d78383950f2fb8211602c2fe6,no_transcript,provider returned no usable transcript segments,terminal_provider_unavailability,terminal_after_later_session_retry,0,0,,
pilot_20260917T002506Z,CIK0001445930,0001445930,KB Financial Group Inc,KB,2012Q2,1,2026-09-17T00:30:18.658687+00:00,2026-09-17T00:30:18.847826+00:00,200,no_transcript,artifacts/representative_coverage_pilot_v20260916/raw/CIK0001445930/KB/2012Q2/attempt_01_20260917003018658687.json,484,9712a2f41c8812800d44bf39ba5a5307c7a51679309ace069f1c455c07f3ec9c,no_transcript,provider returned no usable transcript segments,nonterminal_failure,retry_in_later_session,0,0,,
pilot_20260917T002506Z,CIK0001453015,0001453015,Ballard Power Systems Inc,BLDP,2012Q2,1,2026-09-17T00:30:20.663710+00:00,2026-09-17T00:30:20.859674+00:00,200,success,artifacts/representative_coverage_pilot_v20260916/raw/CIK0001453015/BLDP/2012Q2/attempt_01_20260917003020663710.json,29510,dc12824ab78795026eda35d7aca81480317e277718b86bacfd898ef3a5e393c1,valid,"usable transcript passed structural, year, and identity checks",valid,terminal,37,4547,3c3bf8cc0bfb278805c0091a613ac02685fcf01f3ff3d787b39450c4c1b3408e,
pilot_20260917T002506Z,CIK0001095073,0001095073,Everest Group Ltd,EG,2012Q3,1,2026-09-17T00:30:44.700902+00:00,2026-09-17T00:30:45.025790+00:00,200,success,artifacts/representative_coverage_pilot_v20260916/raw/CIK0001095073/EG/2012Q3/attempt_01_20260917003044700902.json,51202,eed22696c7b97ed10f5034aec7a7c85cce5cce4c50c34ca30e6b0c1cf13c7096,valid,"usable transcript passed structural, year, and identity checks",valid,terminal,86,7490,0e8d6f6b2e3fa593dbc5876747dd411cb7b9e6d9f008ccf7555f0444d146ddda,
pilot_20260917T002506Z,CIK0001002242,0001002242,Eni Spa,E,2012Q4,1,2026-09-17T00:31:08.742124+00:00,2026-09-17T00:31:08.933360+00:00,200,no_transcript,artifacts/representative_coverage_pilot_v20260916/raw/CIK0001002242/E/2012Q4/attempt_01_20260917003108742124.json,467,2c5920ab1206724be08ad14cf6deeaa0e0fde0d443bbd322e5561cccc71a4d33,no_transcript,provider returned no usable transcript segments,nonterminal_failure,retry_in_later_session,0,0,,
pilot_20260917T002506Z,CIK0001395213,0001395213,Empresa Distribuidora y Comercial Norte S.A.,EDN,2012Q4,1,2026-09-17T00:31:20.761749+00:00,2026-09-17T00:31:20.955408+00:00,200,no_transcript,artifacts/representative_coverage_pilot_v20260916/raw/CIK0001395213/EDN/2012Q4/attempt_01_20260917003120761749.json,508,441c615ab08fc54a118d62ae28f47a4caf9511cce1aba70af98aca7765736517,no_transcript,provider returned no usable transcript segments,nonterminal_failure,retry_in_later_session,0,0,,
pilot_20260917T002506Z,CIK0001434265,0001434265,Genmab,GMAB,2012Q4,1,2026-09-17T00:31:22.765109+00:00,2026-09-17T00:31:22.938602+00:00,200,no_transcript,artifacts/representative_coverage_pilot_v20260916/raw/CIK0001434265/GMAB/2012Q4/attempt_01_20260917003122765109.json,472,ed8a775db75af749d1a23b39f7459aadccd850b36fc40ef6f09d3e7c447c172d,no_transcript,provider returned no usable transcript segments,nonterminal_failure,retry_in_later_session,0,0,,
pilot_20260917T002506Z,CIK0001506184,0001506184,Immutep Ltd,IMMP,2012Q4,1,2026-09-17T00:31:24.770129+00:00,2026-09-17T00:31:24.947623+00:00,200,no_transcript,artifacts/representative_coverage_pilot_v20260916/raw/CIK0001506184/IMMP/2012Q4/attempt_01_20260917003124770129.json,477,6dd86f3172784e1fae6480608fa0da7b7e29142d5e1b41aa1aeeefa2a645b160,no_transcript,provider returned no usable transcript segments,nonterminal_failure,retry_in_later_session,0,0,,
pilot_20260917T002506Z,CIK0000717826,0000717826,Telefonaktiebolaget L M Ericsson,ERIC,2013Q1,2,2026-09-17T00:31:28.778381+00:00,2026-09-17T00:31:29.010229+00:00,200,no_transcript,artifacts/representative_coverage_pilot_v20260916/raw/CIK0000717826/ERIC/2013Q1/attempt_02_20260917003128778381.json,498,bc4b96ca5210cbcfc9f0b1b8ec7fa47dc8d5f5e72dcc0a836e5e4ac9166bec4e,no_transcript,provider returned no usable transcript segments,terminal_provider_unavailability,terminal_after_later_session_retry,0,0,,
pilot_20260917T002506Z,CIK0000904851,0000904851,YPF,YPF,2013Q1,2,2026-09-17T00:31:34.791519+00:00,2026-09-17T00:31:34.915345+00:00,200,no_transcript,artifacts/representative_coverage_pilot_v20260916/raw/CIK0000904851/YPF/2013Q1/attempt_02_20260917003134791519.json,467,9537ae1f81d3b74ac33146b29df2612a2616c08c175ddf00d5f8de644390bfd0,no_transcript,provider returned no usable transcript segments,terminal_provider_unavailability,terminal_after_later_session_retry,0,0,,
pilot_20260917T002506Z,CIK0001308648,0001308648,First Majestic Silver Corporation,AG,2013Q1,1,2026-09-17T00:31:44.810152+00:00,2026-09-17T00:31:44.953473+00:00,200,no_transcript,artifacts/representative_coverage_pilot_v20260916/raw/CIK0001308648/AG/2013Q1/attempt_01_20260917003144810152.json,495,7b0b1e3c5400ef76542ed6e59535bb7af7237090a84358738adce376697a4212,no_transcript,provider returned no usable transcript segments,nonterminal_failure,retry_in_later_session,0,0,,
pilot_20260917T002506Z,CIK0001070304,0001070304,Orix Corporation,IX,2013Q2,1,2026-09-17T00:32:06.865378+00:00,2026-09-17T00:32:07.092033+00:00,200,no_transcript,artifacts/representative_coverage_pilot_v20260916/raw/CIK0001070304/IX/2013Q2/attempt_01_20260917003206865378.json,478,f63bb933545183fa53f22b9ceaa3b624648650954bb881c004e8ba578095c7ca,no_transcript,provider returned no usable transcript segments,nonterminal_failure,retry_in_later_session,0,0,,
pilot_20260917T002506Z,CIK0001084201,0001084201,Sinovac Biotech Ltd,SVA,2013Q2,1,2026-09-17T00:32:08.870398+00:00,2026-09-17T00:32:09.006904+00:00,200,success,artifacts/representative_coverage_pilot_v20260916/raw/CIK0001084201/SVA/2013Q2/attempt_01_20260917003208870398.json,25381,f1c1a0f5b504a4296a0fe03dbc4b01ca97d57e5a933d6277b5f714a0b1ed4b2f,valid,"usable transcript passed structural, year, and identity checks",valid,terminal,36,3599,36f16cc9458d2e3f6542caa862a800b87cefa8bf676c8bb79f34865e981952d3,
pilot_20260917T002506Z,CIK0001096056,0001096056,Luxfer Holdings PLC,LXFR,2013Q2,1,2026-09-17T00:32:10.870713+00:00,2026-09-17T00:32:11.088811+00:00,200,success,artifacts/representative_coverage_pilot_v20260916/raw/CIK0001096056/LXFR/2013Q2/attempt_01_20260917003210870713.json,39201,568b2a2db8b3ddf32a3244eb15076da589997dddf02ec404537e09f8e5aa2e05,valid,"usable transcript passed structural, year, and identity checks",valid,terminal,53,5927,b785a2e68490735bbbbf0b22bd770dab9eb870ff513cdd8916a70263729f44bf,
pilot_20260917T002506Z,CIK0001434754,0001434754,Safe Bulkers Inc,SB,2013Q2,1,2026-09-17T00:32:20.903362+00:00,2026-09-17T00:32:21.108344+00:00,200,success,artifacts/representative_coverage_pilot_v20260916/raw/CIK0001434754/SB/2013Q2/attempt_01_20260917003220903362.json,31558,411e67d9f0d7fedd323d6748a6e445d8690d351ab2ba44c5ae3c75953eec8656,valid,"usable transcript passed structural, year, and identity checks",valid,terminal,30,4986,c3fd2e009ec39463597309f376a1e26ae6be4dc0cec0f36744e339ecbb69104b,
pilot_20260917T002506Z,CIK0001846715,0001846715,Nextwave Wirless,WAVE,2013Q2,1,2026-09-17T00:32:26.911646+00:00,2026-09-17T00:32:27.048213+00:00,200,no_transcript,artifacts/representative_coverage_pilot_v20260916/raw/CIK0001846715/WAVE/2013Q2/attempt_01_20260917003226911646.json,482,3c0496b3260cebafb6f9acac26585403b81052a08405abfbc4aad1d0b4aca219,no_transcript,provider returned no usable transcript segments,nonterminal_failure,retry_in_later_session,0,0,,
pilot_20260917T002506Z,CIK0001005516,0001005516,B.O.S. Better Online Solutions,BOSC,2013Q3,1,2026-09-17T00:32:40.951226+00:00,2026-09-17T00:32:41.202797+00:00,200,no_transcript,artifacts/representative_coverage_pilot_v20260916/raw/CIK0001005516/BOSC/2013Q3/attempt_01_20260917003240951226.json,496,aa619a97207662fb4a64cb9bf322061c0974911606cedcf1f2ae6963208334b7,no_transcript,provider returned no usable transcript segments,nonterminal_failure,retry_in_later_session,0,0,,
pilot_20260917T002506Z,CIK0001172724,0001172724,Gold Fields Ltd,GFI,2013Q3,1,2026-09-17T00:32:42.954937+00:00,2026-09-17T00:32:43.108392+00:00,200,no_transcript,artifacts/representative_coverage_pilot_v20260916/raw/CIK0001172724/GFI/2013Q3/attempt_01_20260917003242954937.json,479,071e9b704cd2d88fe72eb215e7b06b0d388b28c110cb32810ea1ec00c5a00020,no_transcript,provider returned no usable transcript segments,nonterminal_failure,retry_in_later_session,0,0,,
pilot_20260917T002506Z,CIK0000911971,0000911971,Teekay Corp,TK,2013Q4,1,2026-09-17T00:33:11.038050+00:00,2026-09-17T00:33:11.291478+00:00,200,success,artifacts/representative_coverage_pilot_v20260916/raw/CIK0000911971/TK/2013Q4/attempt_01_20260917003311038050.json,38322,af7c9e675e0015197503a5c156b5a765083783b4cc9faa11cbeda7366ffd02f0,valid,"usable transcript passed structural, year, and identity checks",valid,terminal,38,5905,6a0d696c60e0da5e3e50b598667ded3142c94b9a2dd91094248f96e09f27ac14,
pilot_20260917T002506Z,CIK0001132651,0001132651,Ames National Corp,ATLO,2013Q4,1,2026-09-17T00:33:27.074203+00:00,2026-09-17T00:33:27.323228+00:00,200,no_transcript,artifacts/representative_coverage_pilot_v20260916/raw/CIK0001132651/ATLO/2013Q4/attempt_01_20260917003327074203.json,484,a02a6d3710c4e00333e3028f60fb7a664f8fd66d9f16f27b86dd65b29473e578,no_transcript,provider returned no usable transcript segments,nonterminal_failure,retry_in_later_session,0,0,,
pilot_20260917T002506Z,CIK0001434265,0001434265,Genmab,GMAB,2013Q4,1,2026-09-17T00:33:43.101237+00:00,2026-09-17T00:33:43.237981+00:00,200,no_transcript,artifacts/representative_coverage_pilot_v20260916/raw/CIK0001434265/GMAB/2013Q4/attempt_01_20260917003343101237.json,472,f77655f3d5aafe481c22f3bd5be23d35dd31a183fae2f577cbeaff08b0c945f2,no_transcript,provider returned no usable transcript segments,nonterminal_failure,retry_in_later_session,0,0,,
pilot_20260917T002506Z,CIK0001513161,0001513161,Home Loan Servicing Solutions Ltd,HLSS,2013Q4,1,2026-09-17T00:33:45.104906+00:00,2026-09-17T00:33:45.315166+00:00,200,no_transcript,artifacts/representative_coverage_pilot_v20260916/raw/CIK0001513161/HLSS/2013Q4/attempt_01_20260917003345104906.json,499,70ab745520ee4a0c58f77429176bd300e7a93605a0b27f7161280fb52c95c895,no_transcript,provider returned no usable transcript segments,nonterminal_failure,retry_in_later_session,0,0,,
pilot_20260917T002506Z,CIK0001534675,0001534675,Tecnoglass Holdings Inc,TGLS,2013Q4,1,2026-09-17T00:33:49.114640+00:00,2026-09-17T00:33:49.865731+00:00,200,no_transcript,artifacts/representative_coverage_pilot_v20260916/raw/CIK0001534675/TGLS/2013Q4/attempt_01_20260917003349114640.json,489,b206ad78d0d3806fe6a93098469293d1c99f48552b8cec50acf5e86c26a9ff6f,no_transcript,provider returned no usable transcript segments,nonterminal_failure,retry_in_later_session,0,0,,
pilot_20260917T002506Z,CIK0001037676,0001037676,Arch Coal Inc,ACI,2014Q1,1,2026-09-17T00:34:11.159928+00:00,2026-09-17T00:34:11.357683+00:00,200,no_transcript,artifacts/representative_coverage_pilot_v20260916/raw/CIK0001037676/ACI/2014Q1/attempt_01_20260917003411159928.json,477,769ad7299d6627af87b3b49e6efb19aa016e3f5430a988f18441ba0a022b3c85,no_transcript,provider returned no usable transcript segments,nonterminal_failure,retry_in_later_session,0,0,,
pilot_20260917T002506Z,CIK0001262976,0001262976,Cimpress plc,CMPR,2014Q1,1,2026-09-17T00:34:17.171946+00:00,2026-09-17T00:34:17.454537+00:00,200,success,artifacts/representative_coverage_pilot_v20260916/raw/CIK0001262976/CMPR/2014Q1/attempt_01_20260917003417171946.json,11801,a16e721fd71e3bb44a46602251b4f288d6889ce7b04a8005ec4b8ed163febae2,valid,"usable transcript passed structural, year, and identity checks",valid,terminal,24,1677,2d81bacdb061fecd968ee8bf4c2fb567a739406afab23437c66c74d798971385,
pilot_20260917T002506Z,CIK0001318885,0001318885,Diana Shipping Inc,DSX,2014Q1,1,2026-09-17T00:34:19.176988+00:00,2026-09-17T00:34:19.507470+00:00,200,success,artifacts/representative_coverage_pilot_v20260916/raw/CIK0001318885/DSX/2014Q1/attempt_01_20260917003419176988.json,50265,040876f64efcf7658f6da070c6c59ce01810b6c3f09132551bf7565ea1448055,valid,"usable transcript passed structural, year, and identity checks",valid,terminal,79,7457,398a31541a2bdb5255a6f7f563eadf8b14776a4ad5f1404f00451533a1e34a53,
pilot_20260917T002506Z,CIK0001513965,0001513965,American Midstream Partners LP,AMID,2014Q1,1,2026-09-17T00:34:21.181831+00:00,2026-09-17T00:34:21.322679+00:00,200,no_transcript,artifacts/representative_coverage_pilot_v20260916/raw/CIK0001513965/AMID/2014Q1/attempt_01_20260917003421181831.json,496,4ae0a19cca79d9e4f970b044987f0b0553e0a8a82e4e6c77bd2fbb988e92dcb3,no_transcript,provider returned no usable transcript segments,nonterminal_failure,retry_in_later_session,0,0,,
pilot_20260917T002506Z,CIK0001521332,0001521332,Aptiv PLC,APTV,2014Q1,1,2026-09-17T00:34:23.186871+00:00,2026-09-17T00:34:23.454746+00:00,200,no_transcript,artifacts/representative_coverage_pilot_v20260916/raw/CIK0001521332/APTV/2014Q1/attempt_01_20260917003423186871.json,475,b55b5257e2d5b057b40191d9caef4e80e5ffc728a64f097d13512163249f5fb0,no_transcript,provider returned no usable transcript segments,nonterminal_failure,retry_in_later_session,0,0,,
pilot_20260917T002506Z,CIK0000909037,0000909037,Sociedad Quimica Y Minera de Chile S.A.,SQM,2014Q2,1,2026-09-17T00:34:41.221427+00:00,2026-09-17T00:34:41.427083+00:00,200,no_transcript,artifacts/representative_coverage_pilot_v20260916/raw/CIK0000909037/SQM/2014Q2/attempt_01_20260917003441221427.json,503,84e2e387e3428b9dfe294436f77fe6fd35e52f2ec4443d5653b222b1cfaa047a,no_transcript,provider returned no usable transcript segments,nonterminal_failure,retry_in_later_session,0,0,,
pilot_20260917T002506Z,CIK0001042776,0001042776,Piedmont Office Realty Trust Inc - Class A,PDM,2014Q2,1,2026-09-17T00:34:45.227845+00:00,2026-09-17T00:34:45.576928+00:00,200,success,artifacts/representative_coverage_pilot_v20260916/raw/CIK0001042776/PDM/2014Q2/attempt_01_20260917003445227845.json,49850,9b94071265ade5cf59313bdb113d896ff917861fb5a942e9acfd541adc39c0a0,valid,"usable transcript passed structural, year, and identity checks",valid,terminal,81,7574,980ab108a038ed8312279d18ca31b25818283404cc811fae573bc86faab05fdf,
pilot_20260917T002506Z,CIK0001086888,0001086888,Manulife Financial Corp,MFC,2014Q2,1,2026-09-17T00:34:49.237933+00:00,2026-09-17T00:34:49.474973+00:00,200,success,artifacts/representative_coverage_pilot_v20260916/raw/CIK0001086888/MFC/2014Q2/attempt_01_20260917003449237933.json,43399,515cdfd94e295974ccdc7577bbf38eb96252ea34a676350eeddfda560fd0c4eb,valid,"usable transcript passed structural, year, and identity checks",valid,terminal,59,6732,2c3f921cc3c1f38209808c627c636f92c5949c820e2f07f30ac7c1869e4856fd,
pilot_20260917T002506Z,CIK0001318885,0001318885,Diana Shipping Inc,DSX,2014Q2,1,2026-09-17T00:34:53.248013+00:00,2026-09-17T00:34:53.526911+00:00,200,success,artifacts/representative_coverage_pilot_v20260916/raw/CIK0001318885/DSX/2014Q2/attempt_01_20260917003453248013.json,28218,0308203fe17b8284a47846525482c8bb7eabcbcd80eaa73931602ef06c358cbb,valid,"usable transcript passed structural, year, and identity checks",valid,terminal,36,4290,5b168c852f9d6107eb2811b55bb849aeabf0a3fdd5890afccc5c837e328f7347,
pilot_20260917T002506Z,CIK0001605484,0001605484,Stellantis N.V,STLA,2014Q2,1,2026-09-17T00:34:57.254150+00:00,2026-09-17T00:34:57.397779+00:00,200,success,artifacts/representative_coverage_pilot_v20260916/raw/CIK0001605484/STLA/2014Q2/attempt_01_20260917003457254150.json,18206,1bc0613a9cdf394d632798a57eaa07dbdd703bec05449caef184fa0b2d5c8314,valid,"usable transcript passed structural, year, and identity checks",valid,terminal,18,2831,061fe929349464a9d748ebaf5ce421820f9d4465196c80814a1e009f8c62cc56,
pilot_20260917T002506Z,CIK0002024656,0002024656,First M & F Corp,FMFC,2014Q2,1,2026-09-17T00:34:59.259191+00:00,2026-09-17T00:34:59.374906+00:00,200,no_transcript,artifacts/representative_coverage_pilot_v20260916/raw/CIK0002024656/FMFC/2014Q2/attempt_01_20260917003459259191.json,482,5c8828b1b55704a48ded94e9e4048562901e47a896f6d15fdac4567cb6196eb8,no_transcript,provider returned no usable transcript segments,nonterminal_failure,retry_in_later_session,0,0,,
pilot_20260917T002506Z,CIK0001116578,0001116578,Prudential plc,PUK,2014Q3,1,2026-09-17T00:35:19.291551+00:00,2026-09-17T00:35:19.528536+00:00,200,no_transcript,artifacts/representative_coverage_pilot_v20260916/raw/CIK0001116578/PUK/2014Q3/attempt_01_20260917003519291551.json,478,914fb0471778c1837e43f73ab4b8800e7f2661126198ff4198aae486a19abe80,no_transcript,provider returned no usable transcript segments,nonterminal_failure,retry_in_later_session,0,0,,
pilot_20260917T002506Z,CIK0001400438,0001400438,Largo Inc,LGO,2014Q3,1,2026-09-17T00:35:31.340710+00:00,2026-09-17T00:35:31.574536+00:00,200,no_transcript,artifacts/representative_coverage_pilot_v20260916/raw/CIK0001400438/LGO/2014Q3/attempt_01_20260917003531340710.json,473,ee2c8d3bbf8d1b424e504fd4bbbdffa98c7a2ea32b8c180b6074b865ad5807d5,no_transcript,provider returned no usable transcript segments,nonterminal_failure,retry_in_later_session,0,0,,
pilot_20260917T002506Z,CIK0001492691,0001492691,Knight-Swift Transportation Holdings Inc - Class A,KNX,2014Q3,1,2026-09-17T00:35:35.349171+00:00,2026-09-17T00:35:35.509560+00:00,200,success,artifacts/representative_coverage_pilot_v20260916/raw/CIK0001492691/KNX/2014Q3/attempt_01_20260917003535349171.json,53355,8b2cee15777d8421af02b44bc7a3ab6bb60b3de0a5322cb0a4646b2c12069e34,valid,"usable transcript passed structural, year, and identity checks",valid,terminal,78,7907,0e98cba57e478ed88247844cb93a42dca4c99e7f73c4a08996fed754c75f9c92,
pilot_20260917T002506Z,CIK0001535929,0001535929,Voya Financial Inc,VOYA,2014Q3,1,2026-09-17T00:35:37.352422+00:00,2026-09-17T00:35:37.556887+00:00,200,success,artifacts/representative_coverage_pilot_v20260916/raw/CIK0001535929/VOYA/2014Q3/attempt_01_20260917003537352422.json,57249,40d7a60532d9157ede388de0f070f792c83611774f72ce85d66c9c110e616de4,valid,"usable transcript passed structural, year, and identity checks",valid,terminal,57,8980,aa82364be7f2c3c95b30346079f08fc3f5179ba409c3ff2ffdf2ee70455dafc8,
pilot_20260917T002506Z,CIK0000018349,0000018349,Synovus Financial Corp,SNV,2014Q4,1,2026-09-17T00:35:39.357468+00:00,2026-09-17T00:35:39.605167+00:00,200,success,artifacts/representative_coverage_pilot_v20260916/raw/CIK0000018349/SNV/2014Q4/attempt_01_20260917003539357468.json,13853,6469fc3014a2deeb26367fbf140d651e19599a96fdd503a561d3e441d277cc78,valid,"usable transcript passed structural, year, and identity checks",valid,terminal,19,2015,575577ace5949262f4c7914761d0dd00975f95432fa125b894de03f2425d8c07,
pilot_20260917T002506Z,CIK0000718940,0000718940,BCE Inc,BCE,2015Q1,1,2026-09-17T00:36:19.439816+00:00,2026-09-17T00:36:19.811240+00:00,200,success,artifacts/representative_coverage_pilot_v20260916/raw/CIK0000718940/BCE/2015Q1/attempt_01_20260917003619439816.json,41705,50a0ab74bc137da111f181284db2f4630d4b8f60ef8f0178a814e8c7a31e04fe,valid,"usable transcript passed structural, year, and identity checks",valid,terminal,63,6344,42708c3754d85e73248748bbbf679979026c799568b58b02355509fba5d78a3a,
pilot_20260917T002506Z,CIK0000895126,0000895126,Chesapeake Energy Corp,CHK-P-D,2015Q1,1,2026-09-17T00:36:29.459978+00:00,2026-09-17T00:36:29.585702+00:00,200,no_transcript,artifacts/representative_coverage_pilot_v20260916/raw/CIK0000895126/CHK-P-D/2015Q1/attempt_01_20260917003629459978.json,494,6a9101b150b358af5975b445086e84e4cca4bada865617c0c6e7d794a508737c,no_transcript,provider returned no usable transcript segments,nonterminal_failure,retry_in_later_session,0,0,,
pilot_20260917T002506Z,CIK0001004155,0001004155,AGL Resources Inc,GAS,2015Q1,1,2026-09-17T00:36:33.470060+00:00,2026-09-17T00:36:33.603365+00:00,200,no_transcript,artifacts/representative_coverage_pilot_v20260916/raw/CIK0001004155/GAS/2015Q1/attempt_01_20260917003633470060.json,481,c8708de2ea1972fde775466734820e71796ffdcbcd2f252c4a01f110a4d13e22,no_transcript,provider returned no usable transcript segments,nonterminal_failure,retry_in_later_session,0,0,,
pilot_20260917T002506Z,CIK0001038683,0001038683,Ryanair Holdings Plc,RYAAY,2015Q1,1,2026-09-17T00:36:39.482992+00:00,2026-09-17T00:36:39.761311+00:00,200,success,artifacts/representative_coverage_pilot_v20260916/raw/CIK0001038683/RYAAY/2015Q1/attempt_01_20260917003639482992.json,38827,c19a69f75e0afd3cec83e3bd3f1352884b965061e41a74c5eb2226a8fcafab6c,valid,"usable transcript passed structural, year, and identity checks",valid,terminal,37,6076,938c359b8c757d79f8994db773be6a54d11b697b26979beb332b6c755d0bc351,
pilot_20260917T002506Z,CIK0001055160,0001055160,MFA Financial Inc,MFA,2015Q1,1,2026-09-17T00:36:41.485987+00:00,2026-09-17T00:36:41.834032+00:00,200,success,artifacts/representative_coverage_pilot_v20260916/raw/CIK0001055160/MFA/2015Q1/attempt_01_20260917003641485987.json,40831,b9ea081ca128b1b2901f09d5125223341ac08b25920fa7218abe340420d30380,valid,"usable transcript passed structural, year, and identity checks",valid,terminal,70,5724,93391c6719dc85a780caa14e6998f789818eb7048216bd8e6668b88c266ac562,
pilot_20260917T002506Z,CIK0001467760,0001467760,Apollo Commercial Real Estate Finance Inc,ARI,2015Q1,1,2026-09-17T00:36:53.509559+00:00,2026-09-17T00:36:53.705224+00:00,200,success,artifacts/representative_coverage_pilot_v20260916/raw/CIK0001467760/ARI/2015Q1/attempt_01_20260917003653509559.json,27895,4eb7132f93378216a512806b2ae9a0afb5ea0c7f05a81ef0b8837f3efa6c0a0c,valid,"usable transcript passed structural, year, and identity checks",valid,terminal,46,4222,43ff903f6f61834c7ba2402fb19550efac1ab671967568433352db790b5c48ab,
pilot_20260917T002506Z,CIK0001496099,0001496099,New Mountain Finance Corp,NMFC,2015Q1,1,2026-09-17T00:36:55.513469+00:00,2026-09-17T00:36:55.710374+00:00,200,success,artifacts/representative_coverage_pilot_v20260916/raw/CIK0001496099/NMFC/2015Q1/attempt_01_20260917003655513469.json,25478,68d142df1e9410425e36eedadfbbc970c575debbd6f5a5741d1896362b24e959,valid,"usable transcript passed structural, year, and identity checks",valid,terminal,24,3967,aa2868c91a7c76a8521daeff2647381325c47e907f8dfe9613b02035ac0d9e26,
pilot_20260917T002506Z,CIK0001012477,0001012477,Flamel Technologies SA,FLML,2015Q2,1,2026-09-17T00:37:09.542864+00:00,2026-09-17T00:37:09.801477+00:00,200,no_transcript,artifacts/representative_coverage_pilot_v20260916/raw/CIK0001012477/FLML/2015Q2/attempt_01_20260917003709542864.json,488,985852d61a352088f638cd08677d80492bb98be03bf7a436008c9843d7903c19,no_transcript,provider returned no usable transcript segments,nonterminal_failure,retry_in_later_session,0,0,,
pilot_20260917T002506Z,CIK0001070985,0001070985,CoreCivic Inc,CXW,2015Q2,1,2026-09-17T00:37:11.547906+00:00,2026-09-17T00:37:11.716991+00:00,200,success,artifacts/representative_coverage_pilot_v20260916/raw/CIK0001070985/CXW/2015Q2/attempt_01_20260917003711547906.json,50746,bcf304b13e41a913c84974f0879fa89922b8bd3136a2244ccef3505bdb5b761a,valid,"usable transcript passed structural, year, and identity checks",valid,terminal,65,7648,fe4d65f8025be25ef35ab45032d1fe9b4879d270bd0fe8fa6201ae9033d464c5,
pilot_20260917T002506Z,CIK0001110805,0001110805,Nustar Energy L P,NS,2015Q2,1,2026-09-17T00:37:13.550680+00:00,2026-09-17T00:37:13.711766+00:00,200,no_transcript,artifacts/representative_coverage_pilot_v20260916/raw/CIK0001110805/NS/2015Q2/attempt_01_20260917003713550680.json,479,dbc50974ba087b8711f97f5f106cce3ea4117983c9a1cc352996bcae5ba7233e,no_transcript,provider returned no usable transcript segments,nonterminal_failure,retry_in_later_session,0,0,,
pilot_20260917T002506Z,CIK0001371782,0001371782,MV Oil Trust,MVO,2015Q2,1,2026-09-17T00:37:19.565635+00:00,2026-09-17T00:37:19.728280+00:00,200,no_transcript,artifacts/representative_coverage_pilot_v20260916/raw/CIK0001371782/MVO/2015Q2/attempt_01_20260917003719565635.json,476,3ab972e028203bcef3d9c4d1243f39574c4ae82b009cccb129a0600694913083,no_transcript,provider returned no usable transcript segments,nonterminal_failure,retry_in_later_session,0,0,,
pilot_20260917T002506Z,CIK0001702318,0001702318,Akso Health Group,AHG,2015Q2,1,2026-09-17T00:37:23.575713+00:00,2026-09-17T00:37:23.771373+00:00,200,no_transcript,artifacts/representative_coverage_pilot_v20260916/raw/CIK0001702318/AHG/2015Q2/attempt_01_20260917003723575713.json,481,264b0f13e220bd5115c31ccb747a29020a4d078aad764697563627cfc160d91f,no_transcript,provider returned no usable transcript segments,nonterminal_failure,retry_in_later_session,0,0,,
pilot_20260917T002506Z,CIK0001053532,0001053532,LaSalle Hotel Properties,LHO,2015Q3,1,2026-09-17T00:37:39.625416+00:00,2026-09-17T00:37:39.849395+00:00,200,no_transcript,artifacts/representative_coverage_pilot_v20260916/raw/CIK0001053532/LHO/2015Q3/attempt_01_20260917003739625416.json,488,86b2cec01cfc93d6d51bd93aecd7dc0031a4abb4a3859170eef0a4d6425d8d70,no_transcript,provider returned no usable transcript segments,nonterminal_failure,retry_in_later_session,0,0,,
pilot_20260917T002506Z,CIK0001354371,0001354371,Pplus Trust Series RRD-1,PYS,2015Q3,1,2026-09-17T00:37:45.636944+00:00,2026-09-17T00:37:45.792253+00:00,200,no_transcript,artifacts/representative_coverage_pilot_v20260916/raw/CIK0001354371/PYS/2015Q3/attempt_01_20260917003745636944.json,488,126d242264b4df7044fcc4c4c4b03c8aec425f51afd5bb7fe7f9e233f2d65b6d,no_transcript,provider returned no usable transcript segments,nonterminal_failure,retry_in_later_session,0,0,,
pilot_20260917T002506Z,CIK0001637810,0001637810,FirstService Corp,FSV,2015Q3,1,2026-09-17T00:38:01.668214+00:00,2026-09-17T00:38:02.091941+00:00,200,success,artifacts/representative_coverage_pilot_v20260916/raw/CIK0001637810/FSV/2015Q3/attempt_01_20260917003801668214.json,26375,5e4741c6d0a34184c64438c78e48575ea5d16844bdcb730f0f26f9a73f9bddba,valid,"usable transcript passed structural, year, and identity checks",valid,terminal,49,3683,d17f1caad58ce6a2f8a7b8c0d4c4d5adc40f977254fd744a50d409d9b9531455,
pilot_20260917T002506Z,CIK0000921082,0000921082,Highwoods Properties Inc,HIW,2015Q4,1,2026-09-17T00:38:07.680284+00:00,2026-09-17T00:38:08.055703+00:00,200,success,artifacts/representative_coverage_pilot_v20260916/raw/CIK0000921082/HIW/2015Q4/attempt_01_20260917003807680284.json,49720,670ec712bb7ec732e50d13fbe606d5eab6c20a18653404a5d991ab936dea6a3f,valid,"usable transcript passed structural, year, and identity checks",valid,terminal,83,7341,f9239b3b12a4ae1736f03f4e6b783f704cd9782681d7c3126d5a63040729e847,
pilot_20260917T002506Z,CIK0001053532,0001053532,LaSalle Hotel Properties,LHO,2015Q4,1,2026-09-17T00:38:19.707232+00:00,2026-09-17T00:38:19.870422+00:00,200,no_transcript,artifacts/representative_coverage_pilot_v20260916/raw/CIK0001053532/LHO/2015Q4/attempt_01_20260917003819707232.json,488,305e1e4bfb75b11752a8598d5b82ed1e73853c869d30f9eb084b5094a4cf02ed,no_transcript,provider returned no usable transcript segments,nonterminal_failure,retry_in_later_session,0,0,,
pilot_20260917T002506Z,CIK0001175535,0001175535,Whitestone REIT,WSR,2015Q4,1,2026-09-17T00:38:25.727683+00:00,2026-09-17T00:38:25.921121+00:00,200,success,artifacts/representative_coverage_pilot_v20260916/raw/CIK0001175535/WSR/2015Q4/attempt_01_20260917003825727683.json,39762,47e69a3a6bb2abbbedb4326c72f59a396056e5f873559c6d935e4abce01bb66f,valid,"usable transcript passed structural, year, and identity checks",valid,terminal,71,5656,cd91c06814f85b85b323e75c6aaedd2ce566290465d815c2da9f886e52a699f5,
pilot_20260917T002506Z,CIK0001413855,0001413855,AIFU Inc,AIFU,2015Q4,1,2026-09-17T00:38:29.737695+00:00,2026-09-17T00:38:29.942310+00:00,200,no_transcript,artifacts/representative_coverage_pilot_v20260916/raw/CIK0001413855/AIFU/2015Q4/attempt_01_20260917003829737695.json,474,43a2183e494bce76da23bc50b5acb327677741fba03dee0f4c45c180a8b3132c,no_transcript,provider returned no usable transcript segments,nonterminal_failure,retry_in_later_session,0,0,,
pilot_20260917T002506Z,CIK0001424755,0001424755,Travelport Worldwide Ltd,TVPT,2015Q4,1,2026-09-17T00:38:33.744850+00:00,2026-09-17T00:38:33.862806+00:00,200,no_transcript,artifacts/representative_coverage_pilot_v20260916/raw/CIK0001424755/TVPT/2015Q4/attempt_01_20260917003833744850.json,490,c454a1582c3c09b5baa50be48072272eb394ebc7c32faa5bdec0f90138ac8e88,no_transcript,provider returned no usable transcript segments,nonterminal_failure,retry_in_later_session,0,0,,
pilot_20260917T002506Z,CIK0001575051,0001575051,Oci Resources LP,OCIR,2015Q4,1,2026-09-17T00:38:39.757998+00:00,2026-09-17T00:38:39.930458+00:00,200,no_transcript,artifacts/representative_coverage_pilot_v20260916/raw/CIK0001575051/OCIR/2015Q4/attempt_01_20260917003839757998.json,482,62df4ae3bda5fb5a0da0c609e295ce7e1b488cbb5f095cd1b289627803dc4614,no_transcript,provider returned no usable transcript segments,nonterminal_failure,retry_in_later_session,0,0,,
pilot_20260917T002506Z,CIK0001576018,0001576018,SiriusPoint Ltd,SPNT,2015Q4,1,2026-09-17T00:38:41.761655+00:00,2026-09-17T00:38:41.950680+00:00,200,success,artifacts/representative_coverage_pilot_v20260916/raw/CIK0001576018/SPNT/2015Q4/attempt_01_20260917003841761655.json,30722,3d1814f0421f8ff07f4033b960408a3df2d55d1f9264ef0fc14162ef3e64eac2,valid,"usable transcript passed structural, year, and identity checks",valid,terminal,38,4708,23ad83f17697f621421e4d75d64d72be327e4f521187cca4e7096be6eb864d68,
pilot_20260917T002506Z,CIK0001872529,0001872529,MDxHealth SA,MDXH,2015Q4,1,2026-09-17T00:38:45.767811+00:00,2026-09-17T00:38:45.871013+00:00,200,no_transcript,artifacts/representative_coverage_pilot_v20260916/raw/CIK0001872529/MDXH/2015Q4/attempt_01_20260917003845767811.json,478,5d068f3aae3937123aea752e448587a5a08ebd555c7a32b76eee5128dbf9b33f,no_transcript,provider returned no usable transcript segments,nonterminal_failure,retry_in_later_session,0,0,,
pilot_20260917T002506Z,CIK0000890541,0000890541,Banco Latinoamericano De Comercio Exterior SA - Class E,BLX,2016Q1,1,2026-09-17T00:38:59.808307+00:00,2026-09-17T00:39:00.026931+00:00,200,success,artifacts/representative_coverage_pilot_v20260916/raw/CIK0000890541/BLX/2016Q1/attempt_01_20260917003859808307.json,35835,5ae267502bf533049db5b34434150e4b78891a335e8c858b3ae8a2f3e6d5f8fe,valid,"usable transcript passed structural, year, and identity checks",valid,terminal,37,5294,adf7bfeec8842c5f7244c1e6c34632789543b9093f9744020431c2fd0a99b3fa,
pilot_20260917T002506Z,CIK0001061574,0001061574,CGI Inc - Class A,GIB,2016Q1,1,2026-09-17T00:39:07.820884+00:00,2026-09-17T00:39:08.112584+00:00,200,success,artifacts/representative_coverage_pilot_v20260916/raw/CIK0001061574/GIB/2016Q1/attempt_01_20260917003907820884.json,52670,aea841a14e052fd8d1aa2d5ad90d236a515021eac7b80748cc6aadb8e06dd4e6,valid,"usable transcript passed structural, year, and identity checks",valid,terminal,72,8110,caacbd6c7b3bf81d083f8e7dd2d8946b8930a13fb880a3a5d4c387874f7b6322,
pilot_20260917T002506Z,CIK0001221029,0001221029,Cementos Pacasmayo S.A.A.,CPAC,2016Q1,1,2026-09-17T00:39:09.825310+00:00,2026-09-17T00:39:10.023667+00:00,200,success,artifacts/representative_coverage_pilot_v20260916/raw/CIK0001221029/CPAC/2016Q1/attempt_01_20260917003909825310.json,32282,fada457374d0a7d6e03d4e1f0ed49336e596b2d93a88a14386c72f41d348441d,valid,"usable transcript passed structural, year, and identity checks",valid,terminal,79,4419,850d470136bd483e8d9b377c077a44d9c7ae86735dd89bbc465bfa55d4c9686f,
pilot_20260917T002506Z,CIK0001504008,0001504008,BankUnited Inc,BKU,2016Q1,1,2026-09-17T00:39:25.871316+00:00,2026-09-17T00:39:26.088133+00:00,200,success,artifacts/representative_coverage_pilot_v20260916/raw/CIK0001504008/BKU/2016Q1/attempt_01_20260917003925871316.json,51084,d90f0d3d4b11df92b9a55d1d464338c9791fe5bc2f8c45cd5d3a9687a0c0b367,valid,"usable transcript passed structural, year, and identity checks",valid,terminal,111,7187,d5f7fc8d136166f750702a180961ba20c9be76c7e09497661bee9a74b14dbaa4,
pilot_20260917T002506Z,CIK0001609132,0001609132,C1 Financial Inc,BNK,2016Q1,1,2026-09-17T00:39:31.886450+00:00,2026-09-17T00:39:32.080558+00:00,200,no_transcript,artifacts/representative_coverage_pilot_v20260916/raw/CIK0001609132/BNK/2016Q1/attempt_01_20260917003931886450.json,480,42d18605692dc0ad81e1e3d58dc4383257522c29b287bb6ad79afe9a501be6e2,no_transcript,provider returned no usable transcript segments,nonterminal_failure,retry_in_later_session,0,0,,
pilot_20260917T002506Z,CIK0001109116,0001109116,Entravision Communications Corp - Class A,EVC,2016Q2,1,2026-09-17T00:39:39.904195+00:00,2026-09-17T00:39:40.128898+00:00,200,success,artifacts/representative_coverage_pilot_v20260916/raw/CIK0001109116/EVC/2016Q2/attempt_01_20260917003939904195.json,35119,a3341caf4cd90e604d0a046903b443cb51bd9a0131d132db5cf9cf0eef972f1b,valid,"usable transcript passed structural, year, and identity checks",valid,terminal,41,5260,44cbde236b661e98f39a29a1892ca9b38b576bf60ede45cc518702084dc683fa,
pilot_20260917T002506Z,CIK0001407739,0001407739,DuPont Fabros Technology Inc,DFT,2016Q2,1,2026-09-17T00:39:45.916372+00:00,2026-09-17T00:39:46.074612+00:00,200,no_transcript,artifacts/representative_coverage_pilot_v20260916/raw/CIK0001407739/DFT/2016Q2/attempt_01_20260917003945916372.json,492,71364bfd1c8e79b1bd3b9252672f1a84cb078db8f0bcb31615d9e51f02c9b0af,no_transcript,provider returned no usable transcript segments,nonterminal_failure,retry_in_later_session,0,0,,
pilot_20260917T002506Z,CIK0001821866,0001821866,BTQ Technologies Corp,BTQ,2016Q2,1,2026-09-17T00:39:57.937486+00:00,2026-09-17T00:39:58.059724+00:00,200,no_transcript,artifacts/representative_coverage_pilot_v20260916/raw/CIK0001821866/BTQ/2016Q2/attempt_01_20260917003957937486.json,485,4f0df0e89ba9866dcedab5014caf70f2236eb8387cd88185762a2b44a94ff223,no_transcript,provider returned no usable transcript segments,nonterminal_failure,retry_in_later_session,0,0,,
pilot_20260917T002506Z,CIK0001011109,0001011109,ACRE Realty Investors Inc,AIII,2016Q3,1,2026-09-17T00:40:07.957188+00:00,2026-09-17T00:40:08.090507+00:00,200,no_transcript,artifacts/representative_coverage_pilot_v20260916/raw/CIK0001011109/AIII/2016Q3/attempt_01_20260917004007957188.json,491,0ae80488866ebcdf96d360858fb0f9db686cf4ac910b5246d5b3636c22a1c42e,no_transcript,provider returned no usable transcript segments,nonterminal_failure,retry_in_later_session,0,0,,
pilot_20260917T002506Z,CIK0001094324,0001094324,Sify Technologies Ltd,SIFY,2016Q3,1,2026-09-17T00:40:09.962246+00:00,2026-09-17T00:40:10.222828+00:00,200,success,artifacts/representative_coverage_pilot_v20260916/raw/CIK0001094324/SIFY/2016Q3/attempt_01_20260917004009962246.json,11095,e819bc5079238a172301a4334e4610b0347b27a8fb5458add70ec8415b2d2bba,valid,"usable transcript passed structural, year, and identity checks",valid,terminal,6,1668,edf1e96c71981a320e59e7bd404e7c74d24743fc3616c5c2950f2498b7a9319c,
pilot_20260917T002506Z,CIK0001356284,0001356284,Synthetic Fixed-Income Securities Inc,GJS,2016Q3,1,2026-09-17T00:40:19.987549+00:00,2026-09-17T00:40:20.148667+00:00,200,no_transcript,artifacts/representative_coverage_pilot_v20260916/raw/CIK0001356284/GJS/2016Q3/attempt_01_20260917004019987549.json,501,0a6612637655b911f4b1a1642ad04e6cb808a33bdbbba78ce8e9471dc01d60ae,no_transcript,provider returned no usable transcript segments,nonterminal_failure,retry_in_later_session,0,0,,
pilot_20260917T002506Z,CIK0001503584,0001503584,Costamare Inc,CMRE,2016Q3,1,2026-09-17T00:40:21.992587+00:00,2026-09-17T00:40:22.192104+00:00,200,success,artifacts/representative_coverage_pilot_v20260916/raw/CIK0001503584/CMRE/2016Q3/attempt_01_20260917004021992587.json,16187,b5b2bf5ceb1672b3da1f0b9169846e356226e74fa4e698ac5adfdf22c05f9331,valid,"usable transcript passed structural, year, and identity checks",valid,terminal,25,2434,675d71601fa23f47ea65ecbfa3c53a2217ed1387f66eabf281458648b22ddb02,
pilot_20260917T002506Z,CIK0001579877,0001579877,Outfront Media Inc,OUT,2016Q3,1,2026-09-17T00:40:23.997630+00:00,2026-09-17T00:40:24.157832+00:00,200,success,artifacts/representative_coverage_pilot_v20260916/raw/CIK0001579877/OUT/2016Q3/attempt_01_20260917004023997630.json,38872,91fdd62625ae0f0221381980d2cc91431ae02877d5b9d7d583d53d9eb520bf29,valid,"usable transcript passed structural, year, and identity checks",valid,terminal,50,6008,3695ee5664d4d0a2b1d0124055ebcd84b12113c6d1bfe40a0d156abd4af05e0f,
pilot_20260917T002506Z,CIK0001621434,0001621434,Black Stone Minerals L.P.,BSM,2016Q3,1,2026-09-17T00:40:32.011807+00:00,2026-09-17T00:40:32.308433+00:00,200,success,artifacts/representative_coverage_pilot_v20260916/raw/CIK0001621434/BSM/2016Q3/attempt_01_20260917004032011807.json,16826,4df0a3f1c1a8e464b8b47a6b00c411f7ae5f5a90a709acacacb3a7a42ef074d9,valid,"usable transcript passed structural, year, and identity checks",valid,terminal,27,2496,7337d2646b679c4c8ac95196cb4a422c780f3636c1632023c7ca50d8625b7f11,
pilot_20260917T002506Z,CIK0001023734,0001023734,BPZ Resources Inc,BPZ,2016Q4,1,2026-09-17T00:40:50.057489+00:00,2026-09-17T00:40:50.169476+00:00,200,no_transcript,artifacts/representative_coverage_pilot_v20260916/raw/CIK0001023734/BPZ/2016Q4/attempt_01_20260917004050057489.json,481,f4dcfd1d44fb3f9b9273d04c9c76deb22fb97b6f657ec4eb24c1ea088155f6c1,no_transcript,provider returned no usable transcript segments,nonterminal_failure,retry_in_later_session,0,0,,
pilot_20260917T002506Z,CIK0001057877,0001057877,Idacorp Inc,IDA,2016Q4,1,2026-09-17T00:40:52.059067+00:00,2026-09-17T00:40:52.319777+00:00,200,success,artifacts/representative_coverage_pilot_v20260916/raw/CIK0001057877/IDA/2016Q4/attempt_01_20260917004052059067.json,44348,c594812f39886277b64735c8a7436a41c539c2791d3c9756c47bc03157b1e503,valid,"usable transcript passed structural, year, and identity checks",valid,terminal,60,6849,1db42b25d41dc72d4b872c8870fe64df8846f0cd48dd76cd5b59e674f6503f67,
pilot_20260917T002506Z,CIK0001283709,0001283709,Thomas Properties Group Inc,TPGI,2016Q4,1,2026-09-17T00:41:00.071762+00:00,2026-09-17T00:41:00.303197+00:00,200,no_transcript,artifacts/representative_coverage_pilot_v20260916/raw/CIK0001283709/TPGI/2016Q4/attempt_01_20260917004100071762.json,493,95a73e81d17b6270be74256acb8d7875c908b555ff04b6dc53cc13970d36f9b0,no_transcript,provider returned no usable transcript segments,nonterminal_failure,retry_in_later_session,0,0,,
pilot_20260917T002506Z,CIK0001486159,0001486159,Oasis Petroleum Inc,OAS,2016Q4,1,2026-09-17T00:41:12.100191+00:00,2026-09-17T00:41:12.552513+00:00,200,no_transcript,artifacts/representative_coverage_pilot_v20260916/raw/CIK0001486159/OAS/2016Q4/attempt_01_20260917004112100191.json,483,0ef70a0c87abbfd1e318d0b62dd4eb7b30a6487595d28a0247b3dbbd572e6f41,no_transcript,provider returned no usable transcript segments,nonterminal_failure,retry_in_later_session,0,0,,
pilot_20260917T002506Z,CIK0001595761,0001595761,Weibo Corp,WB,2016Q4,1,2026-09-17T00:41:18.105759+00:00,2026-09-17T00:41:18.321369+00:00,200,no_transcript,artifacts/representative_coverage_pilot_v20260916/raw/CIK0001595761/WB/2016Q4/attempt_01_20260917004118105759.json,472,bea4dc444f4f8e680c44b3e3b06c51d8d3bf501b2eca529f3619163c63e3d90d,no_transcript,provider returned no usable transcript segments,nonterminal_failure,retry_in_later_session,0,0,,
pilot_20260917T002506Z,CIK0001610418,0001610418,CONE Midstream Partners LP,CNNX,2016Q4,1,2026-09-17T00:41:20.120643+00:00,2026-09-17T00:41:20.247554+00:00,200,no_transcript,artifacts/representative_coverage_pilot_v20260916/raw/CIK0001610418/CNNX/2016Q4/attempt_01_20260917004120120643.json,492,d53870e69150b8085ed3d198102f873db67ca2b6acef51fbb5ab1d9e1d31f95b,no_transcript,provider returned no usable transcript segments,nonterminal_failure,retry_in_later_session,0,0,,
pilot_20260917T002506Z,CIK0000913353,0000913353,Colliers International Group Inc,CIGI,2017Q1,1,2026-09-17T00:41:32.152015+00:00,2026-09-17T00:41:32.476470+00:00,200,success,artifacts/representative_coverage_pilot_v20260916/raw/CIK0000913353/CIGI/2017Q1/attempt_01_20260917004132152015.json,36339,a9ea6c9be4383665dd0a935730460639f3ee8f3ef20423f7c56b50f6a4380489,valid,"usable transcript passed structural, year, and identity checks",valid,terminal,63,5258,a7b97992ae7abe59458b3938f70501095b92f7ce9b6e1ad4ede54e6a88452120,
pilot_20260917T002506Z,CIK0001084201,0001084201,Sinovac Biotech Ltd,SVA,2017Q1,1,2026-09-17T00:41:42.166606+00:00,2026-09-17T00:41:42.436882+00:00,200,no_transcript,artifacts/representative_coverage_pilot_v20260916/raw/CIK0001084201/SVA/2017Q1/attempt_01_20260917004142166606.json,483,2844417a6a3836797e7e88e0e098a8cca2fa5a39a28431a81b7b4918c7859cf0,no_transcript,provider returned no usable transcript segments,nonterminal_failure,retry_in_later_session,0,0,,
pilot_20260917T002506Z,CIK0001114448,0001114448,Novartis AG,NVS,2017Q1,1,2026-09-17T00:41:46.175632+00:00,2026-09-17T00:41:46.633517+00:00,200,no_transcript,artifacts/representative_coverage_pilot_v20260916/raw/CIK0001114448/NVS/2017Q1/attempt_01_20260917004146175632.json,475,1393b3f6d2acb175f15f6921715929a7d9b57670022e130d1a20e25b79d51643,no_transcript,provider returned no usable transcript segments,nonterminal_failure,retry_in_later_session,0,0,,
pilot_20260917T002506Z,CIK0001165880,0001165880,Montpelier Re Holdings Ltd,MRH,2017Q1,1,2026-09-17T00:41:48.180658+00:00,2026-09-17T00:41:48.444098+00:00,200,no_transcript,artifacts/representative_coverage_pilot_v20260916/raw/CIK0001165880/MRH/2017Q1/attempt_01_20260917004148180658.json,490,6feee157c6f561941a63887384a6f9b5ecf421aa06a234e9dc74d548457ed590,no_transcript,provider returned no usable transcript segments,nonterminal_failure,retry_in_later_session,0,0,,
pilot_20260917T002506Z,CIK0001292556,0001292556,Polypore International Inc,PPO,2017Q1,1,2026-09-17T00:41:50.184405+00:00,2026-09-17T00:41:50.331967+00:00,200,no_transcript,artifacts/representative_coverage_pilot_v20260916/raw/CIK0001292556/PPO/2017Q1/attempt_01_20260917004150184405.json,490,00525836bd35b3a9b78cd76d6f4e00e6b308d57cf42106494788784c250cbd1a,no_transcript,provider returned no usable transcript segments,nonterminal_failure,retry_in_later_session,0,0,,
pilot_20260917T002506Z,CIK0001389170,0001389170,Targa Resources Corp,TRGP,2017Q1,1,2026-09-17T00:42:00.202538+00:00,2026-09-17T00:42:00.644793+00:00,200,success,artifacts/representative_coverage_pilot_v20260916/raw/CIK0001389170/TRGP/2017Q1/attempt_01_20260917004200202538.json,79772,22985f66b7b169ec09712d02fbe1b6ff9dd4243ce29f05e7e27612d0ecb70ea2,valid,"usable transcript passed structural, year, and identity checks",valid,terminal,134,11787,ed877fc6f706f672f8105296eadf21cf8bcb30c6ae56b5107b7f90a97fe10d7e,
pilot_20260917T002506Z,CIK0001487798,0001487798,Eca Marcellus Trust I,ECT,2017Q1,1,2026-09-17T00:42:06.211163+00:00,2026-09-17T00:42:06.363417+00:00,200,no_transcript,artifacts/representative_coverage_pilot_v20260916/raw/CIK0001487798/ECT/2017Q1/attempt_01_20260917004206211163.json,485,788b07348b914d3cf4d1f95046b8a87579d013f0753deb65146ce15c2e1777ee,no_transcript,provider returned no usable transcript segments,nonterminal_failure,retry_in_later_session,0,0,,
pilot_20260917T002506Z,CIK0001507964,0001507964,Corvus Gold Inc,KOR,2017Q1,1,2026-09-17T00:42:08.216191+00:00,2026-09-17T00:42:08.353352+00:00,200,no_transcript,artifacts/representative_coverage_pilot_v20260916/raw/CIK0001507964/KOR/2017Q1/attempt_01_20260917004208216191.json,479,15897527a60e3c2675449b74986bba50fe7549408bdc8d38f619387090b3211a,no_transcript,provider returned no usable transcript segments,nonterminal_failure,retry_in_later_session,0,0,,
pilot_20260917T002506Z,CIK0001094366,0001094366,Radware,RDWR,2017Q2,1,2026-09-17T00:42:34.260727+00:00,2026-09-17T00:42:34.566069+00:00,200,success,artifacts/representative_coverage_pilot_v20260916/raw/CIK0001094366/RDWR/2017Q2/attempt_01_20260917004234260727.json,32459,162c1864ba19f7857d5f343bd9b228653493afc55e28084a22f2350fd9f570b2,valid,"usable transcript passed structural, year, and identity checks",valid,terminal,52,4842,878a5a64148381f3c93fa01a8f8dccc5092710092e09f234ef3391548d5f4bed,
pilot_20260917T002506Z,CIK0001137789,0001137789,Seagate Technology Holdings Plc,STX,2017Q2,1,2026-09-17T00:42:36.265150+00:00,2026-09-17T00:42:36.438520+00:00,200,success,artifacts/representative_coverage_pilot_v20260916/raw/CIK0001137789/STX/2017Q2/attempt_01_20260917004236265150.json,32237,abc756337b01500221703b1fb8ba2ec0f55adbbc791fbc75f2a52182f52e2f34,valid,"usable transcript passed structural, year, and identity checks",valid,terminal,40,4709,e59e9f0aba65516b843ed993fe517ab0d5f1dbea2f80f54d949b26f473871b99,
pilot_20260917T002506Z,CIK0001296774,0001296774,The9 Ltd,NCTY,2017Q2,1,2026-09-17T00:42:38.269461+00:00,2026-09-17T00:42:38.458057+00:00,200,no_transcript,artifacts/representative_coverage_pilot_v20260916/raw/CIK0001296774/NCTY/2017Q2/attempt_01_20260917004238269461.json,474,a814688d51eedc8bb6c58836dfa12656f1595e221b06296ad38947e5e6f6ffb2,no_transcript,provider returned no usable transcript segments,nonterminal_failure,retry_in_later_session,0,0,,
pilot_20260917T002506Z,CIK0001482512,0001482512,Hudson Pacific Properties Inc,HPP,2017Q2,1,2026-09-17T00:42:40.274494+00:00,2026-09-17T00:42:40.623054+00:00,200,success,artifacts/representative_coverage_pilot_v20260916/raw/CIK0001482512/HPP/2017Q2/attempt_01_20260917004240274494.json,59368,784102fd56b2dec3062adec73b9e5139c74fc4171b41d2c25bfd8dab7fa1d5b2,valid,"usable transcript passed structural, year, and identity checks",valid,terminal,84,9177,af6bc6554eae214f996eb741394221c665f173ac5ca0c14b36771ad6cef012f2,
pilot_20260917T002506Z,CIK0001499505,0001499505,Adecoagro S.A.,AGRO,2017Q2,1,2026-09-17T00:42:42.278881+00:00,2026-09-17T00:42:42.540702+00:00,200,success,artifacts/representative_coverage_pilot_v20260916/raw/CIK0001499505/AGRO/2017Q2/attempt_01_20260917004242278881.json,24992,1529b9f2761cf30679e1624242c20e1d2166567b6bde1fa12993b03f615125b9,valid,"usable transcript passed structural, year, and identity checks",valid,terminal,24,3929,e3a56fa4aecdfb20a567a2f02df665a15bb870ea86389d21ed301d491ff756f8,
pilot_20260917T002506Z,CIK0001515980,0001515980,Apollo Residential Mortgage Inc,AMTG,2017Q2,1,2026-09-17T00:42:44.283913+00:00,2026-09-17T00:42:44.635959+00:00,200,no_transcript,artifacts/representative_coverage_pilot_v20260916/raw/CIK0001515980/AMTG/2017Q2/attempt_01_20260917004244283913.json,497,09bbd7a81748b3a201483ce0acdf3349e25ee839b24121c4e7500aa1a21bdc48,no_transcript,provider returned no usable transcript segments,nonterminal_failure,retry_in_later_session,0,0,,
pilot_20260917T002506Z,CIK0001023514,0001023514,Harmony Gold Mining Co Ltd,HMY,2017Q3,1,2026-09-17T00:43:06.330637+00:00,2026-09-17T00:43:06.476351+00:00,200,no_transcript,artifacts/representative_coverage_pilot_v20260916/raw/CIK0001023514/HMY/2017Q3/attempt_01_20260917004306330637.json,490,d472fc8d65770e35bf87e458d04f58ab954dea5cd7ca2bbe256e9ab5896e2fd6,no_transcript,provider returned no usable transcript segments,nonterminal_failure,retry_in_later_session,0,0,,
pilot_20260917T002506Z,CIK0001159152,0001159152,James Hardie Industries plc,JHX,2017Q3,1,2026-09-17T00:43:12.345716+00:00,2026-09-17T00:43:12.587842+00:00,200,success,artifacts/representative_coverage_pilot_v20260916/raw/CIK0001159152/JHX/2017Q3/attempt_01_20260917004312345716.json,37416,22eb7d3ec93304b0db81932cfe16f1052ef872f4f7b32a1408c0c562d2ae9dec,valid,"usable transcript passed structural, year, and identity checks",valid,terminal,17,6627,db509532ed4b0f275a45f28a59488d692fdcc3ee870ba50f953067c2e36280b9,
pilot_20260917T002506Z,CIK0001386278,0001386278,Green Dot Corp - Class A,GDOT,2017Q3,1,2026-09-17T00:43:18.358802+00:00,2026-09-17T00:43:18.593140+00:00,200,success,artifacts/representative_coverage_pilot_v20260916/raw/CIK0001386278/GDOT/2017Q3/attempt_01_20260917004318358802.json,57548,cefb6cdc43495cfb2f6b0e88df007404d5e6e528ee2cf313d24401b9f036a1e6,valid,"usable transcript passed structural, year, and identity checks",valid,terminal,60,9103,41cb7e898322e4cda5784b9f5c207993ed7596a277a31029ca5962ab474c104c,
pilot_20260917T002506Z,CIK0001032208,0001032208,Sempra,SRE,2017Q4,1,2026-09-17T00:43:46.416806+00:00,2026-09-17T00:43:47.253131+00:00,200,success,artifacts/representative_coverage_pilot_v20260916/raw/CIK0001032208/SRE/2017Q4/attempt_01_20260917004346416806.json,53747,7027b4c98c81c977219af3ca26ee8c2893eec10d600e72de4eadf500e91cb400,valid,"usable transcript passed structural, year, and identity checks",valid,terminal,69,8534,75d182e866f0e8dc8744b9af615b9e9a8df617ffd2c642ee5c19d83c8a9cbb83,
pilot_20260917T002506Z,CIK0001174850,0001174850,Nicolet Bankshares Inc,NIC,2017Q4,1,2026-09-17T00:43:56.432876+00:00,2026-09-17T00:43:56.579030+00:00,200,no_transcript,artifacts/representative_coverage_pilot_v20260916/raw/CIK0001174850/NIC/2017Q4/attempt_01_20260917004356432876.json,486,aa99fd807efbc36298d7379e9b1c8ee7477cc7463d0fc9760ddd6456e7cede49,no_transcript,provider returned no usable transcript segments,nonterminal_failure,retry_in_later_session,0,0,,
pilot_20260917T002506Z,CIK0001389170,0001389170,Targa Resources Corp,TRGP,2017Q4,1,2026-09-17T00:44:04.446562+00:00,2026-09-17T00:44:04.618858+00:00,200,success,artifacts/representative_coverage_pilot_v20260916/raw/CIK0001389170/TRGP/2017Q4/attempt_01_20260917004404446562.json,62391,df91c5fd9e2e9689db4eb38dadd19a67ee4acc8c53ddc9169268c987d92d611e,valid,"usable transcript passed structural, year, and identity checks",valid,terminal,89,9464,7e6f003283d4c247ca2e21cf2cfd4fd9d80f72a8c4646dfb0ef4ee23043a84b8,
pilot_20260917T002506Z,CIK0001403385,0001403385,Symetra Financial Corp,SYA,2017Q4,1,2026-09-17T00:44:06.449100+00:00,2026-09-17T00:44:06.663118+00:00,200,no_transcript,artifacts/representative_coverage_pilot_v20260916/raw/CIK0001403385/SYA/2017Q4/attempt_01_20260917004406449100.json,486,8bff2478e5e7f34a90af38b3d890273d4d28537eb8b3e2d257b2f6acaca384df,no_transcript,provider returned no usable transcript segments,nonterminal_failure,retry_in_later_session,0,0,,
pilot_20260917T002506Z,CIK0001552797,0001552797,Delek Logistics Partners LP,DKL,2017Q4,1,2026-09-17T00:44:10.459190+00:00,2026-09-17T00:44:10.774682+00:00,200,success,artifacts/representative_coverage_pilot_v20260916/raw/CIK0001552797/DKL/2017Q4/attempt_01_20260917004410459190.json,17653,eef47ccb7de2c550cc4a00e621fc8641abf927f8a8cc047a038d1e98c9897711,valid,"usable transcript passed structural, year, and identity checks",valid,terminal,30,2559,951ef86bbc698fa8ce105f9b44798ed1b02390cc4dbed7dea73be4821dd833e5,
pilot_20260917T002506Z,CIK0001596993,0001596993,Dorian LPG Ltd,LPG,2017Q4,1,2026-09-17T00:44:12.464243+00:00,2026-09-17T00:44:12.605683+00:00,200,success,artifacts/representative_coverage_pilot_v20260916/raw/CIK0001596993/LPG/2017Q4/attempt_01_20260917004412464243.json,21994,8f7390b30bb5e1b72b6cc5a9c593814e15cec97afaa9d7e4a7dded6964e8e7d7,valid,"usable transcript passed structural, year, and identity checks",valid,terminal,27,3288,0df0895ae8e89c73438df4898bb1adcdbe4aaa619ee4a8ffd2de9498f2d3ee83,
pilot_20260917T002506Z,CIK0001611547,0001611547,Urban Edge Properties,UE,2017Q4,1,2026-09-17T00:44:14.469303+00:00,2026-09-17T00:44:14.642555+00:00,200,no_transcript,artifacts/representative_coverage_pilot_v20260916/raw/CIK0001611547/UE/2017Q4/attempt_01_20260917004414469303.json,483,c55bdd3a153229044a62c0f0b0d82656229d4c2c60d769b6af04509ffc93af76,no_transcript,provider returned no usable transcript segments,nonterminal_failure,retry_in_later_session,0,0,,
pilot_20260917T002506Z,CIK0000844150,0000844150,NatWest Group Plc,NWG,2018Q1,1,2026-09-17T00:44:32.503585+00:00,2026-09-17T00:44:32.929988+00:00,200,success,artifacts/representative_coverage_pilot_v20260916/raw/CIK0000844150/NWG/2018Q1/attempt_01_20260917004432503585.json,46781,c156ef0aeaa286619296931bc4b842fb47d8ecf8629d4a2f365eed458e4c8451,valid,"usable transcript passed structural, year, and identity checks",valid,terminal,53,7479,e62595cf2d5007daeac2a7828127a40f9f00b36f9eaeddda2b2b8024e468962e,
pilot_20260917T002506Z,CIK0001004724,0001004724,AdCare Health Systems Inc,ADK,2018Q1,1,2026-09-17T00:44:42.525401+00:00,2026-09-17T00:44:42.825578+00:00,200,no_transcript,artifacts/representative_coverage_pilot_v20260916/raw/CIK0001004724/ADK/2018Q1/attempt_01_20260917004442525401.json,489,534dc0df9dc0507683e9eba968d44101651d7fa6878e56f05e0137573fafae01,no_transcript,provider returned no usable transcript segments,nonterminal_failure,retry_in_later_session,0,0,,
pilot_20260917T002506Z,CIK0001070412,0001070412,CNX Resources Corp,CNX,2018Q1,1,2026-09-17T00:44:48.540379+00:00,2026-09-17T00:44:48.815249+00:00,200,success,artifacts/representative_coverage_pilot_v20260916/raw/CIK0001070412/CNX/2018Q1/attempt_01_20260917004448540379.json,43765,b713ba43b4ebd7400a412dbf8e109770d7247c41ce71d65027679713f4f3655b,valid,"usable transcript passed structural, year, and identity checks",valid,terminal,44,6969,331faf1c0fb25a6752eb32712ee6fd9c3c3201d513e2184f19efe5ae349f9906,
pilot_20260917T002506Z,CIK0001407739,0001407739,DuPont Fabros Technology Inc,DFT,2018Q1,1,2026-09-17T00:45:00.560464+00:00,2026-09-17T00:45:00.747605+00:00,200,no_transcript,artifacts/representative_coverage_pilot_v20260916/raw/CIK0001407739/DFT/2018Q1/attempt_01_20260917004500560464.json,492,8eecb330c095374fab6c0ea20eaa5608f3e65db3c75b821fae7904e47d4c92b0,no_transcript,provider returned no usable transcript segments,nonterminal_failure,retry_in_later_session,0,0,,
pilot_20260917T002506Z,CIK0001476651,0001476651,FCB Financial Holdings Inc,FCB,2018Q1,1,2026-09-17T00:45:04.570631+00:00,2026-09-17T00:45:04.833884+00:00,200,no_transcript,artifacts/representative_coverage_pilot_v20260916/raw/CIK0001476651/FCB/2018Q1/attempt_01_20260917004504570631.json,490,5cc574a31f59d24982d708f131cfc75a802a3f51449e7af052bbf3269341050a,no_transcript,provider returned no usable transcript segments,nonterminal_failure,retry_in_later_session,0,0,,
pilot_20260917T002506Z,CIK0001529377,0001529377,Ares Commercial Real Estate Corp,ACRE,2018Q1,1,2026-09-17T00:45:08.580708+00:00,2026-09-17T00:45:08.877800+00:00,200,success,artifacts/representative_coverage_pilot_v20260916/raw/CIK0001529377/ACRE/2018Q1/attempt_01_20260917004508580708.json,43187,8a081f54de210236fa51a78295869cfe5f0dc6b0ba8862284adc34fa4f4168ec,valid,"usable transcript passed structural, year, and identity checks",valid,terminal,45,6991,7e7f5197cb6b55cc7f446865a54e6defd038e48c82cc30a86c365990a6fff233,
pilot_20260917T002506Z,CIK0001584547,0001584547,GreenPower Motor Company Inc,GP,2018Q1,1,2026-09-17T00:45:10.582083+00:00,2026-09-17T00:45:10.798033+00:00,200,no_transcript,artifacts/representative_coverage_pilot_v20260916/raw/CIK0001584547/GP/2018Q1/attempt_01_20260917004510582083.json,490,d5a2772869cc862ded50e07532ae70773d9f88447cefa794523ce093bf8add19,no_transcript,provider returned no usable transcript segments,nonterminal_failure,retry_in_later_session,0,0,,
pilot_20260917T002506Z,CIK0001603145,0001603145,NextEra Energy Partners LP,XIFR,2018Q1,1,2026-09-17T00:45:14.591869+00:00,2026-09-17T00:45:14.748113+00:00,200,no_transcript,artifacts/representative_coverage_pilot_v20260916/raw/CIK0001603145/XIFR/2018Q1/attempt_01_20260917004514591869.json,492,0c78ce6b7117dc750a8f4a9604622523a7d3264c917721ed857639ce79441479,no_transcript,provider returned no usable transcript segments,nonterminal_failure,retry_in_later_session,0,0,,
pilot_20260917T002506Z,CIK0001643303,0001643303,Nano Dimension Ltd,NNDM,2018Q1,1,2026-09-17T00:45:20.603297+00:00,2026-09-17T00:45:20.904228+00:00,200,success,artifacts/representative_coverage_pilot_v20260916/raw/CIK0001643303/NNDM/2018Q1/attempt_01_20260917004520603297.json,26753,0674761917a4edd93709c32f5d9f051530344b4a0ea19e6ab853040df82d4a6d,valid,"usable transcript passed structural, year, and identity checks",valid,terminal,45,3893,d526b69ef4a4e67ed52831695e9f152bb3b1af464785d6fcc31a813ad58a2b28,
pilot_20260917T002506Z,CIK0000003982,0000003982,Allis Chalmers Energy Inc,ALY,2018Q2,1,2026-09-17T00:45:26.610739+00:00,2026-09-17T00:45:26.942158+00:00,200,no_transcript,artifacts/representative_coverage_pilot_v20260916/raw/CIK0000003982/ALY/2018Q2/attempt_01_20260917004526610739.json,489,a139239098660b7ca30eb01b7b09def3f700aaf621dfc35296d20b0f4579161a,no_transcript,provider returned no usable transcript segments,nonterminal_failure,retry_in_later_session,0,0,,
pilot_20260917T002506Z,CIK0001060391,0001060391,Republic Services Inc,RSG,2018Q2,1,2026-09-17T00:45:40.642120+00:00,2026-09-17T00:45:40.871589+00:00,200,success,artifacts/representative_coverage_pilot_v20260916/raw/CIK0001060391/RSG/2018Q2/attempt_01_20260917004540642120.json,54368,566eef1172c3fa5d46eae66c7420cdac8745335d826bae2703def8903f1ac393,valid,"usable transcript passed structural, year, and identity checks",valid,terminal,83,8543,b2afcfd6b4348f331e1214dad397d7f44a4123ccbf86a7a65d9a46ec19f3a0da,
pilot_20260917T002506Z,CIK0001397516,0001397516,Rex Energy Corp,REXX,2018Q2,1,2026-09-17T00:45:54.694698+00:00,2026-09-17T00:45:54.813185+00:00,200,no_transcript,artifacts/representative_coverage_pilot_v20260916/raw/CIK0001397516/REXX/2018Q2/attempt_01_20260917004554694698.json,481,8bc00c252db6388a8f42d620c916c4398c810ca47e984b0579b2eb3ef41f639e,no_transcript,provider returned no usable transcript segments,nonterminal_failure,retry_in_later_session,0,0,,
pilot_20260917T002506Z,CIK0001714174,0001714174,Burford Capital Ltd,BUR,2018Q2,1,2026-09-17T00:46:04.717598+00:00,2026-09-17T00:46:04.919103+00:00,200,success,artifacts/representative_coverage_pilot_v20260916/raw/CIK0001714174/BUR/2018Q2/attempt_01_20260917004604717598.json,39206,50363a09171fdf026d1a6edca77df52bcb0724df8a8c70bfc804922681207663,valid,"usable transcript passed structural, year, and identity checks",valid,terminal,24,6651,48715af0a13e7c62aab6df75810fbfb11b9cea3b55b28452d9846e8f8080e3f7,
pilot_20260917T002506Z,CIK0000896726,0000896726,GeoGlobal Resources Inc,GGLR,2018Q3,1,2026-09-17T00:46:10.736711+00:00,2026-09-17T00:46:10.892232+00:00,200,no_transcript,artifacts/representative_coverage_pilot_v20260916/raw/CIK0000896726/GGLR/2018Q3/attempt_01_20260917004610736711.json,489,6694f27bded272d98b5e13d4bbcf00202f55bf2541e7e1982c20931afb122913,no_transcript,provider returned no usable transcript segments,nonterminal_failure,retry_in_later_session,0,0,,
pilot_20260917T002506Z,CIK0000920424,0000920424,Investment Technology Group,ITG,2018Q3,1,2026-09-17T00:46:18.752680+00:00,2026-09-17T00:46:18.890524+00:00,200,no_transcript,artifacts/representative_coverage_pilot_v20260916/raw/CIK0000920424/ITG/2018Q3/attempt_01_20260917004618752680.json,491,1c44c97dfd85f56ac2f277271466d078eedd4346ef751a3ac7264a2ed1377f2e,no_transcript,provider returned no usable transcript segments,nonterminal_failure,retry_in_later_session,0,0,,
pilot_20260917T002506Z,CIK0001110805,0001110805,Nustar Energy L P,NS,2018Q3,1,2026-09-17T00:46:20.753355+00:00,2026-09-17T00:46:20.921047+00:00,200,no_transcript,artifacts/representative_coverage_pilot_v20260916/raw/CIK0001110805/NS/2018Q3/attempt_01_20260917004620753355.json,479,882344d3765fa505080c44d6c35024e0fbf827d82cbef983fe69073c159c8ebe,no_transcript,provider returned no usable transcript segments,nonterminal_failure,retry_in_later_session,0,0,,
pilot_20260917T002506Z,CIK0001159152,0001159152,James Hardie Industries plc,JHX,2018Q3,1,2026-09-17T00:46:22.758420+00:00,2026-09-17T00:46:22.956113+00:00,200,success,artifacts/representative_coverage_pilot_v20260916/raw/CIK0001159152/JHX/2018Q3/attempt_01_20260917004622758420.json,61241,41a0e7482f6e3f9ceed2ca42d325c175eadfb2c20b14eb9872580f7455a72ecf,valid,"usable transcript passed structural, year, and identity checks",valid,terminal,65,10225,ae3392828568a65e88700c2557f51dc7bab64960144a8c6f9b5cd30a024f8f6a,
pilot_20260917T002506Z,CIK0001567900,0001567900,REalloys Inc,ALOY,2018Q3,1,2026-09-17T00:46:30.786367+00:00,2026-09-17T00:46:30.898353+00:00,200,no_transcript,artifacts/representative_coverage_pilot_v20260916/raw/CIK0001567900/ALOY/2018Q3/attempt_01_20260917004630786367.json,478,c3db5ae6c0536c3826f62ea1d44478da4197bc9a6ee6ef7767605eaf9787ba6d,no_transcript,provider returned no usable transcript segments,nonterminal_failure,retry_in_later_session,0,0,,
pilot_20260917T002506Z,CIK0000910631,0000910631,Coca-Cola Femsa S.A.B. DE C.V.,KOF,2018Q4,1,2026-09-17T00:46:42.812160+00:00,2026-09-17T00:46:43.192158+00:00,200,success,artifacts/representative_coverage_pilot_v20260916/raw/CIK0000910631/KOF/2018Q4/attempt_01_20260917004642812160.json,51785,71937a18799e55c7070337336de071ca16bfb5bdaa45cc50e2b15d91f3547951,valid,"usable transcript passed structural, year, and identity checks",valid,terminal,67,7775,6ad5a7ef263cb9eb93ff8410a85004e86f86833a0330f5412ffccb490dd256c7,
pilot_20260917T002506Z,CIK0001092914,0001092914,Atlas Pipeline Partners LP,APL,2018Q4,1,2026-09-17T00:46:50.828925+00:00,2026-09-17T00:46:51.049757+00:00,200,no_transcript,artifacts/representative_coverage_pilot_v20260916/raw/CIK0001092914/APL/2018Q4/attempt_01_20260917004650828925.json,490,985f3e82f5b1fd43bf6541e96a47c97ba887b23b8bea21173d6ac7a7e2821437,no_transcript,provider returned no usable transcript segments,nonterminal_failure,retry_in_later_session,0,0,,
pilot_20260917T002506Z,CIK0001302350,0001302350,JMP Group LLC,JMP,2018Q4,1,2026-09-17T00:46:58.844503+00:00,2026-09-17T00:46:59.260938+00:00,200,no_transcript,artifacts/representative_coverage_pilot_v20260916/raw/CIK0001302350/JMP/2018Q4/attempt_01_20260917004658844503.json,477,0ed553304ab30656acdaffa6625c8c3068428c017b1daf762dab44473659d098,no_transcript,provider returned no usable transcript segments,nonterminal_failure,retry_in_later_session,0,0,,
pilot_20260917T002506Z,CIK0001587732,0001587732,ONE Gas Inc,OGS,2018Q4,1,2026-09-17T00:47:14.876634+00:00,2026-09-17T00:47:15.171083+00:00,200,success,artifacts/representative_coverage_pilot_v20260916/raw/CIK0001587732/OGS/2018Q4/attempt_01_20260917004714876634.json,21143,fdee40c4efb2fd538123f5b93cba20564446fce98e23168b4803f6d8450ab965,valid,"usable transcript passed structural, year, and identity checks",valid,terminal,30,3116,4c059fc04f7c75bfa67ef1002776218fba0df9fd79c06b3ed8ac39a3e9d065ec,
pilot_20260917T002506Z,CIK0000009631,0000009631,Bank Of Nova Scotia,BNS,2019Q1,1,2026-09-17T00:47:24.897429+00:00,2026-09-17T00:47:25.033228+00:00,200,success,artifacts/representative_coverage_pilot_v20260916/raw/CIK0000009631/BNS/2019Q1/attempt_01_20260917004724897429.json,54184,551bd5da448dec2f52ae6d668de08eb5713accb2390deab18c37f94d7a89b4a5,valid,"usable transcript passed structural, year, and identity checks",valid,terminal,56,8328,c9b1353d6053a28af2bb6c5a6d1f3d0f14e70f523cdfc63d83f6b89c0a780d62,
pilot_20260917T002506Z,CIK0001005731,0001005731,IDT Corp - Class B,IDT,2019Q1,1,2026-09-17T00:47:42.931440+00:00,2026-09-17T00:47:43.227406+00:00,200,success,artifacts/representative_coverage_pilot_v20260916/raw/CIK0001005731/IDT/2019Q1/attempt_01_20260917004742931440.json,6906,dd33685b93100cb751ee16a5cf98c0f35dc763f314c93f2d59219fb2ca74a6f7,valid,"usable transcript passed structural, year, and identity checks",valid,terminal,3,1015,c0578dd4d72f62a19bc52535023a904d2365f4ad447794b78b369aa81cd16c83,
pilot_20260917T002506Z,CIK0001022321,0001022321,Genesis Energy L.P.,GEL,2019Q1,1,2026-09-17T00:47:44.936485+00:00,2026-09-17T00:47:45.094343+00:00,200,success,artifacts/representative_coverage_pilot_v20260916/raw/CIK0001022321/GEL/2019Q1/attempt_01_20260917004744936485.json,18344,71d43ca4f99edb3161c26df0c5a5a2aed725148bce2d9991eaccc6df30418c97,valid,"usable transcript passed structural, year, and identity checks",valid,terminal,20,2710,a46144038b9e86cfac5ae34df736058aa3d51e7b3d6dc4b5cb450b3fddcb3644,
pilot_20260917T002506Z,CIK0001048911,0001048911,Fedex Corp,FDX,2019Q1,2,2026-09-17T00:47:46.941553+00:00,2026-09-17T00:47:47.223200+00:00,200,success,artifacts/representative_coverage_pilot_v20260916/raw/CIK0001048911/FDX/2019Q1/attempt_02_20260917004746941553.json,35654,17bdc1b3dbf7bc27e127d1ffe0c6c72635739e9577843eaf409355f966e988e7,valid,"usable transcript passed structural, year, and identity checks",valid,terminal,43,5359,1b46bebe57b4b4ba6fa5b4d1443cc9e349a79b3c32f741661a6eee8adcedba97,
pilot_20260917T002506Z,CIK0001110646,0001110646,NetEase Inc,NTES,2019Q1,1,2026-09-17T00:47:48.946590+00:00,2026-09-17T00:47:49.147763+00:00,200,success,artifacts/representative_coverage_pilot_v20260916/raw/CIK0001110646/NTES/2019Q1/attempt_01_20260917004748946590.json,33055,663c7cc652a86bbdbe1f078f357a6f255fe08a57eb28ff4e9479116da59dc216,valid,"usable transcript passed structural, year, and identity checks",valid,terminal,24,5066,1b71916d134e7141b1297cdfa5a416cca0400419b3415bbc8a1f596d346ed045,
pilot_20260917T002506Z,CIK0001162896,0001162896,Prairie Operating Company,PROP,2019Q1,1,2026-09-17T00:47:52.956672+00:00,2026-09-17T00:47:53.103023+00:00,200,no_transcript,artifacts/representative_coverage_pilot_v20260916/raw/CIK0001162896/PROP/2019Q1/attempt_01_20260917004752956672.json,491,683492c375004f073ad2bfa199a67b35f6f9b372d255d68cc87909df3ce59f84,no_transcript,provider returned no usable transcript segments,nonterminal_failure,retry_in_later_session,0,0,,
pilot_20260917T002506Z,CIK0001333986,0001333986,Equitable Holdings Inc,EQH,2019Q1,1,2026-09-17T00:48:00.976823+00:00,2026-09-17T00:48:01.307289+00:00,200,success,artifacts/representative_coverage_pilot_v20260916/raw/CIK0001333986/EQH/2019Q1/attempt_01_20260917004800976823.json,49419,fe8833156ab0621dec66820f1d1a863038d4dbd2ed7b58307a4b42e12ac84ef2,valid,"usable transcript passed structural, year, and identity checks",valid,terminal,69,7339,5ceed440781e578f70efd603d0d8e7248c58818d83b7a3a760df2b0ede4bba3a,
pilot_20260917T002506Z,CIK0001465128,0001465128,Starwood Property Trust Inc,STWD,2019Q1,1,2026-09-17T00:48:04.986903+00:00,2026-09-17T00:48:05.277998+00:00,200,success,artifacts/representative_coverage_pilot_v20260916/raw/CIK0001465128/STWD/2019Q1/attempt_01_20260917004804986903.json,38105,dbbcedaf204fca4ced42d19f770fe1a183d2cd968ab34e904e31b322a8eb30b9,valid,"usable transcript passed structural, year, and identity checks",valid,terminal,25,6383,5879591137f78eb3cf301e8d644143cf7c2417d0aeec8ef7e1f8307f0d6033f8,
pilot_20260917T002506Z,CIK0001476651,0001476651,FCB Financial Holdings Inc,FCB,2019Q1,1,2026-09-17T00:48:06.991942+00:00,2026-09-17T00:48:07.203195+00:00,200,no_transcript,artifacts/representative_coverage_pilot_v20260916/raw/CIK0001476651/FCB/2019Q1/attempt_01_20260917004806991942.json,490,e973681acc5bac17c4f983acf8bb510b018bf0ca8807c5c1178de23cfc56558b,no_transcript,provider returned no usable transcript segments,nonterminal_failure,retry_in_later_session,0,0,,
pilot_20260917T002506Z,CIK0001483994,0001483994,H World Group Ltd,HTHT,2019Q1,1,2026-09-17T00:48:08.996984+00:00,2026-09-17T00:48:09.233034+00:00,200,success,artifacts/representative_coverage_pilot_v20260916/raw/CIK0001483994/HTHT/2019Q1/attempt_01_20260917004808996984.json,35746,6612c01acb58b9e952ddb449eaf220c1669381b77503c9392230e19258713e66,valid,"usable transcript passed structural, year, and identity checks",valid,terminal,44,5576,e4799101af9e4688b223cfd2569e50a5557c25c5b3527b5f8b2613249e686214,
pilot_20260917T002506Z,CIK0001595262,0001595262,IMS Health Holdings Inc,IMS,2019Q1,1,2026-09-17T00:48:13.003136+00:00,2026-09-17T00:48:13.183287+00:00,200,no_transcript,artifacts/representative_coverage_pilot_v20260916/raw/CIK0001595262/IMS/2019Q1/attempt_01_20260917004813003136.json,487,640490f0e81aef50ad29364eb48c345049eb8be0b5cd777762a5a96eacef4c7d,no_transcript,provider returned no usable transcript segments,nonterminal_failure,retry_in_later_session,0,0,,
pilot_20260917T002506Z,CIK0001627014,0001627014,Black Knight Financial Services Inc,BKFS,2019Q1,1,2026-09-17T00:48:17.013222+00:00,2026-09-17T00:48:17.193401+00:00,200,no_transcript,artifacts/representative_coverage_pilot_v20260916/raw/CIK0001627014/BKFS/2019Q1/attempt_01_20260917004817013222.json,501,422362e662b62f6fdfc099a7ea5beac493cbcea228aaeb562e81a429d7943bd6,no_transcript,provider returned no usable transcript segments,nonterminal_failure,retry_in_later_session,0,0,,
pilot_20260917T002506Z,CIK0001670541,0001670541,Adient plc,ADNT,2019Q1,1,2026-09-17T00:48:19.018261+00:00,2026-09-17T00:48:19.181197+00:00,200,api_error,artifacts/representative_coverage_pilot_v20260916/raw/CIK0001670541/ADNT/2019Q1/attempt_01_20260917004819018261.json,700,f06cd2bd73acd8c698d93df995a728e7d376f4968a81c19106641e09e9745333,provider_or_http_failure,non-success provider status api_error,nonterminal_failure,retryable_bounded,0,0,,Invalid API call. Please retry or visit the documentation (https://www.alphavantage.co/documentation/) for EARNINGS_CALL_TRANSCRIPT.
pilot_20260917T002506Z,CIK0001022646,0001022646,Ultra Petroleum Corp,UPLM,2019Q2,1,2026-09-17T00:48:33.037854+00:00,2026-09-17T00:48:33.185582+00:00,200,no_transcript,artifacts/representative_coverage_pilot_v20260916/raw/CIK0001022646/UPLM/2019Q2/attempt_01_20260917004833037854.json,486,eb5475ad5ee14eb725267e9e0d42de527d49cdd0546343693369edbb19ad5969,no_transcript,provider returned no usable transcript segments,nonterminal_failure,retry_in_later_session,0,0,,
pilot_20260917T002506Z,CIK0000313807,0000313807,BP plc,BP,2019Q3,2,2026-09-17T00:49:01.109055+00:00,2026-09-17T00:49:01.237987+00:00,200,no_transcript,artifacts/representative_coverage_pilot_v20260916/raw/CIK0000313807/BP/2019Q3/attempt_02_20260917004901109055.json,468,98157d8530e7ab15dc2abeb705f5a7662035f591782d794ab338559b6ed9e81e,no_transcript,provider returned no usable transcript segments,terminal_provider_unavailability,terminal_after_later_session_retry,0,0,,
pilot_20260917T002506Z,CIK0001015922,0001015922,Check Point Software Technologies Ltd,CHKP,2019Q3,1,2026-09-17T00:49:09.139071+00:00,2026-09-17T00:49:09.318917+00:00,200,success,artifacts/representative_coverage_pilot_v20260916/raw/CIK0001015922/CHKP/2019Q3/attempt_01_20260917004909139071.json,47342,5f147e56cf1d1489a55189f65385caf12570a856fb6a8c1bb1ddb413f4d23831,valid,"usable transcript passed structural, year, and identity checks",valid,terminal,66,7444,1805c9b776450399daa6b8caaf7f2e89f2d4d9570d361c612c25cafd2eb0e70c,
pilot_20260917T002506Z,CIK0001099590,0001099590,MercadoLibre Inc,MELI,2019Q3,1,2026-09-17T00:49:13.154030+00:00,2026-09-17T00:49:13.367484+00:00,200,success,artifacts/representative_coverage_pilot_v20260916/raw/CIK0001099590/MELI/2019Q3/attempt_01_20260917004913154030.json,52940,253c8f08e20320fa93624e028b5179d59bd13e899b19974417fdbb4a8cfc555e,valid,"usable transcript passed structural, year, and identity checks",valid,terminal,54,8165,00d1b0b11b1f478d81b7b5dedcc3be764d33479ff295cd7c2068e54cd2fe4789,
pilot_20260917T002506Z,CIK0001472326,0001472326,Agria Corporation ADR,GRO,2019Q3,1,2026-09-17T00:49:19.180664+00:00,2026-09-17T00:49:19.478550+00:00,200,no_transcript,artifacts/representative_coverage_pilot_v20260916/raw/CIK0001472326/GRO/2019Q3/attempt_01_20260917004919180664.json,485,b17c89fbeb7890c9b0186ad0c1ae7254d3acfb8fe4dfb99211f1776c23d68fd7,no_transcript,provider returned no usable transcript segments,nonterminal_failure,retry_in_later_session,0,0,,
pilot_20260917T002506Z,CIK0001505065,0001505065,Brainsway Ltd,BWAY,2019Q3,1,2026-09-17T00:49:21.187351+00:00,2026-09-17T00:49:21.520815+00:00,200,no_transcript,artifacts/representative_coverage_pilot_v20260916/raw/CIK0001505065/BWAY/2019Q3/attempt_01_20260917004921187351.json,479,5ca18f7c303ef837c6624c6fbe995006a294ac57a50612d0db253e78a3cc2b45,no_transcript,provider returned no usable transcript segments,nonterminal_failure,retry_in_later_session,0,0,,
pilot_20260917T002506Z,CIK0001707178,0001707178,CorePoint Lodging Inc,CPLG,2019Q3,1,2026-09-17T00:49:31.234410+00:00,2026-09-17T00:49:31.364270+00:00,200,no_transcript,artifacts/representative_coverage_pilot_v20260916/raw/CIK0001707178/CPLG/2019Q3/attempt_01_20260917004931234410.json,487,cb5ceb0b5834ea9549a9179c0ea68e06282e6a021c0ed87d33156f04c8cc9829,no_transcript,provider returned no usable transcript segments,nonterminal_failure,retry_in_later_session,0,0,,
pilot_20260917T002506Z,CIK0001724965,0001724965,Talos Energy Inc,TALO,2019Q3,1,2026-09-17T00:49:33.237308+00:00,2026-09-17T00:49:33.588222+00:00,200,success,artifacts/representative_coverage_pilot_v20260916/raw/CIK0001724965/TALO/2019Q3/attempt_01_20260917004933237308.json,32956,eda1648d8e7d2456e07616fe3c3b03c8dbfa5f544f11590ad8cfb4779691d191,valid,"usable transcript passed structural, year, and identity checks",valid,terminal,35,5161,d3bb2f28bd61433f9d28c738862d9d1b3357d053ce85e996830f870ba64349fd,
pilot_20260917T002506Z,CIK0000091928,0000091928,South Jersey Industries Inc,SJI,2019Q4,1,2026-09-17T00:49:39.260794+00:00,2026-09-17T00:49:39.925669+00:00,200,no_transcript,artifacts/representative_coverage_pilot_v20260916/raw/CIK0000091928/SJI/2019Q4/attempt_01_20260917004939260794.json,491,9500d93357fa123a11699bdc94046b16ded62d2690e5eb4d8f1c9f1a86dd6faf,no_transcript,provider returned no usable transcript segments,nonterminal_failure,retry_in_later_session,0,0,,
pilot_20260917T002506Z,CIK0001037540,0001037540,Boston Properties Inc,BXP,2019Q4,1,2026-09-17T00:49:43.280678+00:00,2026-09-17T00:49:43.550235+00:00,200,success,artifacts/representative_coverage_pilot_v20260916/raw/CIK0001037540/BXP/2019Q4/attempt_01_20260917004943280678.json,79277,68cde94e72b8ea99e84dedba7fd48c4a95e1a40e2e98940867d6bee95dcdbd24,valid,"usable transcript passed structural, year, and identity checks",valid,terminal,100,12383,c456de27604bcf53951c950500c1df3651b4dd33933cee466ec8b523e6904489,
pilot_20260917T002506Z,CIK0001380393,0001380393,Fortress Investment Group LLC,FIG,2019Q4,1,2026-09-17T00:49:55.330678+00:00,2026-09-17T00:49:55.493212+00:00,200,no_transcript,artifacts/representative_coverage_pilot_v20260916/raw/CIK0001380393/FIG/2019Q4/attempt_01_20260917004955330678.json,493,db38198aa87ae85d20fe19f78e225c1aa56343b1e1c72db08519328739fe33e7,no_transcript,provider returned no usable transcript segments,nonterminal_failure,retry_in_later_session,0,0,,
pilot_20260917T002506Z,CIK0001388430,0001388430,Cai International Inc,CAI,2019Q4,1,2026-09-17T00:49:57.337260+00:00,2026-09-17T00:49:57.695171+00:00,200,no_transcript,artifacts/representative_coverage_pilot_v20260916/raw/CIK0001388430/CAI/2019Q4/attempt_01_20260917004957337260.json,485,066eb5790a8ef161e2f68c7467ca7902ae3bbc3b7c359a5954a826a0ef2456e1,no_transcript,provider returned no usable transcript segments,nonterminal_failure,retry_in_later_session,0,0,,
pilot_20260917T002506Z,CIK0001419521,0001419521,Hatteras Financial Corp,HTS,2019Q4,1,2026-09-17T00:49:59.347303+00:00,2026-09-17T00:49:59.495819+00:00,200,no_transcript,artifacts/representative_coverage_pilot_v20260916/raw/CIK0001419521/HTS/2019Q4/attempt_01_20260917004959347303.json,487,a1fbc35eb2d807d5a24026ab747854a0fdd21b27878ed9598411eab4f1659f22,no_transcript,provider returned no usable transcript segments,nonterminal_failure,retry_in_later_session,0,0,,
pilot_20260917T002506Z,CIK0001481513,0001481513,JinkoSolar Holding Co. Ltd,JKS,2019Q4,1,2026-09-17T00:50:01.357343+00:00,2026-09-17T00:50:01.643200+00:00,200,success,artifacts/representative_coverage_pilot_v20260916/raw/CIK0001481513/JKS/2019Q4/attempt_01_20260917005001357343.json,45070,43a1bd04b2f570de48dfb16e13b4124ee40ed49431c2294192e73461cfd12880,valid,"usable transcript passed structural, year, and identity checks",valid,terminal,43,7000,452a7ba095837a36c39953262d60cf336ef941d0be7c9d69ea29d510d8d8aa13,
pilot_20260917T002506Z,CIK0001497770,0001497770,Walker & Dunlop Inc,WD,2019Q4,1,2026-09-17T00:50:03.364299+00:00,2026-09-17T00:50:03.726175+00:00,200,success,artifacts/representative_coverage_pilot_v20260916/raw/CIK0001497770/WD/2019Q4/attempt_01_20260917005003364299.json,59748,2cc5eabe0a4d5935eea6b71864b56b75b94dc6e42e68315b66955d20d6385aec,valid,"usable transcript passed structural, year, and identity checks",valid,terminal,65,9443,95b3903aa9ec7bf497861324b5b24c3653cb5723c780aeacb1db3518d9dfab48,
pilot_20260917T002506Z,CIK0001597503,0001597503,NorthStar Asset Management Group Inc,CLNS,2019Q4,1,2026-09-17T00:50:19.427380+00:00,2026-09-17T00:50:19.594787+00:00,200,no_transcript,artifacts/representative_coverage_pilot_v20260916/raw/CIK0001597503/CLNS/2019Q4/attempt_01_20260917005019427380.json,502,a0e092afd5ecc5dea2b1a9d9416a6a4d2f235c7f7bf35582961ba0ed963e493f,no_transcript,provider returned no usable transcript segments,nonterminal_failure,retry_in_later_session,0,0,,
pilot_20260917T002506Z,CIK0001705402,0001705402,AGM Group Holdings Inc - Class A,AGMH,2019Q4,1,2026-09-17T00:50:23.447257+00:00,2026-09-17T00:50:23.567163+00:00,200,no_transcript,artifacts/representative_coverage_pilot_v20260916/raw/CIK0001705402/AGMH/2019Q4/attempt_01_20260917005023447257.json,498,db860f24bc3a090945f0b0c7af12beca251755c90d5d3e4acba29d4ac876d9a4,no_transcript,provider returned no usable transcript segments,nonterminal_failure,retry_in_later_session,0,0,,
pilot_20260917T002506Z,CIK0001708301,0001708301,BP Midstream Partners LP,BPMP,2019Q4,1,2026-09-17T00:50:25.457329+00:00,2026-09-17T00:50:25.609577+00:00,200,no_transcript,artifacts/representative_coverage_pilot_v20260916/raw/CIK0001708301/BPMP/2019Q4/attempt_01_20260917005025457329.json,490,920886b7f12270a93432509ee28a32abcc451d75d3ae10ba6c0d0e10368af900,no_transcript,provider returned no usable transcript segments,nonterminal_failure,retry_in_later_session,0,0,,
pilot_20260917T002506Z,CIK0001713748,0001713748,Skeena Resources Ltd,SKE,2019Q4,1,2026-09-17T00:50:27.459293+00:00,2026-09-17T00:50:27.585172+00:00,200,no_transcript,artifacts/representative_coverage_pilot_v20260916/raw/CIK0001713748/SKE/2019Q4/attempt_01_20260917005027459293.json,484,5662e42e9fc3f17f91765d5e106fd77b17f92ccb94f0c2de0845eb8d1f8a1d58,no_transcript,provider returned no usable transcript segments,nonterminal_failure,retry_in_later_session,0,0,,
pilot_20260917T002506Z,CIK0001724755,0001724755,GreenTree Hospitality Group Ltd,GHG,2019Q4,1,2026-09-17T00:50:31.475477+00:00,2026-09-17T00:50:31.667884+00:00,200,success,artifacts/representative_coverage_pilot_v20260916/raw/CIK0001724755/GHG/2019Q4/attempt_01_20260917005031475477.json,30475,abfa1d1c3f8c811730c7eae58065c7d43e0dc6552e233652bd057942c77bb985,valid,"usable transcript passed structural, year, and identity checks",valid,terminal,34,4701,ca727285dd7b0c8e3d40d5b7de7be1541754ee2b11d456bcb231a7d02701fd68,
pilot_20260917T005215Z,CIK0001026662,0001026662,Euro Tech Holdings Co. Ltd,CLWT,2010Q1,2,2026-09-17T00:52:17.984084+00:00,2026-09-17T00:52:17.985138+00:00,,request_error_ConnectionError,artifacts/representative_coverage_pilot_v20260916/raw/CIK0001026662/CLWT/2010Q1/attempt_02_20260917005217984084.json,485,82c1552faa8ca3f94b1cf229d8effb627c329a0485aad45be3678980a6d76e65,transport_error,request_error_ConnectionError,nonterminal_failure,retryable_bounded,0,0,,request_error_ConnectionError
pilot_20260917T005215Z,CIK0001318220,0001318220,Waste Connections Inc,WCN,2010Q1,2,2026-09-17T00:52:25.996447+00:00,2026-09-17T00:52:25.997260+00:00,,request_error_ConnectionError,artifacts/representative_coverage_pilot_v20260916/raw/CIK0001318220/WCN/2010Q1/attempt_02_20260917005225996447.json,479,ea487ea4ace2c4035abf0bc69d1ede3b72ac7abacf12ac9a7480abed12397c65,transport_error,request_error_ConnectionError,nonterminal_failure,retryable_bounded,0,0,,request_error_ConnectionError
pilot_20260917T005215Z,CIK0001002242,0001002242,Eni Spa,E,2010Q2,2,2026-09-17T00:52:42.030186+00:00,2026-09-17T00:52:42.031971+00:00,,request_error_ConnectionError,artifacts/representative_coverage_pilot_v20260916/raw/CIK0001002242/E/2010Q2/attempt_02_20260917005242030186.json,463,403b75d53f30de40bee0273d7d4714e055e96a480929fab3f2c412eb20543983,transport_error,request_error_ConnectionError,nonterminal_failure,retryable_bounded,0,0,,request_error_ConnectionError
pilot_20260917T005215Z,CIK0001166663,0001166663,Tsakos Energy Navigation Ltd,TEN,2010Q2,2,2026-09-17T00:52:50.050388+00:00,2026-09-17T00:52:50.051660+00:00,,request_error_ConnectionError,artifacts/representative_coverage_pilot_v20260916/raw/CIK0001166663/TEN/2010Q2/attempt_02_20260917005250050388.json,486,84b3badf1d0306d7dfa6e3f720a7b63d98d50f0e76c2253daf4785af89d4852b,transport_error,request_error_ConnectionError,nonterminal_failure,retryable_bounded,0,0,,request_error_ConnectionError
pilot_20260917T005215Z,CIK0001419945,0001419945,Teekay Tankers Ltd - Class A,TNK,2010Q2,2,2026-09-17T00:53:02.077065+00:00,2026-09-17T00:53:02.077948+00:00,,request_error_ConnectionError,artifacts/representative_coverage_pilot_v20260916/raw/CIK0001419945/TNK/2010Q2/attempt_02_20260917005302077065.json,486,f54f1d13aaf4f28d43d283a33a4319de26516920d9fe08e425fd6cb53bc6db08,transport_error,request_error_ConnectionError,nonterminal_failure,retryable_bounded,0,0,,request_error_ConnectionError
pilot_20260917T005215Z,CIK0001444406,0001444406,Ecopetrol SA,EC,2010Q2,2,2026-09-17T00:53:04.082098+00:00,2026-09-17T00:53:04.083148+00:00,,request_error_ConnectionError,artifacts/representative_coverage_pilot_v20260916/raw/CIK0001444406/EC/2010Q2/attempt_02_20260917005304082098.json,469,769994bf41f448fd900cc4794d00868ebd2e33d45e5896f3d2544873c82cad0b,transport_error,request_error_ConnectionError,nonterminal_failure,retryable_bounded,0,0,,request_error_ConnectionError
pilot_20260917T005215Z,CIK0001499780,0001499780,Globus Maritime Ltd,GLBS,2010Q2,2,2026-09-17T00:53:06.087125+00:00,2026-09-17T00:53:06.087844+00:00,,request_error_ConnectionError,artifacts/representative_coverage_pilot_v20260916/raw/CIK0001499780/GLBS/2010Q2/attempt_02_20260917005306087125.json,478,6da612b565f14a843a24156967e74f94d1c2537fbf5c46419eacfebef158f149,transport_error,request_error_ConnectionError,nonterminal_failure,retryable_bounded,0,0,,request_error_ConnectionError
pilot_20260917T005215Z,CIK0001472072,0001472072,Concord Medical Services,CCM,2010Q4,2,2026-09-17T00:53:46.166579+00:00,2026-09-17T00:53:46.167358+00:00,,request_error_ConnectionError,artifacts/representative_coverage_pilot_v20260916/raw/CIK0001472072/CCM/2010Q4/attempt_02_20260917005346166579.json,482,61b4aa9d539bf2aaa8a3011fc1304e700dd89028bf9c4698c0df3919b2d98ab8,transport_error,request_error_ConnectionError,nonterminal_failure,retryable_bounded,0,0,,request_error_ConnectionError
pilot_20260917T005215Z,CIK0001099590,0001099590,MercadoLibre Inc,MELI,2011Q1,2,2026-09-17T00:54:10.218425+00:00,2026-09-17T00:54:10.219193+00:00,,request_error_ConnectionError,artifacts/representative_coverage_pilot_v20260916/raw/CIK0001099590/MELI/2011Q1/attempt_02_20260917005410218425.json,475,77dc4c7b786205d0b29b86915b66bf59768fb762c3d8a53f566675bac9cf4211,transport_error,request_error_ConnectionError,nonterminal_failure,retryable_bounded,0,0,,request_error_ConnectionError
pilot_20260917T005215Z,CIK0001027552,0001027552,Banco Santander Chile SA,BSAC,2011Q2,2,2026-09-17T00:54:26.251787+00:00,2026-09-17T00:54:26.252773+00:00,,request_error_ConnectionError,artifacts/representative_coverage_pilot_v20260916/raw/CIK0001027552/BSAC/2011Q2/attempt_02_20260917005426251787.json,483,6c4d0592b6188f548e513fe97a85501bf20c01c10f17022bcd87801331c28ae4,transport_error,request_error_ConnectionError,nonterminal_failure,retryable_bounded,0,0,,request_error_ConnectionError
pilot_20260917T005215Z,CIK0001084201,0001084201,Sinovac Biotech Ltd,SVA,2011Q2,2,2026-09-17T00:54:28.256817+00:00,2026-09-17T00:54:28.257585+00:00,,request_error_ConnectionError,artifacts/representative_coverage_pilot_v20260916/raw/CIK0001084201/SVA/2011Q2/attempt_02_20260917005428256817.json,477,eb47d34ce6ad4746086af1feab8be0378e502bd089d2d2b03724f3ba79c58a5e,transport_error,request_error_ConnectionError,nonterminal_failure,retryable_bounded,0,0,,request_error_ConnectionError
pilot_20260917T005215Z,CIK0001160165,0001160165,Shengdatech Inc,SDTHQ,2011Q2,2,2026-09-17T00:54:30.261862+00:00,2026-09-17T00:54:30.263286+00:00,,request_error_ConnectionError,artifacts/representative_coverage_pilot_v20260916/raw/CIK0001160165/SDTHQ/2011Q2/attempt_02_20260917005430261862.json,475,2901c5303fde2951d7e1e631a890fa52e91392b5553ef81d206b2d28e1958268,transport_error,request_error_ConnectionError,nonterminal_failure,retryable_bounded,0,0,,request_error_ConnectionError
pilot_20260917T005215Z,CIK0001232524,0001232524,Jazz Pharmaceuticals plc,JAZZ,2011Q2,2,2026-09-17T00:54:34.267887+00:00,2026-09-17T00:54:34.268971+00:00,,request_error_ConnectionError,artifacts/representative_coverage_pilot_v20260916/raw/CIK0001232524/JAZZ/2011Q2/attempt_02_20260917005434267887.json,483,d4054864b29490b35beb6b8e4ea8eea0bdd09eba2095c13b9e4397de663da16c,transport_error,request_error_ConnectionError,nonterminal_failure,retryable_bounded,0,0,,request_error_ConnectionError
pilot_20260917T005215Z,CIK0001132651,0001132651,Ames National Corp,ATLO,2011Q3,2,2026-09-17T00:55:00.325135+00:00,2026-09-17T00:55:00.326135+00:00,,request_error_ConnectionError,artifacts/representative_coverage_pilot_v20260916/raw/CIK0001132651/ATLO/2011Q3/attempt_02_20260917005500325135.json,477,6c62eba6636cd4633a9b320c456cfc790813ed49100b1585eca49ae0849562fa,transport_error,request_error_ConnectionError,nonterminal_failure,retryable_bounded,0,0,,request_error_ConnectionError
pilot_20260917T005215Z,CIK0001442620,0001442620,Recon Technology Ltd - Class A,RCON,2011Q3,2,2026-09-17T00:55:06.335809+00:00,2026-09-17T00:55:06.336747+00:00,,request_error_ConnectionError,artifacts/representative_coverage_pilot_v20260916/raw/CIK0001442620/RCON/2011Q3/attempt_02_20260917005506335809.json,489,eb9fd974afa7ff8750216086cd71d0475546d7d73f8bb163b0df5566c9e7f615,transport_error,request_error_ConnectionError,nonterminal_failure,retryable_bounded,0,0,,request_error_ConnectionError
pilot_20260917T005215Z,CIK0000916793,0000916793,Silicom Ltd,SILC,2011Q4,2,2026-09-17T00:55:14.353911+00:00,2026-09-17T00:55:14.354917+00:00,,request_error_ConnectionError,artifacts/representative_coverage_pilot_v20260916/raw/CIK0000916793/SILC/2011Q4/attempt_02_20260917005514353911.json,470,6225eea685d5ab29c410ed9879a14ef2befe76450106dccf54d50b1a734f667f,transport_error,request_error_ConnectionError,nonterminal_failure,retryable_bounded,0,0,,request_error_ConnectionError
pilot_20260917T005215Z,CIK0001240581,0001240581,Clifton Savings Bancorp Inc,CSBK,2011Q4,2,2026-09-17T00:55:22.368837+00:00,2026-09-17T00:55:22.370184+00:00,,request_error_ConnectionError,artifacts/representative_coverage_pilot_v20260916/raw/CIK0001240581/CSBK/2011Q4/attempt_02_20260917005522368837.json,486,3fd46c2b1623a84476f81db7692eda202a35fd06511a75b7a8fa03142968e201,transport_error,request_error_ConnectionError,nonterminal_failure,retryable_bounded,0,0,,request_error_ConnectionError
pilot_20260917T005215Z,CIK0001374339,0001374339,ProMIS Neurosciences Inc,PMN,2011Q4,2,2026-09-17T00:55:24.373898+00:00,2026-09-17T00:55:24.376118+00:00,,request_error_ConnectionError,artifacts/representative_coverage_pilot_v20260916/raw/CIK0001374339/PMN/2011Q4/attempt_02_20260917005524373898.json,482,86d0c8746d6492436c8b6f9c446949f07c300c570f508c181c591a954a9420d1,transport_error,request_error_ConnectionError,nonterminal_failure,retryable_bounded,0,0,,request_error_ConnectionError
pilot_20260917T005215Z,CIK0001483934,0001483934,Scorpio Tankers Inc,STNG,2011Q4,2,2026-09-17T00:55:26.378930+00:00,2026-09-17T00:55:26.379777+00:00,,request_error_ConnectionError,artifacts/representative_coverage_pilot_v20260916/raw/CIK0001483934/STNG/2011Q4/attempt_02_20260917005526378930.json,478,c7031661d8cd0acc4d0a57daf553a03b7781d9d11021c05e2f407d77f02549fb,transport_error,request_error_ConnectionError,nonterminal_failure,retryable_bounded,0,0,,request_error_ConnectionError
pilot_20260917T005215Z,CIK0000924613,0000924613,Nokia Corp,NOK,2012Q1,2,2026-09-17T00:55:30.386145+00:00,2026-09-17T00:55:30.387105+00:00,,request_error_ConnectionError,artifacts/representative_coverage_pilot_v20260916/raw/CIK0000924613/NOK/2012Q1/attempt_02_20260917005530386145.json,468,581dc1e89462903865519cbbd34664dddfa277c918cd43dc6b86d3d14fc45628,transport_error,request_error_ConnectionError,nonterminal_failure,retryable_bounded,0,0,,request_error_ConnectionError
pilot_20260917T005215Z,CIK0001018946,0001018946,Steiner Leisure Ltd,STNR,2012Q1,2,2026-09-17T00:55:32.387289+00:00,2026-09-17T00:55:32.388221+00:00,,request_error_ConnectionError,artifacts/representative_coverage_pilot_v20260916/raw/CIK0001018946/STNR/2012Q1/attempt_02_20260917005532387289.json,478,9c87a30b2495aa6c7dade3692bc29e7fd69bc834042374fec8a2502f6f241034,transport_error,request_error_ConnectionError,nonterminal_failure,retryable_bounded,0,0,,request_error_ConnectionError
pilot_20260917T005215Z,CIK0001076378,0001076378,Cemex S.A.B. De C.V.,CX,2012Q1,2,2026-09-17T00:55:36.394682+00:00,2026-09-17T00:55:36.395371+00:00,,request_error_ConnectionError,artifacts/representative_coverage_pilot_v20260916/raw/CIK0001076378/CX/2012Q1/attempt_02_20260917005536394682.json,477,8cc9079854a97adec595a2bdc51ca9576195b04c2a61bd5fe6e177d8ae59757d,transport_error,request_error_ConnectionError,nonterminal_failure,retryable_bounded,0,0,,request_error_ConnectionError
pilot_20260917T005215Z,CIK0001131383,0001131383,Stantec Inc,STN,2012Q1,2,2026-09-17T00:55:38.399333+00:00,2026-09-17T00:55:38.400389+00:00,,request_error_ConnectionError,artifacts/representative_coverage_pilot_v20260916/raw/CIK0001131383/STN/2012Q1/attempt_02_20260917005538399333.json,469,a686ae2656b262263f9fc5aeca7a4f9afdcb1c7fc4e58f96bbb0e3bfa35d15f9,transport_error,request_error_ConnectionError,nonterminal_failure,retryable_bounded,0,0,,request_error_ConnectionError
pilot_20260917T005215Z,CIK0001190723,0001190723,Tenaris S.A.,TS,2012Q1,2,2026-09-17T00:55:42.409391+00:00,2026-09-17T00:55:42.410357+00:00,,request_error_ConnectionError,artifacts/representative_coverage_pilot_v20260916/raw/CIK0001190723/TS/2012Q1/attempt_02_20260917005542409391.json,469,845b7eb067757a151e34e968066482f63f32bd0676ed4fb2972e0930d23a6f99,transport_error,request_error_ConnectionError,nonterminal_failure,retryable_bounded,0,0,,request_error_ConnectionError
pilot_20260917T005215Z,CIK0001335730,0001335730,Mizuho Financial Group Inc,MFG,2012Q1,2,2026-09-17T00:55:44.414446+00:00,2026-09-17T00:55:44.416053+00:00,,request_error_ConnectionError,artifacts/representative_coverage_pilot_v20260916/raw/CIK0001335730/MFG/2012Q1/attempt_02_20260917005544414446.json,484,db93b065335c91eac4cc29de0423f313827ca62f2d81d7b3f2fa33a29e592081,transport_error,request_error_ConnectionError,nonterminal_failure,retryable_bounded,0,0,,request_error_ConnectionError
pilot_20260917T005215Z,CIK0001385187,0001385187,Covidien plc,COV,2012Q1,2,2026-09-17T00:55:46.419489+00:00,2026-09-17T00:55:46.420761+00:00,,request_error_ConnectionError,artifacts/representative_coverage_pilot_v20260916/raw/CIK0001385187/COV/2012Q1/attempt_02_20260917005546419489.json,470,73c213cef0f23599ffc69025d9315a53a35da081ad46fd2a34f5041c4b28bfe2,transport_error,request_error_ConnectionError,nonterminal_failure,retryable_bounded,0,0,,request_error_ConnectionError
pilot_20260917T005215Z,CIK0001445930,0001445930,KB Financial Group Inc,KB,2012Q2,2,2026-09-17T00:56:08.463213+00:00,2026-09-17T00:56:08.464030+00:00,,request_error_ConnectionError,artifacts/representative_coverage_pilot_v20260916/raw/CIK0001445930/KB/2012Q2/attempt_02_20260917005608463213.json,479,4a5f929be071e2a1223e72f7e5438b7c2f57906bd93f821911c2f044e270625a,transport_error,request_error_ConnectionError,nonterminal_failure,retryable_bounded,0,0,,request_error_ConnectionError
pilot_20260917T005215Z,CIK0001002242,0001002242,Eni Spa,E,2012Q4,2,2026-09-17T00:56:38.526187+00:00,2026-09-17T00:56:38.526991+00:00,,request_error_ConnectionError,artifacts/representative_coverage_pilot_v20260916/raw/CIK0001002242/E/2012Q4/attempt_02_20260917005638526187.json,463,e2a61f89d6f56457e511ff01fec0e11f7d5697685d52420529805f21d53bd690,transport_error,request_error_ConnectionError,nonterminal_failure,retryable_bounded,0,0,,request_error_ConnectionError
pilot_20260917T005215Z,CIK0001395213,0001395213,Empresa Distribuidora y Comercial Norte S.A.,EDN,2012Q4,2,2026-09-17T00:56:44.540758+00:00,2026-09-17T00:56:44.541700+00:00,,request_error_ConnectionError,artifacts/representative_coverage_pilot_v20260916/raw/CIK0001395213/EDN/2012Q4/attempt_02_20260917005644540758.json,502,279ccd88877b37f56c2ecbb8587e7e341d7e47eb310324b0f3eb5885858b81cf,transport_error,request_error_ConnectionError,nonterminal_failure,retryable_bounded,0,0,,request_error_ConnectionError
pilot_20260917T005215Z,CIK0001434265,0001434265,Genmab,GMAB,2012Q4,2,2026-09-17T00:56:46.545799+00:00,2026-09-17T00:56:46.546651+00:00,,request_error_ConnectionError,artifacts/representative_coverage_pilot_v20260916/raw/CIK0001434265/GMAB/2012Q4/attempt_02_20260917005646545799.json,465,2c684fdc888b0d3cacc74b9b52b8c0939c5bf718e12f10c1edd2277f3b6349ad,transport_error,request_error_ConnectionError,nonterminal_failure,retryable_bounded,0,0,,request_error_ConnectionError
pilot_20260917T005215Z,CIK0001506184,0001506184,Immutep Ltd,IMMP,2012Q4,2,2026-09-17T00:56:48.550819+00:00,2026-09-17T00:56:48.551905+00:00,,request_error_ConnectionError,artifacts/representative_coverage_pilot_v20260916/raw/CIK0001506184/IMMP/2012Q4/attempt_02_20260917005648550819.json,470,4b33544c288531c9cf7a54870ed925e290b5aa5abd0bc421e02bc0ca7211dd3a,transport_error,request_error_ConnectionError,nonterminal_failure,retryable_bounded,0,0,,request_error_ConnectionError
pilot_20260917T005215Z,CIK0001308648,0001308648,First Majestic Silver Corporation,AG,2013Q1,2,2026-09-17T00:56:54.561577+00:00,2026-09-17T00:56:54.562352+00:00,,request_error_ConnectionError,artifacts/representative_coverage_pilot_v20260916/raw/CIK0001308648/AG/2013Q1/attempt_02_20260917005654561577.json,490,a4c54de01f0690fb991ceb2435af64e72852650fa75b1f800b634aee328aea1d,transport_error,request_error_ConnectionError,nonterminal_failure,retryable_bounded,0,0,,request_error_ConnectionError
pilot_20260917T005215Z,CIK0001070304,0001070304,Orix Corporation,IX,2013Q2,2,2026-09-17T00:57:10.596101+00:00,2026-09-17T00:57:10.596902+00:00,,request_error_ConnectionError,artifacts/representative_coverage_pilot_v20260916/raw/CIK0001070304/IX/2013Q2/attempt_02_20260917005710596101.json,473,bc330986b8a9aa08d3b1d8d80c49828fa2cb50ac8c3db9259d42f0b066f019e8,transport_error,request_error_ConnectionError,nonterminal_failure,retryable_bounded,0,0,,request_error_ConnectionError
pilot_20260917T005215Z,CIK0001846715,0001846715,Nextwave Wirless,WAVE,2013Q2,2,2026-09-17T00:57:22.632601+00:00,2026-09-17T00:57:22.633878+00:00,,request_error_ConnectionError,artifacts/representative_coverage_pilot_v20260916/raw/CIK0001846715/WAVE/2013Q2/attempt_02_20260917005722632601.json,475,4e11fc4aed8af9cf0a39babb7bef394be48280a85449954106df57d09fbea79d,transport_error,request_error_ConnectionError,nonterminal_failure,retryable_bounded,0,0,,request_error_ConnectionError
pilot_20260917T005215Z,CIK0001005516,0001005516,B.O.S. Better Online Solutions,BOSC,2013Q3,2,2026-09-17T00:57:32.668297+00:00,2026-09-17T00:57:32.670982+00:00,,request_error_ConnectionError,artifacts/representative_coverage_pilot_v20260916/raw/CIK0001005516/BOSC/2013Q3/attempt_02_20260917005732668297.json,489,cf6cbb99c14cd0c5f149c0d5551ddb5913df498f8a529fad4821cab7a913d989,transport_error,request_error_ConnectionError,nonterminal_failure,retryable_bounded,0,0,,request_error_ConnectionError
pilot_20260917T005215Z,CIK0001172724,0001172724,Gold Fields Ltd,GFI,2013Q3,2,2026-09-17T00:57:34.678323+00:00,2026-09-17T00:57:34.679100+00:00,,request_error_ConnectionError,artifacts/representative_coverage_pilot_v20260916/raw/CIK0001172724/GFI/2013Q3/attempt_02_20260917005734678323.json,473,ec28e9107d9e2ea56e6d98d1691a95f92543df5dec197944a9416dcf47420135,transport_error,request_error_ConnectionError,nonterminal_failure,retryable_bounded,0,0,,request_error_ConnectionError
pilot_20260917T005215Z,CIK0001132651,0001132651,Ames National Corp,ATLO,2013Q4,2,2026-09-17T00:58:02.782485+00:00,2026-09-17T00:58:02.783331+00:00,,request_error_ConnectionError,artifacts/representative_coverage_pilot_v20260916/raw/CIK0001132651/ATLO/2013Q4/attempt_02_20260917005802782485.json,477,906985a3b528afa758813a604d290a1da836d4adb63d4ec48172ae54202cbeeb,transport_error,request_error_ConnectionError,nonterminal_failure,retryable_bounded,0,0,,request_error_ConnectionError
pilot_20260917T005215Z,CIK0001434265,0001434265,Genmab,GMAB,2013Q4,2,2026-09-17T00:58:14.822186+00:00,2026-09-17T00:58:14.823074+00:00,,request_error_ConnectionError,artifacts/representative_coverage_pilot_v20260916/raw/CIK0001434265/GMAB/2013Q4/attempt_02_20260917005814822186.json,465,9a67646adbfc9ae78dec6024bc5a75df97bb94727ed2089f23b3963f775ce5e7,transport_error,request_error_ConnectionError,nonterminal_failure,retryable_bounded,0,0,,request_error_ConnectionError
pilot_20260917T005215Z,CIK0001513161,0001513161,Home Loan Servicing Solutions Ltd,HLSS,2013Q4,2,2026-09-17T00:58:16.827850+00:00,2026-09-17T00:58:16.828722+00:00,,request_error_ConnectionError,artifacts/representative_coverage_pilot_v20260916/raw/CIK0001513161/HLSS/2013Q4/attempt_02_20260917005816827850.json,492,4c0de12dc95a3130c7861dd1015227b4e9311920774e8cd43c507361528b711f,transport_error,request_error_ConnectionError,nonterminal_failure,retryable_bounded,0,0,,request_error_ConnectionError
pilot_20260917T005215Z,CIK0001534675,0001534675,Tecnoglass Holdings Inc,TGLS,2013Q4,2,2026-09-17T00:58:18.837874+00:00,2026-09-17T00:58:18.838673+00:00,,request_error_ConnectionError,artifacts/representative_coverage_pilot_v20260916/raw/CIK0001534675/TGLS/2013Q4/attempt_02_20260917005818837874.json,482,70a7ae4e5afb6dfe5819241b86826a5b9cc62f8cd95c8e3c43c8cc235176c9d7,transport_error,request_error_ConnectionError,nonterminal_failure,retryable_bounded,0,0,,request_error_ConnectionError
pilot_20260917T005215Z,CIK0001037676,0001037676,Arch Coal Inc,ACI,2014Q1,2,2026-09-17T00:58:28.875546+00:00,2026-09-17T00:58:28.877004+00:00,,request_error_ConnectionError,artifacts/representative_coverage_pilot_v20260916/raw/CIK0001037676/ACI/2014Q1/attempt_02_20260917005828875546.json,471,c0452c04d4b06c2ecad2e0755438280ec4a0464fe5487d7cd77440060a9b2ec6,transport_error,request_error_ConnectionError,nonterminal_failure,retryable_bounded,0,0,,request_error_ConnectionError
pilot_20260917T005215Z,CIK0001513965,0001513965,American Midstream Partners LP,AMID,2014Q1,2,2026-09-17T00:58:32.894903+00:00,2026-09-17T00:58:32.895769+00:00,,request_error_ConnectionError,artifacts/representative_coverage_pilot_v20260916/raw/CIK0001513965/AMID/2014Q1/attempt_02_20260917005832894903.json,489,815a7c0ad1f491ffab96883ef1260de14b34218937df5cdc0b9557fb4c570e56,transport_error,request_error_ConnectionError,nonterminal_failure,retryable_bounded,0,0,,request_error_ConnectionError
pilot_20260917T005215Z,CIK0001521332,0001521332,Aptiv PLC,APTV,2014Q1,2,2026-09-17T00:58:34.904945+00:00,2026-09-17T00:58:34.905987+00:00,,request_error_ConnectionError,artifacts/representative_coverage_pilot_v20260916/raw/CIK0001521332/APTV/2014Q1/attempt_02_20260917005834904945.json,468,4fa59972e2a5526ba6262a5ea4a87fe64132eca2647b02fa1e443e631a4b692e,transport_error,request_error_ConnectionError,nonterminal_failure,retryable_bounded,0,0,,request_error_ConnectionError
pilot_20260917T005215Z,CIK0000909037,0000909037,Sociedad Quimica Y Minera de Chile S.A.,SQM,2014Q2,2,2026-09-17T00:58:42.923593+00:00,2026-09-17T00:58:42.924348+00:00,,request_error_ConnectionError,artifacts/representative_coverage_pilot_v20260916/raw/CIK0000909037/SQM/2014Q2/attempt_02_20260917005842923593.json,497,163cef6070ce16541265da07c22b9033ac0962ec5ddab824448b56bb975c6be8,transport_error,request_error_ConnectionError,nonterminal_failure,retryable_bounded,0,0,,request_error_ConnectionError
pilot_20260917T005215Z,CIK0002024656,0002024656,First M & F Corp,FMFC,2014Q2,2,2026-09-17T00:58:48.936808+00:00,2026-09-17T00:58:48.937471+00:00,,request_error_ConnectionError,artifacts/representative_coverage_pilot_v20260916/raw/CIK0002024656/FMFC/2014Q2/attempt_02_20260917005848936808.json,475,ca7728b5bdfb65d6fc024553576286ff82eeb3c1a168f79f1373d5c32018e85a,transport_error,request_error_ConnectionError,nonterminal_failure,retryable_bounded,0,0,,request_error_ConnectionError
pilot_20260917T005215Z,CIK0001116578,0001116578,Prudential plc,PUK,2014Q3,2,2026-09-17T00:58:56.966252+00:00,2026-09-17T00:58:56.967125+00:00,,request_error_ConnectionError,artifacts/representative_coverage_pilot_v20260916/raw/CIK0001116578/PUK/2014Q3/attempt_02_20260917005856966252.json,472,e908c3e85fd178439cb454577bee8608d77facdb8e8e14e8c121d3368ef358a7,transport_error,request_error_ConnectionError,nonterminal_failure,retryable_bounded,0,0,,request_error_ConnectionError
pilot_20260917T005215Z,CIK0001400438,0001400438,Largo Inc,LGO,2014Q3,2,2026-09-17T00:59:06.999861+00:00,2026-09-17T00:59:07.000696+00:00,,request_error_ConnectionError,artifacts/representative_coverage_pilot_v20260916/raw/CIK0001400438/LGO/2014Q3/attempt_02_20260917005906999861.json,467,8e0aec7fcfcf7aa2a0138961bad57f6d71b7fa13249a0facfbbbead6b2cacf3c,transport_error,request_error_ConnectionError,nonterminal_failure,retryable_bounded,0,0,,request_error_ConnectionError
pilot_20260917T005215Z,CIK0000895126,0000895126,Chesapeake Energy Corp,CHK-P-D,2015Q1,2,2026-09-17T00:59:31.088331+00:00,2026-09-17T00:59:31.089234+00:00,,request_error_ConnectionError,artifacts/representative_coverage_pilot_v20260916/raw/CIK0000895126/CHK-P-D/2015Q1/attempt_02_20260917005931088331.json,484,241e3f99a2d07d1225edf9639467d466e94c2879e248770f412d720dbcd8edf8,transport_error,request_error_ConnectionError,nonterminal_failure,retryable_bounded,0,0,,request_error_ConnectionError
pilot_20260917T005215Z,CIK0001004155,0001004155,AGL Resources Inc,GAS,2015Q1,2,2026-09-17T00:59:35.095219+00:00,2026-09-17T00:59:35.096275+00:00,,request_error_ConnectionError,artifacts/representative_coverage_pilot_v20260916/raw/CIK0001004155/GAS/2015Q1/attempt_02_20260917005935095219.json,475,02da8fdcbfcc12e5095802e6697ac6932fa5af4144bd6313b766af5b784dcffb,transport_error,request_error_ConnectionError,nonterminal_failure,retryable_bounded,0,0,,request_error_ConnectionError
pilot_20260917T005215Z,CIK0001012477,0001012477,Flamel Technologies SA,FLML,2015Q2,2,2026-09-17T00:59:49.164479+00:00,2026-09-17T00:59:49.165281+00:00,,request_error_ConnectionError,artifacts/representative_coverage_pilot_v20260916/raw/CIK0001012477/FLML/2015Q2/attempt_02_20260917005949164479.json,481,bd3186c52c017e31d39d9335799213109be77ac91b8d2c5f1545f2faf4b3eab2,transport_error,request_error_ConnectionError,nonterminal_failure,retryable_bounded,0,0,,request_error_ConnectionError
pilot_20260917T005215Z,CIK0001110805,0001110805,Nustar Energy L P,NS,2015Q2,2,2026-09-17T00:59:51.164714+00:00,2026-09-17T00:59:51.165546+00:00,,request_error_ConnectionError,artifacts/representative_coverage_pilot_v20260916/raw/CIK0001110805/NS/2015Q2/attempt_02_20260917005951164714.json,474,1236f623ae3e9e7736ff9a845a4a10d9b2e44029cc937f510ca849bf73764804,transport_error,request_error_ConnectionError,nonterminal_failure,retryable_bounded,0,0,,request_error_ConnectionError
pilot_20260917T005215Z,CIK0001371782,0001371782,MV Oil Trust,MVO,2015Q2,2,2026-09-17T00:59:55.184766+00:00,2026-09-17T00:59:55.185620+00:00,,request_error_ConnectionError,artifacts/representative_coverage_pilot_v20260916/raw/CIK0001371782/MVO/2015Q2/attempt_02_20260917005955184766.json,470,cf6de5348ea0e9758069c27535e4eb5423288a5270ea54c380b6ced79912c928,transport_error,request_error_ConnectionError,nonterminal_failure,retryable_bounded,0,0,,request_error_ConnectionError
pilot_20260917T005215Z,CIK0001702318,0001702318,Akso Health Group,AHG,2015Q2,2,2026-09-17T00:59:57.191903+00:00,2026-09-17T00:59:57.192668+00:00,,request_error_ConnectionError,artifacts/representative_coverage_pilot_v20260916/raw/CIK0001702318/AHG/2015Q2/attempt_02_20260917005957191903.json,475,706cc031401d25493ac8c5e634561cc961e9d36a01f908e00ff8119ccc780860,transport_error,request_error_ConnectionError,nonterminal_failure,retryable_bounded,0,0,,request_error_ConnectionError
pilot_20260917T005215Z,CIK0001053532,0001053532,LaSalle Hotel Properties,LHO,2015Q3,2,2026-09-17T01:00:05.217066+00:00,2026-09-17T01:00:05.218028+00:00,,request_error_ConnectionError,artifacts/representative_coverage_pilot_v20260916/raw/CIK0001053532/LHO/2015Q3/attempt_02_20260917010005217066.json,482,c413c10df0869925f9bac9bcf1ad3ab14e505906d1d93551889da8a4e7ba5198,transport_error,request_error_ConnectionError,nonterminal_failure,retryable_bounded,0,0,,request_error_ConnectionError
pilot_20260917T005215Z,CIK0001354371,0001354371,Pplus Trust Series RRD-1,PYS,2015Q3,2,2026-09-17T01:00:11.237395+00:00,2026-09-17T01:00:11.239123+00:00,,request_error_ConnectionError,artifacts/representative_coverage_pilot_v20260916/raw/CIK0001354371/PYS/2015Q3/attempt_02_20260917010011237395.json,482,bd75b93d2bf5a2365291ad33be845cc19b43c93b02d50cc3126e0fc4c98814fd,transport_error,request_error_ConnectionError,nonterminal_failure,retryable_bounded,0,0,,request_error_ConnectionError
pilot_20260917T005215Z,CIK0001053532,0001053532,LaSalle Hotel Properties,LHO,2015Q4,2,2026-09-17T01:00:29.307565+00:00,2026-09-17T01:00:29.309080+00:00,,request_error_ConnectionError,artifacts/representative_coverage_pilot_v20260916/raw/CIK0001053532/LHO/2015Q4/attempt_02_20260917010029307565.json,482,690f87e1d1da403d65942345d0be7a6259a0cdbc0e98db9c35015d8394282809,transport_error,request_error_ConnectionError,nonterminal_failure,retryable_bounded,0,0,,request_error_ConnectionError
pilot_20260917T005215Z,CIK0001413855,0001413855,AIFU Inc,AIFU,2015Q4,2,2026-09-17T01:00:37.343222+00:00,2026-09-17T01:00:37.345343+00:00,,request_error_ConnectionError,artifacts/representative_coverage_pilot_v20260916/raw/CIK0001413855/AIFU/2015Q4/attempt_02_20260917010037343222.json,467,aba5338187eb00ebd16576623b158df4312b7dcf5833ef487a3f274d2641c84f,transport_error,request_error_ConnectionError,nonterminal_failure,retryable_bounded,0,0,,request_error_ConnectionError
pilot_20260917T005215Z,CIK0001424755,0001424755,Travelport Worldwide Ltd,TVPT,2015Q4,2,2026-09-17T01:00:41.351831+00:00,2026-09-17T01:00:41.352661+00:00,,request_error_ConnectionError,artifacts/representative_coverage_pilot_v20260916/raw/CIK0001424755/TVPT/2015Q4/attempt_02_20260917010041351831.json,483,17ba3de588c0c0b7e8a2df7802b7b30f5178e2f308b61447c4bf982c3b854d69,transport_error,request_error_ConnectionError,nonterminal_failure,retryable_bounded,0,0,,request_error_ConnectionError
pilot_20260917T005215Z,CIK0001575051,0001575051,Oci Resources LP,OCIR,2015Q4,2,2026-09-17T01:00:47.381691+00:00,2026-09-17T01:00:47.382610+00:00,,request_error_ConnectionError,artifacts/representative_coverage_pilot_v20260916/raw/CIK0001575051/OCIR/2015Q4/attempt_02_20260917010047381691.json,475,17a9f833168855f82be02162f117ccf162430a112f38806382cda85994e693bd,transport_error,request_error_ConnectionError,nonterminal_failure,retryable_bounded,0,0,,request_error_ConnectionError
pilot_20260917T005215Z,CIK0001872529,0001872529,MDxHealth SA,MDXH,2015Q4,2,2026-09-17T01:00:51.395868+00:00,2026-09-17T01:00:51.396639+00:00,,request_error_ConnectionError,artifacts/representative_coverage_pilot_v20260916/raw/CIK0001872529/MDXH/2015Q4/attempt_02_20260917010051395868.json,471,fa78ad33fe71f3c3504cf115731968bc6c42db30aeda415f20cd04f2c5015118,transport_error,request_error_ConnectionError,nonterminal_failure,retryable_bounded,0,0,,request_error_ConnectionError
pilot_20260917T005215Z,CIK0001609132,0001609132,C1 Financial Inc,BNK,2016Q1,2,2026-09-17T01:01:21.503075+00:00,2026-09-17T01:01:21.503791+00:00,,request_error_ConnectionError,artifacts/representative_coverage_pilot_v20260916/raw/CIK0001609132/BNK/2016Q1/attempt_02_20260917010121503075.json,474,037cb8306d89208d2e012afbae633f5c0ee0a728ee99b73fa1a2ea530a27a3fc,transport_error,request_error_ConnectionError,nonterminal_failure,retryable_bounded,0,0,,request_error_ConnectionError
pilot_20260917T005215Z,CIK0001407739,0001407739,DuPont Fabros Technology Inc,DFT,2016Q2,2,2026-09-17T01:01:29.541245+00:00,2026-09-17T01:01:29.541974+00:00,,request_error_ConnectionError,artifacts/representative_coverage_pilot_v20260916/raw/CIK0001407739/DFT/2016Q2/attempt_02_20260917010129541245.json,486,89ef9486cfb1bd26a62bf2d5dc7475ce3351b4d3dfab55ea7f0e443b6246c131,transport_error,request_error_ConnectionError,nonterminal_failure,retryable_bounded,0,0,,request_error_ConnectionError
pilot_20260917T005215Z,CIK0001821866,0001821866,BTQ Technologies Corp,BTQ,2016Q2,2,2026-09-17T01:01:39.577685+00:00,2026-09-17T01:01:39.578456+00:00,,request_error_ConnectionError,artifacts/representative_coverage_pilot_v20260916/raw/CIK0001821866/BTQ/2016Q2/attempt_02_20260917010139577685.json,479,a380bdc8fb9f417f57cc1f4b12c005eb77a46a09d872e10d713f7802017830ee,transport_error,request_error_ConnectionError,nonterminal_failure,retryable_bounded,0,0,,request_error_ConnectionError
pilot_20260917T005215Z,CIK0001011109,0001011109,ACRE Realty Investors Inc,AIII,2016Q3,2,2026-09-17T01:01:49.599666+00:00,2026-09-17T01:01:49.600605+00:00,,request_error_ConnectionError,artifacts/representative_coverage_pilot_v20260916/raw/CIK0001011109/AIII/2016Q3/attempt_02_20260917010149599666.json,484,abfe7763805866d43292cdaf973aaa257cf3698116539301c049c5c12ee5f3a7,transport_error,request_error_ConnectionError,nonterminal_failure,retryable_bounded,0,0,,request_error_ConnectionError
pilot_20260917T005215Z,CIK0001356284,0001356284,Synthetic Fixed-Income Securities Inc,GJS,2016Q3,2,2026-09-17T01:01:57.615602+00:00,2026-09-17T01:01:57.616542+00:00,,request_error_ConnectionError,artifacts/representative_coverage_pilot_v20260916/raw/CIK0001356284/GJS/2016Q3/attempt_02_20260917010157615602.json,495,13902bef9a78950fcca4c730bdedc72224acbfa3ff792b8a994c5bee970214a1,transport_error,request_error_ConnectionError,nonterminal_failure,retryable_bounded,0,0,,request_error_ConnectionError
pilot_20260917T005215Z,CIK0001023734,0001023734,BPZ Resources Inc,BPZ,2016Q4,2,2026-09-17T01:02:13.685001+00:00,2026-09-17T01:02:13.685879+00:00,,request_error_ConnectionError,artifacts/representative_coverage_pilot_v20260916/raw/CIK0001023734/BPZ/2016Q4/attempt_02_20260917010213685001.json,475,10d68f9edf7ed36f247317a2df1217a39b3c381740085a0ca2790b06320e5b2b,transport_error,request_error_ConnectionError,nonterminal_failure,retryable_bounded,0,0,,request_error_ConnectionError
pilot_20260917T005215Z,CIK0001283709,0001283709,Thomas Properties Group Inc,TPGI,2016Q4,2,2026-09-17T01:02:15.692900+00:00,2026-09-17T01:02:15.693675+00:00,,request_error_ConnectionError,artifacts/representative_coverage_pilot_v20260916/raw/CIK0001283709/TPGI/2016Q4/attempt_02_20260917010215692900.json,486,151667b4a35a457811d35a82d1bcf8a98b064594da4e324d10757a6d0aefdc7e,transport_error,request_error_ConnectionError,nonterminal_failure,retryable_bounded,0,0,,request_error_ConnectionError
pilot_20260917T005215Z,CIK0001486159,0001486159,Oasis Petroleum Inc,OAS,2016Q4,2,2026-09-17T01:02:25.730844+00:00,2026-09-17T01:02:25.731721+00:00,,request_error_ConnectionError,artifacts/representative_coverage_pilot_v20260916/raw/CIK0001486159/OAS/2016Q4/attempt_02_20260917010225730844.json,477,3aca1ff93ad78a8ede157f20d2261583e7b00a61458d1b41055a5b43eed4bc39,transport_error,request_error_ConnectionError,nonterminal_failure,retryable_bounded,0,0,,request_error_ConnectionError
pilot_20260917T005215Z,CIK0001595761,0001595761,Weibo Corp,WB,2016Q4,2,2026-09-17T01:02:31.761028+00:00,2026-09-17T01:02:31.762770+00:00,,request_error_ConnectionError,artifacts/representative_coverage_pilot_v20260916/raw/CIK0001595761/WB/2016Q4/attempt_02_20260917010231761028.json,467,64e422a4936086aac40a2e6593e73dfb34873a8019655f4b3f444c295f346511,transport_error,request_error_ConnectionError,nonterminal_failure,retryable_bounded,0,0,,request_error_ConnectionError
pilot_20260917T005215Z,CIK0001610418,0001610418,CONE Midstream Partners LP,CNNX,2016Q4,2,2026-09-17T01:02:33.770907+00:00,2026-09-17T01:02:33.772218+00:00,,request_error_ConnectionError,artifacts/representative_coverage_pilot_v20260916/raw/CIK0001610418/CNNX/2016Q4/attempt_02_20260917010233770907.json,485,37ce06e64a7cf440c7c5da198d5c7a708c24ad958ea55609396c1c507625927f,transport_error,request_error_ConnectionError,nonterminal_failure,retryable_bounded,0,0,,request_error_ConnectionError
pilot_20260917T005215Z,CIK0001084201,0001084201,Sinovac Biotech Ltd,SVA,2017Q1,2,2026-09-17T01:02:41.798469+00:00,2026-09-17T01:02:41.799350+00:00,,request_error_ConnectionError,artifacts/representative_coverage_pilot_v20260916/raw/CIK0001084201/SVA/2017Q1/attempt_02_20260917010241798469.json,477,db111f45573c655937c1755703fb5e0e3cada7d9a0f9dacd345efc18a0d3aaad,transport_error,request_error_ConnectionError,nonterminal_failure,retryable_bounded,0,0,,request_error_ConnectionError
pilot_20260917T005215Z,CIK0001114448,0001114448,Novartis AG,NVS,2017Q1,2,2026-09-17T01:02:45.815804+00:00,2026-09-17T01:02:45.816752+00:00,,request_error_ConnectionError,artifacts/representative_coverage_pilot_v20260916/raw/CIK0001114448/NVS/2017Q1/attempt_02_20260917010245815804.json,469,9640f650c9d5733277f3d015e355283d423ff6d11db0abd737d4c54142bbad28,transport_error,request_error_ConnectionError,nonterminal_failure,retryable_bounded,0,0,,request_error_ConnectionError
pilot_20260917T005215Z,CIK0001165880,0001165880,Montpelier Re Holdings Ltd,MRH,2017Q1,2,2026-09-17T01:02:47.818650+00:00,2026-09-17T01:02:47.819937+00:00,,request_error_ConnectionError,artifacts/representative_coverage_pilot_v20260916/raw/CIK0001165880/MRH/2017Q1/attempt_02_20260917010247818650.json,484,ae8a17ebb0d4e0760510c85259287fc1e142eb7fc10fb0e57fb3f4f01911914f,transport_error,request_error_ConnectionError,nonterminal_failure,retryable_bounded,0,0,,request_error_ConnectionError
pilot_20260917T005215Z,CIK0001292556,0001292556,Polypore International Inc,PPO,2017Q1,2,2026-09-17T01:02:49.828716+00:00,2026-09-17T01:02:49.829672+00:00,,request_error_ConnectionError,artifacts/representative_coverage_pilot_v20260916/raw/CIK0001292556/PPO/2017Q1/attempt_02_20260917010249828716.json,484,231fb6384437eb1d231525a3cf3148ab7682cb529a0f65e3daf26765333e0448,transport_error,request_error_ConnectionError,nonterminal_failure,retryable_bounded,0,0,,request_error_ConnectionError
pilot_20260917T005215Z,CIK0001487798,0001487798,Eca Marcellus Trust I,ECT,2017Q1,2,2026-09-17T01:02:57.864231+00:00,2026-09-17T01:02:57.865551+00:00,,request_error_ConnectionError,artifacts/representative_coverage_pilot_v20260916/raw/CIK0001487798/ECT/2017Q1/attempt_02_20260917010257864231.json,479,d222951ea75a4821733ddd446f7d66736eaceef1b27a53da90398db8b9ae70e6,transport_error,request_error_ConnectionError,nonterminal_failure,retryable_bounded,0,0,,request_error_ConnectionError
pilot_20260917T005215Z,CIK0001507964,0001507964,Corvus Gold Inc,KOR,2017Q1,2,2026-09-17T01:02:59.866196+00:00,2026-09-17T01:02:59.867067+00:00,,request_error_ConnectionError,artifacts/representative_coverage_pilot_v20260916/raw/CIK0001507964/KOR/2017Q1/attempt_02_20260917010259866196.json,473,191338ac4ac1c423cd5a301756ea6d91f35367f169df954c738d1899bc49cb6d,transport_error,request_error_ConnectionError,nonterminal_failure,retryable_bounded,0,0,,request_error_ConnectionError
pilot_20260917T005215Z,CIK0001296774,0001296774,The9 Ltd,NCTY,2017Q2,2,2026-09-17T01:03:19.946148+00:00,2026-09-17T01:03:19.947443+00:00,,request_error_ConnectionError,artifacts/representative_coverage_pilot_v20260916/raw/CIK0001296774/NCTY/2017Q2/attempt_02_20260917010319946148.json,467,f89d3532c3178810d5bd41fbba5a211e0cca943ae97d7a67cffbe323a506a07d,transport_error,request_error_ConnectionError,nonterminal_failure,retryable_bounded,0,0,,request_error_ConnectionError
pilot_20260917T005215Z,CIK0001515980,0001515980,Apollo Residential Mortgage Inc,AMTG,2017Q2,2,2026-09-17T01:03:21.956211+00:00,2026-09-17T01:03:21.957074+00:00,,request_error_ConnectionError,artifacts/representative_coverage_pilot_v20260916/raw/CIK0001515980/AMTG/2017Q2/attempt_02_20260917010321956211.json,490,4d9c45f5a150340bc1aec84c46ff752045d5308d89e6a63a46be79af830d94ac,transport_error,request_error_ConnectionError,nonterminal_failure,retryable_bounded,0,0,,request_error_ConnectionError
pilot_20260917T005215Z,CIK0001023514,0001023514,Harmony Gold Mining Co Ltd,HMY,2017Q3,2,2026-09-17T01:03:29.983161+00:00,2026-09-17T01:03:29.983976+00:00,,request_error_ConnectionError,artifacts/representative_coverage_pilot_v20260916/raw/CIK0001023514/HMY/2017Q3/attempt_02_20260917010329983161.json,484,bc8c88cd5d516252bd8536254d42c2c9cf7e9c9f4539e6dc662d2470dd4a7355,transport_error,request_error_ConnectionError,nonterminal_failure,retryable_bounded,0,0,,request_error_ConnectionError
pilot_20260917T005215Z,CIK0001174850,0001174850,Nicolet Bankshares Inc,NIC,2017Q4,2,2026-09-17T01:03:56.095369+00:00,2026-09-17T01:03:56.096206+00:00,,request_error_ConnectionError,artifacts/representative_coverage_pilot_v20260916/raw/CIK0001174850/NIC/2017Q4/attempt_02_20260917010356095369.json,480,60bb5f44f54f02e97b33b6c89d0aee9a883e700abd9a8a04de952528a19b43a2,transport_error,request_error_ConnectionError,nonterminal_failure,retryable_bounded,0,0,,request_error_ConnectionError
pilot_20260917T005215Z,CIK0001403385,0001403385,Symetra Financial Corp,SYA,2017Q4,2,2026-09-17T01:04:02.111194+00:00,2026-09-17T01:04:02.111976+00:00,,request_error_ConnectionError,artifacts/representative_coverage_pilot_v20260916/raw/CIK0001403385/SYA/2017Q4/attempt_02_20260917010402111194.json,480,c08f06acdb74eff0a87dddb8f08b55b94cf9900f04c3d7c0e7e8326c74a454fc,transport_error,request_error_ConnectionError,nonterminal_failure,retryable_bounded,0,0,,request_error_ConnectionError
pilot_20260917T005215Z,CIK0001611547,0001611547,Urban Edge Properties,UE,2017Q4,2,2026-09-17T01:04:06.122593+00:00,2026-09-17T01:04:06.123355+00:00,,request_error_ConnectionError,artifacts/representative_coverage_pilot_v20260916/raw/CIK0001611547/UE/2017Q4/attempt_02_20260917010406122593.json,478,422730dabcf138a01e30d6adecb44dd6f43e894cef88d6f0e7fd1e72af87d681,transport_error,request_error_ConnectionError,nonterminal_failure,retryable_bounded,0,0,,request_error_ConnectionError
pilot_20260917T005215Z,CIK0001004724,0001004724,AdCare Health Systems Inc,ADK,2018Q1,2,2026-09-17T01:04:22.173664+00:00,2026-09-17T01:04:22.174703+00:00,,request_error_ConnectionError,artifacts/representative_coverage_pilot_v20260916/raw/CIK0001004724/ADK/2018Q1/attempt_02_20260917010422173664.json,483,b0e084a37e685023ce3ad8e795b72c422411fb9471d0d552a0b5690b67b5dfe3,transport_error,request_error_ConnectionError,nonterminal_failure,retryable_bounded,0,0,,request_error_ConnectionError
pilot_20260917T005215Z,CIK0001407739,0001407739,DuPont Fabros Technology Inc,DFT,2018Q1,2,2026-09-17T01:04:30.208439+00:00,2026-09-17T01:04:30.209697+00:00,,request_error_ConnectionError,artifacts/representative_coverage_pilot_v20260916/raw/CIK0001407739/DFT/2018Q1/attempt_02_20260917010430208439.json,486,51b46417b24a8e3c68d10f3b1a3fc5e496af3da012057a500a11b77f7b6e4992,transport_error,request_error_ConnectionError,nonterminal_failure,retryable_bounded,0,0,,request_error_ConnectionError
pilot_20260917T005215Z,CIK0001476651,0001476651,FCB Financial Holdings Inc,FCB,2018Q1,2,2026-09-17T01:04:34.220083+00:00,2026-09-17T01:04:34.220864+00:00,,request_error_ConnectionError,artifacts/representative_coverage_pilot_v20260916/raw/CIK0001476651/FCB/2018Q1/attempt_02_20260917010434220083.json,484,da2c1bb853ff27087601cde9e49861ef58ae93857244b869349a545eaf4a829a,transport_error,request_error_ConnectionError,nonterminal_failure,retryable_bounded,0,0,,request_error_ConnectionError
pilot_20260917T005215Z,CIK0001584547,0001584547,GreenPower Motor Company Inc,GP,2018Q1,2,2026-09-17T01:04:38.232326+00:00,2026-09-17T01:04:38.233281+00:00,,request_error_ConnectionError,artifacts/representative_coverage_pilot_v20260916/raw/CIK0001584547/GP/2018Q1/attempt_02_20260917010438232326.json,485,50c677a395ea621224f15e74aa7535a1a3603527f632f3982373950cb4a9a4f4,transport_error,request_error_ConnectionError,nonterminal_failure,retryable_bounded,0,0,,request_error_ConnectionError
pilot_20260917T005215Z,CIK0001603145,0001603145,NextEra Energy Partners LP,XIFR,2018Q1,2,2026-09-17T01:04:40.242367+00:00,2026-09-17T01:04:40.243244+00:00,,request_error_ConnectionError,artifacts/representative_coverage_pilot_v20260916/raw/CIK0001603145/XIFR/2018Q1/attempt_02_20260917010440242367.json,485,f209a6e3b083d94c3ca4d0bef51a4e2d438edbada00fd1a185eba798bc1ecf8e,transport_error,request_error_ConnectionError,nonterminal_failure,retryable_bounded,0,0,,request_error_ConnectionError
pilot_20260917T005215Z,CIK0000003982,0000003982,Allis Chalmers Energy Inc,ALY,2018Q2,2,2026-09-17T01:04:46.258835+00:00,2026-09-17T01:04:46.259592+00:00,,request_error_ConnectionError,artifacts/representative_coverage_pilot_v20260916/raw/CIK0000003982/ALY/2018Q2/attempt_02_20260917010446258835.json,483,2439902cef0fdaa728e7ab379036a61b64d987e1d580d0099ca268b8ebb98269,transport_error,request_error_ConnectionError,nonterminal_failure,retryable_bounded,0,0,,request_error_ConnectionError
pilot_20260917T005215Z,CIK0001397516,0001397516,Rex Energy Corp,REXX,2018Q2,2,2026-09-17T01:05:04.328917+00:00,2026-09-17T01:05:04.330217+00:00,,request_error_ConnectionError,artifacts/representative_coverage_pilot_v20260916/raw/CIK0001397516/REXX/2018Q2/attempt_02_20260917010504328917.json,474,90b800a0b53a218ee64fce28328f635cfdd9bf066d9bb7c59919425d15ee8805,transport_error,request_error_ConnectionError,nonterminal_failure,retryable_bounded,0,0,,request_error_ConnectionError
pilot_20260917T005215Z,CIK0000896726,0000896726,GeoGlobal Resources Inc,GGLR,2018Q3,2,2026-09-17T01:05:10.353673+00:00,2026-09-17T01:05:10.355664+00:00,,request_error_ConnectionError,artifacts/representative_coverage_pilot_v20260916/raw/CIK0000896726/GGLR/2018Q3/attempt_02_20260917010510353673.json,482,497b5f6d4257141f7beff06bd969c4a8a39193d7512751875478870fc1b482d8,transport_error,request_error_ConnectionError,nonterminal_failure,retryable_bounded,0,0,,request_error_ConnectionError
pilot_20260917T005215Z,CIK0000920424,0000920424,Investment Technology Group,ITG,2018Q3,2,2026-09-17T01:05:12.361342+00:00,2026-09-17T01:05:12.362697+00:00,,request_error_ConnectionError,artifacts/representative_coverage_pilot_v20260916/raw/CIK0000920424/ITG/2018Q3/attempt_02_20260917010512361342.json,485,8fd7c79cdc58e40de083af57139bee4eda3a8ae30f08d586bc8a9a60c37ee58d,transport_error,request_error_ConnectionError,nonterminal_failure,retryable_bounded,0,0,,request_error_ConnectionError
pilot_20260917T005215Z,CIK0001110805,0001110805,Nustar Energy L P,NS,2018Q3,2,2026-09-17T01:05:14.371335+00:00,2026-09-17T01:05:14.372154+00:00,,request_error_ConnectionError,artifacts/representative_coverage_pilot_v20260916/raw/CIK0001110805/NS/2018Q3/attempt_02_20260917010514371335.json,474,188cdcdf8cb2f30710962ae36dc5d5bbb49abcf6580f4131f2b3a9e648c258a3,transport_error,request_error_ConnectionError,nonterminal_failure,retryable_bounded,0,0,,request_error_ConnectionError
pilot_20260917T005215Z,CIK0001567900,0001567900,REalloys Inc,ALOY,2018Q3,2,2026-09-17T01:05:20.400061+00:00,2026-09-17T01:05:20.400891+00:00,,request_error_ConnectionError,artifacts/representative_coverage_pilot_v20260916/raw/CIK0001567900/ALOY/2018Q3/attempt_02_20260917010520400061.json,471,6c660a40a3b8e76e4860afddf3042d10acbdb9fb8c706a318c93930a65399653,transport_error,request_error_ConnectionError,nonterminal_failure,retryable_bounded,0,0,,request_error_ConnectionError
pilot_20260917T005215Z,CIK0001092914,0001092914,Atlas Pipeline Partners LP,APL,2018Q4,2,2026-09-17T01:05:32.441244+00:00,2026-09-17T01:05:32.442106+00:00,,request_error_ConnectionError,artifacts/representative_coverage_pilot_v20260916/raw/CIK0001092914/APL/2018Q4/attempt_02_20260917010532441244.json,484,4800da8dad419b2eb05c009585723f2d5992589bdc7001df61b04d78c96aae62,transport_error,request_error_ConnectionError,nonterminal_failure,retryable_bounded,0,0,,request_error_ConnectionError
pilot_20260917T005215Z,CIK0001302350,0001302350,JMP Group LLC,JMP,2018Q4,2,2026-09-17T01:05:38.471375+00:00,2026-09-17T01:05:38.472190+00:00,,request_error_ConnectionError,artifacts/representative_coverage_pilot_v20260916/raw/CIK0001302350/JMP/2018Q4/attempt_02_20260917010538471375.json,471,0d0695ad8a73b056b9091156f11adc9eca6c4773741af2c2815e778bc4b5b0cd,transport_error,request_error_ConnectionError,nonterminal_failure,retryable_bounded,0,0,,request_error_ConnectionError
pilot_20260917T005215Z,CIK0001162896,0001162896,Prairie Operating Company,PROP,2019Q1,2,2026-09-17T01:06:04.571029+00:00,2026-09-17T01:06:04.572270+00:00,,request_error_ConnectionError,artifacts/representative_coverage_pilot_v20260916/raw/CIK0001162896/PROP/2019Q1/attempt_02_20260917010604571029.json,484,4a1d5186a1af7cb570547295671a71ceb725dfd7326ab215c8a9294d270d1907,transport_error,request_error_ConnectionError,nonterminal_failure,retryable_bounded,0,0,,request_error_ConnectionError
pilot_20260917T005215Z,CIK0001476651,0001476651,FCB Financial Holdings Inc,FCB,2019Q1,2,2026-09-17T01:06:08.589459+00:00,2026-09-17T01:06:08.590310+00:00,,request_error_ConnectionError,artifacts/representative_coverage_pilot_v20260916/raw/CIK0001476651/FCB/2019Q1/attempt_02_20260917010608589459.json,484,c4ec9fe6727fc5e9ad8da867d2a4a8b5e791e1bba93d272239bc860318e7a76a,transport_error,request_error_ConnectionError,nonterminal_failure,retryable_bounded,0,0,,request_error_ConnectionError
pilot_20260917T005215Z,CIK0001595262,0001595262,IMS Health Holdings Inc,IMS,2019Q1,2,2026-09-17T01:06:12.603215+00:00,2026-09-17T01:06:12.604126+00:00,,request_error_ConnectionError,artifacts/representative_coverage_pilot_v20260916/raw/CIK0001595262/IMS/2019Q1/attempt_02_20260917010612603215.json,481,31c56a8c2090cc805c0cba2258bfe06df3b872259cdc36b57531ec07c10d26fe,transport_error,request_error_ConnectionError,nonterminal_failure,retryable_bounded,0,0,,request_error_ConnectionError
pilot_20260917T005215Z,CIK0001627014,0001627014,Black Knight Financial Services Inc,BKFS,2019Q1,2,2026-09-17T01:06:14.604520+00:00,2026-09-17T01:06:14.605420+00:00,,request_error_ConnectionError,artifacts/representative_coverage_pilot_v20260916/raw/CIK0001627014/BKFS/2019Q1/attempt_02_20260917010614604520.json,494,917e5a5357a353bbd1c4663dcec31ff91807072a92b4079c567b6f55867856d9,transport_error,request_error_ConnectionError,nonterminal_failure,retryable_bounded,0,0,,request_error_ConnectionError
pilot_20260917T005215Z,CIK0001670541,0001670541,Adient plc,ADNT,2019Q1,2,2026-09-17T01:06:16.608199+00:00,2026-09-17T01:06:16.609038+00:00,,request_error_ConnectionError,artifacts/representative_coverage_pilot_v20260916/raw/CIK0001670541/ADNT/2019Q1/attempt_02_20260917010616608199.json,469,42196946ca018613fb6c20f7254937a354a1beffabf14656bc9009aaa9f15324,transport_error,request_error_ConnectionError,nonterminal_failure,retryable_bounded,0,0,,request_error_ConnectionError
pilot_20260917T005215Z,CIK0001022646,0001022646,Ultra Petroleum Corp,UPLM,2019Q2,2,2026-09-17T01:06:28.654324+00:00,2026-09-17T01:06:28.655313+00:00,,request_error_ConnectionError,artifacts/representative_coverage_pilot_v20260916/raw/CIK0001022646/UPLM/2019Q2/attempt_02_20260917010628654324.json,479,b7c2143b4dc3f06ae5acf0513b927ec5530c671fbe49e91bba09c8f4e9c8e6df,transport_error,request_error_ConnectionError,nonterminal_failure,retryable_bounded,0,0,,request_error_ConnectionError
pilot_20260917T005215Z,CIK0001472326,0001472326,Agria Corporation ADR,GRO,2019Q3,2,2026-09-17T01:06:50.736974+00:00,2026-09-17T01:06:50.737697+00:00,,request_error_ConnectionError,artifacts/representative_coverage_pilot_v20260916/raw/CIK0001472326/GRO/2019Q3/attempt_02_20260917010650736974.json,479,d7ee90307a54fc00fad0a3cb90621db1f1964178b1a299113aed6ec9226b4651,transport_error,request_error_ConnectionError,nonterminal_failure,retryable_bounded,0,0,,request_error_ConnectionError
pilot_20260917T005215Z,CIK0001505065,0001505065,Brainsway Ltd,BWAY,2019Q3,2,2026-09-17T01:06:52.747038+00:00,2026-09-17T01:06:52.748611+00:00,,request_error_ConnectionError,artifacts/representative_coverage_pilot_v20260916/raw/CIK0001505065/BWAY/2019Q3/attempt_02_20260917010652747038.json,472,8b225ac82249f82d76ebbb6343c4878959ca3b8ae14adaa3c0b05ad8a2627d2c,transport_error,request_error_ConnectionError,nonterminal_failure,retryable_bounded,0,0,,request_error_ConnectionError
pilot_20260917T005215Z,CIK0001707178,0001707178,CorePoint Lodging Inc,CPLG,2019Q3,2,2026-09-17T01:06:56.758189+00:00,2026-09-17T01:06:56.758958+00:00,,request_error_ConnectionError,artifacts/representative_coverage_pilot_v20260916/raw/CIK0001707178/CPLG/2019Q3/attempt_02_20260917010656758189.json,480,2775bd6204607dedf2ce35b71cde5d66756ca5627a228399a8bf49e7d9346c92,transport_error,request_error_ConnectionError,nonterminal_failure,retryable_bounded,0,0,,request_error_ConnectionError
pilot_20260917T005215Z,CIK0000091928,0000091928,South Jersey Industries Inc,SJI,2019Q4,2,2026-09-17T01:07:02.780392+00:00,2026-09-17T01:07:02.781130+00:00,,request_error_ConnectionError,artifacts/representative_coverage_pilot_v20260916/raw/CIK0000091928/SJI/2019Q4/attempt_02_20260917010702780392.json,485,6d1aad23138bf81d9bfb95404b1f346983fad90fa008f53f858f30ff485ff7a8,transport_error,request_error_ConnectionError,nonterminal_failure,retryable_bounded,0,0,,request_error_ConnectionError
pilot_20260917T005215Z,CIK0001380393,0001380393,Fortress Investment Group LLC,FIG,2019Q4,2,2026-09-17T01:07:14.822032+00:00,2026-09-17T01:07:14.822870+00:00,,request_error_ConnectionError,artifacts/representative_coverage_pilot_v20260916/raw/CIK0001380393/FIG/2019Q4/attempt_02_20260917010714822032.json,487,e6192869f8431cf667857743d23297cbb5e7e9b118840085e1feb850d97822ce,transport_error,request_error_ConnectionError,nonterminal_failure,retryable_bounded,0,0,,request_error_ConnectionError
pilot_20260917T005215Z,CIK0001388430,0001388430,Cai International Inc,CAI,2019Q4,2,2026-09-17T01:07:16.832091+00:00,2026-09-17T01:07:16.833127+00:00,,request_error_ConnectionError,artifacts/representative_coverage_pilot_v20260916/raw/CIK0001388430/CAI/2019Q4/attempt_02_20260917010716832091.json,479,e9b10bde15c11bd3dd0a804b89968cd380cb032d90fabd319ddbfe93575404bf,transport_error,request_error_ConnectionError,nonterminal_failure,retryable_bounded,0,0,,request_error_ConnectionError
pilot_20260917T005215Z,CIK0001419521,0001419521,Hatteras Financial Corp,HTS,2019Q4,2,2026-09-17T01:07:18.839649+00:00,2026-09-17T01:07:18.840460+00:00,,request_error_ConnectionError,artifacts/representative_coverage_pilot_v20260916/raw/CIK0001419521/HTS/2019Q4/attempt_02_20260917010718839649.json,481,1b8be76fffeefedd9e84d8e94054047874694d44f809207dbda35109ed0c6df5,transport_error,request_error_ConnectionError,nonterminal_failure,retryable_bounded,0,0,,request_error_ConnectionError
pilot_20260917T005215Z,CIK0001597503,0001597503,NorthStar Asset Management Group Inc,CLNS,2019Q4,2,2026-09-17T01:07:28.883622+00:00,2026-09-17T01:07:28.884418+00:00,,request_error_ConnectionError,artifacts/representative_coverage_pilot_v20260916/raw/CIK0001597503/CLNS/2019Q4/attempt_02_20260917010728883622.json,495,168388bb7912ba027572189cf80937cd37bc8230963fa10080b80b4eb65d5f6b,transport_error,request_error_ConnectionError,nonterminal_failure,retryable_bounded,0,0,,request_error_ConnectionError
pilot_20260917T005215Z,CIK0001705402,0001705402,AGM Group Holdings Inc - Class A,AGMH,2019Q4,2,2026-09-17T01:07:32.902404+00:00,2026-09-17T01:07:32.903185+00:00,,request_error_ConnectionError,artifacts/representative_coverage_pilot_v20260916/raw/CIK0001705402/AGMH/2019Q4/attempt_02_20260917010732902404.json,491,18f60c9a6effee6d2d0d6595184d4998b724f603527563cc3f72a1aada296649,transport_error,request_error_ConnectionError,nonterminal_failure,retryable_bounded,0,0,,request_error_ConnectionError
pilot_20260917T005215Z,CIK0001708301,0001708301,BP Midstream Partners LP,BPMP,2019Q4,2,2026-09-17T01:07:34.912444+00:00,2026-09-17T01:07:34.913564+00:00,,request_error_ConnectionError,artifacts/representative_coverage_pilot_v20260916/raw/CIK0001708301/BPMP/2019Q4/attempt_02_20260917010734912444.json,483,45492b225dbc2ece59887e825389b483e49894fafc440115645c7491f83159a2,transport_error,request_error_ConnectionError,nonterminal_failure,retryable_bounded,0,0,,request_error_ConnectionError
pilot_20260917T005215Z,CIK0001713748,0001713748,Skeena Resources Ltd,SKE,2019Q4,2,2026-09-17T01:07:36.916080+00:00,2026-09-17T01:07:36.916888+00:00,,request_error_ConnectionError,artifacts/representative_coverage_pilot_v20260916/raw/CIK0001713748/SKE/2019Q4/attempt_02_20260917010736916080.json,478,26270d2f0c8dd26ea4943efaddea429abd82ebb25d3031680d5e07a119afd8d3,transport_error,request_error_ConnectionError,nonterminal_failure,retryable_bounded,0,0,,request_error_ConnectionError
pilot_20260917T035455Z,CIK0001026662,0001026662,Euro Tech Holdings Co. Ltd,CLWT,2010Q1,3,2026-09-17T03:54:57.543763+00:00,2026-09-17T03:54:57.660170+00:00,200,no_transcript,artifacts/representative_coverage_pilot_v20260916/raw/CIK0001026662/CLWT/2010Q1/attempt_03_20260917035457543763.json,492,3133d51f7f73a05c985ba3f5f3f782fe41ac2b2703262b645cb72adbbb6a2b40,no_transcript,provider returned no usable transcript segments,terminal_provider_unavailability,terminal_after_later_session_retry,0,0,,
pilot_20260917T035455Z,CIK0001318220,0001318220,Waste Connections Inc,WCN,2010Q1,3,2026-09-17T03:55:05.557490+00:00,2026-09-17T03:55:05.678776+00:00,200,no_transcript,artifacts/representative_coverage_pilot_v20260916/raw/CIK0001318220/WCN/2010Q1/attempt_03_20260917035505557490.json,485,bdd6d995ace189caf9625e43d3defb6df6a2b7850c98bc093af5fffc41a6a916,no_transcript,provider returned no usable transcript segments,terminal_provider_unavailability,terminal_after_later_session_retry,0,0,,
pilot_20260917T035455Z,CIK0001002242,0001002242,Eni Spa,E,2010Q2,3,2026-09-17T03:55:21.616617+00:00,2026-09-17T03:55:21.757419+00:00,200,no_transcript,artifacts/representative_coverage_pilot_v20260916/raw/CIK0001002242/E/2010Q2/attempt_03_20260917035521616617.json,467,773fb7c03affb3809a0696dd9c8ad60950babfeb969a9732f69179f8821d7051,no_transcript,provider returned no usable transcript segments,terminal_provider_unavailability,terminal_after_later_session_retry,0,0,,
pilot_20260917T035455Z,CIK0001166663,0001166663,Tsakos Energy Navigation Ltd,TEN,2010Q2,3,2026-09-17T03:55:29.637537+00:00,2026-09-17T03:55:29.770501+00:00,200,no_transcript,artifacts/representative_coverage_pilot_v20260916/raw/CIK0001166663/TEN/2010Q2/attempt_03_20260917035529637537.json,492,891b7496ff72c2d6faa5865202dc92f3edc0e8f213a375133427585145c478c3,no_transcript,provider returned no usable transcript segments,terminal_provider_unavailability,terminal_after_later_session_retry,0,0,,
pilot_20260917T035455Z,CIK0001419945,0001419945,Teekay Tankers Ltd - Class A,TNK,2010Q2,3,2026-09-17T03:55:41.670323+00:00,2026-09-17T03:55:41.791905+00:00,200,no_transcript,artifacts/representative_coverage_pilot_v20260916/raw/CIK0001419945/TNK/2010Q2/attempt_03_20260917035541670323.json,492,3c200c1c829d220fb80b8f380da9cd80c989e9b303f633d1d2e075af47136c8f,no_transcript,provider returned no usable transcript segments,terminal_provider_unavailability,terminal_after_later_session_retry,0,0,,
pilot_20260917T035455Z,CIK0001444406,0001444406,Ecopetrol SA,EC,2010Q2,3,2026-09-17T03:55:43.675895+00:00,2026-09-17T03:55:43.799900+00:00,200,no_transcript,artifacts/representative_coverage_pilot_v20260916/raw/CIK0001444406/EC/2010Q2/attempt_03_20260917035543675895.json,474,096e01fe898c73cb2f483c8b639f497d4be3eda1230563dfef30ebd09f92afe4,no_transcript,provider returned no usable transcript segments,terminal_provider_unavailability,terminal_after_later_session_retry,0,0,,
pilot_20260917T035455Z,CIK0001499780,0001499780,Globus Maritime Ltd,GLBS,2010Q2,3,2026-09-17T03:55:45.682316+00:00,2026-09-17T03:55:45.808393+00:00,200,no_transcript,artifacts/representative_coverage_pilot_v20260916/raw/CIK0001499780/GLBS/2010Q2/attempt_03_20260917035545682316.json,485,aec4002dd9a177860891c099ca834727ea2167232291629aec0ca30f8cb902b9,no_transcript,provider returned no usable transcript segments,terminal_provider_unavailability,terminal_after_later_session_retry,0,0,,
pilot_20260917T035455Z,CIK0001472072,0001472072,Concord Medical Services,CCM,2010Q4,3,2026-09-17T03:56:25.812454+00:00,2026-09-17T03:56:26.024122+00:00,200,no_transcript,artifacts/representative_coverage_pilot_v20260916/raw/CIK0001472072/CCM/2010Q4/attempt_03_20260917035625812454.json,488,9f7c7aa44562a4a365824d575ab3c128aafcf0d7b2a0dd1a5ef35329c45a54c5,no_transcript,provider returned no usable transcript segments,terminal_provider_unavailability,terminal_after_later_session_retry,0,0,,
pilot_20260917T035455Z,CIK0001099590,0001099590,MercadoLibre Inc,MELI,2011Q1,3,2026-09-17T03:56:49.857623+00:00,2026-09-17T03:56:49.964753+00:00,200,no_transcript,artifacts/representative_coverage_pilot_v20260916/raw/CIK0001099590/MELI/2011Q1/attempt_03_20260917035649857623.json,482,e3ed4b3fb0219462f35e9aad5008d5c4a1cf2e2a810e5ad629d30b75a3850982,no_transcript,provider returned no usable transcript segments,terminal_provider_unavailability,terminal_after_later_session_retry,0,0,,
pilot_20260917T035455Z,CIK0001027552,0001027552,Banco Santander Chile SA,BSAC,2011Q2,3,2026-09-17T03:57:05.904695+00:00,2026-09-17T03:57:06.032033+00:00,200,no_transcript,artifacts/representative_coverage_pilot_v20260916/raw/CIK0001027552/BSAC/2011Q2/attempt_03_20260917035705904695.json,490,4fcbb93825dc6156707fda01ca97e589773787ef112ba8c4d0bd2c1ba8b40372,no_transcript,provider returned no usable transcript segments,terminal_provider_unavailability,terminal_after_later_session_retry,0,0,,
pilot_20260917T035455Z,CIK0001084201,0001084201,Sinovac Biotech Ltd,SVA,2011Q2,3,2026-09-17T03:57:07.910728+00:00,2026-09-17T03:57:08.057854+00:00,200,no_transcript,artifacts/representative_coverage_pilot_v20260916/raw/CIK0001084201/SVA/2011Q2/attempt_03_20260917035707910728.json,483,a912ebb28213f64e9730dfae7c2e82c68ab177fa39c1f65fb1259dbcef788c7c,no_transcript,provider returned no usable transcript segments,terminal_provider_unavailability,terminal_after_later_session_retry,0,0,,
pilot_20260917T035455Z,CIK0001160165,0001160165,Shengdatech Inc,SDTHQ,2011Q2,3,2026-09-17T03:57:09.917367+00:00,2026-09-17T03:57:10.047195+00:00,200,no_transcript,artifacts/representative_coverage_pilot_v20260916/raw/CIK0001160165/SDTHQ/2011Q2/attempt_03_20260917035709917367.json,483,fa10dd891e3575d73fa1423bb490226f3d07a236936d314e23e1c85d03501368,no_transcript,provider returned no usable transcript segments,terminal_provider_unavailability,terminal_after_later_session_retry,0,0,,
pilot_20260917T035455Z,CIK0001232524,0001232524,Jazz Pharmaceuticals plc,JAZZ,2011Q2,3,2026-09-17T03:57:13.929685+00:00,2026-09-17T03:57:14.056011+00:00,200,no_transcript,artifacts/representative_coverage_pilot_v20260916/raw/CIK0001232524/JAZZ/2011Q2/attempt_03_20260917035713929685.json,490,2abee6de6c81231e2fbf42ad892a2df7691ade3853af027e544f96993d43a7f5,no_transcript,provider returned no usable transcript segments,terminal_provider_unavailability,terminal_after_later_session_retry,0,0,,
pilot_20260917T035455Z,CIK0001132651,0001132651,Ames National Corp,ATLO,2011Q3,3,2026-09-17T03:57:39.999541+00:00,2026-09-17T03:57:40.298021+00:00,200,no_transcript,artifacts/representative_coverage_pilot_v20260916/raw/CIK0001132651/ATLO/2011Q3/attempt_03_20260917035739999541.json,484,e5ce9860a0c8749823fe4a43efd696dc3f9e0877e2b041cd994fa270282d36c0,no_transcript,provider returned no usable transcript segments,terminal_provider_unavailability,terminal_after_later_session_retry,0,0,,
pilot_20260917T035455Z,CIK0001442620,0001442620,Recon Technology Ltd - Class A,RCON,2011Q3,3,2026-09-17T03:57:46.015710+00:00,2026-09-17T03:57:46.228946+00:00,200,no_transcript,artifacts/representative_coverage_pilot_v20260916/raw/CIK0001442620/RCON/2011Q3/attempt_03_20260917035746015710.json,496,b9da3bc05c50d3ac2b9857420cbc403e810cb6a0c374c7046064664c1a49625d,no_transcript,provider returned no usable transcript segments,terminal_provider_unavailability,terminal_after_later_session_retry,0,0,,
pilot_20260917T035455Z,CIK0000916793,0000916793,Silicom Ltd,SILC,2011Q4,3,2026-09-17T03:57:54.034144+00:00,2026-09-17T03:57:54.207322+00:00,200,no_transcript,artifacts/representative_coverage_pilot_v20260916/raw/CIK0000916793/SILC/2011Q4/attempt_03_20260917035754034144.json,477,528e15c98c76e68529e567052a38603bbfc8933ed4e5c5673b76a105c0636ce0,no_transcript,provider returned no usable transcript segments,terminal_provider_unavailability,terminal_after_later_session_retry,0,0,,
pilot_20260917T035455Z,CIK0001240581,0001240581,Clifton Savings Bancorp Inc,CSBK,2011Q4,3,2026-09-17T03:58:02.049258+00:00,2026-09-17T03:58:02.228834+00:00,200,no_transcript,artifacts/representative_coverage_pilot_v20260916/raw/CIK0001240581/CSBK/2011Q4/attempt_03_20260917035802049258.json,493,365372464febce46e23d1b2eb6a371dcfe9e50c19df2d4e65cc482e249944ec8,no_transcript,provider returned no usable transcript segments,terminal_provider_unavailability,terminal_after_later_session_retry,0,0,,
pilot_20260917T035455Z,CIK0001374339,0001374339,ProMIS Neurosciences Inc,PMN,2011Q4,3,2026-09-17T03:58:04.054296+00:00,2026-09-17T03:58:04.173441+00:00,200,no_transcript,artifacts/representative_coverage_pilot_v20260916/raw/CIK0001374339/PMN/2011Q4/attempt_03_20260917035804054296.json,488,794d962a9ca5d71896918da7e623f34ff5049d4e63d3bf1523e0fb8393bc32fc,no_transcript,provider returned no usable transcript segments,terminal_provider_unavailability,terminal_after_later_session_retry,0,0,,
pilot_20260917T035455Z,CIK0001483934,0001483934,Scorpio Tankers Inc,STNG,2011Q4,3,2026-09-17T03:58:06.059654+00:00,2026-09-17T03:58:06.261251+00:00,200,no_transcript,artifacts/representative_coverage_pilot_v20260916/raw/CIK0001483934/STNG/2011Q4/attempt_03_20260917035806059654.json,485,e031880fb66aa166b2ff1ca90d12ff00a19f3b7d40f08e5d9f0add5f375312c3,no_transcript,provider returned no usable transcript segments,terminal_provider_unavailability,terminal_after_later_session_retry,0,0,,
pilot_20260917T035455Z,CIK0000924613,0000924613,Nokia Corp,NOK,2012Q1,3,2026-09-17T03:58:10.066962+00:00,2026-09-17T03:58:10.193292+00:00,200,no_transcript,artifacts/representative_coverage_pilot_v20260916/raw/CIK0000924613/NOK/2012Q1/attempt_03_20260917035810066962.json,474,f6b4cfbec47b8ed31ff86ad2d450418467b16eba83c93272137526f0b4c64a9d,no_transcript,provider returned no usable transcript segments,terminal_provider_unavailability,terminal_after_later_session_retry,0,0,,
pilot_20260917T035455Z,CIK0001018946,0001018946,Steiner Leisure Ltd,STNR,2012Q1,3,2026-09-17T03:58:12.072280+00:00,2026-09-17T03:58:12.191733+00:00,200,no_transcript,artifacts/representative_coverage_pilot_v20260916/raw/CIK0001018946/STNR/2012Q1/attempt_03_20260917035812072280.json,485,b865700131c83c9e4c3585141aafc7289540eacf1e4220c84340752a2fcf21a2,no_transcript,provider returned no usable transcript segments,terminal_provider_unavailability,terminal_after_later_session_retry,0,0,,
pilot_20260917T035455Z,CIK0001076378,0001076378,Cemex S.A.B. De C.V.,CX,2012Q1,3,2026-09-17T03:58:16.082367+00:00,2026-09-17T03:58:16.237251+00:00,200,no_transcript,artifacts/representative_coverage_pilot_v20260916/raw/CIK0001076378/CX/2012Q1/attempt_03_20260917035816082367.json,482,4215dfbb0a920451b99f824b8ca1009adcec15fb824f0af81aa45e986fdd6ce9,no_transcript,provider returned no usable transcript segments,terminal_provider_unavailability,terminal_after_later_session_retry,0,0,,
pilot_20260917T035455Z,CIK0001131383,0001131383,Stantec Inc,STN,2012Q1,3,2026-09-17T03:58:18.087412+00:00,2026-09-17T03:58:18.223386+00:00,200,no_transcript,artifacts/representative_coverage_pilot_v20260916/raw/CIK0001131383/STN/2012Q1/attempt_03_20260917035818087412.json,475,66f4eafd0a24fe3cf995d2da0a8ec3a3e36ec8f35f1547d4a7886298148fabe6,no_transcript,provider returned no usable transcript segments,terminal_provider_unavailability,terminal_after_later_session_retry,0,0,,
pilot_20260917T035455Z,CIK0001190723,0001190723,Tenaris S.A.,TS,2012Q1,3,2026-09-17T03:58:22.097441+00:00,2026-09-17T03:58:22.235538+00:00,200,no_transcript,artifacts/representative_coverage_pilot_v20260916/raw/CIK0001190723/TS/2012Q1/attempt_03_20260917035822097441.json,474,cbad098dfaa681fdc23360149eb2a790e0912c7ef819fa9d04fc85bc99deed88,no_transcript,provider returned no usable transcript segments,terminal_provider_unavailability,terminal_after_later_session_retry,0,0,,
pilot_20260917T035455Z,CIK0001335730,0001335730,Mizuho Financial Group Inc,MFG,2012Q1,3,2026-09-17T03:58:24.099026+00:00,2026-09-17T03:58:24.252480+00:00,200,no_transcript,artifacts/representative_coverage_pilot_v20260916/raw/CIK0001335730/MFG/2012Q1/attempt_03_20260917035824099026.json,490,b6cac929d25682845e8a7663cae09a7503ceeee8148b4e249df56442405da4ec,no_transcript,provider returned no usable transcript segments,terminal_provider_unavailability,terminal_after_later_session_retry,0,0,,
pilot_20260917T035455Z,CIK0001385187,0001385187,Covidien plc,COV,2012Q1,3,2026-09-17T03:58:26.104068+00:00,2026-09-17T03:58:26.287563+00:00,200,no_transcript,artifacts/representative_coverage_pilot_v20260916/raw/CIK0001385187/COV/2012Q1/attempt_03_20260917035826104068.json,476,952671ac0cfad299906eb0f0d0287635403ae3cd826370687b01bcab3c22cca5,no_transcript,provider returned no usable transcript segments,terminal_provider_unavailability,terminal_after_later_session_retry,0,0,,
pilot_20260917T035455Z,CIK0001445930,0001445930,KB Financial Group Inc,KB,2012Q2,3,2026-09-17T03:58:48.150320+00:00,2026-09-17T03:58:48.287958+00:00,200,no_transcript,artifacts/representative_coverage_pilot_v20260916/raw/CIK0001445930/KB/2012Q2/attempt_03_20260917035848150320.json,484,023a7dcac8ed9ea9910f8f3ba52ea790b3f9acc083f230f0321ab403e3df0554,no_transcript,provider returned no usable transcript segments,terminal_provider_unavailability,terminal_after_later_session_retry,0,0,,
pilot_20260917T035455Z,CIK0001002242,0001002242,Eni Spa,E,2012Q4,3,2026-09-17T03:59:18.230954+00:00,2026-09-17T03:59:18.370427+00:00,200,no_transcript,artifacts/representative_coverage_pilot_v20260916/raw/CIK0001002242/E/2012Q4/attempt_03_20260917035918230954.json,467,5b6782c6fad0815f96893b023645833d81d6ce6d2c9ef1f411194fa63459bba9,no_transcript,provider returned no usable transcript segments,terminal_provider_unavailability,terminal_after_later_session_retry,0,0,,
pilot_20260917T035455Z,CIK0001395213,0001395213,Empresa Distribuidora y Comercial Norte S.A.,EDN,2012Q4,3,2026-09-17T03:59:24.243373+00:00,2026-09-17T03:59:24.419119+00:00,200,no_transcript,artifacts/representative_coverage_pilot_v20260916/raw/CIK0001395213/EDN/2012Q4/attempt_03_20260917035924243373.json,508,41a7c0c76878b1fdbfea88d45467c71fbb90fdb3d5c1e04413f68369250bd6e5,no_transcript,provider returned no usable transcript segments,terminal_provider_unavailability,terminal_after_later_session_retry,0,0,,
pilot_20260917T035455Z,CIK0001434265,0001434265,Genmab,GMAB,2012Q4,3,2026-09-17T03:59:26.248413+00:00,2026-09-17T03:59:26.384577+00:00,200,no_transcript,artifacts/representative_coverage_pilot_v20260916/raw/CIK0001434265/GMAB/2012Q4/attempt_03_20260917035926248413.json,472,7812ac467ee36b86f995c8b49dcec6721ae4e22868983cd9c587ef7abe76eef8,no_transcript,provider returned no usable transcript segments,terminal_provider_unavailability,terminal_after_later_session_retry,0,0,,
pilot_20260917T035455Z,CIK0001506184,0001506184,Immutep Ltd,IMMP,2012Q4,3,2026-09-17T03:59:28.249363+00:00,2026-09-17T03:59:28.373752+00:00,200,no_transcript,artifacts/representative_coverage_pilot_v20260916/raw/CIK0001506184/IMMP/2012Q4/attempt_03_20260917035928249363.json,477,5ba58fc7c482abb587e204a1dbace3070133ce18482dd80f5559975e136acffd,no_transcript,provider returned no usable transcript segments,terminal_provider_unavailability,terminal_after_later_session_retry,0,0,,
pilot_20260917T035455Z,CIK0001308648,0001308648,First Majestic Silver Corporation,AG,2013Q1,3,2026-09-17T03:59:34.265312+00:00,2026-09-17T03:59:34.377906+00:00,200,no_transcript,artifacts/representative_coverage_pilot_v20260916/raw/CIK0001308648/AG/2013Q1/attempt_03_20260917035934265312.json,495,262c5640fec90726a97e684b95cb3e1ac7d07c82d5e3e4f1d0b13f373678765a,no_transcript,provider returned no usable transcript segments,terminal_provider_unavailability,terminal_after_later_session_retry,0,0,,
pilot_20260917T035455Z,CIK0001070304,0001070304,Orix Corporation,IX,2013Q2,3,2026-09-17T03:59:50.300624+00:00,2026-09-17T03:59:50.559285+00:00,200,no_transcript,artifacts/representative_coverage_pilot_v20260916/raw/CIK0001070304/IX/2013Q2/attempt_03_20260917035950300624.json,478,ef38d8f2b9151aedebdef27e98b5b94dd15f6ea75b151c5f71bd65a23ae8fd42,no_transcript,provider returned no usable transcript segments,terminal_provider_unavailability,terminal_after_later_session_retry,0,0,,
pilot_20260917T035455Z,CIK0001846715,0001846715,Nextwave Wirless,WAVE,2013Q2,3,2026-09-17T04:00:02.364124+00:00,2026-09-17T04:00:02.544866+00:00,200,no_transcript,artifacts/representative_coverage_pilot_v20260916/raw/CIK0001846715/WAVE/2013Q2/attempt_03_20260917040002364124.json,482,5dd33c3667e920898a791bdb2832cb3bd4e60713fdf17cd9223bfbf0d62d09d3,no_transcript,provider returned no usable transcript segments,terminal_provider_unavailability,terminal_after_later_session_retry,0,0,,
pilot_20260917T035455Z,CIK0001005516,0001005516,B.O.S. Better Online Solutions,BOSC,2013Q3,3,2026-09-17T04:00:12.386204+00:00,2026-09-17T04:00:12.503412+00:00,200,no_transcript,artifacts/representative_coverage_pilot_v20260916/raw/CIK0001005516/BOSC/2013Q3/attempt_03_20260917040012386204.json,496,58173b8a29f17285072dc7cb71d9044a7b104a2f30e92ae00bf41e3712f811f0,no_transcript,provider returned no usable transcript segments,terminal_provider_unavailability,terminal_after_later_session_retry,0,0,,
pilot_20260917T035455Z,CIK0001172724,0001172724,Gold Fields Ltd,GFI,2013Q3,3,2026-09-17T04:00:14.391247+00:00,2026-09-17T04:00:14.505330+00:00,200,no_transcript,artifacts/representative_coverage_pilot_v20260916/raw/CIK0001172724/GFI/2013Q3/attempt_03_20260917040014391247.json,479,8832039cb99530ef70160314e4b3ad55c9ea0d2ad067fb8a798ffb22cfee89d7,no_transcript,provider returned no usable transcript segments,terminal_provider_unavailability,terminal_after_later_session_retry,0,0,,
pilot_20260917T035455Z,CIK0001132651,0001132651,Ames National Corp,ATLO,2013Q4,3,2026-09-17T04:00:42.465599+00:00,2026-09-17T04:00:42.608339+00:00,200,no_transcript,artifacts/representative_coverage_pilot_v20260916/raw/CIK0001132651/ATLO/2013Q4/attempt_03_20260917040042465599.json,484,d1daded95bcc324f9df5f1c4ade7b0e7573fa331cf0ce9f02a609685a0cc742f,no_transcript,provider returned no usable transcript segments,terminal_provider_unavailability,terminal_after_later_session_retry,0,0,,
pilot_20260917T035455Z,CIK0001434265,0001434265,Genmab,GMAB,2013Q4,3,2026-09-17T04:00:54.500602+00:00,2026-09-17T04:00:54.651645+00:00,200,no_transcript,artifacts/representative_coverage_pilot_v20260916/raw/CIK0001434265/GMAB/2013Q4/attempt_03_20260917040054500602.json,472,755c5a8576526d96e7d76240105210bbdcea3b63875eb02b5b86502b424dc45f,no_transcript,provider returned no usable transcript segments,terminal_provider_unavailability,terminal_after_later_session_retry,0,0,,
pilot_20260917T035455Z,CIK0001513161,0001513161,Home Loan Servicing Solutions Ltd,HLSS,2013Q4,3,2026-09-17T04:00:56.505660+00:00,2026-09-17T04:00:56.649735+00:00,200,no_transcript,artifacts/representative_coverage_pilot_v20260916/raw/CIK0001513161/HLSS/2013Q4/attempt_03_20260917040056505660.json,499,522be43a893be76161077885a0a8e08bfb6e8bf7085dbd4e8f0e352304b15fa9,no_transcript,provider returned no usable transcript segments,terminal_provider_unavailability,terminal_after_later_session_retry,0,0,,
pilot_20260917T035455Z,CIK0001534675,0001534675,Tecnoglass Holdings Inc,TGLS,2013Q4,3,2026-09-17T04:00:58.510540+00:00,2026-09-17T04:00:58.648119+00:00,200,no_transcript,artifacts/representative_coverage_pilot_v20260916/raw/CIK0001534675/TGLS/2013Q4/attempt_03_20260917040058510540.json,489,8254ba67117caa0be7b500e671f177d85c4d81dcb276b1da584a5586f38cd38c,no_transcript,provider returned no usable transcript segments,terminal_provider_unavailability,terminal_after_later_session_retry,0,0,,
pilot_20260917T035455Z,CIK0001037676,0001037676,Arch Coal Inc,ACI,2014Q1,3,2026-09-17T04:01:08.544811+00:00,2026-09-17T04:01:08.737547+00:00,200,no_transcript,artifacts/representative_coverage_pilot_v20260916/raw/CIK0001037676/ACI/2014Q1/attempt_03_20260917040108544811.json,477,262f276879d67a75549ce389458a737de7f35b61d2bea0fe2a5ff42fb2853abe,no_transcript,provider returned no usable transcript segments,terminal_provider_unavailability,terminal_after_later_session_retry,0,0,,
pilot_20260917T035455Z,CIK0001513965,0001513965,American Midstream Partners LP,AMID,2014Q1,3,2026-09-17T04:01:12.560280+00:00,2026-09-17T04:01:12.682831+00:00,200,no_transcript,artifacts/representative_coverage_pilot_v20260916/raw/CIK0001513965/AMID/2014Q1/attempt_03_20260917040112560280.json,496,2b8e81f7aee60d70d9541d4b35898f8e39313caacd7d9247c89b75cc581b656e,no_transcript,provider returned no usable transcript segments,terminal_provider_unavailability,terminal_after_later_session_retry,0,0,,
pilot_20260917T035455Z,CIK0001521332,0001521332,Aptiv PLC,APTV,2014Q1,3,2026-09-17T04:01:14.575168+00:00,2026-09-17T04:01:14.688860+00:00,200,no_transcript,artifacts/representative_coverage_pilot_v20260916/raw/CIK0001521332/APTV/2014Q1/attempt_03_20260917040114575168.json,475,58e21d70e665b38978b4be2bff6750b92c87ee1f1a7f8a0184639a9f2c5490b9,no_transcript,provider returned no usable transcript segments,terminal_provider_unavailability,terminal_after_later_session_retry,0,0,,
pilot_20260917T035455Z,CIK0000909037,0000909037,Sociedad Quimica Y Minera de Chile S.A.,SQM,2014Q2,3,2026-09-17T04:01:22.602655+00:00,2026-09-17T04:01:22.758591+00:00,200,no_transcript,artifacts/representative_coverage_pilot_v20260916/raw/CIK0000909037/SQM/2014Q2/attempt_03_20260917040122602655.json,503,80d3418ac040658a649c576f776b96d3df78766cc0b5926d4e8a6ab8b36da7cf,no_transcript,provider returned no usable transcript segments,terminal_provider_unavailability,terminal_after_later_session_retry,0,0,,
pilot_20260917T035455Z,CIK0002024656,0002024656,First M & F Corp,FMFC,2014Q2,3,2026-09-17T04:01:28.624336+00:00,2026-09-17T04:01:28.743216+00:00,200,no_transcript,artifacts/representative_coverage_pilot_v20260916/raw/CIK0002024656/FMFC/2014Q2/attempt_03_20260917040128624336.json,482,a66655b06d6009928859bd4499c840138defe81b4dc2321fcaa11fdb7ec8f986,no_transcript,provider returned no usable transcript segments,terminal_provider_unavailability,terminal_after_later_session_retry,0,0,,
pilot_20260917T035455Z,CIK0001116578,0001116578,Prudential plc,PUK,2014Q3,3,2026-09-17T04:01:36.656728+00:00,2026-09-17T04:01:36.787534+00:00,200,no_transcript,artifacts/representative_coverage_pilot_v20260916/raw/CIK0001116578/PUK/2014Q3/attempt_03_20260917040136656728.json,478,907b6659a9de2f8c7f58b8b8cdf175e32bd168004d10a5c42836fcd78e4f397b,no_transcript,provider returned no usable transcript segments,terminal_provider_unavailability,terminal_after_later_session_retry,0,0,,
pilot_20260917T035455Z,CIK0001400438,0001400438,Largo Inc,LGO,2014Q3,3,2026-09-17T04:01:46.702675+00:00,2026-09-17T04:01:46.870569+00:00,200,no_transcript,artifacts/representative_coverage_pilot_v20260916/raw/CIK0001400438/LGO/2014Q3/attempt_03_20260917040146702675.json,473,c2723077058500deabd3ddd344f44ec18652b1d2f0c8b6b47c343bc65d858a80,no_transcript,provider returned no usable transcript segments,terminal_provider_unavailability,terminal_after_later_session_retry,0,0,,
pilot_20260917T035455Z,CIK0000895126,0000895126,Chesapeake Energy Corp,CHK-P-D,2015Q1,3,2026-09-17T04:02:10.803203+00:00,2026-09-17T04:02:10.994361+00:00,200,no_transcript,artifacts/representative_coverage_pilot_v20260916/raw/CIK0000895126/CHK-P-D/2015Q1/attempt_03_20260917040210803203.json,494,a491fa514491471f7179bec701802897d4ce65960caf5cc9bc6ee428502975a3,no_transcript,provider returned no usable transcript segments,terminal_provider_unavailability,terminal_after_later_session_retry,0,0,,
pilot_20260917T035455Z,CIK0001004155,0001004155,AGL Resources Inc,GAS,2015Q1,3,2026-09-17T04:02:14.814571+00:00,2026-09-17T04:02:14.972353+00:00,200,no_transcript,artifacts/representative_coverage_pilot_v20260916/raw/CIK0001004155/GAS/2015Q1/attempt_03_20260917040214814571.json,481,dbd139fc7c9902e94b9799533bcaf28cb24a661f053cad0d1627d9c5ece18881,no_transcript,provider returned no usable transcript segments,terminal_provider_unavailability,terminal_after_later_session_retry,0,0,,
pilot_20260917T035455Z,CIK0001012477,0001012477,Flamel Technologies SA,FLML,2015Q2,3,2026-09-17T04:02:28.883895+00:00,2026-09-17T04:02:28.983408+00:00,200,no_transcript,artifacts/representative_coverage_pilot_v20260916/raw/CIK0001012477/FLML/2015Q2/attempt_03_20260917040228883895.json,488,bf767ac8bec4e21099be249244f08d0fb51105165cc496ac0393ddc4f158d385,no_transcript,provider returned no usable transcript segments,terminal_provider_unavailability,terminal_after_later_session_retry,0,0,,
pilot_20260917T035455Z,CIK0001110805,0001110805,Nustar Energy L P,NS,2015Q2,3,2026-09-17T04:02:30.893576+00:00,2026-09-17T04:02:31.028110+00:00,200,no_transcript,artifacts/representative_coverage_pilot_v20260916/raw/CIK0001110805/NS/2015Q2/attempt_03_20260917040230893576.json,479,eecbd329c0441e9b0fcc6295899919385b83bc74ba5e6da7a6f3db9d1b837fab,no_transcript,provider returned no usable transcript segments,terminal_provider_unavailability,terminal_after_later_session_retry,0,0,,
pilot_20260917T035455Z,CIK0001371782,0001371782,MV Oil Trust,MVO,2015Q2,3,2026-09-17T04:02:34.909913+00:00,2026-09-17T04:02:35.111407+00:00,200,no_transcript,artifacts/representative_coverage_pilot_v20260916/raw/CIK0001371782/MVO/2015Q2/attempt_03_20260917040234909913.json,476,a1ad3fa3a56997f644c1ffe4fbdb1de95f9d6dc363329bf305fb6e319dd8c1fe,no_transcript,provider returned no usable transcript segments,terminal_provider_unavailability,terminal_after_later_session_retry,0,0,,
pilot_20260917T035455Z,CIK0001702318,0001702318,Akso Health Group,AHG,2015Q2,3,2026-09-17T04:02:36.916522+00:00,2026-09-17T04:02:37.038326+00:00,200,no_transcript,artifacts/representative_coverage_pilot_v20260916/raw/CIK0001702318/AHG/2015Q2/attempt_03_20260917040236916522.json,481,9aa8173786dfd60a0c8219bd32869455a21f3169f17aa2ec6c42c39e8af1c574,no_transcript,provider returned no usable transcript segments,terminal_provider_unavailability,terminal_after_later_session_retry,0,0,,
pilot_20260917T035455Z,CIK0001053532,0001053532,LaSalle Hotel Properties,LHO,2015Q3,3,2026-09-17T04:02:44.954757+00:00,2026-09-17T04:02:45.072090+00:00,200,no_transcript,artifacts/representative_coverage_pilot_v20260916/raw/CIK0001053532/LHO/2015Q3/attempt_03_20260917040244954757.json,488,84a6a1aade279a6e06533f760e2bf12931e2893f39edbd27431b8ab286e0c94a,no_transcript,provider returned no usable transcript segments,terminal_provider_unavailability,terminal_after_later_session_retry,0,0,,
pilot_20260917T035455Z,CIK0001354371,0001354371,Pplus Trust Series RRD-1,PYS,2015Q3,3,2026-09-17T04:02:50.975768+00:00,2026-09-17T04:02:51.113145+00:00,200,no_transcript,artifacts/representative_coverage_pilot_v20260916/raw/CIK0001354371/PYS/2015Q3/attempt_03_20260917040250975768.json,488,6f41357e8ddb365e43369663d7ad2205168d89144407589fb4682f6e4e7afa29,no_transcript,provider returned no usable transcript segments,terminal_provider_unavailability,terminal_after_later_session_retry,0,0,,
pilot_20260917T035455Z,CIK0001053532,0001053532,LaSalle Hotel Properties,LHO,2015Q4,3,2026-09-17T04:03:09.034538+00:00,2026-09-17T04:03:09.193812+00:00,200,no_transcript,artifacts/representative_coverage_pilot_v20260916/raw/CIK0001053532/LHO/2015Q4/attempt_03_20260917040309034538.json,488,bd7c0ab804591a4fdb0911eb9632ee9fe786775a1df5fdeae08d4c563759ff59,no_transcript,provider returned no usable transcript segments,terminal_provider_unavailability,terminal_after_later_session_retry,0,0,,
pilot_20260917T035455Z,CIK0001413855,0001413855,AIFU Inc,AIFU,2015Q4,3,2026-09-17T04:03:17.069955+00:00,2026-09-17T04:03:17.179443+00:00,200,no_transcript,artifacts/representative_coverage_pilot_v20260916/raw/CIK0001413855/AIFU/2015Q4/attempt_03_20260917040317069955.json,474,9fdaa2c4ed10de0e018a8416f3a75fc1e54449df3dd5f36bba96979be22ebd7f,no_transcript,provider returned no usable transcript segments,terminal_provider_unavailability,terminal_after_later_session_retry,0,0,,
pilot_20260917T035455Z,CIK0001424755,0001424755,Travelport Worldwide Ltd,TVPT,2015Q4,3,2026-09-17T04:03:21.083164+00:00,2026-09-17T04:03:21.250160+00:00,200,no_transcript,artifacts/representative_coverage_pilot_v20260916/raw/CIK0001424755/TVPT/2015Q4/attempt_03_20260917040321083164.json,490,6b08757a4f7c48c4c45968f9ce85981c0a5f98808a802c1a828c1719004e2da8,no_transcript,provider returned no usable transcript segments,terminal_provider_unavailability,terminal_after_later_session_retry,0,0,,
pilot_20260917T035455Z,CIK0001575051,0001575051,Oci Resources LP,OCIR,2015Q4,3,2026-09-17T04:03:27.099237+00:00,2026-09-17T04:03:27.209008+00:00,200,no_transcript,artifacts/representative_coverage_pilot_v20260916/raw/CIK0001575051/OCIR/2015Q4/attempt_03_20260917040327099237.json,482,5ae24978cf05468c63c31c49df0125516c92a9a4011a0462c0dfe685e7cf4d2b,no_transcript,provider returned no usable transcript segments,terminal_provider_unavailability,terminal_after_later_session_retry,0,0,,
pilot_20260917T035455Z,CIK0001872529,0001872529,MDxHealth SA,MDXH,2015Q4,3,2026-09-17T04:03:31.108662+00:00,2026-09-17T04:03:31.313466+00:00,200,no_transcript,artifacts/representative_coverage_pilot_v20260916/raw/CIK0001872529/MDXH/2015Q4/attempt_03_20260917040331108662.json,478,2ef82af976f02489f2f94168f63970ae32ef3d03aa1986b57dde3d040b3ae5df,no_transcript,provider returned no usable transcript segments,terminal_provider_unavailability,terminal_after_later_session_retry,0,0,,
pilot_20260917T035455Z,CIK0001609132,0001609132,C1 Financial Inc,BNK,2016Q1,3,2026-09-17T04:04:01.229735+00:00,2026-09-17T04:04:01.432746+00:00,200,no_transcript,artifacts/representative_coverage_pilot_v20260916/raw/CIK0001609132/BNK/2016Q1/attempt_03_20260917040401229735.json,480,135757ca0b98b26ab862a20249f4ce473cec9e4cf856ab804a7bbd2d3ae7e3ff,no_transcript,provider returned no usable transcript segments,terminal_provider_unavailability,terminal_after_later_session_retry,0,0,,
pilot_20260917T035455Z,CIK0001407739,0001407739,DuPont Fabros Technology Inc,DFT,2016Q2,3,2026-09-17T04:04:09.259506+00:00,2026-09-17T04:04:09.377037+00:00,200,no_transcript,artifacts/representative_coverage_pilot_v20260916/raw/CIK0001407739/DFT/2016Q2/attempt_03_20260917040409259506.json,492,b75c5a79ca2a97810511bb240665c8e7cdb2f35f03b171c6fa2c4187f0c4d040,no_transcript,provider returned no usable transcript segments,terminal_provider_unavailability,terminal_after_later_session_retry,0,0,,
pilot_20260917T035455Z,CIK0001821866,0001821866,BTQ Technologies Corp,BTQ,2016Q2,3,2026-09-17T04:04:19.293110+00:00,2026-09-17T04:04:19.442441+00:00,200,no_transcript,artifacts/representative_coverage_pilot_v20260916/raw/CIK0001821866/BTQ/2016Q2/attempt_03_20260917040419293110.json,485,4324c8a04b42047d66068be16b47d81138388d73915d6b9a7e7adf780f6ba92b,no_transcript,provider returned no usable transcript segments,terminal_provider_unavailability,terminal_after_later_session_retry,0,0,,
pilot_20260917T035455Z,CIK0001011109,0001011109,ACRE Realty Investors Inc,AIII,2016Q3,3,2026-09-17T04:04:29.333139+00:00,2026-09-17T04:04:29.537402+00:00,200,no_transcript,artifacts/representative_coverage_pilot_v20260916/raw/CIK0001011109/AIII/2016Q3/attempt_03_20260917040429333139.json,491,b0d3578649eba6af3e28b86c788f285f28662cdcad67328bcee98d4fc6e8d683,no_transcript,provider returned no usable transcript segments,terminal_provider_unavailability,terminal_after_later_session_retry,0,0,,
pilot_20260917T035455Z,CIK0001356284,0001356284,Synthetic Fixed-Income Securities Inc,GJS,2016Q3,3,2026-09-17T04:04:37.369767+00:00,2026-09-17T04:04:37.489324+00:00,200,no_transcript,artifacts/representative_coverage_pilot_v20260916/raw/CIK0001356284/GJS/2016Q3/attempt_03_20260917040437369767.json,501,ae38b1f187fd7b5a2b48444a09638b3fd02b712d69e24cee554546cc17b5f980,no_transcript,provider returned no usable transcript segments,terminal_provider_unavailability,terminal_after_later_session_retry,0,0,,
pilot_20260917T035455Z,CIK0001023734,0001023734,BPZ Resources Inc,BPZ,2016Q4,3,2026-09-17T04:04:53.417825+00:00,2026-09-17T04:04:53.531472+00:00,200,no_transcript,artifacts/representative_coverage_pilot_v20260916/raw/CIK0001023734/BPZ/2016Q4/attempt_03_20260917040453417825.json,481,4839cec0231fd47dc76f5fd3bafdc23ba61eebe1b3a590780d1109274276d5c4,no_transcript,provider returned no usable transcript segments,terminal_provider_unavailability,terminal_after_later_session_retry,0,0,,
pilot_20260917T035455Z,CIK0001283709,0001283709,Thomas Properties Group Inc,TPGI,2016Q4,3,2026-09-17T04:04:55.426876+00:00,2026-09-17T04:04:55.614655+00:00,200,no_transcript,artifacts/representative_coverage_pilot_v20260916/raw/CIK0001283709/TPGI/2016Q4/attempt_03_20260917040455426876.json,493,bf41b39ad0702fd75754c7608ea0cee38594ac5843448c57d4fded6fe057ef2d,no_transcript,provider returned no usable transcript segments,terminal_provider_unavailability,terminal_after_later_session_retry,0,0,,
pilot_20260917T035455Z,CIK0001486159,0001486159,Oasis Petroleum Inc,OAS,2016Q4,3,2026-09-17T04:05:05.462585+00:00,2026-09-17T04:05:05.747702+00:00,200,no_transcript,artifacts/representative_coverage_pilot_v20260916/raw/CIK0001486159/OAS/2016Q4/attempt_03_20260917040505462585.json,483,fba2b89861c9a46f6b71f5876f314c82ecf5794328fa8e1cdcb8374534cb2278,no_transcript,provider returned no usable transcript segments,terminal_provider_unavailability,terminal_after_later_session_retry,0,0,,
pilot_20260917T035455Z,CIK0001595761,0001595761,Weibo Corp,WB,2016Q4,3,2026-09-17T04:05:11.482728+00:00,2026-09-17T04:05:11.607240+00:00,200,no_transcript,artifacts/representative_coverage_pilot_v20260916/raw/CIK0001595761/WB/2016Q4/attempt_03_20260917040511482728.json,472,d95296102b7423d439877bcb37d92218389ac17124f42beb34e7e8a25a63d96c,no_transcript,provider returned no usable transcript segments,terminal_provider_unavailability,terminal_after_later_session_retry,0,0,,
pilot_20260917T035455Z,CIK0001610418,0001610418,CONE Midstream Partners LP,CNNX,2016Q4,3,2026-09-17T04:05:13.485448+00:00,2026-09-17T04:05:13.692146+00:00,200,no_transcript,artifacts/representative_coverage_pilot_v20260916/raw/CIK0001610418/CNNX/2016Q4/attempt_03_20260917040513485448.json,492,2ce60bfbccb0db03c1cc29a17d12d25091b65a97c691a4eeb9839d361ab9d365,no_transcript,provider returned no usable transcript segments,terminal_provider_unavailability,terminal_after_later_session_retry,0,0,,
pilot_20260917T035455Z,CIK0001084201,0001084201,Sinovac Biotech Ltd,SVA,2017Q1,3,2026-09-17T04:05:21.526506+00:00,2026-09-17T04:05:21.648088+00:00,200,no_transcript,artifacts/representative_coverage_pilot_v20260916/raw/CIK0001084201/SVA/2017Q1/attempt_03_20260917040521526506.json,483,7f7b2701966cc496f54220b78b0b2eca83ad69140c07524d08b87db2574904b7,no_transcript,provider returned no usable transcript segments,terminal_provider_unavailability,terminal_after_later_session_retry,0,0,,
pilot_20260917T035455Z,CIK0001114448,0001114448,Novartis AG,NVS,2017Q1,3,2026-09-17T04:05:25.544657+00:00,2026-09-17T04:05:25.651295+00:00,200,no_transcript,artifacts/representative_coverage_pilot_v20260916/raw/CIK0001114448/NVS/2017Q1/attempt_03_20260917040525544657.json,475,a28f8295ad353f1df5df4650c8c21b46430617d061482ae1c29dfe73aa1a24e1,no_transcript,provider returned no usable transcript segments,terminal_provider_unavailability,terminal_after_later_session_retry,0,0,,
pilot_20260917T035455Z,CIK0001165880,0001165880,Montpelier Re Holdings Ltd,MRH,2017Q1,3,2026-09-17T04:05:27.549786+00:00,2026-09-17T04:05:27.717539+00:00,200,no_transcript,artifacts/representative_coverage_pilot_v20260916/raw/CIK0001165880/MRH/2017Q1/attempt_03_20260917040527549786.json,490,082cac4125a02446925a3d02a0c04fe0a366035fbc7655da6b13a5b943fe64e9,no_transcript,provider returned no usable transcript segments,terminal_provider_unavailability,terminal_after_later_session_retry,0,0,,
pilot_20260917T035455Z,CIK0001292556,0001292556,Polypore International Inc,PPO,2017Q1,3,2026-09-17T04:05:29.559868+00:00,2026-09-17T04:05:29.701975+00:00,200,no_transcript,artifacts/representative_coverage_pilot_v20260916/raw/CIK0001292556/PPO/2017Q1/attempt_03_20260917040529559868.json,490,d50f4085ef7b6605f3b6c6e2de98b93c614ef7543c7fcdb3a0cab80e09217088,no_transcript,provider returned no usable transcript segments,terminal_provider_unavailability,terminal_after_later_session_retry,0,0,,
pilot_20260917T035455Z,CIK0001487798,0001487798,Eca Marcellus Trust I,ECT,2017Q1,3,2026-09-17T04:05:37.583095+00:00,2026-09-17T04:05:37.689383+00:00,200,no_transcript,artifacts/representative_coverage_pilot_v20260916/raw/CIK0001487798/ECT/2017Q1/attempt_03_20260917040537583095.json,485,5544ed5b112a1177bb149fc6efb169d136bd135e79fe26ea496272acdc143e4e,no_transcript,provider returned no usable transcript segments,terminal_provider_unavailability,terminal_after_later_session_retry,0,0,,
pilot_20260917T035455Z,CIK0001507964,0001507964,Corvus Gold Inc,KOR,2017Q1,3,2026-09-17T04:05:39.587576+00:00,2026-09-17T04:05:39.773333+00:00,200,no_transcript,artifacts/representative_coverage_pilot_v20260916/raw/CIK0001507964/KOR/2017Q1/attempt_03_20260917040539587576.json,479,56a3adc0b44e96444d9a536de3748f47d5c063f2984f51b02712b52101035ce9,no_transcript,provider returned no usable transcript segments,terminal_provider_unavailability,terminal_after_later_session_retry,0,0,,
pilot_20260917T035455Z,CIK0001296774,0001296774,The9 Ltd,NCTY,2017Q2,3,2026-09-17T04:05:59.683075+00:00,2026-09-17T04:05:59.801964+00:00,200,no_transcript,artifacts/representative_coverage_pilot_v20260916/raw/CIK0001296774/NCTY/2017Q2/attempt_03_20260917040559683075.json,474,36fd919d8428f826449e4d3c800494ce8dcda1fad3ff2b0b16f4f0f5a470ffe8,no_transcript,provider returned no usable transcript segments,terminal_provider_unavailability,terminal_after_later_session_retry,0,0,,
pilot_20260917T035455Z,CIK0001515980,0001515980,Apollo Residential Mortgage Inc,AMTG,2017Q2,3,2026-09-17T04:06:01.690225+00:00,2026-09-17T04:06:01.912186+00:00,200,no_transcript,artifacts/representative_coverage_pilot_v20260916/raw/CIK0001515980/AMTG/2017Q2/attempt_03_20260917040601690225.json,497,3b8ae01296ea6e760290700c888dea1dcb8e56f6552b688911e382297deff09b,no_transcript,provider returned no usable transcript segments,terminal_provider_unavailability,terminal_after_later_session_retry,0,0,,
pilot_20260917T035455Z,CIK0001023514,0001023514,Harmony Gold Mining Co Ltd,HMY,2017Q3,3,2026-09-17T04:06:09.723529+00:00,2026-09-17T04:06:09.847672+00:00,200,no_transcript,artifacts/representative_coverage_pilot_v20260916/raw/CIK0001023514/HMY/2017Q3/attempt_03_20260917040609723529.json,490,61efa9261d9a06e0e451abc6fe7b8f53bce1998307ad6238012d373fe1f36980,no_transcript,provider returned no usable transcript segments,terminal_provider_unavailability,terminal_after_later_session_retry,0,0,,
pilot_20260917T035455Z,CIK0001174850,0001174850,Nicolet Bankshares Inc,NIC,2017Q4,3,2026-09-17T04:06:35.801949+00:00,2026-09-17T04:06:35.916520+00:00,200,no_transcript,artifacts/representative_coverage_pilot_v20260916/raw/CIK0001174850/NIC/2017Q4/attempt_03_20260917040635801949.json,486,a16cb13156f4623294092a7a77492d2a60760470946165970715e508d42bd0e0,no_transcript,provider returned no usable transcript segments,terminal_provider_unavailability,terminal_after_later_session_retry,0,0,,
pilot_20260917T035455Z,CIK0001403385,0001403385,Symetra Financial Corp,SYA,2017Q4,3,2026-09-17T04:06:41.828928+00:00,2026-09-17T04:06:41.938034+00:00,200,no_transcript,artifacts/representative_coverage_pilot_v20260916/raw/CIK0001403385/SYA/2017Q4/attempt_03_20260917040641828928.json,486,02de7ae940769d4dd88a264f443ea4618e45a8fe0f737a786a2b87be603e8444,no_transcript,provider returned no usable transcript segments,terminal_provider_unavailability,terminal_after_later_session_retry,0,0,,
pilot_20260917T035455Z,CIK0001611547,0001611547,Urban Edge Properties,UE,2017Q4,3,2026-09-17T04:06:45.849566+00:00,2026-09-17T04:06:46.246927+00:00,200,no_transcript,artifacts/representative_coverage_pilot_v20260916/raw/CIK0001611547/UE/2017Q4/attempt_03_20260917040645849566.json,483,623deb672fe64f91c75440e7b8f6b3da114d48828d603e20b187651f996a3c11,no_transcript,provider returned no usable transcript segments,terminal_provider_unavailability,terminal_after_later_session_retry,0,0,,
pilot_20260917T035455Z,CIK0001004724,0001004724,AdCare Health Systems Inc,ADK,2018Q1,3,2026-09-17T04:07:01.899704+00:00,2026-09-17T04:07:02.086150+00:00,200,no_transcript,artifacts/representative_coverage_pilot_v20260916/raw/CIK0001004724/ADK/2018Q1/attempt_03_20260917040701899704.json,489,42698478d78195fa697c6bd479bab9fb5d7b0198f2c5aa7008b0072a4a933aa4,no_transcript,provider returned no usable transcript segments,terminal_provider_unavailability,terminal_after_later_session_retry,0,0,,
pilot_20260917T035455Z,CIK0001407739,0001407739,DuPont Fabros Technology Inc,DFT,2018Q1,3,2026-09-17T04:07:09.921562+00:00,2026-09-17T04:07:10.044362+00:00,200,no_transcript,artifacts/representative_coverage_pilot_v20260916/raw/CIK0001407739/DFT/2018Q1/attempt_03_20260917040709921562.json,492,85bf97f6c2049931cfb6d77daf2b3c3ee7d40a606802ace242a1722e2685260e,no_transcript,provider returned no usable transcript segments,terminal_provider_unavailability,terminal_after_later_session_retry,0,0,,
pilot_20260917T035455Z,CIK0001476651,0001476651,FCB Financial Holdings Inc,FCB,2018Q1,3,2026-09-17T04:07:13.933025+00:00,2026-09-17T04:07:14.047720+00:00,200,no_transcript,artifacts/representative_coverage_pilot_v20260916/raw/CIK0001476651/FCB/2018Q1/attempt_03_20260917040713933025.json,490,58048ae8e09457a3ed24e6132dcc98c57f5a20eb1da80d174f64322f3a231d6e,no_transcript,provider returned no usable transcript segments,terminal_provider_unavailability,terminal_after_later_session_retry,0,0,,
pilot_20260917T035455Z,CIK0001584547,0001584547,GreenPower Motor Company Inc,GP,2018Q1,3,2026-09-17T04:07:17.951008+00:00,2026-09-17T04:07:18.060888+00:00,200,no_transcript,artifacts/representative_coverage_pilot_v20260916/raw/CIK0001584547/GP/2018Q1/attempt_03_20260917040717951008.json,490,f86c896f1a93ee84aec4db7d1f4477ca218a6c588a86acd4af6b96e45ea07b6f,no_transcript,provider returned no usable transcript segments,terminal_provider_unavailability,terminal_after_later_session_retry,0,0,,
pilot_20260917T035455Z,CIK0001603145,0001603145,NextEra Energy Partners LP,XIFR,2018Q1,3,2026-09-17T04:07:19.955251+00:00,2026-09-17T04:07:20.061788+00:00,200,no_transcript,artifacts/representative_coverage_pilot_v20260916/raw/CIK0001603145/XIFR/2018Q1/attempt_03_20260917040719955251.json,492,75ae2a39a4ce4ad319fb522bf596491f105008b5fe27f1ab85bd8781f4917019,no_transcript,provider returned no usable transcript segments,terminal_provider_unavailability,terminal_after_later_session_retry,0,0,,
pilot_20260917T035455Z,CIK0000003982,0000003982,Allis Chalmers Energy Inc,ALY,2018Q2,3,2026-09-17T04:07:25.976554+00:00,2026-09-17T04:07:26.097252+00:00,200,no_transcript,artifacts/representative_coverage_pilot_v20260916/raw/CIK0000003982/ALY/2018Q2/attempt_03_20260917040725976554.json,489,a82ba1aee22e97f992684e60fbf7a91b812abf202d74284b68d6f9fb6b04c732,no_transcript,provider returned no usable transcript segments,terminal_provider_unavailability,terminal_after_later_session_retry,0,0,,
pilot_20260917T035455Z,CIK0001397516,0001397516,Rex Energy Corp,REXX,2018Q2,3,2026-09-17T04:07:44.055807+00:00,2026-09-17T04:07:44.177726+00:00,200,no_transcript,artifacts/representative_coverage_pilot_v20260916/raw/CIK0001397516/REXX/2018Q2/attempt_03_20260917040744055807.json,481,e9a8bb1c054ec3c279e07bbe1988be0b89fc65f0ed197d44f7081dc87cbcd84f,no_transcript,provider returned no usable transcript segments,terminal_provider_unavailability,terminal_after_later_session_retry,0,0,,
pilot_20260917T035455Z,CIK0000896726,0000896726,GeoGlobal Resources Inc,GGLR,2018Q3,3,2026-09-17T04:07:50.077665+00:00,2026-09-17T04:07:50.375538+00:00,200,no_transcript,artifacts/representative_coverage_pilot_v20260916/raw/CIK0000896726/GGLR/2018Q3/attempt_03_20260917040750077665.json,489,3bdbd7ef2d38889bb7903c1b770da3a71a8b1a3003bb048f4c54307ac84d5050,no_transcript,provider returned no usable transcript segments,terminal_provider_unavailability,terminal_after_later_session_retry,0,0,,
pilot_20260917T035455Z,CIK0000920424,0000920424,Investment Technology Group,ITG,2018Q3,3,2026-09-17T04:07:52.080463+00:00,2026-09-17T04:07:52.190456+00:00,200,no_transcript,artifacts/representative_coverage_pilot_v20260916/raw/CIK0000920424/ITG/2018Q3/attempt_03_20260917040752080463.json,491,cd194df2f71417d51ec0e825656f4526ea902490e27c1f01599e853dde9d4e20,no_transcript,provider returned no usable transcript segments,terminal_provider_unavailability,terminal_after_later_session_retry,0,0,,
pilot_20260917T035455Z,CIK0001110805,0001110805,Nustar Energy L P,NS,2018Q3,3,2026-09-17T04:07:54.083034+00:00,2026-09-17T04:07:54.214997+00:00,200,no_transcript,artifacts/representative_coverage_pilot_v20260916/raw/CIK0001110805/NS/2018Q3/attempt_03_20260917040754083034.json,479,2d6ae9b3d2577d3b4eb82028f8f13d4ea9e445b8f5c453020b107ef4f48b0e01,no_transcript,provider returned no usable transcript segments,terminal_provider_unavailability,terminal_after_later_session_retry,0,0,,
pilot_20260917T035455Z,CIK0001567900,0001567900,REalloys Inc,ALOY,2018Q3,3,2026-09-17T04:08:00.110453+00:00,2026-09-17T04:08:00.298734+00:00,200,no_transcript,artifacts/representative_coverage_pilot_v20260916/raw/CIK0001567900/ALOY/2018Q3/attempt_03_20260917040800110453.json,478,adb8a22eba23a4ce84d5d2f553db6960abf67f04751db8253c5ec163317754e7,no_transcript,provider returned no usable transcript segments,terminal_provider_unavailability,terminal_after_later_session_retry,0,0,,
pilot_20260917T035455Z,CIK0001092914,0001092914,Atlas Pipeline Partners LP,APL,2018Q4,3,2026-09-17T04:08:12.182443+00:00,2026-09-17T04:08:12.417578+00:00,200,no_transcript,artifacts/representative_coverage_pilot_v20260916/raw/CIK0001092914/APL/2018Q4/attempt_03_20260917040812182443.json,490,cd50d220e158f582803401accce2ecf7db76f66508a464c16508bb45d4582122,no_transcript,provider returned no usable transcript segments,terminal_provider_unavailability,terminal_after_later_session_retry,0,0,,
pilot_20260917T035455Z,CIK0001302350,0001302350,JMP Group LLC,JMP,2018Q4,3,2026-09-17T04:08:18.200008+00:00,2026-09-17T04:08:18.330798+00:00,200,no_transcript,artifacts/representative_coverage_pilot_v20260916/raw/CIK0001302350/JMP/2018Q4/attempt_03_20260917040818200008.json,477,3c7fc25f1db885ada239d0e0ae6eca51a87fe2310bf9f858fa8a6918c7004e2f,no_transcript,provider returned no usable transcript segments,terminal_provider_unavailability,terminal_after_later_session_retry,0,0,,
pilot_20260917T035455Z,CIK0001162896,0001162896,Prairie Operating Company,PROP,2019Q1,3,2026-09-17T04:08:44.327999+00:00,2026-09-17T04:08:44.736075+00:00,200,no_transcript,artifacts/representative_coverage_pilot_v20260916/raw/CIK0001162896/PROP/2019Q1/attempt_03_20260917040844327999.json,491,cc3f15de1559b7de663fd16e097aee52d5a2acaeac0faa0ec68d3e257dabffc9,no_transcript,provider returned no usable transcript segments,terminal_provider_unavailability,terminal_after_later_session_retry,0,0,,
pilot_20260917T035455Z,CIK0001476651,0001476651,FCB Financial Holdings Inc,FCB,2019Q1,3,2026-09-17T04:08:48.332970+00:00,2026-09-17T04:08:48.529773+00:00,200,no_transcript,artifacts/representative_coverage_pilot_v20260916/raw/CIK0001476651/FCB/2019Q1/attempt_03_20260917040848332970.json,490,d1487a9a5748b4ace194c9c186c2ad4cf6a00ed900f5c197ac72b6ebcdcdb98e,no_transcript,provider returned no usable transcript segments,terminal_provider_unavailability,terminal_after_later_session_retry,0,0,,
pilot_20260917T035455Z,CIK0001595262,0001595262,IMS Health Holdings Inc,IMS,2019Q1,3,2026-09-17T04:08:52.351649+00:00,2026-09-17T04:08:52.470947+00:00,200,no_transcript,artifacts/representative_coverage_pilot_v20260916/raw/CIK0001595262/IMS/2019Q1/attempt_03_20260917040852351649.json,487,8362908d62a806b09682585490d828c3966887d79e43ff651992c74e3c84eab5,no_transcript,provider returned no usable transcript segments,terminal_provider_unavailability,terminal_after_later_session_retry,0,0,,
pilot_20260917T035455Z,CIK0001627014,0001627014,Black Knight Financial Services Inc,BKFS,2019Q1,3,2026-09-17T04:08:54.355493+00:00,2026-09-17T04:08:54.484808+00:00,200,no_transcript,artifacts/representative_coverage_pilot_v20260916/raw/CIK0001627014/BKFS/2019Q1/attempt_03_20260917040854355493.json,501,de1c111be6349323b4d9596705ebda66716e1bba0911f8dfaa74419d8b42302f,no_transcript,provider returned no usable transcript segments,terminal_provider_unavailability,terminal_after_later_session_retry,0,0,,
pilot_20260917T035455Z,CIK0001670541,0001670541,Adient plc,ADNT,2019Q1,3,2026-09-17T04:08:56.361443+00:00,2026-09-17T04:08:56.496060+00:00,200,api_error,artifacts/representative_coverage_pilot_v20260916/raw/CIK0001670541/ADNT/2019Q1/attempt_03_20260917040856361443.json,700,cba20eff0d5c35625faae65b776779ac2b52eb6252cf358cda75a1acd2912f7d,provider_or_http_failure,non-success provider status api_error,nonterminal_failure,retryable_bounded,0,0,,Invalid API call. Please retry or visit the documentation (https://www.alphavantage.co/documentation/) for EARNINGS_CALL_TRANSCRIPT.
pilot_20260917T035455Z,CIK0001022646,0001022646,Ultra Petroleum Corp,UPLM,2019Q2,3,2026-09-17T04:09:08.402592+00:00,2026-09-17T04:09:08.514409+00:00,200,no_transcript,artifacts/representative_coverage_pilot_v20260916/raw/CIK0001022646/UPLM/2019Q2/attempt_03_20260917040908402592.json,486,5af4c8b4c76a627dca07e0bb12912146b750cf2970ae30e93ad1c7cfd60e9506,no_transcript,provider returned no usable transcript segments,terminal_provider_unavailability,terminal_after_later_session_retry,0,0,,
pilot_20260917T035455Z,CIK0001472326,0001472326,Agria Corporation ADR,GRO,2019Q3,3,2026-09-17T04:09:30.516283+00:00,2026-09-17T04:09:30.615751+00:00,200,no_transcript,artifacts/representative_coverage_pilot_v20260916/raw/CIK0001472326/GRO/2019Q3/attempt_03_20260917040930516283.json,485,aef1743caf60d38cab80be6010f48ff11d87fbb342e48f94a60ab06b1913ac31,no_transcript,provider returned no usable transcript segments,terminal_provider_unavailability,terminal_after_later_session_retry,0,0,,
pilot_20260917T035455Z,CIK0001505065,0001505065,Brainsway Ltd,BWAY,2019Q3,3,2026-09-17T04:09:32.526359+00:00,2026-09-17T04:09:32.647275+00:00,200,no_transcript,artifacts/representative_coverage_pilot_v20260916/raw/CIK0001505065/BWAY/2019Q3/attempt_03_20260917040932526359.json,479,42d982a4920a47bbbd810605371a00f182842444141d29ec8ea9e7f95d349346,no_transcript,provider returned no usable transcript segments,terminal_provider_unavailability,terminal_after_later_session_retry,0,0,,
pilot_20260917T035455Z,CIK0001707178,0001707178,CorePoint Lodging Inc,CPLG,2019Q3,3,2026-09-17T04:09:36.534511+00:00,2026-09-17T04:09:36.650858+00:00,200,no_transcript,artifacts/representative_coverage_pilot_v20260916/raw/CIK0001707178/CPLG/2019Q3/attempt_03_20260917040936534511.json,487,961a83d3080a201f6bd09793528887d6aba4720951c95a0a7e59a744bd678a56,no_transcript,provider returned no usable transcript segments,terminal_provider_unavailability,terminal_after_later_session_retry,0,0,,
pilot_20260917T035455Z,CIK0000091928,0000091928,South Jersey Industries Inc,SJI,2019Q4,3,2026-09-17T04:09:42.559477+00:00,2026-09-17T04:09:42.694131+00:00,200,no_transcript,artifacts/representative_coverage_pilot_v20260916/raw/CIK0000091928/SJI/2019Q4/attempt_03_20260917040942559477.json,491,796d4fdc833e2e190805e3d0f41abb68b1066d5fb8f2694aeb019d29248ea8fb,no_transcript,provider returned no usable transcript segments,terminal_provider_unavailability,terminal_after_later_session_retry,0,0,,
pilot_20260917T035455Z,CIK0001380393,0001380393,Fortress Investment Group LLC,FIG,2019Q4,3,2026-09-17T04:09:54.609826+00:00,2026-09-17T04:09:54.748678+00:00,200,no_transcript,artifacts/representative_coverage_pilot_v20260916/raw/CIK0001380393/FIG/2019Q4/attempt_03_20260917040954609826.json,493,3030c601481c54fdb404c7b65eaa181335291fcabdf9eb14afb12fce3655c5b8,no_transcript,provider returned no usable transcript segments,terminal_provider_unavailability,terminal_after_later_session_retry,0,0,,
pilot_20260917T035455Z,CIK0001388430,0001388430,Cai International Inc,CAI,2019Q4,3,2026-09-17T04:09:56.616315+00:00,2026-09-17T04:09:56.732117+00:00,200,no_transcript,artifacts/representative_coverage_pilot_v20260916/raw/CIK0001388430/CAI/2019Q4/attempt_03_20260917040956616315.json,485,91b9722c12ce60aedf2206f439c4c6f4061dcdccccb3e042dc63887bd05a5f48,no_transcript,provider returned no usable transcript segments,terminal_provider_unavailability,terminal_after_later_session_retry,0,0,,
pilot_20260917T035455Z,CIK0001419521,0001419521,Hatteras Financial Corp,HTS,2019Q4,3,2026-09-17T04:09:58.618774+00:00,2026-09-17T04:09:58.767416+00:00,200,no_transcript,artifacts/representative_coverage_pilot_v20260916/raw/CIK0001419521/HTS/2019Q4/attempt_03_20260917040958618774.json,487,eb265f589abc446630aa81e752952e2ab9f968c0a9b13bcd4b8d986fe387d17e,no_transcript,provider returned no usable transcript segments,terminal_provider_unavailability,terminal_after_later_session_retry,0,0,,
pilot_20260917T035455Z,CIK0001597503,0001597503,NorthStar Asset Management Group Inc,CLNS,2019Q4,3,2026-09-17T04:10:08.652141+00:00,2026-09-17T04:10:08.771776+00:00,200,no_transcript,artifacts/representative_coverage_pilot_v20260916/raw/CIK0001597503/CLNS/2019Q4/attempt_03_20260917041008652141.json,502,9c067c66ff76e230c6c1822c7cc25c9dd49698c8cd3aec18051053f29e753eea,no_transcript,provider returned no usable transcript segments,terminal_provider_unavailability,terminal_after_later_session_retry,0,0,,
pilot_20260917T035455Z,CIK0001705402,0001705402,AGM Group Holdings Inc - Class A,AGMH,2019Q4,3,2026-09-17T04:10:12.671241+00:00,2026-09-17T04:10:12.815163+00:00,200,no_transcript,artifacts/representative_coverage_pilot_v20260916/raw/CIK0001705402/AGMH/2019Q4/attempt_03_20260917041012671241.json,498,26337d293dda865f36d61e7a35154e95be8c6099aed726a6b92d58204d7d8d90,no_transcript,provider returned no usable transcript segments,terminal_provider_unavailability,terminal_after_later_session_retry,0,0,,
pilot_20260917T035455Z,CIK0001708301,0001708301,BP Midstream Partners LP,BPMP,2019Q4,3,2026-09-17T04:10:14.678633+00:00,2026-09-17T04:10:14.811115+00:00,200,no_transcript,artifacts/representative_coverage_pilot_v20260916/raw/CIK0001708301/BPMP/2019Q4/attempt_03_20260917041014678633.json,490,1acf00de4c9362c4356cee69e931c4710498ca13c176eae13ba48b65323b5fb7,no_transcript,provider returned no usable transcript segments,terminal_provider_unavailability,terminal_after_later_session_retry,0,0,,
pilot_20260917T035455Z,CIK0001713748,0001713748,Skeena Resources Ltd,SKE,2019Q4,3,2026-09-17T04:10:16.682920+00:00,2026-09-17T04:10:16.808824+00:00,200,no_transcript,artifacts/representative_coverage_pilot_v20260916/raw/CIK0001713748/SKE/2019Q4/attempt_03_20260917041016682920.json,484,d0bd2bc4f05fb44304d81186d32210615ce21cdf326319c924f0a5ac824aafa5,no_transcript,provider returned no usable transcript segments,terminal_provider_unavailability,terminal_after_later_session_retry,0,0,,
pilot_20260917T041031Z,CIK0001670541,0001670541,Adient plc,ADNT,2019Q1,4,2026-09-17T04:10:32.093970+00:00,2026-09-17T04:10:32.392652+00:00,200,api_error,artifacts/representative_coverage_pilot_v20260916/raw/CIK0001670541/ADNT/2019Q1/attempt_04_20260917041032093970.json,700,edaba242d23208937cca7868889ccee84325f3ab4dba45be591f3437c75f744b,provider_or_http_failure,non-success provider status api_error,nonterminal_failure,retryable_bounded,0,0,,Invalid API call. Please retry or visit the documentation (https://www.alphavantage.co/documentation/) for EARNINGS_CALL_TRANSCRIPT.
pilot_20260917T041106Z,CIK0001670541,0001670541,Adient plc,ADNT,2019Q1,5,2026-09-17T04:11:06.441002+00:00,2026-09-17T04:11:06.668570+00:00,200,api_error,artifacts/representative_coverage_pilot_v20260916/raw/CIK0001670541/ADNT/2019Q1/attempt_05_20260917041106441002.json,700,c1fb1134c0311f51a98992c0833824ceb71b61846c7a1a1cbd00c83853621d91,provider_or_http_failure,non-success provider status api_error,terminal_provider_failure,terminal_after_bounded_attempts,0,0,,Invalid API call. Please retry or visit the documentation (https://www.alphavantage.co/documentation/) for EARNINGS_CALL_TRANSCRIPT.
pilot_20260917T041503Z,CIK0001400438,0001400438,Largo Inc,LGO,2014Q1,1,2026-09-17T04:15:03.326416+00:00,2026-09-17T04:15:03.651321+00:00,200,no_transcript,artifacts/representative_coverage_pilot_v20260916/raw/CIK0001400438/LGO/2014Q1/attempt_01_20260917041503326416.json,473,741b9d519dadce5b2c7f9d47d0587971cb4ec0b80f2a17657b842d5464e07615,no_transcript,provider returned no usable transcript segments,nonterminal_failure,retry_in_later_session,0,0,,
pilot_20260917T041503Z,CIK0001089113,0001089113,HSBC Holdings plc,HSBC,2014Q2,1,2026-09-17T04:15:05.331804+00:00,2026-09-17T04:15:05.470217+00:00,200,no_transcript,artifacts/representative_coverage_pilot_v20260916/raw/CIK0001089113/HSBC/2014Q2/attempt_01_20260917041505331804.json,483,cdb22acb4402104d58ad4e44c94b12bc2cef4903ddfac3b088625fc7deac6ed9,no_transcript,provider returned no usable transcript segments,nonterminal_failure,retry_in_later_session,0,0,,
pilot_20260917T041503Z,CIK0001503584,0001503584,Costamare Inc,CMRE,2014Q3,1,2026-09-17T04:15:13.344158+00:00,2026-09-17T04:15:13.478066+00:00,200,success,artifacts/representative_coverage_pilot_v20260916/raw/CIK0001503584/CMRE/2014Q3/attempt_01_20260917041513344158.json,36784,c77a3d2a0bf25a74ad34fa33ebf664b86a867f74d669d7a5839b95635826122c,valid,"usable transcript passed structural, year, and identity checks",valid,terminal,65,5513,1bec14a5d8398ec499e7b57f4431d6e941f31b0dc8e8d077eab0275fbff3b613,
pilot_20260917T041503Z,CIK0001520504,0001520504,Controladora Vuela Cia De Aviacion,VLRS,2014Q3,1,2026-09-17T04:15:15.348563+00:00,2026-09-17T04:15:15.462761+00:00,200,no_transcript,artifacts/representative_coverage_pilot_v20260916/raw/CIK0001520504/VLRS/2014Q3/attempt_01_20260917041515348563.json,500,f9bda4802f1dec3ef82101f6a8cbb9ce444b8f0d8a7edf56247f836d3ebf9f7c,no_transcript,provider returned no usable transcript segments,nonterminal_failure,retry_in_later_session,0,0,,
pilot_20260917T041503Z,CIK0000909037,0000909037,Sociedad Quimica Y Minera de Chile S.A.,SQM,2014Q4,1,2026-09-17T04:15:19.358231+00:00,2026-09-17T04:15:19.486291+00:00,200,no_transcript,artifacts/representative_coverage_pilot_v20260916/raw/CIK0000909037/SQM/2014Q4/attempt_01_20260917041519358231.json,503,d55b770806fddd0476155ac1cbbec006df2b6db43e088e3da74fd05255b7db24,no_transcript,provider returned no usable transcript segments,nonterminal_failure,retry_in_later_session,0,0,,
pilot_20260917T041503Z,CIK0000895450,0000895450,Willbros Group Inc,WG,2015Q1,1,2026-09-17T04:15:27.382591+00:00,2026-09-17T04:15:27.498735+00:00,200,no_transcript,artifacts/representative_coverage_pilot_v20260916/raw/CIK0000895450/WG/2015Q1/attempt_01_20260917041527382591.json,480,b43d53e8c54686aa3236b01e33581ce8b335799d35816e354e6abe26ffc03751,no_transcript,provider returned no usable transcript segments,nonterminal_failure,retry_in_later_session,0,0,,
pilot_20260917T041503Z,CIK0001123452,0001123452,Grupo Aeroportuario Del Sureste S.A.,ASR,2015Q2,1,2026-09-17T04:15:37.402706+00:00,2026-09-17T04:15:37.587200+00:00,200,success,artifacts/representative_coverage_pilot_v20260916/raw/CIK0001123452/ASR/2015Q2/attempt_01_20260917041537402706.json,16770,058d6b25c2763eb47684af48e0ebe44351df87f15d0362281472cff27663f85e,valid,"usable transcript passed structural, year, and identity checks",valid,terminal,39,2283,5fa3e40e3b53ab563ff2943118894f957fde6dc9ae13da0aba65abfdeaa501d8,
pilot_20260917T041503Z,CIK0001434754,0001434754,Safe Bulkers Inc,SB,2015Q4,1,2026-09-17T04:15:51.432038+00:00,2026-09-17T04:15:51.608883+00:00,200,success,artifacts/representative_coverage_pilot_v20260916/raw/CIK0001434754/SB/2015Q4/attempt_01_20260917041551432038.json,27358,d2a774dad56f0a1596f6ce74566ac4f802922fd5560342d1a7d817cf7982c129,valid,"usable transcript passed structural, year, and identity checks",valid,terminal,23,4408,44a3f992b943689b5aa47b9af4cb5f5a671806daf55444b877a665c4e7f833d9,
pilot_20260917T041503Z,CIK0001610520,0001610520,UBS Group AG,UBS,2016Q1,1,2026-09-17T04:16:01.453669+00:00,2026-09-17T04:16:01.602797+00:00,200,no_transcript,artifacts/representative_coverage_pilot_v20260916/raw/CIK0001610520/UBS/2016Q1/attempt_01_20260917041601453669.json,476,51c7baa78a676af0f52854e84915de1f88b9d88beeeb950ea1fb4c05be0e1f95,no_transcript,provider returned no usable transcript segments,nonterminal_failure,retry_in_later_session,0,0,,
pilot_20260917T041503Z,CIK0001627272,0001627272,Osisko Gold Royalties Ltd,OR,2016Q3,1,2026-09-17T04:16:13.474766+00:00,2026-09-17T04:16:13.596056+00:00,200,no_transcript,artifacts/representative_coverage_pilot_v20260916/raw/CIK0001627272/OR/2016Q3/attempt_01_20260917041613474766.json,487,9a2289b3ae1c868ec509889bbac40798013d291a8199d814de8ab44e7a67e596,no_transcript,provider returned no usable transcript segments,nonterminal_failure,retry_in_later_session,0,0,,
pilot_20260917T041503Z,CIK0001066119,0001066119,Telefonica Brasil S.A.,VIV,2016Q4,1,2026-09-17T04:16:17.481518+00:00,2026-09-17T04:16:17.684180+00:00,200,no_transcript,artifacts/representative_coverage_pilot_v20260916/raw/CIK0001066119/VIV/2016Q4/attempt_01_20260917041617481518.json,486,21a44a990d86ad3a7c975bdb6e3eb9b689965076cd9a93bee435710c1d3ac2f0,no_transcript,provider returned no usable transcript segments,nonterminal_failure,retry_in_later_session,0,0,,
pilot_20260917T041503Z,CIK0001171500,0001171500,Platinum Underwriters Holdings Ltd,PTP,2017Q1,1,2026-09-17T04:16:25.500932+00:00,2026-09-17T04:16:25.658164+00:00,200,no_transcript,artifacts/representative_coverage_pilot_v20260916/raw/CIK0001171500/PTP/2017Q1/attempt_01_20260917041625500932.json,498,1163ab59f397856fee5d9cf010bc56ade3309051c493d7398a5f42adc8edbaf9,no_transcript,provider returned no usable transcript segments,nonterminal_failure,retry_in_later_session,0,0,,
pilot_20260917T041503Z,CIK0001395213,0001395213,Empresa Distribuidora y Comercial Norte S.A.,EDN,2017Q1,1,2026-09-17T04:16:27.502744+00:00,2026-09-17T04:16:27.649395+00:00,200,no_transcript,artifacts/representative_coverage_pilot_v20260916/raw/CIK0001395213/EDN/2017Q1/attempt_01_20260917041627502744.json,508,e79cd08a5a54bcd1fc553169f96f55da63aa643dc053d9a6e95b0aa751c8c4f3,no_transcript,provider returned no usable transcript segments,nonterminal_failure,retry_in_later_session,0,0,,
pilot_20260917T041503Z,CIK0001499505,0001499505,Adecoagro S.A.,AGRO,2017Q1,1,2026-09-17T04:16:29.507855+00:00,2026-09-17T04:16:29.748230+00:00,200,success,artifacts/representative_coverage_pilot_v20260916/raw/CIK0001499505/AGRO/2017Q1/attempt_01_20260917041629507855.json,37448,042974b05a9292eb085bec0372454315233c127bbd2d7b1715ab26736e2ec531,valid,"usable transcript passed structural, year, and identity checks",valid,terminal,47,5653,97cce74fb0a99c3835cb7275f49f236855f604e6aab398ac8772d339b2b598a2,
pilot_20260917T041503Z,CIK0001500881,0001500881,enCore Energy Corp,EU,2017Q1,1,2026-09-17T04:16:31.512929+00:00,2026-09-17T04:16:31.664339+00:00,200,no_transcript,artifacts/representative_coverage_pilot_v20260916/raw/CIK0001500881/EU/2017Q1/attempt_01_20260917041631512929.json,480,220e199310d31e1d96463a97218e899bcb3ace52860679131094fe6a4fd32f5e,no_transcript,provider returned no usable transcript segments,nonterminal_failure,retry_in_later_session,0,0,,
pilot_20260917T041503Z,CIK0001499849,0001499849,Brasilagro Companhia Brasileira De Propriedade Agricola,LND,2017Q2,1,2026-09-17T04:16:37.528286+00:00,2026-09-17T04:16:37.720174+00:00,200,no_transcript,artifacts/representative_coverage_pilot_v20260916/raw/CIK0001499849/LND/2017Q2/attempt_01_20260917041637528286.json,519,cfe3343dd237cee94803262744c6de225b3440e745d20e954837e814574ced46,no_transcript,provider returned no usable transcript segments,nonterminal_failure,retry_in_later_session,0,0,,
pilot_20260917T041503Z,CIK0001517399,0001517399,Grupo Supervielle S.A.,SUPV,2017Q2,1,2026-09-17T04:16:39.533309+00:00,2026-09-17T04:16:39.708439+00:00,200,no_transcript,artifacts/representative_coverage_pilot_v20260916/raw/CIK0001517399/SUPV/2017Q2/attempt_01_20260917041639533309.json,488,a14ee4739a801ba9f904509a431fab566c855857a8d15cec4d2bdd85fcc2c75b,no_transcript,provider returned no usable transcript segments,nonterminal_failure,retry_in_later_session,0,0,,
pilot_20260917T041503Z,CIK0001395213,0001395213,Empresa Distribuidora y Comercial Norte S.A.,EDN,2017Q4,1,2026-09-17T04:16:49.554207+00:00,2026-09-17T04:16:49.700008+00:00,200,no_transcript,artifacts/representative_coverage_pilot_v20260916/raw/CIK0001395213/EDN/2017Q4/attempt_01_20260917041649554207.json,508,321519c770363c6ee5321dd236cf0c33a76375de9508bf462ffae96902000756,no_transcript,provider returned no usable transcript segments,nonterminal_failure,retry_in_later_session,0,0,,
pilot_20260917T041503Z,CIK0001071321,0001071321,Turkcell Iletisim Hizmetleri A.S.,TKC,2018Q2,1,2026-09-17T04:17:09.596521+00:00,2026-09-17T04:17:09.703872+00:00,200,no_transcript,artifacts/representative_coverage_pilot_v20260916/raw/CIK0001071321/TKC/2018Q2/attempt_01_20260917041709596521.json,497,9b58473727259c5c902d3df043f57eadf1cc42084899203e3bec064a5afd0db6,no_transcript,provider returned no usable transcript segments,nonterminal_failure,retry_in_later_session,0,0,,
pilot_20260917T041503Z,CIK0001540684,0001540684,Atlas Lithium Corporation,ATLX,2018Q3,1,2026-09-17T04:17:19.620869+00:00,2026-09-17T04:17:19.734224+00:00,200,no_transcript,artifacts/representative_coverage_pilot_v20260916/raw/CIK0001540684/ATLX/2018Q3/attempt_01_20260917041719620869.json,491,5b289c96c49cff604e162cfa4c097859d652e1d6d36439dd915de95b8a9ab04a,no_transcript,provider returned no usable transcript segments,nonterminal_failure,retry_in_later_session,0,0,,
pilot_20260917T041503Z,CIK0001596993,0001596993,Dorian LPG Ltd,LPG,2018Q3,1,2026-09-17T04:17:21.625896+00:00,2026-09-17T04:17:21.879497+00:00,200,success,artifacts/representative_coverage_pilot_v20260916/raw/CIK0001596993/LPG/2018Q3/attempt_01_20260917041721625896.json,21697,a8a030692a9426117433c7bdc54bb37b1aa2a0b0cc3e1ab17b64fac1c7d0c8cb,valid,"usable transcript passed structural, year, and identity checks",valid,terminal,44,3167,30444e4a5bd10947c7458c93ea42581ae89d19d692a19931388e1c423edd0ba9,
pilot_20260917T041503Z,CIK0001725123,0001725123,Cango Inc,CANG,2018Q3,1,2026-09-17T04:17:23.629713+00:00,2026-09-17T04:17:23.751174+00:00,200,success,artifacts/representative_coverage_pilot_v20260916/raw/CIK0001725123/CANG/2018Q3/attempt_01_20260917041723629713.json,22365,0d73f168a26b2b0e1a0338d4ae656fdd26cf308c743a35bf64ab089924405f67,valid,"usable transcript passed structural, year, and identity checks",valid,terminal,27,3343,c0e5cd5a5916c8af0246d32ea5e56c9656589e345df7f6f3e2a84fb0a546edf1,
pilot_20260917T041503Z,CIK0001597835,0001597835,Cheetah Mobile Inc,CMCM,2019Q1,1,2026-09-17T04:17:45.671850+00:00,2026-09-17T04:17:45.876596+00:00,200,success,artifacts/representative_coverage_pilot_v20260916/raw/CIK0001597835/CMCM/2019Q1/attempt_01_20260917041745671850.json,18005,a99d7929a11f4be8373a576d2e2825895e4f45c57c663db3f86913f9eafba89a,valid,"usable transcript passed structural, year, and identity checks",valid,terminal,25,2541,008bf044b35918a538a3f25b67e22d3ec28a61b148aaf4292da0e2f0b630d962,
pilot_20260917T041503Z,CIK0001725033,0001725033,X Financial,XYF,2019Q2,1,2026-09-17T04:17:51.681052+00:00,2026-09-17T04:17:51.813637+00:00,200,success,artifacts/representative_coverage_pilot_v20260916/raw/CIK0001725033/XYF/2019Q2/attempt_01_20260917041751681052.json,23156,b560e38b8c10f44054119a6239685a30c78be8780d7c0a0ff37677ba360eecf2,valid,"usable transcript passed structural, year, and identity checks",valid,terminal,33,3398,60a42fcba678b44028c82eea55404096848220dcbf43218dc28bafe1cea6de8c,
pilot_20260917T041503Z,CIK0001475260,0001475260,Cenovus Energy Inc,CVE,2019Q3,1,2026-09-17T04:17:55.689371+00:00,2026-09-17T04:17:55.911669+00:00,200,success,artifacts/representative_coverage_pilot_v20260916/raw/CIK0001475260/CVE/2019Q3/attempt_01_20260917041755689371.json,33234,3fb65315e30034b571a927a6eb1965715000648f15aab3a67a10b0b569e280dc,valid,"usable transcript passed structural, year, and identity checks",valid,terminal,38,5294,ab8fcf2d6929e00ac675ed70e662b81b92ac8976bbe0ae072c68548f38c7919f,
pilot_20260917T041503Z,CIK0001499543,0001499543,Noah Holdings Ltd,NOAH,2019Q4,1,2026-09-17T04:18:07.711665+00:00,2026-09-17T04:18:08.442850+00:00,200,success,artifacts/representative_coverage_pilot_v20260916/raw/CIK0001499543/NOAH/2019Q4/attempt_01_20260917041807711665.json,44077,0119acb5a5fa5934ba40aa9fda3b0b0a8c88582936653e0c37ad01197f95825e,valid,"usable transcript passed structural, year, and identity checks",valid,terminal,32,6812,2195423e304fd03b812852b97a4b6a5d04300fc8d90d637ee356c0e767e0b07d,
pilot_20260917T041503Z,CIK0001713930,0001713930,Nexa Resources S.A.,NEXA,2019Q4,1,2026-09-17T04:18:13.554567+00:00,2026-09-17T04:18:17.032197+00:00,200,success,artifacts/representative_coverage_pilot_v20260916/raw/CIK0001713930/NEXA/2019Q4/attempt_01_20260917041813554567.json,34859,50a65a35d66a2ab5683600894a151a6c932ea47e6fdd6e01c9a95cdacf1ff4d2,valid,"usable transcript passed structural, year, and identity checks",valid,terminal,52,5151,03e047f504fd6aca97ae2078ec1f17f0db8510b0bb7347eac71a04db178abacd,
pilot_20260917T041827Z,CIK0001400438,0001400438,Largo Inc,LGO,2014Q1,2,2026-09-17T04:18:27.924601+00:00,2026-09-17T04:18:28.233048+00:00,200,no_transcript,artifacts/representative_coverage_pilot_v20260916/raw/CIK0001400438/LGO/2014Q1/attempt_02_20260917041827924601.json,473,ef74e4bd60feff7c42d190d008f4db150d964d60a175614d3cad417611c470a5,no_transcript,provider returned no usable transcript segments,terminal_provider_unavailability,terminal_after_later_session_retry,0,0,,
pilot_20260917T041827Z,CIK0001089113,0001089113,HSBC Holdings plc,HSBC,2014Q2,2,2026-09-17T04:18:29.928546+00:00,2026-09-17T04:18:30.093309+00:00,200,no_transcript,artifacts/representative_coverage_pilot_v20260916/raw/CIK0001089113/HSBC/2014Q2/attempt_02_20260917041829928546.json,483,756e6b52678c8af36fa1370cefb60f8744b1e8edf0d96c64d6ae66e0c672ccf4,no_transcript,provider returned no usable transcript segments,terminal_provider_unavailability,terminal_after_later_session_retry,0,0,,
pilot_20260917T041827Z,CIK0001520504,0001520504,Controladora Vuela Cia De Aviacion,VLRS,2014Q3,2,2026-09-17T04:18:35.939084+00:00,2026-09-17T04:18:36.097393+00:00,200,no_transcript,artifacts/representative_coverage_pilot_v20260916/raw/CIK0001520504/VLRS/2014Q3/attempt_02_20260917041835939084.json,500,74a58602a0099939d6787ce4c130bf8293dc2c84f68ffd87beb10ad7f8293c41,no_transcript,provider returned no usable transcript segments,terminal_provider_unavailability,terminal_after_later_session_retry,0,0,,
pilot_20260917T041827Z,CIK0000909037,0000909037,Sociedad Quimica Y Minera de Chile S.A.,SQM,2014Q4,2,2026-09-17T04:18:39.949131+00:00,2026-09-17T04:18:40.091183+00:00,200,no_transcript,artifacts/representative_coverage_pilot_v20260916/raw/CIK0000909037/SQM/2014Q4/attempt_02_20260917041839949131.json,503,f2e21f826b8003ffcc207184df4db59ce3999f8cb1578d5a4a9ffbafe9c18f34,no_transcript,provider returned no usable transcript segments,terminal_provider_unavailability,terminal_after_later_session_retry,0,0,,
pilot_20260917T041827Z,CIK0000895450,0000895450,Willbros Group Inc,WG,2015Q1,2,2026-09-17T04:18:43.951470+00:00,2026-09-17T04:18:44.093911+00:00,200,no_transcript,artifacts/representative_coverage_pilot_v20260916/raw/CIK0000895450/WG/2015Q1/attempt_02_20260917041843951470.json,480,8778a633d2ee4962910a9463ef6a20fa50f877d0967385d7353a92d7e07c3fb0,no_transcript,provider returned no usable transcript segments,terminal_provider_unavailability,terminal_after_later_session_retry,0,0,,
pilot_20260917T041827Z,CIK0001610520,0001610520,UBS Group AG,UBS,2016Q1,2,2026-09-17T04:18:59.988064+00:00,2026-09-17T04:19:00.214126+00:00,200,no_transcript,artifacts/representative_coverage_pilot_v20260916/raw/CIK0001610520/UBS/2016Q1/attempt_02_20260917041859988064.json,476,3c96df134836d102f814cfa6b02ce2d750e87cd41411e10ee94d5115deb658d6,no_transcript,provider returned no usable transcript segments,terminal_provider_unavailability,terminal_after_later_session_retry,0,0,,
pilot_20260917T041827Z,CIK0001627272,0001627272,Osisko Gold Royalties Ltd,OR,2016Q3,2,2026-09-17T04:19:10.016540+00:00,2026-09-17T04:19:11.469073+00:00,200,no_transcript,artifacts/representative_coverage_pilot_v20260916/raw/CIK0001627272/OR/2016Q3/attempt_02_20260917041910016540.json,487,94e20590f7802e15258aa2674542bd683f545a0c312ef178aa62d5b2abdc1cae,no_transcript,provider returned no usable transcript segments,terminal_provider_unavailability,terminal_after_later_session_retry,0,0,,
pilot_20260917T041827Z,CIK0001066119,0001066119,Telefonica Brasil S.A.,VIV,2016Q4,2,2026-09-17T04:19:18.564585+00:00,2026-09-17T04:19:22.460674+00:00,200,no_transcript,artifacts/representative_coverage_pilot_v20260916/raw/CIK0001066119/VIV/2016Q4/attempt_02_20260917041918564585.json,486,f16346a8cdd6fac2b503ab4b6d188092efe9a17c6343e1408b7b4062b1c54127,no_transcript,provider returned no usable transcript segments,terminal_provider_unavailability,terminal_after_later_session_retry,0,0,,
pilot_20260917T041827Z,CIK0001171500,0001171500,Platinum Underwriters Holdings Ltd,PTP,2017Q1,2,2026-09-17T04:19:26.541948+00:00,2026-09-17T04:19:27.534504+00:00,200,no_transcript,artifacts/representative_coverage_pilot_v20260916/raw/CIK0001171500/PTP/2017Q1/attempt_02_20260917041926541948.json,498,84e0ee1aeab22edd613277fd36d3cfb57542cf2a2b7c9ec31e050a9539044221,no_transcript,provider returned no usable transcript segments,terminal_provider_unavailability,terminal_after_later_session_retry,0,0,,
pilot_20260917T041827Z,CIK0001395213,0001395213,Empresa Distribuidora y Comercial Norte S.A.,EDN,2017Q1,2,2026-09-17T04:19:28.545116+00:00,2026-09-17T04:19:29.133565+00:00,200,no_transcript,artifacts/representative_coverage_pilot_v20260916/raw/CIK0001395213/EDN/2017Q1/attempt_02_20260917041928545116.json,508,a831550f11d62971993017b8dff2d5d430a5bb8949b406ec98e6af1f8051e3c9,no_transcript,provider returned no usable transcript segments,terminal_provider_unavailability,terminal_after_later_session_retry,0,0,,
pilot_20260917T041827Z,CIK0001500881,0001500881,enCore Energy Corp,EU,2017Q1,2,2026-09-17T04:19:30.550141+00:00,2026-09-17T04:19:30.736462+00:00,200,no_transcript,artifacts/representative_coverage_pilot_v20260916/raw/CIK0001500881/EU/2017Q1/attempt_02_20260917041930550141.json,480,70c19b1e7f5076651a342d2cb7814dfd9cef63c08fe72fdf2533919ced35c4b0,no_transcript,provider returned no usable transcript segments,terminal_provider_unavailability,terminal_after_later_session_retry,0,0,,
pilot_20260917T041827Z,CIK0001499849,0001499849,Brasilagro Companhia Brasileira De Propriedade Agricola,LND,2017Q2,2,2026-09-17T04:19:34.559468+00:00,2026-09-17T04:19:34.698163+00:00,200,no_transcript,artifacts/representative_coverage_pilot_v20260916/raw/CIK0001499849/LND/2017Q2/attempt_02_20260917041934559468.json,519,515883cb5ca31600e424cb8f861bbaa430edb518c45ec2d0a76ad561bbf0339d,no_transcript,provider returned no usable transcript segments,terminal_provider_unavailability,terminal_after_later_session_retry,0,0,,
pilot_20260917T041827Z,CIK0001517399,0001517399,Grupo Supervielle S.A.,SUPV,2017Q2,2,2026-09-17T04:19:36.561724+00:00,2026-09-17T04:19:36.696640+00:00,200,no_transcript,artifacts/representative_coverage_pilot_v20260916/raw/CIK0001517399/SUPV/2017Q2/attempt_02_20260917041936561724.json,488,24bf84d92a005b8fd393ac0e0ff8bd04b614f0f3d8ae328bb559b80e4aeff33b,no_transcript,provider returned no usable transcript segments,terminal_provider_unavailability,terminal_after_later_session_retry,0,0,,
pilot_20260917T041827Z,CIK0001395213,0001395213,Empresa Distribuidora y Comercial Norte S.A.,EDN,2017Q4,2,2026-09-17T04:19:44.580096+00:00,2026-09-17T04:19:44.778571+00:00,200,no_transcript,artifacts/representative_coverage_pilot_v20260916/raw/CIK0001395213/EDN/2017Q4/attempt_02_20260917041944580096.json,508,b5592671df2216099eb1e0d6455c12116d4f36e63c99a0c6c1af0a824707d726,no_transcript,provider returned no usable transcript segments,terminal_provider_unavailability,terminal_after_later_session_retry,0,0,,
pilot_20260917T041827Z,CIK0001071321,0001071321,Turkcell Iletisim Hizmetleri A.S.,TKC,2018Q2,2,2026-09-17T04:19:54.625596+00:00,2026-09-17T04:19:54.759615+00:00,200,no_transcript,artifacts/representative_coverage_pilot_v20260916/raw/CIK0001071321/TKC/2018Q2/attempt_02_20260917041954625596.json,497,f4ae1e773c2e1fc8fdb4e0de2c373c90f6f2050eda646eb5744cafdeedff4e64,no_transcript,provider returned no usable transcript segments,terminal_provider_unavailability,terminal_after_later_session_retry,0,0,,
pilot_20260917T041827Z,CIK0001540684,0001540684,Atlas Lithium Corporation,ATLX,2018Q3,2,2026-09-17T04:20:02.646075+00:00,2026-09-17T04:20:02.784268+00:00,200,no_transcript,artifacts/representative_coverage_pilot_v20260916/raw/CIK0001540684/ATLX/2018Q3/attempt_02_20260917042002646075.json,491,59b1de78fca14fa7cd7f7aec696f9a60cb5873ad230b29ccf3a734d9a8ce1b18,no_transcript,provider returned no usable transcript segments,terminal_provider_unavailability,terminal_after_later_session_retry,0,0,,
