company_id,security_id,cik,company_name,provider_ticker,exchange,sic,sic_division,quarter_label,issuer_domicile_status,state_of_incorporation,eligibility_start,eligibility_end,eligibility_source,identity_status,active_at_quarter_end,candidate_security_count,primary_selection_reason,sampling_stratum,stratum_population,stratum_sample,selection_probability,design_weight,sample_seed,terminal_state,response_source,attempt_count,raw_path,raw_sha256,classification,validation_reason,identity_validation,identity_validation_reason,normalized_transcript_sha256,duplicate_group_size,duplicate_canonical_key,call_date,call_date_confidence,call_date_source
CIK0000864683,AVSA18AAFBCF039FF8B,0000864683,Cyberonics Inc,CYBX,NASDAQ,3845,manufacturing,2010Q1,us,DE,1993-02-11,2019-12-31,Alpha Vantage listing interval,resolved_cik,True,2,"ranked by active quarter-end evidence, exchange, and plain common-stock symbol",2010|NASDAQ|manufacturing,2642,14,0.0052990159,188.7142857143,20260916,terminal_provider_unavailability,pilot_live,2,artifacts/representative_coverage_pilot_v20260916/raw/CIK0000864683/CYBX/2010Q1/attempt_02_20260917002506020310.json,12dcff31f316387b9c499b5dc3220563c496876d94d1a061a092043abed071fe,no_transcript,provider returned no usable transcript segments,not_applicable,,,,,,unresolved,
CIK0000899051,AVSEE475306DA8C3596,0000899051,Allstate Corp (The),ALL,NYSE,6331,finance_insurance_real_estate,2010Q1,us,DE,1993-06-03,2019-12-31,Alpha Vantage listing interval,resolved_cik,True,1,only eligible resolved security,2010|NYSE|finance_insurance_real_estate,1346,7,0.0052005944,192.2857142857,20260916,valid,pilot_live,1,artifacts/representative_coverage_pilot_v20260916/raw/CIK0000899051/ALL/2010Q1/attempt_01_20260917002508020931.json,50d34997e01421abc76fdfc6db5b3bc9caf61c224b3640acd77a8d09eb06ec63,valid,"usable transcript passed structural, year, and identity checks",supported,distinctive company-name token found in opening transcript text,9f13753d5797e112458f4beab8aa90640508e82e96671ad0751d31e1e94a8b2c,,,2010-08-05,high,https://www.sec.gov/Archives/edgar/data/899051/000110465910041880/a10-15046_1ex99d1.htm
CIK0000936528,AVS434EC372132CCAFA,0000936528,WaFd Inc,WAFD,NASDAQ,6021,finance_insurance_real_estate,2010Q1,us,WA,1990-03-26,2019-12-31,Alpha Vantage listing interval,resolved_cik,True,1,only eligible resolved security,2010|NASDAQ|finance_insurance_real_estate,1668,9,0.0053956835,185.3333333333,20260916,terminal_provider_unavailability,pilot_live,3,artifacts/representative_coverage_pilot_v20260916/raw/CIK0000936528/WAFD/2010Q1/attempt_03_20260917035455538574.json,cc4135299ad41aa65efbcfae5ae525c329b0e5fc3ce52bf3cf6d897d65bbb418,no_transcript,provider returned no usable transcript segments,not_applicable,,,,,,unresolved,
CIK0001041061,AVS7BE746CA1FAE3E9F,0001041061,Yum Brands Inc,YUM,NYSE,5812,retail_trade,2010Q1,us,NC,1997-09-17,2019-12-31,Alpha Vantage listing interval,resolved_cik,True,1,only eligible resolved security,2010|NYSE|retail_trade,300,2,0.0066666667,150.0000000000,20260916,valid,pilot_live,1,artifacts/representative_coverage_pilot_v20260916/raw/CIK0001041061/YUM/2010Q1/attempt_01_20260917002514026279.json,c0c5d69a282165509930f205a149decbea314299a10743e8c694a102cac09c09,valid,"usable transcript passed structural, year, and identity checks",supported,distinctive company-name token found in opening transcript text,a3db724a243b31b1fb1b6df55f65800b78ae322821a90d7675a812bb29190b45,,,,unresolved,
CIK0001064863,AVS0E29C2E02DA43825,0001064863,Amerigroup Corp,AGP,NYSE,6324,finance_insurance_real_estate,2010Q1,us,,2006-12-28,2019-12-31,Alpha Vantage listing interval,resolved_cik,True,2,"ranked by active quarter-end evidence, exchange, and plain common-stock symbol",2010|NYSE|finance_insurance_real_estate,1346,7,0.0052005944,192.2857142857,20260916,terminal_provider_unavailability,pilot_live,3,artifacts/representative_coverage_pilot_v20260916/raw/CIK0001064863/AGP/2010Q1/attempt_03_20260917035459548237.json,de89f75d55d50ce65660e87771c1e28bc670a44dc14e83544ffd8816e500dc8f,no_transcript,provider returned no usable transcript segments,not_applicable,,,,,,unresolved,
CIK0001103982,AVSEAB482829B2B165A,0001103982,Mondelez International Inc - Class A,MDLZ,NASDAQ,2000,manufacturing,2010Q1,us,IL,2001-06-13,2019-12-31,Alpha Vantage listing interval,resolved_cik,True,1,only eligible resolved security,2010|NASDAQ|manufacturing,2642,14,0.0052990159,188.7142857143,20260916,valid,pilot_live,1,artifacts/representative_coverage_pilot_v20260916/raw/CIK0001103982/MDLZ/2010Q1/attempt_01_20260917002518033584.json,1297753da111d7f68216ee8da09f595ac7a6b3da0c3cd355e7730e7586958469,valid,"usable transcript passed structural, year, and identity checks",manual_review,no distinctive company-name token found in opening transcript text,18d6c712577f379bfbde4aa095c69ae42a2a8658253b27be8e6118111e2cb524,,,,unresolved,
CIK0001254419,AVS9632020CAF50FD2C,0001254419,MedAssets Inc,MDAS,NASDAQ,7372,services,2010Q1,us,DE,2007-12-12,2019-12-31,Alpha Vantage listing interval,resolved_cik,True,2,"ranked by active quarter-end evidence, exchange, and plain common-stock symbol",2010|NASDAQ|services,1117,6,0.0053715309,186.1666666667,20260916,terminal_provider_unavailability,pilot_live,3,artifacts/representative_coverage_pilot_v20260916/raw/CIK0001254419/MDAS/2010Q1/attempt_03_20260917035501549166.json,532ffff71bdeeab5c61518eabcdded80478c64408b8d0b381aa721e56a11ae39,no_transcript,provider returned no usable transcript segments,not_applicable,,,,,,unresolved,
CIK0001303942,AVSFFF678F52CEAA157,0001303942,Bankfinancial Corp,BFIN,NASDAQ,6035,finance_insurance_real_estate,2010Q1,us,,2005-06-28,2019-12-31,Alpha Vantage listing interval,resolved_cik,True,1,only eligible resolved security,2010|NASDAQ|finance_insurance_real_estate,1668,9,0.0053956835,185.3333333333,20260916,terminal_provider_unavailability,pilot_live,3,artifacts/representative_coverage_pilot_v20260916/raw/CIK0001303942/BFIN/2010Q1/attempt_03_20260917035503554208.json,99a399ae8674483aa820f1817985bb37adcfefaae62772edff9f78f332525998,no_transcript,provider returned no usable transcript segments,not_applicable,,,,,,unresolved,
CIK0001320695,AVS93578797E58652D4,0001320695,Treehouse Foods Inc,THS,NYSE,2030,manufacturing,2010Q1,us,DE,2005-06-28,2019-12-31,Alpha Vantage listing interval,resolved_cik,True,1,only eligible resolved security,2010|NYSE|manufacturing,1742,9,0.0051664753,193.5555555556,20260916,terminal_provider_unavailability,pilot_live,3,artifacts/representative_coverage_pilot_v20260916/raw/CIK0001320695/THS/2010Q1/attempt_03_20260917035507562532.json,a4cb309e8f3436509087d2f22896d13fd4fea5bdd56c4c418a927c0512ea738e,no_transcript,provider returned no usable transcript segments,not_applicable,,,,,,unresolved,
CIK0001338749,AVS51B9E86AB59EA67F,0001338749,PotlatchDeltic Corp,PCH,NASDAQ,6798,finance_insurance_real_estate,2010Q1,us,DE,1985-11-11,2019-12-31,Alpha Vantage listing interval,resolved_cik,True,1,only eligible resolved security,2010|NASDAQ|finance_insurance_real_estate,1668,9,0.0053956835,185.3333333333,20260916,valid,pilot_live,1,artifacts/representative_coverage_pilot_v20260916/raw/CIK0001338749/PCH/2010Q1/attempt_01_20260917045605315234.json,7c6279594c28717aa54b1a3da468664f2a5b3f2c8eae2adf713b3b47f358810f,valid,"usable transcript passed structural, year, and identity checks",manual_review,no distinctive company-name token found in opening transcript text,091fadeb4644a931f4ba6a575d58290985c5f5b187f7f77f77203756cf053791,,,,unresolved,
CIK0001410471,AVS4BCE433F2FBF72E6,0001410471,IPC The Hospitalist Company Inc,IPCM,NASDAQ,8090,services,2010Q1,us,DE,2008-01-25,2019-12-31,Alpha Vantage listing interval,resolved_cik,True,2,"ranked by active quarter-end evidence, exchange, and plain common-stock symbol",2010|NASDAQ|services,1117,6,0.0053715309,186.1666666667,20260916,terminal_provider_unavailability,pilot_live,3,artifacts/representative_coverage_pilot_v20260916/raw/CIK0001410471/IPCM/2010Q1/attempt_03_20260917035509568668.json,155097e4a6b0bde086987f3e8973ef03f109a4bddd3f8ba771d1a92ca9a07370,no_transcript,provider returned no usable transcript segments,not_applicable,,,,,,unresolved,
CIK0000049826,AVS8B2CC1EADCB2B3CA,0000049826,Illinois Tool Works Inc,ITW,NYSE,3560,manufacturing,2010Q2,us,DE,1987-11-05,2019-12-31,Alpha Vantage listing interval,resolved_cik,True,1,only eligible resolved security,2010|NYSE|manufacturing,1742,9,0.0051664753,193.5555555556,20260916,terminal_provider_unavailability,pilot_live,2,artifacts/representative_coverage_pilot_v20260916/raw/CIK0000049826/ITW/2010Q2/attempt_02_20260917050013853981.json,c7de0b67f3dc41dbc393449513c8da60f6b7101b2eb8540d97245503e257a8fb,no_transcript,provider returned no usable transcript segments,not_applicable,,,,,,unresolved,
CIK0000052988,AVSBBFEA8948486144C,0000052988,Jacobs Solutions Inc,J,NYSE,1600,construction,2010Q2,us,DE,1990-01-12,2019-12-31,Alpha Vantage listing interval,resolved_cik,True,1,only eligible resolved security,2010|NYSE|construction,122,1,0.0081967213,122.0000000000,20260916,valid,pilot_live,1,artifacts/representative_coverage_pilot_v20260916/raw/CIK0000052988/J/2010Q2/attempt_01_20260917002530057473.json,a502d79cf933c0f6c6e063dc8cdc4a911613f280eec5786ce6e3b3152a7a3139,valid,"usable transcript passed structural, year, and identity checks",supported,distinctive company-name token found in opening transcript text,a1c084b8312f1d039c8c8b874d2c95d512df993530843d83c8b5cacc75e4e1e4,,,,medium,https://www.sec.gov/Archives/edgar/data/52988/000119312510166640/dex991.htm
CIK0000058361,AVS89273A5C237CE4EF,0000058361,Lee Enterprises Inc,LEE,NASDAQ,2711,manufacturing,2010Q2,us,DE,1987-11-05,2019-12-31,Alpha Vantage listing interval,resolved_cik,True,1,only eligible resolved security,2010|NASDAQ|manufacturing,2642,14,0.0052990159,188.7142857143,20260916,terminal_provider_unavailability,pilot_live,2,artifacts/representative_coverage_pilot_v20260916/raw/CIK0000058361/LEE/2010Q2/attempt_02_20260917050015859016.json,85cdcb2567ae55e54ee3270272a24f67819cdc3e49c1aa1f943fb8e0229c5d52,no_transcript,provider returned no usable transcript segments,not_applicable,,,,,,unresolved,
CIK0000060714,AVSB71BC5F8E4AD6818,0000060714,LSB Industries Inc,LXU,NYSE,2810,manufacturing,2010Q2,us,DE,1980-01-02,2019-12-31,Alpha Vantage listing interval,resolved_cik,True,1,only eligible resolved security,2010|NYSE|manufacturing,1742,9,0.0051664753,193.5555555556,20260916,valid,pilot_live,1,artifacts/representative_coverage_pilot_v20260916/raw/CIK0000060714/LXU/2010Q2/attempt_01_20260917002532062511.json,8ddb1e3b873669b5cdb4a796a3e746c622b34d863c2e98384befb12acdf10256,valid,"usable transcript passed structural, year, and identity checks",supported,distinctive company-name token found in opening transcript text,3f182494372003cd5a0f8346b63564ae11adf652a427ca6f17a205ee031732e9,,,,unresolved,
CIK0000726854,AVS3715AD39FFBF126D,0000726854,City Holding Company,CHCO,NASDAQ,6021,finance_insurance_real_estate,2010Q2,us,WV,1993-02-19,2019-12-31,Alpha Vantage listing interval,resolved_cik,True,1,only eligible resolved security,2010|NASDAQ|finance_insurance_real_estate,1668,9,0.0053956835,185.3333333333,20260916,terminal_provider_unavailability,pilot_live,3,artifacts/representative_coverage_pilot_v20260916/raw/CIK0000726854/CHCO/2010Q2/attempt_03_20260917035511573549.json,e1eb90c59c44fa7243716d523dd9a0df1c5d15dfb195824e62baffdf2a6a43ab,no_transcript,provider returned no usable transcript segments,not_applicable,,,,,,unresolved,
CIK0000732412,AVS67A4FE51595509E5,0000732412,Multiband Corp,MBND,NASDAQ,4813,transportation_communications_utilities,2010Q2,us,MN,2006-12-28,2019-12-31,Alpha Vantage listing interval,resolved_cik,True,2,"ranked by active quarter-end evidence, exchange, and plain common-stock symbol",2010|NASDAQ|transportation_communications_utilities,427,2,0.0046838407,213.5000000000,20260916,terminal_provider_unavailability,pilot_live,3,artifacts/representative_coverage_pilot_v20260916/raw/CIK0000732412/MBND/2010Q2/attempt_03_20260917035513597384.json,536b101f0f54542dc5d87eb3756847ba631d4faee6419dd4ef9f1109e16735a4,no_transcript,provider returned no usable transcript segments,not_applicable,,,,,,unresolved,
CIK0000751364,AVSE8E271B81A733D6F,0000751364,NNN REIT Inc,NNN,NYSE,6798,finance_insurance_real_estate,2010Q2,us,MD,1990-03-26,2019-12-31,Alpha Vantage listing interval,resolved_cik,True,1,only eligible resolved security,2010|NYSE|finance_insurance_real_estate,1346,7,0.0052005944,192.2857142857,20260916,terminal_provider_unavailability,pilot_live,2,artifacts/representative_coverage_pilot_v20260916/raw/CIK0000751364/NNN/2010Q2/attempt_02_20260917002538072174.json,44a4fd7c3f7ec937f65ad57edc1e568ac595f384bdf771a23215f756ac9ec948,no_transcript,provider returned no usable transcript segments,not_applicable,,,,,,unresolved,
CIK0000825542,AVS8653535E9BFBB8E9,0000825542,Scotts Miracle-Gro Company - Class A,SMG,NYSE,2870,manufacturing,2010Q2,us,OH,1992-01-31,2019-12-31,Alpha Vantage listing interval,resolved_cik,True,1,only eligible resolved security,2010|NYSE|manufacturing,1742,9,0.0051664753,193.5555555556,20260916,terminal_provider_unavailability,pilot_live,3,artifacts/representative_coverage_pilot_v20260916/raw/CIK0000825542/SMG/2010Q2/attempt_03_20260917035515602674.json,4e691f964acbae347fe11b1dd16ef6a675d030fd2634892a08fedf328cdbde6e,no_transcript,provider returned no usable transcript segments,not_applicable,,,,,,unresolved,
CIK0000863894,AVS43F1721A6DC8B69A,0000863894,Veru Inc,VERU,NASDAQ,2834,manufacturing,2010Q2,us,WI,1999-02-11,2019-12-31,Alpha Vantage listing interval,resolved_cik,True,3,"ranked by active quarter-end evidence, exchange, and plain common-stock symbol",2010|NASDAQ|manufacturing,2642,14,0.0052990159,188.7142857143,20260916,terminal_provider_unavailability,pilot_live,3,artifacts/representative_coverage_pilot_v20260916/raw/CIK0000863894/VERU/2010Q2/attempt_03_20260917035517608715.json,f4955401fbcda42f74491ba5dcab6e39916879a48b2ce21a38413bd3ce30cf28,no_transcript,provider returned no usable transcript segments,not_applicable,,,,,,unresolved,
CIK0000908315,AVS8E82FF890863E9AB,0000908315,Winmark Corporation,WINA,NASDAQ,5900,retail_trade,2010Q2,us,MN,1993-08-25,2019-12-31,Alpha Vantage listing interval,resolved_cik,True,1,only eligible resolved security,2010|NASDAQ|retail_trade,316,2,0.0063291139,158.0000000000,20260916,terminal_provider_unavailability,pilot_live,3,artifacts/representative_coverage_pilot_v20260916/raw/CIK0000908315/WINA/2010Q2/attempt_03_20260917035519613760.json,cf964ea28bd2c14580bedd07ff84dd4be10a1b60f38d8931a363e11c0ab83c03,no_transcript,provider returned no usable transcript segments,not_applicable,,,,,,unresolved,
CIK0000945841,AVS878F00CAC6BE3324,0000945841,Pool Corporation,POOL,NASDAQ,5090,wholesale_trade,2010Q2,us,DE,1995-10-13,2019-12-31,Alpha Vantage listing interval,resolved_cik,True,1,only eligible resolved security,2010|NASDAQ|wholesale_trade,164,1,0.0060975610,164.0000000000,20260916,valid,pilot_live,1,artifacts/representative_coverage_pilot_v20260916/raw/CIK0000945841/POOL/2010Q2/attempt_01_20260917045611323221.json,2b1e9463268eb9dc9435f8c50eaa12fcb5e102d7aea2b4c31148e7b68a0fb568,valid,"usable transcript passed structural, year, and identity checks",manual_review,no distinctive company-name token found in opening transcript text,0ed5189ca375767176e32899b421d2c1fcd3b4baed6fcb85b0f62a991ba63f6c,,,,unresolved,
CIK0001108827,AVS54B85DD1CE9EE779,0001108827,QEP Resources Inc,QEP,NYSE,1311,mining,2010Q2,us,DE,2010-06-16,2019-12-31,Alpha Vantage listing interval,resolved_cik,True,1,only eligible resolved security,2010|NYSE|mining,368,2,0.0054347826,184.0000000000,20260916,terminal_provider_unavailability,pilot_live,3,artifacts/representative_coverage_pilot_v20260916/raw/CIK0001108827/QEP/2010Q2/attempt_03_20260917035523621657.json,7722c23a3f61272dd1dcd41b9627ebeff99e2ca71a54127906a82f87376ad306,no_transcript,provider returned no usable transcript segments,not_applicable,,,,,,unresolved,
CIK0001114714,AVS7F872470CF3AF976,0001114714,Kenexa Corp,KNXA,NYSE,7372,services,2010Q2,us,,2005-06-24,2019-12-31,Alpha Vantage listing interval,resolved_cik,True,2,"ranked by active quarter-end evidence, exchange, and plain common-stock symbol",2010|NYSE|services,563,3,0.0053285968,187.6666666667,20260916,terminal_provider_unavailability,pilot_live,2,artifacts/representative_coverage_pilot_v20260916/raw/CIK0001114714/KNXA/2010Q2/attempt_02_20260917050017863368.json,292c4bd6003b963f2ae5c27e07517496ec657f791b37e5e8ed3584e353f57cab,no_transcript,provider returned no usable transcript segments,not_applicable,,,,,,unresolved,
CIK0001131096,AVS648B86EFB3043473,0001131096,athenahealth Inc,ATHN,NASDAQ,7389,services,2010Q2,us,DE,2007-09-20,2019-12-31,Alpha Vantage listing interval,resolved_cik,True,2,"ranked by active quarter-end evidence, exchange, and plain common-stock symbol",2010|NASDAQ|services,1117,6,0.0053715309,186.1666666667,20260916,terminal_provider_unavailability,pilot_live,3,artifacts/representative_coverage_pilot_v20260916/raw/CIK0001131096/ATHN/2010Q2/attempt_03_20260917035525628679.json,c66752bafa0984e0b5fb23e93d2033740a95874d3e17e988055ef160267dd783,no_transcript,provider returned no usable transcript segments,not_applicable,,,,,,unresolved,
CIK0001157377,AVS3E08872FFF7A05C9,0001157377,The Advisory Board Company,ABCO,NASDAQ,8741,services,2010Q2,us,DE,2001-11-13,2019-12-31,Alpha Vantage listing interval,resolved_cik,True,2,"ranked by active quarter-end evidence, exchange, and plain common-stock symbol",2010|NASDAQ|services,1117,6,0.0053715309,186.1666666667,20260916,terminal_provider_unavailability,pilot_live,3,artifacts/representative_coverage_pilot_v20260916/raw/CIK0001157377/ABCO/2010Q2/attempt_03_20260917035527632488.json,26346c86a372338f1aa9a14e50de5cad88ff358fdea49636e79bfd1ac590b23a,no_transcript,provider returned no usable transcript segments,not_applicable,,,,,,unresolved,
CIK0001288469,AVSA638D7E0F640912D,0001288469,MaxLinear Inc,MXL,NASDAQ,3674,manufacturing,2010Q2,us,,2010-03-24,2019-12-31,Alpha Vantage listing interval,resolved_cik,True,1,only eligible resolved security,2010|NASDAQ|manufacturing,2642,14,0.0052990159,188.7142857143,20260916,terminal_provider_unavailability,pilot_live,3,artifacts/representative_coverage_pilot_v20260916/raw/CIK0001288469/MXL/2010Q2/attempt_03_20260917035531642563.json,f45d8dfee397a6da771e0dd30d42986693d2458835d3264664f25de3e2084002,no_transcript,provider returned no usable transcript segments,not_applicable,,,,,,unresolved,
CIK0001325964,AVS3D809C3D6515E0BB,0001325964,Lightwave Logic Inc,LWLG,NASDAQ,3080,manufacturing,2010Q2,us,NV,2007-07-13,2019-12-31,Alpha Vantage listing interval,resolved_cik,True,1,only eligible resolved security,2010|NASDAQ|manufacturing,2642,14,0.0052990159,188.7142857143,20260916,terminal_provider_unavailability,pilot_live,3,artifacts/representative_coverage_pilot_v20260916/raw/CIK0001325964/LWLG/2010Q2/attempt_03_20260917035533646243.json,bdaa80100319be818fce612f8cd4256b8e05116bf31d9bb5e53b4f797a37fd39,no_transcript,provider returned no usable transcript segments,not_applicable,,,,,,unresolved,
CIK0001337068,AVSB08E1A2FFA1FB396,0001337068,Magyar Bancorp Inc,MGYR,NASDAQ,6035,finance_insurance_real_estate,2010Q2,us,,2006-01-24,2019-12-31,Alpha Vantage listing interval,resolved_cik,True,1,only eligible resolved security,2010|NASDAQ|finance_insurance_real_estate,1668,9,0.0053956835,185.3333333333,20260916,terminal_provider_unavailability,pilot_live,3,artifacts/representative_coverage_pilot_v20260916/raw/CIK0001337068/MGYR/2010Q2/attempt_03_20260917035535651847.json,10f7d93b0fcbe903d1f1cc4014e3a14d40cd5624943ae7e486ba643a69730952,no_transcript,provider returned no usable transcript segments,not_applicable,,,,,,unresolved,
CIK0001361983,AVS7755144B969AAAF7,0001361983,Orbcomm Inc,ORBC,NASDAQ,4899,transportation_communications_utilities,2010Q2,us,DE,2006-11-06,2019-12-31,Alpha Vantage listing interval,resolved_cik,True,1,only eligible resolved security,2010|NASDAQ|transportation_communications_utilities,427,2,0.0046838407,213.5000000000,20260916,terminal_provider_unavailability,pilot_live,2,artifacts/representative_coverage_pilot_v20260916/raw/CIK0001361983/ORBC/2010Q2/attempt_02_20260917050019866497.json,a5108a86812b9c5d498006bbd578a0d8de096d512ba720debd28bcbd7c6a1277,no_transcript,provider returned no usable transcript segments,not_applicable,,,,,,unresolved,
CIK0001368007,AVS1CF57F3DBC493088,0001368007,NYSE Euronext,NYX,NYSE,6200,finance_insurance_real_estate,2010Q2,us,DE,2007-06-04,2019-12-31,Alpha Vantage listing interval,resolved_cik,True,2,"ranked by active quarter-end evidence, exchange, and plain common-stock symbol",2010|NYSE|finance_insurance_real_estate,1346,7,0.0052005944,192.2857142857,20260916,terminal_provider_unavailability,pilot_live,3,artifacts/representative_coverage_pilot_v20260916/raw/CIK0001368007/NYX/2010Q2/attempt_03_20260917035537656889.json,7e39cbc86501a2cc5bbb0426dac37d8480a83da7d93e21fdc99cce3afe7ad7ec,no_transcript,provider returned no usable transcript segments,not_applicable,,,,,,unresolved,
CIK0001408100,AVSA6362FC9C6159A96,0001408100,Kennedy-Wilson Holdings Inc,KW,NYSE,6500,finance_insurance_real_estate,2010Q2,us,DE,2007-12-03,2019-12-31,Alpha Vantage listing interval,resolved_cik,True,1,only eligible resolved security,2010|NYSE|finance_insurance_real_estate,1346,7,0.0052005944,192.2857142857,20260916,terminal_provider_unavailability,pilot_live,3,artifacts/representative_coverage_pilot_v20260916/raw/CIK0001408100/KW/2010Q2/attempt_03_20260917035539663102.json,b79ac1f5b84547c68624da21d2b9032c1597aa10b1c3ac89d49a3fcf272bed06,no_transcript,provider returned no usable transcript segments,not_applicable,,,,,,unresolved,
CIK0001431372,AVSED60C8BAD726F060,0001431372,Gastar Exploration Inc,GST,NYSE,1311,mining,2010Q2,us,DE,2006-01-05,2019-12-31,Alpha Vantage listing interval,resolved_cik,True,2,"ranked by active quarter-end evidence, exchange, and plain common-stock symbol",2010|NYSE|mining,368,2,0.0054347826,184.0000000000,20260916,terminal_provider_unavailability,pilot_live,2,artifacts/representative_coverage_pilot_v20260916/raw/CIK0001431372/GST/2010Q2/attempt_02_20260917050021871516.json,cf40ad11823954d240678a9207d6133fd237d8a8eb6cb0b3aab4a49f5a0bd453,no_transcript,provider returned no usable transcript segments,not_applicable,,,,,,unresolved,
CIK0000008504,AVSB2F92CBB0C7EC8D8,0000008504,Enerjex Resources Inc,ENRJ,NYSE,3721,manufacturing,2010Q3,us,NV,2007-03-23,2019-12-31,Alpha Vantage listing interval,resolved_cik,True,2,"ranked by active quarter-end evidence, exchange, and plain common-stock symbol",2010|NYSE|manufacturing,1742,9,0.0051664753,193.5555555556,20260916,terminal_provider_unavailability,pilot_live,3,artifacts/representative_coverage_pilot_v20260916/raw/CIK0000008504/ENRJ/2010Q3/attempt_03_20260917035547687357.json,dc19ab25c2ffc69c9c993c06ab8421de6d0261397ff92ab39c51f42d609624df,no_transcript,provider returned no usable transcript segments,not_applicable,,,,,,unresolved,
CIK0000008947,AVSF58D632BC0C8FDD1,0000008947,AZZ Inc,AZZ,NYSE,3470,manufacturing,2010Q3,us,TX,1984-09-07,2019-12-31,Alpha Vantage listing interval,resolved_cik,True,1,only eligible resolved security,2010|NYSE|manufacturing,1742,9,0.0051664753,193.5555555556,20260916,terminal_provider_unavailability,pilot_live,2,artifacts/representative_coverage_pilot_v20260916/raw/CIK0000008947/AZZ/2010Q3/attempt_02_20260917002614150549.json,b3dec929c8c36e8416edae66b42a4be3b3ece174712c7b229ad30942ab3d80e9,no_transcript,provider returned no usable transcript segments,not_applicable,,,,,,unresolved,
CIK0000021665,AVS7752CCD658ABAB84,0000021665,Colgate-Palmolive Company,CL,NYSE,2844,manufacturing,2010Q3,us,DE,1977-01-03,2019-12-31,Alpha Vantage listing interval,resolved_cik,True,1,only eligible resolved security,2010|NYSE|manufacturing,1742,9,0.0051664753,193.5555555556,20260916,valid,legacy_reuse,1,artifacts/earnings_call_responses/CL_2010Q3.json,612b1e33b94936819dc353d3b4544c47222a6515628a7a1decefed204f78b591,valid full transcript,substantive segmented transcript without detected integrity flags,supported,distinctive company-name token found in opening transcript text,665d106da546106467bab7e8f9ef2accbf5ff9b7dbeeeeab465126951ecadcbf,,,,unresolved,
CIK0000062234,AVS3849199388CD27B3,0000062234,Marcus Corp,MCS,NYSE,7830,services,2010Q3,us,WI,1990-03-29,2019-12-31,Alpha Vantage listing interval,resolved_cik,True,1,only eligible resolved security,2010|NYSE|services,563,3,0.0053285968,187.6666666667,20260916,valid,pilot_live,1,artifacts/representative_coverage_pilot_v20260916/raw/CIK0000062234/MCS/2010Q3/attempt_01_20260917002616155584.json,d1f3a45ddd6defbb0d667bae50ab53752062fd6de780018f3cc6112750dc683b,valid,"usable transcript passed structural, year, and identity checks",supported,distinctive company-name token found in opening transcript text,e700bdf1364a42a03758351c9dbad40fd5730e738889148f29055eef0b3078db,,,,unresolved,
CIK0000706863,AVS77A7EE3C241E5D94,0000706863,Union Bankshares Inc,UNB,NASDAQ,6022,finance_insurance_real_estate,2010Q3,us,VT,1999-08-09,2019-12-31,Alpha Vantage listing interval,resolved_cik,True,1,only eligible resolved security,2010|NASDAQ|finance_insurance_real_estate,1668,9,0.0053956835,185.3333333333,20260916,terminal_provider_unavailability,pilot_live,3,artifacts/representative_coverage_pilot_v20260916/raw/CIK0000706863/UNB/2010Q3/attempt_03_20260917035549697709.json,fb9735fda278b31f1b45a1904ab627e449037f5b5d9d1e179435a2e7d38d973c,no_transcript,provider returned no usable transcript segments,not_applicable,,,,,,unresolved,
CIK0001042783,AVS1AC717381A2AEA8A,0001042783,Dot Hill Systems Corp,HILL,NASDAQ,3572,manufacturing,2010Q3,us,DE,1997-09-17,2019-12-31,Alpha Vantage listing interval,resolved_cik,True,2,"ranked by active quarter-end evidence, exchange, and plain common-stock symbol",2010|NASDAQ|manufacturing,2642,14,0.0052990159,188.7142857143,20260916,terminal_provider_unavailability,pilot_live,3,artifacts/representative_coverage_pilot_v20260916/raw/CIK0001042783/HILL/2010Q3/attempt_03_20260917035551702755.json,baaa4873c9d139726bd48e09e78bdfa56646655db873b4ff876b832e728a523d,no_transcript,provider returned no usable transcript segments,not_applicable,,,,,,unresolved,
CIK0001067294,AVS888B6ADA4B8472E4,0001067294,Cracker Barrel Old Country Store Inc,CBRL,NASDAQ,5812,retail_trade,2010Q3,us,TN,1984-09-07,2019-12-31,Alpha Vantage listing interval,resolved_cik,True,1,only eligible resolved security,2010|NASDAQ|retail_trade,316,2,0.0063291139,158.0000000000,20260916,terminal_provider_unavailability,pilot_live,4,artifacts/representative_coverage_pilot_v20260916/raw/CIK0001067294/CBRL/2010Q3/attempt_04_20260917035553710268.json,827f2fb7da1698857129a24945010da36c8377e8d233ce76e8f7657de6bc142f,no_transcript,provider returned no usable transcript segments,not_applicable,,,,,,unresolved,
CIK0001126741,AVSF249D1427F3CB62F,0001126741,GSI Technology Inc,GSIT,NASDAQ,3674,manufacturing,2010Q3,us,DE,2007-03-29,2019-12-31,Alpha Vantage listing interval,resolved_cik,True,1,only eligible resolved security,2010|NASDAQ|manufacturing,2642,14,0.0052990159,188.7142857143,20260916,terminal_provider_unavailability,pilot_live,3,artifacts/representative_coverage_pilot_v20260916/raw/CIK0001126741/GSIT/2010Q3/attempt_03_20260917035555713893.json,66bae7f054620491212c90e61ba49dd0f891baec6b32ff032cf94d0572cb31f4,no_transcript,provider returned no usable transcript segments,not_applicable,,,,,,unresolved,
CIK0001261654,AVS424E419DCF2FBEF8,0001261654,Universal Technical Institute Inc,UTI,NYSE,8200,services,2010Q3,us,DE,2003-12-18,2019-12-31,Alpha Vantage listing interval,resolved_cik,True,1,only eligible resolved security,2010|NYSE|services,563,3,0.0053285968,187.6666666667,20260916,terminal_provider_unavailability,pilot_live,3,artifacts/representative_coverage_pilot_v20260916/raw/CIK0001261654/UTI/2010Q3/attempt_03_20260917035557715783.json,7932880538adb68af349550f5ad1cff2ee708c151ffd644a80f1c08657645306,no_transcript,provider returned no usable transcript segments,not_applicable,,,,,,unresolved,
CIK0001290476,AVS5F5ECB40A6AD7CD4,0001290476,Village Bank & Trust Financial Corporation,VBFC,NASDAQ,6022,finance_insurance_real_estate,2010Q3,us,VA,1996-04-01,2019-12-31,Alpha Vantage listing interval,resolved_cik,True,1,only eligible resolved security,2010|NASDAQ|finance_insurance_real_estate,1668,9,0.0053956835,185.3333333333,20260916,terminal_provider_unavailability,pilot_live,3,artifacts/representative_coverage_pilot_v20260916/raw/CIK0001290476/VBFC/2010Q3/attempt_03_20260917035559720138.json,40d3ac2318bd961f9878f1b19a4938931733aecd86175e53a95f47cd30fc8712,no_transcript,provider returned no usable transcript segments,not_applicable,,,,,,unresolved,
CIK0001316625,AVSF946EDB467A1219E,0001316625,Silicon Graphics International Corp,SGI,NASDAQ,3571,manufacturing,2010Q3,us,DE,2009-05-19,2019-12-31,Alpha Vantage listing interval,resolved_cik,True,2,"ranked by active quarter-end evidence, exchange, and plain common-stock symbol",2010|NASDAQ|manufacturing,2642,14,0.0052990159,188.7142857143,20260916,valid,pilot_live,1,artifacts/representative_coverage_pilot_v20260916/raw/CIK0001316625/SGI/2010Q3/attempt_01_20260917002632184801.json,d4115ab863bd48f5b435ce84647a4fd2cc17fb8d73cd341ec021d21b52b2c9d3,valid,"usable transcript passed structural, year, and identity checks",manual_review,no distinctive company-name token found in opening transcript text,051ff706693a08bc46108408edff84d27aef50fa042518b7132ce808975d2559,,,,unresolved,
CIK0001486957,AVS151334008B11CBEF,0001486957,Babcock & Wilcox Company,BWC,NYSE,3510,manufacturing,2010Q3,us,DE,2010-08-02,2019-12-31,Alpha Vantage listing interval,resolved_cik,True,3,"ranked by active quarter-end evidence, exchange, and plain common-stock symbol",2010|NYSE|manufacturing,1742,9,0.0051664753,193.5555555556,20260916,terminal_provider_unavailability,pilot_live,3,artifacts/representative_coverage_pilot_v20260916/raw/CIK0001486957/BWC/2010Q3/attempt_03_20260917035601721318.json,23b602e6b903334d659bfb2751a80732e15fe3dd0e63dad104ca6bec40d25184,no_transcript,provider returned no usable transcript segments,not_applicable,,,,,,unresolved,
CIK0000014272,AVS0763579394D5463B,0000014272,Bristol-Myers Squibb Company,BMY,NYSE,2834,manufacturing,2010Q4,us,DE,1972-06-01,2019-12-31,Alpha Vantage listing interval,resolved_cik,True,1,only eligible resolved security,2010|NYSE|manufacturing,1742,9,0.0051664753,193.5555555556,20260916,valid,legacy_reuse,1,artifacts/earnings_call_responses/BMY_2010Q4.json,82e9e7ff11768b715162f762ff27be55844ee4c59ff401c531fc509e9e4992e8,valid full transcript,substantive segmented transcript without detected integrity flags,manual_review,no distinctive company-name token found in opening transcript text,74abe421a6bc2951816ddd6803b0c46a6fc758b4fcb2d8f35f1b32ce32a85137,,,2011-01-27,high,https://www.sec.gov/Archives/edgar/data/14272/000119312511015402/dex991.htm
CIK0000068270,AVS41E623D93D2045BD,0000068270,Ruby Tuesday Inc,RT,NYSE,5812,retail_trade,2010Q4,us,GA,1990-03-26,2019-12-31,Alpha Vantage listing interval,resolved_cik,True,2,"ranked by active quarter-end evidence, exchange, and plain common-stock symbol",2010|NYSE|retail_trade,300,2,0.0066666667,150.0000000000,20260916,terminal_provider_unavailability,pilot_live,2,artifacts/representative_coverage_pilot_v20260916/raw/CIK0000068270/RT/2010Q4/attempt_02_20260917050023872737.json,318c7c13ade1a07d33a3d7218c7c35d82dfe5b1450b9cbdc4a5203e1d1e01409,no_transcript,provider returned no usable transcript segments,not_applicable,,,,,,unresolved,
CIK0000080124,AVS477EEAA068F3E2F3,0000080124,Presidential Life LLC,PLFE,NASDAQ,6311,finance_insurance_real_estate,2010Q4,us,DE,2006-12-28,2019-12-31,Alpha Vantage listing interval,resolved_cik,True,2,"ranked by active quarter-end evidence, exchange, and plain common-stock symbol",2010|NASDAQ|finance_insurance_real_estate,1668,9,0.0053956835,185.3333333333,20260916,terminal_provider_unavailability,pilot_live,3,artifacts/representative_coverage_pilot_v20260916/raw/CIK0000080124/PLFE/2010Q4/attempt_03_20260917035603727239.json,00af2cdc3d9c4cc5344071e42631d5ea982fc084f71c0244be39ff472a50f981,no_transcript,provider returned no usable transcript segments,not_applicable,,,,,,unresolved,
CIK0000105016,AVSB7C1F7D9943A6ED2,0000105016,Watsco Inc - Class A,WSO,NYSE,5070,wholesale_trade,2010Q4,us,FL,1984-06-07,2019-12-31,Alpha Vantage listing interval,resolved_cik,True,2,"ranked by active quarter-end evidence, exchange, and plain common-stock symbol",2010|NYSE|wholesale_trade,124,1,0.0080645161,124.0000000000,20260916,terminal_provider_unavailability,pilot_live,4,artifacts/representative_coverage_pilot_v20260916/raw/CIK0000105016/WSO/2010Q4/attempt_04_20260917035605732279.json,2988798e22de16062bcb69c6e648181117d31b4e714f5d900e17bc6726471d98,no_transcript,provider returned no usable transcript segments,not_applicable,,,,,,unresolved,
CIK0000709804,AVS130DE38A077952E7,0000709804,Steel Excel Inc,SXCL,NASDAQ,1389,mining,2010Q4,us,DE,2006-12-28,2019-12-31,Alpha Vantage listing interval,resolved_cik,True,2,"ranked by active quarter-end evidence, exchange, and plain common-stock symbol",2010|NASDAQ|mining,162,1,0.0061728395,162.0000000000,20260916,terminal_provider_unavailability,pilot_live,3,artifacts/representative_coverage_pilot_v20260916/raw/CIK0000709804/SXCL/2010Q4/attempt_03_20260917035607733430.json,bbcbe77f537fc32abef0f000d64a7a95a15a629908a228006f51bbe3d33778d2,no_transcript,provider returned no usable transcript segments,not_applicable,,,,,,unresolved,
CIK0000866729,AVS75D4288F5B56E00C,0000866729,Scholastic Corp,SCHL,NASDAQ,2731,manufacturing,2010Q4,us,DE,1992-02-25,2019-12-31,Alpha Vantage listing interval,resolved_cik,True,1,only eligible resolved security,2010|NASDAQ|manufacturing,2642,14,0.0052990159,188.7142857143,20260916,valid,pilot_live,1,artifacts/representative_coverage_pilot_v20260916/raw/CIK0000866729/SCHL/2010Q4/attempt_01_20260917002644204181.json,711e432eff67413dd309b4e842b3e72c45152c16e3e466dd6522222579645ccd,valid,"usable transcript passed structural, year, and identity checks",supported,distinctive company-name token found in opening transcript text,c52fffa2c7748f90c383cbdc7bfb038608f9d5dd1ae564a3d99350df93827c1a,,,,unresolved,
CIK0000874761,AVS2B93B48022B8DF80,0000874761,AES Corp,AES,NYSE,4991,transportation_communications_utilities,2010Q4,us,DE,1991-06-26,2019-12-31,Alpha Vantage listing interval,resolved_cik,True,1,only eligible resolved security,2010|NYSE|transportation_communications_utilities,589,3,0.0050933786,196.3333333333,20260916,valid,pilot_live,1,artifacts/representative_coverage_pilot_v20260916/raw/CIK0000874761/AES/2010Q4/attempt_01_20260917045621347110.json,85bf70949b77eedd8fb9739bf16cbea3cf4c2057a8c2bee932689435be13a7ea,valid,"usable transcript passed structural, year, and identity checks",manual_review,no distinctive company-name token found in opening transcript text,dcd24005506e3ec9b5cecf199bc06da929d40a1d64fb540a05b9b75e1b770dfc,,,,unresolved,
CIK0001001171,AVS4945CE87FBDED8DF,0001001171,Broadway Financial Corp,BYFC,NASDAQ,6035,finance_insurance_real_estate,2010Q4,us,DE,1996-01-09,2019-12-31,Alpha Vantage listing interval,resolved_cik,True,1,only eligible resolved security,2010|NASDAQ|finance_insurance_real_estate,1668,9,0.0053956835,185.3333333333,20260916,terminal_provider_unavailability,pilot_live,3,artifacts/representative_coverage_pilot_v20260916/raw/CIK0001001171/BYFC/2010Q4/attempt_03_20260917035609737595.json,540340ecc65f42fd567bb3f3e3ab94ed87b56d713f58cd6bb2499a32d47f2f57,no_transcript,provider returned no usable transcript segments,not_applicable,,,,,,unresolved,
CIK0001105982,AVS7223EC3E0ECDC26C,0001105982,OTIX GLOBAL INC.,OTIX,NASDAQ,3842,manufacturing,2010Q4,us,DE,2001-01-02,2010-12-10,Alpha Vantage listing interval,resolved_cik,False,2,"ranked by active quarter-end evidence, exchange, and plain common-stock symbol",2010|NASDAQ|manufacturing,2642,14,0.0052990159,188.7142857143,20260916,terminal_provider_unavailability,pilot_live,3,artifacts/representative_coverage_pilot_v20260916/raw/CIK0001105982/OTIX/2010Q4/attempt_03_20260917035611753090.json,402cf05ab253ab4df203e450e9a658a97cfb9ebfc7ea3e3961a67abb45b50720,no_transcript,provider returned no usable transcript segments,not_applicable,,,,,,unresolved,
CIK0001133311,AVS04F1C8603D2A318A,0001133311,Travelzoo,TZOO,NASDAQ,7310,services,2010Q4,us,DE,2002-08-28,2019-12-31,Alpha Vantage listing interval,resolved_cik,True,1,only eligible resolved security,2010|NASDAQ|services,1117,6,0.0053715309,186.1666666667,20260916,valid,pilot_live,1,artifacts/representative_coverage_pilot_v20260916/raw/CIK0001133311/TZOO/2010Q4/attempt_01_20260917002650217223.json,50b6432dededd0f0efd7e142728d7da12822ada9ab7ccfb62ce7b8a515d10ace,valid,"usable transcript passed structural, year, and identity checks",supported,distinctive company-name token found in opening transcript text,e6e00c1554386a50efd3eb8f7dbaa241b2c07e2ff226d140525a943241494bda,,,,unresolved,
CIK0001137774,AVS64008F64C61A9E09,0001137774,Prudential Financial Inc,PFH,NYSE,6311,finance_insurance_real_estate,2010Q4,us,NJ,1999-04-05,2019-12-31,Alpha Vantage listing interval,resolved_cik,True,2,"ranked by active quarter-end evidence, exchange, and plain common-stock symbol",2010|NYSE|finance_insurance_real_estate,1346,7,0.0052005944,192.2857142857,20260916,terminal_provider_unavailability,pilot_live,3,artifacts/representative_coverage_pilot_v20260916/raw/CIK0001137774/PFH/2010Q4/attempt_03_20260917035613758134.json,10a32db89eaed14fec812186c7395b575f64dcfa8070bf1592bbc296ce181ac5,no_transcript,provider returned no usable transcript segments,not_applicable,,,,,,unresolved,
CIK0001176309,AVSED7B9C19121E3643,0001176309,Oramed Pharmaceuticals Inc,ORMP,NASDAQ,2834,manufacturing,2010Q4,us,DE,2006-04-21,2019-12-31,Alpha Vantage listing interval,resolved_cik,True,1,only eligible resolved security,2010|NASDAQ|manufacturing,2642,14,0.0052990159,188.7142857143,20260916,terminal_provider_unavailability,pilot_live,3,artifacts/representative_coverage_pilot_v20260916/raw/CIK0001176309/ORMP/2010Q4/attempt_03_20260917035615770082.json,e7d05aae3ba7725d6cdd86ed8b3b2d529d79e0173786b953eeb56215448338e2,no_transcript,provider returned no usable transcript segments,not_applicable,,,,,,unresolved,
CIK0001223786,AVSE16DD2EAF1CC95D4,0001223786,NuStar GP Holdings LLC,NSH,NYSE,4610,transportation_communications_utilities,2010Q4,us,DE,2006-07-14,2019-12-31,Alpha Vantage listing interval,resolved_cik,True,2,"ranked by active quarter-end evidence, exchange, and plain common-stock symbol",2010|NYSE|transportation_communications_utilities,589,3,0.0050933786,196.3333333333,20260916,terminal_provider_unavailability,pilot_live,2,artifacts/representative_coverage_pilot_v20260916/raw/CIK0001223786/NSH/2010Q4/attempt_02_20260917050025872807.json,bba9299f92a487b04980d68bcc0e2058b291d32b99e588d45e2a1b3f557ddd03,no_transcript,provider returned no usable transcript segments,not_applicable,,,,,,unresolved,
CIK0001224370,AVS0F0F3D6946093E48,0001224370,Mindspeed Technologies Inc,MSPD,NASDAQ,3674,manufacturing,2010Q4,us,DE,2006-12-28,2019-12-31,Alpha Vantage listing interval,resolved_cik,True,2,"ranked by active quarter-end evidence, exchange, and plain common-stock symbol",2010|NASDAQ|manufacturing,2642,14,0.0052990159,188.7142857143,20260916,terminal_provider_unavailability,pilot_live,3,artifacts/representative_coverage_pilot_v20260916/raw/CIK0001224370/MSPD/2010Q4/attempt_03_20260917035617778487.json,bcebc4189f49540a98334cdbb51a548c2c0bd3c377efe0e79115ffecdb166359,no_transcript,provider returned no usable transcript segments,not_applicable,,,,,,unresolved,
CIK0001267332,AVS5A29F55041E5C60D,0001267332,Merrill Lynch Depositor Inc,IPB,NYSE,6189,finance_insurance_real_estate,2010Q4,us,DE,2004-01-20,2019-12-31,Alpha Vantage listing interval,resolved_cik,True,1,only eligible resolved security,2010|NYSE|finance_insurance_real_estate,1346,7,0.0052005944,192.2857142857,20260916,terminal_provider_unavailability,pilot_live,3,artifacts/representative_coverage_pilot_v20260916/raw/CIK0001267332/IPB/2010Q4/attempt_03_20260917035619783529.json,09dcd65be96badfaf6ddb1b8ce9782bfd259a76ccbd1d5f942dcfac69419f661,no_transcript,provider returned no usable transcript segments,not_applicable,,,,,,unresolved,
CIK0001378590,AVS5F52849589FF9CA4,0001378590,Bridgeline Digital Inc,BLIN,NASDAQ,7372,services,2010Q4,us,DE,2007-06-29,2019-12-31,Alpha Vantage listing interval,resolved_cik,True,1,only eligible resolved security,2010|NASDAQ|services,1117,6,0.0053715309,186.1666666667,20260916,terminal_provider_unavailability,pilot_live,3,artifacts/representative_coverage_pilot_v20260916/raw/CIK0001378590/BLIN/2010Q4/attempt_03_20260917035621793569.json,8c61451a78f600443dfab4e666b095a6283ae192c134dc39fc8151d088f38600,no_transcript,provider returned no usable transcript segments,not_applicable,,,,,,unresolved,
CIK0001389050,AVSE1E89FBCC1E8A94E,0001389050,Exterran Holdings Inc,EXH,NYSE,4922,transportation_communications_utilities,2010Q4,us,,2007-08-21,2019-12-31,Alpha Vantage listing interval,resolved_cik,True,2,"ranked by active quarter-end evidence, exchange, and plain common-stock symbol",2010|NYSE|transportation_communications_utilities,589,3,0.0050933786,196.3333333333,20260916,terminal_provider_unavailability,pilot_live,2,artifacts/representative_coverage_pilot_v20260916/raw/CIK0001389050/EXH/2010Q4/attempt_02_20260917050027877830.json,5cb80ca6e4a12cedaab6a9020af7219d71322143558380ab84e8a9ec4e81bde6,no_transcript,provider returned no usable transcript segments,not_applicable,,,,,,unresolved,
CIK0001390478,AVS33638086E113753C,0001390478,Galena Biopharma Inc,GALE,NASDAQ,2834,manufacturing,2010Q4,us,DE,2008-03-12,2019-12-31,Alpha Vantage listing interval,resolved_cik,True,2,"ranked by active quarter-end evidence, exchange, and plain common-stock symbol",2010|NASDAQ|manufacturing,2642,14,0.0052990159,188.7142857143,20260916,terminal_provider_unavailability,pilot_live,3,artifacts/representative_coverage_pilot_v20260916/raw/CIK0001390478/GALE/2010Q4/attempt_03_20260917035623807254.json,b0b30e5ac5326fe88fd9d320b832638117cbcaa11f6a24f84f99e990ab47050b,no_transcript,provider returned no usable transcript segments,not_applicable,,,,,,unresolved,
CIK0000023197,AVS0C3B197971B44278,0000023197,Comtech Telecommunications Corp,CMTL,NASDAQ,3663,manufacturing,2011Q1,us,DE,1992-02-18,2019-12-31,Alpha Vantage listing interval,resolved_cik,True,1,only eligible resolved security,2011|NASDAQ|manufacturing,2750,15,0.0054545455,183.3333333333,20260916,terminal_provider_unavailability,pilot_live,3,artifacts/representative_coverage_pilot_v20260916/raw/CIK0000023197/CMTL/2011Q1/attempt_03_20260917035627817495.json,113f7e44a886f778becfc37318338a22805713152e415cd244b285f327905891,no_transcript,provider returned no usable transcript segments,not_applicable,,,,,,unresolved,
CIK0000033769,AVS5DAC2C1CB81B2613,0000033769,Bob Evans Farms Inc,BOBE,NASDAQ,5812,retail_trade,2011Q1,us,DE,1984-09-05,2019-12-31,Alpha Vantage listing interval,resolved_cik,True,2,"ranked by active quarter-end evidence, exchange, and plain common-stock symbol",2011|NASDAQ|retail_trade,336,2,0.0059523810,168.0000000000,20260916,terminal_provider_unavailability,pilot_live,3,artifacts/representative_coverage_pilot_v20260916/raw/CIK0000033769/BOBE/2011Q1/attempt_03_20260917035629822627.json,12a6d1aef391e6ec048f8566ba0d28f9e5b13df5ffd8ecf8ee56583d91f64bee,no_transcript,provider returned no usable transcript segments,not_applicable,,,,,,unresolved,
CIK0000708955,AVSEF84929DED373003,0000708955,First Financial Bancorp,FFBC,NASDAQ,6021,finance_insurance_real_estate,2011Q1,us,OH,1990-03-26,2019-12-31,Alpha Vantage listing interval,resolved_cik,True,1,only eligible resolved security,2011|NASDAQ|finance_insurance_real_estate,1715,9,0.0052478134,190.5555555556,20260916,valid,pilot_live,1,artifacts/representative_coverage_pilot_v20260916/raw/CIK0000708955/FFBC/2011Q1/attempt_01_20260917002710245877.json,1ef92eb9e48a51e61f0717eb0af2ff1694903db783eef91c7b3ea673e8ff9a7c,valid,"usable transcript passed structural, year, and identity checks",supported,distinctive company-name token found in opening transcript text,3d6066fd56b3ad73b10c249ee0317301bd68c913889b28c6057b451366c6ee06,,,,unresolved,
CIK0000719209,AVS90057B9C9A4F88E7,0000719209,Isramco Inc,ISRL,NASDAQ,1311,mining,2011Q1,us,DE,1995-08-18,2019-12-31,Alpha Vantage listing interval,resolved_cik,True,2,"ranked by active quarter-end evidence, exchange, and plain common-stock symbol",2011|NASDAQ|mining,173,1,0.0057803468,173.0000000000,20260916,terminal_provider_unavailability,pilot_live,2,artifacts/representative_coverage_pilot_v20260916/raw/CIK0000719209/ISRL/2011Q1/attempt_02_20260917050029882576.json,bd1a13802f31f8a4679e0d86c4d4fd39ad4ac2ad17cf4aa349269c030234bd5e,no_transcript,provider returned no usable transcript segments,not_applicable,,,,,,unresolved,
CIK0000722392,AVSDCBE3A85037D3452,0000722392,Planar Systems Inc,PLNR,NASDAQ,3679,manufacturing,2011Q1,us,OR,1993-12-16,2019-12-31,Alpha Vantage listing interval,resolved_cik,True,2,"ranked by active quarter-end evidence, exchange, and plain common-stock symbol",2011|NASDAQ|manufacturing,2750,15,0.0054545455,183.3333333333,20260916,terminal_provider_unavailability,pilot_live,3,artifacts/representative_coverage_pilot_v20260916/raw/CIK0000722392/PLNR/2011Q1/attempt_03_20260917035631831288.json,fd1cb08235237eded3c1fbe4bbaa2e73fc480159a99a4fc33b177b0d353f3092,no_transcript,provider returned no usable transcript segments,not_applicable,,,,,,unresolved,
CIK0000731012,AVS643DB190A629AA64,0000731012,Healthcare Services Group Inc,HCSG,NASDAQ,8050,services,2011Q1,us,PA,1990-03-26,2019-12-31,Alpha Vantage listing interval,resolved_cik,True,1,only eligible resolved security,2011|NASDAQ|services,1190,6,0.0050420168,198.3333333333,20260916,terminal_provider_unavailability,pilot_live,2,artifacts/representative_coverage_pilot_v20260916/raw/CIK0000731012/HCSG/2011Q1/attempt_02_20260917002714255392.json,18d081aa6d9aa94cc0c89330e6ed1a4c8f4dbc669c6e57befa8d76939e2efa64,no_transcript,provider returned no usable transcript segments,not_applicable,,,,,,unresolved,
CIK0000861459,AVS29D6F36FF007E644,0000861459,Granite Construction Inc,GVA,NYSE,1600,construction,2011Q1,us,DE,1992-02-25,2019-12-31,Alpha Vantage listing interval,resolved_cik,True,1,only eligible resolved security,2011|NYSE|construction,124,1,0.0080645161,124.0000000000,20260916,terminal_provider_unavailability,pilot_live,3,artifacts/representative_coverage_pilot_v20260916/raw/CIK0000861459/GVA/2011Q1/attempt_03_20260917035633832421.json,19c7bc696e2275c4e2664f0bfbcbb5c7684c2b22efb9ae558d3a7ca23dbe0dc4,no_transcript,provider returned no usable transcript segments,not_applicable,,,,,,unresolved,
CIK0000868271,AVSAB56BFED116F52DC,0000868271,Severn Bancorp Inc,SVBI,NASDAQ,6021,finance_insurance_real_estate,2011Q1,us,MD,2001-01-02,2019-12-31,Alpha Vantage listing interval,resolved_cik,True,1,only eligible resolved security,2011|NASDAQ|finance_insurance_real_estate,1715,9,0.0052478134,190.5555555556,20260916,terminal_provider_unavailability,pilot_live,3,artifacts/representative_coverage_pilot_v20260916/raw/CIK0000868271/SVBI/2011Q1/attempt_03_20260917035635833606.json,af54a3e9641899c01c661f7ea8f0b8d778b309afe50e06a4e339fad8d68cc546,no_transcript,provider returned no usable transcript segments,not_applicable,,,,,,unresolved,
CIK0000868611,AVS5C10E3F6A091A963,0000868611,Sonic Corp,SONC,NASDAQ,5812,retail_trade,2011Q1,us,DE,1991-02-28,2019-12-31,Alpha Vantage listing interval,resolved_cik,True,2,"ranked by active quarter-end evidence, exchange, and plain common-stock symbol",2011|NASDAQ|retail_trade,336,2,0.0059523810,168.0000000000,20260916,terminal_provider_unavailability,pilot_live,3,artifacts/representative_coverage_pilot_v20260916/raw/CIK0000868611/SONC/2011Q1/attempt_03_20260917035637837714.json,78e187cfa654ed5ab28213916810c902295c146b0addb2140dae46b97dfd920a,no_transcript,provider returned no usable transcript segments,not_applicable,,,,,,unresolved,
CIK0000899751,AVS36112CD4CD27B6DF,0000899751,Titan International Inc,TWI,NYSE,3312,manufacturing,2011Q1,us,IL,1993-05-20,2019-12-31,Alpha Vantage listing interval,resolved_cik,True,1,only eligible resolved security,2011|NYSE|manufacturing,1805,10,0.0055401662,180.5000000000,20260916,terminal_provider_unavailability,pilot_live,3,artifacts/representative_coverage_pilot_v20260916/raw/CIK0000899751/TWI/2011Q1/attempt_03_20260917035639842752.json,e90bb76fe2ed66f7130ded6c33c7ee28052b78060ab95e321d048be303c3e66e,no_transcript,provider returned no usable transcript segments,not_applicable,,,,,,unresolved,
CIK0001022469,AVS3D4D97B0E5F7B8B6,0001022469,Deltic Timber Corp,DEL,NYSE,2421,manufacturing,2011Q1,us,DE,1996-12-12,2019-12-31,Alpha Vantage listing interval,resolved_cik,True,2,"ranked by active quarter-end evidence, exchange, and plain common-stock symbol",2011|NYSE|manufacturing,1805,10,0.0055401662,180.5000000000,20260916,terminal_provider_unavailability,pilot_live,3,artifacts/representative_coverage_pilot_v20260916/raw/CIK0001022469/DEL/2011Q1/attempt_03_20260917035641848826.json,65385c4823d1615a29d7e106535d9fd502c4b3212cc5b6b584086b4a5ed34060,no_transcript,provider returned no usable transcript segments,not_applicable,,,,,,unresolved,
CIK0001053532,AVSB099031FC50A1283,0001053532,LaSalle Hotel Properties,LHO,NYSE,6798,finance_insurance_real_estate,2011Q1,us,MD,1998-04-24,2019-12-31,Alpha Vantage listing interval,resolved_cik,True,2,"ranked by active quarter-end evidence, exchange, and plain common-stock symbol",2011|NYSE|finance_insurance_real_estate,1419,8,0.0056377731,177.3750000000,20260916,terminal_provider_unavailability,pilot_live,3,artifacts/representative_coverage_pilot_v20260916/raw/CIK0001053532/LHO/2011Q1/attempt_03_20260917035643849984.json,66a2137888b37c664ef422e62143cdc9d84915203345c4152131cc5caa6048fd,no_transcript,provider returned no usable transcript segments,not_applicable,,,,,,unresolved,
CIK0001089872,AVSC4FC4AAF9E8D8943,0001089872,Gaia Inc - Class A,GAIA,NASDAQ,7812,services,2011Q1,us,CO,1999-10-29,2019-12-31,Alpha Vantage listing interval,resolved_cik,True,1,only eligible resolved security,2011|NASDAQ|services,1190,6,0.0050420168,198.3333333333,20260916,terminal_provider_unavailability,pilot_live,3,artifacts/representative_coverage_pilot_v20260916/raw/CIK0001089872/GAIA/2011Q1/attempt_03_20260917035645852832.json,ab57a3249e177ad2e42b887452b8823f82a868da2aedb9bbf474388cde612ded,no_transcript,provider returned no usable transcript segments,not_applicable,,,,,,unresolved,
CIK0001095565,AVS5136367AC97656A1,0001095565,Healthstream Inc,HSTM,NASDAQ,7370,services,2011Q1,us,TN,2000-04-11,2019-12-31,Alpha Vantage listing interval,resolved_cik,True,1,only eligible resolved security,2011|NASDAQ|services,1190,6,0.0050420168,198.3333333333,20260916,terminal_provider_unavailability,pilot_live,3,artifacts/representative_coverage_pilot_v20260916/raw/CIK0001095565/HSTM/2011Q1/attempt_03_20260917035647856532.json,94b71a69efdd9275dd7a25a6dcdb0d2315873d49528c6e5ff8ca202699102d1f,no_transcript,provider returned no usable transcript segments,not_applicable,,,,,,unresolved,
CIK0001126741,AVSF249D1427F3CB62F,0001126741,GSI Technology Inc,GSIT,NASDAQ,3674,manufacturing,2011Q1,us,DE,2007-03-29,2019-12-31,Alpha Vantage listing interval,resolved_cik,True,1,only eligible resolved security,2011|NASDAQ|manufacturing,2750,15,0.0054545455,183.3333333333,20260916,terminal_provider_unavailability,pilot_live,2,artifacts/representative_coverage_pilot_v20260916/raw/CIK0001126741/GSIT/2011Q1/attempt_02_20260917050031887602.json,914f14e69af4acac99294c14e71b31c6f8f783051b439d3c2539da47687fc906,no_transcript,provider returned no usable transcript segments,not_applicable,,,,,,unresolved,
CIK0001298675,AVS39C0FFCF32A33721,0001298675,CubeSmart,CUBE,NYSE,6798,finance_insurance_real_estate,2011Q1,us,MD,2004-10-22,2019-12-31,Alpha Vantage listing interval,resolved_cik,True,1,only eligible resolved security,2011|NYSE|finance_insurance_real_estate,1419,8,0.0056377731,177.3750000000,20260916,terminal_provider_unavailability,pilot_live,2,artifacts/representative_coverage_pilot_v20260916/raw/CIK0001298675/CUBE/2011Q1/attempt_02_20260917050033888100.json,01dcdf78e861ac1a70d22b1616c3e65670916b1f378a5310d9896f2927a95cab,no_transcript,provider returned no usable transcript segments,not_applicable,,,,,,unresolved,
CIK0001419521,AVSC80CE88AAA2DD3CC,0001419521,Hatteras Financial Corp,HTS,NYSE,6798,finance_insurance_real_estate,2011Q1,us,,2008-04-29,2019-12-31,Alpha Vantage listing interval,resolved_cik,True,2,"ranked by active quarter-end evidence, exchange, and plain common-stock symbol",2011|NYSE|finance_insurance_real_estate,1419,8,0.0056377731,177.3750000000,20260916,terminal_provider_unavailability,pilot_live,3,artifacts/representative_coverage_pilot_v20260916/raw/CIK0001419521/HTS/2011Q1/attempt_03_20260917035651867275.json,7018377a2d59782a5f8843617ffe44a08ca6cbead1073dcb810eb375357f257c,no_transcript,provider returned no usable transcript segments,not_applicable,,,,,,unresolved,
CIK0001442236,AVS07C0B35D77ED76CC,0001442236,Quest Resource Holding Corp,QRHC,NASDAQ,4953,transportation_communications_utilities,2011Q1,us,NV,2010-01-05,2019-12-31,Alpha Vantage listing interval,resolved_cik,True,1,only eligible resolved security,2011|NASDAQ|transportation_communications_utilities,446,2,0.0044843049,223.0000000000,20260916,terminal_provider_unavailability,pilot_live,3,artifacts/representative_coverage_pilot_v20260916/raw/CIK0001442236/QRHC/2011Q1/attempt_03_20260917035653871036.json,401a8df76125e3511548399b368f63e4de1b42a2f2932d5419d6923bc671915f,no_transcript,provider returned no usable transcript segments,not_applicable,,,,,,unresolved,
CIK0000074303,AVS58F12DB2ECD1CB1C,0000074303,Olin Corp,OLN,NYSE,2800,manufacturing,2011Q2,us,VA,1987-12-30,2019-12-31,Alpha Vantage listing interval,resolved_cik,True,1,only eligible resolved security,2011|NYSE|manufacturing,1805,10,0.0055401662,180.5000000000,20260916,valid,pilot_live,1,artifacts/representative_coverage_pilot_v20260916/raw/CIK0000074303/OLN/2011Q2/attempt_01_20260917002740305181.json,385d87806c97c282c7b6d45eb8e08a09eea943b5bc7a4d3446e85ca769af634c,valid,"usable transcript passed structural, year, and identity checks",manual_review,no distinctive company-name token found in opening transcript text,f5f6c58feb0c50632c14ee8fef985a14716b0459928248fd41493c1e41587eac,,,,unresolved,
CIK0000101382,AVS0F38D7ACF0185C7D,0000101382,UMB Financial Corp,UMBF,NASDAQ,6021,finance_insurance_real_estate,2011Q2,us,MO,1990-03-27,2019-12-31,Alpha Vantage listing interval,resolved_cik,True,1,only eligible resolved security,2011|NASDAQ|finance_insurance_real_estate,1715,9,0.0052478134,190.5555555556,20260916,terminal_provider_unavailability,pilot_live,3,artifacts/representative_coverage_pilot_v20260916/raw/CIK0000101382/UMBF/2011Q2/attempt_03_20260917035655877111.json,ac492ee13657d2c898f30f786ead7031c89c4a4d233dc75aa4d665ce77495144,no_transcript,provider returned no usable transcript segments,not_applicable,,,,,,unresolved,
CIK0000104897,AVSB859ED8F0EB47574,0000104897,WSI Industries Inc,WSCI,NASDAQ,3540,manufacturing,2011Q2,us,MN,1990-03-27,2019-12-31,Alpha Vantage listing interval,resolved_cik,True,2,"ranked by active quarter-end evidence, exchange, and plain common-stock symbol",2011|NASDAQ|manufacturing,2750,15,0.0054545455,183.3333333333,20260916,terminal_provider_unavailability,pilot_live,3,artifacts/representative_coverage_pilot_v20260916/raw/CIK0000104897/WSCI/2011Q2/attempt_03_20260917035657884439.json,c202ff14d207ad78dfc404ea464231d4723ad2a3986e3411e0836b12979d79be,no_transcript,provider returned no usable transcript segments,not_applicable,,,,,,unresolved,
CIK0000714256,AVS4C6CF3D293F16314,0000714256,Sanara MedTech Inc,SMTI,NASDAQ,3842,manufacturing,2011Q2,us,TX,2011-02-22,2019-12-31,Alpha Vantage listing interval,resolved_cik,True,1,only eligible resolved security,2011|NASDAQ|manufacturing,2750,15,0.0054545455,183.3333333333,20260916,terminal_provider_unavailability,pilot_live,3,artifacts/representative_coverage_pilot_v20260916/raw/CIK0000714256/SMTI/2011Q2/attempt_03_20260917035659889564.json,be8929ab49aabc18e9b10fa905a1ff9d2a2906ac40a5b1b2e4b1040964c3221f,no_transcript,provider returned no usable transcript segments,not_applicable,,,,,,unresolved,
CIK0000849146,AVSDA4297C82C522E3A,0000849146,Lifevantage Corporation,LFVN,NASDAQ,2834,manufacturing,2011Q2,us,,2004-10-05,2019-12-31,Alpha Vantage listing interval,resolved_cik,True,1,only eligible resolved security,2011|NASDAQ|manufacturing,2750,15,0.0054545455,183.3333333333,20260916,terminal_provider_unavailability,pilot_live,3,artifacts/representative_coverage_pilot_v20260916/raw/CIK0000849146/LFVN/2011Q2/attempt_03_20260917035701894608.json,cd98f94285b6e8e47e0574dce41bbc70baf7d2ea21d5e56f1fc173064475fc43,no_transcript,provider returned no usable transcript segments,not_applicable,,,,,,unresolved,
CIK0000872912,AVS63FAC84B5ED91591,0000872912,Delcath Systems Inc,DCTH,NASDAQ,3841,manufacturing,2011Q2,us,DE,2002-05-02,2019-12-31,Alpha Vantage listing interval,resolved_cik,True,1,only eligible resolved security,2011|NASDAQ|manufacturing,2750,15,0.0054545455,183.3333333333,20260916,terminal_provider_unavailability,pilot_live,2,artifacts/representative_coverage_pilot_v20260916/raw/CIK0000872912/DCTH/2011Q2/attempt_02_20260917050035893130.json,1dd0453aa7f41124463e65aca70966c206c2ed3118f6966c18360d3e9563c895,no_transcript,provider returned no usable transcript segments,not_applicable,,,,,,unresolved,
CIK0000886346,AVSD92DC8A8885DCB2B,0000886346,Kadant Inc,KAI,NYSE,3550,manufacturing,2011Q2,us,DE,1992-11-03,2019-12-31,Alpha Vantage listing interval,resolved_cik,True,1,only eligible resolved security,2011|NYSE|manufacturing,1805,10,0.0055401662,180.5000000000,20260916,terminal_provider_unavailability,pilot_live,3,artifacts/representative_coverage_pilot_v20260916/raw/CIK0000886346/KAI/2011Q2/attempt_03_20260917035703899650.json,d24a4ae5f110294a9efc9c5922c5ff1e72660b34fe1a1be95d40485b61badcca,no_transcript,provider returned no usable transcript segments,not_applicable,,,,,,unresolved,
CIK0001104188,AVSE35A3F75224089D4,0001104188,Sohu.com Ltd,SOHU,NASDAQ,7374,services,2011Q2,us,DE,2000-07-12,2019-12-31,Alpha Vantage listing interval,resolved_cik,True,1,only eligible resolved security,2011|NASDAQ|services,1190,6,0.0050420168,198.3333333333,20260916,valid,pilot_live,1,artifacts/representative_coverage_pilot_v20260916/raw/CIK0001104188/SOHU/2011Q2/attempt_01_20260917002756342243.json,7308074a5eacdd3d56d361a21eed119a9624b86c9cec16b2422b0084c7da77fa,valid,"usable transcript passed structural, year, and identity checks",manual_review,no distinctive company-name token found in opening transcript text,2ab9e439bb53343b4c5f0b7db572ca4980c699b19b9a09d79c3e874efaa1ba02,,,,unresolved,
CIK0001195933,AVS7C1C838707F9935F,0001195933,Infinity Property and Casualty Corp,IPCC,NASDAQ,6331,finance_insurance_real_estate,2011Q2,us,OH,2003-02-12,2019-12-31,Alpha Vantage listing interval,resolved_cik,True,2,"ranked by active quarter-end evidence, exchange, and plain common-stock symbol",2011|NASDAQ|finance_insurance_real_estate,1715,9,0.0052478134,190.5555555556,20260916,terminal_provider_unavailability,pilot_live,3,artifacts/representative_coverage_pilot_v20260916/raw/CIK0001195933/IPCC/2011Q2/attempt_03_20260917035711922410.json,d2646eea0e78bccb0ac46be7e7c2c27a13248a7dcfdcffde19843d4a0c667435,no_transcript,provider returned no usable transcript segments,not_applicable,,,,,,unresolved,
CIK0001302177,AVS729571064B939394,0001302177,Pokertek Inc,PTEK,NASDAQ,3990,manufacturing,2011Q2,us,NC,2005-10-14,2019-12-31,Alpha Vantage listing interval,resolved_cik,True,2,"ranked by active quarter-end evidence, exchange, and plain common-stock symbol",2011|NASDAQ|manufacturing,2750,15,0.0054545455,183.3333333333,20260916,terminal_provider_unavailability,pilot_live,2,artifacts/representative_coverage_pilot_v20260916/raw/CIK0001302177/PTEK/2011Q2/attempt_02_20260917050037893436.json,7bc27573b418d10f3fc81d915a3d62a196d22bfcee67dd1a577f1a4eff19d1c9,no_transcript,provider returned no usable transcript segments,not_applicable,,,,,,unresolved,
CIK0001373988,AVS0517E6F5E8EE6E05,0001373988,Essex Rental Corp,ESSX,NASDAQ,7350,services,2011Q2,us,IL,2007-03-27,2019-12-31,Alpha Vantage listing interval,resolved_cik,True,2,"ranked by active quarter-end evidence, exchange, and plain common-stock symbol",2011|NASDAQ|services,1190,6,0.0050420168,198.3333333333,20260916,terminal_provider_unavailability,pilot_live,3,artifacts/representative_coverage_pilot_v20260916/raw/CIK0001373988/ESSX/2011Q2/attempt_03_20260917035715932409.json,0bbf68c0c9658790082dff46020149fbd4c8d955cbc96d8c3ce1a9d4727dfeaf,no_transcript,provider returned no usable transcript segments,not_applicable,,,,,,unresolved,
CIK0001375247,AVS4155864C07E10EEB,0001375247,Obagi Medical Products Inc,OMPI,NASDAQ,2834,manufacturing,2011Q2,us,DE,2006-12-28,2019-12-31,Alpha Vantage listing interval,resolved_cik,True,2,"ranked by active quarter-end evidence, exchange, and plain common-stock symbol",2011|NASDAQ|manufacturing,2750,15,0.0054545455,183.3333333333,20260916,terminal_provider_unavailability,pilot_live,2,artifacts/representative_coverage_pilot_v20260916/raw/CIK0001375247/OMPI/2011Q2/attempt_02_20260917050039898465.json,777b7277a1da562df8be6cc6ba613613c1705c356c935b3a70d007f150528ce8,no_transcript,provider returned no usable transcript segments,not_applicable,,,,,,unresolved,
CIK0001377789,AVS50644F16D8F38D79,0001377789,Aviat Networks Inc,AVNW,NASDAQ,3663,manufacturing,2011Q2,us,DE,1991-02-07,2019-12-31,Alpha Vantage listing interval,resolved_cik,True,1,only eligible resolved security,2011|NASDAQ|manufacturing,2750,15,0.0054545455,183.3333333333,20260916,terminal_provider_unavailability,pilot_live,3,artifacts/representative_coverage_pilot_v20260916/raw/CIK0001377789/AVNW/2011Q2/attempt_03_20260917035717934978.json,27605d74d34f7e42150035960e54d32fd3aaa576b0768a1da46da554cf598b60,no_transcript,provider returned no usable transcript segments,not_applicable,,,,,,unresolved,
CIK0001383312,AVS47A3F28D13C52563,0001383312,Broadridge Financial Solutions Inc,BR,NYSE,7389,services,2011Q2,us,DE,2007-04-02,2019-12-31,Alpha Vantage listing interval,resolved_cik,True,1,only eligible resolved security,2011|NYSE|services,603,3,0.0049751244,201.0000000000,20260916,terminal_provider_unavailability,pilot_live,3,artifacts/representative_coverage_pilot_v20260916/raw/CIK0001383312/BR/2011Q2/attempt_03_20260917035719940020.json,5bc92c5c5ea1c6ad865b95c76dd55a687548f1fef87129247030e2b231a36f16,no_transcript,provider returned no usable transcript segments,not_applicable,,,,,,unresolved,
CIK0001422892,AVSDB191679AB030BAF,0001422892,Singularity Future Technology Ltd,SGLY,NASDAQ,4731,transportation_communications_utilities,2011Q2,us,,2008-05-21,2019-12-31,Alpha Vantage listing interval,resolved_cik,True,1,only eligible resolved security,2011|NASDAQ|transportation_communications_utilities,446,2,0.0044843049,223.0000000000,20260916,terminal_provider_unavailability,pilot_live,3,artifacts/representative_coverage_pilot_v20260916/raw/CIK0001422892/SGLY/2011Q2/attempt_03_20260917035721944615.json,103dfe199b6203d920a8ecc592f06ae7da8fa5d61b01f05ba99c378b5a274e8d,no_transcript,provider returned no usable transcript segments,not_applicable,,,,,,unresolved,
CIK0000056047,AVSE6F1808C87978FDE,0000056047,Kirby Corp,KEX,NYSE,4400,transportation_communications_utilities,2011Q3,us,NV,1991-08-21,2019-12-31,Alpha Vantage listing interval,resolved_cik,True,1,only eligible resolved security,2011|NYSE|transportation_communications_utilities,619,3,0.0048465267,206.3333333333,20260916,valid,pilot_live,1,artifacts/representative_coverage_pilot_v20260916/raw/CIK0000056047/KEX/2011Q3/attempt_01_20260917002812390552.json,8ed386b9dcebf1150f6ded8caa564bf09d5967aefe530c73e7afc8f81a7ad92d,valid,"usable transcript passed structural, year, and identity checks",supported,distinctive company-name token found in opening transcript text,a869cd0f7d108bd50c09d5c91451c29e7363ae70ae1bf4df1052d915b8d218ab,,,,unresolved,
CIK0000060751,AVS846002AEDA58DD25,0000060751,LUBRIZOL Corp,LZ,NYSE,2860,manufacturing,2011Q3,us,OH,2001-01-02,2019-12-31,Alpha Vantage listing interval,resolved_cik,True,2,"ranked by active quarter-end evidence, exchange, and plain common-stock symbol",2011|NYSE|manufacturing,1805,10,0.0055401662,180.5000000000,20260916,terminal_provider_unavailability,pilot_live,3,artifacts/representative_coverage_pilot_v20260916/raw/CIK0000060751/LZ/2011Q3/attempt_03_20260917035723950632.json,fc64dfcf55ee4d6461453c0852fb3268ca6ac0678962636fcaa6bfeace9944e6,no_transcript,provider returned no usable transcript segments,not_applicable,,,,,,unresolved,
CIK0000310764,AVSE3ABB82EE2D2E95D,0000310764,Stryker Corp,SYK,NYSE,3841,manufacturing,2011Q3,us,MI,1988-02-01,2019-12-31,Alpha Vantage listing interval,resolved_cik,True,1,only eligible resolved security,2011|NYSE|manufacturing,1805,10,0.0055401662,180.5000000000,20260916,valid,legacy_reuse,1,artifacts/earnings_call_responses/SYK_2011Q3.json,725c5a4eee522d72667370224d1ae549bc2437ac7b3ea5831e0d1969e5693683,valid full transcript,substantive segmented transcript without detected integrity flags,supported,distinctive company-name token found in opening transcript text,f12238925d618bbb208a3e63461937655a50bf8a818096de760402df422d0a70,,,,unresolved,
CIK0000350737,AVS1E11FD52509DB028,0000350737,Ocean Bio-Chem Inc,OBCI,NASDAQ,2842,manufacturing,2011Q3,us,FL,1995-07-13,2019-12-31,Alpha Vantage listing interval,resolved_cik,True,1,only eligible resolved security,2011|NASDAQ|manufacturing,2750,15,0.0054545455,183.3333333333,20260916,terminal_provider_unavailability,pilot_live,3,artifacts/representative_coverage_pilot_v20260916/raw/CIK0000350737/OBCI/2011Q3/attempt_03_20260917035725955666.json,439668665442a1d2ca32682f64ccff5a37dffcbff15c5ed7a8eb11ae92e60d1f,no_transcript,provider returned no usable transcript segments,not_applicable,,,,,,unresolved,
CIK0000712034,AVS65160213DCD8A972,0000712034,Acco Brands Corporation,ACCO,NYSE,2780,manufacturing,2011Q3,us,DE,2005-08-17,2019-12-31,Alpha Vantage listing interval,resolved_cik,True,1,only eligible resolved security,2011|NYSE|manufacturing,1805,10,0.0055401662,180.5000000000,20260916,valid,pilot_live,1,artifacts/representative_coverage_pilot_v20260916/raw/CIK0000712034/ACCO/2011Q3/attempt_01_20260917002818401941.json,1b0be5c2be2acee3104d29dc04002733fa15a92ea37020f5842b4cbf0da704cb,valid,"usable transcript passed structural, year, and identity checks",supported,distinctive company-name token found in opening transcript text,b92812539296b1e7ce33f792c46136170e78d8180dad49b7195dc649f5dcc258,,,,unresolved,
CIK0000778734,AVSC37F581AE48313D5,0000778734,Measurement Specialties Inc,MEAS,NASDAQ,3829,manufacturing,2011Q3,us,NJ,1993-04-26,2019-12-31,Alpha Vantage listing interval,resolved_cik,True,2,"ranked by active quarter-end evidence, exchange, and plain common-stock symbol",2011|NASDAQ|manufacturing,2750,15,0.0054545455,183.3333333333,20260916,terminal_provider_unavailability,pilot_live,3,artifacts/representative_coverage_pilot_v20260916/raw/CIK0000778734/MEAS/2011Q3/attempt_03_20260917035727961341.json,08a566bddbc3e2ab8d6ed74a66c89d7906f35b0bf860ae6b7279d1faf81ded48,no_transcript,provider returned no usable transcript segments,not_applicable,,,,,,unresolved,
CIK0000785161,AVSCC702659B9C42261,0000785161,HEALTHSOUTH Corp,HLS,NYSE,8060,services,2011Q3,us,DE,1989-09-13,2019-12-31,Alpha Vantage listing interval,resolved_cik,True,2,"ranked by active quarter-end evidence, exchange, and plain common-stock symbol",2011|NYSE|services,603,3,0.0049751244,201.0000000000,20260916,terminal_provider_unavailability,pilot_live,3,artifacts/representative_coverage_pilot_v20260916/raw/CIK0000785161/HLS/2011Q3/attempt_03_20260917035729971939.json,7792d26d2095906f7fb67140f597c85b77b46d26dee3fe9eb07dd322a5df0c60,no_transcript,provider returned no usable transcript segments,not_applicable,,,,,,unresolved,
CIK0000821026,AVS562D0D35CF35D364,0000821026,Andersons Inc,ANDE,NASDAQ,5150,wholesale_trade,2011Q3,us,OH,1996-02-20,2019-12-31,Alpha Vantage listing interval,resolved_cik,True,1,only eligible resolved security,2011|NASDAQ|wholesale_trade,168,1,0.0059523810,168.0000000000,20260916,terminal_provider_unavailability,pilot_live,3,artifacts/representative_coverage_pilot_v20260916/raw/CIK0000821026/ANDE/2011Q3/attempt_03_20260917035731977111.json,fb57ed61bdf87935096bc72be3a46d5627e2603a7070038cbe8a59a6adcc65cc,no_transcript,provider returned no usable transcript segments,not_applicable,,,,,,unresolved,
CIK0000845289,AVS22DACBDC86FDB629,0000845289,Harvest Natural Resources Inc,HNR,NYSE,1311,mining,2011Q3,us,DE,1989-11-07,2019-12-31,Alpha Vantage listing interval,resolved_cik,True,2,"ranked by active quarter-end evidence, exchange, and plain common-stock symbol",2011|NYSE|mining,384,2,0.0052083333,192.0000000000,20260916,terminal_provider_unavailability,pilot_live,3,artifacts/representative_coverage_pilot_v20260916/raw/CIK0000845289/HNR/2011Q3/attempt_03_20260917035733982152.json,9c099ee55a0f9945f15392c1f2e6e47a2ed427f9a6b404106ad651cee9e0dd98,no_transcript,provider returned no usable transcript segments,not_applicable,,,,,,unresolved,
CIK0000867374,AVS87A0517416EA4FE4,0000867374,Electronics For Imaging Inc,EFII,NASDAQ,3576,manufacturing,2011Q3,us,DE,1992-10-02,2019-12-31,Alpha Vantage listing interval,resolved_cik,True,2,"ranked by active quarter-end evidence, exchange, and plain common-stock symbol",2011|NASDAQ|manufacturing,2750,15,0.0054545455,183.3333333333,20260916,terminal_provider_unavailability,pilot_live,2,artifacts/representative_coverage_pilot_v20260916/raw/CIK0000867374/EFII/2011Q3/attempt_02_20260917050041903486.json,4329429fb9a83ae02a05515b238dfd0beba703e3e593fc1744a1f3dc93f8ffa5,no_transcript,provider returned no usable transcript segments,not_applicable,,,,,,unresolved,
CIK0000934648,AVS4CD7FB4EFE4B92F2,0000934648,Speedway Motorsports Inc,TRK,NYSE,7948,services,2011Q3,us,DE,1995-02-24,2019-12-31,Alpha Vantage listing interval,resolved_cik,True,2,"ranked by active quarter-end evidence, exchange, and plain common-stock symbol",2011|NYSE|services,603,3,0.0049751244,201.0000000000,20260916,terminal_provider_unavailability,pilot_live,3,artifacts/representative_coverage_pilot_v20260916/raw/CIK0000934648/TRK/2011Q3/attempt_03_20260917035735986033.json,16038a7ee915ef344d45ca7b2b6332adadc7cfd71a10d54fa4d883e48ccf6112,no_transcript,provider returned no usable transcript segments,not_applicable,,,,,,unresolved,
CIK0001023128,AVS3BB0512CE96F8CAA,0001023128,Lithia Motors Inc - Class A,LAD,NYSE,5500,retail_trade,2011Q3,us,OR,1996-12-18,2019-12-31,Alpha Vantage listing interval,resolved_cik,True,1,only eligible resolved security,2011|NYSE|retail_trade,305,2,0.0065573770,152.5000000000,20260916,terminal_provider_unavailability,pilot_live,3,artifacts/representative_coverage_pilot_v20260916/raw/CIK0001023128/LAD/2011Q3/attempt_03_20260917035737993820.json,ceffd288b85f10b44efa66b67f1c013abdacc892201145bb4364b0d3842a9b40,no_transcript,provider returned no usable transcript segments,not_applicable,,,,,,unresolved,
CIK0001057060,AVS5FA7B3906D675D1B,0001057060,Marinemax Inc,HZO,NYSE,5531,retail_trade,2011Q3,us,DE,1998-06-03,2019-12-31,Alpha Vantage listing interval,resolved_cik,True,1,only eligible resolved security,2011|NYSE|retail_trade,305,2,0.0065573770,152.5000000000,20260916,valid,pilot_live,1,artifacts/representative_coverage_pilot_v20260916/raw/CIK0001057060/HZO/2011Q3/attempt_01_20260917045641379004.json,9a1b4249bb9f8b40539388244b05ddf952ce81a612f7e40940ab14ca99d54765,valid,"usable transcript passed structural, year, and identity checks",supported,distinctive company-name token found in opening transcript text,7fcfe823da83fc86acaf821d9900e033ce0760843be09b84d792ae8c144dd971,,,,unresolved,
CIK0001196298,AVS024252D5E1E279A2,0001196298,Nephros Inc,NEPH,NASDAQ,3841,manufacturing,2011Q3,us,DE,2009-01-22,2019-12-31,Alpha Vantage listing interval,resolved_cik,True,1,only eligible resolved security,2011|NASDAQ|manufacturing,2750,15,0.0054545455,183.3333333333,20260916,terminal_provider_unavailability,pilot_live,2,artifacts/representative_coverage_pilot_v20260916/raw/CIK0001196298/NEPH/2011Q3/attempt_02_20260917050043906078.json,9accc3ec77ab16420990211db5f57783a1b2688ab2954d719f1074bc966dc9b5,no_transcript,provider returned no usable transcript segments,not_applicable,,,,,,unresolved,
CIK0001228454,AVS98D922049A2F3A67,0001228454,BCB Bancorp Inc (NJ),BCBP,NASDAQ,6035,finance_insurance_real_estate,2011Q3,us,NJ,2003-10-15,2019-12-31,Alpha Vantage listing interval,resolved_cik,True,1,only eligible resolved security,2011|NASDAQ|finance_insurance_real_estate,1715,9,0.0052478134,190.5555555556,20260916,terminal_provider_unavailability,pilot_live,2,artifacts/representative_coverage_pilot_v20260916/raw/CIK0001228454/BCBP/2011Q3/attempt_02_20260917050045911101.json,705b8751c6e213e9581a860ed8ef8d720cb63e7284af6770324b0d5345d6ec36,no_transcript,provider returned no usable transcript segments,not_applicable,,,,,,unresolved,
CIK0001259429,AVSFDBE361A9EBC68F6,0001259429,TICC Capital Corp,TICC,NASDAQ,,unknown,2011Q3,us,MD,2003-11-24,2019-12-31,Alpha Vantage listing interval,resolved_cik,True,2,"ranked by active quarter-end evidence, exchange, and plain common-stock symbol",2011|NASDAQ|unknown,94,1,0.0106382979,94.0000000000,20260916,terminal_provider_unavailability,pilot_live,2,artifacts/representative_coverage_pilot_v20260916/raw/CIK0001259429/TICC/2011Q3/attempt_02_20260917050047915557.json,3fc20c5857278f286e49fdcb02cfe05c2b20cec444febc282960893cf3d129b6,no_transcript,provider returned no usable transcript segments,not_applicable,,,,,,unresolved,
CIK0001280058,AVS067F5A66B59AA962,0001280058,Blackbaud Inc,BLKB,NASDAQ,7372,services,2011Q3,us,DE,2004-07-26,2019-12-31,Alpha Vantage listing interval,resolved_cik,True,1,only eligible resolved security,2011|NASDAQ|services,1190,6,0.0050420168,198.3333333333,20260916,terminal_provider_unavailability,pilot_live,2,artifacts/representative_coverage_pilot_v20260916/raw/CIK0001280058/BLKB/2011Q3/attempt_02_20260917050049920581.json,b5cb54a939d0332ec4b7339ada6b7c25cbfc457cfaffdf43336540ef6de15f73,no_transcript,provider returned no usable transcript segments,not_applicable,,,,,,unresolved,
CIK0001286043,AVSDAEA829E6CEA712C,0001286043,Kite Realty Group Trust,KRG,NYSE,6798,finance_insurance_real_estate,2011Q3,us,MD,2004-08-11,2019-12-31,Alpha Vantage listing interval,resolved_cik,True,1,only eligible resolved security,2011|NYSE|finance_insurance_real_estate,1419,8,0.0056377731,177.3750000000,20260916,terminal_provider_unavailability,pilot_live,3,artifacts/representative_coverage_pilot_v20260916/raw/CIK0001286043/KRG/2011Q3/attempt_03_20260917035742006430.json,473ade9ae4ffb8f6af675e007af78cc28bca541f77024747a89a1760f4c11ff4,no_transcript,provider returned no usable transcript segments,not_applicable,,,,,,unresolved,
CIK0001308547,AVSA24517D29239C731,0001308547,Dolby Laboratories Inc - Class A,DLB,NYSE,6794,finance_insurance_real_estate,2011Q3,us,DE,2005-02-17,2019-12-31,Alpha Vantage listing interval,resolved_cik,True,1,only eligible resolved security,2011|NYSE|finance_insurance_real_estate,1419,8,0.0056377731,177.3750000000,20260916,valid,pilot_live,1,artifacts/representative_coverage_pilot_v20260916/raw/CIK0001308547/DLB/2011Q3/attempt_01_20260917002836433619.json,704ebcc8d44621dad8a5c799cb6cfdf017bcb900270a2c20f19c4aab9820debc,valid,"usable transcript passed structural, year, and identity checks",supported,distinctive company-name token found in opening transcript text,d82313bc9bb8c0c2428e4a63b45e130dd9d0501ebcf4f91f60cab3f0e51bd44b,,,,unresolved,
CIK0001325670,AVSFAB42384023BE988,0001325670,Primis Financial Corp,FRST,NASDAQ,6022,finance_insurance_real_estate,2011Q3,us,VA,2006-11-01,2019-12-31,Alpha Vantage listing interval,resolved_cik,True,1,only eligible resolved security,2011|NASDAQ|finance_insurance_real_estate,1715,9,0.0052478134,190.5555555556,20260916,terminal_provider_unavailability,pilot_live,2,artifacts/representative_coverage_pilot_v20260916/raw/CIK0001325670/FRST/2011Q3/attempt_02_20260917050051923116.json,498007d3e744cd543ee8caff593b4b6907808a3057a0a4cd21f1f8f44c1b3b5e,no_transcript,provider returned no usable transcript segments,not_applicable,,,,,,unresolved,
CIK0001404296,AVS7D2758B541C81496,0001404296,Atlantic Coast Financial Corp,ACFC,NASDAQ,6035,finance_insurance_real_estate,2011Q3,us,,2004-10-05,2019-12-31,Alpha Vantage listing interval,resolved_cik,True,2,"ranked by active quarter-end evidence, exchange, and plain common-stock symbol",2011|NASDAQ|finance_insurance_real_estate,1715,9,0.0052478134,190.5555555556,20260916,terminal_provider_unavailability,pilot_live,3,artifacts/representative_coverage_pilot_v20260916/raw/CIK0001404296/ACFC/2011Q3/attempt_03_20260917035744011473.json,0d2606eaaf375267cb94fb7e6f0a4c3821ce4a95b39370538e7ee5e70a24721e,no_transcript,provider returned no usable transcript segments,not_applicable,,,,,,unresolved,
CIK0001467027,AVS3371045112C00FE1,0001467027,Crexus Investment Corp,CXS,NYSE,6798,finance_insurance_real_estate,2011Q3,us,MD,2009-09-17,2019-12-31,Alpha Vantage listing interval,resolved_cik,True,2,"ranked by active quarter-end evidence, exchange, and plain common-stock symbol",2011|NYSE|finance_insurance_real_estate,1419,8,0.0056377731,177.3750000000,20260916,terminal_provider_unavailability,pilot_live,2,artifacts/representative_coverage_pilot_v20260916/raw/CIK0001467027/CXS/2011Q3/attempt_02_20260917050053928138.json,2d7f0b325f673a451419da97c5502e5e1b5416ddedebee5b4b69a42418de29cb,no_transcript,provider returned no usable transcript segments,not_applicable,,,,,,unresolved,
CIK0001485469,AVSF0525AD4EECFD2C5,0001485469,Tower International Inc,TOWR,NYSE,3714,manufacturing,2011Q3,us,DE,2010-10-15,2019-12-31,Alpha Vantage listing interval,resolved_cik,True,2,"ranked by active quarter-end evidence, exchange, and plain common-stock symbol",2011|NYSE|manufacturing,1805,10,0.0055401662,180.5000000000,20260916,terminal_provider_unavailability,pilot_live,3,artifacts/representative_coverage_pilot_v20260916/raw/CIK0001485469/TOWR/2011Q3/attempt_03_20260917035748020758.json,e74e58883d2ef13cae8748bf98f8b2f919b121121af6d28a22f56ba3a59ab3d7,no_transcript,provider returned no usable transcript segments,not_applicable,,,,,,unresolved,
CIK0000014693,AVS678515F7E8F6FB2B,0000014693,Brown-Forman Corp - Class A,BF-A,NYSE,2080,manufacturing,2011Q4,us,DE,1973-05-03,2019-12-31,Alpha Vantage listing interval,resolved_cik,True,2,"ranked by active quarter-end evidence, exchange, and plain common-stock symbol",2011|NYSE|manufacturing,1805,10,0.0055401662,180.5000000000,20260916,terminal_provider_unavailability,pilot_live,2,artifacts/representative_coverage_pilot_v20260916/raw/CIK0000014693/BF-A/2011Q4/attempt_02_20260917002844445949.json,20aa6ea9c245b97ea82d2cd847cc16c59bd7200f14b280c4cc7d0d9c9705f4ab,no_transcript,provider returned no usable transcript segments,not_applicable,,,,,,unresolved,
CIK0000711669,AVSDB51C807BE357FA6,0000711669,Colony Bankcorp Inc,CBAN,NYSE,6022,finance_insurance_real_estate,2011Q4,us,GA,1998-04-02,2019-12-31,Alpha Vantage listing interval,resolved_cik,True,1,only eligible resolved security,2011|NYSE|finance_insurance_real_estate,1419,8,0.0056377731,177.3750000000,20260916,terminal_provider_unavailability,pilot_live,3,artifacts/representative_coverage_pilot_v20260916/raw/CIK0000711669/CBAN/2011Q4/attempt_03_20260917035750024227.json,6e0e361e8c6bdd9f7bdbceb250d1db80112da81bb20e3f4a894777d95f4de9eb,no_transcript,provider returned no usable transcript segments,not_applicable,,,,,,unresolved,
CIK0000712034,AVS65160213DCD8A972,0000712034,Acco Brands Corporation,ACCO,NYSE,2780,manufacturing,2011Q4,us,DE,2005-08-17,2019-12-31,Alpha Vantage listing interval,resolved_cik,True,1,only eligible resolved security,2011|NYSE|manufacturing,1805,10,0.0055401662,180.5000000000,20260916,valid,pilot_live,1,artifacts/representative_coverage_pilot_v20260916/raw/CIK0000712034/ACCO/2011Q4/attempt_01_20260917002848454141.json,47ca82d5c9ff477dd0b4aeff44f7cd12d0e380cfb7708eb44d7ae5229275c45c,valid,"usable transcript passed structural, year, and identity checks",supported,distinctive company-name token found in opening transcript text,20ede9cefa317d2e98677f032d1aa646c5a1c25e485a7f92b99372d44e640602,,,,medium,https://www.sec.gov/Archives/edgar/data/712034/000119312512165578/d335545dex991.htm
CIK0000742278,AVSB03C0CCBC7F3C2C2,0000742278,RPC Inc,RES,NYSE,1389,mining,2011Q4,us,,1987-12-30,2019-12-31,Alpha Vantage listing interval,resolved_cik,True,1,only eligible resolved security,2011|NYSE|mining,384,2,0.0052083333,192.0000000000,20260916,valid,legacy_reuse,1,artifacts/earnings_call_responses/RES_2011Q4.json,d0d2954e5950fb00f06ad35c3e227eea896b1f0ada15c9bb2a7d283e07865b4f,valid full transcript,substantive segmented transcript without detected integrity flags,manual_review,no distinctive company-name token found in opening transcript text,8dd0c83be9ad8f284429ed06bf55f4e52e1c6d8f20a9ac884d6a5978bb363eb9,,,,unresolved,
CIK0000793524,AVSAF6A61870482942C,0000793524,Research Frontiers Inc,REFR,NASDAQ,6794,finance_insurance_real_estate,2011Q4,us,DE,1993-12-20,2019-12-31,Alpha Vantage listing interval,resolved_cik,True,1,only eligible resolved security,2011|NASDAQ|finance_insurance_real_estate,1715,9,0.0052478134,190.5555555556,20260916,terminal_provider_unavailability,pilot_live,3,artifacts/representative_coverage_pilot_v20260916/raw/CIK0000793524/REFR/2011Q4/attempt_03_20260917035752028405.json,ea4ba0a54df0bf79650c477bfc4b1e4211986720a02dd20d14051b6cadaa74b5,no_transcript,provider returned no usable transcript segments,not_applicable,,,,,,unresolved,
CIK0000945114,AVSC28339D606C9418A,0000945114,Global Industrial Company,GIC,NYSE,5084,wholesale_trade,2011Q4,us,DE,1995-06-27,2019-12-31,Alpha Vantage listing interval,resolved_cik,True,1,only eligible resolved security,2011|NYSE|wholesale_trade,130,1,0.0076923077,130.0000000000,20260916,valid,pilot_live,1,artifacts/representative_coverage_pilot_v20260916/raw/CIK0000945114/GIC/2011Q4/attempt_01_20260917002854462022.json,917e69d8cd5f8ea47ac062fa4faeaaf35cd14a27d78d52abff3c090049134eac,valid,"usable transcript passed structural, year, and identity checks",supported,distinctive company-name token found in opening transcript text,ad5af772bce11d9c6f9b0d76cad0017fc5da20ed19cf0c8a0141bb633495ab07,,,,medium,https://www.sec.gov/Archives/edgar/data/945114/000092242311000316/kl08001_ex99-1.htm
CIK0001057706,AVSF4BF8FF23E10F149,0001057706,First Bancorp PR,FBP,NYSE,6022,finance_insurance_real_estate,2011Q4,us,PR,1992-02-25,2019-12-31,Alpha Vantage listing interval,resolved_cik,True,1,only eligible resolved security,2011|NYSE|finance_insurance_real_estate,1419,8,0.0056377731,177.3750000000,20260916,terminal_provider_unavailability,pilot_live,3,artifacts/representative_coverage_pilot_v20260916/raw/CIK0001057706/FBP/2011Q4/attempt_03_20260917035756035748.json,415c7f05b011239b71506d5db19497adc5448811dad825e8a8ef4ed68890c287,no_transcript,provider returned no usable transcript segments,not_applicable,,,,,,unresolved,
CIK0001075607,AVS35CC173725990D5F,0001075607,TC Pipelines LP,TCP,NYSE,4922,transportation_communications_utilities,2011Q4,us,DE,1999-05-25,2019-12-31,Alpha Vantage listing interval,resolved_cik,True,1,only eligible resolved security,2011|NYSE|transportation_communications_utilities,619,3,0.0048465267,206.3333333333,20260916,terminal_provider_unavailability,pilot_live,3,artifacts/representative_coverage_pilot_v20260916/raw/CIK0001075607/TCP/2011Q4/attempt_03_20260917035758040792.json,c7ce9dca90e65c1d5e1e4fffb99f2612a9b29d428f76d216adbd8bff23692a4a,no_transcript,provider returned no usable transcript segments,not_applicable,,,,,,unresolved,
CIK0001095981,AVS72731D15FB76F218,0001095981,Cerenome Inc,CNSY,NASDAQ,3841,manufacturing,2011Q4,us,DE,2000-11-16,2019-12-31,Alpha Vantage listing interval,resolved_cik,True,1,only eligible resolved security,2011|NASDAQ|manufacturing,2750,15,0.0054545455,183.3333333333,20260916,terminal_provider_unavailability,pilot_live,3,artifacts/representative_coverage_pilot_v20260916/raw/CIK0001095981/CNSY/2011Q4/attempt_03_20260917035800043649.json,298b15b887013fddae7ee033e3f826ad4d332233d0f022cbd33f50be4cd6781a,no_transcript,provider returned no usable transcript segments,not_applicable,,,,,,unresolved,
CIK0001157647,AVS5B0022546B190C1B,0001157647,Westfield Financial Inc,WFD,NASDAQ,6035,finance_insurance_real_estate,2011Q4,us,MA,2001-12-28,2019-12-31,Alpha Vantage listing interval,resolved_cik,True,3,"ranked by active quarter-end evidence, exchange, and plain common-stock symbol",2011|NASDAQ|finance_insurance_real_estate,1715,9,0.0052478134,190.5555555556,20260916,terminal_provider_unavailability,pilot_live,2,artifacts/representative_coverage_pilot_v20260916/raw/CIK0001157647/WFD/2011Q4/attempt_02_20260917050055933165.json,2109c0942f639960a6ed514baa6b1f6ad80ac35c35f4d58b81148c113b00b246,no_transcript,provider returned no usable transcript segments,not_applicable,,,,,,unresolved,
CIK0001406666,AVS2765E74AB316EFFA,0001406666,Calix Inc,CALX,NYSE,4899,transportation_communications_utilities,2011Q4,us,,2010-03-24,2019-12-31,Alpha Vantage listing interval,resolved_cik,True,1,only eligible resolved security,2011|NYSE|transportation_communications_utilities,619,3,0.0048465267,206.3333333333,20260916,terminal_provider_unavailability,pilot_live,2,artifacts/representative_coverage_pilot_v20260916/raw/CIK0001406666/CALX/2011Q4/attempt_02_20260917050057933975.json,8878efb769caf275e9e8fc6cb36ed099fd23adfdc2240c274f838522281a21cd,no_transcript,provider returned no usable transcript segments,not_applicable,,,,,,unresolved,
CIK0000061478,AVSE7B0AFF449281F40,0000061478,ADC TELECOMMUNICATIONS INC,ADCT,NYSE,3661,manufacturing,2012Q1,us,MN,2001-01-02,2019-12-31,Alpha Vantage listing interval,resolved_cik,False,1,only eligible resolved security,2012|NYSE|manufacturing,1871,10,0.0053447354,187.1000000000,20260916,terminal_provider_unavailability,pilot_live,3,artifacts/representative_coverage_pilot_v20260916/raw/CIK0000061478/ADCT/2012Q1/attempt_03_20260917035808061738.json,c476cd8e62606ca62728372e55559ac0212cc1fbcacf8e2085fd614c71282016,no_transcript,provider returned no usable transcript segments,not_applicable,,,,,,unresolved,
CIK0000742278,AVSB03C0CCBC7F3C2C2,0000742278,RPC Inc,RES,NYSE,1389,mining,2012Q1,us,,1987-12-30,2019-12-31,Alpha Vantage listing interval,resolved_cik,True,1,only eligible resolved security,2012|NYSE|mining,413,2,0.0048426150,206.5000000000,20260916,valid,legacy_reuse,1,artifacts/earnings_call_responses/RES_2012Q1.json,6fa22e77f82ac4b29b0d3a741a36f92e1ce8e961186957057e612c3faed2add8,valid full transcript,substantive segmented transcript without detected integrity flags,manual_review,no distinctive company-name token found in opening transcript text,8a6d7103e7d59fe56f64a2d9751b2d71e648de1664feef7d4b6734c2348f0e20,,,,unresolved,
CIK0000755001,AVSE70673DC3BA452D8,0000755001,Unitil Corp,UTL,NYSE,4931,transportation_communications_utilities,2012Q1,us,NH,1992-03-17,2019-12-31,Alpha Vantage listing interval,resolved_cik,True,1,only eligible resolved security,2012|NYSE|transportation_communications_utilities,642,3,0.0046728972,214.0000000000,20260916,valid,pilot_live,1,artifacts/representative_coverage_pilot_v20260916/raw/CIK0000755001/UTL/2012Q1/attempt_01_20260917002912494446.json,1a21604b21982c8a98a4b654342094c74182af6c741a1c81f04aed9b183b2e06,valid,"usable transcript passed structural, year, and identity checks",supported,distinctive company-name token found in opening transcript text,a620b1f133f62e4c399f134f3ba6fec39014cd044d093b876a77af539fbcf309,,,,unresolved,
CIK0000898173,AVS512E9BF8B381B77A,0000898173,O`Reilly Automotive Inc,ORLY,NASDAQ,5531,retail_trade,2012Q1,us,,1993-04-23,2019-12-31,Alpha Vantage listing interval,resolved_cik,True,1,only eligible resolved security,2012|NASDAQ|retail_trade,362,2,0.0055248619,181.0000000000,20260916,valid,pilot_live,1,artifacts/representative_coverage_pilot_v20260916/raw/CIK0000898173/ORLY/2012Q1/attempt_01_20260917002914496980.json,f4bf8d48054afe4a1fec09f5cfa84474a44a7a37ecb25702d703ad25a5f2057b,valid,"usable transcript passed structural, year, and identity checks",supported,distinctive company-name token found in opening transcript text,3b5a824a947133b87aacd2a23ab7ed36c30222ee69a6b25baf45c0b53b35e768,,,,unresolved,
CIK0000911583,AVSEB8FDBE1D6023DD3,0000911583,Steinway Musical Instruments Inc,LVB,NYSE,3931,manufacturing,2012Q1,us,DE,2006-12-28,2019-12-31,Alpha Vantage listing interval,resolved_cik,True,2,"ranked by active quarter-end evidence, exchange, and plain common-stock symbol",2012|NYSE|manufacturing,1871,10,0.0053447354,187.1000000000,20260916,terminal_provider_unavailability,pilot_live,2,artifacts/representative_coverage_pilot_v20260916/raw/CIK0000911583/LVB/2012Q1/attempt_02_20260917050059934247.json,77c575338606a52971d0111d870bb071ea646c5753d05f7d6a37d25af2e134eb,no_transcript,provider returned no usable transcript segments,not_applicable,,,,,,unresolved,
CIK0000918541,AVS23769CBBA304AC98,0000918541,NN Inc,NNBR,NASDAQ,3540,manufacturing,2012Q1,us,DE,1994-03-15,2019-12-31,Alpha Vantage listing interval,resolved_cik,True,1,only eligible resolved security,2012|NASDAQ|manufacturing,2897,15,0.0051777701,193.1333333333,20260916,valid,pilot_live,1,artifacts/representative_coverage_pilot_v20260916/raw/CIK0000918541/NNBR/2012Q1/attempt_01_20260917002916502002.json,eb8bd27ad4b1812c0da69a8a8676f22f0a8ac8034666dbf63e31884eb77932f4,valid,"usable transcript passed structural, year, and identity checks",manual_review,no distinctive company-name token found in opening transcript text,5e05fd737b86e9faaee1c9fdddbad9717c3eb84c342641bb726c7d6850cb9568,,,,unresolved,
CIK0001002047,AVS9156F0B02C122D1B,0001002047,Netapp Inc,NTAP,NASDAQ,3572,manufacturing,2012Q1,us,CA,1995-11-21,2019-12-31,Alpha Vantage listing interval,resolved_cik,True,1,only eligible resolved security,2012|NASDAQ|manufacturing,2897,15,0.0051777701,193.1333333333,20260916,valid,pilot_live,1,artifacts/representative_coverage_pilot_v20260916/raw/CIK0001002047/NTAP/2012Q1/attempt_01_20260917002920506844.json,a18fc42c5965521be1d9a9a7096071409689ab396f39117f99d5c9007250ec6b,valid,"usable transcript passed structural, year, and identity checks",supported,distinctive company-name token found in opening transcript text,2135e10369ba6ad6e198eb21264145dc76f20d848aed79c3b629cf94d4e99d0d,,,2012-08-15,high,https://www.sec.gov/Archives/edgar/data/1002047/000110262412000677/exh99_1.htm
CIK0001023024,AVS8F6AF0547B350DAE,0001023024,ANI Pharmaceuticals Inc,ANIP,NASDAQ,2834,manufacturing,2012Q1,us,DE,2000-05-05,2019-12-31,Alpha Vantage listing interval,resolved_cik,True,1,only eligible resolved security,2012|NASDAQ|manufacturing,2897,15,0.0051777701,193.1333333333,20260916,terminal_provider_unavailability,pilot_live,2,artifacts/representative_coverage_pilot_v20260916/raw/CIK0001023024/ANIP/2012Q1/attempt_02_20260917050101937948.json,6c79e8158ca7c080f1f7816aa281e302270872aef39773421f0e774464b65ba9,no_transcript,provider returned no usable transcript segments,not_applicable,,,,,,unresolved,
CIK0001051343,AVS91427B8EB53825DC,0001051343,Community West Bancshares,CWBC,NASDAQ,6022,finance_insurance_real_estate,2012Q1,us,CA,1996-11-19,2019-12-31,Alpha Vantage listing interval,resolved_cik,True,2,"ranked by active quarter-end evidence, exchange, and plain common-stock symbol",2012|NASDAQ|finance_insurance_real_estate,1769,9,0.0050876201,196.5555555556,20260916,terminal_provider_unavailability,pilot_live,3,artifacts/representative_coverage_pilot_v20260916/raw/CIK0001051343/CWBC/2012Q1/attempt_03_20260917035814077322.json,4aa5300b087a086321a013d14d52e740ff577201384861233fafbb36b34d5806,no_transcript,provider returned no usable transcript segments,not_applicable,,,,,,unresolved,
CIK0001104506,AVS673BD9E074E5BA44,0001104506,Insmed Inc,INSM,NASDAQ,2834,manufacturing,2012Q1,us,VA,2000-06-01,2019-12-31,Alpha Vantage listing interval,resolved_cik,True,1,only eligible resolved security,2012|NASDAQ|manufacturing,2897,15,0.0051777701,193.1333333333,20260916,valid,pilot_live,1,artifacts/representative_coverage_pilot_v20260916/raw/CIK0001104506/INSM/2012Q1/attempt_01_20260917002928545571.json,6594e41a331c853ed3fd0703b8615b35238701191c5823eae04ac94f658a5204,valid,"usable transcript passed structural, year, and identity checks",supported,distinctive company-name token found in opening transcript text,8cfb118b30889d2b0396333de1d633176b9db1748a82487c2390fcfaef1e2a46,,,,unresolved,
CIK0001172358,AVS5410B778A7737933,0001172358,Dorchester Minerals LP,DMLP,NASDAQ,1311,mining,2012Q1,us,DE,2003-02-03,2019-12-31,Alpha Vantage listing interval,resolved_cik,True,1,only eligible resolved security,2012|NASDAQ|mining,182,1,0.0054945055,182.0000000000,20260916,terminal_provider_unavailability,pilot_live,3,artifacts/representative_coverage_pilot_v20260916/raw/CIK0001172358/DMLP/2012Q1/attempt_03_20260917035820092399.json,2d7be4ea2090a5aba28f344e60ba1f7b8d5d5ba4b87c17a10792600153efaef5,no_transcript,provider returned no usable transcript segments,not_applicable,,,,,,unresolved,
CIK0001219601,AVS8DC78EB3FD928521,0001219601,Crown Holdings Inc,CCK,NYSE,3411,manufacturing,2012Q1,us,PA,1984-12-18,2019-12-31,Alpha Vantage listing interval,resolved_cik,True,1,only eligible resolved security,2012|NYSE|manufacturing,1871,10,0.0053447354,187.1000000000,20260916,valid,legacy_reuse,1,artifacts/earnings_call_responses/CCK_2012Q1.json,1d2abd43315323b6d720e09c8c5ba936b5275373f66cd52e3e1c2fffba2b70bc,valid full transcript,substantive segmented transcript without detected integrity flags,supported,distinctive company-name token found in opening transcript text,9667e5a77ef3be090f717382bfa52ea7e9ec513ba4b2692ff5f147e40eeb2c66,,,,unresolved,
CIK0001393883,AVSD48148CE1D8AEEC1,0001393883,DHI Group Inc,DHX,NYSE,7389,services,2012Q1,us,DE,2007-07-26,2019-12-31,Alpha Vantage listing interval,resolved_cik,True,1,only eligible resolved security,2012|NYSE|services,656,4,0.0060975610,164.0000000000,20260916,terminal_provider_unavailability,pilot_live,3,artifacts/representative_coverage_pilot_v20260916/raw/CIK0001393883/DHX/2012Q1/attempt_03_20260917035828108150.json,5e971ae107e27cee406766b96f06330fbd2533ec69907110417b34d077c47864,no_transcript,provider returned no usable transcript segments,not_applicable,,,,,,unresolved,
CIK0001402829,AVS0C8826CE23CD2A6F,0001402829,Orion Group Holdings Inc,ORN,NYSE,1600,construction,2012Q1,us,,2007-12-20,2019-12-31,Alpha Vantage listing interval,resolved_cik,True,1,only eligible resolved security,2012|NYSE|construction,124,1,0.0080645161,124.0000000000,20260916,valid,pilot_live,1,artifacts/representative_coverage_pilot_v20260916/raw/CIK0001402829/ORN/2012Q1/attempt_01_20260917002942591854.json,b4ebe03ab802742644eb00851d2d78ca836482fabcc99fb76a6588c4319ec20c,valid,"usable transcript passed structural, year, and identity checks",supported,distinctive company-name token found in opening transcript text,813beb74733264c5ee1cc8d1b3e3ce698cc2fc7a2e582d27c13ca81c7ddfe3da,,,,unresolved,
CIK0001409134,AVS8B13C6AD723734DD,0001409134,OSG America L.P.,OSP,NYSE,4400,transportation_communications_utilities,2012Q1,us,DE,2007-11-09,2019-12-31,Alpha Vantage listing interval,resolved_cik,False,1,only eligible resolved security,2012|NYSE|transportation_communications_utilities,642,3,0.0046728972,214.0000000000,20260916,terminal_provider_unavailability,pilot_live,3,artifacts/representative_coverage_pilot_v20260916/raw/CIK0001409134/OSP/2012Q1/attempt_03_20260917035830113236.json,542bba3f94e33f23b40d3495fe34b73459eccc7879fa6e5a5e617a9068dc5583,no_transcript,provider returned no usable transcript segments,not_applicable,,,,,,unresolved,
CIK0001497645,AVS1FBBC97D3083449C,0001497645,Summit Hotel Properties Inc,INN,NYSE,6798,finance_insurance_real_estate,2012Q1,us,MD,2011-02-09,2019-12-31,Alpha Vantage listing interval,resolved_cik,True,1,only eligible resolved security,2012|NYSE|finance_insurance_real_estate,1469,8,0.0054458816,183.6250000000,20260916,terminal_provider_unavailability,pilot_live,2,artifacts/representative_coverage_pilot_v20260916/raw/CIK0001497645/INN/2012Q1/attempt_02_20260917050103942978.json,4a1fcbaccef0f6c9cd2d4034786c7bbdc28f96e28afc17454c8ed9c0592aa487,no_transcript,provider returned no usable transcript segments,not_applicable,,,,,,unresolved,
CIK0000004127,AVS9A6AF5C5F3C941AC,0000004127,Skyworks Solutions Inc,SWKS,NASDAQ,3674,manufacturing,2012Q2,us,DE,1984-09-07,2019-12-31,Alpha Vantage listing interval,resolved_cik,True,1,only eligible resolved security,2012|NASDAQ|manufacturing,2897,15,0.0051777701,193.1333333333,20260916,valid,pilot_live,2,artifacts/representative_coverage_pilot_v20260916/raw/CIK0000004127/SWKS/2012Q2/attempt_02_20260917002948602719.json,39e1a502d1154957f0a6c68b930ca5e90c248f41bfadd1d41b3f4ed295d85a92,valid,"usable transcript passed structural, year, and identity checks",supported,distinctive company-name token found in opening transcript text,78a018dba623344e188a4477f3f76e7aed1ce9f85cf1300318c09125282b8048,,,,unresolved,
CIK0000007039,AVS37DA96982223D547,0000007039,Arabian American Development Company,ARSD,NYSE,2911,manufacturing,2012Q2,us,DE,2006-07-31,2019-12-31,Alpha Vantage listing interval,resolved_cik,True,3,"ranked by active quarter-end evidence, exchange, and plain common-stock symbol",2012|NYSE|manufacturing,1871,10,0.0053447354,187.1000000000,20260916,terminal_provider_unavailability,pilot_live,3,artifacts/representative_coverage_pilot_v20260916/raw/CIK0000007039/ARSD/2012Q2/attempt_03_20260917035832118272.json,822de5b2892be9c76fdaccbad4b3b9598cc0d8aeb8b1bc2028a74e3ef17faa5d,no_transcript,provider returned no usable transcript segments,not_applicable,,,,,,unresolved,
CIK0000048287,AVSD72A14EA4E79CD63,0000048287,HNI Corp,HNI,NYSE,2522,manufacturing,2012Q2,us,IA,1990-03-26,2019-12-31,Alpha Vantage listing interval,resolved_cik,True,1,only eligible resolved security,2012|NYSE|manufacturing,1871,10,0.0053447354,187.1000000000,20260916,valid,pilot_live,1,artifacts/representative_coverage_pilot_v20260916/raw/CIK0000048287/HNI/2012Q2/attempt_01_20260917002954617610.json,1f8c1fffbf18331e5e02195c5df3075cc50babe092335d39356c6f105f4dad2f,valid,"usable transcript passed structural, year, and identity checks",manual_review,no distinctive company-name token found in opening transcript text,6689125524d00a1f6c484dc869c9935a7d004c71861d3094251be82655f70ca5,,,,unresolved,
CIK0000066382,AVS315A6105EEA130CD,0000066382,MillerKnoll Inc,MLKN,NASDAQ,2520,manufacturing,2012Q2,us,MI,1990-03-26,2019-12-31,Alpha Vantage listing interval,resolved_cik,True,1,only eligible resolved security,2012|NASDAQ|manufacturing,2897,15,0.0051777701,193.1333333333,20260916,terminal_provider_unavailability,pilot_live,3,artifacts/representative_coverage_pilot_v20260916/raw/CIK0000066382/MLKN/2012Q2/attempt_03_20260917035834123455.json,12fad6ee0f8098fd348d8a6001c01ad62b9e4a7cdae7c84639b131c5ba99ee7e,no_transcript,provider returned no usable transcript segments,not_applicable,,,,,,unresolved,
CIK0000096943,AVSC4DB7C54E097DF57,0000096943,Teleflex Incorporated,TFX,NYSE,3841,manufacturing,2012Q2,us,DE,1988-02-18,2019-12-31,Alpha Vantage listing interval,resolved_cik,True,1,only eligible resolved security,2012|NYSE|manufacturing,1871,10,0.0053447354,187.1000000000,20260916,terminal_provider_unavailability,pilot_live,2,artifacts/representative_coverage_pilot_v20260916/raw/CIK0000096943/TFX/2012Q2/attempt_02_20260917002958627689.json,a61b93e1bd9e9f0abe1998262132609b3b0543dbfd5652d209e838c8a0b695f5,no_transcript,provider returned no usable transcript segments,not_applicable,,,,,,unresolved,
CIK0000317540,AVS22333F37F306BA5F,0000317540,Coca-Cola Consolidated Inc,COKE,NASDAQ,2086,manufacturing,2012Q2,us,DE,1990-03-26,2019-12-31,Alpha Vantage listing interval,resolved_cik,True,1,only eligible resolved security,2012|NASDAQ|manufacturing,2897,15,0.0051777701,193.1333333333,20260916,terminal_provider_unavailability,pilot_live,4,artifacts/representative_coverage_pilot_v20260916/raw/CIK0000317540/COKE/2012Q2/attempt_04_20260917035836126046.json,b56f7773299eca9a40f0064ee2089400e4c6c427ac1be096da643c92b4d57928,no_transcript,provider returned no usable transcript segments,not_applicable,,,,,,unresolved,
CIK0000780571,AVS31CD505310B9D850,0000780571,Itron Inc,ITRI,NASDAQ,3825,manufacturing,2012Q2,us,WA,1993-11-05,2019-12-31,Alpha Vantage listing interval,resolved_cik,True,1,only eligible resolved security,2012|NASDAQ|manufacturing,2897,15,0.0051777701,193.1333333333,20260916,valid,pilot_live,1,artifacts/representative_coverage_pilot_v20260916/raw/CIK0000780571/ITRI/2012Q2/attempt_01_20260917003002632727.json,0fca26dfb3f91b14c675a1cb9ba2b71e75416d897836c195aa5df92f755160cd,valid,"usable transcript passed structural, year, and identity checks",supported,distinctive company-name token found in opening transcript text,44d63375c95445763e0f1e74f92849fe5b5fbe4ddeec37a66285436496c8897c,,,2012-08-01,high,https://www.sec.gov/Archives/edgar/data/780571/000115752312004128/a50363462ex99-1.htm
CIK0000798528,AVS6B43CA691A003679,0000798528,Odyssey Marine Exploration Inc,OMEX,NASDAQ,4400,transportation_communications_utilities,2012Q2,us,NV,1999-10-26,2019-12-31,Alpha Vantage listing interval,resolved_cik,True,1,only eligible resolved security,2012|NASDAQ|transportation_communications_utilities,454,2,0.0044052863,227.0000000000,20260916,terminal_provider_unavailability,pilot_live,3,artifacts/representative_coverage_pilot_v20260916/raw/CIK0000798528/OMEX/2012Q2/attempt_03_20260917035838131092.json,c3482f23edace373fd9cf9f9ff7baa4a4d2f6956bb7929afb6b34bc3b658e9d1,no_transcript,provider returned no usable transcript segments,not_applicable,,,,,,unresolved,
CIK0000863157,AVSBD2FA54581C18CF8,0000863157,PetSmart Inc,PETM,NASDAQ,5990,retail_trade,2012Q2,us,DE,1993-07-23,2019-12-31,Alpha Vantage listing interval,resolved_cik,True,2,"ranked by active quarter-end evidence, exchange, and plain common-stock symbol",2012|NASDAQ|retail_trade,362,2,0.0055248619,181.0000000000,20260916,terminal_provider_unavailability,pilot_live,3,artifacts/representative_coverage_pilot_v20260916/raw/CIK0000863157/PETM/2012Q2/attempt_03_20260917035840132343.json,d5faac03b3092857a38ee9071e385ada0b8e27027c28e14f821189001c09739a,no_transcript,provider returned no usable transcript segments,not_applicable,,,,,,unresolved,
CIK0000863436,AVSED0E98AC4C3B5496,0000863436,Benchmark Electronics Inc,BHE,NYSE,3672,manufacturing,2012Q2,us,TX,1990-06-28,2019-12-31,Alpha Vantage listing interval,resolved_cik,True,1,only eligible resolved security,2012|NYSE|manufacturing,1871,10,0.0053447354,187.1000000000,20260916,valid,pilot_live,1,artifacts/representative_coverage_pilot_v20260916/raw/CIK0000863436/BHE/2012Q2/attempt_01_20260917045705423994.json,d59aca394e6f8e5763954d1c91b46ded4381e1ebb4c99c0e8511fe8c7f66c6d7,valid,"usable transcript passed structural, year, and identity checks",supported,distinctive company-name token found in opening transcript text,39b0fd886a4682d7287cf3645aafab5668286932c05407c2a728f3241bf02c0b,,,,unresolved,
CIK0000883241,AVSE0CAA4FBC25A17A4,0000883241,Synopsys Inc,SNPS,NASDAQ,7372,services,2012Q2,us,DE,1992-02-26,2019-12-31,Alpha Vantage listing interval,resolved_cik,True,1,only eligible resolved security,2012|NASDAQ|services,1250,7,0.0056000000,178.5714285714,20260916,valid,pilot_live,1,artifacts/representative_coverage_pilot_v20260916/raw/CIK0000883241/SNPS/2012Q2/attempt_01_20260917003008636911.json,df1a0280114cded531980cf00c90e540ac7d65078fa9cba82615dfacdee58867,valid,"usable transcript passed structural, year, and identity checks",supported,distinctive company-name token found in opening transcript text,b2ae7619fe2058b7f2c5e6cf4b88fa67ed601a7612f142ff6143e4dff06e7539,,,,unresolved,
CIK0000911649,AVS8E4587E3FA1C154D,0000911649,Standard Diversified Inc,SDI,NYSE,2100,manufacturing,2012Q2,us,DE,2001-01-02,2019-12-31,Alpha Vantage listing interval,resolved_cik,True,1,only eligible resolved security,2012|NYSE|manufacturing,1871,10,0.0053447354,187.1000000000,20260916,terminal_provider_unavailability,pilot_live,3,artifacts/representative_coverage_pilot_v20260916/raw/CIK0000911649/SDI/2012Q2/attempt_03_20260917035842137394.json,a5ca601a137b5430ab003dbba8298bfab02af4d5e7ea6c1e13fe104f703a7e93,no_transcript,provider returned no usable transcript segments,not_applicable,,,,,,unresolved,
CIK0000944480,AVS50B606C745585D1A,0000944480,GSE Systems Inc,GVP,NASDAQ,7372,services,2012Q2,us,DE,1995-07-27,2019-12-31,Alpha Vantage listing interval,resolved_cik,True,1,only eligible resolved security,2012|NASDAQ|services,1250,7,0.0056000000,178.5714285714,20260916,terminal_provider_unavailability,pilot_live,2,artifacts/representative_coverage_pilot_v20260916/raw/CIK0000944480/GVP/2012Q2/attempt_02_20260917050105945710.json,5a723eb321d689645f85b109499d231ca78b9452664d2cccecc4e858a2f4f845,no_transcript,provider returned no usable transcript segments,not_applicable,,,,,,unresolved,
CIK0001010247,AVS86658D4C646E7CA9,0001010247,FPIC INSURANCE GROUP INC,FPIC,NASDAQ,6331,finance_insurance_real_estate,2012Q2,us,FL,2001-01-02,2019-12-31,Alpha Vantage listing interval,resolved_cik,False,1,only eligible resolved security,2012|NASDAQ|finance_insurance_real_estate,1769,9,0.0050876201,196.5555555556,20260916,terminal_provider_unavailability,pilot_live,3,artifacts/representative_coverage_pilot_v20260916/raw/CIK0001010247/FPIC/2012Q2/attempt_03_20260917035844142423.json,95bc9ef9bc655e8945793a50ed4942fdc64cdca5d80ce4b8b2a2d44ee8ebe0f0,no_transcript,provider returned no usable transcript segments,not_applicable,,,,,,unresolved,
CIK0001122904,AVS01927F22E334DCA1,0001122904,Netgear Inc,NTGR,NASDAQ,3576,manufacturing,2012Q2,us,DE,2003-07-31,2019-12-31,Alpha Vantage listing interval,resolved_cik,True,1,only eligible resolved security,2012|NASDAQ|manufacturing,2897,15,0.0051777701,193.1333333333,20260916,valid,pilot_live,1,artifacts/representative_coverage_pilot_v20260916/raw/CIK0001122904/NTGR/2012Q2/attempt_01_20260917003014649179.json,2b65c2d61ed5e5bd24803543dc1d9a6a13843af7cce38c13522b85b2d17a2e77,valid,"usable transcript passed structural, year, and identity checks",supported,distinctive company-name token found in opening transcript text,ec2d6fa9af8610d7b14b2c6918dff9e6b08b24a09eb2b53722ed39bae76697e5,,,,unresolved,
CIK0001420720,AVSD9057B2100441671,0001420720,iBio Inc,IBIO,NASDAQ,2834,manufacturing,2012Q2,us,DE,2008-08-19,2019-12-31,Alpha Vantage listing interval,resolved_cik,True,1,only eligible resolved security,2012|NASDAQ|manufacturing,2897,15,0.0051777701,193.1333333333,20260916,terminal_provider_unavailability,pilot_live,3,artifacts/representative_coverage_pilot_v20260916/raw/CIK0001420720/IBIO/2012Q2/attempt_03_20260917035846146418.json,c1e9efd249a3003eda75e9984ef6771a58768ec2e6f5198d639d5fa08ed32caf,no_transcript,provider returned no usable transcript segments,not_applicable,,,,,,unresolved,
CIK0001522420,AVSC73FB4DDA6BC3A1F,0001522420,BSB Bancorp Inc,BLMT,NASDAQ,6022,finance_insurance_real_estate,2012Q2,us,MD,2011-10-05,2019-12-31,Alpha Vantage listing interval,resolved_cik,True,2,"ranked by active quarter-end evidence, exchange, and plain common-stock symbol",2012|NASDAQ|finance_insurance_real_estate,1769,9,0.0050876201,196.5555555556,20260916,terminal_provider_unavailability,pilot_live,3,artifacts/representative_coverage_pilot_v20260916/raw/CIK0001522420/BLMT/2012Q2/attempt_03_20260917035850157814.json,616dc554a19ce75b02456c5d77331dff73d9ff35d042c0d4117eec23ef50a5ac,no_transcript,provider returned no usable transcript segments,not_applicable,,,,,,unresolved,
CIK0000025232,AVS2C74823A2FF2ABDA,0000025232,Cousins Properties Inc,CUZ,NYSE,6798,finance_insurance_real_estate,2012Q3,us,GA,1990-03-26,2019-12-31,Alpha Vantage listing interval,resolved_cik,True,1,only eligible resolved security,2012|NYSE|finance_insurance_real_estate,1469,8,0.0054458816,183.6250000000,20260916,valid,pilot_live,2,artifacts/representative_coverage_pilot_v20260916/raw/CIK0000025232/CUZ/2012Q3/attempt_02_20260917003024672018.json,577756d012dce5b368794aa81a76615325a3c17ce009c30e48b7acef32fef260,valid,"usable transcript passed structural, year, and identity checks",supported,distinctive company-name token found in opening transcript text,d578733a4570303ac501038b894a24036059d52f59720d943314bfa047839444,,,,unresolved,
CIK0000067347,AVSF107B2E52331FA09,0000067347,Modine Manufacturing Company,MOD,NYSE,3714,manufacturing,2012Q3,us,WI,1990-03-26,2019-12-31,Alpha Vantage listing interval,resolved_cik,True,1,only eligible resolved security,2012|NYSE|manufacturing,1871,10,0.0053447354,187.1000000000,20260916,valid,pilot_live,1,artifacts/representative_coverage_pilot_v20260916/raw/CIK0000067347/MOD/2012Q3/attempt_01_20260917003026672678.json,fd9b806475c06fd97a3fb67447108f867ad98f264750d658294673561d164d66,valid,"usable transcript passed structural, year, and identity checks",supported,distinctive company-name token found in opening transcript text,fbbf8c5a44c6730ee00d2c3979b9d60b308c13ddaca1d908082ea6e5cc3d74bd,,,,unresolved,
CIK0000351903,AVS3C2B18E6637FD032,0000351903,Epoch Holding Corp,EPHC,NASDAQ,6282,finance_insurance_real_estate,2012Q3,us,DE,2006-12-28,2019-12-31,Alpha Vantage listing interval,resolved_cik,True,2,"ranked by active quarter-end evidence, exchange, and plain common-stock symbol",2012|NASDAQ|finance_insurance_real_estate,1769,9,0.0050876201,196.5555555556,20260916,terminal_provider_unavailability,pilot_live,3,artifacts/representative_coverage_pilot_v20260916/raw/CIK0000351903/EPHC/2012Q3/attempt_03_20260917035852163978.json,89dae958bb8727e289a4e4d128885cf6a4dda50fa1487122c723c22953a2a1f9,no_transcript,provider returned no usable transcript segments,not_applicable,,,,,,unresolved,
CIK0000352825,AVS4D215468EF0DFC31,0000352825,L.B. Foster Co. - Class A,FSTR,NASDAQ,5051,wholesale_trade,2012Q3,us,PA,1990-03-26,2019-12-31,Alpha Vantage listing interval,resolved_cik,True,1,only eligible resolved security,2012|NASDAQ|wholesale_trade,173,1,0.0057803468,173.0000000000,20260916,terminal_provider_unavailability,pilot_live,3,artifacts/representative_coverage_pilot_v20260916/raw/CIK0000352825/FSTR/2012Q3/attempt_03_20260917035854165670.json,e11b8172ca70b6af8c7d9d45f3b3490ceec29fe126c748b1c2e283651a025739,no_transcript,provider returned no usable transcript segments,not_applicable,,,,,,unresolved,
CIK0000712537,AVS66F309FDC22B27AC,0000712537,First Commonwealth Financial Corp,FCF,NYSE,6021,finance_insurance_real_estate,2012Q3,us,PA,1992-06-10,2019-12-31,Alpha Vantage listing interval,resolved_cik,True,1,only eligible resolved security,2012|NYSE|finance_insurance_real_estate,1469,8,0.0054458816,183.6250000000,20260916,valid,pilot_live,1,artifacts/representative_coverage_pilot_v20260916/raw/CIK0000712537/FCF/2012Q3/attempt_01_20260917003032680915.json,f5c893b05352699fa78ddf9a143652b42e79079583617d636c8df0c21f097ee0,valid,"usable transcript passed structural, year, and identity checks",supported,distinctive company-name token found in opening transcript text,e14a10517feb18800ffb48f4758f9e05ab86be0e512f0388079733be4d1b86d4,,,2013-01-30,high,https://www.sec.gov/Archives/edgar/data/712537/000119312513029138/d475531dex991.htm
CIK0000722392,AVSDCBE3A85037D3452,0000722392,Planar Systems Inc,PLNR,NASDAQ,3679,manufacturing,2012Q3,us,OR,1993-12-16,2019-12-31,Alpha Vantage listing interval,resolved_cik,True,2,"ranked by active quarter-end evidence, exchange, and plain common-stock symbol",2012|NASDAQ|manufacturing,2897,15,0.0051777701,193.1333333333,20260916,terminal_provider_unavailability,pilot_live,2,artifacts/representative_coverage_pilot_v20260916/raw/CIK0000722392/PLNR/2012Q3/attempt_02_20260917050107950803.json,31d6a4535303edfe80617d4c13f0905cd9e6c4d6fbb9c4e12ddecf93a05b94b9,no_transcript,provider returned no usable transcript segments,not_applicable,,,,,,unresolved,
CIK0000817135,AVSB4A3E1C526566DA4,0000817135,ALLIANCE HEALTHCARE SERVICES INC,AIQ,NASDAQ,8071,services,2012Q3,us,CA,2001-07-27,2019-12-31,Alpha Vantage listing interval,resolved_cik,True,2,"ranked by active quarter-end evidence, exchange, and plain common-stock symbol",2012|NASDAQ|services,1250,7,0.0056000000,178.5714285714,20260916,terminal_provider_unavailability,pilot_live,3,artifacts/representative_coverage_pilot_v20260916/raw/CIK0000817135/AIQ/2012Q3/attempt_03_20260917035856169622.json,5663e8cb50fe83e863d38bf62324df1c529654add9f4c506e714a9f946a1642d,no_transcript,provider returned no usable transcript segments,not_applicable,,,,,,unresolved,
CIK0000868857,AVS49F833D16EFF2750,0000868857,AECOM,ACM,NYSE,8711,services,2012Q3,us,DE,2007-05-10,2019-12-31,Alpha Vantage listing interval,resolved_cik,True,1,only eligible resolved security,2012|NYSE|services,656,4,0.0060975610,164.0000000000,20260916,valid,pilot_live,1,artifacts/representative_coverage_pilot_v20260916/raw/CIK0000868857/ACM/2012Q3/attempt_01_20260917003036684437.json,4e02f2e822255fbc67d4fc9828e3bf3987522504b7506c598744b4d7b8790bd5,valid,"usable transcript passed structural, year, and identity checks",supported,distinctive company-name token found in opening transcript text,8eaf60f6da9b25ae181e1364f8fc79f8ca2f713a73654d53af465530f6d82d91,,,,unresolved,
CIK0000885978,AVSE57051EB8B0F4BDD,0000885978,U.S. Physical Therapy Inc,USPH,NYSE,8000,services,2012Q3,us,NV,1992-05-29,2019-12-31,Alpha Vantage listing interval,resolved_cik,True,1,only eligible resolved security,2012|NYSE|services,656,4,0.0060975610,164.0000000000,20260916,valid,pilot_live,1,artifacts/representative_coverage_pilot_v20260916/raw/CIK0000885978/USPH/2012Q3/attempt_01_20260917003038689490.json,dc684448bb65af153615c8982f98f519ef78529136916b6c7a5992f794fa9c1f,valid,"usable transcript passed structural, year, and identity checks",supported,distinctive company-name token found in opening transcript text,45055d79cf0a6416e9ee8823220b32d8c1574294c08c71762bcc201df225069b,,,2012-11-08,high,https://www.sec.gov/Archives/edgar/data/885978/000115752312005888/a50470224ex99_1.htm
CIK0000910108,AVSC24F696C2E0A6AAF,0000910108,LXP Industrial Trust,LXP,NYSE,6798,finance_insurance_real_estate,2012Q3,us,MD,1993-10-22,2019-12-31,Alpha Vantage listing interval,resolved_cik,True,1,only eligible resolved security,2012|NYSE|finance_insurance_real_estate,1469,8,0.0054458816,183.6250000000,20260916,valid,legacy_reuse,1,artifacts/earnings_call_responses/LXP_2012Q3.json,15e2f2fbfa4fd27313946eea533d8f8af647703171d51bfe998a911b329df1ce,valid full transcript,substantive segmented transcript without detected integrity flags,supported,distinctive company-name token found in opening transcript text,5477c85814f67c4bd7fa6c5fee36dc4447295efaf0ffe7eeb48aab76e2c5c155,,,,unresolved,
CIK0000912593,AVS5B5F22163121AFEC,0000912593,Sun Communities Inc,SUI,NYSE,6798,finance_insurance_real_estate,2012Q3,us,MD,1993-12-09,2019-12-31,Alpha Vantage listing interval,resolved_cik,True,1,only eligible resolved security,2012|NYSE|finance_insurance_real_estate,1469,8,0.0054458816,183.6250000000,20260916,valid,legacy_reuse,1,artifacts/earnings_call_responses/SUI_2012Q3.json,e6454ba35c7ae4cd6a6bd2fe300aff20bc141b37b90cf6d6df03b0dfdef9666e,valid full transcript,substantive segmented transcript without detected integrity flags,supported,distinctive company-name token found in opening transcript text,28d87596444f0f67c90f56ccbdb13e9a813b95d6820c89385334a253d697df72,,,2012-10-25,high,https://www.sec.gov/Archives/edgar/data/912593/000091259312000072/exhibit991pressrelease2012.htm
CIK0001012771,AVSB479CE67ABA1E0C4,0001012771,FBL Financial Group Inc,FFG,NYSE,6311,finance_insurance_real_estate,2012Q3,us,IA,2001-01-02,2019-12-31,Alpha Vantage listing interval,resolved_cik,True,2,"ranked by active quarter-end evidence, exchange, and plain common-stock symbol",2012|NYSE|finance_insurance_real_estate,1469,8,0.0054458816,183.6250000000,20260916,terminal_provider_unavailability,pilot_live,3,artifacts/representative_coverage_pilot_v20260916/raw/CIK0001012771/FFG/2012Q3/attempt_03_20260917035858174665.json,8f31d74847e5830ae0c1e0c482e53614553b936c83fd9ef0f1fa3756b69c7b51,no_transcript,provider returned no usable transcript segments,not_applicable,,,,,,unresolved,
CIK0001060523,AVS7BF2FFC400908681,0001060523,Cardinal Financial Corp,CFNL,NASDAQ,6021,finance_insurance_real_estate,2012Q3,us,VA,1998-07-17,2019-12-31,Alpha Vantage listing interval,resolved_cik,True,2,"ranked by active quarter-end evidence, exchange, and plain common-stock symbol",2012|NASDAQ|finance_insurance_real_estate,1769,9,0.0050876201,196.5555555556,20260916,terminal_provider_unavailability,pilot_live,3,artifacts/representative_coverage_pilot_v20260916/raw/CIK0001060523/CFNL/2012Q3/attempt_03_20260917035900179710.json,dd4fc33ab08ecc55feae980dae0eba8d01f1c820205bda71d81ca0efec67b86c,no_transcript,provider returned no usable transcript segments,not_applicable,,,,,,unresolved,
CIK0001158449,AVS77C83994F08E1AE7,0001158449,Advance Auto Parts Inc,AAP,NYSE,5531,retail_trade,2012Q3,us,DE,2001-11-29,2019-12-31,Alpha Vantage listing interval,resolved_cik,True,1,only eligible resolved security,2012|NYSE|retail_trade,318,2,0.0062893082,159.0000000000,20260916,valid,pilot_live,1,artifacts/representative_coverage_pilot_v20260916/raw/CIK0001158449/AAP/2012Q3/attempt_01_20260917003046702045.json,83cdcbb6d7e832b8bc52a2fb1e3a28dee857ca3e15d175b54e9ce7b0fc1ff211,valid,"usable transcript passed structural, year, and identity checks",supported,distinctive company-name token found in opening transcript text,7075b6514ed9f8edfbc44af0b42df7f6b0334b1904b3274f204793e5b5d8cf89,,,,unresolved,
CIK0001273931,AVSDD20077C670808DF,0001273931,Moneygram International Inc,MGI,NASDAQ,7389,services,2012Q3,us,DE,2004-07-01,2019-12-31,Alpha Vantage listing interval,resolved_cik,True,1,only eligible resolved security,2012|NASDAQ|services,1250,7,0.0056000000,178.5714285714,20260916,terminal_provider_unavailability,pilot_live,3,artifacts/representative_coverage_pilot_v20260916/raw/CIK0001273931/MGI/2012Q3/attempt_03_20260917035902181553.json,85c8a143df5295ff17516fd39b97acb6a6b656322f57343742b63fc19246a71d,no_transcript,provider returned no usable transcript segments,not_applicable,,,,,,unresolved,
CIK0001313730,AVS7366C2343B735E27,0001313730,Atlantic Southern Financial Group Inc,ASFN,NASDAQ,6035,finance_insurance_real_estate,2012Q3,us,,2011-01-31,2019-12-31,Alpha Vantage listing interval,resolved_cik,True,2,"ranked by active quarter-end evidence, exchange, and plain common-stock symbol",2012|NASDAQ|finance_insurance_real_estate,1769,9,0.0050876201,196.5555555556,20260916,terminal_provider_unavailability,pilot_live,3,artifacts/representative_coverage_pilot_v20260916/raw/CIK0001313730/ASFN/2012Q3/attempt_03_20260917035904182330.json,381c1441f7d2741513fa2c098bda5901f0ee3e64fcd812b554c4076b7a0b8a6f,no_transcript,provider returned no usable transcript segments,not_applicable,,,,,,unresolved,
CIK0001370755,AVS8883D314C9EC5411,0001370755,BlackRock TCP Capital Corp,TCPC,NASDAQ,,unknown,2012Q3,us,DE,2012-04-04,2019-12-31,Alpha Vantage listing interval,resolved_cik,True,1,only eligible resolved security,2012|NASDAQ|unknown,96,1,0.0104166667,96.0000000000,20260916,terminal_provider_unavailability,pilot_live,2,artifacts/representative_coverage_pilot_v20260916/raw/CIK0001370755/TCPC/2012Q3/attempt_02_20260917050109955624.json,076675c15dc7ba35d3dfe0078a34a4ff7a98f121ba9449f2b7cbb0f3c7be89c1,no_transcript,provider returned no usable transcript segments,not_applicable,,,,,,unresolved,
CIK0001413507,AVS87DD413ACAEF86EA,0001413507,Synergy Resources Corp,SRCI,NYSE,1311,mining,2012Q3,us,CO,2008-02-27,2019-12-31,Alpha Vantage listing interval,resolved_cik,True,1,only eligible resolved security,2012|NYSE|mining,413,2,0.0048426150,206.5000000000,20260916,terminal_provider_unavailability,pilot_live,3,artifacts/representative_coverage_pilot_v20260916/raw/CIK0001413507/SRCI/2012Q3/attempt_03_20260917035906187372.json,ce0a395536056fe1475c8d20c4ed5d1e867d0d63c2f126b836f404564715a11e,no_transcript,provider returned no usable transcript segments,not_applicable,,,,,,unresolved,
CIK0001474439,AVS8EF38C164B76E996,0001474439,Telenav Inc,TNAV,NASDAQ,3812,manufacturing,2012Q3,us,DE,2010-05-13,2019-12-31,Alpha Vantage listing interval,resolved_cik,True,1,only eligible resolved security,2012|NASDAQ|manufacturing,2897,15,0.0051777701,193.1333333333,20260916,terminal_provider_unavailability,pilot_live,3,artifacts/representative_coverage_pilot_v20260916/raw/CIK0001474439/TNAV/2012Q3/attempt_03_20260917035908193889.json,f3ff82a2ff586329ad16d1cb05d3fcc7d2a10b04d074f0c4379bc38dac14f5cc,no_transcript,provider returned no usable transcript segments,not_applicable,,,,,,unresolved,
CIK0001479094,AVS3085F95E7C78E060,0001479094,STAG Industrial Inc,STAG,NYSE,6798,finance_insurance_real_estate,2012Q3,us,,2011-04-15,2019-12-31,Alpha Vantage listing interval,resolved_cik,True,1,only eligible resolved security,2012|NYSE|finance_insurance_real_estate,1469,8,0.0054458816,183.6250000000,20260916,valid,pilot_live,1,artifacts/representative_coverage_pilot_v20260916/raw/CIK0001479094/STAG/2012Q3/attempt_01_20260917003056717880.json,a375d8f8b8d8e3a7f4b83f4ff9294ce73ba3a96179d03bfe934bfd9eae051f6e,valid,"usable transcript passed structural, year, and identity checks",supported,distinctive company-name token found in opening transcript text,34ba44647554ce7b0e4cf1dffeb5d83d266b64523efb076868dccc20020d304b,,,,unresolved,
CIK0001494904,AVS986985E4557F00C6,0001494904,Global Indemnity Group LLC - Class A,GBLI,NASDAQ,6331,finance_insurance_real_estate,2012Q3,us,DE,2003-12-16,2019-12-31,Alpha Vantage listing interval,resolved_cik,True,1,only eligible resolved security,2012|NASDAQ|finance_insurance_real_estate,1769,9,0.0050876201,196.5555555556,20260916,terminal_provider_unavailability,pilot_live,3,artifacts/representative_coverage_pilot_v20260916/raw/CIK0001494904/GBLI/2012Q3/attempt_03_20260917035910198323.json,8b1b11e0d958fd1e211945ac84220cd10f982d8a7c66eb5d8d3ac0a63b08dd9d,no_transcript,provider returned no usable transcript segments,not_applicable,,,,,,unresolved,
CIK0001547063,AVS312C0C713696C107,0001547063,Taminco Corp,TAM,NYSE,2860,manufacturing,2012Q3,us,DE,2000-01-03,2019-12-31,Alpha Vantage listing interval,resolved_cik,True,2,"ranked by active quarter-end evidence, exchange, and plain common-stock symbol",2012|NYSE|manufacturing,1871,10,0.0053447354,187.1000000000,20260916,terminal_provider_unavailability,pilot_live,2,artifacts/representative_coverage_pilot_v20260916/raw/CIK0001547063/TAM/2012Q3/attempt_02_20260917050111960649.json,6856bbb717cc3fd7a8fad9b1caa47e49d32ea3d70bc36d21a12546ca3c300bdf,no_transcript,provider returned no usable transcript segments,not_applicable,,,,,,unresolved,
CIK0000023082,AVSA816498A24B59B94,0000023082,Computer Sciences Corp,CSC,NYSE,7373,services,2012Q4,us,NV,2001-01-02,2019-12-31,Alpha Vantage listing interval,resolved_cik,True,2,"ranked by active quarter-end evidence, exchange, and plain common-stock symbol",2012|NYSE|services,656,4,0.0060975610,164.0000000000,20260916,terminal_provider_unavailability,pilot_live,2,artifacts/representative_coverage_pilot_v20260916/raw/CIK0000023082/CSC/2012Q4/attempt_02_20260917050113964951.json,1339db549b4f15b517c45910d7105aaebe896175b7c720473a33b1a580b47067,no_transcript,provider returned no usable transcript segments,not_applicable,,,,,,unresolved,
CIK0000051548,AVS39C33C804F0775A8,0000051548,International Speedway Corp,ISCA,NASDAQ,7948,services,2012Q4,us,FL,1997-03-10,2019-12-31,Alpha Vantage listing interval,resolved_cik,True,2,"ranked by active quarter-end evidence, exchange, and plain common-stock symbol",2012|NASDAQ|services,1250,7,0.0056000000,178.5714285714,20260916,terminal_provider_unavailability,pilot_live,3,artifacts/representative_coverage_pilot_v20260916/raw/CIK0000051548/ISCA/2012Q4/attempt_03_20260917035912202581.json,8578befea8d05e526d371b0e779d2b494b71899a341ad65cac85a113cb015c10,no_transcript,provider returned no usable transcript segments,not_applicable,,,,,,unresolved,
CIK0000073887,AVS068BEB9EA192E5DB,0000073887,Bristow Group Inc,BRSWQ,NYSE,4522,transportation_communications_utilities,2012Q4,us,DE,1990-03-26,2019-12-31,Alpha Vantage listing interval,resolved_cik,True,2,"ranked by active quarter-end evidence, exchange, and plain common-stock symbol",2012|NYSE|transportation_communications_utilities,642,3,0.0046728972,214.0000000000,20260916,terminal_provider_unavailability,pilot_live,2,artifacts/representative_coverage_pilot_v20260916/raw/CIK0000073887/BRSWQ/2012Q4/attempt_02_20260917050115966320.json,3598efb691f63c79996fdc443b45be5eccea880560d1b2ffe34b4d660c88d003,no_transcript,provider returned no usable transcript segments,not_applicable,,,,,,unresolved,
CIK0000716634,AVS432DCD1B5C9466AF,0000716634,Reading International Inc - Class A,RDI,NASDAQ,7830,services,2012Q4,us,NV,1992-03-17,2019-12-31,Alpha Vantage listing interval,resolved_cik,True,2,"ranked by active quarter-end evidence, exchange, and plain common-stock symbol",2012|NASDAQ|services,1250,7,0.0056000000,178.5714285714,20260916,terminal_provider_unavailability,pilot_live,2,artifacts/representative_coverage_pilot_v20260916/raw/CIK0000716634/RDI/2012Q4/attempt_02_20260917050117967297.json,e85a6963d054021fe7f084d66963ca596a03514814f6f8920adae61236e264d8,no_transcript,provider returned no usable transcript segments,not_applicable,,,,,,unresolved,
CIK0000764478,AVS701EF612EB0E7AB6,0000764478,Best Buy Co. Inc,BBY,NYSE,5731,retail_trade,2012Q4,us,MN,1985-04-19,2019-12-31,Alpha Vantage listing interval,resolved_cik,True,1,only eligible resolved security,2012|NYSE|retail_trade,318,2,0.0062893082,159.0000000000,20260916,valid,pilot_live,2,artifacts/representative_coverage_pilot_v20260916/raw/CIK0000764478/BBY/2012Q4/attempt_02_20260917003102727499.json,9ee1b9b05dd1ecd515765fd143ebb25c9def7bbeea597974007d5688742c8ff4,valid,"usable transcript passed structural, year, and identity checks",manual_review,no distinctive company-name token found in opening transcript text,9eda1d30f35514c4707875d86c515a875774615b538c135899ff576a3f3b65c8,,,,unresolved,
CIK0000863110,AVS3E46DCB05035158D,0000863110,Artesian Resources Corp - Class A,ARTNA,NASDAQ,4941,transportation_communications_utilities,2012Q4,us,DE,1996-05-24,2019-12-31,Alpha Vantage listing interval,resolved_cik,True,1,only eligible resolved security,2012|NASDAQ|transportation_communications_utilities,454,2,0.0044052863,227.0000000000,20260916,terminal_provider_unavailability,pilot_live,3,artifacts/representative_coverage_pilot_v20260916/raw/CIK0000863110/ARTNA/2012Q4/attempt_03_20260917035914211775.json,cfe452b0884b7be5faf8fe8c5d3a01601ddd26ce56968fadefe46570a4fdb16f,no_transcript,provider returned no usable transcript segments,not_applicable,,,,,,unresolved,
CIK0000881890,AVS9218FBE55B20C1B1,0000881890,Abaxis Inc,ABAX,NASDAQ,3829,manufacturing,2012Q4,us,CA,1992-01-23,2019-12-31,Alpha Vantage listing interval,resolved_cik,True,2,"ranked by active quarter-end evidence, exchange, and plain common-stock symbol",2012|NASDAQ|manufacturing,2897,15,0.0051777701,193.1333333333,20260916,terminal_provider_unavailability,pilot_live,3,artifacts/representative_coverage_pilot_v20260916/raw/CIK0000881890/ABAX/2012Q4/attempt_03_20260917035916216816.json,23bf651dc6e4469a8a3da9af117f5fca912794a708e039ff9edc5336b62f25b8,no_transcript,provider returned no usable transcript segments,not_applicable,,,,,,unresolved,
CIK0001023459,AVS38ADD096685D1025,0001023459,Simulations Plus Inc,SLP,NASDAQ,7373,services,2012Q4,us,,1997-06-19,2019-12-31,Alpha Vantage listing interval,resolved_cik,True,1,only eligible resolved security,2012|NASDAQ|services,1250,7,0.0056000000,178.5714285714,20260916,valid,pilot_live,1,artifacts/representative_coverage_pilot_v20260916/raw/CIK0001023459/SLP/2012Q4/attempt_01_20260917003110744809.json,44adb23a505e0bb3446ed13e367ab2357cc79e7a773d79617733165581330a09,valid,"usable transcript passed structural, year, and identity checks",supported,distinctive company-name token found in opening transcript text,9cb12ca2a65995babf15a36760fbe0348a405a8c55adc126698263e633c2c91a,,,,unresolved,
CIK0001080667,AVS2CB806A4757F5CCE,0001080667,Ditech Networks Inc,DITC,NASDAQ,3661,manufacturing,2012Q4,us,DE,2006-12-28,2019-12-31,Alpha Vantage listing interval,resolved_cik,False,2,"ranked by active quarter-end evidence, exchange, and plain common-stock symbol",2012|NASDAQ|manufacturing,2897,15,0.0051777701,193.1333333333,20260916,terminal_provider_unavailability,pilot_live,3,artifacts/representative_coverage_pilot_v20260916/raw/CIK0001080667/DITC/2012Q4/attempt_03_20260917035920236023.json,3c1bdbe9dd2bb884d92d5e65758912bbd6e6420dc4fa8d72a08c46294370bcd2,no_transcript,provider returned no usable transcript segments,not_applicable,,,,,,unresolved,
CIK0001085770,AVSE7631F061CA6799B,0001085770,Move Inc,MOVE,NASDAQ,6531,finance_insurance_real_estate,2012Q4,us,DE,1999-08-05,2019-12-31,Alpha Vantage listing interval,resolved_cik,True,2,"ranked by active quarter-end evidence, exchange, and plain common-stock symbol",2012|NASDAQ|finance_insurance_real_estate,1769,9,0.0050876201,196.5555555556,20260916,terminal_provider_unavailability,pilot_live,3,artifacts/representative_coverage_pilot_v20260916/raw/CIK0001085770/MOVE/2012Q4/attempt_03_20260917035922237215.json,2d41358b42932c9b3973955bac280e872bcef2d230b5e31fe9edc17a67bd22f2,no_transcript,provider returned no usable transcript segments,not_applicable,,,,,,unresolved,
CIK0001106838,AVSCD4CD2B88DB28F39,0001106838,Chanticleer Holdings Inc,HOTR,NASDAQ,2834,manufacturing,2012Q4,us,DE,2006-10-31,2019-12-31,Alpha Vantage listing interval,resolved_cik,True,2,"ranked by active quarter-end evidence, exchange, and plain common-stock symbol",2012|NASDAQ|manufacturing,2897,15,0.0051777701,193.1333333333,20260916,terminal_provider_unavailability,pilot_live,2,artifacts/representative_coverage_pilot_v20260916/raw/CIK0001106838/HOTR/2012Q4/attempt_02_20260917050119972319.json,a3ea8ae30cbc950d9c8f16046f7b63d46e3e5af17e5cabf00129fbdb6bd61ced,no_transcript,provider returned no usable transcript segments,not_applicable,,,,,,unresolved,
CIK0001298946,AVSA5C512F89ACE51B6,0001298946,Diamondrock Hospitality Company,DRH,NASDAQ,6798,finance_insurance_real_estate,2012Q4,us,,2005-05-26,2019-12-31,Alpha Vantage listing interval,resolved_cik,True,1,only eligible resolved security,2012|NASDAQ|finance_insurance_real_estate,1769,9,0.0050876201,196.5555555556,20260916,valid,pilot_live,1,artifacts/representative_coverage_pilot_v20260916/raw/CIK0001298946/DRH/2012Q4/attempt_01_20260917003116756393.json,75b5cc7ddd6fbe86430bf6b860b3c63daa8fed9233e3ad2eece3771158b6a1ce,valid,"usable transcript passed structural, year, and identity checks",supported,distinctive company-name token found in opening transcript text,22ce7750eec60c0ae65cf114a5727d056d4546117819aaee25865dba705e9286,,,,unresolved,
CIK0001301787,AVSB82AF17D4554DC9D,0001301787,Bluelinx Hldgs Inc,BXC,NYSE,5031,wholesale_trade,2012Q4,us,DE,2004-12-14,2019-12-31,Alpha Vantage listing interval,resolved_cik,True,1,only eligible resolved security,2012|NYSE|wholesale_trade,140,1,0.0071428571,140.0000000000,20260916,valid,pilot_live,1,artifacts/representative_coverage_pilot_v20260916/raw/CIK0001301787/BXC/2012Q4/attempt_01_20260917003118757368.json,8e9e5b3890e363219e9df2ae6279216028de2714165e0996d8965fa6aac30019,valid,"usable transcript passed structural, year, and identity checks",supported,distinctive company-name token found in opening transcript text,6a90ee98b31b63bfee9af4ce907f62e075ad753afaa3f4ddfbbd1724e31db09a,,,,unresolved,
CIK0001386926,AVS57A4D89B10DE04BC,0001386926,KKR Financial Holdings LLC,KFI,NYSE,6199,finance_insurance_real_estate,2012Q4,us,DE,2012-03-26,2019-12-31,Alpha Vantage listing interval,resolved_cik,True,4,"ranked by active quarter-end evidence, exchange, and plain common-stock symbol",2012|NYSE|finance_insurance_real_estate,1469,8,0.0054458816,183.6250000000,20260916,terminal_provider_unavailability,pilot_live,2,artifacts/representative_coverage_pilot_v20260916/raw/CIK0001386926/KFI/2012Q4/attempt_02_20260917050121977346.json,b24344b375c6138c4d48fb381bfa8a8d8f05fb82023be82ed594bed1a14e2b5d,no_transcript,provider returned no usable transcript segments,not_applicable,,,,,,unresolved,
CIK0000045919,AVS3CF31D8808E99725,0000045919,Harte-Hanks Inc,HHS,NASDAQ,7331,services,2013Q1,us,DE,1993-11-04,2019-12-31,Alpha Vantage listing interval,resolved_cik,True,1,only eligible resolved security,2013|NASDAQ|services,1319,7,0.0053070508,188.4285714286,20260916,valid,pilot_live,1,artifacts/representative_coverage_pilot_v20260916/raw/CIK0000045919/HHS/2013Q1/attempt_01_20260917003126773359.json,3b2179b5a91f067951531946e99a4074c2c0512c18e8c464f13988e4510852f3,valid,"usable transcript passed structural, year, and identity checks",supported,distinctive company-name token found in opening transcript text,a8085b3c6d61d2c779dab81320e28e72879f07ed8da37734993cba71550c3b83,,,,unresolved,
CIK0000798528,AVS6B43CA691A003679,0000798528,Odyssey Marine Exploration Inc,OMEX,NASDAQ,4400,transportation_communications_utilities,2013Q1,us,NV,1999-10-26,2019-12-31,Alpha Vantage listing interval,resolved_cik,True,1,only eligible resolved security,2013|NASDAQ|transportation_communications_utilities,475,3,0.0063157895,158.3333333333,20260916,terminal_provider_unavailability,pilot_live,3,artifacts/representative_coverage_pilot_v20260916/raw/CIK0000798528/OMEX/2013Q1/attempt_03_20260917035930256044.json,1c376e3e05d491f2ee86b5474a5123bd737b5e0da4d13f82ac604ba0c4f40e11,no_transcript,provider returned no usable transcript segments,not_applicable,,,,,,unresolved,
CIK0000812011,AVS4A43E040AA2C6E30,0000812011,Vail Resorts Inc,MTN,NYSE,7990,services,2013Q1,us,DE,1997-02-04,2019-12-31,Alpha Vantage listing interval,resolved_cik,True,1,only eligible resolved security,2013|NYSE|services,729,4,0.0054869684,182.2500000000,20260916,valid,pilot_live,1,artifacts/representative_coverage_pilot_v20260916/raw/CIK0000812011/MTN/2013Q1/attempt_01_20260917003132786493.json,55882b1294284b03cd558523ff4f30259b7defb2b100d8c4ddc0fb8e80f05949,valid,"usable transcript passed structural, year, and identity checks",supported,distinctive company-name token found in opening transcript text,2ab8fbb1fe08a9bf1fc835a07c515f74debc5b2570dd96946980a3bfb637fada,,,,unresolved,
CIK0001028918,AVS7B362ABD273FFAA8,0001028918,Pacific Premier Bancorp Inc,PPBI,NASDAQ,6022,finance_insurance_real_estate,2013Q1,us,DE,1997-06-25,2019-12-31,Alpha Vantage listing interval,resolved_cik,True,1,only eligible resolved security,2013|NASDAQ|finance_insurance_real_estate,1815,10,0.0055096419,181.5000000000,20260916,valid,pilot_live,1,artifacts/representative_coverage_pilot_v20260916/raw/CIK0001028918/PPBI/2013Q1/attempt_01_20260917003136794964.json,350b077d885c048f4abc6e0a3bb9802c2d9338c87ca060b7ebe96df2a541410e,valid,"usable transcript passed structural, year, and identity checks",supported,distinctive company-name token found in opening transcript text,f0fea12b62e60ed3ef273c01274ae023563ef6da129d280f8fc817a1eb4d1f3d,,,,unresolved,
CIK0001076167,AVSDDFBCA5A0E767326,0001076167,Adolor Corp,ADLR,NASDAQ,2834,manufacturing,2013Q1,us,,2000-11-14,2019-12-31,Alpha Vantage listing interval,resolved_cik,False,1,only eligible resolved security,2013|NASDAQ|manufacturing,3050,16,0.0052459016,190.6250000000,20260916,terminal_provider_unavailability,pilot_live,3,artifacts/representative_coverage_pilot_v20260916/raw/CIK0001076167/ADLR/2013Q1/attempt_03_20260917035932259410.json,03e2bf117e4d398abe70d289ae5be5dc32bcca017f2cf4419f131a7224458eee,no_transcript,provider returned no usable transcript segments,not_applicable,,,,,,unresolved,
CIK0001098972,AVS60BD362F2180030F,0001098972,Agenus Inc,AGEN,NASDAQ,2836,manufacturing,2013Q1,us,DE,2000-02-08,2019-12-31,Alpha Vantage listing interval,resolved_cik,True,1,only eligible resolved security,2013|NASDAQ|manufacturing,3050,16,0.0052459016,190.6250000000,20260916,valid,pilot_live,1,artifacts/representative_coverage_pilot_v20260916/raw/CIK0001098972/AGEN/2013Q1/attempt_01_20260917045725454837.json,37813c1f02ac5ecc063f6f832a68667042b11d558855bc8e15c46e27d9becaf8,valid,"usable transcript passed structural, year, and identity checks",supported,distinctive company-name token found in opening transcript text,cd2999388147b64e1f35263a54d537fab89533c9d31337dc4df6b52bb2acc256,,,,unresolved,
CIK0001131554,AVS38A902D31C87582A,0001131554,Synchronoss Technologies Inc,SNCR,NASDAQ,7371,services,2013Q1,us,,2006-06-15,2019-12-31,Alpha Vantage listing interval,resolved_cik,True,1,only eligible resolved security,2013|NASDAQ|services,1319,7,0.0053070508,188.4285714286,20260916,valid,pilot_live,1,artifacts/representative_coverage_pilot_v20260916/raw/CIK0001131554/SNCR/2013Q1/attempt_01_20260917003140803128.json,3944eae2d6056f76fcd846b2de8094fabeb2b4386b23fc1f90b4466bb168d3e5,valid,"usable transcript passed structural, year, and identity checks",supported,distinctive company-name token found in opening transcript text,e3c7b0a1597cef44171d99fc7bd5ec56c4f21209cf6ee8eac02e05bb5c542d3c,,,,unresolved,
CIK0001141391,AVS5A6D38DE30860BBA,0001141391,Mastercard Incorporated - Class A,MA,NYSE,7389,services,2013Q1,us,DE,2006-05-25,2019-12-31,Alpha Vantage listing interval,resolved_cik,True,1,only eligible resolved security,2013|NYSE|services,729,4,0.0054869684,182.2500000000,20260916,valid,pilot_live,1,artifacts/representative_coverage_pilot_v20260916/raw/CIK0001141391/MA/2013Q1/attempt_01_20260917003142807871.json,b0aaea193eb438c41531c664463438a05783f1dd346a8408fc9bc188d7979428,valid,"usable transcript passed structural, year, and identity checks",supported,distinctive company-name token found in opening transcript text,b9bbe2fd46e5d9a9ed0822fef5c193a184caae276ccd22606aac2a3dade5027c,,,,unresolved,
CIK0001336644,AVS9F3504D577C49512,0001336644,Universal Travel Group,UTRA,NYSE,4700,transportation_communications_utilities,2013Q1,us,NV,2012-05-07,2019-12-31,Alpha Vantage listing interval,resolved_cik,True,2,"ranked by active quarter-end evidence, exchange, and plain common-stock symbol",2013|NYSE|transportation_communications_utilities,683,4,0.0058565154,170.7500000000,20260916,terminal_provider_unavailability,pilot_live,3,artifacts/representative_coverage_pilot_v20260916/raw/CIK0001336644/UTRA/2013Q1/attempt_03_20260917035936270370.json,0c3ff0fb3fa1c3434d704f8c03ba48ac3893174d58b9d5d07e48f0585c12fa02,no_transcript,provider returned no usable transcript segments,not_applicable,,,,,,unresolved,
CIK0001411494,AVSFF6A95C0ECA6F9ED,0001411494,Apollo Global Management Inc,APO,NYSE,6282,finance_insurance_real_estate,2013Q1,us,DE,2011-03-30,2019-12-31,Alpha Vantage listing interval,resolved_cik,True,1,only eligible resolved security,2013|NYSE|finance_insurance_real_estate,1571,8,0.0050922979,196.3750000000,20260916,valid,pilot_live,1,artifacts/representative_coverage_pilot_v20260916/raw/CIK0001411494/APO/2013Q1/attempt_01_20260917003148817828.json,4df13da509acae467a9a81e5c6dc8830acfedb7058c6ec7af68c831e5b82519f,valid,"usable transcript passed structural, year, and identity checks",supported,distinctive company-name token found in opening transcript text,8744052b371839d703e21db5ad86de3bdd4482cf6c60b9c36abe02f79f3f80cc,,,,unresolved,
CIK0001419852,AVS957674B6AE2542D7,0001419852,Mattress Firm Holding Corp,MFRM,NASDAQ,5712,retail_trade,2013Q1,us,DE,2011-11-17,2019-12-31,Alpha Vantage listing interval,resolved_cik,True,2,"ranked by active quarter-end evidence, exchange, and plain common-stock symbol",2013|NASDAQ|retail_trade,383,2,0.0052219321,191.5000000000,20260916,terminal_provider_unavailability,pilot_live,3,artifacts/representative_coverage_pilot_v20260916/raw/CIK0001419852/MFRM/2013Q1/attempt_03_20260917035938278574.json,b00a5656c14c292f6544fd558225818a2512363dff5ab26ebe94edaa41db2a05,no_transcript,provider returned no usable transcript segments,not_applicable,,,,,,unresolved,
CIK0001504461,AVS4A18A2950E5B0F31,0001504461,NGL Energy Partners LP,NGL,NYSE,4922,transportation_communications_utilities,2013Q1,us,DE,2011-05-16,2019-12-31,Alpha Vantage listing interval,resolved_cik,True,1,only eligible resolved security,2013|NYSE|transportation_communications_utilities,683,4,0.0058565154,170.7500000000,20260916,terminal_provider_unavailability,pilot_live,2,artifacts/representative_coverage_pilot_v20260916/raw/CIK0001504461/NGL/2013Q1/attempt_02_20260917050123981717.json,f625eddad6bb3099aa054c3fd77b3a68fed0238b0008b5facbd9f159e78efa0b,no_transcript,provider returned no usable transcript segments,not_applicable,,,,,,unresolved,
CIK0000012208,AVSF229C0679F832A00,0000012208,Bio-Rad Laboratories Inc - Class A,BIO,NYSE,3826,manufacturing,2013Q2,us,DE,1980-02-27,2019-12-31,Alpha Vantage listing interval,resolved_cik,True,2,"ranked by active quarter-end evidence, exchange, and plain common-stock symbol",2013|NYSE|manufacturing,1948,10,0.0051334702,194.8000000000,20260916,valid,pilot_live,2,artifacts/representative_coverage_pilot_v20260916/raw/CIK0000012208/BIO/2013Q2/attempt_02_20260917003152823370.json,efd3eccddf5069e65ab2ac7eecd267073e759fcb3ae793b3499889d4b39b35fa,valid,"usable transcript passed structural, year, and identity checks",supported,distinctive company-name token found in opening transcript text,94dea40ad9c258f38a36c70947724dd737bcd2780739a4cababb3b5ca292f916,,,2013-08-06,high,https://www.sec.gov/Archives/edgar/data/12208/000001220813000021/bio-8k862013xex991.htm
CIK0000060667,AVS2EFBAE32DF31064D,0000060667,Lowe`s Cos. Inc,LOW,NYSE,5211,retail_trade,2013Q2,us,NC,1985-07-01,2019-12-31,Alpha Vantage listing interval,resolved_cik,True,1,only eligible resolved security,2013|NYSE|retail_trade,335,2,0.0059701493,167.5000000000,20260916,valid,legacy_reuse,1,artifacts/earnings_call_responses/LOW_2013Q2.json,931aea9234f91e3c73a37f75fee693958267367cf19dd1fec1be892f81d594e3,valid full transcript,substantive segmented transcript without detected integrity flags,manual_review,no distinctive company-name token found in opening transcript text,42cc1b482b1ca7186eefd7f190da89ef21203e01e05bde1cd0830a975cd68d2b,,,2013-11-19,high,https://www.sec.gov/Archives/edgar/data/60667/000006066713000113/exhibit991.htm
CIK0000097210,AVS2649A0A90EEE1742,0000097210,Teradyne Inc,TER,NASDAQ,3825,manufacturing,2013Q2,us,MA,1987-03-11,2019-12-31,Alpha Vantage listing interval,resolved_cik,True,1,only eligible resolved security,2013|NASDAQ|manufacturing,3050,16,0.0052459016,190.6250000000,20260916,valid,legacy_reuse,1,artifacts/earnings_call_responses/TER_2013Q2.json,2dc5d59f165ea1bdf65f5b7dcbb062dafb2739cbe7eb6d75cb3a626c09ca9e3f,valid full transcript,substantive segmented transcript without detected integrity flags,supported,distinctive company-name token found in opening transcript text,168288aaf7a343430cf16095f8867c3d17aec32f99f7bfa9e45f35b6eba70bd9,,,2013-07-25,high,https://www.sec.gov/Archives/edgar/data/97210/000119312513301335/d572818dex991.htm
CIK0000314489,AVS4C9726B9217793EE,0000314489,First Busey Corp,BUSE,NASDAQ,6022,finance_insurance_real_estate,2013Q2,us,NV,1998-10-06,2019-12-31,Alpha Vantage listing interval,resolved_cik,True,1,only eligible resolved security,2013|NASDAQ|finance_insurance_real_estate,1815,10,0.0055096419,181.5000000000,20260916,terminal_provider_unavailability,pilot_live,3,artifacts/representative_coverage_pilot_v20260916/raw/CIK0000314489/BUSE/2013Q2/attempt_03_20260917035940282322.json,bf6ca6cddf182620322beadd2da48367eca859da6d4a947b290240a219d02ab2,no_transcript,provider returned no usable transcript segments,not_applicable,,,,,,unresolved,
CIK0000712537,AVS66F309FDC22B27AC,0000712537,First Commonwealth Financial Corp,FCF,NYSE,6021,finance_insurance_real_estate,2013Q2,us,PA,1992-06-10,2019-12-31,Alpha Vantage listing interval,resolved_cik,True,1,only eligible resolved security,2013|NYSE|finance_insurance_real_estate,1571,8,0.0050922979,196.3750000000,20260916,valid,pilot_live,1,artifacts/representative_coverage_pilot_v20260916/raw/CIK0000712537/FCF/2013Q2/attempt_01_20260917003156841091.json,e8a5479196d03914fd27edaa8c409ac1300e207be0b66784e9bc5c7d11cb5efd,valid,"usable transcript passed structural, year, and identity checks",supported,distinctive company-name token found in opening transcript text,0bbb36965e380cdc13dff52950dc0133e6d9ba8913db93fd125f7d0efe13b05d,,,,unresolved,
CIK0000713095,AVS4065CCF658433991,0000713095,Farmers Capital Bank Corp,FFKT,NASDAQ,6021,finance_insurance_real_estate,2013Q2,us,KY,1993-03-04,2019-12-31,Alpha Vantage listing interval,resolved_cik,True,2,"ranked by active quarter-end evidence, exchange, and plain common-stock symbol",2013|NASDAQ|finance_insurance_real_estate,1815,10,0.0055096419,181.5000000000,20260916,terminal_provider_unavailability,pilot_live,3,artifacts/representative_coverage_pilot_v20260916/raw/CIK0000713095/FFKT/2013Q2/attempt_03_20260917035942287628.json,92fb68d3c0bf2c06bbb39c160a6030eb54281b5c4f3214c817e57004e370d48d,no_transcript,provider returned no usable transcript segments,not_applicable,,,,,,unresolved,
CIK0000816956,AVSC625C2BB16E98855,0000816956,Conmed Corp,CNMD,NYSE,3845,manufacturing,2013Q2,us,DE,1990-03-26,2019-12-31,Alpha Vantage listing interval,resolved_cik,True,1,only eligible resolved security,2013|NYSE|manufacturing,1948,10,0.0051334702,194.8000000000,20260916,valid,pilot_live,2,artifacts/representative_coverage_pilot_v20260916/raw/CIK0000816956/CNMD/2013Q2/attempt_02_20260917045729464906.json,403f0aab3e579520676ec7b69caac6ed7bad864b540bd7f2a0a92fe7a9e2aa0c,valid,"usable transcript passed structural, year, and identity checks",supported,distinctive company-name token found in opening transcript text,80aff8dad1f7a111c2e7b40836af0523fe2febc449fd4f8ad4bad9b935bc8a3f,,,,unresolved,
CIK0000874396,AVS05660397AF55A86F,0000874396,Lifetime Brands Inc,LCUT,NASDAQ,3420,manufacturing,2013Q2,us,DE,1991-06-05,2019-12-31,Alpha Vantage listing interval,resolved_cik,True,1,only eligible resolved security,2013|NASDAQ|manufacturing,3050,16,0.0052459016,190.6250000000,20260916,valid,pilot_live,1,artifacts/representative_coverage_pilot_v20260916/raw/CIK0000874396/LCUT/2013Q2/attempt_01_20260917045731469946.json,128ee6dd149d63a8a36e077582322640c97b97412d110571515121262cb8e01d,valid,"usable transcript passed structural, year, and identity checks",supported,distinctive company-name token found in opening transcript text,de2a7d9cf8ec849dc65bd4f0720f519f6b34f6089cfb7d82ef012cdde471e841,,,2013-08-08,high,https://www.sec.gov/Archives/edgar/data/874396/000119312513325840/d581939dex991.htm
CIK0000875582,AVSA228F6EB1C0CD5DC,0000875582,Northern Technologies International Corp,NTIC,NASDAQ,3470,manufacturing,2013Q2,us,DE,1993-09-13,2019-12-31,Alpha Vantage listing interval,resolved_cik,True,1,only eligible resolved security,2013|NASDAQ|manufacturing,3050,16,0.0052459016,190.6250000000,20260916,terminal_provider_unavailability,pilot_live,3,artifacts/representative_coverage_pilot_v20260916/raw/CIK0000875582/NTIC/2013Q2/attempt_03_20260917035944288075.json,002b46e9ec490ef4f309055789700ad4dcd79e74f4fac09b32bcdbab3dfa0895,no_transcript,provider returned no usable transcript segments,not_applicable,,,,,,unresolved,
CIK0000884219,AVSD06EA085BDE344B9,0000884219,Pursuit Attractions and Hospitality Inc,PRSU,NYSE,7990,services,2013Q2,us,DE,2004-08-12,2019-12-31,Alpha Vantage listing interval,resolved_cik,True,1,only eligible resolved security,2013|NYSE|services,729,4,0.0054869684,182.2500000000,20260916,terminal_provider_unavailability,pilot_live,3,artifacts/representative_coverage_pilot_v20260916/raw/CIK0000884219/PRSU/2013Q2/attempt_03_20260917035946293203.json,cbd815df5f75a28ce931ef4c8725abf65cbe8ed4e82a208f16b9a49dbec35deb,no_transcript,provider returned no usable transcript segments,not_applicable,,,,,,unresolved,
CIK0000912562,AVS8D3671D9CE50CFC4,0000912562,Gibraltar Industries Inc,ROCK,NASDAQ,3310,manufacturing,2013Q2,us,DE,1993-11-05,2019-12-31,Alpha Vantage listing interval,resolved_cik,True,1,only eligible resolved security,2013|NASDAQ|manufacturing,3050,16,0.0052459016,190.6250000000,20260916,valid,pilot_live,1,artifacts/representative_coverage_pilot_v20260916/raw/CIK0000912562/ROCK/2013Q2/attempt_01_20260917045733474987.json,abc496bc4c7842d73c83989c5e4520deefae3f2a9b24acd07e2fb9f99a19e5b1,valid,"usable transcript passed structural, year, and identity checks",supported,distinctive company-name token found in opening transcript text,7cff4d13c021f2a5ab7b549da0244a9d2ce1dae608c9c5ab0e8c2b73d33b8f09,,,,unresolved,
CIK0001009356,AVS974FB98E5FB33F02,0001009356,Salix Pharmaceuticals Ltd,SLXP,NASDAQ,2834,manufacturing,2013Q2,us,DE,2000-11-21,2019-12-31,Alpha Vantage listing interval,resolved_cik,True,2,"ranked by active quarter-end evidence, exchange, and plain common-stock symbol",2013|NASDAQ|manufacturing,3050,16,0.0052459016,190.6250000000,20260916,terminal_provider_unavailability,pilot_live,3,artifacts/representative_coverage_pilot_v20260916/raw/CIK0001009356/SLXP/2013Q2/attempt_03_20260917035948298248.json,2b2bf6f33e46670aabd5692b6071430444d05859429155a853da04ce55d90da2,no_transcript,provider returned no usable transcript segments,not_applicable,,,,,,unresolved,
CIK0001023024,AVS8F6AF0547B350DAE,0001023024,ANI Pharmaceuticals Inc,ANIP,NASDAQ,2834,manufacturing,2013Q2,us,DE,2000-05-05,2019-12-31,Alpha Vantage listing interval,resolved_cik,True,1,only eligible resolved security,2013|NASDAQ|manufacturing,3050,16,0.0052459016,190.6250000000,20260916,terminal_provider_unavailability,pilot_live,2,artifacts/representative_coverage_pilot_v20260916/raw/CIK0001023024/ANIP/2013Q2/attempt_02_20260917050125983316.json,0f36e25afbdf55ebb9b860f05e18f94af37091cd7782613a721506c6dc70ed26,no_transcript,provider returned no usable transcript segments,not_applicable,,,,,,unresolved,
CIK0001302343,AVSE24ACE8070F5FEF4,0001302343,Education Realty Trust Inc,EDR,NYSE,6798,finance_insurance_real_estate,2013Q2,us,MD,2005-01-26,2019-12-31,Alpha Vantage listing interval,resolved_cik,True,1,only eligible resolved security,2013|NYSE|finance_insurance_real_estate,1571,8,0.0050922979,196.3750000000,20260916,terminal_provider_unavailability,pilot_live,3,artifacts/representative_coverage_pilot_v20260916/raw/CIK0001302343/EDR/2013Q2/attempt_03_20260917035952302561.json,6ccd1591a01b249d65f63128610cb10ba8de200e3ba8fda5de9e3ff9931e8d7d,no_transcript,provider returned no usable transcript segments,not_applicable,,,,,,unresolved,
CIK0001336644,AVS9F3504D577C49512,0001336644,Universal Travel Group,UTRA,NYSE,4700,transportation_communications_utilities,2013Q2,us,NV,2012-05-07,2019-12-31,Alpha Vantage listing interval,resolved_cik,True,2,"ranked by active quarter-end evidence, exchange, and plain common-stock symbol",2013|NYSE|transportation_communications_utilities,683,4,0.0058565154,170.7500000000,20260916,terminal_provider_unavailability,pilot_live,3,artifacts/representative_coverage_pilot_v20260916/raw/CIK0001336644/UTRA/2013Q2/attempt_03_20260917035954346064.json,1df3f282dece505a4194c51f8df2a9bc6d53a8c9e277b3d48ddf10cc05353e1d,no_transcript,provider returned no usable transcript segments,not_applicable,,,,,,unresolved,
CIK0001340786,AVSB45466926FACE4EE,0001340786,Fuel Systems Solutions Inc,FSYS,NASDAQ,3714,manufacturing,2013Q2,us,DE,2001-01-02,2019-12-31,Alpha Vantage listing interval,resolved_cik,True,2,"ranked by active quarter-end evidence, exchange, and plain common-stock symbol",2013|NASDAQ|manufacturing,3050,16,0.0052459016,190.6250000000,20260916,terminal_provider_unavailability,pilot_live,3,artifacts/representative_coverage_pilot_v20260916/raw/CIK0001340786/FSYS/2013Q2/attempt_03_20260917035956348975.json,d347a04eebf674c04ff96e45f54d505ccfe6bbea73fa4ac8e6b74ae8c0d24668,no_transcript,provider returned no usable transcript segments,not_applicable,,,,,,unresolved,
CIK0001344980,AVS79ECFC9550BA61F5,0001344980,Alliance Holdings GP L.P.,AHGP,NASDAQ,1221,mining,2013Q2,us,DE,2006-05-10,2019-12-31,Alpha Vantage listing interval,resolved_cik,True,2,"ranked by active quarter-end evidence, exchange, and plain common-stock symbol",2013|NASDAQ|mining,189,1,0.0052910053,189.0000000000,20260916,terminal_provider_unavailability,pilot_live,3,artifacts/representative_coverage_pilot_v20260916/raw/CIK0001344980/AHGP/2013Q2/attempt_03_20260917035958354029.json,79898746069155262e1095cdeec4e4985e97e19933e8deddc4264d6864444bc0,no_transcript,provider returned no usable transcript segments,not_applicable,,,,,,unresolved,
CIK0001386926,AVS57A4D89B10DE04BC,0001386926,KKR Financial Holdings LLC,KFI,NYSE,6199,finance_insurance_real_estate,2013Q2,us,DE,2012-03-26,2019-12-31,Alpha Vantage listing interval,resolved_cik,True,4,"ranked by active quarter-end evidence, exchange, and plain common-stock symbol",2013|NYSE|finance_insurance_real_estate,1571,8,0.0050922979,196.3750000000,20260916,terminal_provider_unavailability,pilot_live,2,artifacts/representative_coverage_pilot_v20260916/raw/CIK0001386926/KFI/2013Q2/attempt_02_20260917050127988339.json,8d034044df8297adf4b15c421846f91c067c4dc7fed28d592c80cb361d9e0129,no_transcript,provider returned no usable transcript segments,not_applicable,,,,,,unresolved,
CIK0001437071,AVS6A78313632AA6ED8,0001437071,Invesco Mortgage Capital Inc,IVR,NYSE,6798,finance_insurance_real_estate,2013Q2,us,MD,2009-07-01,2019-12-31,Alpha Vantage listing interval,resolved_cik,True,1,only eligible resolved security,2013|NYSE|finance_insurance_real_estate,1571,8,0.0050922979,196.3750000000,20260916,valid,pilot_live,1,artifacts/representative_coverage_pilot_v20260916/raw/CIK0001437071/IVR/2013Q2/attempt_01_20260917003222907028.json,42758f15fb81a601a70e18e9518d2c0259183970b7da27bb87f9a5d953149807,valid,"usable transcript passed structural, year, and identity checks",supported,distinctive company-name token found in opening transcript text,c58ce085770f6a0c7749fd44e65222376be47f55f0cf729798362022e9824fdc,,,,unresolved,
CIK0001486957,AVS151334008B11CBEF,0001486957,Babcock & Wilcox Company,BWC,NYSE,3510,manufacturing,2013Q2,us,DE,2010-08-02,2019-12-31,Alpha Vantage listing interval,resolved_cik,True,3,"ranked by active quarter-end evidence, exchange, and plain common-stock symbol",2013|NYSE|manufacturing,1948,10,0.0051334702,194.8000000000,20260916,terminal_provider_unavailability,pilot_live,3,artifacts/representative_coverage_pilot_v20260916/raw/CIK0001486957/BWC/2013Q2/attempt_03_20260917040000359065.json,2a633cf17650d3e307a93eeae1b0b92220ab74a8ee40c8c4c8e43dc9e58a078e,no_transcript,provider returned no usable transcript segments,not_applicable,,,,,,unresolved,
CIK0001803696,AVSFE2B06A5335B8DCE,0001803696,Adeia Inc,ADEA,NASDAQ,4841,transportation_communications_utilities,2013Q2,us,DE,2003-11-20,2019-12-31,Alpha Vantage listing interval,resolved_cik,True,1,only eligible resolved security,2013|NASDAQ|transportation_communications_utilities,475,3,0.0063157895,158.3333333333,20260916,terminal_provider_unavailability,pilot_live,2,artifacts/representative_coverage_pilot_v20260916/raw/CIK0001803696/ADEA/2013Q2/attempt_02_20260917050130011203.json,794515230d8cfd9f4d12c0f0e2afeeb3185f2503b47a84190845ac803f2bbc5d,no_transcript,provider returned no usable transcript segments,not_applicable,,,,,,unresolved,
CIK0000006885,AVSD27D66FE83ECD9AB,0000006885,Stage Stores Inc,SSI,NYSE,5651,retail_trade,2013Q3,us,NV,2001-08-30,2019-12-31,Alpha Vantage listing interval,resolved_cik,True,1,only eligible resolved security,2013|NYSE|retail_trade,335,2,0.0059701493,167.5000000000,20260916,terminal_provider_unavailability,pilot_live,3,artifacts/representative_coverage_pilot_v20260916/raw/CIK0000006885/SSI/2013Q3/attempt_03_20260917040004373097.json,abaad35b7c0f92fa77c105c4e2cc2e88ecb24dac063bf944720769cf4f84f6d1,no_transcript,provider returned no usable transcript segments,not_applicable,,,,,,unresolved,
CIK0000014693,AVS678515F7E8F6FB2B,0000014693,Brown-Forman Corp - Class A,BF-A,NYSE,2080,manufacturing,2013Q3,us,DE,1973-05-03,2019-12-31,Alpha Vantage listing interval,resolved_cik,True,2,"ranked by active quarter-end evidence, exchange, and plain common-stock symbol",2013|NYSE|manufacturing,1948,10,0.0051334702,194.8000000000,20260916,terminal_provider_unavailability,pilot_live,2,artifacts/representative_coverage_pilot_v20260916/raw/CIK0000014693/BF-A/2013Q3/attempt_02_20260917045741491529.json,9a7803b119b008e819c4aa97e435e3e8bfa476bcf4ff75c86f0c22a8ea9eb4cd,no_transcript,provider returned no usable transcript segments,not_applicable,,,,,,unresolved,
CIK0000049196,AVSA297B8F8B4302C3B,0000049196,Huntington Bancshares Inc,HBAN,NASDAQ,6021,finance_insurance_real_estate,2013Q3,us,MD,1990-03-26,2019-12-31,Alpha Vantage listing interval,resolved_cik,True,2,"ranked by active quarter-end evidence, exchange, and plain common-stock symbol",2013|NASDAQ|finance_insurance_real_estate,1815,10,0.0055096419,181.5000000000,20260916,valid,pilot_live,1,artifacts/representative_coverage_pilot_v20260916/raw/CIK0000049196/HBAN/2013Q3/attempt_01_20260917045743496561.json,c9bff599ee047238d8f8629449ecacf970b1adb468b2dbdf331bb2c57d8d61bb,valid,"usable transcript passed structural, year, and identity checks",supported,distinctive company-name token found in opening transcript text,58f9796e4cafeee492690d065919ad85024499bb9cc1881283b4f12d57441a1d,,,,unresolved,
CIK0000318154,AVS86A2CD3B09DF0A11,0000318154,AMGEN Inc,AMGN,NASDAQ,2836,manufacturing,2013Q3,us,DE,1984-09-07,2019-12-31,Alpha Vantage listing interval,resolved_cik,True,1,only eligible resolved security,2013|NASDAQ|manufacturing,3050,16,0.0052459016,190.6250000000,20260916,valid,pilot_live,2,artifacts/representative_coverage_pilot_v20260916/raw/CIK0000318154/AMGN/2013Q3/attempt_02_20260917003230918794.json,eac109d8a4b825e8546a375f83c145ba04d7d3287ba3a1da2ff82b7cacd110ae,valid,"usable transcript passed structural, year, and identity checks",supported,distinctive company-name token found in opening transcript text,933279aec55bd2b49210b8324973ccf0b9b6a72db1a75f20c9adf0b7430afabd,,,,unresolved,
CIK0000716605,AVS7C80A5DDB0B5D59F,0000716605,Penns Woods Bancorp Inc,PWOD,NASDAQ,6022,finance_insurance_real_estate,2013Q3,us,PA,1996-05-30,2019-12-31,Alpha Vantage listing interval,resolved_cik,True,1,only eligible resolved security,2013|NASDAQ|finance_insurance_real_estate,1815,10,0.0055096419,181.5000000000,20260916,terminal_provider_unavailability,pilot_live,3,artifacts/representative_coverage_pilot_v20260916/raw/CIK0000716605/PWOD/2013Q3/attempt_03_20260917040006373595.json,829abf029648ea6512840235a37f693e79bceb1bb06402eea145515ca675c86a,no_transcript,provider returned no usable transcript segments,not_applicable,,,,,,unresolved,
CIK0000907654,AVS81213B082726045F,0000907654,ARCA biopharma Inc,ORKA,NASDAQ,2834,manufacturing,2013Q3,us,DE,1997-08-08,2019-12-31,Alpha Vantage listing interval,resolved_cik,True,1,only eligible resolved security,2013|NASDAQ|manufacturing,3050,16,0.0052459016,190.6250000000,20260916,terminal_provider_unavailability,pilot_live,3,artifacts/representative_coverage_pilot_v20260916/raw/CIK0000907654/ORKA/2013Q3/attempt_03_20260917040008374710.json,7bbddcd48bcf820ef50bd22cea6154c10a19c083bb846cf91eddbcf105799439,no_transcript,provider returned no usable transcript segments,not_applicable,,,,,,unresolved,
CIK0000923796,AVSF7D9A5BD57BC9951,0000923796,Geo Group Inc,GEO,NYSE,1520,construction,2013Q3,us,FL,1994-07-28,2019-12-31,Alpha Vantage listing interval,resolved_cik,True,1,only eligible resolved security,2013|NYSE|construction,136,1,0.0073529412,136.0000000000,20260916,valid,pilot_live,1,artifacts/representative_coverage_pilot_v20260916/raw/CIK0000923796/GEO/2013Q3/attempt_01_20260917003236942683.json,d8c9058d4441b7ebb0ad5b6635eeb7a5f79d23062432230b58564a40191e00df,valid,"usable transcript passed structural, year, and identity checks",manual_review,no distinctive company-name token found in opening transcript text,ddaaf5179f8027c997821d2bb7f9e46071bcb9b5f6b5d0a0cf527cbc71942ace,,,,unresolved,
CIK0000934547,AVS927831903A4FFE6C,0000934547,The Bank of Kentucky Financial Corp,BKYF,NASDAQ,6035,finance_insurance_real_estate,2013Q3,us,KY,1999-02-25,2019-12-31,Alpha Vantage listing interval,resolved_cik,True,2,"ranked by active quarter-end evidence, exchange, and plain common-stock symbol",2013|NASDAQ|finance_insurance_real_estate,1815,10,0.0055096419,181.5000000000,20260916,terminal_provider_unavailability,pilot_live,3,artifacts/representative_coverage_pilot_v20260916/raw/CIK0000934547/BKYF/2013Q3/attempt_03_20260917040010380234.json,4dd4c145e240ee11274a2ee042c69e375971a4217426404b1e285ad733d31199,no_transcript,provider returned no usable transcript segments,not_applicable,,,,,,unresolved,
CIK0001364099,AVS3ECD85E20B1CAD84,0001364099,Innophos Holdings Inc,IPHS,NASDAQ,5160,wholesale_trade,2013Q3,us,,2006-11-02,2019-12-31,Alpha Vantage listing interval,resolved_cik,True,1,only eligible resolved security,2013|NASDAQ|wholesale_trade,181,1,0.0055248619,181.0000000000,20260916,terminal_provider_unavailability,pilot_live,3,artifacts/representative_coverage_pilot_v20260916/raw/CIK0001364099/IPHS/2013Q3/attempt_03_20260917040016396294.json,f6a568fa1f7b99fd59fcaf97064828e227db0c67429ae2cad78127b3a1121531,no_transcript,provider returned no usable transcript segments,not_applicable,,,,,,unresolved,
CIK0001370755,AVS8883D314C9EC5411,0001370755,BlackRock TCP Capital Corp,TCPC,NASDAQ,,unknown,2013Q3,us,DE,2012-04-04,2019-12-31,Alpha Vantage listing interval,resolved_cik,True,1,only eligible resolved security,2013|NASDAQ|unknown,112,1,0.0089285714,112.0000000000,20260916,terminal_provider_unavailability,pilot_live,3,artifacts/representative_coverage_pilot_v20260916/raw/CIK0001370755/TCPC/2013Q3/attempt_03_20260917040018401069.json,ec14f400623e0c119c680a2f5e9b97b128c63f7b5ab472b3e17af4d840ee32d6,no_transcript,provider returned no usable transcript segments,not_applicable,,,,,,unresolved,
CIK0001672909,AVSACBEDEC388C81EDF,0001672909,Canterbury Park Holding Corp,CPHC,NASDAQ,7948,services,2013Q3,us,MN,2008-09-08,2019-12-31,Alpha Vantage listing interval,resolved_cik,True,1,only eligible resolved security,2013|NASDAQ|services,1319,7,0.0053070508,188.4285714286,20260916,terminal_provider_unavailability,pilot_live,3,artifacts/representative_coverage_pilot_v20260916/raw/CIK0001672909/CPHC/2013Q3/attempt_03_20260917040020406112.json,cde6d27a6453736f320d662d7b65011c7261119ce962488740c4430d240f81b0,no_transcript,provider returned no usable transcript segments,not_applicable,,,,,,unresolved,
CIK0000070793,AVS8B8A18ABE96E528A,0000070793,NBTY INC,NTY,NYSE,2834,manufacturing,2013Q4,us,DE,2006-12-28,2019-12-31,Alpha Vantage listing interval,resolved_cik,False,1,only eligible resolved security,2013|NYSE|manufacturing,1948,10,0.0051334702,194.8000000000,20260916,terminal_provider_unavailability,pilot_live,3,artifacts/representative_coverage_pilot_v20260916/raw/CIK0000070793/NTY/2013Q4/attempt_03_20260917040022411936.json,8ec844b8866a2c779f785be995050b6f63799fa814420ba601fd538b559e9c2c,no_transcript,provider returned no usable transcript segments,not_applicable,,,,,,unresolved,
CIK0000093556,AVSA73748D84DD43CBC,0000093556,Stanley Black & Decker Inc,SWK,NYSE,3420,manufacturing,2013Q4,us,CT,1985-07-01,2019-12-31,Alpha Vantage listing interval,resolved_cik,True,1,only eligible resolved security,2013|NYSE|manufacturing,1948,10,0.0051334702,194.8000000000,20260916,valid,pilot_live,1,artifacts/representative_coverage_pilot_v20260916/raw/CIK0000093556/SWK/2013Q4/attempt_01_20260917003252986619.json,987e08664f3948da262c4e6fc476145263f0b86450189eb84954c71845ed6767,valid,"usable transcript passed structural, year, and identity checks",supported,distinctive company-name token found in opening transcript text,fa09140ea813a50783cd9c98fab3715e66ae587c921480ec702000a7ccb6216f,,,2014-01-24,high,https://www.sec.gov/Archives/edgar/data/93556/000009355614000002/ex991.htm
CIK0000096638,AVSDB6A38BF8AD4CDD8,0000096638,ADVANTA CORP,ADVNQ,NASDAQ,6141,finance_insurance_real_estate,2013Q4,us,DE,1990-01-02,2019-12-31,Alpha Vantage listing interval,resolved_cik,False,1,only eligible resolved security,2013|NASDAQ|finance_insurance_real_estate,1815,10,0.0055096419,181.5000000000,20260916,terminal_provider_unavailability,pilot_live,2,artifacts/representative_coverage_pilot_v20260916/raw/CIK0000096638/ADVNQ/2013Q4/attempt_02_20260917050132013461.json,7d5a4c0aec60cc98a5c258ec910b3d859b735327d01ec36dae3f3986e3e70968,no_transcript,provider returned no usable transcript segments,not_applicable,,,,,,unresolved,
CIK0000316300,AVSB08349F02D9D98DF,0000316300,EXCO Resources Inc,XCO,NYSE,1311,mining,2013Q4,us,TX,2006-02-09,2019-12-31,Alpha Vantage listing interval,resolved_cik,True,2,"ranked by active quarter-end evidence, exchange, and plain common-stock symbol",2013|NYSE|mining,430,2,0.0046511628,215.0000000000,20260916,terminal_provider_unavailability,pilot_live,3,artifacts/representative_coverage_pilot_v20260916/raw/CIK0000316300/XCO/2013Q4/attempt_03_20260917040024418153.json,742c7fedc7a38ef3fc295d20152e0519a20c0af0f1fd7cf00852451e51de376f,no_transcript,provider returned no usable transcript segments,not_applicable,,,,,,unresolved,
CIK0000708781,AVS782D005FBA93E740,0000708781,Cass Information Systems Inc,CASS,NASDAQ,7389,services,2013Q4,us,MO,1996-01-02,2019-12-31,Alpha Vantage listing interval,resolved_cik,True,1,only eligible resolved security,2013|NASDAQ|services,1319,7,0.0053070508,188.4285714286,20260916,terminal_provider_unavailability,pilot_live,3,artifacts/representative_coverage_pilot_v20260916/raw/CIK0000708781/CASS/2013Q4/attempt_03_20260917040026423197.json,646d95673b56af66cac6164e7e05adbffe838963ae4ac69f3f3bce7f8cac2364,no_transcript,provider returned no usable transcript segments,not_applicable,,,,,,unresolved,
CIK0000714603,AVS6E647169F97534F7,0000714603,DST Systems Inc,DST,NYSE,7374,services,2013Q4,us,DE,1995-11-01,2019-12-31,Alpha Vantage listing interval,resolved_cik,True,2,"ranked by active quarter-end evidence, exchange, and plain common-stock symbol",2013|NYSE|services,729,4,0.0054869684,182.2500000000,20260916,terminal_provider_unavailability,pilot_live,3,artifacts/representative_coverage_pilot_v20260916/raw/CIK0000714603/DST/2013Q4/attempt_03_20260917040028428039.json,e6711acaaed0cb6d52969fe7fb7c23ad883754a26d8d8974c2ad5d14321e9393,no_transcript,provider returned no usable transcript segments,not_applicable,,,,,,unresolved,
CIK0000723603,AVS8312F6D2363FE36F,0000723603,Culp Inc,CFI,NYSE,2211,manufacturing,2013Q4,us,NC,1990-03-26,2019-12-31,Alpha Vantage listing interval,resolved_cik,True,3,"ranked by active quarter-end evidence, exchange, and plain common-stock symbol",2013|NYSE|manufacturing,1948,10,0.0051334702,194.8000000000,20260916,terminal_provider_unavailability,pilot_live,3,artifacts/representative_coverage_pilot_v20260916/raw/CIK0000723603/CFI/2013Q4/attempt_03_20260917040030433088.json,b482394822646d62b872891d8804aaf3e0f933f8c5fcf608c81378df51e295b1,no_transcript,provider returned no usable transcript segments,not_applicable,,,,,,unresolved,
CIK0000854701,AVS010014883E134DCA,0000854701,Integrated Silicon Solution Inc,ISSI,NASDAQ,3674,manufacturing,2013Q4,us,DE,1995-02-03,2019-12-31,Alpha Vantage listing interval,resolved_cik,True,2,"ranked by active quarter-end evidence, exchange, and plain common-stock symbol",2013|NASDAQ|manufacturing,3050,16,0.0052459016,190.6250000000,20260916,terminal_provider_unavailability,pilot_live,3,artifacts/representative_coverage_pilot_v20260916/raw/CIK0000854701/ISSI/2013Q4/attempt_03_20260917040032435034.json,c1050b8b46e91d0a095952b9c7639fa86ce43d4c2af41aa8e89a6442c750c88d,no_transcript,provider returned no usable transcript segments,not_applicable,,,,,,unresolved,
CIK0000858339,AVS2E723ECE0040CD29,0000858339,Caesars Entertainment Corp,CZR,NASDAQ,7011,services,2013Q4,us,DE,2012-02-08,2019-12-31,Alpha Vantage listing interval,resolved_cik,True,1,only eligible resolved security,2013|NASDAQ|services,1319,7,0.0053070508,188.4285714286,20260916,valid,pilot_live,1,artifacts/representative_coverage_pilot_v20260916/raw/CIK0000858339/CZR/2013Q4/attempt_01_20260917003305013544.json,ac702e3f8c17476f7badf7888a4eecd2193ffff93ae81715ec8ddd1eaef21558,valid,"usable transcript passed structural, year, and identity checks",supported,distinctive company-name token found in opening transcript text,0a48a63bf8bb064451dbd4ffe54ae81829da4524bcd2718557452521f2e0e1ba,,,,unresolved,
CIK0000866706,AVS13FB01C60EBBDF99,0000866706,Esco Technologies Inc,ESE,NYSE,3669,manufacturing,2013Q4,us,MO,1990-10-01,2019-12-31,Alpha Vantage listing interval,resolved_cik,True,1,only eligible resolved security,2013|NYSE|manufacturing,1948,10,0.0051334702,194.8000000000,20260916,valid,pilot_live,1,artifacts/representative_coverage_pilot_v20260916/raw/CIK0000866706/ESE/2013Q4/attempt_01_20260917003307018625.json,ea18b11dbd1e858999118013cc4584363dae4a9f7acfb4cb6cc454663ecf8df1,valid,"usable transcript passed structural, year, and identity checks",supported,distinctive company-name token found in opening transcript text,513fcef73e0f039c9fdb88a68a3c701764374b17059fb8d198a5a048996eff4b,,,,unresolved,
CIK0000892553,AVS835E46B3CD9AC12D,0000892553,Chart Industries Inc,GTLS,NYSE,3443,manufacturing,2013Q4,us,DE,2006-07-26,2019-12-31,Alpha Vantage listing interval,resolved_cik,True,1,only eligible resolved security,2013|NYSE|manufacturing,1948,10,0.0051334702,194.8000000000,20260916,valid,pilot_live,1,artifacts/representative_coverage_pilot_v20260916/raw/CIK0000892553/GTLS/2013Q4/attempt_01_20260917003309034405.json,9ce7cea4285533ff6771ecdb646cdd94ed64ddf69ac2613cf267012376d3eebf,valid,"usable transcript passed structural, year, and identity checks",supported,distinctive company-name token found in opening transcript text,9cbd978c04a51201725215867061cc5abe8e8a28780795d46771e2545363dca7,,,,unresolved,
CIK0000923118,AVSDDF12E0481CACB27,0000923118,Home Properties Inc,HME,NYSE,6798,finance_insurance_real_estate,2013Q4,us,MD,1994-08-01,2019-12-31,Alpha Vantage listing interval,resolved_cik,True,2,"ranked by active quarter-end evidence, exchange, and plain common-stock symbol",2013|NYSE|finance_insurance_real_estate,1571,8,0.0050922979,196.3750000000,20260916,terminal_provider_unavailability,pilot_live,3,artifacts/representative_coverage_pilot_v20260916/raw/CIK0000923118/HME/2013Q4/attempt_03_20260917040034439875.json,048e83f1614c6782cc28d1370ee88b5e3746b465fdeae250133f62a94b04e842,no_transcript,provider returned no usable transcript segments,not_applicable,,,,,,unresolved,
CIK0000932781,AVSFE104CFAFA070904,0000932781,First Community Corp,FCCO,NASDAQ,6022,finance_insurance_real_estate,2013Q4,us,SC,1999-03-09,2019-12-31,Alpha Vantage listing interval,resolved_cik,True,1,only eligible resolved security,2013|NASDAQ|finance_insurance_real_estate,1815,10,0.0055096419,181.5000000000,20260916,terminal_provider_unavailability,pilot_live,3,artifacts/representative_coverage_pilot_v20260916/raw/CIK0000932781/FCCO/2013Q4/attempt_03_20260917040036445573.json,a8c04859962ebec392858fbf6c51be3de6a40ef9f39e719a5c5f81fbf6ad707a,no_transcript,provider returned no usable transcript segments,not_applicable,,,,,,unresolved,
CIK0000936528,AVS434EC372132CCAFA,0000936528,WaFd Inc,WAFD,NASDAQ,6021,finance_insurance_real_estate,2013Q4,us,WA,1990-03-26,2019-12-31,Alpha Vantage listing interval,resolved_cik,True,1,only eligible resolved security,2013|NASDAQ|finance_insurance_real_estate,1815,10,0.0055096419,181.5000000000,20260916,terminal_provider_unavailability,pilot_live,2,artifacts/representative_coverage_pilot_v20260916/raw/CIK0000936528/WAFD/2013Q4/attempt_02_20260917050134016825.json,c4b5d0881b94425982c94c51887d994aaed2de1706ea9656f56337217953a0ac,no_transcript,provider returned no usable transcript segments,not_applicable,,,,,,unresolved,
CIK0000944809,AVS3B114C12C4859EF3,0000944809,Opko Health Inc,OPK,NASDAQ,2834,manufacturing,2013Q4,us,DE,1995-11-02,2019-12-31,Alpha Vantage listing interval,resolved_cik,True,1,only eligible resolved security,2013|NASDAQ|manufacturing,3050,16,0.0052459016,190.6250000000,20260916,terminal_provider_unavailability,pilot_live,3,artifacts/representative_coverage_pilot_v20260916/raw/CIK0000944809/OPK/2013Q4/attempt_03_20260917040038450625.json,3c9b5577e659d0a54eb99edabe17be72275e402f0a7f960462e08fb103058289,no_transcript,provider returned no usable transcript segments,not_applicable,,,,,,unresolved,
CIK0000948850,AVSED8F940584FB7BBF,0000948850,COMSYS IT PARTNERS INC,CITP,NASDAQ,7363,services,2013Q4,us,DE,2004-10-05,2019-12-31,Alpha Vantage listing interval,resolved_cik,False,1,only eligible resolved security,2013|NASDAQ|services,1319,7,0.0053070508,188.4285714286,20260916,terminal_provider_unavailability,pilot_live,3,artifacts/representative_coverage_pilot_v20260916/raw/CIK0000948850/CITP/2013Q4/attempt_03_20260917040040461895.json,1d4cc58a19109e77025c0b480fede8feba913949da46a54ba1142c0652f53d0b,no_transcript,provider returned no usable transcript segments,not_applicable,,,,,,unresolved,
CIK0001003078,AVS1E8BCE205DF4B447,0001003078,MSC Industrial Direct Co. Inc - Class A,MSM,NYSE,5084,wholesale_trade,2013Q4,us,NY,1995-12-15,2019-12-31,Alpha Vantage listing interval,resolved_cik,True,1,only eligible resolved security,2013|NYSE|wholesale_trade,151,1,0.0066225166,151.0000000000,20260916,valid,pilot_live,1,artifacts/representative_coverage_pilot_v20260916/raw/CIK0001003078/MSM/2013Q4/attempt_01_20260917003321063387.json,9bca9efcc12c28fe521f7f660003ada54f060891b7bb5dd50e123a99509b9049,valid,"usable transcript passed structural, year, and identity checks",supported,distinctive company-name token found in opening transcript text,ea7aad65a8f9226c0b13242691eaaa40257f7390eb1dc50e88ef17e6c525524c,,,,unresolved,
CIK0001004155,AVS64CB7B42C5CFC9E7,0001004155,AGL Resources Inc,GAS,NYSE,4924,transportation_communications_utilities,2013Q4,us,GA,1973-05-03,2019-12-31,Alpha Vantage listing interval,resolved_cik,True,2,"ranked by active quarter-end evidence, exchange, and plain common-stock symbol",2013|NYSE|transportation_communications_utilities,683,4,0.0058565154,170.7500000000,20260916,terminal_provider_unavailability,pilot_live,2,artifacts/representative_coverage_pilot_v20260916/raw/CIK0001004155/GAS/2013Q4/attempt_02_20260917050136021850.json,e777fdaea7f182c28811772570379f4c44ef98765a5ab418c921e3981e1a0dcc,no_transcript,provider returned no usable transcript segments,not_applicable,,,,,,unresolved,
CIK0001012019,AVS33BDE20F95152887,0001012019,Rush Enterprises Inc - Class B,RUSHB,NASDAQ,5500,retail_trade,2013Q4,us,TX,1996-06-10,2019-12-31,Alpha Vantage listing interval,resolved_cik,True,2,"ranked by active quarter-end evidence, exchange, and plain common-stock symbol",2013|NASDAQ|retail_trade,383,2,0.0052219321,191.5000000000,20260916,valid,pilot_live,1,artifacts/representative_coverage_pilot_v20260916/raw/CIK0001012019/RUSHB/2013Q4/attempt_01_20260917003323068309.json,82a6da9ba92857a0ffc58eb52e2e2323b9ba2a41214c3a0dfcf29c5e0d2e7e84,valid,"usable transcript passed structural, year, and identity checks",supported,distinctive company-name token found in opening transcript text,02071de2a14f7c6ebc3f11b0aeea6440ee5dbf345b01ffa3819e9507b007bf0a,,,,unresolved,
CIK0001025996,AVS4F4C4BA097F05759,0001025996,Kilroy Realty Corp,KRC,NYSE,6798,finance_insurance_real_estate,2013Q4,us,MD,1997-01-30,2019-12-31,Alpha Vantage listing interval,resolved_cik,True,1,only eligible resolved security,2013|NYSE|finance_insurance_real_estate,1571,8,0.0050922979,196.3750000000,20260916,valid,pilot_live,1,artifacts/representative_coverage_pilot_v20260916/raw/CIK0001025996/KRC/2013Q4/attempt_01_20260917003325071481.json,2e19e2aad0d93e31eb065f065c02f0b14c4b346f39990cbae7fa58dde83cd53d,valid,"usable transcript passed structural, year, and identity checks",supported,distinctive company-name token found in opening transcript text,452efff69a9dfe5bc5ec3ee403bdab4b2156ab7b9e44e4531146551673d0d1b8,,,,unresolved,
CIK0001172139,AVSFB6241837F79BC79,0001172139,Bill Barrett Corp,BBG,NYSE,1311,mining,2013Q4,us,DE,2004-12-10,2019-12-31,Alpha Vantage listing interval,resolved_cik,True,2,"ranked by active quarter-end evidence, exchange, and plain common-stock symbol",2013|NYSE|mining,430,2,0.0046511628,215.0000000000,20260916,terminal_provider_unavailability,pilot_live,2,artifacts/representative_coverage_pilot_v20260916/raw/CIK0001172139/BBG/2013Q4/attempt_02_20260917050138026880.json,368566d9cdaab6f5262105b9f7c822cdcd8d657aedbe1b456f2097d2271c4bfe,no_transcript,provider returned no usable transcript segments,not_applicable,,,,,,unresolved,
CIK0001279704,AVS7A9265375FC46D54,0001279704,Cellectar Biosciences Inc,CLRB,NASDAQ,2834,manufacturing,2013Q4,us,DE,2005-11-10,2019-12-31,Alpha Vantage listing interval,resolved_cik,True,1,only eligible resolved security,2013|NASDAQ|manufacturing,3050,16,0.0052459016,190.6250000000,20260916,terminal_provider_unavailability,pilot_live,3,artifacts/representative_coverage_pilot_v20260916/raw/CIK0001279704/CLRB/2013Q4/attempt_03_20260917040044470691.json,1624d1dc48f04e5500eb09425f220b3dd07a39bb156ee48765047ed4e9eefd62,no_transcript,provider returned no usable transcript segments,not_applicable,,,,,,unresolved,
CIK0001318310,AVSD8FC84B7372F14E5,0001318310,ev3 Inc,EVVV,NASDAQ,3841,manufacturing,2013Q4,us,DE,2005-06-16,2019-12-31,Alpha Vantage listing interval,resolved_cik,False,1,only eligible resolved security,2013|NASDAQ|manufacturing,3050,16,0.0052459016,190.6250000000,20260916,terminal_provider_unavailability,pilot_live,3,artifacts/representative_coverage_pilot_v20260916/raw/CIK0001318310/EVVV/2013Q4/attempt_03_20260917040046475730.json,07abc0c0e120c3925422bc063e3a93a9bbbabda457c13130add3281caa46bed5,no_transcript,provider returned no usable transcript segments,not_applicable,,,,,,unresolved,
CIK0001357326,AVS9F8447C84390E541,0001357326,Riverbed Technology Inc,RVBD,NASDAQ,3576,manufacturing,2013Q4,us,DE,2006-09-21,2019-12-31,Alpha Vantage listing interval,resolved_cik,True,2,"ranked by active quarter-end evidence, exchange, and plain common-stock symbol",2013|NASDAQ|manufacturing,3050,16,0.0052459016,190.6250000000,20260916,terminal_provider_unavailability,pilot_live,3,artifacts/representative_coverage_pilot_v20260916/raw/CIK0001357326/RVBD/2013Q4/attempt_03_20260917040048483586.json,55a157553f54b10dc4427dc1629aa14fc19139cba7bc18ddf4c6ce9fa84a3dc8,no_transcript,provider returned no usable transcript segments,not_applicable,,,,,,unresolved,
CIK0001369817,AVS37FD1FCB2EF1C90E,0001369817,OneBeacon Insurance Group Ltd,OB,NYSE,6331,finance_insurance_real_estate,2013Q4,us,,2006-11-09,2019-12-31,Alpha Vantage listing interval,resolved_cik,True,2,"ranked by active quarter-end evidence, exchange, and plain common-stock symbol",2013|NYSE|finance_insurance_real_estate,1571,8,0.0050922979,196.3750000000,20260916,terminal_provider_unavailability,pilot_live,3,artifacts/representative_coverage_pilot_v20260916/raw/CIK0001369817/OB/2013Q4/attempt_03_20260917040050488635.json,b0412b6918581b6fa6e0a33ade91550a0bcf0bb242c3ad6c3f1d9e12eadbf45f,no_transcript,provider returned no usable transcript segments,not_applicable,,,,,,unresolved,
CIK0001373525,AVSDAED4DA97EB96417,0001373525,First Capital Bancorp Inc,FCVA,NASDAQ,6022,finance_insurance_real_estate,2013Q4,us,VA,1999-03-15,2019-12-31,Alpha Vantage listing interval,resolved_cik,True,2,"ranked by active quarter-end evidence, exchange, and plain common-stock symbol",2013|NASDAQ|finance_insurance_real_estate,1815,10,0.0055096419,181.5000000000,20260916,terminal_provider_unavailability,pilot_live,3,artifacts/representative_coverage_pilot_v20260916/raw/CIK0001373525/FCVA/2013Q4/attempt_03_20260917040052496014.json,9f8fb6592ae984f503313ef571bea734ae8f05f1126a5392ceaa6162a48cd64c,no_transcript,provider returned no usable transcript segments,not_applicable,,,,,,unresolved,
CIK0001402436,AVS55EADAFD7C9C9534,0001402436,SS&C Technologies Holdings Inc,SSNC,NASDAQ,7372,services,2013Q4,us,DE,2010-03-31,2019-12-31,Alpha Vantage listing interval,resolved_cik,True,1,only eligible resolved security,2013|NASDAQ|services,1319,7,0.0053070508,188.4285714286,20260916,valid,pilot_live,1,artifacts/representative_coverage_pilot_v20260916/raw/CIK0001402436/SSNC/2013Q4/attempt_01_20260917003339093067.json,baaa371372dc09d506a1cc988ed1f1018cd4e42a2c701d945f0670df3a4bee6f,valid,"usable transcript passed structural, year, and identity checks",supported,distinctive company-name token found in opening transcript text,9d0f135811cbe6d7a26fb016e0c58c5f258053a827c7f1e1fc923ed7ca0241b8,,,,unresolved,
CIK0001413329,AVSFBA5D1AED84C9061,0001413329,Philip Morris International Inc,PM,NYSE,2111,manufacturing,2013Q4,us,VA,2008-03-17,2019-12-31,Alpha Vantage listing interval,resolved_cik,True,1,only eligible resolved security,2013|NYSE|manufacturing,1948,10,0.0051334702,194.8000000000,20260916,valid,pilot_live,1,artifacts/representative_coverage_pilot_v20260916/raw/CIK0001413329/PM/2013Q4/attempt_01_20260917003341097233.json,945229fc1ec98a23bedd10522aac0a6a5d9b7f96570aee5133f830ab88d0eeda,valid,"usable transcript passed structural, year, and identity checks",supported,distinctive company-name token found in opening transcript text,c17ce3a9dfb1687684febd634e2f25f3baff3521719ccfae891ce0666f5fee97,,,,unresolved,
CIK0001514991,AVS5DD114A6981940E8,0001514991,AMC Networks Inc - Class A,AMCX,NASDAQ,4841,transportation_communications_utilities,2013Q4,us,NV,2011-06-16,2019-12-31,Alpha Vantage listing interval,resolved_cik,True,1,only eligible resolved security,2013|NASDAQ|transportation_communications_utilities,475,3,0.0063157895,158.3333333333,20260916,valid,pilot_live,1,artifacts/representative_coverage_pilot_v20260916/raw/CIK0001514991/AMCX/2013Q4/attempt_01_20260917003347109585.json,00423183f6ac44ce60043849559e83f11e88ae45c03ea94faf02129be0434aa0,valid,"usable transcript passed structural, year, and identity checks",supported,distinctive company-name token found in opening transcript text,cc5ed88ef8d4b7d12e2d0cff58ae884a9a3d1b297433995b779e58806cde348e,,,,unresolved,
CIK0000008411,AVSDA98BA507BCE64FC,0000008411,Atwood Oceanics Inc,ATW,NYSE,1381,mining,2014Q1,us,TX,1984-09-07,2019-12-31,Alpha Vantage listing interval,resolved_cik,True,2,"ranked by active quarter-end evidence, exchange, and plain common-stock symbol",2014|NYSE|mining,457,2,0.0043763676,228.5000000000,20260916,terminal_provider_unavailability,pilot_live,3,artifacts/representative_coverage_pilot_v20260916/raw/CIK0000008411/ATW/2014Q1/attempt_03_20260917040100519842.json,ad3c08a2f7df7986744db4dbbad1eb1f0ba819c523c4ecbf81d926b6a6f55616,no_transcript,provider returned no usable transcript segments,not_applicable,,,,,,unresolved,
CIK0000043920,AVS2154BFE9BEC2AD4E,0000043920,Greif Inc - Class A,GEF,NYSE,3412,manufacturing,2014Q1,us,DE,1996-02-28,2019-12-31,Alpha Vantage listing interval,resolved_cik,True,2,"ranked by active quarter-end evidence, exchange, and plain common-stock symbol",2014|NYSE|manufacturing,2019,11,0.0054482417,183.5454545455,20260916,valid,pilot_live,1,artifacts/representative_coverage_pilot_v20260916/raw/CIK0000043920/GEF/2014Q1/attempt_01_20260917003353121553.json,ce6e30d5ac52519fc413556cb5e2eafa5e59f966b18d82cbbeb20ce03b9d6ccd,valid,"usable transcript passed structural, year, and identity checks",supported,distinctive company-name token found in opening transcript text,21ec88b71e1482128419b64999f20757114f0a886b53fdad8ee8372838be1719,,,,unresolved,
CIK0000049196,AVSA297B8F8B4302C3B,0000049196,Huntington Bancshares Inc,HBAN,NASDAQ,6021,finance_insurance_real_estate,2014Q1,us,MD,1990-03-26,2019-12-31,Alpha Vantage listing interval,resolved_cik,True,2,"ranked by active quarter-end evidence, exchange, and plain common-stock symbol",2014|NASDAQ|finance_insurance_real_estate,1893,10,0.0052826202,189.3000000000,20260916,valid,pilot_live,1,artifacts/representative_coverage_pilot_v20260916/raw/CIK0000049196/HBAN/2014Q1/attempt_01_20260917003355125820.json,2749aa4a5d488155bf8eda381806fcbb404724df625f1cb80059ff7e9c2a4904,valid,"usable transcript passed structural, year, and identity checks",supported,distinctive company-name token found in opening transcript text,6efdb55e377053dc7afecc2ddb4a9ea1c2da23f77ae28314ac049e341bb189de,,,2014-01-16,high,https://www.sec.gov/Archives/edgar/data/49196/000119312514012607/d657548dex991.htm
CIK0000079282,AVSE9D42BC285DF1CEA,0000079282,Brown & Brown Inc,BRO,NYSE,6411,finance_insurance_real_estate,2014Q1,us,FL,1992-03-03,2019-12-31,Alpha Vantage listing interval,resolved_cik,True,1,only eligible resolved security,2014|NYSE|finance_insurance_real_estate,1690,9,0.0053254438,187.7777777778,20260916,valid,pilot_live,1,artifacts/representative_coverage_pilot_v20260916/raw/CIK0000079282/BRO/2014Q1/attempt_01_20260917003357129605.json,43f061affc0dcfc235599f74dec1b478823c22a91c738b5d734d51e6faf15609,valid,"usable transcript passed structural, year, and identity checks",supported,distinctive company-name token found in opening transcript text,4f3670e478804f7b9750a094845b302c84c7c30018ce5718866dc0628e5c841e,,,2014-04-22,high,https://www.sec.gov/Archives/edgar/data/79282/000007928214000009/q1rel.htm
CIK0000091142,AVSD753153D52D62262,0000091142,A.O. Smith Corp,AOS,NYSE,3630,manufacturing,2014Q1,us,DE,1984-09-07,2019-12-31,Alpha Vantage listing interval,resolved_cik,True,1,only eligible resolved security,2014|NYSE|manufacturing,2019,11,0.0054482417,183.5454545455,20260916,valid,legacy_reuse,1,artifacts/earnings_call_responses/AOS_2014Q1.json,00a719d6e57fadacd8504c2090938543fff260be21c6f5a676e9cec1465d9169,valid full transcript,substantive segmented transcript without detected integrity flags,supported,distinctive company-name token found in opening transcript text,d0bd0586c641cf80ebcb52db383ec74c1ec743cc2fed08a2a6abdb547454d7fa,,,,unresolved,
CIK0000203248,AVS99BD9DF6F50097D9,0000203248,SOUTHERN UNION CO,SUG,NYSE,4922,transportation_communications_utilities,2014Q1,us,DE,2007-09-26,2019-12-31,Alpha Vantage listing interval,resolved_cik,False,1,only eligible resolved security,2014|NYSE|transportation_communications_utilities,712,4,0.0056179775,178.0000000000,20260916,terminal_provider_unavailability,pilot_live,2,artifacts/representative_coverage_pilot_v20260916/raw/CIK0000203248/SUG/2014Q1/attempt_02_20260917050140031571.json,6e6b7dd64d1ba820374f3f20dc3487fd9c7985762c0b5fab291e8369a389bcfe,no_transcript,provider returned no usable transcript segments,not_applicable,,,,,,unresolved,
CIK0000320017,AVSCB0546FE288EFC3E,0000320017,Lisata Therapeutics Inc,LSTA,NASDAQ,2834,manufacturing,2014Q1,us,DE,1999-03-01,2019-12-31,Alpha Vantage listing interval,resolved_cik,True,1,only eligible resolved security,2014|NASDAQ|manufacturing,3358,18,0.0053603335,186.5555555556,20260916,terminal_provider_unavailability,pilot_live,3,artifacts/representative_coverage_pilot_v20260916/raw/CIK0000320017/LSTA/2014Q1/attempt_03_20260917040102530261.json,c1055d6f9c9f72378eec95cad76efce6354997efebd7c8fefda8f70c6e505e41,no_transcript,provider returned no usable transcript segments,not_applicable,,,,,,unresolved,
CIK0000714256,AVS4C6CF3D293F16314,0000714256,Sanara MedTech Inc,SMTI,NASDAQ,3842,manufacturing,2014Q1,us,TX,2011-02-22,2019-12-31,Alpha Vantage listing interval,resolved_cik,True,1,only eligible resolved security,2014|NASDAQ|manufacturing,3358,18,0.0053603335,186.5555555556,20260916,terminal_provider_unavailability,pilot_live,2,artifacts/representative_coverage_pilot_v20260916/raw/CIK0000714256/SMTI/2014Q1/attempt_02_20260917050142036595.json,c0e3ddb992733c0a717bb9b46c2378f73ca26ad1bc652aa3399b515bd2fae9a6,no_transcript,provider returned no usable transcript segments,not_applicable,,,,,,unresolved,
CIK0000740260,AVS30C021380A2FD739,0000740260,Ventas Inc,VTR,NYSE,6798,finance_insurance_real_estate,2014Q1,us,DE,1997-05-05,2019-12-31,Alpha Vantage listing interval,resolved_cik,True,1,only eligible resolved security,2014|NYSE|finance_insurance_real_estate,1690,9,0.0053254438,187.7777777778,20260916,valid,pilot_live,1,artifacts/representative_coverage_pilot_v20260916/raw/CIK0000740260/VTR/2014Q1/attempt_01_20260917003401138158.json,764b49d942b0fcc4d9f88e2c913cb1fe64ad359b6b13af5091f5bfdc3878baaa,valid,"usable transcript passed structural, year, and identity checks",supported,distinctive company-name token found in opening transcript text,38d26885ad907836170b9381cf7a1d7cabb29eee1ff175ad8f0524f49c49c095,,,,unresolved,
CIK0000910073,AVSA8A26594C49D901D,0000910073,New York Community Bancorp Inc,FLG,NYSE,6036,finance_insurance_real_estate,2014Q1,us,,1993-11-23,2019-12-31,Alpha Vantage listing interval,resolved_cik,True,1,only eligible resolved security,2014|NYSE|finance_insurance_real_estate,1690,9,0.0053254438,187.7777777778,20260916,valid,pilot_live,1,artifacts/representative_coverage_pilot_v20260916/raw/CIK0000910073/FLG/2014Q1/attempt_01_20260917003403143200.json,575b6625c0adcafd479f355ddc840d30b174f867c10bcae1331c925a666dbbf0,valid,"usable transcript passed structural, year, and identity checks",supported,distinctive company-name token found in opening transcript text,0e3f6d31c45161f2cedb791d9b99559e94dae3cd5a4fccdfdccf6023f2229fa2,,,,unresolved,
CIK0000914156,AVS3EC885FD2A7D0DA3,0000914156,UFP Technologies Inc,UFPT,NASDAQ,3841,manufacturing,2014Q1,us,DE,1993-12-17,2019-12-31,Alpha Vantage listing interval,resolved_cik,True,1,only eligible resolved security,2014|NASDAQ|manufacturing,3358,18,0.0053603335,186.5555555556,20260916,terminal_provider_unavailability,pilot_live,3,artifacts/representative_coverage_pilot_v20260916/raw/CIK0000914156/UFPT/2014Q1/attempt_03_20260917040104533284.json,7bc82413edc2a7119d8d7637077073b45e1376e0a00dcdf45afc23c9fafa9b70,no_transcript,provider returned no usable transcript segments,not_applicable,,,,,,unresolved,
CIK0000933141,AVSA811644DDFCEF5CA,0000933141,IBERIABANK Corp,IBKC,NASDAQ,6022,finance_insurance_real_estate,2014Q1,us,LA,1995-04-10,2019-12-31,Alpha Vantage listing interval,resolved_cik,True,1,only eligible resolved security,2014|NASDAQ|finance_insurance_real_estate,1893,10,0.0052826202,189.3000000000,20260916,terminal_provider_unavailability,pilot_live,3,artifacts/representative_coverage_pilot_v20260916/raw/CIK0000933141/IBKC/2014Q1/attempt_03_20260917040106534295.json,4b62b6c1552816dc971a4176046064729e46ecf551d2b6c07abc7f012dddf9e4,no_transcript,provider returned no usable transcript segments,not_applicable,,,,,,unresolved,
CIK0001001250,AVS05CD0ECFFCF1F50B,0001001250,Estee Lauder Cos. Inc - Class A,EL,NYSE,2844,manufacturing,2014Q1,us,DE,1995-11-17,2019-12-31,Alpha Vantage listing interval,resolved_cik,True,1,only eligible resolved security,2014|NYSE|manufacturing,2019,11,0.0054482417,183.5454545455,20260916,valid,pilot_live,1,artifacts/representative_coverage_pilot_v20260916/raw/CIK0001001250/EL/2014Q1/attempt_01_20260917045757516342.json,9f4e87e13e0dd7bdad3fb3346990e77002d16bc535db0e388d10c3d3744cdf56,valid,"usable transcript passed structural, year, and identity checks",supported,distinctive company-name token found in opening transcript text,2f3039607956b3ee460b062aa054ebafd33a9840f9507ebdefbfe490c09767c2,,,2014-05-02,high,https://www.sec.gov/Archives/edgar/data/1001250/000110465914033815/0001104659-14-033815.txt
CIK0001029199,AVS407B66F10628CD82,0001029199,Euronet Worldwide Inc,EEFT,NASDAQ,6099,finance_insurance_real_estate,2014Q1,us,DE,1997-03-07,2019-12-31,Alpha Vantage listing interval,resolved_cik,True,1,only eligible resolved security,2014|NASDAQ|finance_insurance_real_estate,1893,10,0.0052826202,189.3000000000,20260916,valid,pilot_live,1,artifacts/representative_coverage_pilot_v20260916/raw/CIK0001029199/EEFT/2014Q1/attempt_01_20260917003409157789.json,9f8a065c4089efb5bf34c52b59874d947b103138002726352537820f9e01bdd3,valid,"usable transcript passed structural, year, and identity checks",supported,distinctive company-name token found in opening transcript text,4f2c1e6322ec6b9726a04af5679d4e1768c089e1b80fada45fe19b2762bf3d57,,,,unresolved,
CIK0001084869,AVS733F538C294F844D,0001084869,1-800 Flowers.com Inc - Class A,FLWS,NASDAQ,5990,retail_trade,2014Q1,us,DE,1999-08-03,2019-12-31,Alpha Vantage listing interval,resolved_cik,True,1,only eligible resolved security,2014|NASDAQ|retail_trade,421,2,0.0047505938,210.5000000000,20260916,valid,pilot_live,1,artifacts/representative_coverage_pilot_v20260916/raw/CIK0001084869/FLWS/2014Q1/attempt_01_20260917003413163852.json,6c92d576ae68866416c38cd2ce684673560a444a39dfab0b4314703abf4dfb1c,valid,"usable transcript passed structural, year, and identity checks",supported,distinctive company-name token found in opening transcript text,25accb0b8efd1f5f5288cd4b36b3e9cbd79edab2b55c977cf078f27803d2fcec,,,,unresolved,
CIK0001135185,AVS89CB4000EE6142B3,0001135185,Atlas Air Worldwide Holdings Inc,AAWW,NASDAQ,4522,transportation_communications_utilities,2014Q1,us,DE,2005-11-09,2019-12-31,Alpha Vantage listing interval,resolved_cik,True,1,only eligible resolved security,2014|NASDAQ|transportation_communications_utilities,487,3,0.0061601643,162.3333333333,20260916,terminal_provider_unavailability,pilot_live,3,artifacts/representative_coverage_pilot_v20260916/raw/CIK0001135185/AAWW/2014Q1/attempt_03_20260917040110549923.json,b30b26e1830b69a098dccf7a398a5d6fc09e4b7a1ff4b7126ed9d20d0e7cb6a8,no_transcript,provider returned no usable transcript segments,not_applicable,,,,,,unresolved,
CIK0002012706,AVS6079403518387AC2,0002012706,SLR Senior Investment Corp.,SUNS,NASDAQ,6798,finance_insurance_real_estate,2014Q1,us,MD,2011-02-25,2019-12-31,Alpha Vantage listing interval,resolved_cik,True,1,only eligible resolved security,2014|NASDAQ|finance_insurance_real_estate,1893,10,0.0052826202,189.3000000000,20260916,valid,pilot_live,1,artifacts/representative_coverage_pilot_v20260916/raw/CIK0002012706/SUNS/2014Q1/attempt_01_20260917003425188157.json,f441a556e5bb5267d24b41556bd69d83f7f510c557d947fe226dac934864033c,valid,"usable transcript passed structural, year, and identity checks",supported,distinctive company-name token found in opening transcript text,b764d4ec4cf11c32d2a0208b13a0d62f734e2395b628225f477cc4df7c40abba,,,,unresolved,
CIK0000059527,AVS738F49386A58A183,0000059527,Lincoln Electric Holdings Inc,LECO,NASDAQ,3540,manufacturing,2014Q2,us,OH,1995-06-13,2019-12-31,Alpha Vantage listing interval,resolved_cik,True,1,only eligible resolved security,2014|NASDAQ|manufacturing,3358,18,0.0053603335,186.5555555556,20260916,valid,pilot_live,1,artifacts/representative_coverage_pilot_v20260916/raw/CIK0000059527/LECO/2014Q2/attempt_01_20260917003427188637.json,4d6618cb89a5fd3176f9c1fdb995df91fc4b7dd6aa2d17cbfa8ead47d23c6b40,valid,"usable transcript passed structural, year, and identity checks",supported,distinctive company-name token found in opening transcript text,8b5693e6bb4ffba93762235086effec425990bd2e51e269c206d94d7639258f8,,,2014-07-28,high,https://www.sec.gov/Archives/edgar/data/59527/000005952714000020/exhibit991q22014.htm
CIK0000073290,AVS22DCA5A4EEE6FD72,0000073290,Biomerica Inc,BMRA,NASDAQ,2835,manufacturing,2014Q2,us,DE,2005-01-03,2019-12-31,Alpha Vantage listing interval,resolved_cik,True,1,only eligible resolved security,2014|NASDAQ|manufacturing,3358,18,0.0053603335,186.5555555556,20260916,terminal_provider_unavailability,pilot_live,2,artifacts/representative_coverage_pilot_v20260916/raw/CIK0000073290/BMRA/2014Q2/attempt_02_20260917050144041618.json,f6ffc7d9790b73fb7d99fb4e09d18d142d73a40b3bce86f274631ae0d55d3916,no_transcript,provider returned no usable transcript segments,not_applicable,,,,,,unresolved,
CIK0000077597,AVS32C6C7341DE1B70E,0000077597,Spartech Corp,SEH,NYSE,3080,manufacturing,2014Q2,us,DE,2006-12-28,2019-12-31,Alpha Vantage listing interval,resolved_cik,False,1,only eligible resolved security,2014|NYSE|manufacturing,2019,11,0.0054482417,183.5454545455,20260916,terminal_provider_unavailability,pilot_live,3,artifacts/representative_coverage_pilot_v20260916/raw/CIK0000077597/SEH/2014Q2/attempt_03_20260917040116577676.json,f88b6765438dbc30c2dc0d3d102eaf8c1e24fca115773f7ffb526e5eebfed4cc,no_transcript,provider returned no usable transcript segments,not_applicable,,,,,,unresolved,
CIK0000350698,AVS24531F76F46CAC10,0000350698,Autonation Inc,AN,NYSE,5500,retail_trade,2014Q2,us,DE,1992-03-03,2019-12-31,Alpha Vantage listing interval,resolved_cik,True,1,only eligible resolved security,2014|NYSE|retail_trade,347,2,0.0057636888,173.5000000000,20260916,valid,pilot_live,1,artifacts/representative_coverage_pilot_v20260916/raw/CIK0000350698/AN/2014Q2/attempt_01_20260917003431197391.json,ee5d73ed802ed4ed9472bd384da138200fa960cdde992ee5fc660027de10dc06,valid,"usable transcript passed structural, year, and identity checks",supported,distinctive company-name token found in opening transcript text,45d93b1e5a5a168511a746970cffca620532d8b4e0b49da17f52ed12623f617f,,,,unresolved,
CIK0000352541,AVS7FB0B2BACA079411,0000352541,Alliant Energy Corp,LNT,NASDAQ,4931,transportation_communications_utilities,2014Q2,us,WI,1988-01-05,2019-12-31,Alpha Vantage listing interval,resolved_cik,True,1,only eligible resolved security,2014|NASDAQ|transportation_communications_utilities,487,3,0.0061601643,162.3333333333,20260916,valid,pilot_live,1,artifacts/representative_coverage_pilot_v20260916/raw/CIK0000352541/LNT/2014Q2/attempt_01_20260917003433205474.json,100c9a66dcd15a171529d79e6ed57d536ca091c7e5179d1f3494f0356102cf73,valid,"usable transcript passed structural, year, and identity checks",supported,distinctive company-name token found in opening transcript text,94ede78c7419f9a5b0e367ff97f16e892025f568fa696a6ae68e46df01079818,,,,unresolved,
CIK0000704051,AVS9B0CDEBE00241244,0000704051,Legg Mason Inc,LM,NYSE,6282,finance_insurance_real_estate,2014Q2,us,MD,1987-11-05,2019-12-31,Alpha Vantage listing interval,resolved_cik,True,1,only eligible resolved security,2014|NYSE|finance_insurance_real_estate,1690,9,0.0053254438,187.7777777778,20260916,terminal_provider_unavailability,pilot_live,3,artifacts/representative_coverage_pilot_v20260916/raw/CIK0000704051/LM/2014Q2/attempt_03_20260917040118587724.json,c1fec9581e9fd44f524ebbc12c0536c04d86f63b20c81cd2736946140dc8e6ab,no_transcript,provider returned no usable transcript segments,not_applicable,,,,,,unresolved,
CIK0000814547,AVS337F56F9DD01E09B,0000814547,Fair Isaac Corp,FICO,NYSE,7389,services,2014Q2,us,DE,1992-02-25,2019-12-31,Alpha Vantage listing interval,resolved_cik,True,1,only eligible resolved security,2014|NYSE|services,821,4,0.0048721072,205.2500000000,20260916,valid,pilot_live,1,artifacts/representative_coverage_pilot_v20260916/raw/CIK0000814547/FICO/2014Q2/attempt_01_20260917003437212990.json,c88f6a859445627452b779d018785316a761e4779a09e5cf18516eeca2f0f067,valid,"usable transcript passed structural, year, and identity checks",supported,distinctive company-name token found in opening transcript text,72cd83ace0932d4561d383e4dfc7fe85a1c857a1ca38e6b75389e612c01547c6,,,2015-04-24,high,https://www.sec.gov/Archives/edgar/data/814547/000114420414024583/v375786_ex99-1.htm
CIK0000858803,AVS6DE6DB0AAF35461E,0000858803,Avanir Pharmaceuticals Inc,AVNR,NASDAQ,2834,manufacturing,2014Q2,us,DE,1990-05-08,2019-12-31,Alpha Vantage listing interval,resolved_cik,True,2,"ranked by active quarter-end evidence, exchange, and plain common-stock symbol",2014|NASDAQ|manufacturing,3358,18,0.0053603335,186.5555555556,20260916,terminal_provider_unavailability,pilot_live,3,artifacts/representative_coverage_pilot_v20260916/raw/CIK0000858803/AVNR/2014Q2/attempt_03_20260917040120597771.json,c97f4f9e4119a8ea76ed52fecfec3ecc051d090f5ad469dfe71697646ae189ae,no_transcript,provider returned no usable transcript segments,not_applicable,,,,,,unresolved,
CIK0001002811,AVSD4B948C7174DA4A1,0001002811,Kensey Nash Corp,KNSY,NASDAQ,3841,manufacturing,2014Q2,us,DE,2012-04-26,2019-12-31,Alpha Vantage listing interval,resolved_cik,False,1,only eligible resolved security,2014|NASDAQ|manufacturing,3358,18,0.0053603335,186.5555555556,20260916,terminal_provider_unavailability,pilot_live,3,artifacts/representative_coverage_pilot_v20260916/raw/CIK0001002811/KNSY/2014Q2/attempt_03_20260917040124612376.json,365df0669581d36dcfb156c15cd3572ed94e44405369824a910fa54d7472776d,no_transcript,provider returned no usable transcript segments,not_applicable,,,,,,unresolved,
CIK0001053352,AVS765BD9BE04B0E194,0001053352,Heritage Commerce Corp,HTBK,NASDAQ,6022,finance_insurance_real_estate,2014Q2,us,CA,1998-07-20,2019-12-31,Alpha Vantage listing interval,resolved_cik,True,1,only eligible resolved security,2014|NASDAQ|finance_insurance_real_estate,1893,10,0.0052826202,189.3000000000,20260916,terminal_provider_unavailability,pilot_live,3,artifacts/representative_coverage_pilot_v20260916/raw/CIK0001053352/HTBK/2014Q2/attempt_03_20260917040126616169.json,6b52519372b3deb46421cecb10972211a2dfe84bf2a7dd772784f63c8e9860d6,no_transcript,provider returned no usable transcript segments,not_applicable,,,,,,unresolved,
CIK0001318484,AVS9060D3A09652D727,0001318484,Citi Trends Inc,CTRN,NASDAQ,5600,retail_trade,2014Q2,us,DE,2005-05-18,2019-12-31,Alpha Vantage listing interval,resolved_cik,True,1,only eligible resolved security,2014|NASDAQ|retail_trade,421,2,0.0047505938,210.5000000000,20260916,valid,pilot_live,1,artifacts/representative_coverage_pilot_v20260916/raw/CIK0001318484/CTRN/2014Q2/attempt_01_20260917003451242973.json,8b5b318a428b70c56ec0048d49abe37d2cf21cd913e127e626be07bee054adb2,valid,"usable transcript passed structural, year, and identity checks",supported,distinctive company-name token found in opening transcript text,66a7229b02f7bb68ef7ff17273908a612eaa949f4263de60ae090cf6e4beff91,,,,unresolved,
CIK0001527166,AVS28F89E85B71A987A,0001527166,Carlyle Group Inc (The),CG,NASDAQ,6282,finance_insurance_real_estate,2014Q2,us,DE,2012-05-03,2019-12-31,Alpha Vantage listing interval,resolved_cik,True,1,only eligible resolved security,2014|NASDAQ|finance_insurance_real_estate,1893,10,0.0052826202,189.3000000000,20260916,valid,pilot_live,1,artifacts/representative_coverage_pilot_v20260916/raw/CIK0001527166/CG/2014Q2/attempt_01_20260917003455250930.json,a38702803a0b99294fff0ca0f7504701cf218cfad3b6e4dbe9f0bfa78b569db2,valid,"usable transcript passed structural, year, and identity checks",supported,distinctive company-name token found in opening transcript text,12b35f825201fe0c10ba12885dfbe1bdd4bb4ff5e0554e0cd0ae1d18726b13de,,,,unresolved,
CIK0000014272,AVS0763579394D5463B,0000014272,Bristol-Myers Squibb Company,BMY,NYSE,2834,manufacturing,2014Q3,us,DE,1972-06-01,2019-12-31,Alpha Vantage listing interval,resolved_cik,True,1,only eligible resolved security,2014|NYSE|manufacturing,2019,11,0.0054482417,183.5454545455,20260916,valid,pilot_live,2,artifacts/representative_coverage_pilot_v20260916/raw/CIK0000014272/BMY/2014Q3/attempt_02_20260917003501264081.json,d7c0276ca007a1b2cd0e66880c169ce35c2d3038400fe741aef5aee28f81639c,valid,"usable transcript passed structural, year, and identity checks",supported,distinctive company-name token found in opening transcript text,4983d391e83bdc0a3bf3954469d345ac1f55bdce10574b97674f4594ac65fee8,,,,unresolved,
CIK0000094049,AVS086897550EB0127F,0000094049,Stepan Company,SCL,NYSE,2840,manufacturing,2014Q3,us,DE,1992-03-17,2019-12-31,Alpha Vantage listing interval,resolved_cik,True,1,only eligible resolved security,2014|NYSE|manufacturing,2019,11,0.0054482417,183.5454545455,20260916,valid,pilot_live,1,artifacts/representative_coverage_pilot_v20260916/raw/CIK0000094049/SCL/2014Q3/attempt_01_20260917045801526301.json,11924b76938de57ee3f63620fecc077270b4af9af3aa1ed1196cde58837f465a,valid,"usable transcript passed structural, year, and identity checks",supported,distinctive company-name token found in opening transcript text,e04c15c902d1e648ee658f8b0448e7ebaeb1c4d74c79daf9dea78aad4d4be382,,,2014-10-22,high,https://www.sec.gov/Archives/edgar/data/94049/000118143114034633/0001181431-14-034633.txt
CIK0000354647,AVS44BF29A9085EE796,0000354647,CVB Financial Corp,CVBF,NASDAQ,6022,finance_insurance_real_estate,2014Q3,us,CA,1992-03-17,2019-12-31,Alpha Vantage listing interval,resolved_cik,True,1,only eligible resolved security,2014|NASDAQ|finance_insurance_real_estate,1893,10,0.0052826202,189.3000000000,20260916,valid,pilot_live,1,artifacts/representative_coverage_pilot_v20260916/raw/CIK0000354647/CVBF/2014Q3/attempt_01_20260917003503267024.json,ba416209446a1856cbd79d8504594af6830872217663f8d7be5fbfec291d7945,valid,"usable transcript passed structural, year, and identity checks",supported,distinctive company-name token found in opening transcript text,69f156dc06da79967b7517add0677e428643e73733dd5e69b1a6335d33802f18,,,,unresolved,
CIK0000790526,AVS17A29396CB5ACF66,0000790526,Radnet Inc,RDNT,NASDAQ,8071,services,2014Q3,us,DE,1997-01-03,2019-12-31,Alpha Vantage listing interval,resolved_cik,True,1,only eligible resolved security,2014|NASDAQ|services,1401,7,0.0049964311,200.1428571429,20260916,valid,pilot_live,1,artifacts/representative_coverage_pilot_v20260916/raw/CIK0000790526/RDNT/2014Q3/attempt_01_20260917003505271380.json,240ae4923f291827b35296f61436bed19d5789403e7208b2b22ff180aa70d520,valid,"usable transcript passed structural, year, and identity checks",supported,distinctive company-name token found in opening transcript text,249bb9d6f7178a82f2db3b1dd8a55d016d2b47693db98af1b03452f993cdc41e,,,2014-11-06,high,https://www.sec.gov/Archives/edgar/data/790526/000101968714004097/radnet_8k-ex9901.htm
CIK0000803647,AVSACB77C098752B7DA,0000803647,Versar Inc,VSR,NYSE,8711,services,2014Q3,us,DE,1992-03-17,2019-12-31,Alpha Vantage listing interval,resolved_cik,True,2,"ranked by active quarter-end evidence, exchange, and plain common-stock symbol",2014|NYSE|services,821,4,0.0048721072,205.2500000000,20260916,terminal_provider_unavailability,pilot_live,3,artifacts/representative_coverage_pilot_v20260916/raw/CIK0000803647/VSR/2014Q3/attempt_03_20260917040130633243.json,9c8aaf32e6c6b22a04e8e44e5357f025b4a36f2cf29e8924c0b9538bcbe6ff88,no_transcript,provider returned no usable transcript segments,not_applicable,,,,,,unresolved,
CIK0000937556,AVS67434852C0FFC848,0000937556,Masimo Corp,MASI,NASDAQ,3845,manufacturing,2014Q3,us,DE,2007-08-08,2019-12-31,Alpha Vantage listing interval,resolved_cik,True,1,only eligible resolved security,2014|NASDAQ|manufacturing,3358,18,0.0053603335,186.5555555556,20260916,valid,pilot_live,1,artifacts/representative_coverage_pilot_v20260916/raw/CIK0000937556/MASI/2014Q3/attempt_01_20260917003509278566.json,f9e203a30c5804f401de14bf2ba51bc771b35240f0f2b5b6c2dc60324b06995d,valid,"usable transcript passed structural, year, and identity checks",supported,distinctive company-name token found in opening transcript text,ef686bd9189fa93aba54ad23b7d180889e35fbaf629547d4144532f22a656a70,,,2014-11-21,high,https://www.sec.gov/Archives/edgar/data/937556/000093755614000136/masi-2014x1029xex991.htm
CIK0001035748,AVSB18EF4868DA937E2,0001035748,Callidus Software Inc,CALD,NASDAQ,7371,services,2014Q3,us,DE,2003-11-20,2019-12-31,Alpha Vantage listing interval,resolved_cik,True,2,"ranked by active quarter-end evidence, exchange, and plain common-stock symbol",2014|NASDAQ|services,1401,7,0.0049964311,200.1428571429,20260916,terminal_provider_unavailability,pilot_live,3,artifacts/representative_coverage_pilot_v20260916/raw/CIK0001035748/CALD/2014Q3/attempt_03_20260917040132643460.json,d8cac2275c42cdd8b4dc92a40249575aa6fffdd2a1f755c3f366e151c7c7ef86,no_transcript,provider returned no usable transcript segments,not_applicable,,,,,,unresolved,
CIK0001037676,AVS95FB02817330A6BE,0001037676,Arch Coal Inc,ACI,NYSE,1221,mining,2014Q3,us,DE,1988-08-12,2019-12-31,Alpha Vantage listing interval,resolved_cik,True,1,only eligible resolved security,2014|NYSE|mining,457,2,0.0043763676,228.5000000000,20260916,terminal_provider_unavailability,pilot_live,2,artifacts/representative_coverage_pilot_v20260916/raw/CIK0001037676/ACI/2014Q3/attempt_02_20260917041831929022.json,0b227cbe62127cf9c4e6fa50665015a588706aba011c525cd07ed18adf5cdbbb,no_transcript,provider returned no usable transcript segments,not_applicable,,,,,,unresolved,
CIK0001043000,AVS0B5EF118391CFAEB,0001043000,Sonida Senior Living Inc,SNDA,NYSE,8050,services,2014Q3,us,DE,1997-10-31,2019-12-31,Alpha Vantage listing interval,resolved_cik,True,1,only eligible resolved security,2014|NYSE|services,821,4,0.0048721072,205.2500000000,20260916,valid,pilot_live,1,artifacts/representative_coverage_pilot_v20260916/raw/CIK0001043000/SNDA/2014Q3/attempt_01_20260917003513285502.json,8a408dbefefe563d0a96fee5951e4e811debffe75660176c08afda0194898389,valid,"usable transcript passed structural, year, and identity checks",supported,distinctive company-name token found in opening transcript text,5e8991ee565da55bc326b362bc94eac3e5493de346218fa14cda8ac36a039d5a,,,,unresolved,
CIK0001056943,AVS446F3CCD41027826,0001056943,Peoples Financial Services Corp,PFIS,NASDAQ,6021,finance_insurance_real_estate,2014Q3,us,PA,2002-06-05,2019-12-31,Alpha Vantage listing interval,resolved_cik,True,1,only eligible resolved security,2014|NASDAQ|finance_insurance_real_estate,1893,10,0.0052826202,189.3000000000,20260916,terminal_provider_unavailability,pilot_live,3,artifacts/representative_coverage_pilot_v20260916/raw/CIK0001056943/PFIS/2014Q3/attempt_03_20260917040134650878.json,5a9fb2ad9e717d2bcf6b9055335ada8a64603f1abe3206c7f4266711a33cfe5a,no_transcript,provider returned no usable transcript segments,not_applicable,,,,,,unresolved,
CIK0001080014,AVS0558FAF2F4581A54,0001080014,Innoviva Inc,INVA,NASDAQ,2834,manufacturing,2014Q3,us,DE,2004-10-05,2019-12-31,Alpha Vantage listing interval,resolved_cik,True,3,"ranked by active quarter-end evidence, exchange, and plain common-stock symbol",2014|NASDAQ|manufacturing,3358,18,0.0053603335,186.5555555556,20260916,valid,pilot_live,1,artifacts/representative_coverage_pilot_v20260916/raw/CIK0001080014/INVA/2014Q3/attempt_01_20260917003517288575.json,3f33c6d9c0302c66aac3291684628c176b293ceb50e6ec07c74481017142465b,valid,"usable transcript passed structural, year, and identity checks",manual_review,no distinctive company-name token found in opening transcript text,76d92c1721db7dc16637a87bbba5e0c985038b79500f20cb8b92a1b0e232d814,,,,unresolved,
CIK0001127703,AVSDDAF7509E5E54B12,0001127703,Proassurance Corporation,PRA,NYSE,6331,finance_insurance_real_estate,2014Q3,us,DE,1991-09-04,2019-12-31,Alpha Vantage listing interval,resolved_cik,True,1,only eligible resolved security,2014|NYSE|finance_insurance_real_estate,1690,9,0.0053254438,187.7777777778,20260916,valid,pilot_live,1,artifacts/representative_coverage_pilot_v20260916/raw/CIK0001127703/PRA/2014Q3/attempt_01_20260917041509338291.json,2c6b0f1b0cb68b2b973a1b2711a3a011a06b226488cff729a3c6c335b9199462,valid,"usable transcript passed structural, year, and identity checks",supported,distinctive company-name token found in opening transcript text,418f3b0d6c56a32421646f7d47443211cb059b4b65295a6a68cc6393bc57cb59,,,,unresolved,
CIK0001173204,AVS187938A2D82BA9BB,0001173204,Cineverse Corp - Class A,CNVS,NASDAQ,7841,services,2014Q3,us,DE,2003-11-10,2019-12-31,Alpha Vantage listing interval,resolved_cik,True,1,only eligible resolved security,2014|NASDAQ|services,1401,7,0.0049964311,200.1428571429,20260916,terminal_provider_unavailability,pilot_live,3,artifacts/representative_coverage_pilot_v20260916/raw/CIK0001173204/CNVS/2014Q3/attempt_03_20260917040138666773.json,3a49f01961edc8aefdc35e5182a77b557b5396c8a25c0a49eba311e04617e256,no_transcript,provider returned no usable transcript segments,not_applicable,,,,,,unresolved,
CIK0001213037,AVSA8E5C7FA7FB89228,0001213037,Cardiff Oncology Inc,CRDF,NASDAQ,2836,manufacturing,2014Q3,us,DE,2004-07-27,2019-12-31,Alpha Vantage listing interval,resolved_cik,True,3,"ranked by active quarter-end evidence, exchange, and plain common-stock symbol",2014|NASDAQ|manufacturing,3358,18,0.0053603335,186.5555555556,20260916,terminal_provider_unavailability,pilot_live,3,artifacts/representative_coverage_pilot_v20260916/raw/CIK0001213037/CRDF/2014Q3/attempt_03_20260917040140678164.json,cd63370f8ac8b70564cd5d3fe3ec88a395afa85795d7b9e0957a979d6d088d44,no_transcript,provider returned no usable transcript segments,not_applicable,,,,,,unresolved,
CIK0001237746,AVS33057CAD91A79DF3,0001237746,Endurance International Group Holdings Inc,EIGI,NASDAQ,7372,services,2014Q3,us,DE,2013-10-25,2019-12-31,Alpha Vantage listing interval,resolved_cik,True,1,only eligible resolved security,2014|NASDAQ|services,1401,7,0.0049964311,200.1428571429,20260916,terminal_provider_unavailability,pilot_live,3,artifacts/representative_coverage_pilot_v20260916/raw/CIK0001237746/EIGI/2014Q3/attempt_03_20260917040142684302.json,531dc6ff9a8340c38fe0abaeb80aa4a767fc5a4786da27f3dae1ee7a7f291642,no_transcript,provider returned no usable transcript segments,not_applicable,,,,,,unresolved,
CIK0001311370,AVS82881ECB9CF76DD3,0001311370,Lazard Ltd - Class A,LAZ,NYSE,6282,finance_insurance_real_estate,2014Q3,us,DE,2005-05-05,2019-12-31,Alpha Vantage listing interval,resolved_cik,True,1,only eligible resolved security,2014|NYSE|finance_insurance_real_estate,1690,9,0.0053254438,187.7777777778,20260916,valid,pilot_live,1,artifacts/representative_coverage_pilot_v20260916/raw/CIK0001311370/LAZ/2014Q3/attempt_01_20260917045803531346.json,9bab472c965c1b07945665e2280ef1bb8a5ab630d49c2fd9241e8f95a18ca276,valid,"usable transcript passed structural, year, and identity checks",supported,distinctive company-name token found in opening transcript text,fbdcdbdb2eec7859f21b07d5ea52ecbf0a0359df3009a0956c06d7c874e0350c,,,,unresolved,
CIK0001319229,AVSDD33E55E176B5CD5,0001319229,TransMontaigne Partners LP,TLP,NYSE,4610,transportation_communications_utilities,2014Q3,us,DE,2005-05-25,2019-12-31,Alpha Vantage listing interval,resolved_cik,True,2,"ranked by active quarter-end evidence, exchange, and plain common-stock symbol",2014|NYSE|transportation_communications_utilities,712,4,0.0056179775,178.0000000000,20260916,terminal_provider_unavailability,pilot_live,2,artifacts/representative_coverage_pilot_v20260916/raw/CIK0001319229/TLP/2014Q3/attempt_02_20260917041833934055.json,f48a0d05277203b3e1c9f3fa006e71a4a562cee663d2b2be2419dae56e9aa57c,no_transcript,provider returned no usable transcript segments,not_applicable,,,,,,unresolved,
CIK0001333170,AVS707CC9DFDF8D2D9E,0001333170,NxStage Medical Inc,NXTM,NASDAQ,3845,manufacturing,2014Q3,us,DE,2005-10-27,2019-12-31,Alpha Vantage listing interval,resolved_cik,True,2,"ranked by active quarter-end evidence, exchange, and plain common-stock symbol",2014|NASDAQ|manufacturing,3358,18,0.0053603335,186.5555555556,20260916,terminal_provider_unavailability,pilot_live,3,artifacts/representative_coverage_pilot_v20260916/raw/CIK0001333170/NXTM/2014Q3/attempt_03_20260917040144694372.json,cb6b6e13ee68eaa5ce31064c0f2f15d5de3f3274e423758aea371ad6b8bec5f8,no_transcript,provider returned no usable transcript segments,not_applicable,,,,,,unresolved,
CIK0001384905,AVS66AC73CE90D4A2CC,0001384905,RingCentral Inc - Class A,RNG,NYSE,7374,services,2014Q3,us,,2013-09-27,2019-12-31,Alpha Vantage listing interval,resolved_cik,True,1,only eligible resolved security,2014|NYSE|services,821,4,0.0048721072,205.2500000000,20260916,valid,pilot_live,1,artifacts/representative_coverage_pilot_v20260916/raw/CIK0001384905/RNG/2014Q3/attempt_01_20260917003529337851.json,011140b15d32b3051d656bfd27a7a1a9c3445a73281cadaa53b34eb4ca952a4d,valid,"usable transcript passed structural, year, and identity checks",supported,distinctive company-name token found in opening transcript text,8495d5f7fa97c67c37db7f720ba32bc388541f5e51f74931d34928ce8c65fabe,,,,unresolved,
CIK0001487918,AVSE4579EA08F2F1D2C,0001487918,OFS Capital Corp,OFS,NASDAQ,,unknown,2014Q3,us,,2012-11-08,2019-12-31,Alpha Vantage listing interval,resolved_cik,True,1,only eligible resolved security,2014|NASDAQ|unknown,131,1,0.0076335878,131.0000000000,20260916,valid,pilot_live,1,artifacts/representative_coverage_pilot_v20260916/raw/CIK0001487918/OFS/2014Q3/attempt_01_20260917003533344133.json,b5cc933f1e60b4bd2faa7b116d834de84e94c79ee501579601fbc110e979f499,valid,"usable transcript passed structural, year, and identity checks",supported,distinctive company-name token found in opening transcript text,6f2daf59e3395603ac1d2d5dc763141bcc5144b849b134688773043a0aab0d4c,,,,unresolved,
CIK0001538263,AVS5E1299F7BA988E7D,0001538263,HomeTrust Bancshares Inc,HTB,NYSE,6035,finance_insurance_real_estate,2014Q3,us,MD,2012-07-11,2019-12-31,Alpha Vantage listing interval,resolved_cik,True,1,only eligible resolved security,2014|NYSE|finance_insurance_real_estate,1690,9,0.0053254438,187.7777777778,20260916,terminal_provider_unavailability,pilot_live,2,artifacts/representative_coverage_pilot_v20260916/raw/CIK0001538263/HTB/2014Q3/attempt_02_20260917041837944107.json,a3b8ccf96ec0e29c1a9fd9e088fc5573b9fc3b8e9e613ad2c297c1cf41f95d91,no_transcript,provider returned no usable transcript segments,not_applicable,,,,,,unresolved,
CIK0001599222,AVSDD923C63090D2ADC,0001599222,Memorial Resource Development Corp,MRD,NASDAQ,1311,mining,2014Q3,us,DE,2014-06-12,2019-12-31,Alpha Vantage listing interval,resolved_cik,True,2,"ranked by active quarter-end evidence, exchange, and plain common-stock symbol",2014|NASDAQ|mining,201,1,0.0049751244,201.0000000000,20260916,terminal_provider_unavailability,pilot_live,2,artifacts/representative_coverage_pilot_v20260916/raw/CIK0001599222/MRD/2014Q3/attempt_02_20260917050146046649.json,a43e7749fc7295b9c7249e42fe80190e07e6787e77ca4f7f89b0635a7870e067,no_transcript,provider returned no usable transcript segments,not_applicable,,,,,,unresolved,
CIK0000037472,AVSC5CAED57C4E4C331,0000037472,Flexsteel Industries Inc,FLXS,NASDAQ,2510,manufacturing,2014Q4,us,MN,1992-02-25,2019-12-31,Alpha Vantage listing interval,resolved_cik,True,1,only eligible resolved security,2014|NASDAQ|manufacturing,3358,18,0.0053603335,186.5555555556,20260916,valid,pilot_live,1,artifacts/representative_coverage_pilot_v20260916/raw/CIK0000037472/FLXS/2014Q4/attempt_01_20260917003541360723.json,a002b70a282658e36250f36d25c2dbeaaf3e694c128bc61d754ed87c11dd4cc4,valid,"usable transcript passed structural, year, and identity checks",supported,distinctive company-name token found in opening transcript text,d8fa90372d46661d4d86df1d51819a00934099131271d476e1cdfee61b1ea60c,,,,unresolved,
CIK0000069488,AVSE9B485F82259F8FC,0000069488,Myers Industries Inc,MYE,NYSE,3089,manufacturing,2014Q4,us,OH,1987-09-08,2019-12-31,Alpha Vantage listing interval,resolved_cik,True,1,only eligible resolved security,2014|NYSE|manufacturing,2019,11,0.0054482417,183.5454545455,20260916,valid,pilot_live,2,artifacts/representative_coverage_pilot_v20260916/raw/CIK0000069488/MYE/2014Q4/attempt_02_20260917045807537170.json,4c4b434348e010bc87bc87148763383198d3588d3ed9eca3ee74eacc8d88edc7,valid,"usable transcript passed structural, year, and identity checks",supported,distinctive company-name token found in opening transcript text,ceb448e96b20141deeb302ee1cd391c5a1974136e61d6786d2717a07e34ffb98,,,2015-02-25,high,https://www.sec.gov/Archives/edgar/data/69488/000119312515061382/d881084d8k.htm
CIK0000105319,AVS88F7845DC4A52BC7,0000105319,WW International Inc,WW,NASDAQ,7200,services,2014Q4,us,VA,2001-11-15,2019-12-31,Alpha Vantage listing interval,resolved_cik,True,1,only eligible resolved security,2014|NASDAQ|services,1401,7,0.0049964311,200.1428571429,20260916,valid,pilot_live,1,artifacts/representative_coverage_pilot_v20260916/raw/CIK0000105319/WW/2014Q4/attempt_01_20260917003543361959.json,36f5103e0706fa00aecf4eac704f98bc79a8fcbeceaf4dcbdbfe4f2374f94a7d,valid,"usable transcript passed structural, year, and identity checks",manual_review,no distinctive company-name token found in opening transcript text,4e44f4d365559a836ecf93170e66e75357dbb2b12c14e39f9549aa5d0d83ff52,,,,unresolved,
CIK0000706129,AVS87DBC124ED311DE5,0000706129,Horizon Bancorp Inc (IN),HBNC,NASDAQ,6022,finance_insurance_real_estate,2014Q4,us,IN,2001-12-17,2019-12-31,Alpha Vantage listing interval,resolved_cik,True,1,only eligible resolved security,2014|NASDAQ|finance_insurance_real_estate,1893,10,0.0052826202,189.3000000000,20260916,terminal_provider_unavailability,pilot_live,3,artifacts/representative_coverage_pilot_v20260916/raw/CIK0000706129/HBNC/2014Q4/attempt_03_20260917040148712269.json,8bef18b24e9afa22d037a3fbd57687342b7986824f3864883225698b7fb420ea,no_transcript,provider returned no usable transcript segments,not_applicable,,,,,,unresolved,
CIK0000718937,AVS9962C37458405A5F,0000718937,Staar Surgical Company,STAA,NASDAQ,3851,manufacturing,2014Q4,us,DE,1992-03-02,2019-12-31,Alpha Vantage listing interval,resolved_cik,True,1,only eligible resolved security,2014|NASDAQ|manufacturing,3358,18,0.0053603335,186.5555555556,20260916,valid,legacy_reuse,1,artifacts/earnings_call_responses/STAA_2014Q4.json,779664fae704a76e862305c2d0016d08d02267ddbac3cee90f51ddbc0d8467b1,valid full transcript,substantive segmented transcript without detected integrity flags,supported,distinctive company-name token found in opening transcript text,e5bf9464659b9d64f1beccd37e341edfc92fc264a4e73b6030a3fa230e104c81,,,,unresolved,
CIK0000790051,AVS37BB89A02AC49956,0000790051,Carlisle Companies Inc,CSL,NYSE,3060,manufacturing,2014Q4,us,DE,1987-11-05,2019-12-31,Alpha Vantage listing interval,resolved_cik,True,1,only eligible resolved security,2014|NYSE|manufacturing,2019,11,0.0054482417,183.5454545455,20260916,valid,pilot_live,1,artifacts/representative_coverage_pilot_v20260916/raw/CIK0000790051/CSL/2014Q4/attempt_01_20260917003547371307.json,2a4f2758dd922c4ed67c5d6591290431b4841931216e7a72dbac841d4584ca3c,valid,"usable transcript passed structural, year, and identity checks",supported,distinctive company-name token found in opening transcript text,d4c5e7169291563a63010c238717057236ed1245b47b0d0f03acfcc85ee708ed,,,,unresolved,
CIK0000817979,AVS57825083AAD9E8D8,0000817979,Accuride Corp,ACW,NYSE,3714,manufacturing,2014Q4,us,DE,2010-03-03,2019-12-31,Alpha Vantage listing interval,resolved_cik,True,2,"ranked by active quarter-end evidence, exchange, and plain common-stock symbol",2014|NYSE|manufacturing,2019,11,0.0054482417,183.5454545455,20260916,terminal_provider_unavailability,pilot_live,3,artifacts/representative_coverage_pilot_v20260916/raw/CIK0000817979/ACW/2014Q4/attempt_03_20260917040150720311.json,e65523345ca552fc0bcd32e1c471a5f1c134928ebfc33bcce440c793cd96cf69,no_transcript,provider returned no usable transcript segments,not_applicable,,,,,,unresolved,
CIK0000918965,AVSBB6347344E526512,0000918965,Scansource Inc,SCSC,NASDAQ,5045,wholesale_trade,2014Q4,us,,1994-03-18,2019-12-31,Alpha Vantage listing interval,resolved_cik,True,1,only eligible resolved security,2014|NASDAQ|wholesale_trade,187,1,0.0053475936,187.0000000000,20260916,valid,pilot_live,1,artifacts/representative_coverage_pilot_v20260916/raw/CIK0000918965/SCSC/2014Q4/attempt_01_20260917003551376500.json,3df49ae29601ec209018d3dc2ea67c32ab98120999c354d124cb50b75d26542d,valid,"usable transcript passed structural, year, and identity checks",supported,distinctive company-name token found in opening transcript text,36d5c86fb306cd361556d1348327dcee7e7ec91204f53540512b1125bd4a2fcc,,,,unresolved,
CIK0000922863,AVS528B249E4C34047B,0000922863,Quality Distribution Inc,QLTY,NASDAQ,4213,transportation_communications_utilities,2014Q4,us,FL,2003-11-07,2019-12-31,Alpha Vantage listing interval,resolved_cik,True,1,only eligible resolved security,2014|NASDAQ|transportation_communications_utilities,487,3,0.0061601643,162.3333333333,20260916,terminal_provider_unavailability,pilot_live,3,artifacts/representative_coverage_pilot_v20260916/raw/CIK0000922863/QLTY/2014Q4/attempt_03_20260917040152728460.json,ff5dd15830bcc11af504a4315963fa3291c2403acb1059117bff45fc6422e33e,no_transcript,provider returned no usable transcript segments,not_applicable,,,,,,unresolved,
CIK0001015739,AVS460D75B7FF53FBC1,0001015739,Aware Inc,AWRE,NASDAQ,7372,services,2014Q4,us,MA,1996-11-19,2019-12-31,Alpha Vantage listing interval,resolved_cik,True,1,only eligible resolved security,2014|NASDAQ|services,1401,7,0.0049964311,200.1428571429,20260916,terminal_provider_unavailability,pilot_live,3,artifacts/representative_coverage_pilot_v20260916/raw/CIK0001015739/AWRE/2014Q4/attempt_03_20260917040154733569.json,60a34beefe663bd9bdc873207f331c16932e3bb4a87f76949702ae7631923208,no_transcript,provider returned no usable transcript segments,not_applicable,,,,,,unresolved,
CIK0001024478,AVS840DFEF2443F1178,0001024478,Rockwell Automation Inc,ROK,NYSE,3829,manufacturing,2014Q4,us,DE,1981-12-31,2019-12-31,Alpha Vantage listing interval,resolved_cik,True,1,only eligible resolved security,2014|NYSE|manufacturing,2019,11,0.0054482417,183.5454545455,20260916,valid,legacy_reuse,1,artifacts/earnings_call_responses/ROK_2014Q4.json,d7dec92680562dd4b3b5d3d39a2a77a5da39ccb2d16e1e95030b4de0d838a087,valid full transcript,substantive segmented transcript without detected integrity flags,supported,distinctive company-name token found in opening transcript text,5dbb20c9421a695168a34caac60057b3b7f1055777ce05267dfaaf6b07cfb10a,,,2014-11-12,high,https://www.sec.gov/Archives/edgar/data/1024478/000102447814000028/0001024478-14-000028.txt
CIK0001042776,AVSA7B628B14C3305CD,0001042776,Piedmont Office Realty Trust Inc - Class A,PDM,NYSE,6512,finance_insurance_real_estate,2014Q4,us,MD,2010-02-10,2019-12-31,Alpha Vantage listing interval,resolved_cik,True,1,only eligible resolved security,2014|NYSE|finance_insurance_real_estate,1690,9,0.0053254438,187.7777777778,20260916,valid,pilot_live,1,artifacts/representative_coverage_pilot_v20260916/raw/CIK0001042776/PDM/2014Q4/attempt_01_20260917041521362327.json,c0c9f8e7414623902c822dfd0dc30cc7fa410d2bc2dea4e444837d12cd10175a,valid,"usable transcript passed structural, year, and identity checks",supported,distinctive company-name token found in opening transcript text,1d8f30940fe5210d9f6cb28b3375733e32b51131ca79fa5b7877504cb81176fc,,,,unresolved,
CIK0001058090,AVSB7BAB708126056DF,0001058090,Chipotle Mexican Grill,CMG,NYSE,5812,retail_trade,2014Q4,us,,2006-01-26,2019-12-31,Alpha Vantage listing interval,resolved_cik,True,1,only eligible resolved security,2014|NYSE|retail_trade,347,2,0.0057636888,173.5000000000,20260916,valid,pilot_live,1,artifacts/representative_coverage_pilot_v20260916/raw/CIK0001058090/CMG/2014Q4/attempt_01_20260917003557387951.json,7d28dfa23ac700e76ccf7e05aea8bf19948d92b2e14d62135a3e157e5e0615be,valid,"usable transcript passed structural, year, and identity checks",supported,distinctive company-name token found in opening transcript text,c12c89872368586a30cd8c8574d85047a903ad1ae63e21a7faabbef6940ba96f,,,,medium,https://www.sec.gov/Archives/edgar/data/1058090/000105809015000010/cmg-20150421x8k.htm
CIK0001113232,AVS1B79B1EFA31085CA,0001113232,Axcelis Technologies Inc,ACLS,NASDAQ,3559,manufacturing,2014Q4,us,DE,2000-07-11,2019-12-31,Alpha Vantage listing interval,resolved_cik,True,1,only eligible resolved security,2014|NASDAQ|manufacturing,3358,18,0.0053603335,186.5555555556,20260916,valid,legacy_reuse,1,artifacts/earnings_call_responses/ACLS_2014Q4.json,b1905e71b3075d4c999fa31ad0594e5b3adb3c754ac8cf77588764fa5f8bc049,valid full transcript,substantive segmented transcript without detected integrity flags,supported,distinctive company-name token found in opening transcript text,1e1c1a967748a5b0752bdaad9fe3da0a434e0a0a27996895c252d064135ca4c4,,,,unresolved,
CIK0001169561,AVSFC5CBFF09D5AFDDB,0001169561,Commvault Systems Inc,CVLT,NASDAQ,7372,services,2014Q4,us,DE,2006-09-22,2019-12-31,Alpha Vantage listing interval,resolved_cik,True,1,only eligible resolved security,2014|NASDAQ|services,1401,7,0.0049964311,200.1428571429,20260916,valid,pilot_live,1,artifacts/representative_coverage_pilot_v20260916/raw/CIK0001169561/CVLT/2014Q4/attempt_01_20260917003559392370.json,23620290b9f862c27656fa90d82650a69d0fbf2f75f10e5573d1ea7e5be091e7,valid,"usable transcript passed structural, year, and identity checks",supported,distinctive company-name token found in opening transcript text,ba1929d821c1a768bb608e2ea29c27fea2d1569c026833636989c442e5a4bf58,,,2015-05-05,high,https://www.sec.gov/Archives/edgar/data/1169561/000162828015003603/q4fy2015pressrelease.htm
CIK0001176309,AVSED7B9C19121E3643,0001176309,Oramed Pharmaceuticals Inc,ORMP,NASDAQ,2834,manufacturing,2014Q4,us,DE,2006-04-21,2019-12-31,Alpha Vantage listing interval,resolved_cik,True,1,only eligible resolved security,2014|NASDAQ|manufacturing,3358,18,0.0053603335,186.5555555556,20260916,terminal_provider_unavailability,pilot_live,3,artifacts/representative_coverage_pilot_v20260916/raw/CIK0001176309/ORMP/2014Q4/attempt_03_20260917040156743617.json,a22d7a0a91811ed9f9a21425700c8f10d168b66e408ddc50f226a44c18b0982a,no_transcript,provider returned no usable transcript segments,not_applicable,,,,,,unresolved,
CIK0001314102,AVS7923FC57BBB853A7,0001314102,pSivida Corp,PSDV,NASDAQ,3826,manufacturing,2014Q4,us,DE,2005-01-27,2019-12-31,Alpha Vantage listing interval,resolved_cik,True,3,"ranked by active quarter-end evidence, exchange, and plain common-stock symbol",2014|NASDAQ|manufacturing,3358,18,0.0053603335,186.5555555556,20260916,terminal_provider_unavailability,pilot_live,2,artifacts/representative_coverage_pilot_v20260916/raw/CIK0001314102/PSDV/2014Q4/attempt_02_20260917050148048921.json,c8c41aab6af6fb9df5e7f35762bcbb94b59d06f7cb4b27a08f4ad3553e2c3343,no_transcript,provider returned no usable transcript segments,not_applicable,,,,,,unresolved,
CIK0001319229,AVSDD33E55E176B5CD5,0001319229,TransMontaigne Partners LP,TLP,NYSE,4610,transportation_communications_utilities,2014Q4,us,DE,2005-05-25,2019-12-31,Alpha Vantage listing interval,resolved_cik,True,2,"ranked by active quarter-end evidence, exchange, and plain common-stock symbol",2014|NYSE|transportation_communications_utilities,712,4,0.0056179775,178.0000000000,20260916,terminal_provider_unavailability,pilot_live,2,artifacts/representative_coverage_pilot_v20260916/raw/CIK0001319229/TLP/2014Q4/attempt_02_20260917041841949469.json,18aa889a79dba2e4117c6e46744b7c65d7d4c6c5afff9d422b13ca3c455fabdb,no_transcript,provider returned no usable transcript segments,not_applicable,,,,,,unresolved,
CIK0001336644,AVS9F3504D577C49512,0001336644,Universal Travel Group,UTRA,NYSE,4700,transportation_communications_utilities,2014Q4,us,NV,2012-05-07,2019-12-31,Alpha Vantage listing interval,resolved_cik,False,1,only eligible resolved security,2014|NYSE|transportation_communications_utilities,712,4,0.0056179775,178.0000000000,20260916,terminal_provider_unavailability,pilot_live,2,artifacts/representative_coverage_pilot_v20260916/raw/CIK0001336644/UTRA/2014Q4/attempt_02_20260917050150053949.json,3c071d11b68c1d8ea39095a6085c0e7ddc780487324ec68d0eae206f51c844ea,no_transcript,provider returned no usable transcript segments,not_applicable,,,,,,unresolved,
CIK0001381668,AVSC63BA9FF00C8FCA8,0001381668,TFS Financial Corporation,TFSL,NASDAQ,6035,finance_insurance_real_estate,2014Q4,us,DE,2007-04-23,2019-12-31,Alpha Vantage listing interval,resolved_cik,True,1,only eligible resolved security,2014|NASDAQ|finance_insurance_real_estate,1893,10,0.0052826202,189.3000000000,20260916,valid,pilot_live,1,artifacts/representative_coverage_pilot_v20260916/raw/CIK0001381668/TFSL/2014Q4/attempt_01_20260917045813547122.json,1771cd015eb8bc4a4da2ee0d4f91cec9cd59486eb90f80f7d09a4d63232f59bd,valid,"usable transcript passed structural, year, and identity checks",supported,distinctive company-name token found in opening transcript text,f07bdc4b2e7154409b893adcf2a6813afa0121d1ea5ff78e6b28d291bd88afac,,,,unresolved,
CIK0001390777,AVSD9825917A164D951,0001390777,Bank Of New York Mellon Corp,BNY,NYSE,6022,finance_insurance_real_estate,2014Q4,us,DE,1973-05-03,2019-12-31,Alpha Vantage listing interval,resolved_cik,True,1,only eligible resolved security,2014|NYSE|finance_insurance_real_estate,1690,9,0.0053254438,187.7777777778,20260916,terminal_provider_unavailability,pilot_live,2,artifacts/representative_coverage_pilot_v20260916/raw/CIK0001390777/BNY/2014Q4/attempt_02_20260917045815552150.json,09322a5a3eb5ad820acd98d554a7b167185973a79252d2ea6726c3095164fb5e,no_transcript,provider returned no usable transcript segments,not_applicable,,,,,,unresolved,
CIK0001402829,AVS0C8826CE23CD2A6F,0001402829,Orion Group Holdings Inc,ORN,NYSE,1600,construction,2014Q4,us,,2007-12-20,2019-12-31,Alpha Vantage listing interval,resolved_cik,True,1,only eligible resolved security,2014|NYSE|construction,151,1,0.0066225166,151.0000000000,20260916,valid,pilot_live,1,artifacts/representative_coverage_pilot_v20260916/raw/CIK0001402829/ORN/2014Q4/attempt_01_20260917003603402449.json,5e07dab550400c4390e6abe94c5f44ed72c56572a6c13cf1161aaa49f639daa9,valid,"usable transcript passed structural, year, and identity checks",supported,distinctive company-name token found in opening transcript text,a20c362f6463e27c45b0d05de2c9b1ccabb15d534c853f71773f1b43dd7f5dac,,,,medium,https://www.sec.gov/Archives/edgar/data/1402829/000140282914000053/a991-01.htm
CIK0001421182,AVS4FF3BD3009BD836E,0001421182,Verso Paper Corp,VRS1,NYSE,2621,manufacturing,2014Q4,us,DE,2008-06-09,2019-12-31,Alpha Vantage listing interval,resolved_cik,True,2,"ranked by active quarter-end evidence, exchange, and plain common-stock symbol",2014|NYSE|manufacturing,2019,11,0.0054482417,183.5454545455,20260916,terminal_provider_unavailability,pilot_live,3,artifacts/representative_coverage_pilot_v20260916/raw/CIK0001421182/VRS1/2014Q4/attempt_03_20260917040158749908.json,ef56a8d03a4a35bf073952e83cbf4a07e2c584d9ad5d140b6f305205e72fa8e2,no_transcript,provider returned no usable transcript segments,not_applicable,,,,,,unresolved,
CIK0001497504,AVSD735015F932D519F,0001497504,Dipexium Pharmaceuticals Inc,DPRX,NASDAQ,2834,manufacturing,2014Q4,us,DE,2014-03-13,2019-12-31,Alpha Vantage listing interval,resolved_cik,True,2,"ranked by active quarter-end evidence, exchange, and plain common-stock symbol",2014|NASDAQ|manufacturing,3358,18,0.0053603335,186.5555555556,20260916,terminal_provider_unavailability,pilot_live,3,artifacts/representative_coverage_pilot_v20260916/raw/CIK0001497504/DPRX/2014Q4/attempt_03_20260917040200760928.json,010a9f7498916a8a2e300a15c55d1aaa8e8cddb47be5fc2cc5d3ea665c03c358,no_transcript,provider returned no usable transcript segments,not_applicable,,,,,,unresolved,
CIK0001510580,AVSD1A2B7813AF17F63,0001510580,Kite Pharma Inc,KITE,NASDAQ,2836,manufacturing,2014Q4,us,DE,2014-06-20,2019-12-31,Alpha Vantage listing interval,resolved_cik,True,2,"ranked by active quarter-end evidence, exchange, and plain common-stock symbol",2014|NASDAQ|manufacturing,3358,18,0.0053603335,186.5555555556,20260916,terminal_provider_unavailability,pilot_live,3,artifacts/representative_coverage_pilot_v20260916/raw/CIK0001510580/KITE/2014Q4/attempt_03_20260917040202764077.json,e8eb83c135a94f08a8d3cf8e60be57638bf1f3b1c4aa00d5c42ed923f7b10b65,no_transcript,provider returned no usable transcript segments,not_applicable,,,,,,unresolved,
CIK0001538849,AVSBD6B676029DBEB00,0001538849,CrossAmerica Partners LP,CAPL,NYSE,5172,wholesale_trade,2014Q4,us,,2012-10-25,2019-12-31,Alpha Vantage listing interval,resolved_cik,True,1,only eligible resolved security,2014|NYSE|wholesale_trade,164,1,0.0060975610,164.0000000000,20260916,valid,pilot_live,1,artifacts/representative_coverage_pilot_v20260916/raw/CIK0001538849/CAPL/2014Q4/attempt_01_20260917003611419923.json,fcd1a654e74e7aeb03682c0b53854facdda7fc18e96d1b6424e480359c5b6191,valid,"usable transcript passed structural, year, and identity checks",supported,distinctive company-name token found in opening transcript text,ac481fcdb047415032ac7287a6966acb602405c9b162cf3605eef696e076ace4,,,2015-05-08,high,https://www.sec.gov/Archives/edgar/data/1538849/000153884915000006/exhibit991capl1q2015earnin.htm
CIK0000036146,AVS5C348FE39366BFB6,0000036146,Trustmark Corp,TRMK,NASDAQ,6021,finance_insurance_real_estate,2015Q1,us,MS,1992-03-03,2019-12-31,Alpha Vantage listing interval,resolved_cik,True,1,only eligible resolved security,2015|NASDAQ|finance_insurance_real_estate,1972,11,0.0055780933,179.2727272727,20260916,valid,pilot_live,1,artifacts/representative_coverage_pilot_v20260916/raw/CIK0000036146/TRMK/2015Q1/attempt_01_20260917045817556932.json,4f93700d9165b4a8afc607ed3b5a2706e9a59626411ef15f02b00deda5db71dd,valid,"usable transcript passed structural, year, and identity checks",supported,distinctive company-name token found in opening transcript text,4add993d58e1b4dfa5c99e5b83e77b381433c3e1056a3534a89faf7aa9f2e234,,,,unresolved,
CIK0000072573,AVS71A3F753741EA292,0000072573,Movado Group Inc,MOV,NYSE,3873,manufacturing,2015Q1,us,NY,1993-09-30,2019-12-31,Alpha Vantage listing interval,resolved_cik,True,1,only eligible resolved security,2015|NYSE|manufacturing,2089,11,0.0052656774,189.9090909091,20260916,valid,pilot_live,1,artifacts/representative_coverage_pilot_v20260916/raw/CIK0000072573/MOV/2015Q1/attempt_01_20260917003613424965.json,aab63092c3a3cd20921a1c197f75f4b3f59ce0c6271e5b63f262b9317c584a18,valid,"usable transcript passed structural, year, and identity checks",supported,distinctive company-name token found in opening transcript text,64f1160acbdb5351f38ceffd08fe98a2aabf34548fda2643e6761343945876b9,,,,unresolved,
CIK0000072741,AVS8BD56EE16E6F69E6,0000072741,Eversource Energy,ES,NYSE,4911,transportation_communications_utilities,2015Q1,us,MA,1984-08-29,2019-12-31,Alpha Vantage listing interval,resolved_cik,True,1,only eligible resolved security,2015|NYSE|transportation_communications_utilities,743,4,0.0053835801,185.7500000000,20260916,valid,pilot_live,1,artifacts/representative_coverage_pilot_v20260916/raw/CIK0000072741/ES/2015Q1/attempt_01_20260917003615429734.json,7556c2ab09623fef88deb1bccf20a99308032e8fa6c0664020c1222edb36e68c,valid,"usable transcript passed structural, year, and identity checks",supported,distinctive company-name token found in opening transcript text,72a4b90e2009f4a83c8c85da943bcddd61ead75be8bf0a222ed45d20472ab46c,,,,unresolved,
CIK0000318771,AVSA1D0FD290622B5FB,0000318771,GENENTECH INC,DNA,NYSE,2834,manufacturing,2015Q1,us,DE,2001-01-02,2019-12-31,Alpha Vantage listing interval,resolved_cik,False,1,only eligible resolved security,2015|NYSE|manufacturing,2089,11,0.0052656774,189.9090909091,20260916,terminal_provider_unavailability,pilot_live,3,artifacts/representative_coverage_pilot_v20260916/raw/CIK0000318771/DNA/2015Q1/attempt_03_20260917040204772095.json,9b1d654c85ed1de7a6671d14e5406a024821e09714c10a5ed61dc7c13cddc48d,no_transcript,provider returned no usable transcript segments,not_applicable,,,,,,unresolved,
CIK0000713676,AVSDA29D57356714966,0000713676,PNC Financial Services Group Inc,PNC,NYSE,6021,finance_insurance_real_estate,2015Q1,us,PA,1988-09-07,2019-12-31,Alpha Vantage listing interval,resolved_cik,True,1,only eligible resolved security,2015|NYSE|finance_insurance_real_estate,1793,10,0.0055772448,179.3000000000,20260916,valid,legacy_reuse,1,artifacts/earnings_call_responses/PNC_2015Q1.json,d7253b93f46034986e75413d5a56e7f76d9b027d368269efb2462b3c9aa40710,valid full transcript,substantive segmented transcript without detected integrity flags,supported,distinctive company-name token found in opening transcript text,bf374b8603d6afca98fef705a0874df4b97a19478e509b2d6d5c073541a4d7a1,,,,unresolved,
CIK0000732712,AVSEDB81C2088C5098F,0000732712,Verizon Communications Inc,VZ,NYSE,4813,transportation_communications_utilities,2015Q1,us,DE,1983-11-21,2019-12-31,Alpha Vantage listing interval,resolved_cik,True,3,"ranked by active quarter-end evidence, exchange, and plain common-stock symbol",2015|NYSE|transportation_communications_utilities,743,4,0.0053835801,185.7500000000,20260916,valid,pilot_live,1,artifacts/representative_coverage_pilot_v20260916/raw/CIK0000732712/VZ/2015Q1/attempt_01_20260917041525369875.json,9d9eff36761c74b744eff5a6ab9aed662691e9c7abfe0649618518f358ba081f,valid,"usable transcript passed structural, year, and identity checks",supported,distinctive company-name token found in opening transcript text,5a7877c10aff4f7ce02cfaf7be4713224098d0c34709a2f979904b8219af7476,,,,unresolved,
CIK0000750577,AVS9AC46FC0F1FEBC90,0000750577,Hancock Whitney Corp,HWC,NASDAQ,6022,finance_insurance_real_estate,2015Q1,us,MS,2001-01-02,2019-12-31,Alpha Vantage listing interval,resolved_cik,True,3,"ranked by active quarter-end evidence, exchange, and plain common-stock symbol",2015|NASDAQ|finance_insurance_real_estate,1972,11,0.0055780933,179.2727272727,20260916,terminal_provider_unavailability,pilot_live,3,artifacts/representative_coverage_pilot_v20260916/raw/CIK0000750577/HWC/2015Q1/attempt_03_20260917040206782735.json,14e7b2de3f6e5a1e2ab1829c7c510003ec1c96d3b1e0ad8eb2e8391e8002d14e,no_transcript,provider returned no usable transcript segments,not_applicable,,,,,,unresolved,
CIK0000771856,AVSF754D736D7848DE8,0000771856,Champions Oncology Inc,CSBR,NASDAQ,2836,manufacturing,2015Q1,us,DE,2007-02-02,2019-12-31,Alpha Vantage listing interval,resolved_cik,True,1,only eligible resolved security,2015|NASDAQ|manufacturing,3623,19,0.0052442727,190.6842105263,20260916,valid,pilot_live,1,artifacts/representative_coverage_pilot_v20260916/raw/CIK0000771856/CSBR/2015Q1/attempt_01_20260917003623448872.json,e03da9f4a7518614b762ab81a19ab328b93bd8cea1d31417e9b3fa902c7f853a,valid,"usable transcript passed structural, year, and identity checks",supported,distinctive company-name token found in opening transcript text,cbecd0ebe5f35418bd487c31431f128305b2e848d8466406817713ada38d2877,,,,unresolved,
CIK0000809933,AVSAA0252CED3C5F8D4,0000809933,Ecology and Environment,EEI,NASDAQ,8711,services,2015Q1,us,NY,1992-03-17,2019-12-31,Alpha Vantage listing interval,resolved_cik,True,1,only eligible resolved security,2015|NASDAQ|services,1476,8,0.0054200542,184.5000000000,20260916,terminal_provider_unavailability,pilot_live,3,artifacts/representative_coverage_pilot_v20260916/raw/CIK0000809933/EEI/2015Q1/attempt_03_20260917040208794741.json,585c32b10ccb6745427e530d31a335a16fb87d6334bbf8d867c77ddc33f60b9e,no_transcript,provider returned no usable transcript segments,not_applicable,,,,,,unresolved,
CIK0000831641,AVS19EB2FDEAC36C5CF,0000831641,Tetra Tech Inc,TTEK,NASDAQ,8711,services,2015Q1,us,DE,1991-12-17,2019-12-31,Alpha Vantage listing interval,resolved_cik,True,1,only eligible resolved security,2015|NASDAQ|services,1476,8,0.0054200542,184.5000000000,20260916,valid,pilot_live,1,artifacts/representative_coverage_pilot_v20260916/raw/CIK0000831641/TTEK/2015Q1/attempt_01_20260917003627454560.json,a238646e5a78d670b825b31e7cf2f951670c0cdee23092ed12dfd3ad1c676f88,valid,"usable transcript passed structural, year, and identity checks",supported,distinctive company-name token found in opening transcript text,a3bb5fa40450271b6d897ce65334111043fece31cbdff4a7714df648db37b7f7,,,2014-11-13,high,https://www.sec.gov/Archives/edgar/data/831641/000110465914079957/a14-24374_1ex99d1.htm
CIK0000895447,AVSEDAC86A0C9D3E999,0000895447,Shoe Carnival Inc,SHOE,NASDAQ,5661,retail_trade,2015Q1,us,IN,1993-03-16,2019-12-31,Alpha Vantage listing interval,resolved_cik,True,1,only eligible resolved security,2015|NASDAQ|retail_trade,445,2,0.0044943820,222.5000000000,20260916,terminal_provider_unavailability,pilot_live,3,artifacts/representative_coverage_pilot_v20260916/raw/CIK0000895447/SHOE/2015Q1/attempt_03_20260917040212804496.json,892dcc5dd771ce5f57bf5575a7a6d0c18820b6109b4f345a0525eb630d81b10b,no_transcript,provider returned no usable transcript segments,not_applicable,,,,,,unresolved,
CIK0001005731,AVSA15AE7BC687D0B47,0001005731,IDT Corp - Class B,IDT,NYSE,4813,transportation_communications_utilities,2015Q1,us,DE,2001-05-16,2019-12-31,Alpha Vantage listing interval,resolved_cik,True,1,only eligible resolved security,2015|NYSE|transportation_communications_utilities,743,4,0.0053835801,185.7500000000,20260916,valid,pilot_live,1,artifacts/representative_coverage_pilot_v20260916/raw/CIK0001005731/IDT/2015Q1/attempt_01_20260917041529385383.json,9e59754083cbee7062774a6559d59f80ddfaec84cf1956ad22ab80907979f727,valid,"usable transcript passed structural, year, and identity checks",manual_review,no distinctive company-name token found in opening transcript text,798d90e808dd416ce2654b94fc35da9a2710df7313c0a29ef9503c25b14958f3,,,,unresolved,
CIK0001024657,AVS694D7779C0E2E02B,0001024657,West Corp,WSTC,NASDAQ,7389,services,2015Q1,us,DE,2013-03-22,2019-12-31,Alpha Vantage listing interval,resolved_cik,True,2,"ranked by active quarter-end evidence, exchange, and plain common-stock symbol",2015|NASDAQ|services,1476,8,0.0054200542,184.5000000000,20260916,terminal_provider_unavailability,pilot_live,3,artifacts/representative_coverage_pilot_v20260916/raw/CIK0001024657/WSTC/2015Q1/attempt_03_20260917040216827189.json,3d73ae79c5c895887a344cc847f2513ddd52421605da5ad802097a0f8d01b3c7,no_transcript,provider returned no usable transcript segments,not_applicable,,,,,,unresolved,
CIK0001029199,AVS407B66F10628CD82,0001029199,Euronet Worldwide Inc,EEFT,NASDAQ,6099,finance_insurance_real_estate,2015Q1,us,DE,1997-03-07,2019-12-31,Alpha Vantage listing interval,resolved_cik,True,1,only eligible resolved security,2015|NASDAQ|finance_insurance_real_estate,1972,11,0.0055780933,179.2727272727,20260916,valid,pilot_live,1,artifacts/representative_coverage_pilot_v20260916/raw/CIK0001029199/EEFT/2015Q1/attempt_01_20260917003637477946.json,8dfdf5401da373a58dcb26fbe668c8002bee59c7e34bdd43c0e1caedbc9ffa62,valid,"usable transcript passed structural, year, and identity checks",supported,distinctive company-name token found in opening transcript text,ffa5255331d9340ad7af6ffeec2d73a382241dca9a139a16465a16e9b8e790fb,,,,unresolved,
CIK0001056288,AVS90A0BE6B5E0A8C0B,0001056288,Federated Hermes Inc - Class B,FHI,NYSE,6282,finance_insurance_real_estate,2015Q1,us,PA,1998-05-14,2019-12-31,Alpha Vantage listing interval,resolved_cik,True,1,only eligible resolved security,2015|NYSE|finance_insurance_real_estate,1793,10,0.0055772448,179.3000000000,20260916,valid,pilot_live,1,artifacts/representative_coverage_pilot_v20260916/raw/CIK0001056288/FHI/2015Q1/attempt_01_20260917041531390360.json,68d02e5f45580847723c9b5742c1429065140e0c4a3004f9821fa0e70424b418,valid,"usable transcript passed structural, year, and identity checks",supported,distinctive company-name token found in opening transcript text,a50f03639ddffb24769ad05853a9f73b948f4bd4519efc0604d105f7e3dad398,,,2015-04-24,high,https://www.sec.gov/Archives/edgar/data/1056288/000105628815000008/a991-2015q1earningspressre.htm
CIK0001116942,AVS6A05DA599C62C71B,0001116942,TTM Technologies Inc,TTMI,NASDAQ,3672,manufacturing,2015Q1,us,DE,2000-09-25,2019-12-31,Alpha Vantage listing interval,resolved_cik,True,1,only eligible resolved security,2015|NASDAQ|manufacturing,3623,19,0.0052442727,190.6842105263,20260916,valid,pilot_live,1,artifacts/representative_coverage_pilot_v20260916/raw/CIK0001116942/TTMI/2015Q1/attempt_01_20260917003643491033.json,b6f18e274f88692d6257cfe3469844ba3453bebb1d691442b5321b2175e846db,valid,"usable transcript passed structural, year, and identity checks",supported,distinctive company-name token found in opening transcript text,bc4e2c640555ea9b69954594d8e0defad2f9252d211e25a63ca7e5642648995a,,,,unresolved,
CIK0001173313,AVSB94D742C5095F5FD,0001173313,ABVC BioPharma Inc,ABVC,NASDAQ,2834,manufacturing,2015Q1,us,NV,2011-04-05,2019-12-31,Alpha Vantage listing interval,resolved_cik,True,1,only eligible resolved security,2015|NASDAQ|manufacturing,3623,19,0.0052442727,190.6842105263,20260916,terminal_provider_unavailability,pilot_live,3,artifacts/representative_coverage_pilot_v20260916/raw/CIK0001173313/ABVC/2015Q1/attempt_03_20260917040218833250.json,e30b895468abc0168d287d4138e36aa6646b8c7940e24d14d3990a3305b20436,no_transcript,provider returned no usable transcript segments,not_applicable,,,,,,unresolved,
CIK0001292653,AVSD573673478A69032,0001292653,Inteliquent Inc,IQNT,NASDAQ,4813,transportation_communications_utilities,2015Q1,us,,2007-11-02,2019-12-31,Alpha Vantage listing interval,resolved_cik,True,2,"ranked by active quarter-end evidence, exchange, and plain common-stock symbol",2015|NASDAQ|transportation_communications_utilities,501,3,0.0059880240,167.0000000000,20260916,terminal_provider_unavailability,pilot_live,2,artifacts/representative_coverage_pilot_v20260916/raw/CIK0001292653/IQNT/2015Q1/attempt_02_20260917050152058420.json,8211585aa42c99e774353eb72b71e6528c20cd878a445f545c150a81b0ceb193,no_transcript,provider returned no usable transcript segments,not_applicable,,,,,,unresolved,
CIK0001321646,AVS10935A6644750924,0001321646,Kraton Corp,KRA,NYSE,2821,manufacturing,2015Q1,us,DE,2009-12-17,2019-12-31,Alpha Vantage listing interval,resolved_cik,True,1,only eligible resolved security,2015|NYSE|manufacturing,2089,11,0.0052656774,189.9090909091,20260916,terminal_provider_unavailability,pilot_live,3,artifacts/representative_coverage_pilot_v20260916/raw/CIK0001321646/KRA/2015Q1/attempt_03_20260917040220843320.json,15509016f32725352fa482abb162d4c7813448992f3e554717632f29fef44eb5,no_transcript,provider returned no usable transcript segments,not_applicable,,,,,,unresolved,
CIK0001345126,AVSA7DA90B24F41C570,0001345126,Compass Diversified Holdings,CODI,NYSE,2510,manufacturing,2015Q1,us,DE,2006-05-18,2019-12-31,Alpha Vantage listing interval,resolved_cik,True,1,only eligible resolved security,2015|NYSE|manufacturing,2089,11,0.0052656774,189.9090909091,20260916,valid,pilot_live,1,artifacts/representative_coverage_pilot_v20260916/raw/CIK0001345126/CODI/2015Q1/attempt_01_20260917003649504254.json,a9587557ca451c4ac0fe8e72c327a63394e1a226784551bae2bd6c729c9420f3,valid,"usable transcript passed structural, year, and identity checks",supported,distinctive company-name token found in opening transcript text,a4a0a6deb3e0af90c8d425f3897950964df3a41145a433999cf54ac0d13a28c7,,,,unresolved,
CIK0001356949,AVSCC9B9B49BF8316A6,0001356949,Houston Wire & Cable Company,HWCC,NASDAQ,5063,wholesale_trade,2015Q1,us,,2006-06-15,2019-12-31,Alpha Vantage listing interval,resolved_cik,True,1,only eligible resolved security,2015|NASDAQ|wholesale_trade,198,1,0.0050505051,198.0000000000,20260916,terminal_provider_unavailability,pilot_live,3,artifacts/representative_coverage_pilot_v20260916/raw/CIK0001356949/HWCC/2015Q1/attempt_03_20260917040222854412.json,d95250accabb6692a7dacb6f4f33e6c8a1a3cc4790351400b7f576fe75964348,no_transcript,provider returned no usable transcript segments,not_applicable,,,,,,unresolved,
CIK0001472787,AVSECEB5DD704EB220F,0001472787,First American Financial Corp,FAF,NYSE,6361,finance_insurance_real_estate,2015Q1,us,DE,2010-05-28,2019-12-31,Alpha Vantage listing interval,resolved_cik,True,1,only eligible resolved security,2015|NYSE|finance_insurance_real_estate,1793,10,0.0055772448,179.3000000000,20260916,valid,pilot_live,1,artifacts/representative_coverage_pilot_v20260916/raw/CIK0001472787/FAF/2015Q1/attempt_01_20260917041533394716.json,05517fb8311021f1e991e1204cf7c67a2a9dd90bcbebaab9e263efcf8c95e047,valid,"usable transcript passed structural, year, and identity checks",supported,distinctive company-name token found in opening transcript text,6a2bee48939d03cb38686b8fa65edfc8d542d62abdb4d0f744a79e6b395f8d70,,,,unresolved,
CIK0000041719,AVS4A24CE7558640047,0000041719,Magnera Corp,MAGN,NYSE,2621,manufacturing,2015Q2,us,PA,1984-05-16,2019-12-31,Alpha Vantage listing interval,resolved_cik,True,1,only eligible resolved security,2015|NYSE|manufacturing,2089,11,0.0052656774,189.9090909091,20260916,terminal_provider_unavailability,pilot_live,4,artifacts/representative_coverage_pilot_v20260916/raw/CIK0000041719/MAGN/2015Q2/attempt_04_20260917040224865209.json,d376770a1b7043dcaaadfbfc547f862c7fd33cc6a7ad7117506628c5cf9705f6,no_transcript,provider returned no usable transcript segments,not_applicable,,,,,,unresolved,
CIK0000066570,AVS7C2491D13AB85785,0000066570,MSA Safety Inc,MSA,NYSE,3842,manufacturing,2015Q2,us,,1990-03-26,2019-12-31,Alpha Vantage listing interval,resolved_cik,True,1,only eligible resolved security,2015|NYSE|manufacturing,2089,11,0.0052656774,189.9090909091,20260916,valid,pilot_live,1,artifacts/representative_coverage_pilot_v20260916/raw/CIK0000066570/MSA/2015Q2/attempt_01_20260917003659521171.json,0801c1017d35a1ec21b04a6f7bf4f5788bb5f9af2d4612f94124299d436959ba,valid,"usable transcript passed structural, year, and identity checks",supported,distinctive company-name token found in opening transcript text,22a465f9b76c8dbeb13ca52986be965668da9cc67414703c636b762bbe7e9cab,,,,unresolved,
CIK0000076282,AVS078351BC2218D98B,0000076282,Park-Ohio Holdings Corp,PKOH,NASDAQ,3460,manufacturing,2015Q2,us,OH,1990-03-26,2019-12-31,Alpha Vantage listing interval,resolved_cik,True,1,only eligible resolved security,2015|NASDAQ|manufacturing,3623,19,0.0052442727,190.6842105263,20260916,valid,pilot_live,1,artifacts/representative_coverage_pilot_v20260916/raw/CIK0000076282/PKOH/2015Q2/attempt_01_20260917003701526208.json,6a27f87a2707c3bda6212551c44e2ec637666748b1b43c40dcf3bd51122e42ee,valid,"usable transcript passed structural, year, and identity checks",manual_review,no distinctive company-name token found in opening transcript text,bd8ba99a6f2a7f19b3857bcef57bc74f87f1c09ed32e8c7e51a1fb0f2473dbe1,,,,unresolved,
CIK0000350894,AVSFD6955CF59CAB3A2,0000350894,SEI Investments Company,SEIC,NASDAQ,6211,finance_insurance_real_estate,2015Q2,us,PA,1990-03-26,2019-12-31,Alpha Vantage listing interval,resolved_cik,True,1,only eligible resolved security,2015|NASDAQ|finance_insurance_real_estate,1972,11,0.0055780933,179.2727272727,20260916,valid,pilot_live,1,artifacts/representative_coverage_pilot_v20260916/raw/CIK0000350894/SEIC/2015Q2/attempt_01_20260917003703528121.json,2246c6d3935cb041c0b2463d062330be18e337e8bcdc09c63fe2d2456f3ff8b8,valid,"usable transcript passed structural, year, and identity checks",supported,distinctive company-name token found in opening transcript text,66bc6157e2c5e8b8b3f4bfc0ee9e95c3f5fcd12d5659b0880039f0ca4d9e992b,,,,unresolved,
CIK0000760498,AVS29DC0A96BA466857,0000760498,Bancfirst Corp,BANF,NASDAQ,6021,finance_insurance_real_estate,2015Q2,us,OK,1990-03-26,2019-12-31,Alpha Vantage listing interval,resolved_cik,True,1,only eligible resolved security,2015|NASDAQ|finance_insurance_real_estate,1972,11,0.0055780933,179.2727272727,20260916,terminal_provider_unavailability,pilot_live,3,artifacts/representative_coverage_pilot_v20260916/raw/CIK0000760498/BANF/2015Q2/attempt_03_20260917040226877517.json,63b4bd30a5e31d05541cd67e54f3f358b029f0ce42d6efe4b1453ee6b33af4d9,no_transcript,provider returned no usable transcript segments,not_applicable,,,,,,unresolved,
CIK0000773840,AVSBA9133320F8C362F,0000773840,Honeywell International Inc,HON,NASDAQ,3724,manufacturing,2015Q2,us,DE,1970-01-02,2019-12-31,Alpha Vantage listing interval,resolved_cik,True,1,only eligible resolved security,2015|NASDAQ|manufacturing,3623,19,0.0052442727,190.6842105263,20260916,valid,legacy_reuse,1,artifacts/earnings_call_responses/HON_2015Q2.json,bc74a3757fc718f77b7191cf3de7efc1043fb3ce258b6e1d93e239b2906056f0,valid full transcript,substantive segmented transcript without detected integrity flags,supported,distinctive company-name token found in opening transcript text,d78d791a0a20f98358d1e0d5fba61318f416fbe20e8cdcaf2e4fcfc7bd15a2de,,,,unresolved,
CIK0000858446,AVS3BDEAEDBE87B5C25,0000858446,Intercontinental Hotels Group,IHG,NYSE,7011,services,2015Q2,us,DE,2003-04-10,2019-12-31,Alpha Vantage listing interval,resolved_cik,True,1,only eligible resolved security,2015|NYSE|services,890,5,0.0056179775,178.0000000000,20260916,valid,pilot_live,1,artifacts/representative_coverage_pilot_v20260916/raw/CIK0000858446/IHG/2015Q2/attempt_01_20260917003707537824.json,b91a1f87f7cc47d016690b063e2d138335690d04b071edbbcaf71fb8170b468c,valid,"usable transcript passed structural, year, and identity checks",supported,distinctive company-name token found in opening transcript text,98a49ab3976794fefdba7a668d85e944d530c5e05f90360c39fdeccc36af96ff,,,,unresolved,
CIK0001040470,AVSCE138AB411F8B75E,0001040470,Aehr Test Systems,AEHR,NASDAQ,3825,manufacturing,2015Q2,us,CA,1997-08-15,2019-12-31,Alpha Vantage listing interval,resolved_cik,True,1,only eligible resolved security,2015|NASDAQ|manufacturing,3623,19,0.0052442727,190.6842105263,20260916,valid,legacy_reuse,1,artifacts/earnings_call_responses/AEHR_2015Q2.json,e13faae7515bc0b228c07ffbe19f0ee0bca7f9b1f99066b10cc348913db30c48,valid full transcript,substantive segmented transcript without detected integrity flags,supported,distinctive company-name token found in opening transcript text,dd7865fdbc0bf82e3c2c7eddfa13c10ca4a8a4447aa807551d36971bb50ad588,,,2015-04-02,high,https://www.sec.gov/Archives/edgar/data/1040470/000104047015000008/0001040470-15-000008.txt
CIK0001072627,AVS780E7E10858B63FA,0001072627,Kingsway Corp,KWY,NYSE,6331,finance_insurance_real_estate,2015Q2,us,DE,1998-05-06,2019-12-31,Alpha Vantage listing interval,resolved_cik,True,1,only eligible resolved security,2015|NYSE|finance_insurance_real_estate,1793,10,0.0055772448,179.3000000000,20260916,terminal_provider_unavailability,pilot_live,2,artifacts/representative_coverage_pilot_v20260916/raw/CIK0001072627/KWY/2015Q2/attempt_02_20260917041845956493.json,044007014ddfeceb99d7798327b61a5480889ad7b64a1dc86fa41c466d390619,no_transcript,provider returned no usable transcript segments,not_applicable,,,,,,unresolved,
CIK0001170010,AVS858F52EEC9D3093A,0001170010,Carmax Inc,KMX,NYSE,5500,retail_trade,2015Q2,us,VA,1997-02-04,2019-12-31,Alpha Vantage listing interval,resolved_cik,True,1,only eligible resolved security,2015|NYSE|retail_trade,362,2,0.0055248619,181.0000000000,20260916,valid,pilot_live,1,artifacts/representative_coverage_pilot_v20260916/raw/CIK0001170010/KMX/2015Q2/attempt_01_20260917003715555733.json,db1704cdf645395c7f598c6cdbec124098be01099d6694c4739e4af79c83c950,valid,"usable transcript passed structural, year, and identity checks",supported,distinctive company-name token found in opening transcript text,f3cf193445467a4079b88fff1961272e6c67bede057c8fa87b857557246da24d,,,,unresolved,
CIK0001353283,AVS7DDF60CD4B245C71,0001353283,Splunk Inc,SPLK,NASDAQ,7372,services,2015Q2,us,,2012-04-19,2019-12-31,Alpha Vantage listing interval,resolved_cik,True,1,only eligible resolved security,2015|NASDAQ|services,1476,8,0.0054200542,184.5000000000,20260916,terminal_provider_unavailability,pilot_live,3,artifacts/representative_coverage_pilot_v20260916/raw/CIK0001353283/SPLK/2015Q2/attempt_03_20260917040232899864.json,0b92427244fe9c2c2e3cec342014488284cfa5160d05a37f9d8ccbb2c496df26,no_transcript,provider returned no usable transcript segments,not_applicable,,,,,,unresolved,
CIK0001376610,AVS7057BA0E5411B99C,0001376610,Allied Nevada Gold Corp,ANVGQ,NYSE,1040,mining,2015Q2,us,DE,2015-03-10,2019-12-31,Alpha Vantage listing interval,resolved_cik,True,3,"ranked by active quarter-end evidence, exchange, and plain common-stock symbol",2015|NYSE|mining,477,3,0.0062893082,159.0000000000,20260916,terminal_provider_unavailability,pilot_live,2,artifacts/representative_coverage_pilot_v20260916/raw/CIK0001376610/ANVGQ/2015Q2/attempt_02_20260917041847961520.json,22f59fd6cb78b9dab18899c971b6041a8c2eeaad70bdd9a894472919232f9314,no_transcript,provider returned no usable transcript segments,not_applicable,,,,,,unresolved,
CIK0001533040,AVSE37E26E930C5DE0F,0001533040,Phio Pharmaceuticals Corp,PHIO,NASDAQ,2834,manufacturing,2015Q2,us,DE,2012-05-10,2019-12-31,Alpha Vantage listing interval,resolved_cik,True,1,only eligible resolved security,2015|NASDAQ|manufacturing,3623,19,0.0052442727,190.6842105263,20260916,valid,pilot_live,1,artifacts/representative_coverage_pilot_v20260916/raw/CIK0001533040/PHIO/2015Q2/attempt_01_20260917003721570674.json,e9ca9cfbd9354381d32e2bba6998f3624ace55fb01a8ae206a5790ca881f29cd,valid,"usable transcript passed structural, year, and identity checks",supported,distinctive company-name token found in opening transcript text,8f3174c2c630d71bb99ff2edf205eeb6f7ce819068611e39d1a74cba1c07af33,,,2015-11-04,high,https://www.sec.gov/Archives/edgar/data/1533040/000119312515375658/d69777dex991.htm
CIK0001981535,AVS52F384FAB7FF8435,0001981535,SharpLink Gaming Ltd,SBET,NASDAQ,6199,finance_insurance_real_estate,2015Q2,us,DE,1997-05-21,2019-12-31,Alpha Vantage listing interval,resolved_cik,True,1,only eligible resolved security,2015|NASDAQ|finance_insurance_real_estate,1972,11,0.0055780933,179.2727272727,20260916,terminal_provider_unavailability,pilot_live,3,artifacts/representative_coverage_pilot_v20260916/raw/CIK0001981535/SBET/2015Q2/attempt_03_20260917040238926571.json,597ce1ebd86a75644d85f0b098f20b7264d812413fa2ede48c5091176be96928,no_transcript,provider returned no usable transcript segments,not_applicable,,,,,,unresolved,
CIK0000010795,AVS33CAD7AAC2847063,0000010795,Becton Dickinson & Company,BDX,NYSE,3841,manufacturing,2015Q3,us,NJ,1983-04-06,2019-12-31,Alpha Vantage listing interval,resolved_cik,True,1,only eligible resolved security,2015|NYSE|manufacturing,2089,11,0.0052656774,189.9090909091,20260916,valid,legacy_reuse,1,artifacts/earnings_call_responses/BDX_2015Q3.json,7bcceeb9e869b985d2b74df1f0de93525a30c43c2935381ec80da7ece82e5a1f,valid full transcript,substantive segmented transcript without detected integrity flags,manual_review,no distinctive company-name token found in opening transcript text,bf8dbf0585d5920cf9d37c35bd5871cbc94edc8110a42ccab1f245c21105e104,,,2015-08-13,high,https://www.sec.gov/Archives/edgar/data/10795/000119312515279773/d64969dex991.htm
CIK0000103145,AVSAEB41C6F75DAF703,0000103145,Veeco Instruments Inc,VECO,NASDAQ,3559,manufacturing,2015Q3,us,DE,1994-11-29,2019-12-31,Alpha Vantage listing interval,resolved_cik,True,1,only eligible resolved security,2015|NASDAQ|manufacturing,3623,19,0.0052442727,190.6842105263,20260916,valid,legacy_reuse,1,artifacts/earnings_call_responses/VECO_2015Q3.json,d946cc7f92534feb9d94bdac6df58cb60208cd366a863e69b50127363698472f,valid full transcript,substantive segmented transcript without detected integrity flags,supported,distinctive company-name token found in opening transcript text,ea5ba0d46a9f84f29b02672f9b22506e22df320cadab57c3324eda30122256d3,,,,unresolved,
CIK0000109156,AVSE02FE7DA2A35FCD4,0000109156,Zale Corp,ZLC,NYSE,5944,retail_trade,2015Q3,us,DE,1993-08-09,2019-12-31,Alpha Vantage listing interval,resolved_cik,False,1,only eligible resolved security,2015|NYSE|retail_trade,362,2,0.0055248619,181.0000000000,20260916,terminal_provider_unavailability,pilot_live,3,artifacts/representative_coverage_pilot_v20260916/raw/CIK0000109156/ZLC/2015Q3/attempt_03_20260917040240936646.json,61aa26428a3dd92ddb6502eccc931650729ea67d96e9f008fd138a27f1f47065,no_transcript,provider returned no usable transcript segments,not_applicable,,,,,,unresolved,
CIK0000864240,AVSE24503CB4783364C,0000864240,Sypris Solutions Inc,SYPR,NASDAQ,3823,manufacturing,2015Q3,us,DE,1994-05-19,2019-12-31,Alpha Vantage listing interval,resolved_cik,True,1,only eligible resolved security,2015|NASDAQ|manufacturing,3623,19,0.0052442727,190.6842105263,20260916,valid,pilot_live,1,artifacts/representative_coverage_pilot_v20260916/raw/CIK0000864240/SYPR/2015Q3/attempt_01_20260917003729600519.json,6160fbf628524a9bf34075e5901f75d4f236acc3e0f3c9279e95be425ae146a8,valid,"usable transcript passed structural, year, and identity checks",supported,distinctive company-name token found in opening transcript text,de4f098c7fb9070db0754be5b417fa0440be1427f2d4a9b3f812a92b04775ea2,,,,unresolved,
CIK0000880266,AVS0718A7FA3971B4A4,0000880266,AGCO Corp,AGCO,NYSE,3523,manufacturing,2015Q3,us,DE,1992-04-20,2019-12-31,Alpha Vantage listing interval,resolved_cik,True,1,only eligible resolved security,2015|NYSE|manufacturing,2089,11,0.0052656774,189.9090909091,20260916,valid,pilot_live,1,artifacts/representative_coverage_pilot_v20260916/raw/CIK0000880266/AGCO/2015Q3/attempt_01_20260917003731604437.json,03e14359408ee621535353f54d085987efb573100d4d8659e038a45cf155064e,valid,"usable transcript passed structural, year, and identity checks",manual_review,no distinctive company-name token found in opening transcript text,1056fa8e83069c381f944c78e0b2dc6c7f5c48fa11b6dfec75730b48e2c88615,,,2015-10-28,high,https://www.sec.gov/Archives/edgar/data/880266/000088026615000034/a2015earningsreleaseq3.htm
CIK0000889900,AVS23DA37B62DB3790C,0000889900,Patterson-UTI Energy Inc,PTEN,NASDAQ,1381,mining,2015Q3,us,DE,1993-11-02,2019-12-31,Alpha Vantage listing interval,resolved_cik,True,1,only eligible resolved security,2015|NASDAQ|mining,206,1,0.0048543689,206.0000000000,20260916,valid,legacy_reuse,1,artifacts/earnings_call_responses/PTEN_2015Q3.json,4d5a8207b1bf9792df410c53bc2336ee1fc10def1ecb20317a43a583ad221b18,valid full transcript,substantive segmented transcript without detected integrity flags,supported,distinctive company-name token found in opening transcript text,ecaa66fc6c93aa38e2542a8cf0f07cc3121f19a7ec9dc7bcf63a4ef90b667acf,,,,unresolved,
CIK0000906163,AVS5101B67014E20244,0000906163,NVR Inc,NVR,NYSE,1531,construction,2015Q3,us,VA,1985-07-22,2019-12-31,Alpha Vantage listing interval,resolved_cik,True,1,only eligible resolved security,2015|NYSE|construction,154,1,0.0064935065,154.0000000000,20260916,terminal_provider_unavailability,pilot_live,2,artifacts/representative_coverage_pilot_v20260916/raw/CIK0000906163/NVR/2015Q3/attempt_02_20260917003733609502.json,05c9d1feaa440724f3093a99305970540f44deef762b81403ff9e2701934e574,no_transcript,provider returned no usable transcript segments,not_applicable,,,,,,unresolved,
CIK0001007330,AVSDF06CB5955C48091,0001007330,PRGX Global Inc,PRGX,NYSE,8700,services,2015Q3,us,GA,1996-03-27,2019-12-31,Alpha Vantage listing interval,resolved_cik,True,1,only eligible resolved security,2015|NYSE|services,890,5,0.0056179775,178.0000000000,20260916,terminal_provider_unavailability,pilot_live,3,artifacts/representative_coverage_pilot_v20260916/raw/CIK0001007330/PRGX/2015Q3/attempt_03_20260917040242946687.json,549830475559e9e73dcf6c865f50632069cd03a5e6f66de6d91c3a7e0bcee540,no_transcript,provider returned no usable transcript segments,not_applicable,,,,,,unresolved,
CIK0001043000,AVS0B5EF118391CFAEB,0001043000,Sonida Senior Living Inc,SNDA,NYSE,8050,services,2015Q3,us,DE,1997-10-31,2019-12-31,Alpha Vantage listing interval,resolved_cik,True,1,only eligible resolved security,2015|NYSE|services,890,5,0.0056179775,178.0000000000,20260916,valid,pilot_live,1,artifacts/representative_coverage_pilot_v20260916/raw/CIK0001043000/SNDA/2015Q3/attempt_01_20260917003737619583.json,d1e04eeccaa6f4cfb4f8d323e39081f4f5b05b29d5db9831a1cc0d834010dcf0,valid,"usable transcript passed structural, year, and identity checks",supported,distinctive company-name token found in opening transcript text,69a2c4b64deccff1763fe648ee2c693214dba392de0a6800dc8fb2c3b233a5c7,,,,unresolved,
CIK0001054833,AVSC9FA19C23C7FC456,0001054833,Coventry Health Care Inc,CVH,NYSE,6324,finance_insurance_real_estate,2015Q3,us,DE,2006-12-28,2019-12-31,Alpha Vantage listing interval,resolved_cik,False,1,only eligible resolved security,2015|NYSE|finance_insurance_real_estate,1793,10,0.0055772448,179.3000000000,20260916,terminal_provider_unavailability,pilot_live,2,artifacts/representative_coverage_pilot_v20260916/raw/CIK0001054833/CVH/2015Q3/attempt_02_20260917041849966545.json,3417ee998be0900f63bf65fe2413871c76f30e5db9fb2f5986ebd5ae88cc4fad,no_transcript,provider returned no usable transcript segments,not_applicable,,,,,,unresolved,
CIK0001124608,AVS724775C477D82320,0001124608,Response Genetics Inc,RGDX,NASDAQ,2835,manufacturing,2015Q3,us,,2007-06-05,2019-12-31,Alpha Vantage listing interval,resolved_cik,False,2,"ranked by active quarter-end evidence, exchange, and plain common-stock symbol",2015|NASDAQ|manufacturing,3623,19,0.0052442727,190.6842105263,20260916,terminal_provider_unavailability,pilot_live,3,artifacts/representative_coverage_pilot_v20260916/raw/CIK0001124608/RGDX/2015Q3/attempt_03_20260917040246960798.json,2419a9f1309d74f951d791973ff70f234daaac4aec218a261450b9c42635342a,no_transcript,provider returned no usable transcript segments,not_applicable,,,,,,unresolved,
CIK0001143513,AVS635879FE5D39C4EB,0001143513,Gladstone Capital Corp,GLAD,NASDAQ,,unknown,2015Q3,us,MD,2002-08-02,2019-12-31,Alpha Vantage listing interval,resolved_cik,True,3,"ranked by active quarter-end evidence, exchange, and plain common-stock symbol",2015|NASDAQ|unknown,132,1,0.0075757576,132.0000000000,20260916,valid,pilot_live,1,artifacts/representative_coverage_pilot_v20260916/raw/CIK0001143513/GLAD/2015Q3/attempt_01_20260917045821564097.json,5d687979ca02304121939b905f9e80403ae192961aa02b531b4269d2dc86c65f,valid,"usable transcript passed structural, year, and identity checks",supported,distinctive company-name token found in opening transcript text,7a820e548230b3f6e16e187f75b24d9ff49210c5a180008af4b8e5cb2ecd38b6,,,,unresolved,
CIK0001339947,AVS358F7271B5023513,0001339947,Viacom Inc,VIA,NASDAQ,4841,transportation_communications_utilities,2015Q3,us,DE,2005-12-05,2019-12-31,Alpha Vantage listing interval,resolved_cik,True,4,"ranked by active quarter-end evidence, exchange, and plain common-stock symbol",2015|NASDAQ|transportation_communications_utilities,501,3,0.0059880240,167.0000000000,20260916,terminal_provider_unavailability,pilot_live,3,artifacts/representative_coverage_pilot_v20260916/raw/CIK0001339947/VIA/2015Q3/attempt_03_20260917040248970469.json,645152379d665da3267452a091350cff7f71b8f7caeade7b7c5a86cf729d97b2,no_transcript,provider returned no usable transcript segments,not_applicable,,,,,,unresolved,
CIK0001357660,AVS038B29598E64A378,0001357660,Synthetic FixedIncome Securities Inc Synthetic FixedIncome Securities Inc Floating Rate Structured Repackaged AssetBacked Trust Securities Certificates,GJT,NYSE,6189,finance_insurance_real_estate,2015Q3,us,,2007-08-01,2019-12-31,Alpha Vantage listing interval,resolved_cik,True,1,only eligible resolved security,2015|NYSE|finance_insurance_real_estate,1793,10,0.0055772448,179.3000000000,20260916,terminal_provider_unavailability,pilot_live,2,artifacts/representative_coverage_pilot_v20260916/raw/CIK0001357660/GJT/2015Q3/attempt_02_20260917041851971571.json,2695fef5feff1d9c818f56a28d8890a3dd2deee9de834667b8912803b3f21962,no_transcript,provider returned no usable transcript segments,not_applicable,,,,,,unresolved,
CIK0001378718,AVS36C50D3AD3BF0074,0001378718,Wesco Aircraft Holdings Inc,WAIR,NYSE,5072,wholesale_trade,2015Q3,us,,2011-07-28,2019-12-31,Alpha Vantage listing interval,resolved_cik,True,1,only eligible resolved security,2015|NYSE|wholesale_trade,173,1,0.0057803468,173.0000000000,20260916,terminal_provider_unavailability,pilot_live,3,artifacts/representative_coverage_pilot_v20260916/raw/CIK0001378718/WAIR/2015Q3/attempt_03_20260917040252988148.json,e3af2534e76d3b3e5ca44c0dbfed7e3995028a3e36926edb878cd2a8fe8fbc11,no_transcript,provider returned no usable transcript segments,not_applicable,,,,,,unresolved,
CIK0001424929,AVS6507D4C8E2CF0232,0001424929,Fox Factory Holding Corp,FOXF,NASDAQ,3751,manufacturing,2015Q3,us,DE,2013-08-08,2019-12-31,Alpha Vantage listing interval,resolved_cik,True,1,only eligible resolved security,2015|NASDAQ|manufacturing,3623,19,0.0052442727,190.6842105263,20260916,valid,pilot_live,1,artifacts/representative_coverage_pilot_v20260916/raw/CIK0001424929/FOXF/2015Q3/attempt_01_20260917003749644953.json,0bf68ed46679dd0392c0fae8dc61b767a4e8862e7dcd82ddd903504a77adc170,valid,"usable transcript passed structural, year, and identity checks",supported,distinctive company-name token found in opening transcript text,da5b8b1bc90a44cfc361675deea9564ed278fd4e017c9130629091b9277e0b63,,,,unresolved,
CIK0001447051,AVS0AA61A5FE80E364D,0001447051,Territorial Bancorp Inc,TBNK,NASDAQ,6035,finance_insurance_real_estate,2015Q3,us,,2009-07-13,2019-12-31,Alpha Vantage listing interval,resolved_cik,True,1,only eligible resolved security,2015|NASDAQ|finance_insurance_real_estate,1972,11,0.0055780933,179.2727272727,20260916,terminal_provider_unavailability,pilot_live,3,artifacts/representative_coverage_pilot_v20260916/raw/CIK0001447051/TBNK/2015Q3/attempt_03_20260917040254998209.json,0c0cca098db41e5cae786219f3d6dd32941fb08417dcaa83f84428ec08e57ca3,no_transcript,provider returned no usable transcript segments,not_applicable,,,,,,unresolved,
CIK0001453814,AVS37D3A5DB0412F416,0001453814,Medidata Solutions Inc,MDSO,NASDAQ,7372,services,2015Q3,us,DE,2009-06-25,2019-12-31,Alpha Vantage listing interval,resolved_cik,True,2,"ranked by active quarter-end evidence, exchange, and plain common-stock symbol",2015|NASDAQ|services,1476,8,0.0054200542,184.5000000000,20260916,terminal_provider_unavailability,pilot_live,3,artifacts/representative_coverage_pilot_v20260916/raw/CIK0001453814/MDSO/2015Q3/attempt_03_20260917040257011071.json,5a4bfd9ad5c629337bfc01960c37658b3c99f2d296ec4afb850be9d56cd3b39f,no_transcript,provider returned no usable transcript segments,not_applicable,,,,,,unresolved,
CIK0001505155,AVSA7717DCCFE2CE428,0001505155,Upland Software Inc,UPLD,NASDAQ,7372,services,2015Q3,us,TX,2014-11-06,2019-12-31,Alpha Vantage listing interval,resolved_cik,True,1,only eligible resolved security,2015|NASDAQ|services,1476,8,0.0054200542,184.5000000000,20260916,valid,pilot_live,1,artifacts/representative_coverage_pilot_v20260916/raw/CIK0001505155/UPLD/2015Q3/attempt_01_20260917003755655580.json,7ac46298d1c2a86b01869413f6bb8b1df135a17633d29523ab49bf66b0a3c6d9,valid,"usable transcript passed structural, year, and identity checks",supported,distinctive company-name token found in opening transcript text,51375fc372dcf9ecc2380f4b4b330ecb7017e1374bdb78b17a59b9e8930a9015,,,,unresolved,
CIK0001514183,AVS6E2CEA3326B43D0D,0001514183,SILO Pharma Inc,SILO,NASDAQ,2834,manufacturing,2015Q3,us,NV,2014-05-13,2019-12-31,Alpha Vantage listing interval,resolved_cik,True,1,only eligible resolved security,2015|NASDAQ|manufacturing,3623,19,0.0052442727,190.6842105263,20260916,terminal_provider_unavailability,pilot_live,3,artifacts/representative_coverage_pilot_v20260916/raw/CIK0001514183/SILO/2015Q3/attempt_03_20260917040259016524.json,86bcd788a1a10aed29e294f936c9705fe13eaf41b9b77f9d90842afce93f527d,no_transcript,provider returned no usable transcript segments,not_applicable,,,,,,unresolved,
CIK0001547063,AVS312C0C713696C107,0001547063,Taminco Corp,TAM,NYSE,2860,manufacturing,2015Q3,us,DE,2000-01-03,2019-12-31,Alpha Vantage listing interval,resolved_cik,False,1,only eligible resolved security,2015|NYSE|manufacturing,2089,11,0.0052656774,189.9090909091,20260916,terminal_provider_unavailability,pilot_live,3,artifacts/representative_coverage_pilot_v20260916/raw/CIK0001547063/TAM/2015Q3/attempt_03_20260917040301019437.json,6adbbf0b8892889c8b6af96ac300e68f74f5ea59a6356e73d8508a142a903c4a,no_transcript,provider returned no usable transcript segments,not_applicable,,,,,,unresolved,
CIK0000078003,AVS003E1D7AE0C34E87,0000078003,Pfizer Inc,PFE,NYSE,2834,manufacturing,2015Q4,us,DE,1972-06-01,2019-12-31,Alpha Vantage listing interval,resolved_cik,True,1,only eligible resolved security,2015|NYSE|manufacturing,2089,11,0.0052656774,189.9090909091,20260916,valid,legacy_reuse,1,artifacts/earnings_call_responses/PFE_2015Q4.json,8876a9dba61c027111d0672487a813c77e7294c9eb9ee2dd5a9d933c0d162d5d,valid full transcript,substantive segmented transcript without detected integrity flags,supported,distinctive company-name token found in opening transcript text,51bfe2fcd8b49fdff320637cf7cc1cdd1705d23c46f6d5b636e08c438ea77902,,,,unresolved,
CIK0000109380,AVSA46A8D87D7C16BE8,0000109380,Zions Bancorporation N.A,ZION,NASDAQ,6021,finance_insurance_real_estate,2015Q4,us,UT,1990-03-26,2019-12-31,Alpha Vantage listing interval,resolved_cik,True,2,"ranked by active quarter-end evidence, exchange, and plain common-stock symbol",2015|NASDAQ|finance_insurance_real_estate,1972,11,0.0055780933,179.2727272727,20260916,valid,pilot_live,1,artifacts/representative_coverage_pilot_v20260916/raw/CIK0000109380/ZION/2015Q4/attempt_01_20260917003803670214.json,10c005917bfbda933025444253db5ea22eedd09ea955ef68f45cc630f87dec0b,valid,"usable transcript passed structural, year, and identity checks",supported,distinctive company-name token found in opening transcript text,f453da0b8bf24a19bc31f26a809d16844d38c7fce608e331a1c4d4e90867dfe5,,,,unresolved,
CIK0000700564,AVSC1CC9B145A6380F1,0000700564,Fulton Financial Corp,FULT,NASDAQ,6021,finance_insurance_real_estate,2015Q4,us,PA,1990-03-26,2019-12-31,Alpha Vantage listing interval,resolved_cik,True,1,only eligible resolved security,2015|NASDAQ|finance_insurance_real_estate,1972,11,0.0055780933,179.2727272727,20260916,valid,pilot_live,1,artifacts/representative_coverage_pilot_v20260916/raw/CIK0000700564/FULT/2015Q4/attempt_01_20260917045823566303.json,ebf37198e11d09d61cdfb163139dc15e4dc78e3a54131dfdd55eaf4c2e6f037d,valid,"usable transcript passed structural, year, and identity checks",supported,distinctive company-name token found in opening transcript text,ca6c2f6ff4017ddcec74f7790bfc57d5001baab4adf70ed8973c0492f614c050,,,2016-01-20,high,https://www.sec.gov/Archives/edgar/data/700564/000070056416000059/fult8-k12x31x15.htm
CIK0000726513,AVSF2FFE13B52DE417E,0000726513,Tribune Media Company,TRCO,NYSE,4833,transportation_communications_utilities,2015Q4,us,DE,2013-01-07,2019-12-31,Alpha Vantage listing interval,resolved_cik,True,2,"ranked by active quarter-end evidence, exchange, and plain common-stock symbol",2015|NYSE|transportation_communications_utilities,743,4,0.0053835801,185.7500000000,20260916,terminal_provider_unavailability,pilot_live,2,artifacts/representative_coverage_pilot_v20260916/raw/CIK0000726513/TRCO/2015Q4/attempt_02_20260917050154063448.json,839ada5174ccf2b9bcc112ab6ffc61d859e774053f5a9bfd8f69f9353797216b,no_transcript,provider returned no usable transcript segments,not_applicable,,,,,,unresolved,
CIK0000872912,AVS63FAC84B5ED91591,0000872912,Delcath Systems Inc,DCTH,NASDAQ,3841,manufacturing,2015Q4,us,DE,2002-05-02,2019-12-31,Alpha Vantage listing interval,resolved_cik,True,1,only eligible resolved security,2015|NASDAQ|manufacturing,3623,19,0.0052442727,190.6842105263,20260916,terminal_provider_unavailability,pilot_live,3,artifacts/representative_coverage_pilot_v20260916/raw/CIK0000872912/DCTH/2015Q4/attempt_03_20260917040303025274.json,7c4f5206a74319e1c42f39174054e3872d8a0035193498797ae306986f5db120,no_transcript,provider returned no usable transcript segments,not_applicable,,,,,,unresolved,
CIK0000921825,AVSF0AECA9072918358,0000921825,First Industrial Realty Trust Inc,FR,NYSE,6798,finance_insurance_real_estate,2015Q4,us,MD,1994-06-24,2019-12-31,Alpha Vantage listing interval,resolved_cik,True,1,only eligible resolved security,2015|NYSE|finance_insurance_real_estate,1793,10,0.0055772448,179.3000000000,20260916,valid,pilot_live,1,artifacts/representative_coverage_pilot_v20260916/raw/CIK0000921825/FR/2015Q4/attempt_01_20260917041545415949.json,b7a0ca57023359fb8442f972965441ab6a7b8302917cac798b0e39bb5dc700ee,valid,"usable transcript passed structural, year, and identity checks",supported,distinctive company-name token found in opening transcript text,e917d3bac9b6dcd29d84e155c4829409a445ee06100dd2d210c3364783ad9833,,,,unresolved,
CIK0000928421,AVS26179FCCDECAEEB2,0000928421,Mattson Technology Inc,MTSN,NASDAQ,3559,manufacturing,2015Q4,us,DE,1994-09-28,2019-12-31,Alpha Vantage listing interval,resolved_cik,True,2,"ranked by active quarter-end evidence, exchange, and plain common-stock symbol",2015|NASDAQ|manufacturing,3623,19,0.0052442727,190.6842105263,20260916,terminal_provider_unavailability,pilot_live,3,artifacts/representative_coverage_pilot_v20260916/raw/CIK0000928421/MTSN/2015Q4/attempt_03_20260917040305028780.json,972f6aec8608da2114f0a0cea069f92febeb06dfad9e6168dda1519ff5e0f5f2,no_transcript,provider returned no usable transcript segments,not_applicable,,,,,,unresolved,
CIK0001000230,AVS19D9E2693C2A77BC,0001000230,Optical Cable Corp,OCC,NASDAQ,3357,manufacturing,2015Q4,us,VA,1996-04-02,2019-12-31,Alpha Vantage listing interval,resolved_cik,True,1,only eligible resolved security,2015|NASDAQ|manufacturing,3623,19,0.0052442727,190.6842105263,20260916,valid,pilot_live,1,artifacts/representative_coverage_pilot_v20260916/raw/CIK0001000230/OCC/2015Q4/attempt_01_20260917003811693342.json,95d6e78f39d54be66295e5dd2a3edde0ab4a037cd268ff4f9725b6522485c567,valid,"usable transcript passed structural, year, and identity checks",supported,distinctive company-name token found in opening transcript text,61e66e47e03065fed2b59233dfdae41d7361eb258c34e83a59b1f0b363acb627,,,,unresolved,
CIK0001015739,AVS460D75B7FF53FBC1,0001015739,Aware Inc,AWRE,NASDAQ,7372,services,2015Q4,us,MA,1996-11-19,2019-12-31,Alpha Vantage listing interval,resolved_cik,True,1,only eligible resolved security,2015|NASDAQ|services,1476,8,0.0054200542,184.5000000000,20260916,terminal_provider_unavailability,pilot_live,2,artifacts/representative_coverage_pilot_v20260916/raw/CIK0001015739/AWRE/2015Q4/attempt_02_20260917050156068474.json,a774a08c4e2010b5e82274f999364cc9fdf8dcc8bfd17c6964f8485d7087d05b,no_transcript,provider returned no usable transcript segments,not_applicable,,,,,,unresolved,
CIK0001022225,AVS77D9FEE5A10FF763,0001022225,Oplink Communications Inc,OPLK,NASDAQ,3661,manufacturing,2015Q4,us,DE,2000-10-04,2019-12-31,Alpha Vantage listing interval,resolved_cik,False,1,only eligible resolved security,2015|NASDAQ|manufacturing,3623,19,0.0052442727,190.6842105263,20260916,terminal_provider_unavailability,pilot_live,3,artifacts/representative_coverage_pilot_v20260916/raw/CIK0001022225/OPLK/2015Q4/attempt_03_20260917040307034484.json,82db6f53aa010c57eaf9d03034bc0ba1b3c69516008a8b5016a9eee142484ab6,no_transcript,provider returned no usable transcript segments,not_applicable,,,,,,unresolved,
CIK0001034670,AVSB40678D39FF54377,0001034670,Autoliv Inc,ALV,NYSE,3714,manufacturing,2015Q4,us,DE,1997-04-28,2019-12-31,Alpha Vantage listing interval,resolved_cik,True,1,only eligible resolved security,2015|NYSE|manufacturing,2089,11,0.0052656774,189.9090909091,20260916,valid,pilot_live,1,artifacts/representative_coverage_pilot_v20260916/raw/CIK0001034670/ALV/2015Q4/attempt_01_20260917003815700145.json,c6c994c3cfaed6a20c07b4709190c2f903f7cd3aa7e9e95d6e9a532c16c0d1d5,valid,"usable transcript passed structural, year, and identity checks",supported,distinctive company-name token found in opening transcript text,6334e703dbfa73ba354490f38e6d4b3be4d01a8a438ab0c9911005d5bea33d47,,,,unresolved,
CIK0001043000,AVS0B5EF118391CFAEB,0001043000,Sonida Senior Living Inc,SNDA,NYSE,8050,services,2015Q4,us,DE,1997-10-31,2019-12-31,Alpha Vantage listing interval,resolved_cik,True,1,only eligible resolved security,2015|NYSE|services,890,5,0.0056179775,178.0000000000,20260916,valid,pilot_live,1,artifacts/representative_coverage_pilot_v20260916/raw/CIK0001043000/SNDA/2015Q4/attempt_01_20260917003817702186.json,15e98e0e20ac3eed868d277a9bdc9cf21ef9eec5a74d137159a8ccea33caf7f6,valid,"usable transcript passed structural, year, and identity checks",supported,distinctive company-name token found in opening transcript text,cc89591691b467bc990f777b385b1c9e1630a023e97adf712cd68326cca3feeb,,,,unresolved,
CIK0001054833,AVSC9FA19C23C7FC456,0001054833,Coventry Health Care Inc,CVH,NYSE,6324,finance_insurance_real_estate,2015Q4,us,DE,2006-12-28,2019-12-31,Alpha Vantage listing interval,resolved_cik,False,1,only eligible resolved security,2015|NYSE|finance_insurance_real_estate,1793,10,0.0055772448,179.3000000000,20260916,terminal_provider_unavailability,pilot_live,2,artifacts/representative_coverage_pilot_v20260916/raw/CIK0001054833/CVH/2015Q4/attempt_02_20260917041853976601.json,f0513a6223b6f7fe9d17f3b743479328a1077b5b9b4fa1c5b3ab66bf3f49005a,no_transcript,provider returned no usable transcript segments,not_applicable,,,,,,unresolved,
CIK0001058307,AVS5AF19A7CE9067450,0001058307,NextPlat Corp,NXPL,NASDAQ,4813,transportation_communications_utilities,2015Q4,us,NV,2014-05-20,2019-12-31,Alpha Vantage listing interval,resolved_cik,True,1,only eligible resolved security,2015|NASDAQ|transportation_communications_utilities,501,3,0.0059880240,167.0000000000,20260916,terminal_provider_unavailability,pilot_live,3,artifacts/representative_coverage_pilot_v20260916/raw/CIK0001058307/NXPL/2015Q4/attempt_03_20260917040311044024.json,0a740a7759659d4c757a458811d2e911beb4605e97b90b6af7f96b3a136a93fb,no_transcript,provider returned no usable transcript segments,not_applicable,,,,,,unresolved,
CIK0001089143,AVS17C80D6F88BBCCE3,0001089143,Collectors Universe Inc,CLCT,NASDAQ,7389,services,2015Q4,us,DE,1999-11-05,2019-12-31,Alpha Vantage listing interval,resolved_cik,True,1,only eligible resolved security,2015|NASDAQ|services,1476,8,0.0054200542,184.5000000000,20260916,terminal_provider_unavailability,pilot_live,2,artifacts/representative_coverage_pilot_v20260916/raw/CIK0001089143/CLCT/2015Q4/attempt_02_20260917050158073371.json,5c93cf42caea0f0455957f6f9cb9d48daca678e62d81657ab29fe9fb0d9444f2,no_transcript,provider returned no usable transcript segments,not_applicable,,,,,,unresolved,
CIK0001126328,AVS2F0DF0A48225490F,0001126328,Principal Financial Group Inc,PFG,NASDAQ,6321,finance_insurance_real_estate,2015Q4,us,DE,2001-10-23,2019-12-31,Alpha Vantage listing interval,resolved_cik,True,1,only eligible resolved security,2015|NASDAQ|finance_insurance_real_estate,1972,11,0.0055780933,179.2727272727,20260916,valid,pilot_live,1,artifacts/representative_coverage_pilot_v20260916/raw/CIK0001126328/PFG/2015Q4/attempt_01_20260917045831582982.json,3d64cee16abf3e0ff8c3460847681ae5d145df2754690f5733cd4c741a0b9840,valid,"usable transcript passed structural, year, and identity checks",supported,distinctive company-name token found in opening transcript text,d2a2ddd5e1a0186a291b9487254d6e86c507eb064a97c261afdc64a2843f8bdf,,,,unresolved,
CIK0001169652,AVSE634918466E2EE11,0001169652,ChannelAdvisor Corp,ECOM,NYSE,7372,services,2015Q4,us,DE,2013-05-23,2019-12-31,Alpha Vantage listing interval,resolved_cik,True,1,only eligible resolved security,2015|NYSE|services,890,5,0.0056179775,178.0000000000,20260916,terminal_provider_unavailability,pilot_live,3,artifacts/representative_coverage_pilot_v20260916/raw/CIK0001169652/ECOM/2015Q4/attempt_03_20260917040313052187.json,bba998e3c08d21d3c0e5449daf86bc90c959d6cec6cfdfaa1cece29a3cbb76ab,no_transcript,provider returned no usable transcript segments,not_applicable,,,,,,unresolved,
CIK0001178970,AVSB99C9594102A94B6,0001178970,Provident Financial Services Inc,PFS,NYSE,6035,finance_insurance_real_estate,2015Q4,us,DE,2003-01-16,2019-12-31,Alpha Vantage listing interval,resolved_cik,True,1,only eligible resolved security,2015|NYSE|finance_insurance_real_estate,1793,10,0.0055772448,179.3000000000,20260916,valid,pilot_live,1,artifacts/representative_coverage_pilot_v20260916/raw/CIK0001178970/PFS/2015Q4/attempt_01_20260917041549426949.json,2ca99058291b3892870a1b76ae21b8915c406dcd14c96e26af15a69870e7e790,valid,"usable transcript passed structural, year, and identity checks",supported,distinctive company-name token found in opening transcript text,2e2ef82aac3a4839545c1533a41c27df91f4708722fd5c9670f8479af47e49be,,,,unresolved,
CIK0001355096,AVS15733B2C8826382E,0001355096,Liberty Interactive Corp,QVCA,NASDAQ,5961,retail_trade,2015Q4,us,,2006-05-10,2019-12-31,Alpha Vantage listing interval,resolved_cik,True,4,"ranked by active quarter-end evidence, exchange, and plain common-stock symbol",2015|NASDAQ|retail_trade,445,2,0.0044943820,222.5000000000,20260916,terminal_provider_unavailability,pilot_live,3,artifacts/representative_coverage_pilot_v20260916/raw/CIK0001355096/QVCA/2015Q4/attempt_03_20260917040315060484.json,ca80e48b8da17f5b8dbeb3dd7cdc13c3d7af033e57ffd43ebb163c52b5fe43a0,no_transcript,provider returned no usable transcript segments,not_applicable,,,,,,unresolved,
CIK0001376610,AVS7057BA0E5411B99C,0001376610,Allied Nevada Gold Corp,ANVGQ,NYSE,1040,mining,2015Q4,us,DE,2015-03-10,2019-12-31,Alpha Vantage listing interval,resolved_cik,True,3,"ranked by active quarter-end evidence, exchange, and plain common-stock symbol",2015|NYSE|mining,477,3,0.0062893082,159.0000000000,20260916,terminal_provider_unavailability,pilot_live,2,artifacts/representative_coverage_pilot_v20260916/raw/CIK0001376610/ANVGQ/2015Q4/attempt_02_20260917050200078397.json,2cd35e0ce80a6c40cd231560fb02e02111db2ae5bdca7c03f82281861f1c09e1,no_transcript,provider returned no usable transcript segments,not_applicable,,,,,,unresolved,
CIK0001421419,AVS890E735A4F7EEABF,0001421419,AGA Medical Holdings Inc,AGAM,NASDAQ,3845,manufacturing,2015Q4,us,DE,2009-10-21,2019-12-31,Alpha Vantage listing interval,resolved_cik,False,1,only eligible resolved security,2015|NASDAQ|manufacturing,3623,19,0.0052442727,190.6842105263,20260916,terminal_provider_unavailability,pilot_live,3,artifacts/representative_coverage_pilot_v20260916/raw/CIK0001421419/AGAM/2015Q4/attempt_03_20260917040319079997.json,d8f01eb12ba190f732af337d8cc2f9209ec77f8f66359a8cc6b1c48ea309cf45,no_transcript,provider returned no usable transcript segments,not_applicable,,,,,,unresolved,
CIK0001514183,AVS6E2CEA3326B43D0D,0001514183,SILO Pharma Inc,SILO,NASDAQ,2834,manufacturing,2015Q4,us,NV,2014-05-13,2019-12-31,Alpha Vantage listing interval,resolved_cik,True,1,only eligible resolved security,2015|NASDAQ|manufacturing,3623,19,0.0052442727,190.6842105263,20260916,terminal_provider_unavailability,pilot_live,3,artifacts/representative_coverage_pilot_v20260916/raw/CIK0001514183/SILO/2015Q4/attempt_03_20260917040323086110.json,7662eea0a2bad1fc6f902e865300e1114ed5e4cb12777b61a75317ef5c6d69c0,no_transcript,provider returned no usable transcript segments,not_applicable,,,,,,unresolved,
CIK0001553023,AVSB718B842651DC184,0001553023,CyrusOne Inc,CONE,NASDAQ,6798,finance_insurance_real_estate,2015Q4,us,DE,2013-01-18,2019-12-31,Alpha Vantage listing interval,resolved_cik,True,1,only eligible resolved security,2015|NASDAQ|finance_insurance_real_estate,1972,11,0.0055780933,179.2727272727,20260916,terminal_provider_unavailability,pilot_live,3,artifacts/representative_coverage_pilot_v20260916/raw/CIK0001553023/CONE/2015Q4/attempt_03_20260917040325096166.json,76ccecbb4cb4683e0f34757afdd13059caf740b4ae420acae75a225b09f811d9,no_transcript,provider returned no usable transcript segments,not_applicable,,,,,,unresolved,
CIK0001578732,AVS8DF1597D2ACA0437,0001578732,Marcus & Millichap Inc,MMI,NYSE,6531,finance_insurance_real_estate,2015Q4,us,,2013-10-31,2019-12-31,Alpha Vantage listing interval,resolved_cik,True,1,only eligible resolved security,2015|NYSE|finance_insurance_real_estate,1793,10,0.0055772448,179.3000000000,20260916,valid,pilot_live,1,artifacts/representative_coverage_pilot_v20260916/raw/CIK0001578732/MMI/2015Q4/attempt_01_20260917041553434459.json,5c21b7e9545a0e6bed2e241c89e3a979fc2c8ae0af0dae8cb1df35253d9acd6c,valid,"usable transcript passed structural, year, and identity checks",supported,distinctive company-name token found in opening transcript text,5e8ab1cbcede40a7b25d90dd4bd5b362628285a57ef8cd064c2908f5fd91845e,,,,unresolved,
CIK0001588216,AVSDB64519E503C913E,0001588216,RSP Permian Inc,RSPP,NYSE,1311,mining,2015Q4,us,,2014-01-17,2019-12-31,Alpha Vantage listing interval,resolved_cik,True,2,"ranked by active quarter-end evidence, exchange, and plain common-stock symbol",2015|NYSE|mining,477,3,0.0062893082,159.0000000000,20260916,terminal_provider_unavailability,pilot_live,2,artifacts/representative_coverage_pilot_v20260916/raw/CIK0001588216/RSPP/2015Q4/attempt_02_20260917041855978813.json,ede9078bcaf6863ccb374b414ab9d743ac74236beba8b2200f7b85e0e7ef5c47,no_transcript,provider returned no usable transcript segments,not_applicable,,,,,,unresolved,
CIK0001707919,AVSC64CF1A629DF33C9,0001707919,Cenntro Electric Group Ltd,CENN,NASDAQ,3711,manufacturing,2015Q4,us,NV,2009-12-16,2019-12-31,Alpha Vantage listing interval,resolved_cik,True,1,only eligible resolved security,2015|NASDAQ|manufacturing,3623,19,0.0052442727,190.6842105263,20260916,terminal_provider_unavailability,pilot_live,3,artifacts/representative_coverage_pilot_v20260916/raw/CIK0001707919/CENN/2015Q4/attempt_03_20260917040329099854.json,18b8b72336bf08d54bfb472033ce810ffef3cd3871a3d1f11db7b0bd7f0282a4,no_transcript,provider returned no usable transcript segments,not_applicable,,,,,,unresolved,
CIK0000001750,AVS336925A290DD6DD9,0000001750,AAR Corp,AIR,NYSE,3720,manufacturing,2016Q1,us,DE,1984-07-19,2019-12-31,Alpha Vantage listing interval,resolved_cik,True,1,only eligible resolved security,2016|NYSE|manufacturing,2168,12,0.0055350554,180.6666666667,20260916,valid,legacy_reuse,1,artifacts/earnings_call_responses/AIR_2016Q1.json,a3c15f9de5f38cb7aa14e7be9f3e424a44e56809e6c432b93e3fdbfda722f045,valid full transcript,substantive segmented transcript without detected integrity flags,manual_review,no distinctive company-name token found in opening transcript text,ae83904f0254317290a1f4ab6ceddcc028523396fad4eee74c7f99005204ed8e,,,,unresolved,
CIK0000055529,AVS6E2EA7A5FF27524E,0000055529,Kewaunee Scientific Corporation,KEQU,NASDAQ,3821,manufacturing,2016Q1,us,DE,1992-02-25,2019-12-31,Alpha Vantage listing interval,resolved_cik,True,1,only eligible resolved security,2016|NASDAQ|manufacturing,3946,21,0.0053218449,187.9047619048,20260916,terminal_provider_unavailability,pilot_live,3,artifacts/representative_coverage_pilot_v20260916/raw/CIK0000055529/KEQU/2016Q1/attempt_03_20260917040333116559.json,17a14627db20a29ee6eefe768b22ea41dc1e86b64bb7f3bfe96f3e2e7ea263e4,no_transcript,provider returned no usable transcript segments,not_applicable,,,,,,unresolved,
CIK0000076267,AVS40D4AD35FE685D8F,0000076267,Park Aerospace Corp,PKE,NYSE,3728,manufacturing,2016Q1,us,NY,1987-12-30,2019-12-31,Alpha Vantage listing interval,resolved_cik,True,1,only eligible resolved security,2016|NYSE|manufacturing,2168,12,0.0055350554,180.6666666667,20260916,valid,pilot_live,1,artifacts/representative_coverage_pilot_v20260916/raw/CIK0000076267/PKE/2016Q1/attempt_01_20260917003849771383.json,d959eb914bdb895144439d0c350192b1607f2dee3ffc6a9595ef9734811bc23a,valid,"usable transcript passed structural, year, and identity checks",supported,distinctive company-name token found in opening transcript text,901e79b58b509e2cc858d83e1343879921ca9e517f5aa8eff4b4f3b2eb33fbf4,,,2016-07-05,high,https://www.sec.gov/Archives/edgar/data/76267/000143774916034581/ex99-1.htm
CIK0000215419,AVSB616337AB996D8AD,0000215419,Checkpoint Systems Inc,CKP,NYSE,3669,manufacturing,2016Q1,us,PA,1986-11-12,2019-12-31,Alpha Vantage listing interval,resolved_cik,True,2,"ranked by active quarter-end evidence, exchange, and plain common-stock symbol",2016|NYSE|manufacturing,2168,12,0.0055350554,180.6666666667,20260916,terminal_provider_unavailability,pilot_live,3,artifacts/representative_coverage_pilot_v20260916/raw/CIK0000215419/CKP/2016Q1/attempt_03_20260917040335119912.json,50ff7cb33c7c2f36673222182edea81b3dc237415e5e5cdf7e09cfee78dc799a,no_transcript,provider returned no usable transcript segments,not_applicable,,,,,,unresolved,
CIK0000351077,AVSB82B1D2E6A66A2D6,0000351077,Citizens Republic Bancorp Inc,CRBC,NASDAQ,6021,finance_insurance_real_estate,2016Q1,us,MI,2006-12-28,2019-12-31,Alpha Vantage listing interval,resolved_cik,False,1,only eligible resolved security,2016|NASDAQ|finance_insurance_real_estate,2135,11,0.0051522248,194.0909090909,20260916,terminal_provider_unavailability,pilot_live,3,artifacts/representative_coverage_pilot_v20260916/raw/CIK0000351077/CRBC/2016Q1/attempt_03_20260917040337130026.json,2243bdf8fdc811af7de97a814497e7f234240025246e4a4bb991c2af59a5c680,no_transcript,provider returned no usable transcript segments,not_applicable,,,,,,unresolved,
CIK0000700863,AVSDB4758D922F256E4,0000700863,Susquehanna Bancshares Inc,SUSQ,NASDAQ,6021,finance_insurance_real_estate,2016Q1,us,PA,1990-03-26,2019-12-31,Alpha Vantage listing interval,resolved_cik,False,1,only eligible resolved security,2016|NASDAQ|finance_insurance_real_estate,2135,11,0.0051522248,194.0909090909,20260916,terminal_provider_unavailability,pilot_live,3,artifacts/representative_coverage_pilot_v20260916/raw/CIK0000700863/SUSQ/2016Q1/attempt_03_20260917040339135325.json,92f934d2a30983fc8cc0ff03cb42633d38244fdd26e80a81f939932169afd8db,no_transcript,provider returned no usable transcript segments,not_applicable,,,,,,unresolved,
CIK0000715957,AVS53EDA942F3A8DB4A,0000715957,Dominion Energy Inc,D,NYSE,4911,transportation_communications_utilities,2016Q1,us,VA,1984-10-03,2019-12-31,Alpha Vantage listing interval,resolved_cik,True,1,only eligible resolved security,2016|NYSE|transportation_communications_utilities,769,4,0.0052015605,192.2500000000,20260916,valid,pilot_live,1,artifacts/representative_coverage_pilot_v20260916/raw/CIK0000715957/D/2016Q1/attempt_01_20260917041557443479.json,0807775330a6caa9876caa0cf185472bface1efe638620d3920988fa0190d2be,valid,"usable transcript passed structural, year, and identity checks",supported,distinctive company-name token found in opening transcript text,f875a3fb8ef2145226ead971c7587219847dcaf7f4f877524daeb456d5807769,,,,unresolved,
CIK0000740664,AVS0C910DAE0970D38D,0000740664,RF Industries Ltd,RFIL,NASDAQ,3678,manufacturing,2016Q1,us,NV,1997-05-28,2019-12-31,Alpha Vantage listing interval,resolved_cik,True,1,only eligible resolved security,2016|NASDAQ|manufacturing,3946,21,0.0053218449,187.9047619048,20260916,terminal_provider_unavailability,pilot_live,3,artifacts/representative_coverage_pilot_v20260916/raw/CIK0000740664/RFIL/2016Q1/attempt_03_20260917040341147934.json,2efc42722172421dd50749e618a492227895caa0a4bba2188d553d955ad10b8f,no_transcript,provider returned no usable transcript segments,not_applicable,,,,,,unresolved,
CIK0000918581,AVS714AC58EDAE463C6,0000918581,CIBER Inc,CBR,NYSE,7371,services,2016Q1,us,DE,1994-03-17,2019-12-31,Alpha Vantage listing interval,resolved_cik,True,2,"ranked by active quarter-end evidence, exchange, and plain common-stock symbol",2016|NYSE|services,958,5,0.0052192067,191.6000000000,20260916,terminal_provider_unavailability,pilot_live,3,artifacts/representative_coverage_pilot_v20260916/raw/CIK0000918581/CBR/2016Q1/attempt_03_20260917040343162457.json,eff5f5f8b0a909866e8e0354faf346d7f248bafb98cb06ca577628b786ef640e,no_transcript,provider returned no usable transcript segments,not_applicable,,,,,,unresolved,
CIK0001019849,AVSF3D678866EB01CCC,0001019849,Penske Automotive Group Inc,PAG,NYSE,5500,retail_trade,2016Q1,us,DE,1996-10-23,2019-12-31,Alpha Vantage listing interval,resolved_cik,True,1,only eligible resolved security,2016|NYSE|retail_trade,381,2,0.0052493438,190.5000000000,20260916,valid,pilot_live,1,artifacts/representative_coverage_pilot_v20260916/raw/CIK0001019849/PAG/2016Q1/attempt_01_20260917003903815176.json,244b5d4f99cc0f537e3634220fea3ad0da14534ffedb0af621e2f70e3769ee9f,valid,"usable transcript passed structural, year, and identity checks",supported,distinctive company-name token found in opening transcript text,b84152ca1e404906ec391af622dff1d1fd56b3348306735e8f82670d56e2438a,,,,unresolved,
CIK0001037540,AVS9B7D248927C55748,0001037540,Boston Properties Inc,BXP,NYSE,6798,finance_insurance_real_estate,2016Q1,us,DE,1997-06-18,2019-12-31,Alpha Vantage listing interval,resolved_cik,True,1,only eligible resolved security,2016|NYSE|finance_insurance_real_estate,1853,10,0.0053966541,185.3000000000,20260916,valid,pilot_live,1,artifacts/representative_coverage_pilot_v20260916/raw/CIK0001037540/BXP/2016Q1/attempt_01_20260917045835592523.json,dfff116f4bec77943c34eef93cf54632c126e907e74c9ca710d406b624616c2a,valid,"usable transcript passed structural, year, and identity checks",supported,distinctive company-name token found in opening transcript text,e87dda63d16c535190af3e86cfa3ba39b2e438660e386ef4b63976be385752a3,,,2016-07-27,high,https://www.sec.gov/Archives/edgar/data/1037540/000119312516658441/d223944dex991.htm
CIK0001044777,AVS2AA1D4A45E4B7BC4,0001044777,OneSpan Inc,OSPN,NASDAQ,7373,services,2016Q1,us,DE,2001-01-02,2019-12-31,Alpha Vantage listing interval,resolved_cik,True,3,"ranked by active quarter-end evidence, exchange, and plain common-stock symbol",2016|NASDAQ|services,1629,9,0.0055248619,181.0000000000,20260916,terminal_provider_unavailability,pilot_live,3,artifacts/representative_coverage_pilot_v20260916/raw/CIK0001044777/OSPN/2016Q1/attempt_03_20260917040345170239.json,83cc53d6d9f96628dd3eccb1c2169ced81fc3d0905e0f7c5549e8a1ae0aba3c1,no_transcript,provider returned no usable transcript segments,not_applicable,,,,,,unresolved,
CIK0001235007,AVS6BA80B20EF51DE84,0001235007,Endocyte Inc,ECYT,NASDAQ,2834,manufacturing,2016Q1,us,DE,2011-02-04,2019-12-31,Alpha Vantage listing interval,resolved_cik,True,2,"ranked by active quarter-end evidence, exchange, and plain common-stock symbol",2016|NASDAQ|manufacturing,3946,21,0.0053218449,187.9047619048,20260916,terminal_provider_unavailability,pilot_live,3,artifacts/representative_coverage_pilot_v20260916/raw/CIK0001235007/ECYT/2016Q1/attempt_03_20260917040347171449.json,af3d6ed2768b6a758c5cdd7e3f54769baf97074323b1238291783c7c738f1c50,no_transcript,provider returned no usable transcript segments,not_applicable,,,,,,unresolved,
CIK0001299709,AVS1FA7F2DFD1BB1CD3,0001299709,BofI Holding Inc,BOFI,NASDAQ,6035,finance_insurance_real_estate,2016Q1,us,DE,2005-03-15,2019-12-31,Alpha Vantage listing interval,resolved_cik,True,2,"ranked by active quarter-end evidence, exchange, and plain common-stock symbol",2016|NASDAQ|finance_insurance_real_estate,2135,11,0.0051522248,194.0909090909,20260916,terminal_provider_unavailability,pilot_live,3,artifacts/representative_coverage_pilot_v20260916/raw/CIK0001299709/BOFI/2016Q1/attempt_03_20260917040349175391.json,fbce3f84984b9e4e87e34e2d29515ca75a8cf0160e6ad47a5ea50297c0876e55,no_transcript,provider returned no usable transcript segments,not_applicable,,,,,,unresolved,
CIK0001302387,AVSFED97BF3C9F637CD,0001302387,BV Financial Inc,BVFL,NASDAQ,6035,finance_insurance_real_estate,2016Q1,us,MD,2016-01-13,2019-12-31,Alpha Vantage listing interval,resolved_cik,True,1,only eligible resolved security,2016|NASDAQ|finance_insurance_real_estate,2135,11,0.0051522248,194.0909090909,20260916,terminal_provider_unavailability,pilot_live,3,artifacts/representative_coverage_pilot_v20260916/raw/CIK0001302387/BVFL/2016Q1/attempt_03_20260917040351185445.json,4947c9839253e2561d267196748cf5ee9178195c62c166c5d9ec0b827ad84bdc,no_transcript,provider returned no usable transcript segments,not_applicable,,,,,,unresolved,
CIK0001329919,AVSA9B9FB9D3230004D,0001329919,Vocus Inc,VOCS,NASDAQ,7372,services,2016Q1,us,DE,2005-12-07,2019-12-31,Alpha Vantage listing interval,resolved_cik,False,1,only eligible resolved security,2016|NASDAQ|services,1629,9,0.0055248619,181.0000000000,20260916,terminal_provider_unavailability,pilot_live,3,artifacts/representative_coverage_pilot_v20260916/raw/CIK0001329919/VOCS/2016Q1/attempt_03_20260917040353189547.json,2eb5a268fc3cc7d0e989e74005abc6297affead071b5d468ed876e7fd612094e,no_transcript,provider returned no usable transcript segments,not_applicable,,,,,,unresolved,
CIK0001370755,AVS8883D314C9EC5411,0001370755,BlackRock TCP Capital Corp,TCPC,NASDAQ,,unknown,2016Q1,us,DE,2012-04-04,2019-12-31,Alpha Vantage listing interval,resolved_cik,True,1,only eligible resolved security,2016|NASDAQ|unknown,133,1,0.0075187970,133.0000000000,20260916,valid,pilot_live,1,artifacts/representative_coverage_pilot_v20260916/raw/CIK0001370755/TCPC/2016Q1/attempt_01_20260917003919854239.json,d355bb1ef48fef28f925cdb9ad8adb6f2a347a3cf1a281f8fe47c72608ceadae,valid,"usable transcript passed structural, year, and identity checks",supported,distinctive company-name token found in opening transcript text,4d1facfd3f29f66bcb115ffcdc86cd31cab0e311fa9542fa82707461bf7748fe,,,,unresolved,
CIK0001386858,AVS840843F03D64550B,0001386858,Hyperion Therapeutics Inc,HPTX,NASDAQ,2834,manufacturing,2016Q1,us,DE,2012-07-26,2019-12-31,Alpha Vantage listing interval,resolved_cik,False,1,only eligible resolved security,2016|NASDAQ|manufacturing,3946,21,0.0053218449,187.9047619048,20260916,terminal_provider_unavailability,pilot_live,3,artifacts/representative_coverage_pilot_v20260916/raw/CIK0001386858/HPTX/2016Q1/attempt_03_20260917040355199591.json,cef9d1ba9084e51072a622021d6db8b77747df589f60e1627cea614f68cc5c4c,no_transcript,provider returned no usable transcript segments,not_applicable,,,,,,unresolved,
CIK0001459200,AVSAFCB8316BE9C3264,0001459200,Alarm.com Holdings Inc,ALRM,NASDAQ,7372,services,2016Q1,us,DE,2015-06-26,2019-12-31,Alpha Vantage listing interval,resolved_cik,True,1,only eligible resolved security,2016|NASDAQ|services,1629,9,0.0055248619,181.0000000000,20260916,valid,pilot_live,1,artifacts/representative_coverage_pilot_v20260916/raw/CIK0001459200/ALRM/2016Q1/attempt_01_20260917003923861856.json,079a756198a16d929ead75ee4b2bd2fbcbadf03d0ed82662c31ac6250ccb305a,valid,"usable transcript passed structural, year, and identity checks",supported,distinctive company-name token found in opening transcript text,fe7d32045abc0718ce531f729205d152c5d3100f7509cbf465a7e107a17a36f0,,,,unresolved,
CIK0001506401,AVSBD0B6E9B265DF6AE,0001506401,InfraREIT Inc,HIFR,NYSE,6798,finance_insurance_real_estate,2016Q1,us,MD,2015-01-30,2019-12-31,Alpha Vantage listing interval,resolved_cik,True,2,"ranked by active quarter-end evidence, exchange, and plain common-stock symbol",2016|NYSE|finance_insurance_real_estate,1853,10,0.0053966541,185.3000000000,20260916,terminal_provider_unavailability,pilot_live,2,artifacts/representative_coverage_pilot_v20260916/raw/CIK0001506401/HIFR/2016Q1/attempt_02_20260917041857983834.json,6756ebf79d7ee99b6d486072d9e155063dcc9d2064054513d6da67c6be46e211,no_transcript,provider returned no usable transcript segments,not_applicable,,,,,,unresolved,
CIK0001524931,AVS348CE78F9E9B068E,0001524931,Chuy`s Holdings Inc,CHUY,NASDAQ,5812,retail_trade,2016Q1,us,DE,2012-07-24,2019-12-31,Alpha Vantage listing interval,resolved_cik,True,1,only eligible resolved security,2016|NASDAQ|retail_trade,469,3,0.0063965885,156.3333333333,20260916,terminal_provider_unavailability,pilot_live,3,artifacts/representative_coverage_pilot_v20260916/raw/CIK0001524931/CHUY/2016Q1/attempt_03_20260917040357209650.json,7a32079c274a39d6295c7c49b5a6e8b8e606c5d8513c27695ae04bc1ac62edfc,no_transcript,provider returned no usable transcript segments,not_applicable,,,,,,unresolved,
CIK0001585608,AVS3BA9CA534DC29CA3,0001585608,Jaguar Health Inc,JAGX,NASDAQ,2834,manufacturing,2016Q1,us,DE,2015-05-13,2019-12-31,Alpha Vantage listing interval,resolved_cik,True,1,only eligible resolved security,2016|NASDAQ|manufacturing,3946,21,0.0053218449,187.9047619048,20260916,terminal_provider_unavailability,pilot_live,3,artifacts/representative_coverage_pilot_v20260916/raw/CIK0001585608/JAGX/2016Q1/attempt_03_20260917040359219687.json,0a2e3963c6856d989a79301f55c98ab5f956dc762e0f97f1b6ce5f30a906b21f,no_transcript,provider returned no usable transcript segments,not_applicable,,,,,,unresolved,
CIK0001587987,AVSDE3C88FB6F965F63,0001587987,NewtekOne Inc,NEWT,NASDAQ,6021,finance_insurance_real_estate,2016Q1,us,MD,2000-09-27,2019-12-31,Alpha Vantage listing interval,resolved_cik,True,3,"ranked by active quarter-end evidence, exchange, and plain common-stock symbol",2016|NASDAQ|finance_insurance_real_estate,2135,11,0.0051522248,194.0909090909,20260916,valid,pilot_live,1,artifacts/representative_coverage_pilot_v20260916/raw/CIK0001587987/NEWT/2016Q1/attempt_01_20260917045837597578.json,23d0f649a57d49013df0082607d431568e1a6d1514e349c8eca65389d9f8f785,valid,"usable transcript passed structural, year, and identity checks",supported,distinctive company-name token found in opening transcript text,3560d8a72165dd0090960746bb85cc967d874387d5a167b22db74ebd11d91eaa,,,,unresolved,
CIK0000023111,AVS4D7F398CB179CADF,0000023111,Computer Task Group Inc,CTG,NASDAQ,7371,services,2016Q2,us,NY,1988-01-05,2019-12-31,Alpha Vantage listing interval,resolved_cik,True,1,only eligible resolved security,2016|NASDAQ|services,1629,9,0.0055248619,181.0000000000,20260916,terminal_provider_unavailability,pilot_live,2,artifacts/representative_coverage_pilot_v20260916/raw/CIK0000023111/CTG/2016Q2/attempt_02_20260917050202082190.json,f1365ad7bb04324309ed4e39e4762aaa24f3ed20a19b29b721cb8b375b3b9ce6,no_transcript,provider returned no usable transcript segments,not_applicable,,,,,,unresolved,
CIK0000030625,AVSD9018EB841FE838A,0000030625,Flowserve Corp,FLS,NYSE,3561,manufacturing,2016Q2,us,NY,1990-03-26,2019-12-31,Alpha Vantage listing interval,resolved_cik,True,1,only eligible resolved security,2016|NYSE|manufacturing,2168,12,0.0055350554,180.6666666667,20260916,valid,pilot_live,1,artifacts/representative_coverage_pilot_v20260916/raw/CIK0000030625/FLS/2016Q2/attempt_01_20260917003933891490.json,e70996d6ff7c20859099fcddf8e1339897aff648ec33d79e49e1c72d361d63df,valid,"usable transcript passed structural, year, and identity checks",supported,distinctive company-name token found in opening transcript text,f63a4a879d87d79f2e5c1fa837b4c849ca1b103d7f12df21173951fd732994c5,,,,unresolved,
CIK0000070858,AVSDDBB20EA4AE41A4B,0000070858,Bank Of America Corp,BAC,NYSE,6021,finance_insurance_real_estate,2016Q2,us,DE,1986-05-29,2019-12-31,Alpha Vantage listing interval,resolved_cik,True,1,only eligible resolved security,2016|NYSE|finance_insurance_real_estate,1853,10,0.0053966541,185.3000000000,20260916,valid,legacy_reuse,1,artifacts/earnings_call_responses/BAC_2016Q2.json,5574497c3560d4364a73a52bddab317db20782e4aea5c223e63c0545dbc1528f,valid full transcript,substantive segmented transcript without detected integrity flags,supported,distinctive company-name token found in opening transcript text,3f01081614d5f7757ae1ba1a429c52dd4f3c9af51d3f07f4a3d391e9ab5a71bd,,,,unresolved,
CIK0000077543,AVSADC326A30F080DAA,0000077543,Tutor Perini Corp,TPC,NYSE,1540,construction,2016Q2,us,MA,1973-05-03,2019-12-31,Alpha Vantage listing interval,resolved_cik,True,1,only eligible resolved security,2016|NYSE|construction,156,1,0.0064102564,156.0000000000,20260916,valid,legacy_reuse,1,artifacts/earnings_call_responses/TPC_2016Q2.json,4b70c5714bf8e1cca1494c060e0ce63a5ed870e0def264b005de0c0bf424116a,valid full transcript,substantive segmented transcript without detected integrity flags,supported,distinctive company-name token found in opening transcript text,22c5b5a8963ce84da7c53598795bba66f451fbae6a1e8001f2d5e40e857afa7a,,,,unresolved,
CIK0000723612,AVSCEC14CE74A4E58DE,0000723612,Avis Budget Group Inc,CAR,NASDAQ,7510,services,2016Q2,us,DE,1990-01-12,2019-12-31,Alpha Vantage listing interval,resolved_cik,True,1,only eligible resolved security,2016|NASDAQ|services,1629,9,0.0055248619,181.0000000000,20260916,valid,pilot_live,1,artifacts/representative_coverage_pilot_v20260916/raw/CIK0000723612/CAR/2016Q2/attempt_01_20260917045841607627.json,062f4c95a56468965a7c50a77a658384aacfd9d3e1a08eff9b61e35f61e71774,valid,"usable transcript passed structural, year, and identity checks",supported,distinctive company-name token found in opening transcript text,d695dd13868c586dd47e035e7e25b33bd8bf16807345a886bcb97851bbcc3ebf,,,2016-08-03,high,https://www.sec.gov/Archives/edgar/data/723612/000072361216000320/exhibit991foraugust220168k.htm
CIK0000815094,AVSE684B1CFB175CDA2,0000815094,Abiomed Inc,ABMD,NASDAQ,3841,manufacturing,2016Q2,us,DE,1987-07-30,2019-12-31,Alpha Vantage listing interval,resolved_cik,True,1,only eligible resolved security,2016|NASDAQ|manufacturing,3946,21,0.0053218449,187.9047619048,20260916,terminal_provider_unavailability,pilot_live,3,artifacts/representative_coverage_pilot_v20260916/raw/CIK0000815094/ABMD/2016Q2/attempt_03_20260917040403237816.json,5f9a9f5e37cc3d0dcdaeaf1937dacdf051ef5d4d9fe432c4acefc5c852de7a4b,no_transcript,provider returned no usable transcript segments,not_applicable,,,,,,unresolved,
CIK0001076195,AVS9CB4DA311E18689A,0001076195,Life Time Fitness Inc,LTM1,NYSE,7997,services,2016Q2,us,MN,2004-07-26,2019-12-31,Alpha Vantage listing interval,resolved_cik,False,1,only eligible resolved security,2016|NYSE|services,958,5,0.0052192067,191.6000000000,20260916,terminal_provider_unavailability,pilot_live,3,artifacts/representative_coverage_pilot_v20260916/raw/CIK0001076195/LTM1/2016Q2/attempt_03_20260917040405241234.json,626e746aed9da0dc8981c484e0aad58ccea42be1fd93d9ede1252db95ef4990d,no_transcript,provider returned no usable transcript segments,not_applicable,,,,,,unresolved,
CIK0001086222,AVS37C4A54D713D3BAF,0001086222,Akamai Technologies Inc,AKAM,NASDAQ,7389,services,2016Q2,us,DE,1999-10-29,2019-12-31,Alpha Vantage listing interval,resolved_cik,True,1,only eligible resolved security,2016|NASDAQ|services,1629,9,0.0055248619,181.0000000000,20260916,valid,pilot_live,1,artifacts/representative_coverage_pilot_v20260916/raw/CIK0001086222/AKAM/2016Q2/attempt_01_20260917045843610107.json,85a97c56a1394976471fbddd71e5900095f8214ebf00e7e78fffd36f13f4b47d,valid,"usable transcript passed structural, year, and identity checks",supported,distinctive company-name token found in opening transcript text,dd13331b6e0a882662e7d056a1b7cc5819a32519cdccded4035d40c306ce0429,,,,unresolved,
CIK0001120462,AVS2084BDA00637A78C,0001120462,IOWA TELECOMMUNICATIONS SERVICES INC,IWA,NYSE,4813,transportation_communications_utilities,2016Q2,us,IA,2000-02-11,2019-12-31,Alpha Vantage listing interval,resolved_cik,False,1,only eligible resolved security,2016|NYSE|transportation_communications_utilities,769,4,0.0052015605,192.2500000000,20260916,terminal_provider_unavailability,pilot_live,2,artifacts/representative_coverage_pilot_v20260916/raw/CIK0001120462/IWA/2016Q2/attempt_02_20260917041901993089.json,c81f1fe3ae55a0495c8e7ba9d71e7064ad84ed0e265781e229e5358451341ea8,no_transcript,provider returned no usable transcript segments,not_applicable,,,,,,unresolved,
CIK0001164727,AVSD5A86C6A080EC08F,0001164727,Newmont Corp,NEM,NYSE,1040,mining,2016Q2,us,DE,1983-04-06,2019-12-31,Alpha Vantage listing interval,resolved_cik,True,1,only eligible resolved security,2016|NYSE|mining,496,3,0.0060483871,165.3333333333,20260916,valid,pilot_live,1,artifacts/representative_coverage_pilot_v20260916/raw/CIK0001164727/NEM/2016Q2/attempt_01_20260917045845615151.json,02f08eef0056ed3e674130ecee51ef3af5aa1c49c738224e1e7f9e9950350626,valid,"usable transcript passed structural, year, and identity checks",supported,distinctive company-name token found in opening transcript text,f0ec146f7a163d40adfa0cfb5be4c8b7d49b97a3935de0fa9e65206701ad81d6,,,,unresolved,
CIK0001237831,AVS69EB646773AF2C33,0001237831,Globus Medical Inc - Class A,GMED,NYSE,3841,manufacturing,2016Q2,us,DE,2012-08-03,2019-12-31,Alpha Vantage listing interval,resolved_cik,True,1,only eligible resolved security,2016|NYSE|manufacturing,2168,12,0.0055350554,180.6666666667,20260916,valid,pilot_live,1,artifacts/representative_coverage_pilot_v20260916/raw/CIK0001237831/GMED/2016Q2/attempt_01_20260917045847617625.json,630ef6e85fd9254854f8decd96b57efaa8797aa5836043553307930af751ebd3,valid,"usable transcript passed structural, year, and identity checks",supported,distinctive company-name token found in opening transcript text,0116ba788bee952b2c696badbc551f06e1d4c9c3de78d800d26464b938ee5568,,,,unresolved,
CIK0001292653,AVSD573673478A69032,0001292653,Inteliquent Inc,IQNT,NASDAQ,4813,transportation_communications_utilities,2016Q2,us,,2007-11-02,2019-12-31,Alpha Vantage listing interval,resolved_cik,True,2,"ranked by active quarter-end evidence, exchange, and plain common-stock symbol",2016|NASDAQ|transportation_communications_utilities,533,3,0.0056285178,177.6666666667,20260916,terminal_provider_unavailability,pilot_live,3,artifacts/representative_coverage_pilot_v20260916/raw/CIK0001292653/IQNT/2016Q2/attempt_03_20260917040407249819.json,3380d942d9077085609dad27225c0e35228d8932c72006ad45e9d593b6b1078f,no_transcript,provider returned no usable transcript segments,not_applicable,,,,,,unresolved,
CIK0001347178,AVSAF628D7B24CB4CDF,0001347178,Vanda Pharmaceuticals Inc,VNDA,NASDAQ,2834,manufacturing,2016Q2,us,DE,2006-04-12,2019-12-31,Alpha Vantage listing interval,resolved_cik,True,1,only eligible resolved security,2016|NASDAQ|manufacturing,3946,21,0.0053218449,187.9047619048,20260916,valid,pilot_live,1,artifacts/representative_coverage_pilot_v20260916/raw/CIK0001347178/VNDA/2016Q2/attempt_01_20260917003943911332.json,cfdb2c26e3efdc52303bd9cd218634e72f3340731c1cebf295d8ca79b7632760,valid,"usable transcript passed structural, year, and identity checks",supported,distinctive company-name token found in opening transcript text,83fda9d0415fe9487f72192b2b96e8c8e2120041bc42cf3260c7e279d3839f70,,,,unresolved,
CIK0001379246,AVS8816C677F9CAA2D4,0001379246,Body Central Corp,BODY,NASDAQ,5600,retail_trade,2016Q2,us,DE,2010-10-15,2019-12-31,Alpha Vantage listing interval,resolved_cik,True,2,"ranked by active quarter-end evidence, exchange, and plain common-stock symbol",2016|NASDAQ|retail_trade,469,3,0.0063965885,156.3333333333,20260916,terminal_provider_unavailability,pilot_live,2,artifacts/representative_coverage_pilot_v20260916/raw/CIK0001379246/BODY/2016Q2/attempt_02_20260917050204087212.json,d5aa18125cab036e4913bfc3146a7d883032be25ef0d1cf6d54d88f6dae38519,no_transcript,provider returned no usable transcript segments,not_applicable,,,,,,unresolved,
CIK0001409493,AVSF750569F75232D26,0001409493,Chimera Investment Corp,CIM,NYSE,6798,finance_insurance_real_estate,2016Q2,us,NY,2007-11-16,2019-12-31,Alpha Vantage listing interval,resolved_cik,True,1,only eligible resolved security,2016|NYSE|finance_insurance_real_estate,1853,10,0.0053966541,185.3000000000,20260916,valid,pilot_live,1,artifacts/representative_coverage_pilot_v20260916/raw/CIK0001409493/CIM/2016Q2/attempt_01_20260917041605462922.json,7490412e6d9596cce2bcfbf5c19d5994024e6e7f4cdf6c130f25591f394e1b9a,valid,"usable transcript passed structural, year, and identity checks",supported,distinctive company-name token found in opening transcript text,46eac057bdc7f78cea72533c96ea8fcdca395bf3161d766126ff7a508a9d80ff,,,,unresolved,
CIK0001474735,AVSA41AA703ED2ABB66,0001474735,Generac Holdings Inc,GNRC,NYSE,3621,manufacturing,2016Q2,us,DE,2010-02-11,2019-12-31,Alpha Vantage listing interval,resolved_cik,True,1,only eligible resolved security,2016|NYSE|manufacturing,2168,12,0.0055350554,180.6666666667,20260916,valid,pilot_live,1,artifacts/representative_coverage_pilot_v20260916/raw/CIK0001474735/GNRC/2016Q2/attempt_01_20260917003947920840.json,e23256259342cbd901b3083b1c92a2984d8af59f54acf685232d171ea46d5789,valid,"usable transcript passed structural, year, and identity checks",supported,distinctive company-name token found in opening transcript text,beefcc1558cb212d3f198e90c151fb91e9c5f789933eaeef44e40220a18873a8,,,2016-08-02,high,https://www.sec.gov/Archives/edgar/data/1474735/000143774916036128/ex99-1.htm
CIK0001498382,AVS41FD6F5D0AD451FE,0001498382,TuHURA Biosciences Inc,HURA,NASDAQ,2834,manufacturing,2016Q2,us,NV,2013-02-22,2019-12-31,Alpha Vantage listing interval,resolved_cik,True,1,only eligible resolved security,2016|NASDAQ|manufacturing,3946,21,0.0053218449,187.9047619048,20260916,terminal_provider_unavailability,pilot_live,3,artifacts/representative_coverage_pilot_v20260916/raw/CIK0001498382/HURA/2016Q2/attempt_03_20260917040411263347.json,95a55655ce622fb0599e2853a439fa25398f7433d8c75f150430b0dc48b7d4da,no_transcript,provider returned no usable transcript segments,not_applicable,,,,,,unresolved,
CIK0001523733,AVS98866A91B7F2D351,0001523733,PetroLogistics LP,PDH,NYSE,2890,manufacturing,2016Q2,us,DE,2012-05-04,2019-12-31,Alpha Vantage listing interval,resolved_cik,False,1,only eligible resolved security,2016|NYSE|manufacturing,2168,12,0.0055350554,180.6666666667,20260916,terminal_provider_unavailability,pilot_live,3,artifacts/representative_coverage_pilot_v20260916/raw/CIK0001523733/PDH/2016Q2/attempt_03_20260917040413266618.json,499da6e458c0283052c1fae766fb204b376e4174a2e6b5c7601880bac1a998a7,no_transcript,provider returned no usable transcript segments,not_applicable,,,,,,unresolved,
CIK0001629137,AVSBDCD3AB00BE6E52D,0001629137,Global Blood Therapeutics Inc,GBT,NASDAQ,2834,manufacturing,2016Q2,us,DE,2015-08-12,2019-12-31,Alpha Vantage listing interval,resolved_cik,True,1,only eligible resolved security,2016|NASDAQ|manufacturing,3946,21,0.0053218449,187.9047619048,20260916,terminal_provider_unavailability,pilot_live,3,artifacts/representative_coverage_pilot_v20260916/raw/CIK0001629137/GBT/2016Q2/attempt_03_20260917040415276201.json,fc60ca396a2a4ce0648ce8313e315a0bf485042c91d291abc5d49ad46346914e,no_transcript,provider returned no usable transcript segments,not_applicable,,,,,,unresolved,
CIK0001637655,AVS88CD6E56E6D1C9B3,0001637655,Horizon Global Corp,HZN,NYSE,3714,manufacturing,2016Q2,us,,2015-07-01,2019-12-31,Alpha Vantage listing interval,resolved_cik,True,1,only eligible resolved security,2016|NYSE|manufacturing,2168,12,0.0055350554,180.6666666667,20260916,terminal_provider_unavailability,pilot_live,3,artifacts/representative_coverage_pilot_v20260916/raw/CIK0001637655/HZN/2016Q2/attempt_03_20260917040417283069.json,24c85087d34d8b0583faed9675da27b074d45e5381d8901c3900e1251b96282e,no_transcript,provider returned no usable transcript segments,not_applicable,,,,,,unresolved,
CIK0000825411,AVS5D88EB2746C6C9E6,0000825411,Sevcon Inc,SEV,NASDAQ,3620,manufacturing,2016Q3,us,DE,1992-03-19,2019-12-31,Alpha Vantage listing interval,resolved_cik,True,2,"ranked by active quarter-end evidence, exchange, and plain common-stock symbol",2016|NASDAQ|manufacturing,3946,21,0.0053218449,187.9047619048,20260916,terminal_provider_unavailability,pilot_live,3,artifacts/representative_coverage_pilot_v20260916/raw/CIK0000825411/SEV/2016Q3/attempt_03_20260917040421299804.json,ed45898b811da2410b18f5417646e10d3417f8ac3a15fbec156e5c838544812f,no_transcript,provider returned no usable transcript segments,not_applicable,,,,,,unresolved,
CIK0000884940,AVS6CAAD9948827F3BD,0000884940,Stein Mart Inc,SMRTQ,NASDAQ,5651,retail_trade,2016Q3,us,FL,1992-04-27,2019-12-31,Alpha Vantage listing interval,resolved_cik,True,1,only eligible resolved security,2016|NASDAQ|retail_trade,469,3,0.0063965885,156.3333333333,20260916,terminal_provider_unavailability,pilot_live,3,artifacts/representative_coverage_pilot_v20260916/raw/CIK0000884940/SMRTQ/2016Q3/attempt_03_20260917040423310752.json,c934fb3514da3f42b937d804525978507b382403b16a9e4c73cc2aadd1848439,no_transcript,provider returned no usable transcript segments,not_applicable,,,,,,unresolved,
CIK0000928421,AVS26179FCCDECAEEB2,0000928421,Mattson Technology Inc,MTSN,NASDAQ,3559,manufacturing,2016Q3,us,DE,1994-09-28,2019-12-31,Alpha Vantage listing interval,resolved_cik,False,1,only eligible resolved security,2016|NASDAQ|manufacturing,3946,21,0.0053218449,187.9047619048,20260916,terminal_provider_unavailability,pilot_live,3,artifacts/representative_coverage_pilot_v20260916/raw/CIK0000928421/MTSN/2016Q3/attempt_03_20260917040425314017.json,a3c04e654b0ab06921cb9c6137866bcace60c07b4b304ad9ad8cec70c73dd815,no_transcript,provider returned no usable transcript segments,not_applicable,,,,,,unresolved,
CIK0001005201,AVSA0A4E643D0FACDDE,0001005201,Depomed Inc,DEPO,NASDAQ,2834,manufacturing,2016Q3,us,DE,1997-12-03,2019-12-31,Alpha Vantage listing interval,resolved_cik,True,2,"ranked by active quarter-end evidence, exchange, and plain common-stock symbol",2016|NASDAQ|manufacturing,3946,21,0.0053218449,187.9047619048,20260916,terminal_provider_unavailability,pilot_live,3,artifacts/representative_coverage_pilot_v20260916/raw/CIK0001005201/DEPO/2016Q3/attempt_03_20260917040427324060.json,0cb0104e73fe35fa5202cf3fff283316b21d0534dbf1dcfdf4c4749524687b7b,no_transcript,provider returned no usable transcript segments,not_applicable,,,,,,unresolved,
CIK0001012771,AVSB479CE67ABA1E0C4,0001012771,FBL Financial Group Inc,FFG,NYSE,6311,finance_insurance_real_estate,2016Q3,us,IA,2001-01-02,2019-12-31,Alpha Vantage listing interval,resolved_cik,True,2,"ranked by active quarter-end evidence, exchange, and plain common-stock symbol",2016|NYSE|finance_insurance_real_estate,1853,10,0.0053966541,185.3000000000,20260916,terminal_provider_unavailability,pilot_live,2,artifacts/representative_coverage_pilot_v20260916/raw/CIK0001012771/FFG/2016Q3/attempt_02_20260917041903998116.json,7030f66a1da8205c03476e6c85f7149769fcf9b8785418f807612f0f593d3cb4,no_transcript,provider returned no usable transcript segments,not_applicable,,,,,,unresolved,
CIK0001211805,AVS53AC398B6F631764,0001211805,My Size Inc,MYSZ,NASDAQ,7372,services,2016Q3,us,DE,2016-07-25,2019-12-31,Alpha Vantage listing interval,resolved_cik,True,1,only eligible resolved security,2016|NASDAQ|services,1629,9,0.0055248619,181.0000000000,20260916,terminal_provider_unavailability,pilot_live,3,artifacts/representative_coverage_pilot_v20260916/raw/CIK0001211805/MYSZ/2016Q3/attempt_03_20260917040431343179.json,01baf9ff91a68fb7bee9c8edea66fa5c8dd5a67333c29337da35e24507da21be,no_transcript,provider returned no usable transcript segments,not_applicable,,,,,,unresolved,
CIK0001274057,AVS04FAC8D17ED89D3F,0001274057,Hospira Inc,HSP,NYSE,2834,manufacturing,2016Q3,us,DE,2004-05-03,2019-12-31,Alpha Vantage listing interval,resolved_cik,False,1,only eligible resolved security,2016|NYSE|manufacturing,2168,12,0.0055350554,180.6666666667,20260916,terminal_provider_unavailability,pilot_live,3,artifacts/representative_coverage_pilot_v20260916/raw/CIK0001274057/HSP/2016Q3/attempt_03_20260917040433353222.json,ffaedf6639270d8254eb346266cbbd6e44746a4bfa442b7db4c059690b556a28,no_transcript,provider returned no usable transcript segments,not_applicable,,,,,,unresolved,
CIK0001280776,AVS58A0E25AA4726A80,0001280776,Immunic Inc,IMUX,NASDAQ,2834,manufacturing,2016Q3,us,DE,2014-04-17,2019-12-31,Alpha Vantage listing interval,resolved_cik,True,1,only eligible resolved security,2016|NASDAQ|manufacturing,3946,21,0.0053218449,187.9047619048,20260916,valid,pilot_live,1,artifacts/representative_coverage_pilot_v20260916/raw/CIK0001280776/IMUX/2016Q3/attempt_01_20260917004015975549.json,941a20698b7eca1c7940bbf6fd470d02eb281dd67b61e3c8413c6fa24472c9df,valid,"usable transcript passed structural, year, and identity checks",manual_review,no distinctive company-name token found in opening transcript text,150218cbf6d388283fa4bc6486aa9d73d3c023f9aa99ccdbc3e1c7624ffb11b1,,,,unresolved,
CIK0001292653,AVSD573673478A69032,0001292653,Inteliquent Inc,IQNT,NASDAQ,4813,transportation_communications_utilities,2016Q3,us,,2007-11-02,2019-12-31,Alpha Vantage listing interval,resolved_cik,True,2,"ranked by active quarter-end evidence, exchange, and plain common-stock symbol",2016|NASDAQ|transportation_communications_utilities,533,3,0.0056285178,177.6666666667,20260916,terminal_provider_unavailability,pilot_live,3,artifacts/representative_coverage_pilot_v20260916/raw/CIK0001292653/IQNT/2016Q3/attempt_03_20260917040435359719.json,d1a7b15df57ac9100abeda44db3394fc238e3ec2ea4c8d1a24457b8534e14f5d,no_transcript,provider returned no usable transcript segments,not_applicable,,,,,,unresolved,
CIK0001360604,AVSE2385106D0FD0CA3,0001360604,Healthcare Realty Trust Inc - Class A,HR,NYSE,6798,finance_insurance_real_estate,2016Q3,us,,2012-06-06,2019-12-31,Alpha Vantage listing interval,resolved_cik,True,1,only eligible resolved security,2016|NYSE|finance_insurance_real_estate,1853,10,0.0053966541,185.3000000000,20260916,valid,legacy_reuse,1,artifacts/earnings_call_responses/HR_2016Q3.json,59deaf50fbb4e628623a0421fed6dc72dfd6fe126aca27a502a70f13ff21a8cb,valid full transcript,substantive segmented transcript without detected integrity flags,supported,distinctive company-name token found in opening transcript text,9efaf8745f4c047bc29a8e5b0820c395ea75806712cbf75791c4d902aa258c92,,,,unresolved,
CIK0001507615,AVS154FE4756B5713E0,0001507615,Tesoro Logistics LP,TLLP,NYSE,4610,transportation_communications_utilities,2016Q3,us,DE,2011-04-20,2019-12-31,Alpha Vantage listing interval,resolved_cik,True,2,"ranked by active quarter-end evidence, exchange, and plain common-stock symbol",2016|NYSE|transportation_communications_utilities,769,4,0.0052015605,192.2500000000,20260916,terminal_provider_unavailability,pilot_live,2,artifacts/representative_coverage_pilot_v20260916/raw/CIK0001507615/TLLP/2016Q3/attempt_02_20260917041906003080.json,98c1f97bdd7e9e9a358618756b90b3fc55b6fba0af436f0a344d8804e45550ce,no_transcript,provider returned no usable transcript segments,not_applicable,,,,,,unresolved,
CIK0001580608,AVSA57E2697C7D591A0,0001580608,Santander Consumer USA Holdings Inc,SC,NYSE,6141,finance_insurance_real_estate,2016Q3,us,DE,2014-01-23,2019-12-31,Alpha Vantage listing interval,resolved_cik,True,1,only eligible resolved security,2016|NYSE|finance_insurance_real_estate,1853,10,0.0053966541,185.3000000000,20260916,terminal_provider_unavailability,pilot_live,2,artifacts/representative_coverage_pilot_v20260916/raw/CIK0001580608/SC/2016Q3/attempt_02_20260917041908011074.json,3d7736a8728cdb8b02b2f8c773a9e4a22d8dd4951d52e2638cfcf1f41ad0d3d1,no_transcript,provider returned no usable transcript segments,not_applicable,,,,,,unresolved,
CIK0001601545,AVS51DD427CDA8D446E,0001601545,Blue Hills Bancorp Inc,BHBK,NASDAQ,6022,finance_insurance_real_estate,2016Q3,us,MD,2014-07-22,2019-12-31,Alpha Vantage listing interval,resolved_cik,True,2,"ranked by active quarter-end evidence, exchange, and plain common-stock symbol",2016|NASDAQ|finance_insurance_real_estate,2135,11,0.0051522248,194.0909090909,20260916,terminal_provider_unavailability,pilot_live,3,artifacts/representative_coverage_pilot_v20260916/raw/CIK0001601545/BHBK/2016Q3/attempt_03_20260917040439374969.json,744c7c3929e27dabd9808433ea317c1b4d0d6b67657a1913c38be6ae50335795,no_transcript,provider returned no usable transcript segments,not_applicable,,,,,,unresolved,
CIK0001604464,AVSDB5BC4B38CDB597C,0001604464,Atara Biotherapeutics Inc,ATRA,NASDAQ,2836,manufacturing,2016Q3,us,DE,2014-10-16,2019-12-31,Alpha Vantage listing interval,resolved_cik,True,1,only eligible resolved security,2016|NASDAQ|manufacturing,3946,21,0.0053218449,187.9047619048,20260916,terminal_provider_unavailability,pilot_live,3,artifacts/representative_coverage_pilot_v20260916/raw/CIK0001604464/ATRA/2016Q3/attempt_03_20260917040441384906.json,860f9faa2ace19b70fd41a13b509f778ade08f884756a736315e1fb5dee4101f,no_transcript,provider returned no usable transcript segments,not_applicable,,,,,,unresolved,
CIK0001617798,AVS1891E0BD3A56BA5F,0001617798,PennTex Midstream Partners LP,PTXP,NASDAQ,4922,transportation_communications_utilities,2016Q3,us,DE,2015-06-04,2019-12-31,Alpha Vantage listing interval,resolved_cik,True,2,"ranked by active quarter-end evidence, exchange, and plain common-stock symbol",2016|NASDAQ|transportation_communications_utilities,533,3,0.0056285178,177.6666666667,20260916,terminal_provider_unavailability,pilot_live,3,artifacts/representative_coverage_pilot_v20260916/raw/CIK0001617798/PTXP/2016Q3/attempt_03_20260917040443390658.json,545d4c26e9cf553d759efbe358aa8cebd2c7fbce81f5c38b913c002fa8455efe,no_transcript,provider returned no usable transcript segments,not_applicable,,,,,,unresolved,
CIK0000063276,AVS95677069B77D01B3,0000063276,Mattel Inc,MAT,NASDAQ,3942,manufacturing,2016Q4,us,DE,1982-01-04,2019-12-31,Alpha Vantage listing interval,resolved_cik,True,1,only eligible resolved security,2016|NASDAQ|manufacturing,3946,21,0.0053218449,187.9047619048,20260916,valid,legacy_reuse,1,artifacts/earnings_call_responses/MAT_2016Q4.json,18bb42efbb8f63ee6a622a05b88c2f2f1ef9697e8cf0504928ca697061fc9360,valid full transcript,substantive segmented transcript without detected integrity flags,supported,distinctive company-name token found in opening transcript text,03922962f3b3a578676acee04d30e6769a9dfcda8bcc9c35c795fec2d81e46aa,,,,unresolved,
CIK0000073756,AVSD6723069C4E5A210,0000073756,Oceaneering International Inc,OII,NYSE,1389,mining,2016Q4,us,DE,1990-03-26,2019-12-31,Alpha Vantage listing interval,resolved_cik,True,1,only eligible resolved security,2016|NYSE|mining,496,3,0.0060483871,165.3333333333,20260916,valid,legacy_reuse,1,artifacts/earnings_call_responses/OII_2016Q4.json,57f390ad43ee76b159241299deb51e3db3a3a7925b6dfb071bb58a5de57f70ee,valid full transcript,substantive segmented transcript without detected integrity flags,supported,distinctive company-name token found in opening transcript text,097c11be922d828856cced3fc6d1c524da8a2cb85e61396425eb12a1f690cce1,,,,unresolved,
CIK0000101538,AVSF6550ACF27745ADF,0000101538,United States Antimony Corp,UAMY,NYSE,3330,manufacturing,2016Q4,us,MT,2000-02-24,2019-12-31,Alpha Vantage listing interval,resolved_cik,True,1,only eligible resolved security,2016|NYSE|manufacturing,2168,12,0.0055350554,180.6666666667,20260916,terminal_provider_unavailability,pilot_live,3,artifacts/representative_coverage_pilot_v20260916/raw/CIK0000101538/UAMY/2016Q4/attempt_03_20260917040445390796.json,81fda1fa796a242aed3916fe40892acae68e68267ee5fee270d9a55c770c2010,no_transcript,provider returned no usable transcript segments,not_applicable,,,,,,unresolved,
CIK0000798081,AVSA351E3C1D145F23A,0000798081,Lakeland Industries Inc,LAKE,NASDAQ,3842,manufacturing,2016Q4,us,DE,1990-03-26,2019-12-31,Alpha Vantage listing interval,resolved_cik,True,1,only eligible resolved security,2016|NASDAQ|manufacturing,3946,21,0.0053218449,187.9047619048,20260916,valid,pilot_live,1,artifacts/representative_coverage_pilot_v20260916/raw/CIK0000798081/LAKE/2016Q4/attempt_01_20260917004036016923.json,7f34242b60c2f4691bbcb1b42d9fae5bb01b0af77f89fba513f39a066b414aab,valid,"usable transcript passed structural, year, and identity checks",supported,distinctive company-name token found in opening transcript text,5b7fba2b6153344c362c93e6afb18c146f9039a994aeb66991bed926eedabfc0,,,2017-05-03,high,https://www.sec.gov/Archives/edgar/data/798081/000114420417022252/v465145_ex99-1.htm
CIK0000825313,AVSF5DCEB70E0CC6410,0000825313,AllianceBernstein Holding Lp,AB,NYSE,6282,finance_insurance_real_estate,2016Q4,us,DE,1988-04-15,2019-12-31,Alpha Vantage listing interval,resolved_cik,True,1,only eligible resolved security,2016|NYSE|finance_insurance_real_estate,1853,10,0.0053966541,185.3000000000,20260916,valid,legacy_reuse,1,artifacts/earnings_call_responses/AB_2016Q4.json,c03576e003d7849edcad75f6c87161ad69e4066d390ab79265f959600233477b,valid full transcript,substantive segmented transcript without detected integrity flags,manual_review,no distinctive company-name token found in opening transcript text,b9cf2683bed290a85f60b627984ad89f98fa3b59e88744f1bb0dadee932376da,,,,unresolved,
CIK0000899460,AVS740432BB3C240EBA,0000899460,Mannkind Corp,MNKD,NASDAQ,2834,manufacturing,2016Q4,us,DE,2004-07-28,2019-12-31,Alpha Vantage listing interval,resolved_cik,True,1,only eligible resolved security,2016|NASDAQ|manufacturing,3946,21,0.0053218449,187.9047619048,20260916,valid,pilot_live,1,artifacts/representative_coverage_pilot_v20260916/raw/CIK0000899460/MNKD/2016Q4/attempt_01_20260917004038021705.json,7a51b0be9d9f035dae533d5b9da6b7adcc3d0b6d75405eb48d2f076eaca75442,valid,"usable transcript passed structural, year, and identity checks",supported,distinctive company-name token found in opening transcript text,1321d36607939b6c3ddcffa30f719841e296c0a0e6e15f9587e4e445e88e8218,,,,unresolved,
CIK0000903651,AVS8EC9C3E3C1B55A0A,0000903651,Innodata Inc,INOD,NASDAQ,7374,services,2016Q4,us,DE,1993-08-11,2019-12-31,Alpha Vantage listing interval,resolved_cik,True,1,only eligible resolved security,2016|NASDAQ|services,1629,9,0.0055248619,181.0000000000,20260916,valid,pilot_live,1,artifacts/representative_coverage_pilot_v20260916/raw/CIK0000903651/INOD/2016Q4/attempt_01_20260917045851625275.json,5f5bf57e7fcbfdb67b00b56bda731d6d60468a61557669469baecfb0655503b8,valid,"usable transcript passed structural, year, and identity checks",supported,distinctive company-name token found in opening transcript text,b8b35e5d284d2a239f599cb17c55bc0522946ac773f97680d00a13e792a00ad4,,,,unresolved,
CIK0000911649,AVS8E4587E3FA1C154D,0000911649,Standard Diversified Inc,SDI,NYSE,2100,manufacturing,2016Q4,us,DE,2001-01-02,2019-12-31,Alpha Vantage listing interval,resolved_cik,True,1,only eligible resolved security,2016|NYSE|manufacturing,2168,12,0.0055350554,180.6666666667,20260916,terminal_provider_unavailability,pilot_live,3,artifacts/representative_coverage_pilot_v20260916/raw/CIK0000911649/SDI/2016Q4/attempt_03_20260917040447403234.json,cc7fd01f1f756fc1870e0a97bf6ff05a96c4d0c5fb68e8c8d97f20bd1b973c0d,no_transcript,provider returned no usable transcript segments,not_applicable,,,,,,unresolved,
CIK0000914156,AVS3EC885FD2A7D0DA3,0000914156,UFP Technologies Inc,UFPT,NASDAQ,3841,manufacturing,2016Q4,us,DE,1993-12-17,2019-12-31,Alpha Vantage listing interval,resolved_cik,True,1,only eligible resolved security,2016|NASDAQ|manufacturing,3946,21,0.0053218449,187.9047619048,20260916,terminal_provider_unavailability,pilot_live,3,artifacts/representative_coverage_pilot_v20260916/raw/CIK0000914156/UFPT/2016Q4/attempt_03_20260917040449410744.json,91685eef5de7145d2c885e69b7b1c4354c7e763897807c6dfc2beaba18f18661,no_transcript,provider returned no usable transcript segments,not_applicable,,,,,,unresolved,
CIK0000945983,AVS1687D810BFDC2217,0000945983,Climb Global Solutions Inc,CLMB,NASDAQ,5045,wholesale_trade,2016Q4,us,DE,1995-07-18,2019-12-31,Alpha Vantage listing interval,resolved_cik,True,1,only eligible resolved security,2016|NASDAQ|wholesale_trade,204,1,0.0049019608,204.0000000000,20260916,valid,pilot_live,1,artifacts/representative_coverage_pilot_v20260916/raw/CIK0000945983/CLMB/2016Q4/attempt_01_20260917004044045303.json,82595862e219b9873c464249b661637f11ce394be6612bd93a4033ce0ea6ba73,valid,"usable transcript passed structural, year, and identity checks",manual_review,no distinctive company-name token found in opening transcript text,1a6d16ade939db838f4c2e467218736f01d39c5b896fc82b606edda602ffe356,,,,unresolved,
CIK0001003078,AVS1E8BCE205DF4B447,0001003078,MSC Industrial Direct Co. Inc - Class A,MSM,NYSE,5084,wholesale_trade,2016Q4,us,NY,1995-12-15,2019-12-31,Alpha Vantage listing interval,resolved_cik,True,1,only eligible resolved security,2016|NYSE|wholesale_trade,193,1,0.0051813472,193.0000000000,20260916,valid,pilot_live,1,artifacts/representative_coverage_pilot_v20260916/raw/CIK0001003078/MSM/2016Q4/attempt_01_20260917004046050329.json,ca781c11f16b67b226f9d880f13f2c14dd1e1683974b43f31a9d6a9a4d051f43,valid,"usable transcript passed structural, year, and identity checks",supported,distinctive company-name token found in opening transcript text,8cfd69d830e01e294b80db010873882fbd59022bce4931cd90ebe1465336848f,,,2017-01-11,high,https://www.sec.gov/Archives/edgar/data/1003078/000100307816000360/msm-20161101xex99_1.htm
CIK0001015780,AVS589746B17AA674E8,0001015780,E TRADE Financial Corp,ETFC,NASDAQ,6035,finance_insurance_real_estate,2016Q4,us,DE,1996-08-16,2019-12-31,Alpha Vantage listing interval,resolved_cik,True,1,only eligible resolved security,2016|NASDAQ|finance_insurance_real_estate,2135,11,0.0051522248,194.0909090909,20260916,terminal_provider_unavailability,pilot_live,3,artifacts/representative_coverage_pilot_v20260916/raw/CIK0001015780/ETFC/2016Q4/attempt_03_20260917040451415238.json,6fe63f9db029d54a67af976d61af6aa22d8180a6092b0d6b7d56488c4892fca0,no_transcript,provider returned no usable transcript segments,not_applicable,,,,,,unresolved,
CIK0001029730,AVS2D75A1E10EA16C32,0001029730,Ladenburg Thalmann Financial Services,LTS,NYSE,6211,finance_insurance_real_estate,2016Q4,us,FL,1999-08-25,2019-12-31,Alpha Vantage listing interval,resolved_cik,True,1,only eligible resolved security,2016|NYSE|finance_insurance_real_estate,1853,10,0.0053966541,185.3000000000,20260916,terminal_provider_unavailability,pilot_live,2,artifacts/representative_coverage_pilot_v20260916/raw/CIK0001029730/LTS/2016Q4/attempt_02_20260917050206092242.json,10edfc224d5d0e07f3bbb1e04e6fb201693af4b8e6b99b4942e17323450ddcda,no_transcript,provider returned no usable transcript segments,not_applicable,,,,,,unresolved,
CIK0001037676,AVS95FB02817330A6BE,0001037676,Arch Coal Inc,ACI,NYSE,1221,mining,2016Q4,us,DE,1988-08-12,2019-12-31,Alpha Vantage listing interval,resolved_cik,True,1,only eligible resolved security,2016|NYSE|mining,496,3,0.0060483871,165.3333333333,20260916,terminal_provider_unavailability,pilot_live,2,artifacts/representative_coverage_pilot_v20260916/raw/CIK0001037676/ACI/2016Q4/attempt_02_20260917041912019430.json,1e341060daf86dbc1376b85a003d9d181739437c029517038415212a00ba6b2b,no_transcript,provider returned no usable transcript segments,not_applicable,,,,,,unresolved,
CIK0001138639,AVS5A882A2743AFBA16,0001138639,Infinera Corp,INFN,NASDAQ,3661,manufacturing,2016Q4,us,DE,2007-06-07,2019-12-31,Alpha Vantage listing interval,resolved_cik,True,1,only eligible resolved security,2016|NASDAQ|manufacturing,3946,21,0.0053218449,187.9047619048,20260916,valid,pilot_live,1,artifacts/representative_coverage_pilot_v20260916/raw/CIK0001138639/INFN/2016Q4/attempt_01_20260917004054060438.json,b9df85cefefe8bd7e87f668ea5dd5fcc1692e6e4d1381ee7c154221ad33f8941,valid,"usable transcript passed structural, year, and identity checks",supported,distinctive company-name token found in opening transcript text,c8e3aba19296ffb61a1e86a12e55828bd7b674ba8cdbbb461714cd6c688460d3,,,,unresolved,
CIK0001144980,AVS387B6756AE4349EE,0001144980,Asbury Automotive Group Inc,ABG,NYSE,5500,retail_trade,2016Q4,us,DE,2002-03-21,2019-12-31,Alpha Vantage listing interval,resolved_cik,True,1,only eligible resolved security,2016|NYSE|retail_trade,381,2,0.0052493438,190.5000000000,20260916,valid,pilot_live,1,artifacts/representative_coverage_pilot_v20260916/raw/CIK0001144980/ABG/2016Q4/attempt_01_20260917004056062655.json,2e3ea337e6fe34063f0af72ab61ed2a7b9bf80a937976d54373be8db4afa5a7a,valid,"usable transcript passed structural, year, and identity checks",supported,distinctive company-name token found in opening transcript text,836909d12e0fe7b0ec6fd6ef0727c99979dabb05efeb05e6e714146d71186b0e,,,,unresolved,
CIK0001279704,AVS7A9265375FC46D54,0001279704,Cellectar Biosciences Inc,CLRB,NASDAQ,2834,manufacturing,2016Q4,us,DE,2005-11-10,2019-12-31,Alpha Vantage listing interval,resolved_cik,True,1,only eligible resolved security,2016|NASDAQ|manufacturing,3946,21,0.0053218449,187.9047619048,20260916,valid,pilot_live,1,artifacts/representative_coverage_pilot_v20260916/raw/CIK0001279704/CLRB/2016Q4/attempt_01_20260917004058067681.json,ade5484a20bcde219fd223c90d677edaef662ee9b0fe0add58ee9c71374ef8f3,valid,"usable transcript passed structural, year, and identity checks",supported,distinctive company-name token found in opening transcript text,dea66b0c9133bf7a558dcdf51c86577382d2a083aea0c0760650049c7e88ac4b,,,,unresolved,
CIK0001284812,AVS72C322A57C419FEA,0001284812,Cohen & Steers Inc,CNS,NYSE,6282,finance_insurance_real_estate,2016Q4,us,DE,2004-08-16,2019-12-31,Alpha Vantage listing interval,resolved_cik,True,1,only eligible resolved security,2016|NYSE|finance_insurance_real_estate,1853,10,0.0053966541,185.3000000000,20260916,valid,pilot_live,1,artifacts/representative_coverage_pilot_v20260916/raw/CIK0001284812/CNS/2016Q4/attempt_01_20260917041619486537.json,4f5dc119fbb1ccdfcdcb4f42e192dda65c8649e4dd9f4f09366c052df9e04987,valid,"usable transcript passed structural, year, and identity checks",supported,distinctive company-name token found in opening transcript text,a0e781108feaace56edef3f9b2a4c9a2c36ec8cbd59cf090ff2c59a1edb96c5e,,,,unresolved,
CIK0001303652,AVS3ACF30E9BA1E5825,0001303652,Tableau Software Inc,DATA,NYSE,7372,services,2016Q4,us,,2013-05-17,2019-12-31,Alpha Vantage listing interval,resolved_cik,True,2,"ranked by active quarter-end evidence, exchange, and plain common-stock symbol",2016|NYSE|services,958,5,0.0052192067,191.6000000000,20260916,terminal_provider_unavailability,pilot_live,3,artifacts/representative_coverage_pilot_v20260916/raw/CIK0001303652/DATA/2016Q4/attempt_03_20260917040457436918.json,d0089852bb7b13d0a64055c60ad3e49c35982e502af75ab60439c1bc17cacead,no_transcript,provider returned no usable transcript segments,not_applicable,,,,,,unresolved,
CIK0001305773,AVS35F4F28EF4B4515E,0001305773,Conformis Inc,CFMS,NASDAQ,3842,manufacturing,2016Q4,us,DE,2015-07-01,2019-12-31,Alpha Vantage listing interval,resolved_cik,True,1,only eligible resolved security,2016|NASDAQ|manufacturing,3946,21,0.0053218449,187.9047619048,20260916,terminal_provider_unavailability,pilot_live,3,artifacts/representative_coverage_pilot_v20260916/raw/CIK0001305773/CFMS/2016Q4/attempt_03_20260917040459438246.json,585ea2e9ef57e107592e7510be597878bc18c9db6a0e1b4446ce7d24b80db840,no_transcript,provider returned no usable transcript segments,not_applicable,,,,,,unresolved,
CIK0001311538,AVSC20BA889EC48B924,0001311538,Castle Brands Inc,ROX,NYSE,2080,manufacturing,2016Q4,us,FL,2006-04-07,2019-12-31,Alpha Vantage listing interval,resolved_cik,True,2,"ranked by active quarter-end evidence, exchange, and plain common-stock symbol",2016|NYSE|manufacturing,2168,12,0.0055350554,180.6666666667,20260916,terminal_provider_unavailability,pilot_live,3,artifacts/representative_coverage_pilot_v20260916/raw/CIK0001311538/ROX/2016Q4/attempt_03_20260917040501442493.json,7b350b38df758cb3e936e78ea1129dd9dae84bbe8c304c409101545511864238,no_transcript,provider returned no usable transcript segments,not_applicable,,,,,,unresolved,
CIK0001372414,AVS29E529F2CAA6FCD1,0001372414,Aerohive Networks Inc,HIVE,NYSE,7373,services,2016Q4,us,CA,2014-03-28,2019-12-31,Alpha Vantage listing interval,resolved_cik,True,2,"ranked by active quarter-end evidence, exchange, and plain common-stock symbol",2016|NYSE|services,958,5,0.0052192067,191.6000000000,20260916,valid,pilot_live,1,artifacts/representative_coverage_pilot_v20260916/raw/CIK0001372414/HIVE/2016Q4/attempt_01_20260917004108091044.json,011f96c368cef15d003ac5bbdd2130206a3e038a93900b521a8ef5e483ca6691,valid,"usable transcript passed structural, year, and identity checks",supported,distinctive company-name token found in opening transcript text,8389aec33efe8eea878df81d9b7c41b3001a9dae6d325d4bc377dd4e79c5df42,,,,unresolved,
CIK0001447669,AVSF65AC21A498E0A62,0001447669,Twilio Inc Class A,TWLO,NYSE,7372,services,2016Q4,us,DE,2016-06-23,2019-12-31,Alpha Vantage listing interval,resolved_cik,True,1,only eligible resolved security,2016|NYSE|services,958,5,0.0052192067,191.6000000000,20260916,valid,pilot_live,1,artifacts/representative_coverage_pilot_v20260916/raw/CIK0001447669/TWLO/2016Q4/attempt_01_20260917045855633576.json,73729aea48187ae16c589db9757768a290cbaa5fc2dc0bf7d43b9854f7d69bd9,valid,"usable transcript passed structural, year, and identity checks",supported,distinctive company-name token found in opening transcript text,181bd1952a4af06f73b35bdd961deff5d6ac5997c9d8e9ce8d1b87191c54327e,,,,unresolved,
CIK0001464790,AVSC19F929A3ACFFF52,0001464790,B. Riley Financial Inc,RILY,NASDAQ,6282,finance_insurance_real_estate,2016Q4,us,DE,2015-07-16,2019-12-31,Alpha Vantage listing interval,resolved_cik,True,2,"ranked by active quarter-end evidence, exchange, and plain common-stock symbol",2016|NASDAQ|finance_insurance_real_estate,2135,11,0.0051522248,194.0909090909,20260916,terminal_provider_unavailability,pilot_live,3,artifacts/representative_coverage_pilot_v20260916/raw/CIK0001464790/RILY/2016Q4/attempt_03_20260917040503452536.json,d2c3305c4db535be3c9bbd5f8dcc706f9953db9be5c91caf002ce0eaf33ab9b7,no_transcript,provider returned no usable transcript segments,not_applicable,,,,,,unresolved,
CIK0001482541,AVSB08B8FE567BD5BCA,0001482541,CEA Industries Inc,BNC,NASDAQ,0700,mining,2016Q4,us,NV,2013-11-08,2019-12-31,Alpha Vantage listing interval,resolved_cik,True,1,only eligible resolved security,2016|NASDAQ|mining,227,1,0.0044052863,227.0000000000,20260916,terminal_provider_unavailability,pilot_live,2,artifacts/representative_coverage_pilot_v20260916/raw/CIK0001482541/BNC/2016Q4/attempt_02_20260917041922462146.json,f37fa2ccb1f324d28a218e52f4cc18c785242c2d66b5178051bb3bd4c07c8da3,no_transcript,provider returned no usable transcript segments,not_applicable,,,,,,unresolved,
CIK0001500375,AVSEE323533228A8F6D,0001500375,Home Federal Bancorp Inc (Louisiana),HFBL,NASDAQ,6035,finance_insurance_real_estate,2016Q4,us,LA,2007-06-20,2019-12-31,Alpha Vantage listing interval,resolved_cik,True,1,only eligible resolved security,2016|NASDAQ|finance_insurance_real_estate,2135,11,0.0051522248,194.0909090909,20260916,terminal_provider_unavailability,pilot_live,3,artifacts/representative_coverage_pilot_v20260916/raw/CIK0001500375/HFBL/2016Q4/attempt_03_20260917040507472281.json,40d8351329f0e64fd88be15734bf9ba7c804a4380293146812513589800533e8,no_transcript,provider returned no usable transcript segments,not_applicable,,,,,,unresolved,
CIK0001520300,AVSB3414823A397F812,0001520300,ASB Bancorp Inc,ASBB,NASDAQ,6035,finance_insurance_real_estate,2016Q4,us,NC,2011-10-12,2019-12-31,Alpha Vantage listing interval,resolved_cik,True,2,"ranked by active quarter-end evidence, exchange, and plain common-stock symbol",2016|NASDAQ|finance_insurance_real_estate,2135,11,0.0051522248,194.0909090909,20260916,terminal_provider_unavailability,pilot_live,3,artifacts/representative_coverage_pilot_v20260916/raw/CIK0001520300/ASBB/2016Q4/attempt_03_20260917040509472685.json,5e23f40544fd86a50dc0ce0105353cd1f8587463bd567cdc8686b5d8d9af1595,no_transcript,provider returned no usable transcript segments,not_applicable,,,,,,unresolved,
CIK0001617640,AVS9F79675D0C6048BD,0001617640,Zillow Group Inc - Class C,Z,NASDAQ,7389,services,2016Q4,us,WA,2015-08-03,2019-12-31,Alpha Vantage listing interval,resolved_cik,True,2,"ranked by active quarter-end evidence, exchange, and plain common-stock symbol",2016|NASDAQ|services,1629,9,0.0055248619,181.0000000000,20260916,valid,pilot_live,1,artifacts/representative_coverage_pilot_v20260916/raw/CIK0001617640/Z/2016Q4/attempt_01_20260917004122121658.json,b68f9cd11af5dc2b760e8d3d869bc536033c7991d26a54da47e3aa990b904ac9,valid,"usable transcript passed structural, year, and identity checks",supported,distinctive company-name token found in opening transcript text,3c12e239e5239ae0a8cc8bb7c4c07ac7d0fe861a212595b2226e74525ffbb351,,,,unresolved,
CIK0001620280,AVS3CE063E905A756C2,0001620280,Uniti Group Inc,UNIT,NASDAQ,6798,finance_insurance_real_estate,2016Q4,us,MD,2015-04-20,2019-12-31,Alpha Vantage listing interval,resolved_cik,True,1,only eligible resolved security,2016|NASDAQ|finance_insurance_real_estate,2135,11,0.0051522248,194.0909090909,20260916,valid,pilot_live,1,artifacts/representative_coverage_pilot_v20260916/raw/CIK0001620280/UNIT/2016Q4/attempt_01_20260917004124121841.json,af8504e7f3afdfd13206feccc236a98c1dadc6c0aedfa567e602ca47c8a9f7ba,valid,"usable transcript passed structural, year, and identity checks",supported,distinctive company-name token found in opening transcript text,9808a63e7d952a0510f6340172ce530a51625f42fa717a0b9b00166d7b01b683,,,2017-02-24,high,https://www.sec.gov/Archives/edgar/data/1620280/000156459017002102/csal-ex991_6.htm
CIK0001622536,AVS6717FF61E5784CD9,0001622536,Talen Energy Corp,TLN,NYSE,4911,transportation_communications_utilities,2016Q4,us,DE,2016-01-04,2019-12-31,Alpha Vantage listing interval,resolved_cik,False,2,"ranked by active quarter-end evidence, exchange, and plain common-stock symbol",2016|NYSE|transportation_communications_utilities,769,4,0.0052015605,192.2500000000,20260916,terminal_provider_unavailability,pilot_live,2,artifacts/representative_coverage_pilot_v20260916/raw/CIK0001622536/TLN/2016Q4/attempt_02_20260917041924536920.json,af21235d2cbaee1b42241e8563464d4bfcd24a0311670332bf77597025e9a0ec,no_transcript,provider returned no usable transcript segments,not_applicable,,,,,,unresolved,
CIK0000065172,AVS1C947BA9CC2728B8,0000065172,Mesabi Trust,MSB,NYSE,6795,finance_insurance_real_estate,2017Q1,us,NY,1987-12-30,2019-12-31,Alpha Vantage listing interval,resolved_cik,True,1,only eligible resolved security,2017|NYSE|finance_insurance_real_estate,1910,10,0.0052356021,191.0000000000,20260916,terminal_provider_unavailability,pilot_live,3,artifacts/representative_coverage_pilot_v20260916/raw/CIK0000065172/MSB/2017Q1/attempt_03_20260917040515497078.json,aee5df71c40697a346d101e5eaa4a752741d021713338e12f2c4e8292503bfea,no_transcript,provider returned no usable transcript segments,not_applicable,,,,,,unresolved,
CIK0000721994,AVS965CBEC94C8E06C8,0000721994,Lakeland Financial Corp,LKFN,NASDAQ,6022,finance_insurance_real_estate,2017Q1,us,IN,1997-08-14,2019-12-31,Alpha Vantage listing interval,resolved_cik,True,1,only eligible resolved security,2017|NASDAQ|finance_insurance_real_estate,2196,12,0.0054644809,183.0000000000,20260916,terminal_provider_unavailability,pilot_live,3,artifacts/representative_coverage_pilot_v20260916/raw/CIK0000721994/LKFN/2017Q1/attempt_03_20260917040517510030.json,e190a80c91194628d971bd534aa8c85f66fe5e1653834ea691af0d2123df52e4,no_transcript,provider returned no usable transcript segments,not_applicable,,,,,,unresolved,
CIK0000820027,AVSE2D38CD650639BDB,0000820027,Ameriprise Financial Inc,AMP,NYSE,6282,finance_insurance_real_estate,2017Q1,us,DE,2005-09-15,2019-12-31,Alpha Vantage listing interval,resolved_cik,True,1,only eligible resolved security,2017|NYSE|finance_insurance_real_estate,1910,10,0.0052356021,191.0000000000,20260916,valid,pilot_live,1,artifacts/representative_coverage_pilot_v20260916/raw/CIK0000820027/AMP/2017Q1/attempt_01_20260917004130148155.json,0e00f5a0672bb129a406704190e5d6685ef6c98f48827683755879c9a9aed4bb,valid,"usable transcript passed structural, year, and identity checks",supported,distinctive company-name token found in opening transcript text,8a9995ff47d1d141e7589a74a45bee9cdd452157c45be88179a4fcdd0a505de3,,,,unresolved,
CIK0000893538,AVS61A5409C7EEF7C35,0000893538,SM Energy Company,SM,NYSE,1311,mining,2017Q1,us,DE,1992-12-21,2019-12-31,Alpha Vantage listing interval,resolved_cik,True,1,only eligible resolved security,2017|NYSE|mining,527,3,0.0056925996,175.6666666667,20260916,valid,legacy_reuse,1,artifacts/earnings_call_responses/SM_2017Q1.json,191f919de9deb7d105538e8bcf9749a02dba127fc495cd991edf6385e2542d53,valid full transcript,substantive segmented transcript without detected integrity flags,supported,distinctive company-name token found in opening transcript text,0ae08906e0a87efca1be61f8b3078ae9803e14f0389c9495448f59d61babd7b5,,,,unresolved,
CIK0000915389,AVSF6DA35067437573D,0000915389,Eastman Chemical Company,EMN,NYSE,2821,manufacturing,2017Q1,us,DE,1993-12-14,2019-12-31,Alpha Vantage listing interval,resolved_cik,True,1,only eligible resolved security,2017|NYSE|manufacturing,2218,12,0.0054102795,184.8333333333,20260916,valid,pilot_live,1,artifacts/representative_coverage_pilot_v20260916/raw/CIK0000915389/EMN/2017Q1/attempt_01_20260917004134154520.json,34bd6b5e77a5ae738354daa34f8dcb31961630dc861132e54505b36698d47d7e,valid,"usable transcript passed structural, year, and identity checks",supported,distinctive company-name token found in opening transcript text,1eed85694087d5a16618a3db0cdf182bfcad660e7068107a800d22383a5b6987,,,,unresolved,
CIK0001022671,AVS59C1C66F7198DAD5,0001022671,Steel Dynamics Inc,STLD,NASDAQ,3312,manufacturing,2017Q1,us,IN,1996-11-22,2019-12-31,Alpha Vantage listing interval,resolved_cik,True,1,only eligible resolved security,2017|NASDAQ|manufacturing,4126,22,0.0053320407,187.5454545455,20260916,valid,pilot_live,1,artifacts/representative_coverage_pilot_v20260916/raw/CIK0001022671/STLD/2017Q1/attempt_01_20260917004136158126.json,f39bf746e8a0a979be8a58ecd3be77aef9c43c16bcaed6a68fb74502cece589b,valid,"usable transcript passed structural, year, and identity checks",supported,distinctive company-name token found in opening transcript text,bd4bab20c9559574144d841c57c2c16bc87e2b788efa04054f1a3fd699ca1ed3,,,,unresolved,
CIK0001056386,AVS811C804BE64CB3D0,0001056386,Internap Corp,INAPQ,NASDAQ,7370,services,2017Q1,us,DE,1999-09-29,2019-12-31,Alpha Vantage listing interval,resolved_cik,True,1,only eligible resolved security,2017|NASDAQ|services,1733,9,0.0051933064,192.5555555556,20260916,terminal_provider_unavailability,pilot_live,3,artifacts/representative_coverage_pilot_v20260916/raw/CIK0001056386/INAPQ/2017Q1/attempt_03_20260917040519516463.json,3c97abf330ac04ad0860ccb333f6407e2e94cf285fc03c07376d29067096abbc,no_transcript,provider returned no usable transcript segments,not_applicable,,,,,,unresolved,
CIK0001077428,AVSE8554254E36B2978,0001077428,Texas Capital Bancshares Inc,TCBI,NASDAQ,6022,finance_insurance_real_estate,2017Q1,us,,2003-08-14,2019-12-31,Alpha Vantage listing interval,resolved_cik,True,1,only eligible resolved security,2017|NASDAQ|finance_insurance_real_estate,2196,12,0.0054644809,183.0000000000,20260916,valid,pilot_live,1,artifacts/representative_coverage_pilot_v20260916/raw/CIK0001077428/TCBI/2017Q1/attempt_01_20260917004140162385.json,a4e91a7d6032cd1a88c024d8ae744380858e0b99d177e01fc8194f300fdbfd22,valid,"usable transcript passed structural, year, and identity checks",supported,distinctive company-name token found in opening transcript text,53b9cd2e985b0b3fb78035833a7f9812f4dbb2530385db4e258bdb2f742011e9,,,,unresolved,
CIK0001100917,AVSFA096D95347D7683,0001100917,Onvia Inc,ONVI,NASDAQ,7389,services,2017Q1,us,DE,2000-03-02,2019-12-31,Alpha Vantage listing interval,resolved_cik,True,2,"ranked by active quarter-end evidence, exchange, and plain common-stock symbol",2017|NASDAQ|services,1733,9,0.0051933064,192.5555555556,20260916,terminal_provider_unavailability,pilot_live,3,artifacts/representative_coverage_pilot_v20260916/raw/CIK0001100917/ONVI/2017Q1/attempt_03_20260917040523536552.json,04e803667dbc4aff5c3d0fd327a2f1fddcada3e0d336ad0d7cbf96b0ca006581,no_transcript,provider returned no usable transcript segments,not_applicable,,,,,,unresolved,
CIK0001332349,AVS8C8818BC83F61DDD,0001332349,Brookdale Senior Living Inc,BKD,NYSE,8050,services,2017Q1,us,DE,2005-11-22,2019-12-31,Alpha Vantage listing interval,resolved_cik,True,1,only eligible resolved security,2017|NYSE|services,992,5,0.0050403226,198.4000000000,20260916,valid,pilot_live,1,artifacts/representative_coverage_pilot_v20260916/raw/CIK0001332349/BKD/2017Q1/attempt_01_20260917004152187248.json,0848d407bae85a0c23b2490caf72d346e9c70648a8b8f2e27fcef1081f5238fe,valid,"usable transcript passed structural, year, and identity checks",supported,distinctive company-name token found in opening transcript text,4f6b40591462fa9a12a3cd905a48b36dae8da966049e2f399960cfee5660fef6,,,,unresolved,
CIK0001354866,AVSD3087C0AA8FDD7EB,0001354866,Byrna Technologies Inc,BYRN,NASDAQ,3690,manufacturing,2017Q1,us,DE,2011-02-23,2019-12-31,Alpha Vantage listing interval,resolved_cik,True,1,only eligible resolved security,2017|NASDAQ|manufacturing,4126,22,0.0053320407,187.5454545455,20260916,terminal_provider_unavailability,pilot_live,3,artifacts/representative_coverage_pilot_v20260916/raw/CIK0001354866/BYRN/2017Q1/attempt_03_20260917040531566045.json,93dc548032507671ee06992a27d7465fb7197146811011636b4febb27a8126c5,no_transcript,provider returned no usable transcript segments,not_applicable,,,,,,unresolved,
CIK0001378946,AVS72758804F2942265,0001378946,People`s United Financial Inc,PBCT,NASDAQ,6035,finance_insurance_real_estate,2017Q1,us,DE,1990-03-26,2019-12-31,Alpha Vantage listing interval,resolved_cik,True,1,only eligible resolved security,2017|NASDAQ|finance_insurance_real_estate,2196,12,0.0054644809,183.0000000000,20260916,terminal_provider_unavailability,pilot_live,3,artifacts/representative_coverage_pilot_v20260916/raw/CIK0001378946/PBCT/2017Q1/attempt_03_20260917040533566428.json,f8eba7cf4d5431483ce83dddf24c169b6d6e40fcd039caf2ec6907dca3df4f18,no_transcript,provider returned no usable transcript segments,not_applicable,,,,,,unresolved,
CIK0001378950,AVS22EE5E118C73EC5F,0001378950,CarParts.com Inc,PRTS,NASDAQ,5531,retail_trade,2017Q1,us,DE,2007-02-09,2019-12-31,Alpha Vantage listing interval,resolved_cik,True,1,only eligible resolved security,2017|NASDAQ|retail_trade,476,3,0.0063025210,158.6666666667,20260916,valid,pilot_live,1,artifacts/representative_coverage_pilot_v20260916/raw/CIK0001378950/PRTS/2017Q1/attempt_01_20260917004158198747.json,fa4553b8dce719ff0af989b0641b188961d1ebf456f4de44752013b897ce8d1d,valid,"usable transcript passed structural, year, and identity checks",manual_review,no distinctive company-name token found in opening transcript text,7ad3f2c1481d06e53248afec83069de9549a5a7e17cf2fe04abd853d01b72181,,,,unresolved,
CIK0001380393,AVSB6C75A4EC973F023,0001380393,Fortress Investment Group LLC,FIG,NYSE,6282,finance_insurance_real_estate,2017Q1,us,DE,2007-02-09,2019-12-31,Alpha Vantage listing interval,resolved_cik,True,2,"ranked by active quarter-end evidence, exchange, and plain common-stock symbol",2017|NYSE|finance_insurance_real_estate,1910,10,0.0052356021,191.0000000000,20260916,terminal_provider_unavailability,pilot_live,2,artifacts/representative_coverage_pilot_v20260916/raw/CIK0001380393/FIG/2017Q1/attempt_02_20260917050208097270.json,ac74913d26569cd431dcf66fda56ccbc9021c9973a8dc25a59c977351afc04b3,no_transcript,provider returned no usable transcript segments,not_applicable,,,,,,unresolved,
CIK0001422109,AVS8B4991E96AFFA445,0001422109,Blue Earth Inc,BBLUQ,NASDAQ,4991,transportation_communications_utilities,2017Q1,us,NV,2016-01-04,2019-12-31,Alpha Vantage listing interval,resolved_cik,False,1,only eligible resolved security,2017|NASDAQ|transportation_communications_utilities,549,3,0.0054644809,183.0000000000,20260916,terminal_provider_unavailability,pilot_live,3,artifacts/representative_coverage_pilot_v20260916/raw/CIK0001422109/BBLUQ/2017Q1/attempt_03_20260917040535576379.json,434f6dc4494f0321cd99365fc06dd40e858fbb164747d9973f607edcf2d23cba,no_transcript,provider returned no usable transcript segments,not_applicable,,,,,,unresolved,
CIK0001443646,AVSAF01E5EA3F0507EA,0001443646,Booz Allen Hamilton Holding Corp - Class A,BAH,NYSE,8742,services,2017Q1,us,DE,2010-11-18,2019-12-31,Alpha Vantage listing interval,resolved_cik,True,1,only eligible resolved security,2017|NYSE|services,992,5,0.0050403226,198.4000000000,20260916,valid,pilot_live,1,artifacts/representative_coverage_pilot_v20260916/raw/CIK0001443646/BAH/2017Q1/attempt_01_20260917004204206239.json,3c5ede4044f5dc72916a24545fde31a7bad88177240969aaca13bbc86a9a36a4,valid,"usable transcript passed structural, year, and identity checks",supported,distinctive company-name token found in opening transcript text,cd12720e419d4cd77c44c28fff005877fe4531a853d173d39b59d46eee31bfc6,,,,unresolved,
CIK0001519751,AVSADF5B3A35EB47785,0001519751,Fortune Brands Innovations Inc,FBIN,NYSE,2430,manufacturing,2017Q1,us,DE,2011-09-16,2019-12-31,Alpha Vantage listing interval,resolved_cik,True,1,only eligible resolved security,2017|NYSE|manufacturing,2218,12,0.0054102795,184.8333333333,20260916,valid,pilot_live,1,artifacts/representative_coverage_pilot_v20260916/raw/CIK0001519751/FBIN/2017Q1/attempt_01_20260917004210221226.json,ab80927ed720039b9d96e14f4c6faed5159e11a5b9d4e16a466b38e138c91993,valid,"usable transcript passed structural, year, and identity checks",supported,distinctive company-name token found in opening transcript text,97ac60c73485c78e925f6a041ecbaac2670025567d288dc664fc81fcd7f7f3f0,,,,unresolved,
CIK0001590714,AVSBDABA63FF4E4201B,0001590714,Element Solutions Inc,ESI,NYSE,2890,manufacturing,2017Q1,us,,2013-10-22,2019-12-31,Alpha Vantage listing interval,resolved_cik,True,1,only eligible resolved security,2017|NYSE|manufacturing,2218,12,0.0054102795,184.8333333333,20260916,terminal_provider_unavailability,pilot_live,3,artifacts/representative_coverage_pilot_v20260916/raw/CIK0001590714/ESI/2017Q1/attempt_03_20260917040541597618.json,803a0e1dd46d3781b1345281bbdacae2fa34b72b154f8d69921d278199af323d,no_transcript,provider returned no usable transcript segments,not_applicable,,,,,,unresolved,
CIK0001675033,AVS4BF693F5A0C729B1,0001675033,Great Elm Capital Corp,GECC,NASDAQ,,unknown,2017Q1,us,MD,2016-11-04,2019-12-31,Alpha Vantage listing interval,resolved_cik,True,1,only eligible resolved security,2017|NASDAQ|unknown,142,1,0.0070422535,142.0000000000,20260916,valid,pilot_live,1,artifacts/representative_coverage_pilot_v20260916/raw/CIK0001675033/GECC/2017Q1/attempt_01_20260917004214231289.json,28a5b2b2b3d1cf7bfc7f7aa6554960048366e354ee215f8fd77ca811d3e70bf0,valid,"usable transcript passed structural, year, and identity checks",supported,distinctive company-name token found in opening transcript text,f29c4f1d3c670102442959febb50cf1ca56f65faf2ee490d2323c3ac369375b3,,,2017-05-15,high,https://www.sec.gov/Archives/edgar/data/1675033/000156459017010813/gecc-ex991_6.htm
CIK0001829576,AVSF5171567E4138B7D,0001829576,Carter Bankshares Inc,CARE,NASDAQ,6021,finance_insurance_real_estate,2017Q1,us,VA,2012-08-27,2019-12-31,Alpha Vantage listing interval,resolved_cik,True,1,only eligible resolved security,2017|NASDAQ|finance_insurance_real_estate,2196,12,0.0054644809,183.0000000000,20260916,terminal_provider_unavailability,pilot_live,3,artifacts/representative_coverage_pilot_v20260916/raw/CIK0001829576/CARE/2017Q1/attempt_03_20260917040543599798.json,5002192b6bd45e6d3c26fbadad69d2fd121e54f3f0220d36b3db10a5143d4652,no_transcript,provider returned no usable transcript segments,not_applicable,,,,,,unresolved,
CIK0000008868,AVSDA5F4A84CDA307B1,0000008868,Avon Products Inc,AVP,NYSE,2844,manufacturing,2017Q2,us,NY,1972-06-01,2019-12-31,Alpha Vantage listing interval,resolved_cik,True,1,only eligible resolved security,2017|NYSE|manufacturing,2218,12,0.0054102795,184.8333333333,20260916,terminal_provider_unavailability,pilot_live,3,artifacts/representative_coverage_pilot_v20260916/raw/CIK0000008868/AVP/2017Q2/attempt_03_20260917040545607534.json,874efd09d5b803d6ccb489da71322e50e0123ddbd233e25dd7176d34d7a586d8,no_transcript,provider returned no usable transcript segments,not_applicable,,,,,,unresolved,
CIK0000067279,AVS40D50C6283F61EED,0000067279,MOCON Inc,MOCO,NASDAQ,3829,manufacturing,2017Q2,us,MN,1989-04-05,2019-12-31,Alpha Vantage listing interval,resolved_cik,True,2,"ranked by active quarter-end evidence, exchange, and plain common-stock symbol",2017|NASDAQ|manufacturing,4126,22,0.0053320407,187.5454545455,20260916,terminal_provider_unavailability,pilot_live,3,artifacts/representative_coverage_pilot_v20260916/raw/CIK0000067279/MOCO/2017Q2/attempt_03_20260917040547617582.json,e1b8b4734ad203d40808e2f15712fe0159bb5b4fe5d680810f225c7b349cf3da,no_transcript,provider returned no usable transcript segments,not_applicable,,,,,,unresolved,
CIK0000764180,AVS64895786696729B2,0000764180,Altria Group Inc,MO,NYSE,2111,manufacturing,2017Q2,us,VA,1970-01-02,2019-12-31,Alpha Vantage listing interval,resolved_cik,True,1,only eligible resolved security,2017|NYSE|manufacturing,2218,12,0.0054102795,184.8333333333,20260916,valid,legacy_reuse,1,artifacts/earnings_call_responses/MO_2017Q2.json,a817481888140e124861d46d4cdda5517308f596473ae639fff558b992d52931,valid full transcript,substantive segmented transcript without detected integrity flags,supported,distinctive company-name token found in opening transcript text,cf3db33f00899202cb653e0929fb051a45e19a0b100e745e37ab63bde3f8d91e,,,2017-07-27,high,https://www.sec.gov/Archives/edgar/data/764180/000076418017000096/exhibit991erq22017.htm
CIK0000766829,AVS291BDB69A5F16712,0000766829,H2O America,HTO,NASDAQ,4941,transportation_communications_utilities,2017Q2,us,DE,1972-06-01,2019-12-31,Alpha Vantage listing interval,resolved_cik,True,1,only eligible resolved security,2017|NASDAQ|transportation_communications_utilities,549,3,0.0054644809,183.0000000000,20260916,terminal_provider_unavailability,pilot_live,3,artifacts/representative_coverage_pilot_v20260916/raw/CIK0000766829/HTO/2017Q2/attempt_03_20260917040549626392.json,3248259675959c3895f5479aae54c3ba350be682175964326c442a178089cb38,no_transcript,provider returned no usable transcript segments,not_applicable,,,,,,unresolved,
CIK0000803164,AVS9439DF9C14E1FBC3,0000803164,Choiceone Financial Services Inc,COFS,NASDAQ,6022,finance_insurance_real_estate,2017Q2,us,MI,2001-12-31,2019-12-31,Alpha Vantage listing interval,resolved_cik,True,1,only eligible resolved security,2017|NASDAQ|finance_insurance_real_estate,2196,12,0.0054644809,183.0000000000,20260916,terminal_provider_unavailability,pilot_live,3,artifacts/representative_coverage_pilot_v20260916/raw/CIK0000803164/COFS/2017Q2/attempt_03_20260917040551633080.json,366278f4cf0813c302fdbaadc5fd59bec168d7bda1501da70e4250505645081f,no_transcript,provider returned no usable transcript segments,not_applicable,,,,,,unresolved,
CIK0000840489,AVS522A2133B36EC159,0000840489,FirstCash Holdings Inc,FCFS,NASDAQ,5900,retail_trade,2017Q2,us,TX,1992-08-17,2019-12-31,Alpha Vantage listing interval,resolved_cik,True,1,only eligible resolved security,2017|NASDAQ|retail_trade,476,3,0.0063025210,158.6666666667,20260916,terminal_provider_unavailability,pilot_live,2,artifacts/representative_coverage_pilot_v20260916/raw/CIK0000840489/FCFS/2017Q2/attempt_02_20260917050210098828.json,48f2bbc9bb8c3f2afb9b60cb40b80e63960fbac8d872051900dce92229753e51,no_transcript,provider returned no usable transcript segments,not_applicable,,,,,,unresolved,
CIK0000928054,AVS50660768094DB886,0000928054,Flotek Industries Inc,FTK,NYSE,2890,manufacturing,2017Q2,us,DE,2005-07-27,2019-12-31,Alpha Vantage listing interval,resolved_cik,True,1,only eligible resolved security,2017|NYSE|manufacturing,2218,12,0.0054102795,184.8333333333,20260916,valid,pilot_live,1,artifacts/representative_coverage_pilot_v20260916/raw/CIK0000928054/FTK/2017Q2/attempt_01_20260917004226248111.json,6d5f11f951c216806e9bb1757616415c6389a53b3a5001c33c42cea48b6b052d,valid,"usable transcript passed structural, year, and identity checks",supported,distinctive company-name token found in opening transcript text,0fe2818bb0ae7a32dfb43365c376d4de34a6cd3fc58f680ff03b045cab51745b,,,,unresolved,
CIK0001023364,AVS0A3FE462949B9DFF,0001023364,Autobytel Inc,ABTL,NASDAQ,7370,services,2017Q2,us,DE,1999-03-26,2019-12-31,Alpha Vantage listing interval,resolved_cik,True,3,"ranked by active quarter-end evidence, exchange, and plain common-stock symbol",2017|NASDAQ|services,1733,9,0.0051933064,192.5555555556,20260916,terminal_provider_unavailability,pilot_live,3,artifacts/representative_coverage_pilot_v20260916/raw/CIK0001023364/ABTL/2017Q2/attempt_03_20260917040553643120.json,eebd6dded731812073b3d8cd54326b7ef6ef6e571e9985c1e78c53c3cfc6fad5,no_transcript,provider returned no usable transcript segments,not_applicable,,,,,,unresolved,
CIK0001046859,AVS82AE95FE89B92C90,0001046859,Remy International Inc,REMY,NASDAQ,3714,manufacturing,2017Q2,us,DE,2010-03-26,2019-12-31,Alpha Vantage listing interval,resolved_cik,False,1,only eligible resolved security,2017|NASDAQ|manufacturing,4126,22,0.0053320407,187.5454545455,20260916,terminal_provider_unavailability,pilot_live,3,artifacts/representative_coverage_pilot_v20260916/raw/CIK0001046859/REMY/2017Q2/attempt_03_20260917040555665960.json,8d12f6c3a3c063bc9d41dbe0658167115c3abcbeaa72a34504288030403f796b,no_transcript,provider returned no usable transcript segments,not_applicable,,,,,,unresolved,
CIK0001063494,AVSCF7ACFF6952D4C4B,0001063494,KBW Inc,KBW,NYSE,6211,finance_insurance_real_estate,2017Q2,us,,2010-12-15,2019-12-31,Alpha Vantage listing interval,resolved_cik,False,1,only eligible resolved security,2017|NYSE|finance_insurance_real_estate,1910,10,0.0052356021,191.0000000000,20260916,terminal_provider_unavailability,pilot_live,2,artifacts/representative_coverage_pilot_v20260916/raw/CIK0001063494/KBW/2017Q2/attempt_02_20260917041932555171.json,cf8a7a956bbf05f6cd57b54a02b0215a53cc4598be2f87066c03ba5286497f49,no_transcript,provider returned no usable transcript segments,not_applicable,,,,,,unresolved,
CIK0001092662,AVS0519BDCFD43C4844,0001092662,Chembio Diagnostics Inc,CEMI,NASDAQ,2834,manufacturing,2017Q2,us,NV,2004-05-05,2019-12-31,Alpha Vantage listing interval,resolved_cik,True,1,only eligible resolved security,2017|NASDAQ|manufacturing,4126,22,0.0053320407,187.5454545455,20260916,terminal_provider_unavailability,pilot_live,3,artifacts/representative_coverage_pilot_v20260916/raw/CIK0001092662/CEMI/2017Q2/attempt_03_20260917040557676007.json,616a11570eede4a0e95531f072f426d3a7317b9b50e2f4d0c81f2554d365d48a,no_transcript,provider returned no usable transcript segments,not_applicable,,,,,,unresolved,
CIK0001417663,AVS933CCD000721145D,0001417663,Sanuwave Health Inc,SNWV,NASDAQ,3841,manufacturing,2017Q2,us,NV,2015-03-10,2019-12-31,Alpha Vantage listing interval,resolved_cik,True,1,only eligible resolved security,2017|NASDAQ|manufacturing,4126,22,0.0053320407,187.5454545455,20260916,terminal_provider_unavailability,pilot_live,2,artifacts/representative_coverage_pilot_v20260916/raw/CIK0001417663/SNWV/2017Q2/attempt_02_20260917050212103848.json,4cb6c2b300a0c17620fcd327b855f8466c02bcaae8441419f2c0964849fd33f3,no_transcript,provider returned no usable transcript segments,not_applicable,,,,,,unresolved,
CIK0001490892,AVSF46A9B2E7D07E684,0001490892,CoreSite Realty Corporation,COR,NYSE,6798,finance_insurance_real_estate,2017Q2,us,MD,2010-09-23,2019-12-31,Alpha Vantage listing interval,resolved_cik,True,1,only eligible resolved security,2017|NYSE|finance_insurance_real_estate,1910,10,0.0052356021,191.0000000000,20260916,valid,pilot_live,1,artifacts/representative_coverage_pilot_v20260916/raw/CIK0001490892/COR/2017Q2/attempt_01_20260917041635523149.json,6100ceaff0f1cf344fe5c355ac40662689be426256d44d68a45fe12661ca32a8,valid,"usable transcript passed structural, year, and identity checks",supported,distinctive company-name token found in opening transcript text,973cca58b98b5a9ef3ad37ef1352cef28b94d6719a801c5b035ee657d50cc78f,,,,unresolved,
CIK0001495932,AVS12F6A788A69059A2,0001495932,eXp World Holdings Inc,AGNT,NASDAQ,6531,finance_insurance_real_estate,2017Q2,us,TX,2014-02-19,2019-12-31,Alpha Vantage listing interval,resolved_cik,True,1,only eligible resolved security,2017|NASDAQ|finance_insurance_real_estate,2196,12,0.0054644809,183.0000000000,20260916,terminal_provider_unavailability,pilot_live,2,artifacts/representative_coverage_pilot_v20260916/raw/CIK0001495932/AGNT/2017Q2/attempt_02_20260917050214107122.json,5f0bee04d3034b70b23af76e7af0f1a71c9bfee2e7be349d060ca070073a16ff,no_transcript,provider returned no usable transcript segments,not_applicable,,,,,,unresolved,
CIK0001549966,AVS21BADFB32A6EDAA9,0001549966,Silvercrest Asset Management Group Inc - Class A,SAMG,NASDAQ,6282,finance_insurance_real_estate,2017Q2,us,DE,2013-06-27,2019-12-31,Alpha Vantage listing interval,resolved_cik,True,1,only eligible resolved security,2017|NASDAQ|finance_insurance_real_estate,2196,12,0.0054644809,183.0000000000,20260916,valid,pilot_live,1,artifacts/representative_coverage_pilot_v20260916/raw/CIK0001549966/SAMG/2017Q2/attempt_01_20260917004246288455.json,73d9a35c064cd393fd318401cff153e25f1a1ed8c3001ef7ae1c3101c008d026,valid,"usable transcript passed structural, year, and identity checks",supported,distinctive company-name token found in opening transcript text,f59ac4e10ad78565501dc5d1bd0d8a14d8f0c981e6386c6bee1f35d3c47efc22,,,2017-08-04,high,https://www.sec.gov/Archives/edgar/data/1549966/000156459017015347/samg-ex991_6.htm
CIK0001609711,AVS631887CFAB837FFD,0001609711,Godaddy Inc - Class A,GDDY,NYSE,7373,services,2017Q2,us,DE,2015-04-01,2019-12-31,Alpha Vantage listing interval,resolved_cik,True,1,only eligible resolved security,2017|NYSE|services,992,5,0.0050403226,198.4000000000,20260916,valid,pilot_live,1,artifacts/representative_coverage_pilot_v20260916/raw/CIK0001609711/GDDY/2017Q2/attempt_01_20260917004248293485.json,77d7828aa1e40caabe2a4e4da99b1d2910aa032b742f9587fb2f7cbfc86fc47b,valid,"usable transcript passed structural, year, and identity checks",supported,distinctive company-name token found in opening transcript text,04ccc9208488d241d1565f27f3a4505388c66152f238e9ce1bfb8628c226e7cd,,,,unresolved,
CIK0000008858,AVS52AC70361EE51A2B,0000008858,Avnet Inc,AVT,NASDAQ,5065,wholesale_trade,2017Q3,us,NY,1973-05-03,2019-12-31,Alpha Vantage listing interval,resolved_cik,True,1,only eligible resolved security,2017|NASDAQ|wholesale_trade,213,1,0.0046948357,213.0000000000,20260916,valid,legacy_reuse,1,artifacts/earnings_call_responses/AVT_2017Q3.json,43124af9416b050706e3b2c5b319784784f134556172d48bee20c9cdf6faa6a6,valid full transcript,substantive segmented transcript without detected integrity flags,supported,distinctive company-name token found in opening transcript text,6171fb14a5cbd1f0c0eef5137b26d74dc29f161d24a00dd996ee613425ba3712,,,,unresolved,
CIK0000027419,AVS611340400342DBA2,0000027419,Target Corp,TGT,NYSE,5331,retail_trade,2017Q3,us,MN,1983-04-06,2019-12-31,Alpha Vantage listing interval,resolved_cik,True,1,only eligible resolved security,2017|NYSE|retail_trade,396,2,0.0050505051,198.0000000000,20260916,valid,legacy_reuse,1,artifacts/earnings_call_responses/TGT_2017Q3.json,db8b837c58e365827f9db862cc63fa47a61509722b934ca99722ddd09da68ace,valid full transcript,substantive segmented transcript without detected integrity flags,supported,distinctive company-name token found in opening transcript text,45dd398ea15792eb244cc444abdd2b128d3ddc3ceba21bea3ee7601c53e63d79,,,,unresolved,
CIK0000031235,AVSF29079992266A800,0000031235,Eastman Kodak Company,KODK,NYSE,3861,manufacturing,2017Q3,us,NJ,2013-09-23,2019-12-31,Alpha Vantage listing interval,resolved_cik,True,1,only eligible resolved security,2017|NYSE|manufacturing,2218,12,0.0054102795,184.8333333333,20260916,valid,pilot_live,1,artifacts/representative_coverage_pilot_v20260916/raw/CIK0000031235/KODK/2017Q3/attempt_01_20260917004250294642.json,1c57781bbc797aaa43b23af32ecd0d11cb8ba8770eb09681b8c447350e41c4eb,valid,"usable transcript passed structural, year, and identity checks",supported,distinctive company-name token found in opening transcript text,5d5a25be5b754b0635f6284ef061dd4ccd5303a28e12ee4ca13ae5196b404cac,,,,unresolved,
CIK0000085974,AVS1BE2C6ABE6EA820D,0000085974,The Ryland Group Inc,RYL,NYSE,1531,construction,2017Q3,us,MD,1987-12-30,2019-12-31,Alpha Vantage listing interval,resolved_cik,False,1,only eligible resolved security,2017|NYSE|construction,156,1,0.0064102564,156.0000000000,20260916,terminal_provider_unavailability,pilot_live,3,artifacts/representative_coverage_pilot_v20260916/raw/CIK0000085974/RYL/2017Q3/attempt_03_20260917040603700103.json,6356d14736a8a5647006a86427d18ee4dbb02e95d2b286573ec8265a8dbfc0f5,no_transcript,provider returned no usable transcript segments,not_applicable,,,,,,unresolved,
CIK0000751978,AVSD2CD813F6EAF3E54,0000751978,Vicor Corp,VICR,NASDAQ,3679,manufacturing,2017Q3,us,DE,1991-11-27,2019-12-31,Alpha Vantage listing interval,resolved_cik,True,1,only eligible resolved security,2017|NASDAQ|manufacturing,4126,22,0.0053320407,187.5454545455,20260916,valid,pilot_live,1,artifacts/representative_coverage_pilot_v20260916/raw/CIK0000751978/VICR/2017Q3/attempt_01_20260917004254304709.json,13511202a85f47d266ed672c63481496128dc464365523069fb148e62fb98e66,valid,"usable transcript passed structural, year, and identity checks",supported,distinctive company-name token found in opening transcript text,ff65b9e44b2da471bd07bbea06ecee4659886d72b2547bb0664177142c041860,,,,unresolved,
CIK0000799850,AVSECE90833B443A0D0,0000799850,Americas Car Mart Inc,CRMT,NASDAQ,5500,retail_trade,2017Q3,us,TX,1993-11-09,2019-12-31,Alpha Vantage listing interval,resolved_cik,True,1,only eligible resolved security,2017|NASDAQ|retail_trade,476,3,0.0063025210,158.6666666667,20260916,valid,pilot_live,1,artifacts/representative_coverage_pilot_v20260916/raw/CIK0000799850/CRMT/2017Q3/attempt_01_20260917004256309742.json,39724977f738ce844d453a70c5e792701ce0c9d466016226578511c3765bd3c0,valid,"usable transcript passed structural, year, and identity checks",manual_review,no distinctive company-name token found in opening transcript text,0f423212a50d0df6b0d8356e9d51aa3a76e12a7ac82b34b4b988db72bfd0988a,,,,unresolved,
CIK0000813762,AVS9F8FEF2AB76F52A3,0000813762,Icahn Enterprises L P,IEP,NASDAQ,2911,manufacturing,2017Q3,us,DE,1987-07-24,2019-12-31,Alpha Vantage listing interval,resolved_cik,True,1,only eligible resolved security,2017|NASDAQ|manufacturing,4126,22,0.0053320407,187.5454545455,20260916,valid,legacy_reuse,1,artifacts/earnings_call_responses/IEP_2017Q3.json,69e97bca9f2fe92a0e5ac331b1f0b59b5f9930478e702bc11a12e92f4d178ba2,valid full transcript,substantive segmented transcript without detected integrity flags,supported,distinctive company-name token found in opening transcript text,25c16ca907581ca77edc9b4da82aab99f2a3e51e639e3e4fdf09b93b5c867115,,,,unresolved,
CIK0000877212,AVSC2B8C519363FC4D8,0000877212,Zebra Technologies Corp - Class A,ZBRA,NASDAQ,3560,manufacturing,2017Q3,us,,1991-08-15,2019-12-31,Alpha Vantage listing interval,resolved_cik,True,1,only eligible resolved security,2017|NASDAQ|manufacturing,4126,22,0.0053320407,187.5454545455,20260916,valid,pilot_live,1,artifacts/representative_coverage_pilot_v20260916/raw/CIK0000877212/ZBRA/2017Q3/attempt_01_20260917004258314773.json,5a4d36a373162fa6a7ac485149c1873a8e3c7f9e1f673a395ff3bd59f1afd426,valid,"usable transcript passed structural, year, and identity checks",supported,distinctive company-name token found in opening transcript text,940f876a30f9af0f2f4e7a5d2b1838327f122bd6e4fc5de501f42112f3682e30,,,,unresolved,
CIK0000879526,AVS497B1F18BF875E0E,0000879526,Wabash National Corp,WNC,NYSE,3715,manufacturing,2017Q3,us,DE,1991-11-08,2019-12-31,Alpha Vantage listing interval,resolved_cik,True,1,only eligible resolved security,2017|NYSE|manufacturing,2218,12,0.0054102795,184.8333333333,20260916,valid,pilot_live,1,artifacts/representative_coverage_pilot_v20260916/raw/CIK0000879526/WNC/2017Q3/attempt_01_20260917004300319802.json,4b3be7cfd96ef40a6b1975606bb0f30b41a424eb4aaf43ace60533725086ed94,valid,"usable transcript passed structural, year, and identity checks",supported,distinctive company-name token found in opening transcript text,7e1055d82175dd49812f5451dbe59020cfe5953481eba0fc487008a399fd505a,,,2017-11-01,high,https://www.sec.gov/Archives/edgar/data/879526/000114420417055185/tv478148_ex99-1.htm
CIK0000909791,AVSB33DFE82475919FE,0000909791,Ultratech Inc,UTEK,NASDAQ,3559,manufacturing,2017Q3,us,DE,1993-09-29,2019-12-31,Alpha Vantage listing interval,resolved_cik,False,1,only eligible resolved security,2017|NASDAQ|manufacturing,4126,22,0.0053320407,187.5454545455,20260916,terminal_provider_unavailability,pilot_live,3,artifacts/representative_coverage_pilot_v20260916/raw/CIK0000909791/UTEK/2017Q3/attempt_03_20260917040605708127.json,29dd3b50a65c464f46ac45a2cdee34a81f87ea3d9953896f4574fdc000c267ca,no_transcript,provider returned no usable transcript segments,not_applicable,,,,,,unresolved,
CIK0001009672,AVS0FE75A7CE4BC38AD,0001009672,CARBO Ceramics Inc,CRR,NYSE,3290,manufacturing,2017Q3,us,DE,1996-04-23,2019-12-31,Alpha Vantage listing interval,resolved_cik,True,2,"ranked by active quarter-end evidence, exchange, and plain common-stock symbol",2017|NYSE|manufacturing,2218,12,0.0054102795,184.8333333333,20260916,terminal_provider_unavailability,pilot_live,3,artifacts/representative_coverage_pilot_v20260916/raw/CIK0001009672/CRR/2017Q3/attempt_03_20260917040607718173.json,120e024877a38e831f82c3011875bb5c8f1d99400f1bb038ae6924f9becad861,no_transcript,provider returned no usable transcript segments,not_applicable,,,,,,unresolved,
CIK0001023734,AVSAD2E5D451141CCDB,0001023734,BPZ Resources Inc,BPZ,NYSE,1311,mining,2017Q3,us,TX,2003-10-07,2019-12-31,Alpha Vantage listing interval,resolved_cik,False,1,only eligible resolved security,2017|NYSE|mining,527,3,0.0056925996,175.6666666667,20260916,terminal_provider_unavailability,pilot_live,2,artifacts/representative_coverage_pilot_v20260916/raw/CIK0001023734/BPZ/2017Q3/attempt_02_20260917041938565014.json,f7029b37271ce692b5602b46d19db022f16b462ab91fc869cb826ba1e94dbfe0,no_transcript,provider returned no usable transcript segments,not_applicable,,,,,,unresolved,
CIK0001062292,AVS312E5675E4EB25FD,0001062292,XO Group Inc,XOXO,NYSE,5960,retail_trade,2017Q3,us,DE,1999-12-02,2019-12-31,Alpha Vantage listing interval,resolved_cik,True,2,"ranked by active quarter-end evidence, exchange, and plain common-stock symbol",2017|NYSE|retail_trade,396,2,0.0050505051,198.0000000000,20260916,terminal_provider_unavailability,pilot_live,3,artifacts/representative_coverage_pilot_v20260916/raw/CIK0001062292/XOXO/2017Q3/attempt_03_20260917040611733572.json,1300915158128ef6a06bad230b689a22213360d71a5c2bd037da98de17df17dc,no_transcript,provider returned no usable transcript segments,not_applicable,,,,,,unresolved,
CIK0001070296,AVS10189C60F2DEA7AB,0001070296,First Capital Inc,FCAP,NASDAQ,6035,finance_insurance_real_estate,2017Q3,us,IN,1999-01-04,2019-12-31,Alpha Vantage listing interval,resolved_cik,True,1,only eligible resolved security,2017|NASDAQ|finance_insurance_real_estate,2196,12,0.0054644809,183.0000000000,20260916,terminal_provider_unavailability,pilot_live,3,artifacts/representative_coverage_pilot_v20260916/raw/CIK0001070296/FCAP/2017Q3/attempt_03_20260917040613739676.json,656cbe21462c97bcab33ac915c865d8995c0bc9c999eb455a9f7ecf247b8bdb6,no_transcript,provider returned no usable transcript segments,not_applicable,,,,,,unresolved,
CIK0001288469,AVSA638D7E0F640912D,0001288469,MaxLinear Inc,MXL,NASDAQ,3674,manufacturing,2017Q3,us,,2010-03-24,2019-12-31,Alpha Vantage listing interval,resolved_cik,True,1,only eligible resolved security,2017|NASDAQ|manufacturing,4126,22,0.0053320407,187.5454545455,20260916,valid,pilot_live,1,artifacts/representative_coverage_pilot_v20260916/raw/CIK0001288469/MXL/2017Q3/attempt_01_20260917004314350754.json,2b2bc585ec99e31af801eb1e235e4f28d7ae2059d919d8c19989c5c46c5739db,valid,"usable transcript passed structural, year, and identity checks",supported,distinctive company-name token found in opening transcript text,a7cff146253cf5148795fbd85a0ddf25b4a376934f6b55507896e6a5dda9c95d,,,,unresolved,
CIK0001371285,AVSB913B1C0174DF670,0001371285,Trupanion Inc,TRUP,NASDAQ,6324,finance_insurance_real_estate,2017Q3,us,DE,2014-07-18,2019-12-31,Alpha Vantage listing interval,resolved_cik,True,1,only eligible resolved security,2017|NASDAQ|finance_insurance_real_estate,2196,12,0.0054644809,183.0000000000,20260916,valid,pilot_live,1,artifacts/representative_coverage_pilot_v20260916/raw/CIK0001371285/TRUP/2017Q3/attempt_01_20260917004316355796.json,6e8e9b2b4fdbb0c2250eacbee6cb2c59173e572b7e5682d659a581dac6794ca2,valid,"usable transcript passed structural, year, and identity checks",supported,distinctive company-name token found in opening transcript text,1d91c089018d55ef82cae411204cd94bb0163473a95627393eb19df430598c57,,,,unresolved,
CIK0001390312,AVSC857B342D664D6D4,0001390312,Bancorp of New Jersey Inc,BKJ,NYSE,6022,finance_insurance_real_estate,2017Q3,us,NJ,2008-06-03,2019-12-31,Alpha Vantage listing interval,resolved_cik,True,1,only eligible resolved security,2017|NYSE|finance_insurance_real_estate,1910,10,0.0052356021,191.0000000000,20260916,terminal_provider_unavailability,pilot_live,2,artifacts/representative_coverage_pilot_v20260916/raw/CIK0001390312/BKJ/2017Q3/attempt_02_20260917041940570041.json,69309b8c979f59f1ed7ad17351e08d9f06955a772a8f4eb0bc22b428cfb5bc3d,no_transcript,provider returned no usable transcript segments,not_applicable,,,,,,unresolved,
CIK0001469433,AVS168F011BACA8FA4D,0001469433,Ancestry.com Inc,ACOM,NASDAQ,7374,services,2017Q3,us,DE,2009-11-05,2019-12-31,Alpha Vantage listing interval,resolved_cik,False,1,only eligible resolved security,2017|NASDAQ|services,1733,9,0.0051933064,192.5555555556,20260916,terminal_provider_unavailability,pilot_live,3,artifacts/representative_coverage_pilot_v20260916/raw/CIK0001469433/ACOM/2017Q3/attempt_03_20260917040615749722.json,98002229373156f638c820b57dd3ef2ddfd5fe1c9a8d4b80653b0491657716e7,no_transcript,provider returned no usable transcript segments,not_applicable,,,,,,unresolved,
CIK0001507605,AVSD3DC3BF3AF35925A,0001507605,MARA Holdings Inc,MARA,NASDAQ,6199,finance_insurance_real_estate,2017Q3,us,NV,2012-05-04,2019-12-31,Alpha Vantage listing interval,resolved_cik,True,1,only eligible resolved security,2017|NASDAQ|finance_insurance_real_estate,2196,12,0.0054644809,183.0000000000,20260916,valid,pilot_live,1,artifacts/representative_coverage_pilot_v20260916/raw/CIK0001507605/MARA/2017Q3/attempt_01_20260917045905653539.json,8452634a8af320469a7ab7fd3469f9fd2455de522c9336d40c9c768acfc03eb9,valid,"usable transcript passed structural, year, and identity checks",manual_review,no distinctive company-name token found in opening transcript text,967ac3e49abce39d7d566c3281606f6a662e464d53a348e45167b65b666b8b69,,,,unresolved,
CIK0001629137,AVSBDCD3AB00BE6E52D,0001629137,Global Blood Therapeutics Inc,GBT,NASDAQ,2834,manufacturing,2017Q3,us,DE,2015-08-12,2019-12-31,Alpha Vantage listing interval,resolved_cik,True,1,only eligible resolved security,2017|NASDAQ|manufacturing,4126,22,0.0053320407,187.5454545455,20260916,terminal_provider_unavailability,pilot_live,3,artifacts/representative_coverage_pilot_v20260916/raw/CIK0001629137/GBT/2017Q3/attempt_03_20260917040617758616.json,1c7657278d162456544ef74ccf822f7728308d2ff13110a4640c660e70db216b,no_transcript,provider returned no usable transcript segments,not_applicable,,,,,,unresolved,
CIK0000016160,AVSB1D8014C94F42036,0000016160,Cal-Maine Foods Inc,CALM,NASDAQ,0200,mining,2017Q4,us,DE,1996-12-12,2019-12-31,Alpha Vantage listing interval,resolved_cik,True,1,only eligible resolved security,2017|NASDAQ|mining,252,1,0.0039682540,252.0000000000,20260916,terminal_provider_unavailability,pilot_live,3,artifacts/representative_coverage_pilot_v20260916/raw/CIK0000016160/CALM/2017Q4/attempt_03_20260917040619759894.json,342284bfc90a4426d797fe2cb831607a46d9c044493fe25090939394940a9950,no_transcript,provider returned no usable transcript segments,not_applicable,,,,,,unresolved,
CIK0000076605,AVS1D1354DEF0050195,0000076605,Patrick Industries Inc,PATK,NASDAQ,3714,manufacturing,2017Q4,us,IN,1990-03-27,2019-12-31,Alpha Vantage listing interval,resolved_cik,True,1,only eligible resolved security,2017|NASDAQ|manufacturing,4126,22,0.0053320407,187.5454545455,20260916,valid,pilot_live,1,artifacts/representative_coverage_pilot_v20260916/raw/CIK0000076605/PATK/2017Q4/attempt_01_20260917004326370417.json,51ec33ed8d49421b37294d6e065466294fe725925e7c249df583d4b86466b61c,valid,"usable transcript passed structural, year, and identity checks",supported,distinctive company-name token found in opening transcript text,0e3ff702c06136c70a76289dc42764ba66d03cb020f51d81e69737aa88bb6390,,,2018-02-15,high,https://www.sec.gov/Archives/edgar/data/76605/000007660518000024/patk2017-q4991.htm
CIK0000095521,AVS3A4F78C307B33DC5,0000095521,SUPERVALU INC.,SVU,NYSE,5141,wholesale_trade,2017Q4,us,DE,1985-07-01,2019-12-31,Alpha Vantage listing interval,resolved_cik,True,2,"ranked by active quarter-end evidence, exchange, and plain common-stock symbol",2017|NYSE|wholesale_trade,200,1,0.0050000000,200.0000000000,20260916,terminal_provider_unavailability,pilot_live,3,artifacts/representative_coverage_pilot_v20260916/raw/CIK0000095521/SVU/2017Q4/attempt_03_20260917040621766420.json,c772ece22a8540d0eb1e4af9d50b18e8241a5a6a280fb3b95e7aec0282332789,no_transcript,provider returned no usable transcript segments,not_applicable,,,,,,unresolved,
CIK0000104897,AVSB859ED8F0EB47574,0000104897,WSI Industries Inc,WSCI,NASDAQ,3540,manufacturing,2017Q4,us,MN,1990-03-27,2019-12-31,Alpha Vantage listing interval,resolved_cik,True,2,"ranked by active quarter-end evidence, exchange, and plain common-stock symbol",2017|NASDAQ|manufacturing,4126,22,0.0053320407,187.5454545455,20260916,terminal_provider_unavailability,pilot_live,3,artifacts/representative_coverage_pilot_v20260916/raw/CIK0000104897/WSCI/2017Q4/attempt_03_20260917040623776462.json,26b2d4656de3d018a6ea9a5bc6d149236b66ab0a817494f520ba57e9959dbbce,no_transcript,provider returned no usable transcript segments,not_applicable,,,,,,unresolved,
CIK0000350907,AVSF366E41537C95585,0000350907,Thoratec Corp,THOR,NASDAQ,3845,manufacturing,2017Q4,us,CA,1996-01-02,2019-12-31,Alpha Vantage listing interval,resolved_cik,True,1,only eligible resolved security,2017|NASDAQ|manufacturing,4126,22,0.0053320407,187.5454545455,20260916,terminal_provider_unavailability,pilot_live,3,artifacts/representative_coverage_pilot_v20260916/raw/CIK0000350907/THOR/2017Q4/attempt_03_20260917040625776667.json,313836f9e218c70ea10491161e503c774cf45e0eb79968733ba83657443a151d,no_transcript,provider returned no usable transcript segments,not_applicable,,,,,,unresolved,
CIK0000821483,AVSD55ECE0349FAE845,0000821483,Par Pacific Holdings Inc,PARR,NYSE,1311,mining,2017Q4,us,DE,2012-09-05,2019-12-31,Alpha Vantage listing interval,resolved_cik,True,1,only eligible resolved security,2017|NYSE|mining,527,3,0.0056925996,175.6666666667,20260916,valid,pilot_live,1,artifacts/representative_coverage_pilot_v20260916/raw/CIK0000821483/PARR/2017Q4/attempt_01_20260917004334393308.json,be587d57feab3ea761a97d0c6dc71e4867fae02f2b25a752cbae19195b7a6687,valid,"usable transcript passed structural, year, and identity checks",supported,distinctive company-name token found in opening transcript text,f61901b627ee6cb5523d9743f83266177fa0264caabe4d7ba31780821b09fa81,,,2018-03-06,high,https://www.sec.gov/Archives/edgar/data/821483/000082148318000011/a20171231991earningsrelease.htm
CIK0000844059,AVS8D85C85457B47D41,0000844059,FRP Holdings Inc,FRPH,NASDAQ,6500,finance_insurance_real_estate,2017Q4,us,FL,1990-03-26,2019-12-31,Alpha Vantage listing interval,resolved_cik,True,1,only eligible resolved security,2017|NASDAQ|finance_insurance_real_estate,2196,12,0.0054644809,183.0000000000,20260916,valid,legacy_reuse,1,artifacts/earnings_call_responses/FRPH_2017Q4.json,ddc994ebce0d0f6d10ce4b0f87bdc867642bacdca4929535fce376fed5b34b11,valid full transcript,substantive segmented transcript without detected integrity flags,manual_review,no distinctive company-name token found in opening transcript text,d5e0c7b9ec747b33d64c1ec0b76b98f84faa8d3e65cd06ac4006c4e5e4f22c3e,,,2018-03-07,high,https://www.sec.gov/Archives/edgar/data/844059/000147450618000012/0001474506-18-000012.txt
CIK0000876167,AVS5C12737DE93A80FD,0000876167,Progress Software Corp,PRGS,NASDAQ,7372,services,2017Q4,us,DE,1991-08-05,2019-12-31,Alpha Vantage listing interval,resolved_cik,True,1,only eligible resolved security,2017|NASDAQ|services,1733,9,0.0051933064,192.5555555556,20260916,valid,pilot_live,1,artifacts/representative_coverage_pilot_v20260916/raw/CIK0000876167/PRGS/2017Q4/attempt_01_20260917004336398334.json,9d0e1dcf5bc9c1eed957e89f1ffe8d8c11b7ef99b8ea181a55b2d939e980b7c1,valid,"usable transcript passed structural, year, and identity checks",supported,distinctive company-name token found in opening transcript text,beff911bfdfda266f20a6b724db1ed683c49122c21c101f8a95ab2c80a089813,,,,unresolved,
CIK0000879585,AVS99E08A1D0DA4C432,0000879585,ATN International Inc,ATNI,NASDAQ,4813,transportation_communications_utilities,2017Q4,us,DE,1991-11-14,2019-12-31,Alpha Vantage listing interval,resolved_cik,True,1,only eligible resolved security,2017|NASDAQ|transportation_communications_utilities,549,3,0.0054644809,183.0000000000,20260916,valid,pilot_live,1,artifacts/representative_coverage_pilot_v20260916/raw/CIK0000879585/ATNI/2017Q4/attempt_01_20260917004338403370.json,160f7b5f5812a797a84925fec6c7db486f6e8c7d580880fd6f2f034707a1ae38,valid,"usable transcript passed structural, year, and identity checks",manual_review,no distinctive company-name token found in opening transcript text,9b33dce144726a2d5cb6fc7b14b67c750e3a95a4e60037801baadf94a995fa79,,,,unresolved,
CIK0000890264,AVS518CC91F2CE512C5,0000890264,Exa Corp,EXA,NASDAQ,7372,services,2017Q4,us,MA,2012-06-28,2019-12-31,Alpha Vantage listing interval,resolved_cik,False,2,"ranked by active quarter-end evidence, exchange, and plain common-stock symbol",2017|NASDAQ|services,1733,9,0.0051933064,192.5555555556,20260916,terminal_provider_unavailability,pilot_live,3,artifacts/representative_coverage_pilot_v20260916/raw/CIK0000890264/EXA/2017Q4/attempt_03_20260917040627783054.json,addfdb6bf766b98d8f66a5ab4baa9c85b175f576376adbfd4fc9ae51e952862c,no_transcript,provider returned no usable transcript segments,not_applicable,,,,,,unresolved,
CIK0000906553,AVSA958ADBC43C522FD,0000906553,Boyd Gaming Corp,BYD,NYSE,7011,services,2017Q4,us,NV,1993-10-18,2019-12-31,Alpha Vantage listing interval,resolved_cik,True,1,only eligible resolved security,2017|NYSE|services,992,5,0.0050403226,198.4000000000,20260916,valid,pilot_live,1,artifacts/representative_coverage_pilot_v20260916/raw/CIK0000906553/BYD/2017Q4/attempt_01_20260917004342408752.json,d6262aa5d6967c56d799bd726e99e904d50b0f6c5f96f5c5bb09fa53b91a58f5,valid,"usable transcript passed structural, year, and identity checks",supported,distinctive company-name token found in opening transcript text,8703b4dc73367bf5f05aeea6af0e50ec9703f6340dd5749ec7feb266fcdf4a91,,,,unresolved,
CIK0000916457,AVS34EF1FC0B94DEC80,0000916457,Calpine Corp,CPN,NYSE,4911,transportation_communications_utilities,2017Q4,us,DE,2008-01-10,2019-12-31,Alpha Vantage listing interval,resolved_cik,True,1,only eligible resolved security,2017|NYSE|transportation_communications_utilities,802,4,0.0049875312,200.5000000000,20260916,terminal_provider_unavailability,pilot_live,2,artifacts/representative_coverage_pilot_v20260916/raw/CIK0000916457/CPN/2017Q4/attempt_02_20260917050216112151.json,7797cfacabb114bf741f74356acd4f36f3deb9f3a209c30c07e1ddfcfda4b049,no_transcript,provider returned no usable transcript segments,not_applicable,,,,,,unresolved,
CIK0000936528,AVS434EC372132CCAFA,0000936528,WaFd Inc,WAFD,NASDAQ,6021,finance_insurance_real_estate,2017Q4,us,WA,1990-03-26,2019-12-31,Alpha Vantage listing interval,resolved_cik,True,1,only eligible resolved security,2017|NASDAQ|finance_insurance_real_estate,2196,12,0.0054644809,183.0000000000,20260916,terminal_provider_unavailability,pilot_live,2,artifacts/representative_coverage_pilot_v20260916/raw/CIK0000936528/WAFD/2017Q4/attempt_02_20260917050218117180.json,b605b663da570c3ab7438a5aedb7382118574b90b6e6fa085b8bdbc719fd65ca,no_transcript,provider returned no usable transcript segments,not_applicable,,,,,,unresolved,
CIK0001010086,AVS7F7AF939748B8636,0001010086,SIGA Technologies Inc,SIGA,NASDAQ,2834,manufacturing,2017Q4,us,DE,1997-09-10,2019-12-31,Alpha Vantage listing interval,resolved_cik,True,1,only eligible resolved security,2017|NASDAQ|manufacturing,4126,22,0.0053320407,187.5454545455,20260916,terminal_provider_unavailability,pilot_live,3,artifacts/representative_coverage_pilot_v20260916/raw/CIK0001010086/SIGA/2017Q4/attempt_03_20260917040629786833.json,760097909c27ee4316d30eae67240bff97c08cefed5333c6028a709d09d45528,no_transcript,provider returned no usable transcript segments,not_applicable,,,,,,unresolved,
CIK0001043533,AVSC49B33C531852D5F,0001043533,ABOVENET INC,ABVT,NYSE,4899,transportation_communications_utilities,2017Q4,us,DE,2010-12-02,2019-12-31,Alpha Vantage listing interval,resolved_cik,False,1,only eligible resolved security,2017|NYSE|transportation_communications_utilities,802,4,0.0049875312,200.5000000000,20260916,terminal_provider_unavailability,pilot_live,2,artifacts/representative_coverage_pilot_v20260916/raw/CIK0001043533/ABVT/2017Q4/attempt_02_20260917041942575065.json,73d376a4fe3bfeeef921abcd0f7410530277c7309c1453c92d1a536582e651e7,no_transcript,provider returned no usable transcript segments,not_applicable,,,,,,unresolved,
CIK0001092796,AVSCB3FD663AD106539,0001092796,Smith & Wesson Brands Inc,SWBI,NASDAQ,3480,manufacturing,2017Q4,us,NV,1999-08-17,2019-12-31,Alpha Vantage listing interval,resolved_cik,True,2,"ranked by active quarter-end evidence, exchange, and plain common-stock symbol",2017|NASDAQ|manufacturing,4126,22,0.0053320407,187.5454545455,20260916,valid,pilot_live,1,artifacts/representative_coverage_pilot_v20260916/raw/CIK0001092796/SWBI/2017Q4/attempt_01_20260917004348420348.json,f55e136a414e9348fb95425ece4eeb0a577f686d518ae702db331f6a62e7b2a2,valid,"usable transcript passed structural, year, and identity checks",supported,distinctive company-name token found in opening transcript text,0c5cfc20c17ef3e1cfdd847bb7a1a973c807effc4d6318ef87d3c00605aa11c0,,,,unresolved,
CIK0001093557,AVSB783CFB97853DB61,0001093557,Dexcom Inc,DXCM,NASDAQ,3841,manufacturing,2017Q4,us,DE,2005-04-14,2019-12-31,Alpha Vantage listing interval,resolved_cik,True,1,only eligible resolved security,2017|NASDAQ|manufacturing,4126,22,0.0053320407,187.5454545455,20260916,valid,pilot_live,1,artifacts/representative_coverage_pilot_v20260916/raw/CIK0001093557/DXCM/2017Q4/attempt_01_20260917004350421074.json,5234fe9b015320b64df18bbb24abf0e3fbdad37c60f90f1a5cef3f173896005b,valid,"usable transcript passed structural, year, and identity checks",supported,distinctive company-name token found in opening transcript text,7c2eb5d6d303d579885ac5a870fbf7bfccb76d49142c87920ffd2eaab25e2084,,,2018-02-27,high,https://www.sec.gov/Archives/edgar/data/1093557/000109355718000003/0001093557-18-000003.txt
CIK0001101169,AVS811AD3EB8B325975,0001101169,Viasystems Group Inc,VIAS,NASDAQ,3672,manufacturing,2017Q4,us,DE,1994-05-27,2019-12-31,Alpha Vantage listing interval,resolved_cik,False,1,only eligible resolved security,2017|NASDAQ|manufacturing,4126,22,0.0053320407,187.5454545455,20260916,terminal_provider_unavailability,pilot_live,3,artifacts/representative_coverage_pilot_v20260916/raw/CIK0001101169/VIAS/2017Q4/attempt_03_20260917040631796880.json,b2dd2d3024e690921530cd830c2684f4822bea23703461b93fb86dbba5ec1d1e,no_transcript,provider returned no usable transcript segments,not_applicable,,,,,,unresolved,
CIK0001140098,AVS17FD2C3516E98BEA,0001140098,Ocata Therapeutics Inc,OCAT,NASDAQ,2834,manufacturing,2017Q4,us,DE,2014-08-27,2019-12-31,Alpha Vantage listing interval,resolved_cik,False,1,only eligible resolved security,2017|NASDAQ|manufacturing,4126,22,0.0053320407,187.5454545455,20260916,terminal_provider_unavailability,pilot_live,3,artifacts/representative_coverage_pilot_v20260916/raw/CIK0001140098/OCAT/2017Q4/attempt_03_20260917040633799723.json,3d7b0c97b4f810adddde23ad81bbb72a41642630bfbf2defd8ef38f71dc22d12,no_transcript,provider returned no usable transcript segments,not_applicable,,,,,,unresolved,
CIK0001176948,AVS93629C93D35268E5,0001176948,Ares Management Corp - Class A,ARES,NYSE,6282,finance_insurance_real_estate,2017Q4,us,DE,2014-05-02,2019-12-31,Alpha Vantage listing interval,resolved_cik,True,1,only eligible resolved security,2017|NYSE|finance_insurance_real_estate,1910,10,0.0052356021,191.0000000000,20260916,valid,pilot_live,1,artifacts/representative_coverage_pilot_v20260916/raw/CIK0001176948/ARES/2017Q4/attempt_01_20260917041647553416.json,a75826f22719a86531ab9c095b9183176d62a01da67b8a7019f44a9b368b5ee9,valid,"usable transcript passed structural, year, and identity checks",supported,distinctive company-name token found in opening transcript text,ffd763d7bfae6acca059f7bd44c0649956b15cb81d017a4e3f44b5e6dd6de6eb,,,2018-02-15,high,https://www.sec.gov/Archives/edgar/data/1176948/000162828018001737/q417ex991.htm
CIK0001305294,AVS6B9FFB1937442B84,0001305294,Qlik Technologies Inc,QLIK,NASDAQ,7372,services,2017Q4,us,DE,2010-07-15,2019-12-31,Alpha Vantage listing interval,resolved_cik,False,1,only eligible resolved security,2017|NASDAQ|services,1733,9,0.0051933064,192.5555555556,20260916,terminal_provider_unavailability,pilot_live,3,artifacts/representative_coverage_pilot_v20260916/raw/CIK0001305294/QLIK/2017Q4/attempt_03_20260917040637811996.json,01c9b5846dbef8310ac59aec98bdb5461e42821a3e3aa088142355e2d49e9095,no_transcript,provider returned no usable transcript segments,not_applicable,,,,,,unresolved,
CIK0001345126,AVSA7DA90B24F41C570,0001345126,Compass Diversified Holdings,CODI,NYSE,2510,manufacturing,2017Q4,us,DE,2006-05-18,2019-12-31,Alpha Vantage listing interval,resolved_cik,True,1,only eligible resolved security,2017|NYSE|manufacturing,2218,12,0.0054102795,184.8333333333,20260916,valid,pilot_live,1,artifacts/representative_coverage_pilot_v20260916/raw/CIK0001345126/CODI/2017Q4/attempt_01_20260917045911664882.json,d3f1bb4b5e53c49b5e62eec19a123bf03ac72389daf72eee57c88c734f855630,valid,"usable transcript passed structural, year, and identity checks",supported,distinctive company-name token found in opening transcript text,f3e582cf0576aa56ad9a3a3d5bd0ea54a8c296385c3617338592a594a61b87c6,,,,unresolved,
CIK0001346830,AVS8CE4B2B204B5A859,0001346830,Cara Therapeutics Inc,TVRD,NASDAQ,2834,manufacturing,2017Q4,us,DE,2014-01-31,2019-12-31,Alpha Vantage listing interval,resolved_cik,True,1,only eligible resolved security,2017|NASDAQ|manufacturing,4126,22,0.0053320407,187.5454545455,20260916,terminal_provider_unavailability,pilot_live,3,artifacts/representative_coverage_pilot_v20260916/raw/CIK0001346830/TVRD/2017Q4/attempt_03_20260917040639818640.json,0a5b37dbd3b7d629852b242eb78789d1fbc609ea3428592f9404b0509322a3d7,no_transcript,provider returned no usable transcript segments,not_applicable,,,,,,unresolved,
CIK0001365135,AVS733A22EBBB4F0380,0001365135,Western Union Company,WU,NYSE,7389,services,2017Q4,us,DE,2006-10-02,2019-12-31,Alpha Vantage listing interval,resolved_cik,True,1,only eligible resolved security,2017|NYSE|services,992,5,0.0050403226,198.4000000000,20260916,valid,pilot_live,1,artifacts/representative_coverage_pilot_v20260916/raw/CIK0001365135/WU/2017Q4/attempt_01_20260917004402442015.json,c927b15a27e36445df71ec8e0c7f8e7ba21928221794157b9d6b361b429c2b5f,valid,"usable transcript passed structural, year, and identity checks",supported,distinctive company-name token found in opening transcript text,22bf33165eb0daa90a190bfabefd26c887f266b687b5057f565779da418f9459,,,2018-02-13,high,https://www.sec.gov/Archives/edgar/data/1365135/000136513518000008/a2017q4earningsrelease8-k.htm
CIK0001404912,AVS2E9BD73EE8150FBC,0001404912,KKR & Co. Inc,KKR,NYSE,6282,finance_insurance_real_estate,2017Q4,us,,2010-07-15,2019-12-31,Alpha Vantage listing interval,resolved_cik,True,1,only eligible resolved security,2017|NYSE|finance_insurance_real_estate,1910,10,0.0052356021,191.0000000000,20260916,valid,pilot_live,1,artifacts/representative_coverage_pilot_v20260916/raw/CIK0001404912/KKR/2017Q4/attempt_01_20260917041651559229.json,4d0a55a7f8ff99177b03ebc0154cfcfd2fb92e90081b05c918dccd94957cc124,valid,"usable transcript passed structural, year, and identity checks",manual_review,no distinctive company-name token found in opening transcript text,96c6212030ba3312329a0e082d1ecaa3c6ef6b2a2780d9d862fb6e8c9fe04aae,,,2018-02-08,high,https://www.sec.gov/Archives/edgar/data/1404912/000140491218000003/q417earningsrelease.htm
CIK0001445356,AVS67E895EFA392DE68,0001445356,Muscato Group Inc,MGRP,NASDAQ,7372,services,2017Q4,us,NV,2010-06-08,2019-12-31,Alpha Vantage listing interval,resolved_cik,False,1,only eligible resolved security,2017|NASDAQ|services,1733,9,0.0051933064,192.5555555556,20260916,terminal_provider_unavailability,pilot_live,2,artifacts/representative_coverage_pilot_v20260916/raw/CIK0001445356/MGRP/2017Q4/attempt_02_20260917050220122203.json,b31ce2124c4030525c3fa32975cdc00d1eb9d92d94ed2a41b0002a2802f8581b,no_transcript,provider returned no usable transcript segments,not_applicable,,,,,,unresolved,
CIK0001472595,AVS79C7CD446965594D,0001472595,R1 RCM Inc,RCM,NASDAQ,8741,services,2017Q4,us,DE,2016-01-04,2019-12-31,Alpha Vantage listing interval,resolved_cik,True,1,only eligible resolved security,2017|NASDAQ|services,1733,9,0.0051933064,192.5555555556,20260916,terminal_provider_unavailability,pilot_live,3,artifacts/representative_coverage_pilot_v20260916/raw/CIK0001472595/RCM/2017Q4/attempt_03_20260917040643838978.json,6c0f0a9ac13f8c0ef4a61f73617334d404a706cec2dcb9289f644b808a6527db,no_transcript,provider returned no usable transcript segments,not_applicable,,,,,,unresolved,
CIK0001478950,AVS2CC2889F55D8C967,0001478950,Excel Trust Inc,EXL,NYSE,6798,finance_insurance_real_estate,2017Q4,us,MD,2010-04-23,2019-12-31,Alpha Vantage listing interval,resolved_cik,False,1,only eligible resolved security,2017|NYSE|finance_insurance_real_estate,1910,10,0.0052356021,191.0000000000,20260916,terminal_provider_unavailability,pilot_live,2,artifacts/representative_coverage_pilot_v20260916/raw/CIK0001478950/EXL/2017Q4/attempt_02_20260917050222124865.json,4d9a4c694c4284ce1e20a2fe736b5ede3bf1afa6b7270a0771e3aad8dc02a294,no_transcript,provider returned no usable transcript segments,not_applicable,,,,,,unresolved,
CIK0001510295,AVS32418212C65781B3,0001510295,Marathon Petroleum Corp,MPC,NYSE,2911,manufacturing,2017Q4,us,DE,2011-06-23,2019-12-31,Alpha Vantage listing interval,resolved_cik,True,1,only eligible resolved security,2017|NYSE|manufacturing,2218,12,0.0054102795,184.8333333333,20260916,valid,pilot_live,1,artifacts/representative_coverage_pilot_v20260916/raw/CIK0001510295/MPC/2017Q4/attempt_01_20260917045917676230.json,5d6aa747af87b049c39caa24c07ec63c9f952183fac5af99ab412c6500a6a4c4,valid,"usable transcript passed structural, year, and identity checks",supported,distinctive company-name token found in opening transcript text,a660b380aeecfc038b89235325cd2c9c29f12b1ab83d6df1abd62d65419bca30,,,,unresolved,
CIK0001533998,AVSF2CB226F823964B6,0001533998,DarioHealth Corp,DRIO,NASDAQ,3841,manufacturing,2017Q4,us,DE,2014-10-06,2019-12-31,Alpha Vantage listing interval,resolved_cik,True,1,only eligible resolved security,2017|NASDAQ|manufacturing,4126,22,0.0053320407,187.5454545455,20260916,valid,pilot_live,1,artifacts/representative_coverage_pilot_v20260916/raw/CIK0001533998/DRIO/2017Q4/attempt_01_20260917045919680657.json,cef7f5a8b06d30ea4b3a8614cc3ab3223eba51d64f8dca26f4164c6dbb184648,valid,"usable transcript passed structural, year, and identity checks",supported,distinctive company-name token found in opening transcript text,693b4568a9dfdc71b5fc3bb4980d3556af9853081b8d4aebabeb1c2757ebb33e,,,,unresolved,
CIK0001534701,AVS21790D59E05CD00E,0001534701,Phillips 66,PSX,NYSE,2911,manufacturing,2017Q4,us,DE,2012-04-12,2019-12-31,Alpha Vantage listing interval,resolved_cik,True,1,only eligible resolved security,2017|NYSE|manufacturing,2218,12,0.0054102795,184.8333333333,20260916,valid,pilot_live,1,artifacts/representative_coverage_pilot_v20260916/raw/CIK0001534701/PSX/2017Q4/attempt_01_20260917045921685701.json,03676565427da619bb369edc3e13ce976d3fb10db0800cb11a74c2b72d920175,valid,"usable transcript passed structural, year, and identity checks",supported,distinctive company-name token found in opening transcript text,59423b08d2c2adf74034ab5eb4d0caa9b5f66e2fc36037996f09989fd8fc489b,,,,unresolved,
CIK0001569134,AVS86EFF3269EC5EFD0,0001569134,Tallgrass Energy Partners LP,TEP,NYSE,4922,transportation_communications_utilities,2017Q4,us,DE,2013-05-14,2019-12-31,Alpha Vantage listing interval,resolved_cik,True,2,"ranked by active quarter-end evidence, exchange, and plain common-stock symbol",2017|NYSE|transportation_communications_utilities,802,4,0.0049875312,200.5000000000,20260916,terminal_provider_unavailability,pilot_live,2,artifacts/representative_coverage_pilot_v20260916/raw/CIK0001569134/TEP/2017Q4/attempt_02_20260917041946585119.json,12fdd9252955759768e97eb386e5921727ce141fb901e0a8c2861ad69d58bb9c,no_transcript,provider returned no usable transcript segments,not_applicable,,,,,,unresolved,
CIK0001608249,AVSE6E7BCE6BAE13C20,0001608249,Zayo Group Holdings Inc,ZAYO,NYSE,4813,transportation_communications_utilities,2017Q4,us,DE,2014-10-17,2019-12-31,Alpha Vantage listing interval,resolved_cik,True,1,only eligible resolved security,2017|NYSE|transportation_communications_utilities,802,4,0.0049875312,200.5000000000,20260916,terminal_provider_unavailability,pilot_live,2,artifacts/representative_coverage_pilot_v20260916/raw/CIK0001608249/ZAYO/2017Q4/attempt_02_20260917041948610628.json,563f5129b7e88b40e95a6a4d3f2d48c7fdbb443e1a8d6695caf413963e19fb6e,no_transcript,provider returned no usable transcript segments,not_applicable,,,,,,unresolved,
CIK0001613665,AVSD0292B7E6C65BA0F,0001613665,Great Western Bancorp Inc,GWB,NYSE,6022,finance_insurance_real_estate,2017Q4,us,DE,2014-10-15,2019-12-31,Alpha Vantage listing interval,resolved_cik,True,1,only eligible resolved security,2017|NYSE|finance_insurance_real_estate,1910,10,0.0052356021,191.0000000000,20260916,terminal_provider_unavailability,pilot_live,2,artifacts/representative_coverage_pilot_v20260916/raw/CIK0001613665/GWB/2017Q4/attempt_02_20260917041950615543.json,b7fdfb1df180f8027e01c44d9a8de82d05a52b60052d94a8cc8184c46584ffdc,no_transcript,provider returned no usable transcript segments,not_applicable,,,,,,unresolved,
CIK0000008858,AVS52AC70361EE51A2B,0000008858,Avnet Inc,AVT,NASDAQ,5065,wholesale_trade,2018Q1,us,NY,1973-05-03,2019-12-31,Alpha Vantage listing interval,resolved_cik,True,1,only eligible resolved security,2018|NASDAQ|wholesale_trade,216,1,0.0046296296,216.0000000000,20260916,valid,legacy_reuse,1,artifacts/earnings_call_responses/AVT_2018Q1.json,b0c949b7a4dbccc45f40038baa24058fd2f0b72cfc3f49ee89d6e71b8df3aa19,valid full transcript,substantive segmented transcript without detected integrity flags,supported,distinctive company-name token found in opening transcript text,cd6e06713339acd7b145be43ec00418a42bb1ed5e9879d281fa5914141c8532e,,,,unresolved,
CIK0000039648,AVS7E177FF7B107C315,0000039648,G&K Services Inc,GK,NASDAQ,7200,services,2018Q1,us,MN,1990-03-26,2019-12-31,Alpha Vantage listing interval,resolved_cik,False,1,only eligible resolved security,2018|NASDAQ|services,1834,10,0.0054525627,183.4000000000,20260916,terminal_provider_unavailability,pilot_live,3,artifacts/representative_coverage_pilot_v20260916/raw/CIK0000039648/GK/2018Q1/attempt_03_20260917040647849711.json,6047841438f8732922cd744e0c41ec60c5a3d72651e94fd66a10eabf391844ec,no_transcript,provider returned no usable transcript segments,not_applicable,,,,,,unresolved,
CIK0000050104,AVS38855C91B5FE5B95,0000050104,Andeavor Corp,ANDV,NYSE,2911,manufacturing,2018Q1,us,,1983-04-06,2019-12-31,Alpha Vantage listing interval,resolved_cik,True,2,"ranked by active quarter-end evidence, exchange, and plain common-stock symbol",2018|NYSE|manufacturing,2260,12,0.0053097345,188.3333333333,20260916,terminal_provider_unavailability,pilot_live,3,artifacts/representative_coverage_pilot_v20260916/raw/CIK0000050104/ANDV/2018Q1/attempt_03_20260917040649855532.json,ce3cb1df4ebc482124aafd5c2d7c520ca108ec971a684fdfff4d1a0291952437,no_transcript,provider returned no usable transcript segments,not_applicable,,,,,,unresolved,
CIK0000064996,AVSB75BBA06D7198F25,0000064996,Mercury General Corp,MCY,NYSE,6331,finance_insurance_real_estate,2018Q1,us,CA,1990-03-26,2019-12-31,Alpha Vantage listing interval,resolved_cik,True,1,only eligible resolved security,2018|NYSE|finance_insurance_real_estate,1963,10,0.0050942435,196.3000000000,20260916,valid,pilot_live,1,artifacts/representative_coverage_pilot_v20260916/raw/CIK0000064996/MCY/2018Q1/attempt_01_20260917004420479782.json,aa71e1a57faf906ca15e464c44b45b76cc13f59107ead255a11d49347c1b8959,valid,"usable transcript passed structural, year, and identity checks",supported,distinctive company-name token found in opening transcript text,69a3bb15c2086f92213e61c217034d9048091a2d2d589117418eb82be4515ce2,,,,unresolved,
CIK0000069633,AVSCAA4EBF6071E6F4F,0000069633,NAPCO Security Technologies Inc,NSSC,NASDAQ,3669,manufacturing,2018Q1,us,DE,1990-03-26,2019-12-31,Alpha Vantage listing interval,resolved_cik,True,1,only eligible resolved security,2018|NASDAQ|manufacturing,4406,23,0.0052201543,191.5652173913,20260916,valid,pilot_live,1,artifacts/representative_coverage_pilot_v20260916/raw/CIK0000069633/NSSC/2018Q1/attempt_01_20260917045923688058.json,d722b814dedfe35e17e1d26496fb405c553bc43da266d14c07fd1ddf2b183de5,valid,"usable transcript passed structural, year, and identity checks",supported,distinctive company-name token found in opening transcript text,60023a91816d18795876b9fbb6657a86a557b559d2f2ae5f43e1182dd2a95ffb,,,,unresolved,
CIK0000090896,AVSA9E6375D655599A2,0000090896,Skyline Champion Corp,SKY,NYSE,2451,manufacturing,2018Q1,us,IN,1981-12-31,2019-12-31,Alpha Vantage listing interval,resolved_cik,True,1,only eligible resolved security,2018|NYSE|manufacturing,2260,12,0.0053097345,188.3333333333,20260916,terminal_provider_unavailability,pilot_live,2,artifacts/representative_coverage_pilot_v20260916/raw/CIK0000090896/SKY/2018Q1/attempt_02_20260917004422484824.json,8334b979abdeea1bae645711ea1d15dba145509f16d29fd11af1d8f86c079b61,no_transcript,provider returned no usable transcript segments,not_applicable,,,,,,unresolved,
CIK0000094344,AVS8BFB8747B4D10BC1,0000094344,Stewart Information Services Corp,STC,NYSE,6361,finance_insurance_real_estate,2018Q1,us,DE,1990-03-28,2019-12-31,Alpha Vantage listing interval,resolved_cik,True,1,only eligible resolved security,2018|NYSE|finance_insurance_real_estate,1963,10,0.0050942435,196.3000000000,20260916,valid,pilot_live,1,artifacts/representative_coverage_pilot_v20260916/raw/CIK0000094344/STC/2018Q1/attempt_01_20260917004424486583.json,aba6f34f02fa70b81684ce26f18e246e370cde2495af2092340a60773e58ed95,valid,"usable transcript passed structural, year, and identity checks",supported,distinctive company-name token found in opening transcript text,6fc1959360655c9aab4bb83180da3535045e279c052123636ced6f94484c3280,,,,unresolved,
CIK0000357097,AVS24A16A531933A24A,0000357097,Fibrocell Science Inc,FCSC,NASDAQ,2834,manufacturing,2018Q1,us,DE,2009-10-21,2019-12-31,Alpha Vantage listing interval,resolved_cik,True,2,"ranked by active quarter-end evidence, exchange, and plain common-stock symbol",2018|NASDAQ|manufacturing,4406,23,0.0052201543,191.5652173913,20260916,terminal_provider_unavailability,pilot_live,3,artifacts/representative_coverage_pilot_v20260916/raw/CIK0000357097/FCSC/2018Q1/attempt_03_20260917040651861039.json,b02dffa1e5d9543a74ec5e5ce36c85ab17f4b21f3e762b7decadb8445bbaa0de,no_transcript,provider returned no usable transcript segments,not_applicable,,,,,,unresolved,
CIK0000722079,AVS319158AA7CEEBFAA,0000722079,TERRA INDUSTRIES INC,TRA,NYSE,2870,manufacturing,2018Q1,us,MD,2001-01-02,2019-12-31,Alpha Vantage listing interval,resolved_cik,False,1,only eligible resolved security,2018|NYSE|manufacturing,2260,12,0.0053097345,188.3333333333,20260916,terminal_provider_unavailability,pilot_live,2,artifacts/representative_coverage_pilot_v20260916/raw/CIK0000722079/TRA/2018Q1/attempt_02_20260917050224127861.json,a4f651b15a93bbe14a469a5abcf5be3fcf72793a8bcb39b83d1aeeb34e7fbc3e,no_transcript,provider returned no usable transcript segments,not_applicable,,,,,,unresolved,
CIK0000750199,AVS6621875DD00C1A86,0000750199,EPL Oil & Gas Inc,EPL,NYSE,1311,mining,2018Q1,us,DE,2009-09-23,2019-12-31,Alpha Vantage listing interval,resolved_cik,False,1,only eligible resolved security,2018|NYSE|mining,556,3,0.0053956835,185.3333333333,20260916,terminal_provider_unavailability,pilot_live,3,artifacts/representative_coverage_pilot_v20260916/raw/CIK0000750199/EPL/2018Q1/attempt_03_20260917040653866384.json,a1fa0d34a36e41bf138e47e5a315c535bcc6ac440a806f90dc02dfab8d6be572,no_transcript,provider returned no usable transcript segments,not_applicable,,,,,,unresolved,
CIK0000765207,AVS1C89FC79DECA81DC,0000765207,First Bancorp Inc (ME),FNLC,NASDAQ,6021,finance_insurance_real_estate,2018Q1,us,ME,1999-07-14,2019-12-31,Alpha Vantage listing interval,resolved_cik,True,1,only eligible resolved security,2018|NASDAQ|finance_insurance_real_estate,2291,12,0.0052378874,190.9166666667,20260916,terminal_provider_unavailability,pilot_live,3,artifacts/representative_coverage_pilot_v20260916/raw/CIK0000765207/FNLC/2018Q1/attempt_03_20260917040655869621.json,64e6a4ed9a3b55e464bf3d13957b4dd720797c8bc888ec43ad74d90ed11644db,no_transcript,provider returned no usable transcript segments,not_applicable,,,,,,unresolved,
CIK0000882154,AVS2005E8D76F745072,0000882154,PowerSecure International Inc,POWR,NYSE,7389,services,2018Q1,us,DE,2008-01-14,2019-12-31,Alpha Vantage listing interval,resolved_cik,False,1,only eligible resolved security,2018|NYSE|services,1027,6,0.0058422590,171.1666666667,20260916,terminal_provider_unavailability,pilot_live,3,artifacts/representative_coverage_pilot_v20260916/raw/CIK0000882154/POWR/2018Q1/attempt_03_20260917040657879641.json,ccbc7581360fb9e8114e894542699740259be7c844ecacd249890f085a02c329,no_transcript,provider returned no usable transcript segments,not_applicable,,,,,,unresolved,
CIK0000887596,AVSB1CCA693DCFF7802,0000887596,Cheesecake Factory Inc,CAKE,NASDAQ,5812,retail_trade,2018Q1,us,DE,1992-09-18,2019-12-31,Alpha Vantage listing interval,resolved_cik,True,1,only eligible resolved security,2018|NASDAQ|retail_trade,491,3,0.0061099796,163.6666666667,20260916,valid,pilot_live,1,artifacts/representative_coverage_pilot_v20260916/raw/CIK0000887596/CAKE/2018Q1/attempt_01_20260917004436510278.json,ed3e604ca75fb53c57fccd24ca01affc72288fb2d6fad49f042545a64002edeb,valid,"usable transcript passed structural, year, and identity checks",supported,distinctive company-name token found in opening transcript text,86e24e726f1b20e5f48bd62266a83ba60e8d4b887064f071714db355970d5b0d,,,,unresolved,
CIK0000906193,AVS00428349FA6436FE,0000906193,Key Technology Inc,KTEC,NASDAQ,3550,manufacturing,2018Q1,us,OR,1993-12-17,2018-03-21,Alpha Vantage listing interval,resolved_cik,False,2,"ranked by active quarter-end evidence, exchange, and plain common-stock symbol",2018|NASDAQ|manufacturing,4406,23,0.0052201543,191.5652173913,20260916,terminal_provider_unavailability,pilot_live,3,artifacts/representative_coverage_pilot_v20260916/raw/CIK0000906193/KTEC/2018Q1/attempt_03_20260917040659889814.json,e617fe84a5af0bdab836903bcbb79cf7eaccf5244211b7b33a3e3dd2af919689,no_transcript,provider returned no usable transcript segments,not_applicable,,,,,,unresolved,
CIK0000945114,AVSC28339D606C9418A,0000945114,Global Industrial Company,GIC,NYSE,5084,wholesale_trade,2018Q1,us,DE,1995-06-27,2019-12-31,Alpha Vantage listing interval,resolved_cik,True,1,only eligible resolved security,2018|NYSE|wholesale_trade,201,1,0.0049751244,201.0000000000,20260916,valid,pilot_live,1,artifacts/representative_coverage_pilot_v20260916/raw/CIK0000945114/GIC/2018Q1/attempt_01_20260917004440520359.json,c919d71e154935dced3270e83e6424d7af52d29580f630a65428f7c7110cf021,valid,"usable transcript passed structural, year, and identity checks",supported,distinctive company-name token found in opening transcript text,15ec26ac2f3fa088f2040468a3707b4b0dbcb0caddd6bf422e714aeef2894a22,,,2018-05-01,high,https://www.sec.gov/Archives/edgar/data/945114/000162828018005524/systemaxform9913-31x2018.htm
CIK0001005409,AVSB0271995EDF42AD7,0001005409,Dime Community Bancshares Inc,DCOM,NYSE,6035,finance_insurance_real_estate,2018Q1,us,DE,1999-01-12,2019-12-31,Alpha Vantage listing interval,resolved_cik,True,2,"ranked by active quarter-end evidence, exchange, and plain common-stock symbol",2018|NYSE|finance_insurance_real_estate,1963,10,0.0050942435,196.3000000000,20260916,valid,pilot_live,1,artifacts/representative_coverage_pilot_v20260916/raw/CIK0001005409/DCOM/2018Q1/attempt_01_20260917041659572910.json,ff23be74228839df9a1e6d16a019f59b66ef260e7fb9341d6cecc5782c006714,valid,"usable transcript passed structural, year, and identity checks",supported,distinctive company-name token found in opening transcript text,a70eda2d69dcb01e1c25f6b154aee406079c010702d647a12c7e5a454c447d31,,,,unresolved,
CIK0001016169,AVSAF64DCA91CC2FAAC,0001016169,Antares Pharma Inc,ATRS,NASDAQ,3841,manufacturing,2018Q1,us,DE,1996-10-03,2019-12-31,Alpha Vantage listing interval,resolved_cik,True,1,only eligible resolved security,2018|NASDAQ|manufacturing,4406,23,0.0052201543,191.5652173913,20260916,terminal_provider_unavailability,pilot_live,3,artifacts/representative_coverage_pilot_v20260916/raw/CIK0001016169/ATRS/2018Q1/attempt_03_20260917040703905989.json,5e37cc5115a0b877402ee24baf9aafbe5498ef042a74dc5056860f091b815679,no_transcript,provider returned no usable transcript segments,not_applicable,,,,,,unresolved,
CIK0001018840,AVS9145A9AEA1B3AC56,0001018840,Abercrombie & Fitch Co. - Class A,ANF,NYSE,5651,retail_trade,2018Q1,us,OH,1996-09-26,2019-12-31,Alpha Vantage listing interval,resolved_cik,True,1,only eligible resolved security,2018|NYSE|retail_trade,403,2,0.0049627792,201.5000000000,20260916,valid,pilot_live,1,artifacts/representative_coverage_pilot_v20260916/raw/CIK0001018840/ANF/2018Q1/attempt_01_20260917004446535483.json,7e3bd4abc1214e02d95320dbea9a895768d2531bf99cdcd260e63c3a6172c966,valid,"usable transcript passed structural, year, and identity checks",supported,distinctive company-name token found in opening transcript text,b8f88a9046c75ac8ebb6639f73661312ff314b19df73e35f18aedbf0d8c33d5e,,,,unresolved,
CIK0001084991,AVSBCBD4391A95FAF55,0001084991,Natural Gas Services Group Inc,NGS,NYSE,1389,mining,2018Q1,us,,2002-10-22,2019-12-31,Alpha Vantage listing interval,resolved_cik,True,1,only eligible resolved security,2018|NYSE|mining,556,3,0.0053956835,185.3333333333,20260916,valid,pilot_live,1,artifacts/representative_coverage_pilot_v20260916/raw/CIK0001084991/NGS/2018Q1/attempt_01_20260917041701577933.json,cac02e274613ebb4299dae59681be7a6c0dbda85b3fa28d4f40dbba3bbb54362,valid,"usable transcript passed structural, year, and identity checks",supported,distinctive company-name token found in opening transcript text,37a73a75500134a6d27f429ed129bf9ba6816745097bd7eaf2c0e4ac99768940,,,,unresolved,
CIK0001102287,AVS2AD1C6404A30CE49,0001102287,PremierWest Bancorp,PRWT,NASDAQ,6021,finance_insurance_real_estate,2018Q1,us,OR,2006-12-28,2019-12-31,Alpha Vantage listing interval,resolved_cik,False,1,only eligible resolved security,2018|NASDAQ|finance_insurance_real_estate,2291,12,0.0052378874,190.9166666667,20260916,terminal_provider_unavailability,pilot_live,3,artifacts/representative_coverage_pilot_v20260916/raw/CIK0001102287/PRWT/2018Q1/attempt_03_20260917040705916035.json,fc4375158a05063f9e82e411477de444e9e0bf7c9337aa9e04430051ce1b6e8a,no_transcript,provider returned no usable transcript segments,not_applicable,,,,,,unresolved,
CIK0001117297,AVS7B55C44031DEF333,0001117297,QuinStreet Inc,QNST,NASDAQ,7389,services,2018Q1,us,,2010-02-11,2019-12-31,Alpha Vantage listing interval,resolved_cik,True,1,only eligible resolved security,2018|NASDAQ|services,1834,10,0.0054525627,183.4000000000,20260916,valid,pilot_live,1,artifacts/representative_coverage_pilot_v20260916/raw/CIK0001117297/QNST/2018Q1/attempt_01_20260917004452552446.json,351516cded8b40445d3eda10bff79b8a8c06995f7e38608d163c631d1c9f0448,valid,"usable transcript passed structural, year, and identity checks",supported,distinctive company-name token found in opening transcript text,368b00f122f45b93a3d512352adac787ae7c2cf29e4018e61c3cd708e659c263,,,,unresolved,
CIK0001120193,AVSD4895110479A7CBD,0001120193,Nasdaq Inc - 144A,NDAQ,NASDAQ,6200,finance_insurance_real_estate,2018Q1,us,DE,2002-07-01,2019-12-31,Alpha Vantage listing interval,resolved_cik,True,2,"ranked by active quarter-end evidence, exchange, and plain common-stock symbol",2018|NASDAQ|finance_insurance_real_estate,2291,12,0.0052378874,190.9166666667,20260916,valid,pilot_live,1,artifacts/representative_coverage_pilot_v20260916/raw/CIK0001120193/NDAQ/2018Q1/attempt_01_20260917004454553529.json,d0f3e1a4e6278d5ef4b9e01ec14c0f29195507033b66c200720675545f998e78,valid,"usable transcript passed structural, year, and identity checks",supported,distinctive company-name token found in opening transcript text,5a3a0d8e5821173f893c80a1e538ad5128df2ed4c860625a4a9a9f0ad8fc992c,,,,unresolved,
CIK0001133311,AVS04F1C8603D2A318A,0001133311,Travelzoo,TZOO,NASDAQ,7310,services,2018Q1,us,DE,2002-08-28,2019-12-31,Alpha Vantage listing interval,resolved_cik,True,1,only eligible resolved security,2018|NASDAQ|services,1834,10,0.0054525627,183.4000000000,20260916,valid,pilot_live,1,artifacts/representative_coverage_pilot_v20260916/raw/CIK0001133311/TZOO/2018Q1/attempt_01_20260917004456555526.json,45c99eecdeb5e6c325af3b32de99f779156b88c5351ac85480f1ef7add4e5fed,valid,"usable transcript passed structural, year, and identity checks",supported,distinctive company-name token found in opening transcript text,fc077c1f077bd0f3f4a55936b53c11998eef5ac273135521de8d671a5a19a603,,,,unresolved,
CIK0001303313,AVS8A9DBA199B2E8ED6,0001303313,LHC Group Inc,LHCG,NASDAQ,8082,services,2018Q1,us,,2005-06-09,2019-12-31,Alpha Vantage listing interval,resolved_cik,True,1,only eligible resolved security,2018|NASDAQ|services,1834,10,0.0054525627,183.4000000000,20260916,terminal_provider_unavailability,pilot_live,3,artifacts/representative_coverage_pilot_v20260916/raw/CIK0001303313/LHCG/2018Q1/attempt_03_20260917040707916387.json,ad3af703b0f3f5b27089ca36b114dd46e726b126081c28fb76745ea4d079dd43,no_transcript,provider returned no usable transcript segments,not_applicable,,,,,,unresolved,
CIK0001409493,AVSF750569F75232D26,0001409493,Chimera Investment Corp,CIM,NYSE,6798,finance_insurance_real_estate,2018Q1,us,NY,2007-11-16,2019-12-31,Alpha Vantage listing interval,resolved_cik,True,1,only eligible resolved security,2018|NYSE|finance_insurance_real_estate,1963,10,0.0050942435,196.3000000000,20260916,valid,pilot_live,1,artifacts/representative_coverage_pilot_v20260916/raw/CIK0001409493/CIM/2018Q1/attempt_01_20260917041703582959.json,66e2d96112489aa237d28727544efa00be557d2a101571069122ba1ab5a15bd1,valid,"usable transcript passed structural, year, and identity checks",supported,distinctive company-name token found in opening transcript text,0d72562f4cd24938f943e5fb6768ec3f8510c1647d906774f7e40e030e4fb566,,,,unresolved,
CIK0001446159,AVS0322A68C217AD5CE,0001446159,Axe Compute Inc,AGPU,NASDAQ,6199,finance_insurance_real_estate,2018Q1,us,DE,2018-01-29,2019-12-31,Alpha Vantage listing interval,resolved_cik,True,3,"ranked by active quarter-end evidence, exchange, and plain common-stock symbol",2018|NASDAQ|finance_insurance_real_estate,2291,12,0.0052378874,190.9166666667,20260916,terminal_provider_unavailability,pilot_live,3,artifacts/representative_coverage_pilot_v20260916/raw/CIK0001446159/AGPU/2018Q1/attempt_03_20260917040711929313.json,c3ecf2f840fea737bd07051e80c537575475c073960c9c589dab2cc15b9d70cc,no_transcript,provider returned no usable transcript segments,not_applicable,,,,,,unresolved,
CIK0001479094,AVS3085F95E7C78E060,0001479094,STAG Industrial Inc,STAG,NYSE,6798,finance_insurance_real_estate,2018Q1,us,,2011-04-15,2019-12-31,Alpha Vantage listing interval,resolved_cik,True,1,only eligible resolved security,2018|NYSE|finance_insurance_real_estate,1963,10,0.0050942435,196.3000000000,20260916,valid,pilot_live,1,artifacts/representative_coverage_pilot_v20260916/raw/CIK0001479094/STAG/2018Q1/attempt_01_20260917041705587723.json,00b7188c2bae018fce143275bd5d1a0f06f12bca811706980890d0ebe7db0df5,valid,"usable transcript passed structural, year, and identity checks",supported,distinctive company-name token found in opening transcript text,6deb64217677c4adaa8cc6ea53d4ef3d908614b38a31d712d772b7585c1719a3,,,,unresolved,
CIK0001526952,AVS4B20A2266BA1E648,0001526952,Wellesley Bancorp Inc,WEBK,NASDAQ,6036,finance_insurance_real_estate,2018Q1,us,MD,2012-01-26,2019-12-31,Alpha Vantage listing interval,resolved_cik,True,1,only eligible resolved security,2018|NASDAQ|finance_insurance_real_estate,2291,12,0.0052378874,190.9166666667,20260916,terminal_provider_unavailability,pilot_live,3,artifacts/representative_coverage_pilot_v20260916/raw/CIK0001526952/WEBK/2018Q1/attempt_03_20260917040715943070.json,58231954ab2d5ef930ee7f413b8f068390e56b17c932ce2f0759c3087b725ba7,no_transcript,provider returned no usable transcript segments,not_applicable,,,,,,unresolved,
CIK0001533615,AVSB48247BBD864D809,0001533615,Global Medical REIT Inc,XRN,NYSE,6798,finance_insurance_real_estate,2018Q1,us,MD,2016-06-29,2019-12-31,Alpha Vantage listing interval,resolved_cik,True,1,only eligible resolved security,2018|NYSE|finance_insurance_real_estate,1963,10,0.0050942435,196.3000000000,20260916,terminal_provider_unavailability,pilot_live,2,artifacts/representative_coverage_pilot_v20260916/raw/CIK0001533615/XRN/2018Q1/attempt_02_20260917041952620567.json,a6561ec0e4cf50ddfc41f46b27b08cd364dec67b73eea138eb828e76424c73a2,no_transcript,provider returned no usable transcript segments,not_applicable,,,,,,unresolved,
CIK0001597553,AVS21D112B5F6975287,0001597553,Sage Therapeutics Inc,SAGE,NASDAQ,2834,manufacturing,2018Q1,us,DE,2014-07-18,2019-12-31,Alpha Vantage listing interval,resolved_cik,True,1,only eligible resolved security,2018|NASDAQ|manufacturing,4406,23,0.0052201543,191.5652173913,20260916,valid,pilot_live,1,artifacts/representative_coverage_pilot_v20260916/raw/CIK0001597553/SAGE/2018Q1/attempt_01_20260917004512586826.json,b09abf79b4bc5c092c148cbe2e29404a3a253be14510c11c3b100f1185aa4494,valid,"usable transcript passed structural, year, and identity checks",supported,distinctive company-name token found in opening transcript text,701ce127d057ed56a7c00fe7886d5c4ba69f42281ef30d4580a1f10b8724d740,,,,unresolved,
CIK0001604191,AVS8868AAB3FDE5EE33,0001604191,Entero Therapeutics Inc,GRDX,NASDAQ,4931,transportation_communications_utilities,2018Q1,us,DE,2016-10-11,2019-12-31,Alpha Vantage listing interval,resolved_cik,True,1,only eligible resolved security,2018|NASDAQ|transportation_communications_utilities,566,3,0.0053003534,188.6666666667,20260916,terminal_provider_unavailability,pilot_live,3,artifacts/representative_coverage_pilot_v20260916/raw/CIK0001604191/GRDX/2018Q1/attempt_03_20260917040721959721.json,e3ae48641f743ddcbc71b483d9821c3697c68ee0e9bfe967f159746c8271556a,no_transcript,provider returned no usable transcript segments,not_applicable,,,,,,unresolved,
CIK0001637207,AVS8135ABF3511F2A54,0001637207,Planet Fitness Inc - Class A,PLNT,NYSE,7997,services,2018Q1,us,DE,2015-08-06,2019-12-31,Alpha Vantage listing interval,resolved_cik,True,1,only eligible resolved security,2018|NYSE|services,1027,6,0.0058422590,171.1666666667,20260916,valid,pilot_live,1,artifacts/representative_coverage_pilot_v20260916/raw/CIK0001637207/PLNT/2018Q1/attempt_01_20260917004518598259.json,a37a9e6a9f5e9918de2f2221329dd5c9cbec4147a2d85a0dc5250fdd7d31ad27,valid,"usable transcript passed structural, year, and identity checks",supported,distinctive company-name token found in opening transcript text,78d72769c83b90580018515a699ec9bc3f7bd7ca339ca7847999d34c08848f9d,,,2018-05-08,high,https://www.sec.gov/Archives/edgar/data/1637207/000163720718000008/plntq12018pressreleaseex991.htm
CIK0001726173,AVS8436AB39C565D4C1,0001726173,Biglari Holdings Inc - Class B,BH,NYSE,5812,retail_trade,2018Q1,us,IN,1992-02-25,2019-12-31,Alpha Vantage listing interval,resolved_cik,True,1,only eligible resolved security,2018|NYSE|retail_trade,403,2,0.0049627792,201.5000000000,20260916,terminal_provider_unavailability,pilot_live,3,artifacts/representative_coverage_pilot_v20260916/raw/CIK0001726173/BH/2018Q1/attempt_03_20260917040723966508.json,b693102a5c9e3357142b417a020da57c5e27a6739aa0dd5526e0dbc3d3fc14fa,no_transcript,provider returned no usable transcript segments,not_applicable,,,,,,unresolved,
CIK0001744489,AVSA442164E78DCCA91,0001744489,Walt Disney Co (The),DIS,NYSE,7990,services,2018Q1,us,DE,1962-01-02,2019-12-31,Alpha Vantage listing interval,resolved_cik,True,1,only eligible resolved security,2018|NYSE|services,1027,6,0.0058422590,171.1666666667,20260916,valid,pilot_live,1,artifacts/representative_coverage_pilot_v20260916/raw/CIK0001744489/DIS/2018Q1/attempt_01_20260917004524606100.json,9395e503c061448bcd00bf99df01573a1cf0d290b7947ab788861ae591aa6767,valid,"usable transcript passed structural, year, and identity checks",supported,distinctive company-name token found in opening transcript text,220c6ae6567ae4b8fb263ee52ef3b2616f98c98f329916aa6cfceda5388a1de3,,,,unresolved,
CIK0000037472,AVSC5CAED57C4E4C331,0000037472,Flexsteel Industries Inc,FLXS,NASDAQ,2510,manufacturing,2018Q2,us,MN,1992-02-25,2019-12-31,Alpha Vantage listing interval,resolved_cik,True,1,only eligible resolved security,2018|NASDAQ|manufacturing,4406,23,0.0052201543,191.5652173913,20260916,terminal_provider_unavailability,pilot_live,3,artifacts/representative_coverage_pilot_v20260916/raw/CIK0000037472/FLXS/2018Q2/attempt_03_20260917040727985256.json,e133fe4171e71ceeea460d157f56bdeb78094e724174eab514ebe87aa63f7bbf,no_transcript,provider returned no usable transcript segments,not_applicable,,,,,,unresolved,
CIK0000092380,AVS922B8DFE5846620A,0000092380,Southwest Airlines Company,LUV,NYSE,4512,transportation_communications_utilities,2018Q2,us,TX,1980-01-02,2019-12-31,Alpha Vantage listing interval,resolved_cik,True,1,only eligible resolved security,2018|NYSE|transportation_communications_utilities,813,4,0.0049200492,203.2500000000,20260916,valid,legacy_reuse,1,artifacts/earnings_call_responses/LUV_2018Q2.json,51785c32cac3127600cd0052f6f5e1199dccf38d7f5511cba42c5c130f1a0bf4,valid full transcript,substantive segmented transcript without detected integrity flags,supported,distinctive company-name token found in opening transcript text,e989c1dbc13b6033ef6633e477a314ac7442aef54904d4d0650f5e17f533d7aa,,,,unresolved,
CIK0000774569,AVS037A5E5BA97CBFFC,0000774569,Cortland Bancorp,CLDB,NASDAQ,6035,finance_insurance_real_estate,2018Q2,us,OH,2001-01-02,2019-12-31,Alpha Vantage listing interval,resolved_cik,True,1,only eligible resolved security,2018|NASDAQ|finance_insurance_real_estate,2291,12,0.0052378874,190.9166666667,20260916,terminal_provider_unavailability,pilot_live,3,artifacts/representative_coverage_pilot_v20260916/raw/CIK0000774569/CLDB/2018Q2/attempt_03_20260917040729994176.json,3fe578f5cd6951eca7528d4b65e5953e62bea76dd3a234f3e293010ac638684f,no_transcript,provider returned no usable transcript segments,not_applicable,,,,,,unresolved,
CIK0000828944,AVS667CE3B7D68BD076,0000828944,WSFS Financial Corp,WSFS,NASDAQ,6021,finance_insurance_real_estate,2018Q2,us,DE,1990-03-26,2019-12-31,Alpha Vantage listing interval,resolved_cik,True,2,"ranked by active quarter-end evidence, exchange, and plain common-stock symbol",2018|NASDAQ|finance_insurance_real_estate,2291,12,0.0052378874,190.9166666667,20260916,valid,pilot_live,1,artifacts/representative_coverage_pilot_v20260916/raw/CIK0000828944/WSFS/2018Q2/attempt_01_20260917004532625782.json,0e5d599ea58b29d8800730e52d2620487460cf5bc299ecaa90f4ef27f82aa96d,valid,"usable transcript passed structural, year, and identity checks",supported,distinctive company-name token found in opening transcript text,62f5caa9acad992e3d29ea6c5b6ab2ccb37f67cd72282293b8a420acf97b5df1,,,,unresolved,
CIK0000948320,AVS8434D80ED6EFAC82,0000948320,LifeMD Inc,LFMD,NASDAQ,8011,services,2018Q2,us,DE,2001-01-02,2019-12-31,Alpha Vantage listing interval,resolved_cik,True,1,only eligible resolved security,2018|NASDAQ|services,1834,10,0.0054525627,183.4000000000,20260916,terminal_provider_unavailability,pilot_live,3,artifacts/representative_coverage_pilot_v20260916/raw/CIK0000948320/LFMD/2018Q2/attempt_03_20260917040731997448.json,857fd4527065b5689e1112ca222c79ff82ab633ae5956dd24f548e15993bdfaf,no_transcript,provider returned no usable transcript segments,not_applicable,,,,,,unresolved,
CIK0001011570,AVS4294FE191D0AEE7F,0001011570,Knoll Inc,KNL,NYSE,2590,manufacturing,2018Q2,us,DE,2004-12-14,2019-12-31,Alpha Vantage listing interval,resolved_cik,True,1,only eligible resolved security,2018|NYSE|manufacturing,2260,12,0.0053097345,188.3333333333,20260916,terminal_provider_unavailability,pilot_live,3,artifacts/representative_coverage_pilot_v20260916/raw/CIK0001011570/KNL/2018Q2/attempt_03_20260917040734006990.json,44d44eaa2d30043c1f2feb3dc64caa14c1d42b3326f3e7e9cfee3e12befa8c18,no_transcript,provider returned no usable transcript segments,not_applicable,,,,,,unresolved,
CIK0001024305,AVS220C38EC5107BF21,0001024305,Coty Inc - Class A,COTY,NYSE,2844,manufacturing,2018Q2,us,,2013-06-13,2019-12-31,Alpha Vantage listing interval,resolved_cik,True,1,only eligible resolved security,2018|NYSE|manufacturing,2260,12,0.0053097345,188.3333333333,20260916,valid,pilot_live,1,artifacts/representative_coverage_pilot_v20260916/raw/CIK0001024305/COTY/2018Q2/attempt_01_20260917004538637054.json,1bad3b4308665a52cf378c4dd1860fa6d92c7d01c280199ab4082e556469c79e,valid,"usable transcript passed structural, year, and identity checks",manual_review,no distinctive company-name token found in opening transcript text,073c57756781ab4dfd36e3adc30b6a4da525219be493ad4425cfcc74d543fbcd,,,2018-02-08,high,https://www.sec.gov/Archives/edgar/data/1024305/000102430518000004/exhibit991-earningsrelease.htm
CIK0001090061,AVS71CCDF461415040C,0001090061,OMNOVA Solutions Inc,OMN,NYSE,3060,manufacturing,2018Q2,us,OH,1999-09-27,2019-12-31,Alpha Vantage listing interval,resolved_cik,True,1,only eligible resolved security,2018|NYSE|manufacturing,2260,12,0.0053097345,188.3333333333,20260916,terminal_provider_unavailability,pilot_live,3,artifacts/representative_coverage_pilot_v20260916/raw/CIK0001090061/OMN/2018Q2/attempt_03_20260917040736016387.json,3b0e21d630f6f7c1e0d95fe9b32c14ffcdf5127635991aae8a775b3ae23f24fa,no_transcript,provider returned no usable transcript segments,not_applicable,,,,,,unresolved,
CIK0001143921,AVS68B015C0343FF197,0001143921,VANTAGESOUTH BANCSHARES INC.,VSB,NYSE,6022,finance_insurance_real_estate,2018Q2,us,DE,2013-07-22,2019-12-31,Alpha Vantage listing interval,resolved_cik,False,1,only eligible resolved security,2018|NYSE|finance_insurance_real_estate,1963,10,0.0050942435,196.3000000000,20260916,terminal_provider_unavailability,pilot_live,2,artifacts/representative_coverage_pilot_v20260916/raw/CIK0001143921/VSB/2018Q2/attempt_02_20260917050226132895.json,dbacdfd9f44c2a38d25f40b9e811cd28ea7e62c6dc414faa35f27346435962d0,no_transcript,provider returned no usable transcript segments,not_applicable,,,,,,unresolved,
CIK0001165231,AVSDFCC513E17FA279C,0001165231,Procera Networks Inc,PKT,NASDAQ,7371,services,2018Q2,us,DE,2003-06-26,2019-12-31,Alpha Vantage listing interval,resolved_cik,False,1,only eligible resolved security,2018|NASDAQ|services,1834,10,0.0054525627,183.4000000000,20260916,terminal_provider_unavailability,pilot_live,3,artifacts/representative_coverage_pilot_v20260916/raw/CIK0001165231/PKT/2018Q2/attempt_03_20260917040738019978.json,a8d2c0c0a1a0b5a55fd443660cf1e8614f723b5744ba9d84ca115eb74fd7a83f,no_transcript,provider returned no usable transcript segments,not_applicable,,,,,,unresolved,
CIK0001323885,AVS0FB44FA7737150A9,0001323885,Atricure Inc,ATRC,NASDAQ,3841,manufacturing,2018Q2,us,DE,2005-08-05,2019-12-31,Alpha Vantage listing interval,resolved_cik,True,1,only eligible resolved security,2018|NASDAQ|manufacturing,4406,23,0.0052201543,191.5652173913,20260916,valid,pilot_live,1,artifacts/representative_coverage_pilot_v20260916/raw/CIK0001323885/ATRC/2018Q2/attempt_01_20260917004546680264.json,0a619a0259cb8e8a31b2e93d414f528e5035af567bde36dd2fcf697bc64c4c18,valid,"usable transcript passed structural, year, and identity checks",supported,distinctive company-name token found in opening transcript text,3a0b27d6da2268dacf3006086b0d49d905800183fa6e7a74f8ea9299d3ad4370,,,2018-08-01,high,https://www.sec.gov/Archives/edgar/data/1323885/000132388518000047/atrc-20180801xex99_1.htm
CIK0001340786,AVSB45466926FACE4EE,0001340786,Fuel Systems Solutions Inc,FSYS,NASDAQ,3714,manufacturing,2018Q2,us,DE,2001-01-02,2019-12-31,Alpha Vantage listing interval,resolved_cik,False,1,only eligible resolved security,2018|NASDAQ|manufacturing,4406,23,0.0052201543,191.5652173913,20260916,terminal_provider_unavailability,pilot_live,3,artifacts/representative_coverage_pilot_v20260916/raw/CIK0001340786/FSYS/2018Q2/attempt_03_20260917040740035218.json,bb260068e9593f3107e1a4e1c18868abf5d8e7742b110cc8b17dc2a152d09e7f,no_transcript,provider returned no usable transcript segments,not_applicable,,,,,,unresolved,
CIK0001364541,AVS201E7C5144FBFA6B,0001364541,Eagle Rock Energy Partners L.P.,EROC,NASDAQ,1311,mining,2018Q2,us,DE,2006-10-25,2019-12-31,Alpha Vantage listing interval,resolved_cik,False,1,only eligible resolved security,2018|NASDAQ|mining,266,1,0.0037593985,266.0000000000,20260916,terminal_provider_unavailability,pilot_live,2,artifacts/representative_coverage_pilot_v20260916/raw/CIK0001364541/EROC/2018Q2/attempt_02_20260917041956630402.json,dc62302831c9d5a0f14dc75cc9c2d905d97b619f84a858478e9b05d4a29aee16,no_transcript,provider returned no usable transcript segments,not_applicable,,,,,,unresolved,
CIK0001370053,AVS9CBAB319A8F3C671,0001370053,AnaptysBio Inc,ANAB,NASDAQ,2834,manufacturing,2018Q2,us,DE,2017-01-26,2019-12-31,Alpha Vantage listing interval,resolved_cik,True,1,only eligible resolved security,2018|NASDAQ|manufacturing,4406,23,0.0052201543,191.5652173913,20260916,terminal_provider_unavailability,pilot_live,3,artifacts/representative_coverage_pilot_v20260916/raw/CIK0001370053/ANAB/2018Q2/attempt_03_20260917040742045752.json,585d4f9dbc2d779a37251c7c864eb976a13b61f232da78f78303eac8ee611bd0,no_transcript,provider returned no usable transcript segments,not_applicable,,,,,,unresolved,
CIK0001370637,AVSFBCD81047D53D58F,0001370637,Etsy Inc,ETSY,NYSE,7389,services,2018Q2,us,DE,2015-04-16,2019-12-31,Alpha Vantage listing interval,resolved_cik,True,1,only eligible resolved security,2018|NYSE|services,1027,6,0.0058422590,171.1666666667,20260916,valid,pilot_live,1,artifacts/representative_coverage_pilot_v20260916/raw/CIK0001370637/ETSY/2018Q2/attempt_01_20260917004552693353.json,b915c34d39ad2ea41e47591bc1ffac77cfbd63a47fc363a6cf2b99b12e5e836b,valid,"usable transcript passed structural, year, and identity checks",manual_review,no distinctive company-name token found in opening transcript text,1effac6c003d580c0c055c59a56b52e76fdd0b121939591c27e94b11458bd0bd,,,,unresolved,
CIK0001434588,AVS5841B3BE26A0BC55,0001434588,Grand Canyon Education Inc,LOPE,NASDAQ,8200,services,2018Q2,us,DE,2008-11-20,2019-12-31,Alpha Vantage listing interval,resolved_cik,True,1,only eligible resolved security,2018|NASDAQ|services,1834,10,0.0054525627,183.4000000000,20260916,valid,pilot_live,1,artifacts/representative_coverage_pilot_v20260916/raw/CIK0001434588/LOPE/2018Q2/attempt_01_20260917004556696480.json,d7845e84041a4e73bbf1a799d318203981b507e2d404eb75b2179177e6c2b6d1,valid,"usable transcript passed structural, year, and identity checks",supported,distinctive company-name token found in opening transcript text,6b755e3132647c0b4f3fcfcd8273bfcd92144956a477e550e249d871215da5de,,,,unresolved,
CIK0001499807,AVSFE324BF45CE0CEFA,0001499807,K2M Group Holdings Inc,KTWO,NASDAQ,3841,manufacturing,2018Q2,us,,2014-05-08,2019-12-31,Alpha Vantage listing interval,resolved_cik,True,2,"ranked by active quarter-end evidence, exchange, and plain common-stock symbol",2018|NASDAQ|manufacturing,4406,23,0.0052201543,191.5652173913,20260916,terminal_provider_unavailability,pilot_live,3,artifacts/representative_coverage_pilot_v20260916/raw/CIK0001499807/KTWO/2018Q2/attempt_03_20260917040746060976.json,ca9a6c82d67b72701a057146034ea1f304087e0dacc0e0d3abff36d6d4f36d95,no_transcript,provider returned no usable transcript segments,not_applicable,,,,,,unresolved,
CIK0001552198,AVS638767B40AB3C9F7,0001552198,WhiteHorse Finance Inc,WHF,NASDAQ,,unknown,2018Q2,us,DE,2012-12-06,2019-12-31,Alpha Vantage listing interval,resolved_cik,True,1,only eligible resolved security,2018|NASDAQ|unknown,146,1,0.0068493151,146.0000000000,20260916,valid,pilot_live,1,artifacts/representative_coverage_pilot_v20260916/raw/CIK0001552198/WHF/2018Q2/attempt_01_20260917004600703401.json,a9d56729a12a5d4b23c7b4a6cd7a2860ae4a57e4b4847422f11f34815281514f,valid,"usable transcript passed structural, year, and identity checks",supported,distinctive company-name token found in opening transcript text,899531053c93c6f7b50f78f9eeda481139a36525e597627240bcfc02212883a9,,,2018-08-08,high,https://www.sec.gov/Archives/edgar/data/1552198/000114420418042557/tv500401_ex99-1.htm
CIK0001601046,AVS953BA1B516BAA49C,0001601046,Keysight Technologies Inc,KEYS,NYSE,3823,manufacturing,2018Q2,us,DE,2014-10-20,2019-12-31,Alpha Vantage listing interval,resolved_cik,True,1,only eligible resolved security,2018|NYSE|manufacturing,2260,12,0.0053097345,188.3333333333,20260916,valid,pilot_live,1,artifacts/representative_coverage_pilot_v20260916/raw/CIK0001601046/KEYS/2018Q2/attempt_01_20260917004602708437.json,acf5e4b30d215f930eb21c3c78d31be148954214dfe6e9f4d0cfb429b114d6a5,valid,"usable transcript passed structural, year, and identity checks",supported,distinctive company-name token found in opening transcript text,0474fe8ace3ec9ec2caae9243a0862fb78a45caaa9d0df8b7c15b5fec4b2d337,,,,unresolved,
CIK0000740971,AVS90164F0FA027687F,0000740971,Old Point Financial Corp,OPOF,NASDAQ,6021,finance_insurance_real_estate,2018Q3,us,VA,1999-01-11,2019-12-31,Alpha Vantage listing interval,resolved_cik,True,1,only eligible resolved security,2018|NASDAQ|finance_insurance_real_estate,2291,12,0.0052378874,190.9166666667,20260916,terminal_provider_unavailability,pilot_live,2,artifacts/representative_coverage_pilot_v20260916/raw/CIK0000740971/OPOF/2018Q3/attempt_02_20260917050228137253.json,05a713c32f752be260c8f2bca66f02964d3f7267c5d92a8e3d46cae2feb22edb,no_transcript,provider returned no usable transcript segments,not_applicable,,,,,,unresolved,
CIK0000835324,AVSF6554F104767C1F6,0000835324,Stock Yards Bancorp Inc,SYBT,NASDAQ,6022,finance_insurance_real_estate,2018Q3,us,KY,1993-03-26,2019-12-31,Alpha Vantage listing interval,resolved_cik,True,1,only eligible resolved security,2018|NASDAQ|finance_insurance_real_estate,2291,12,0.0052378874,190.9166666667,20260916,terminal_provider_unavailability,pilot_live,3,artifacts/representative_coverage_pilot_v20260916/raw/CIK0000835324/SYBT/2018Q3/attempt_03_20260917040748070342.json,c50100b8526978f296e4049e82469a643e27cfb9c0ef6ffc82f51507e210f613,no_transcript,provider returned no usable transcript segments,not_applicable,,,,,,unresolved,
CIK0000883569,AVS8CC351FFFE0135D2,0000883569,Fossil Group Inc,FOSL,NASDAQ,3873,manufacturing,2018Q3,us,DE,1993-04-08,2019-12-31,Alpha Vantage listing interval,resolved_cik,True,1,only eligible resolved security,2018|NASDAQ|manufacturing,4406,23,0.0052201543,191.5652173913,20260916,valid,pilot_live,1,artifacts/representative_coverage_pilot_v20260916/raw/CIK0000883569/FOSL/2018Q3/attempt_01_20260917004608732315.json,d4be080cfa75489a32420a2bbf540456107a50d0f76ef0b6e2e318bf9ed3d500,valid,"usable transcript passed structural, year, and identity checks",supported,distinctive company-name token found in opening transcript text,ee9715d03a567b80714c43b36d446de875597e46f7663ddfa85472e73ab5099b,,,,unresolved,
CIK0000904080,AVS60135B2020851BA1,0000904080,Stone Energy Corp,SGY,NYSE,1311,mining,2018Q3,us,DE,1993-07-09,2019-12-31,Alpha Vantage listing interval,resolved_cik,False,1,only eligible resolved security,2018|NYSE|mining,556,3,0.0053956835,185.3333333333,20260916,terminal_provider_unavailability,pilot_live,2,artifacts/representative_coverage_pilot_v20260916/raw/CIK0000904080/SGY/2018Q3/attempt_02_20260917041958635427.json,7586e5af25432a613ed97e10e98204812ad61cfe3a37f095e2677386edabaff5,no_transcript,provider returned no usable transcript segments,not_applicable,,,,,,unresolved,
CIK0000906163,AVS5101B67014E20244,0000906163,NVR Inc,NVR,NYSE,1531,construction,2018Q3,us,VA,1985-07-22,2019-12-31,Alpha Vantage listing interval,resolved_cik,True,1,only eligible resolved security,2018|NYSE|construction,156,1,0.0064102564,156.0000000000,20260916,terminal_provider_unavailability,pilot_live,2,artifacts/representative_coverage_pilot_v20260916/raw/CIK0000906163/NVR/2018Q3/attempt_02_20260917004612741752.json,65f62a208e2e0d3360e784f5d2dfe92986e4173f128bf91913f00a6d6864e81d,no_transcript,provider returned no usable transcript segments,not_applicable,,,,,,unresolved,
CIK0000915913,AVSF3FFAEB684B8B010,0000915913,Albemarle Corp,ALB,NYSE,2821,manufacturing,2018Q3,us,VA,1994-02-22,2019-12-31,Alpha Vantage listing interval,resolved_cik,True,1,only eligible resolved security,2018|NYSE|manufacturing,2260,12,0.0053097345,188.3333333333,20260916,valid,pilot_live,1,artifacts/representative_coverage_pilot_v20260916/raw/CIK0000915913/ALB/2018Q3/attempt_01_20260917004614742602.json,17d694e15df500c2261fb699f578a24279d50c455c1c45b043b16d55176f7150,valid,"usable transcript passed structural, year, and identity checks",supported,distinctive company-name token found in opening transcript text,3bebf100193d73e390ac4914d6e0e8e72a7594208b62a46da5cfe870e3229855,,,,unresolved,
CIK0000916907,AVS4FE5AF23A75EC874,0000916907,Southern Missouri Bancorp Inc,SMBC,NASDAQ,6036,finance_insurance_real_estate,2018Q3,us,MO,1994-04-12,2019-12-31,Alpha Vantage listing interval,resolved_cik,True,1,only eligible resolved security,2018|NASDAQ|finance_insurance_real_estate,2291,12,0.0052378874,190.9166666667,20260916,valid,pilot_live,1,artifacts/representative_coverage_pilot_v20260916/raw/CIK0000916907/SMBC/2018Q3/attempt_01_20260917004616747640.json,763667d68c4633aadcd15b2c15a511354bc4cfbb7318615b50b6313bce6d0b4d,valid,"usable transcript passed structural, year, and identity checks",supported,distinctive company-name token found in opening transcript text,0d7e9531f16add46cda98641d31f6c9f87ab9163d77468a2358fa1e0d54d107b,,,,unresolved,
CIK0000920522,AVS7ABEF26202D87481,0000920522,Essex Property Trust Inc,ESS,NYSE,6798,finance_insurance_real_estate,2018Q3,us,MD,1994-06-07,2019-12-31,Alpha Vantage listing interval,resolved_cik,True,1,only eligible resolved security,2018|NYSE|finance_insurance_real_estate,1963,10,0.0050942435,196.3000000000,20260916,valid,pilot_live,1,artifacts/representative_coverage_pilot_v20260916/raw/CIK0000920522/ESS/2018Q3/attempt_01_20260917041715610820.json,960cee9cb299964ee7c73d2cfeaae7c98165ce8ac9bae8bb182ec6d394cda7fc,valid,"usable transcript passed structural, year, and identity checks",supported,distinctive company-name token found in opening transcript text,50daa94a9e0ea506f960549d732600a65c6b5afb5326b5586f3d310497b719c4,,,,unresolved,
CIK0001122063,AVS784C3AF0CE4AFCFB,0001122063,FTE Networks Inc,FTNW,NYSE,4813,transportation_communications_utilities,2018Q3,us,NV,2016-05-26,2019-12-31,Alpha Vantage listing interval,resolved_cik,True,1,only eligible resolved security,2018|NYSE|transportation_communications_utilities,813,4,0.0049200492,203.2500000000,20260916,terminal_provider_unavailability,pilot_live,2,artifacts/representative_coverage_pilot_v20260916/raw/CIK0001122063/FTNW/2018Q3/attempt_02_20260917042000640473.json,b7e437faa8e8e27b7c4fff83759b65029b7f9dab1d63d73715cd767e60017857,no_transcript,provider returned no usable transcript segments,not_applicable,,,,,,unresolved,
CIK0001171014,AVSC3D27DAE6009C874,0001171014,Cosi Inc,COSI,NASDAQ,5812,retail_trade,2018Q3,us,DE,2002-11-22,2019-12-31,Alpha Vantage listing interval,resolved_cik,False,1,only eligible resolved security,2018|NASDAQ|retail_trade,491,3,0.0061099796,163.6666666667,20260916,terminal_provider_unavailability,pilot_live,2,artifacts/representative_coverage_pilot_v20260916/raw/CIK0001171014/COSI/2018Q3/attempt_02_20260917050230142276.json,8b76d0fe3f5a0ab0b93bb4fec255ba45ba509736f57d215b1a22591eca9d2d30,no_transcript,provider returned no usable transcript segments,not_applicable,,,,,,unresolved,
CIK0001297989,AVS8259E02C7C7EC723,0001297989,ExlService Holdings Inc,EXLS,NASDAQ,7389,services,2018Q3,us,DE,2006-10-20,2019-12-31,Alpha Vantage listing interval,resolved_cik,True,1,only eligible resolved security,2018|NASDAQ|services,1834,10,0.0054525627,183.4000000000,20260916,valid,pilot_live,1,artifacts/representative_coverage_pilot_v20260916/raw/CIK0001297989/EXLS/2018Q3/attempt_01_20260917004624776337.json,fc5bdc592c2d0ec735abe2e8380f33d28a9e203454c0b97727101bd8527095d5,valid,"usable transcript passed structural, year, and identity checks",manual_review,no distinctive company-name token found in opening transcript text,d2ee2e929c0a19031980fd8a845d1cec2579fc5c8fa85df72b294a7e8fb9dbeb,,,,unresolved,
CIK0001311596,AVS3DED721E54956BE3,0001311596,Tobira Therapeutics Inc,TBRA,NASDAQ,2834,manufacturing,2018Q3,us,DE,2016-01-04,2019-12-31,Alpha Vantage listing interval,resolved_cik,False,2,"ranked by active quarter-end evidence, exchange, and plain common-stock symbol",2018|NASDAQ|manufacturing,4406,23,0.0052201543,191.5652173913,20260916,terminal_provider_unavailability,pilot_live,3,artifacts/representative_coverage_pilot_v20260916/raw/CIK0001311596/TBRA/2018Q3/attempt_03_20260917040756093100.json,efdbd4dc1a40c6e3a14e8118544bffb50c4f0512c349a1a48fc564ebd638e91a,no_transcript,provider returned no usable transcript segments,not_applicable,,,,,,unresolved,
CIK0001333763,AVS5DC9485E0E33BC90,0001333763,Chelsea Therapeutics International Ltd,CHTP,NASDAQ,2836,manufacturing,2018Q3,us,DE,2005-11-10,2019-12-31,Alpha Vantage listing interval,resolved_cik,False,1,only eligible resolved security,2018|NASDAQ|manufacturing,4406,23,0.0052201543,191.5652173913,20260916,terminal_provider_unavailability,pilot_live,3,artifacts/representative_coverage_pilot_v20260916/raw/CIK0001333763/CHTP/2018Q3/attempt_03_20260917040758103145.json,783ed5121f5a6ccfd50d753e348ada1e0d5620be6985dca0005d02272bdc5f8b,no_transcript,provider returned no usable transcript segments,not_applicable,,,,,,unresolved,
CIK0001590418,AVSED9E0494AA4723BE,0001590418,Focus Universal Inc,FCUV,NASDAQ,3823,manufacturing,2018Q3,us,NV,2017-09-27,2019-12-31,Alpha Vantage listing interval,resolved_cik,True,1,only eligible resolved security,2018|NASDAQ|manufacturing,4406,23,0.0052201543,191.5652173913,20260916,terminal_provider_unavailability,pilot_live,3,artifacts/representative_coverage_pilot_v20260916/raw/CIK0001590418/FCUV/2018Q3/attempt_03_20260917040802116334.json,6572b0d05be885f41e5ee2878a232aba4a4c990321f0fedff0f5746ee5660b1b,no_transcript,provider returned no usable transcript segments,not_applicable,,,,,,unresolved,
CIK0000276720,AVS09E237A0FFD78A94,0000276720,Pure Cycle Corp,PCYO,NASDAQ,4941,transportation_communications_utilities,2018Q4,us,CO,1997-01-02,2019-12-31,Alpha Vantage listing interval,resolved_cik,True,1,only eligible resolved security,2018|NASDAQ|transportation_communications_utilities,566,3,0.0053003534,188.6666666667,20260916,valid,pilot_live,1,artifacts/representative_coverage_pilot_v20260916/raw/CIK0000276720/PCYO/2018Q4/attempt_01_20260917004634796422.json,029c938e6073ab29eae10f020930903b8fcb1bf17f2d8564508c592195f977ba,valid,"usable transcript passed structural, year, and identity checks",supported,distinctive company-name token found in opening transcript text,b1ffb55cd3cbc7e76c6e412237bf1a33728af3d36c410992a15100572906e7ed,,,,unresolved,
CIK0000711669,AVSDB51C807BE357FA6,0000711669,Colony Bankcorp Inc,CBAN,NYSE,6022,finance_insurance_real_estate,2018Q4,us,GA,1998-04-02,2019-12-31,Alpha Vantage listing interval,resolved_cik,True,1,only eligible resolved security,2018|NYSE|finance_insurance_real_estate,1963,10,0.0050942435,196.3000000000,20260916,terminal_provider_unavailability,pilot_live,3,artifacts/representative_coverage_pilot_v20260916/raw/CIK0000711669/CBAN/2018Q4/attempt_03_20260917040804126495.json,5422b474792769fcd56c6a463c5d7c283193107cd382db4e0d1b51bc2b6acbb7,no_transcript,provider returned no usable transcript segments,not_applicable,,,,,,unresolved,
CIK0000778734,AVSC37F581AE48313D5,0000778734,Measurement Specialties Inc,MEAS,NASDAQ,3829,manufacturing,2018Q4,us,NJ,1993-04-26,2019-12-31,Alpha Vantage listing interval,resolved_cik,False,1,only eligible resolved security,2018|NASDAQ|manufacturing,4406,23,0.0052201543,191.5652173913,20260916,terminal_provider_unavailability,pilot_live,3,artifacts/representative_coverage_pilot_v20260916/raw/CIK0000778734/MEAS/2018Q4/attempt_03_20260917040806136405.json,7149741b1413b4bf2301b3467ac32a46b99393a85287d03c640561bf89535c75,no_transcript,provider returned no usable transcript segments,not_applicable,,,,,,unresolved,
CIK0000824142,AVSA585E5716861F87A,0000824142,AAON Inc,AAON,NASDAQ,3585,manufacturing,2018Q4,us,NV,1992-12-16,2019-12-31,Alpha Vantage listing interval,resolved_cik,True,1,only eligible resolved security,2018|NASDAQ|manufacturing,4406,23,0.0052201543,191.5652173913,20260916,valid,pilot_live,1,artifacts/representative_coverage_pilot_v20260916/raw/CIK0000824142/AAON/2018Q4/attempt_01_20260917004640808356.json,e8e2015c85ee69783c361ccdb78a88964ce71bbdd07e2d3cdc489605f38fd3ef,valid,"usable transcript passed structural, year, and identity checks",manual_review,no distinctive company-name token found in opening transcript text,1bbea72acdddafa4a1adf6bacc911a1976cb0bc70b9cd366b0244d44112ec366,,,,unresolved,
CIK0000902274,AVS925DA472DA8277A1,0000902274,Libbey Inc,LBY,NYSE,3220,manufacturing,2018Q4,us,DE,1993-06-18,2019-12-31,Alpha Vantage listing interval,resolved_cik,True,1,only eligible resolved security,2018|NYSE|manufacturing,2260,12,0.0053097345,188.3333333333,20260916,terminal_provider_unavailability,pilot_live,2,artifacts/representative_coverage_pilot_v20260916/raw/CIK0000902274/LBY/2018Q4/attempt_02_20260917050232147337.json,611fa441f07af50fd849770680ea539c5e161c7f7f7cc78c493ced4719baa529,no_transcript,provider returned no usable transcript segments,not_applicable,,,,,,unresolved,
CIK0000918386,AVS6C9D35C85A254D87,0000918386,QLogic Corp,QLGC,NASDAQ,3576,manufacturing,2018Q4,us,DE,2016-01-04,2019-12-31,Alpha Vantage listing interval,resolved_cik,False,1,only eligible resolved security,2018|NASDAQ|manufacturing,4406,23,0.0052201543,191.5652173913,20260916,terminal_provider_unavailability,pilot_live,2,artifacts/representative_coverage_pilot_v20260916/raw/CIK0000918386/QLGC/2018Q4/attempt_02_20260917050234152402.json,6554e02cbca43880e8d97b028b3b78ff753c932ec7be9ed44839562e798e04a9,no_transcript,provider returned no usable transcript segments,not_applicable,,,,,,unresolved,
CIK0001016470,AVS1269FA153F650ABE,0001016470,SRS Labs Inc,SRSL,NASDAQ,6794,finance_insurance_real_estate,2018Q4,us,DE,1996-09-09,2019-12-31,Alpha Vantage listing interval,resolved_cik,False,1,only eligible resolved security,2018|NASDAQ|finance_insurance_real_estate,2291,12,0.0052378874,190.9166666667,20260916,terminal_provider_unavailability,pilot_live,3,artifacts/representative_coverage_pilot_v20260916/raw/CIK0001016470/SRSL/2018Q4/attempt_03_20260917040808143113.json,78a3e2158eb74d392a139ba42e71d8e6bbbb0e2b1b91522f68bcda768cff6a37,no_transcript,provider returned no usable transcript segments,not_applicable,,,,,,unresolved,
CIK0001041803,AVSCCBB4FC00268B699,0001041803,Pricesmart Inc,PSMT,NASDAQ,5331,retail_trade,2018Q4,us,DE,1997-09-02,2019-12-31,Alpha Vantage listing interval,resolved_cik,True,1,only eligible resolved security,2018|NASDAQ|retail_trade,491,3,0.0061099796,163.6666666667,20260916,valid,pilot_live,1,artifacts/representative_coverage_pilot_v20260916/raw/CIK0001041803/PSMT/2018Q4/attempt_01_20260917004646819974.json,239ee6dd4c4eee6f912eb27b775de5379402a63f549127d19fb6ef46b09fe827,valid,"usable transcript passed structural, year, and identity checks",supported,distinctive company-name token found in opening transcript text,dea92af5ad7e24ee6d405c63eba749e8599ec619b3b024fab418d19df527ebc2,,,2018-10-26,high,https://www.sec.gov/Archives/edgar/data/1041803/000104180318000045/psmt-20181025xex99_1.htm
CIK0001089143,AVS17C80D6F88BBCCE3,0001089143,Collectors Universe Inc,CLCT,NASDAQ,7389,services,2018Q4,us,DE,1999-11-05,2019-12-31,Alpha Vantage listing interval,resolved_cik,True,1,only eligible resolved security,2018|NASDAQ|services,1834,10,0.0054525627,183.4000000000,20260916,terminal_provider_unavailability,pilot_live,3,artifacts/representative_coverage_pilot_v20260916/raw/CIK0001089143/CLCT/2018Q4/attempt_03_20260917040810177832.json,325acca4ea47b31db544da32af66910677ff4d389c7f2b8da5144c05fb4b2d05,no_transcript,provider returned no usable transcript segments,not_applicable,,,,,,unresolved,
CIK0001103601,AVS65201C8339135C23,0001103601,WGL Holdings Inc,WGL,NYSE,4924,transportation_communications_utilities,2018Q4,us,VA,1987-06-22,2019-12-31,Alpha Vantage listing interval,resolved_cik,False,1,only eligible resolved security,2018|NYSE|transportation_communications_utilities,813,4,0.0049200492,203.2500000000,20260916,terminal_provider_unavailability,pilot_live,2,artifacts/representative_coverage_pilot_v20260916/raw/CIK0001103601/WGL/2018Q4/attempt_02_20260917042004651099.json,ba924a99deb5a9b30ce1b875c68a6e335399ff97281f7ae44a68cf55e6bff3e0,no_transcript,provider returned no usable transcript segments,not_applicable,,,,,,unresolved,
CIK0001113169,AVSF75E69A5D8B77564,0001113169,T. Rowe Price Group Inc,TROW,NASDAQ,6282,finance_insurance_real_estate,2018Q4,us,MD,1989-09-13,2019-12-31,Alpha Vantage listing interval,resolved_cik,True,1,only eligible resolved security,2018|NASDAQ|finance_insurance_real_estate,2291,12,0.0052378874,190.9166666667,20260916,terminal_provider_unavailability,pilot_live,3,artifacts/representative_coverage_pilot_v20260916/raw/CIK0001113169/TROW/2018Q4/attempt_03_20260917040814184901.json,fb2bdac3f54369f9394ee0f9b3d6c31ff2f5d25a5ff7d392cc7057912b2d4251,no_transcript,provider returned no usable transcript segments,not_applicable,,,,,,unresolved,
CIK0001135906,AVSFE665D9BCF7ED154,0001135906,EPIRUS Biopharmaceuticals Inc,EPRS,NASDAQ,2834,manufacturing,2018Q4,us,DE,2016-01-04,2019-12-31,Alpha Vantage listing interval,resolved_cik,False,1,only eligible resolved security,2018|NASDAQ|manufacturing,4406,23,0.0052201543,191.5652173913,20260916,terminal_provider_unavailability,pilot_live,3,artifacts/representative_coverage_pilot_v20260916/raw/CIK0001135906/EPRS/2018Q4/attempt_03_20260917040816194510.json,aa27cba81d6d1ca47f9e592fe27b9b9c6fe3c1ea18228500743139ff05841f3d,no_transcript,provider returned no usable transcript segments,not_applicable,,,,,,unresolved,
CIK0001285550,AVSFFBFF57BC633EF28,0001285550,MRI Interventions Inc,CLPT,NYSE,3841,manufacturing,2018Q4,us,DE,2012-05-22,2019-12-31,Alpha Vantage listing interval,resolved_cik,True,2,"ranked by active quarter-end evidence, exchange, and plain common-stock symbol",2018|NYSE|manufacturing,2260,12,0.0053097345,188.3333333333,20260916,valid,pilot_live,1,artifacts/representative_coverage_pilot_v20260916/raw/CIK0001285550/CLPT/2018Q4/attempt_01_20260917004656841667.json,742bd6c1740001f89b4a11295c09378b14ca115749783780359f2b3366add21b,valid,"usable transcript passed structural, year, and identity checks",supported,distinctive company-name token found in opening transcript text,b0f2bfe812b71e6f59ef3b50f9f9a941af996c22b3f5c9328738e993013eda10,,,,unresolved,
CIK0001308547,AVSA24517D29239C731,0001308547,Dolby Laboratories Inc - Class A,DLB,NYSE,6794,finance_insurance_real_estate,2018Q4,us,DE,2005-02-17,2019-12-31,Alpha Vantage listing interval,resolved_cik,True,1,only eligible resolved security,2018|NYSE|finance_insurance_real_estate,1963,10,0.0050942435,196.3000000000,20260916,valid,pilot_live,1,artifacts/representative_coverage_pilot_v20260916/raw/CIK0001308547/DLB/2018Q4/attempt_01_20260917041727640099.json,738f20478bb2f1456125be6d7a330501b3d206e5bfbb1aa0fe435d42f89a91a2,valid,"usable transcript passed structural, year, and identity checks",supported,distinctive company-name token found in opening transcript text,710ce61dc6daefb2c91e35f26f73c6737be62c60794902f2227cd46ff1b702bf,,,,unresolved,
CIK0001340786,AVSB45466926FACE4EE,0001340786,Fuel Systems Solutions Inc,FSYS,NASDAQ,3714,manufacturing,2018Q4,us,DE,2001-01-02,2019-12-31,Alpha Vantage listing interval,resolved_cik,False,1,only eligible resolved security,2018|NASDAQ|manufacturing,4406,23,0.0052201543,191.5652173913,20260916,terminal_provider_unavailability,pilot_live,3,artifacts/representative_coverage_pilot_v20260916/raw/CIK0001340786/FSYS/2018Q4/attempt_03_20260917040820217385.json,4ca09c57c4d7c8786fe3f76c1bb03625cf647953c4761e7ae04c94eb019adc7c,no_transcript,provider returned no usable transcript segments,not_applicable,,,,,,unresolved,
CIK0001351636,AVS92B240C5BAFC41E2,0001351636,SoundThinking Inc,SSTI,NASDAQ,7372,services,2018Q4,us,DE,2017-06-07,2019-12-31,Alpha Vantage listing interval,resolved_cik,True,1,only eligible resolved security,2018|NASDAQ|services,1834,10,0.0054525627,183.4000000000,20260916,valid,pilot_live,1,artifacts/representative_coverage_pilot_v20260916/raw/CIK0001351636/SSTI/2018Q4/attempt_01_20260917004702854583.json,8df9bf84e15cac055e193e121d35ca35d2683e46a5018b9fc8f578afaca9ced9,valid,"usable transcript passed structural, year, and identity checks",manual_review,no distinctive company-name token found in opening transcript text,3f110638fe48a41143671ae983a1165c6dc37e71356353438e728ae1c562ad18,,,,unresolved,
CIK0001468748,AVS2EFCFB2D17C07A10,0001468748,Kodiak Sciences Inc,KOD,NASDAQ,2836,manufacturing,2018Q4,us,DE,2018-10-04,2019-12-31,Alpha Vantage listing interval,resolved_cik,True,1,only eligible resolved security,2018|NASDAQ|manufacturing,4406,23,0.0052201543,191.5652173913,20260916,terminal_provider_unavailability,pilot_live,3,artifacts/representative_coverage_pilot_v20260916/raw/CIK0001468748/KOD/2018Q4/attempt_03_20260917040822227587.json,104155334fb04c1dc950fc13828fc078974992a24b9b7bf3b4ada922f49449b0,no_transcript,provider returned no usable transcript segments,not_applicable,,,,,,unresolved,
CIK0001489993,AVS578974C62C0D36FC,0001489993,Skymobi Ltd ADR,MOBI,NASDAQ,3841,manufacturing,2018Q4,us,DE,2010-12-09,2019-12-31,Alpha Vantage listing interval,resolved_cik,False,1,only eligible resolved security,2018|NASDAQ|manufacturing,4406,23,0.0052201543,191.5652173913,20260916,terminal_provider_unavailability,pilot_live,3,artifacts/representative_coverage_pilot_v20260916/raw/CIK0001489993/MOBI/2018Q4/attempt_03_20260917040824232951.json,48a6ccdebe1b03649debebd01d33585003c6e0aafc40e7e39c1657cc1e06cdfb,no_transcript,provider returned no usable transcript segments,not_applicable,,,,,,unresolved,
CIK0001533526,AVS9998F2E9D98F5FCF,0001533526,Global Brass and Copper Holdings Inc,BRSS,NYSE,3350,manufacturing,2018Q4,us,,2013-05-23,2019-12-31,Alpha Vantage listing interval,resolved_cik,True,2,"ranked by active quarter-end evidence, exchange, and plain common-stock symbol",2018|NYSE|manufacturing,2260,12,0.0053097345,188.3333333333,20260916,terminal_provider_unavailability,pilot_live,3,artifacts/representative_coverage_pilot_v20260916/raw/CIK0001533526/BRSS/2018Q4/attempt_03_20260917040826244304.json,1b3087b7d610d9366fc5df44f2720ad36258163230a30cb19396c8a57850e4b6,no_transcript,provider returned no usable transcript segments,not_applicable,,,,,,unresolved,
CIK0001533932,AVS9215F9656DE102DC,0001533932,Vantiv Inc,VNTV,NYSE,7389,services,2018Q4,us,DE,2012-03-22,2019-12-31,Alpha Vantage listing interval,resolved_cik,False,1,only eligible resolved security,2018|NYSE|services,1027,6,0.0058422590,171.1666666667,20260916,terminal_provider_unavailability,pilot_live,3,artifacts/representative_coverage_pilot_v20260916/raw/CIK0001533932/VNTV/2018Q4/attempt_03_20260917040828254347.json,b705cb633ddabf655349819b3ab740d151bbe4d00f8ca849c084bfacfb9ceae5,no_transcript,provider returned no usable transcript segments,not_applicable,,,,,,unresolved,
CIK0001561660,AVS747922B0E55CCFCA,0001561660,Pattern Energy Group Inc,PEGI,NASDAQ,4911,transportation_communications_utilities,2018Q4,us,DE,2013-09-27,2019-12-31,Alpha Vantage listing interval,resolved_cik,True,1,only eligible resolved security,2018|NASDAQ|transportation_communications_utilities,566,3,0.0053003534,188.6666666667,20260916,terminal_provider_unavailability,pilot_live,3,artifacts/representative_coverage_pilot_v20260916/raw/CIK0001561660/PEGI/2018Q4/attempt_03_20260917040830264391.json,1f7560f6df987ac28067720d927fef8535035dbd7a99853c97998ee29891946f,no_transcript,provider returned no usable transcript segments,not_applicable,,,,,,unresolved,
CIK0001608638,AVSB2AF8B709D67EDEC,0001608638,Civitas Solutions Inc,CIVI,NYSE,8082,services,2018Q4,us,DE,2014-09-17,2019-12-31,Alpha Vantage listing interval,resolved_cik,True,2,"ranked by active quarter-end evidence, exchange, and plain common-stock symbol",2018|NYSE|services,1027,6,0.0058422590,171.1666666667,20260916,valid,pilot_live,1,artifacts/representative_coverage_pilot_v20260916/raw/CIK0001608638/CIVI/2018Q4/attempt_01_20260917004716881674.json,49428c72cddc2c730f72e55eddb345a90fed5c94946b7eaaa4503fd8de51fcda,valid,"usable transcript passed structural, year, and identity checks",manual_review,no distinctive company-name token found in opening transcript text,abae8d5d4d4488a727f79119b6e181d5be9406f24764257b0f5a84259f4b5011,,,,unresolved,
CIK0001610418,AVSABB8ECF1EDD54EFF,0001610418,CNX Midstream Partners LP,CNXM,NYSE,4922,transportation_communications_utilities,2018Q4,us,DE,2018-01-04,2019-12-31,Alpha Vantage listing interval,resolved_cik,True,2,"ranked by active quarter-end evidence, exchange, and plain common-stock symbol",2018|NYSE|transportation_communications_utilities,813,4,0.0049200492,203.2500000000,20260916,terminal_provider_unavailability,pilot_live,2,artifacts/representative_coverage_pilot_v20260916/raw/CIK0001610418/CNXM/2018Q4/attempt_02_20260917042006656117.json,0275f010b8ecf4d11ab9c10a410c31bcd74cb16dc1e76e53994b6db34fce6bb8,no_transcript,provider returned no usable transcript segments,not_applicable,,,,,,unresolved,
CIK0001625101,AVS4FDA33AE390092BE,0001625101,Pulse Biosciences Inc,PLSE,NASDAQ,3841,manufacturing,2018Q4,us,DE,2016-05-18,2019-12-31,Alpha Vantage listing interval,resolved_cik,True,1,only eligible resolved security,2018|NASDAQ|manufacturing,4406,23,0.0052201543,191.5652173913,20260916,valid,pilot_live,1,artifacts/representative_coverage_pilot_v20260916/raw/CIK0001625101/PLSE/2018Q4/attempt_01_20260917004718886576.json,df0e4ee93745e0616f209f5223f02be7095d9dc792a49625104b953038571be3,valid,"usable transcript passed structural, year, and identity checks",supported,distinctive company-name token found in opening transcript text,ddcb00e17d3b7f163bd2d30e93c6db313732b786cffeea2fb3b146eded416dd9,,,,unresolved,
CIK0001650962,AVS790F6F058BE45C80,0001650962,Welbilt Inc,WBT,NYSE,3580,manufacturing,2018Q4,us,DE,2016-02-18,2019-12-31,Alpha Vantage listing interval,resolved_cik,True,1,only eligible resolved security,2018|NYSE|manufacturing,2260,12,0.0053097345,188.3333333333,20260916,terminal_provider_unavailability,pilot_live,3,artifacts/representative_coverage_pilot_v20260916/raw/CIK0001650962/WBT/2018Q4/attempt_03_20260917040832266319.json,47412784f47bb376afe43f3eed710fe4379cbaf898e7d31589b5a228e783c24e,no_transcript,provider returned no usable transcript segments,not_applicable,,,,,,unresolved,
CIK0001716947,AVSE03CAFFA42405626,0001716947,Ensysce Biosciences Inc,ENSC,NASDAQ,2834,manufacturing,2018Q4,us,DE,2018-02-26,2019-12-31,Alpha Vantage listing interval,resolved_cik,True,1,only eligible resolved security,2018|NASDAQ|manufacturing,4406,23,0.0052201543,191.5652173913,20260916,terminal_provider_unavailability,pilot_live,3,artifacts/representative_coverage_pilot_v20260916/raw/CIK0001716947/ENSC/2018Q4/attempt_03_20260917040834269827.json,dc88696851b7666453905dc0b0f5d9ece11a19a1fb8d9eaeb230bde7103f8baf,no_transcript,provider returned no usable transcript segments,not_applicable,,,,,,unresolved,
CIK0000003906,AVS48B58C29A715E5C6,0000003906,Allied Capital Corp,AFC,NYSE,,unknown,2019Q1,us,MD,2007-04-17,2019-12-31,Alpha Vantage listing interval,resolved_cik,True,1,only eligible resolved security,2019|NYSE|unknown,86,1,0.0116279070,86.0000000000,20260916,terminal_provider_unavailability,pilot_live,2,artifacts/representative_coverage_pilot_v20260916/raw/CIK0000003906/AFC/2019Q1/attempt_02_20260917050236157423.json,af3ef5122a66429178e1aa6f42c5adcf095be710d5113f6d541525acb39a9107,no_transcript,provider returned no usable transcript segments,not_applicable,,,,,,unresolved,
CIK0000017843,AVS36D8E4A11B743B7E,0000017843,Carpenter Technology Corp,CRS,NYSE,3312,manufacturing,2019Q1,us,DE,1987-11-05,2019-12-31,Alpha Vantage listing interval,resolved_cik,True,1,only eligible resolved security,2019|NYSE|manufacturing,2296,12,0.0052264808,191.3333333333,20260916,valid,pilot_live,1,artifacts/representative_coverage_pilot_v20260916/raw/CIK0000017843/CRS/2019Q1/attempt_01_20260917004726901768.json,dd6758de3ab09ac5ad38184f3e741aee96766e5c87b3d3997ea7c146f32c256c,valid,"usable transcript passed structural, year, and identity checks",supported,distinctive company-name token found in opening transcript text,f3f7c077ba84ca46330db8e8ee737d8fe17312ea76eb2a0f160b0cfb52825bc7,,,,unresolved,
CIK0000023082,AVSA816498A24B59B94,0000023082,Computer Sciences Corp,CSC,NYSE,7373,services,2019Q1,us,NV,2001-01-02,2019-12-31,Alpha Vantage listing interval,resolved_cik,False,1,only eligible resolved security,2019|NYSE|services,1070,6,0.0056074766,178.3333333333,20260916,terminal_provider_unavailability,pilot_live,3,artifacts/representative_coverage_pilot_v20260916/raw/CIK0000023082/CSC/2019Q1/attempt_03_20260917040836280558.json,08d2794737f8ef069be25a6309373910b82c805087ec7004e73f13b239c6cc28,no_transcript,provider returned no usable transcript segments,not_applicable,,,,,,unresolved,
CIK0000049071,AVS892DB38CC817514B,0000049071,Humana Inc,HUM,NYSE,6324,finance_insurance_real_estate,2019Q1,us,DE,1981-12-31,2019-12-31,Alpha Vantage listing interval,resolved_cik,True,1,only eligible resolved security,2019|NYSE|finance_insurance_real_estate,1976,11,0.0055668016,179.6363636364,20260916,valid,legacy_reuse,1,artifacts/earnings_call_responses/HUM_2019Q1.json,e73b98a8edf853c3f07ec107d78f0e59749f4a3b6718c14fe9c8f93e770f3edc,valid full transcript,substantive segmented transcript without detected integrity flags,supported,distinctive company-name token found in opening transcript text,61b2a11de687a8e8e3b766caab816525d0ea935c38dafa6ec68a6083fa688aa1,,,,unresolved,
CIK0000102729,AVS7059ED16ACAA939B,0000102729,Valmont Industries Inc,VMI,NYSE,3440,manufacturing,2019Q1,us,DE,1990-03-26,2019-12-31,Alpha Vantage listing interval,resolved_cik,True,1,only eligible resolved security,2019|NYSE|manufacturing,2296,12,0.0052264808,191.3333333333,20260916,valid,pilot_live,1,artifacts/representative_coverage_pilot_v20260916/raw/CIK0000102729/VMI/2019Q1/attempt_01_20260917004730908258.json,5b735a4a54c02f49373dc7d4da965686cce4e3942d3101cd10c75f440f948b4d,valid,"usable transcript passed structural, year, and identity checks",supported,distinctive company-name token found in opening transcript text,537e514a513b55e62e53c8ff7e56f690585723d8b5be12cb8b8386656c4c814c,,,,medium,https://www.sec.gov/Archives/edgar/data/102729/000110465919009664/a19-5140_1ex99d1.htm#Exhibit99_1_053912
CIK0000313143,AVSED87D7F872491329,0000313143,Haemonetics Corp,HAE,NYSE,3841,manufacturing,2019Q1,us,MA,1991-05-10,2019-12-31,Alpha Vantage listing interval,resolved_cik,True,1,only eligible resolved security,2019|NYSE|manufacturing,2296,12,0.0052264808,191.3333333333,20260916,valid,legacy_reuse,1,artifacts/earnings_call_responses/HAE_2019Q1.json,3a099307ce0b927d3b862c945781323703d791e7faf82b6a42ed8e7703806d9d,valid full transcript,substantive segmented transcript without detected integrity flags,supported,distinctive company-name token found in opening transcript text,128a24bc4b250e71bf3076daec2c62fa380390d2c79cef368fa92417a89ac142,,,,unresolved,
CIK0000849502,AVS645D3CB92AE3ED3D,0000849502,Ramtron International,RMTR,NASDAQ,3674,manufacturing,2019Q1,us,DE,2006-12-28,2019-12-31,Alpha Vantage listing interval,resolved_cik,False,1,only eligible resolved security,2019|NASDAQ|manufacturing,4600,24,0.0052173913,191.6666666667,20260916,terminal_provider_unavailability,pilot_live,2,artifacts/representative_coverage_pilot_v20260916/raw/CIK0000849502/RMTR/2019Q1/attempt_02_20260917050238162462.json,227b12fe7694af47d6f706dc883982f1d57c8109acd3b68b20ceaad6618d19ea,no_transcript,provider returned no usable transcript segments,not_applicable,,,,,,unresolved,
CIK0000867773,AVS6C78E4BACD840F81,0000867773,SunPower Corp,SPWRB,NASDAQ,3674,manufacturing,2019Q1,us,DE,2008-09-22,2019-12-31,Alpha Vantage listing interval,resolved_cik,False,1,only eligible resolved security,2019|NASDAQ|manufacturing,4600,24,0.0052173913,191.6666666667,20260916,terminal_provider_unavailability,pilot_live,3,artifacts/representative_coverage_pilot_v20260916/raw/CIK0000867773/SPWRB/2019Q1/attempt_03_20260917040838290609.json,08fd15ae56f99a1860438986e821f2d058ec4a7397c12019adca5c198224550a,no_transcript,provider returned no usable transcript segments,not_applicable,,,,,,unresolved,
CIK0000879169,AVS0A2963986A2EA85B,0000879169,Incyte Corp,INCY,NASDAQ,8731,services,2019Q1,us,DE,1993-11-04,2019-12-31,Alpha Vantage listing interval,resolved_cik,True,1,only eligible resolved security,2019|NASDAQ|services,1904,10,0.0052521008,190.4000000000,20260916,valid,pilot_live,1,artifacts/representative_coverage_pilot_v20260916/raw/CIK0000879169/INCY/2019Q1/attempt_01_20260917045941742829.json,c84589a5c622d62afaed93331fde1e179134063e2b7b1c5c7318420aebb8d817,valid,"usable transcript passed structural, year, and identity checks",supported,distinctive company-name token found in opening transcript text,105427535257e26e615f7c46d105b3ad69fefb0799a071d0cc702e014f2dfce2,,,2019-07-30,high,https://www.sec.gov/Archives/edgar/data/879169/000110465919042478/0001104659-19-042478.txt
CIK0000883945,AVSB827387FA7D1033F,0000883945,USA Truck Inc,USAK,NASDAQ,4213,transportation_communications_utilities,2019Q1,us,DE,1992-03-20,2019-12-31,Alpha Vantage listing interval,resolved_cik,True,1,only eligible resolved security,2019|NASDAQ|transportation_communications_utilities,588,3,0.0051020408,196.0000000000,20260916,terminal_provider_unavailability,pilot_live,3,artifacts/representative_coverage_pilot_v20260916/raw/CIK0000883945/USAK/2019Q1/attempt_03_20260917040840299641.json,41e47c00ec5eb97cac1bf6c834ee421d4c5cae7cce06f970615d84e274e06cf4,no_transcript,provider returned no usable transcript segments,not_applicable,,,,,,unresolved,
CIK0000891014,AVSDD61215938FE01F2,0000891014,Minerals Technologies Inc,MTX,NYSE,2810,manufacturing,2019Q1,us,DE,1992-10-26,2019-12-31,Alpha Vantage listing interval,resolved_cik,True,1,only eligible resolved security,2019|NYSE|manufacturing,2296,12,0.0052264808,191.3333333333,20260916,valid,pilot_live,1,artifacts/representative_coverage_pilot_v20260916/raw/CIK0000891014/MTX/2019Q1/attempt_01_20260917004736920884.json,ebd69e7e0df09009dadf74542337a265e83f0841bce7bf3ed94f6677ba226a18,valid,"usable transcript passed structural, year, and identity checks",supported,distinctive company-name token found in opening transcript text,50fc8a6cd4641d3abdd4182617ff02cbfce6386c3e0ab504646e19f5f558477e,,,,unresolved,
CIK0000914156,AVS3EC885FD2A7D0DA3,0000914156,UFP Technologies Inc,UFPT,NASDAQ,3841,manufacturing,2019Q1,us,DE,1993-12-17,2019-12-31,Alpha Vantage listing interval,resolved_cik,True,1,only eligible resolved security,2019|NASDAQ|manufacturing,4600,24,0.0052173913,191.6666666667,20260916,terminal_provider_unavailability,pilot_live,3,artifacts/representative_coverage_pilot_v20260916/raw/CIK0000914156/UFPT/2019Q1/attempt_03_20260917040842322095.json,21506f47bca7a885bda108accfd1e365a6844b6f1d9155a9b3175bc49cda945f,no_transcript,provider returned no usable transcript segments,not_applicable,,,,,,unresolved,
CIK0000915840,AVSC19BAB738F06CECB,0000915840,Beazer Homes USA Inc,BZH,NYSE,1531,construction,2019Q1,us,DE,1994-02-23,2019-12-31,Alpha Vantage listing interval,resolved_cik,True,1,only eligible resolved security,2019|NYSE|construction,156,1,0.0064102564,156.0000000000,20260916,valid,pilot_live,1,artifacts/representative_coverage_pilot_v20260916/raw/CIK0000915840/BZH/2019Q1/attempt_01_20260917004740926403.json,9a40da44c8de46c117b5777280b4dcdc2f6dec54744c076fe4d6530bc1352987,valid,"usable transcript passed structural, year, and identity checks",supported,distinctive company-name token found in opening transcript text,a6062271722f5c70acb2f6a1c28faeca12960d9c1e4b6e01763a1af74bac01d7,,,,unresolved,
CIK0001021635,AVS09CFEDC6AB774735,0001021635,Oge Energy Corp,OGE,NYSE,4911,transportation_communications_utilities,2019Q1,us,OK,1987-12-30,2019-12-31,Alpha Vantage listing interval,resolved_cik,True,1,only eligible resolved security,2019|NYSE|transportation_communications_utilities,818,4,0.0048899756,204.5000000000,20260916,valid,pilot_live,1,artifacts/representative_coverage_pilot_v20260916/raw/CIK0001021635/OGE/2019Q1/attempt_01_20260917041731644695.json,dea529c9a8a66945f4f31be3a8ba323d43fd42d20ca413ca37ed78c05e4bfbbe,valid,"usable transcript passed structural, year, and identity checks",supported,distinctive company-name token found in opening transcript text,14e1fbb7bfa82d9d5c4426d8a71ff6fafb34541f08d6e5828f39e8c8c9e98b33,,,,unresolved,
CIK0001035201,AVSDACEBF83CADD06EB,0001035201,California Water Service Group,CWT,NYSE,4941,transportation_communications_utilities,2019Q1,us,DE,1990-03-26,2019-12-31,Alpha Vantage listing interval,resolved_cik,True,1,only eligible resolved security,2019|NYSE|transportation_communications_utilities,818,4,0.0048899756,204.5000000000,20260916,valid,pilot_live,1,artifacts/representative_coverage_pilot_v20260916/raw/CIK0001035201/CWT/2019Q1/attempt_01_20260917041733646460.json,2d2203f63725cccd0b13a84225e469018f09b26fafd1455511ae1569fb2dd4a1,valid,"usable transcript passed structural, year, and identity checks",supported,distinctive company-name token found in opening transcript text,cac35c7a024e2d86063d969f77939f6d01d8214589615caeb20f099d0d13524b,,,,unresolved,
CIK0001057877,AVS0A3F3E402C92DDB4,0001057877,Idacorp Inc,IDA,NYSE,4911,transportation_communications_utilities,2019Q1,us,ID,1986-10-17,2019-12-31,Alpha Vantage listing interval,resolved_cik,True,1,only eligible resolved security,2019|NYSE|transportation_communications_utilities,818,4,0.0048899756,204.5000000000,20260916,valid,pilot_live,1,artifacts/representative_coverage_pilot_v20260916/raw/CIK0001057877/IDA/2019Q1/attempt_01_20260917041735651488.json,b6970d0ebc0a1d010f2cb0cccb78a0f3e83fe7d5b621244e27c105e11aa4a751,valid,"usable transcript passed structural, year, and identity checks",supported,distinctive company-name token found in opening transcript text,395a4be4cf5949034feb5d4f3d050c722c01021c42b48cb67c0c93db5dbdd5c0,,,,unresolved,
CIK0001117480,AVS506BFB449695E617,0001117480,Chimerix Inc,CMRX,NASDAQ,2834,manufacturing,2019Q1,us,DE,2013-04-11,2019-12-31,Alpha Vantage listing interval,resolved_cik,True,1,only eligible resolved security,2019|NASDAQ|manufacturing,4600,24,0.0052173913,191.6666666667,20260916,valid,pilot_live,1,artifacts/representative_coverage_pilot_v20260916/raw/CIK0001117480/CMRX/2019Q1/attempt_01_20260917004750951633.json,237c2c67326d4a5c0f8277bf5c7a74e7fc2c1e1c148c48714cb070186b9f5746,valid,"usable transcript passed structural, year, and identity checks",supported,distinctive company-name token found in opening transcript text,2bd7d35161e24f9cce731cd7aabb2a002586a37a07ff7a3a0a9635092c63ed34,,,,unresolved,
CIK0001137083,AVSDFC5707EE7A7BEAD,0001137083,L&L Energy Inc,LLEN,NASDAQ,1220,mining,2019Q1,us,NV,2009-01-05,2019-03-01,Alpha Vantage listing interval,resolved_cik,False,2,"ranked by active quarter-end evidence, exchange, and plain common-stock symbol",2019|NASDAQ|mining,275,2,0.0072727273,137.5000000000,20260916,terminal_provider_unavailability,pilot_live,2,artifacts/representative_coverage_pilot_v20260916/raw/CIK0001137083/LLEN/2019Q1/attempt_02_20260917042008661158.json,eb69e25799d389e30c86fe185f82c0893c20c748a664f8c4699a98d515c893e4,no_transcript,provider returned no usable transcript segments,not_applicable,,,,,,unresolved,
CIK0001227500,AVSAEBFABEDFE9927E3,0001227500,Equity Bancshares Inc - Class A,EQBK,NYSE,6022,finance_insurance_real_estate,2019Q1,us,KS,2015-11-11,2019-12-31,Alpha Vantage listing interval,resolved_cik,True,1,only eligible resolved security,2019|NYSE|finance_insurance_real_estate,1976,11,0.0055668016,179.6363636364,20260916,valid,pilot_live,1,artifacts/representative_coverage_pilot_v20260916/raw/CIK0001227500/EQBK/2019Q1/attempt_01_20260917045943747855.json,28cc7b506cc481218bf4420a2b74b2c5eff7496b5e0dd90b294c40e0f4495819,valid,"usable transcript passed structural, year, and identity checks",supported,distinctive company-name token found in opening transcript text,94a25c229c265123079ecffdc265aa808db50e40b8b52a355acde93884e963e6,,,,unresolved,
CIK0001297341,AVS530A9120419D42C0,0001297341,Kentucky First Federal Bancorp,KFFB,NASDAQ,6035,finance_insurance_real_estate,2019Q1,us,,2005-03-03,2019-12-31,Alpha Vantage listing interval,resolved_cik,True,1,only eligible resolved security,2019|NASDAQ|finance_insurance_real_estate,2342,12,0.0051238258,195.1666666667,20260916,terminal_provider_unavailability,pilot_live,3,artifacts/representative_coverage_pilot_v20260916/raw/CIK0001297341/KFFB/2019Q1/attempt_03_20260917040846332847.json,103ad9f9d79d9385b5021097fbf84a5bd3f493800bd2691c382c2b325b0e5003,no_transcript,provider returned no usable transcript segments,not_applicable,,,,,,unresolved,
CIK0001316835,AVS8D0E5ADDBB5764DC,0001316835,Builders Firstsource Inc,BLDR,NYSE,5211,retail_trade,2019Q1,us,DE,2005-06-28,2019-12-31,Alpha Vantage listing interval,resolved_cik,True,1,only eligible resolved security,2019|NYSE|retail_trade,410,2,0.0048780488,205.0000000000,20260916,valid,pilot_live,1,artifacts/representative_coverage_pilot_v20260916/raw/CIK0001316835/BLDR/2019Q1/attempt_01_20260917004756966744.json,42563bd1977374a11c30f59bdde0fe8adf532bc73f08a6bf3b12d71cd38a3ef1,valid,"usable transcript passed structural, year, and identity checks",supported,distinctive company-name token found in opening transcript text,274f81ba3152be642aeadfc42c98017d8721f8932d319fc5af5d5eb6b8c6c730,,,,unresolved,
CIK0001328581,AVSB7CFC0F728F8250D,0001328581,Boise Cascade Company,BCC,NYSE,5030,wholesale_trade,2019Q1,us,ID,2013-02-06,2019-12-31,Alpha Vantage listing interval,resolved_cik,True,1,only eligible resolved security,2019|NYSE|wholesale_trade,207,1,0.0048309179,207.0000000000,20260916,valid,pilot_live,1,artifacts/representative_coverage_pilot_v20260916/raw/CIK0001328581/BCC/2019Q1/attempt_01_20260917004758971784.json,f5752eb3489de4b3626d81ea2cf20b885efedabdcefd3141dc93a06d594ba327,valid,"usable transcript passed structural, year, and identity checks",supported,distinctive company-name token found in opening transcript text,304724f19d17febdf0af0c54468672029545fab223aec5157ad657886a73fe1f,,,,unresolved,
CIK0001339553,AVSD4F82E6C3099B004,0001339553,HealthSpring Inc,HS,NYSE,6324,finance_insurance_real_estate,2019Q1,us,DE,2006-02-03,2019-12-31,Alpha Vantage listing interval,resolved_cik,False,1,only eligible resolved security,2019|NYSE|finance_insurance_real_estate,1976,11,0.0055668016,179.6363636364,20260916,terminal_provider_unavailability,pilot_live,2,artifacts/representative_coverage_pilot_v20260916/raw/CIK0001339553/HS/2019Q1/attempt_02_20260917042010662522.json,e50a3b7444632d59116565c6a15a07fa72591d2460fb1f56509bf4ec90b4544d,no_transcript,provider returned no usable transcript segments,not_applicable,,,,,,unresolved,
CIK0001356093,AVS5413C224331624E7,0001356093,Creative Realities Inc,CREX,NASDAQ,7373,services,2019Q1,us,MN,2013-05-31,2019-12-31,Alpha Vantage listing interval,resolved_cik,True,1,only eligible resolved security,2019|NASDAQ|services,1904,10,0.0052521008,190.4000000000,20260916,valid,pilot_live,1,artifacts/representative_coverage_pilot_v20260916/raw/CIK0001356093/CREX/2019Q1/attempt_01_20260917045945752886.json,80e5b1bb0c6119716bcb22ef21a8f331cc8aec3b75731bc7bee6fb2e84066721,valid,"usable transcript passed structural, year, and identity checks",supported,distinctive company-name token found in opening transcript text,608158eaf460de878357b8ae4c173cd7df3afb3bb41118dec82c428d5bf4fe73,,,,unresolved,
CIK0001365135,AVS733A22EBBB4F0380,0001365135,Western Union Company,WU,NYSE,7389,services,2019Q1,us,DE,2006-10-02,2019-12-31,Alpha Vantage listing interval,resolved_cik,True,1,only eligible resolved security,2019|NYSE|services,1070,6,0.0056074766,178.3333333333,20260916,valid,pilot_live,1,artifacts/representative_coverage_pilot_v20260916/raw/CIK0001365135/WU/2019Q1/attempt_01_20260917004802981865.json,434d938904b6b833f8c99cbabe3245ce81b04a67410fa2f0504528cdec16f3c2,valid,"usable transcript passed structural, year, and identity checks",supported,distinctive company-name token found in opening transcript text,127198b1a9dffc1ca1ddacd8ac5f197119d8824ebc95a0530f41059cb43d703b,,,2019-05-07,high,https://www.sec.gov/Archives/edgar/data/1365135/000155837019004255/f8-k.htm
CIK0001465885,AVS3D2A1D3487E0081F,0001465885,Western Asset Mortgage Capital Corp,WMC,NYSE,6798,finance_insurance_real_estate,2019Q1,us,DE,2012-05-11,2019-12-31,Alpha Vantage listing interval,resolved_cik,True,1,only eligible resolved security,2019|NYSE|finance_insurance_real_estate,1976,11,0.0055668016,179.6363636364,20260916,terminal_provider_unavailability,pilot_live,2,artifacts/representative_coverage_pilot_v20260916/raw/CIK0001465885/WMC/2019Q1/attempt_02_20260917042012663095.json,de97b842c1944a85e2440bf36328daaaadf66da3ef7732a7de96ef3626e874a0,no_transcript,provider returned no usable transcript segments,not_applicable,,,,,,unresolved,
CIK0001479094,AVS3085F95E7C78E060,0001479094,STAG Industrial Inc,STAG,NYSE,6798,finance_insurance_real_estate,2019Q1,us,,2011-04-15,2019-12-31,Alpha Vantage listing interval,resolved_cik,True,1,only eligible resolved security,2019|NYSE|finance_insurance_real_estate,1976,11,0.0055668016,179.6363636364,20260916,valid,pilot_live,1,artifacts/representative_coverage_pilot_v20260916/raw/CIK0001479094/STAG/2019Q1/attempt_01_20260917041743666827.json,349484c0263879834b2a98b212cf9ab7cd80a9564f875ac2b719b4c3bf62e038,valid,"usable transcript passed structural, year, and identity checks",supported,distinctive company-name token found in opening transcript text,c941835985713221b0ac7dfcd1a1c6890ef09f6db44a8e36a8f574d8b6a2715b,,,2019-05-01,high,https://www.sec.gov/Archives/edgar/data/1479094/000147909419000009/stag-q119xearningsrelease.htm
CIK0001523733,AVS98866A91B7F2D351,0001523733,PetroLogistics LP,PDH,NYSE,2890,manufacturing,2019Q1,us,DE,2012-05-04,2019-12-31,Alpha Vantage listing interval,resolved_cik,False,1,only eligible resolved security,2019|NYSE|manufacturing,2296,12,0.0052264808,191.3333333333,20260916,terminal_provider_unavailability,pilot_live,3,artifacts/representative_coverage_pilot_v20260916/raw/CIK0001523733/PDH/2019Q1/attempt_03_20260917040850341605.json,a908fd3c52bc2bcb710ca5a2397ec23c0314d838b4fc2db07cee22ab79bdd04a,no_transcript,provider returned no usable transcript segments,not_applicable,,,,,,unresolved,
CIK0001604028,AVS2FB63587A45C17AD,0001604028,Advanced Drainage Systems Inc,WMS,NYSE,3086,manufacturing,2019Q1,us,DE,2014-07-25,2019-12-31,Alpha Vantage listing interval,resolved_cik,True,1,only eligible resolved security,2019|NYSE|manufacturing,2296,12,0.0052264808,191.3333333333,20260916,valid,pilot_live,1,artifacts/representative_coverage_pilot_v20260916/raw/CIK0001604028/WMS/2019Q1/attempt_01_20260917004815008179.json,fe8c27d495978c980b7dff664edf27bd5ceb27cdee3dd75f8f0a25706fe73df2,valid,"usable transcript passed structural, year, and identity checks",supported,distinctive company-name token found in opening transcript text,56c25f34abfc22f31ddce2b91b587b72347366a8d817ea5b89d508a5f6db65d4,,,,unresolved,
CIK0001627857,AVSD03B6C1BB9BBB5CA,0001627857,SailPoint Technologies Holdings Inc,SAIL,NYSE,7372,services,2019Q1,us,,2017-11-17,2019-12-31,Alpha Vantage listing interval,resolved_cik,True,1,only eligible resolved security,2019|NYSE|services,1070,6,0.0056074766,178.3333333333,20260916,valid,pilot_live,1,artifacts/representative_coverage_pilot_v20260916/raw/CIK0001627857/SAIL/2019Q1/attempt_01_20260917041747673573.json,19e4718af34a7731493c80165c6ac2680840fec6a04448262e66616509d793bc,valid,"usable transcript passed structural, year, and identity checks",supported,distinctive company-name token found in opening transcript text,af58df5a65351c0dba3d23d10a445d3b5df482b996c582f6c9f2288600adf26e,,,,unresolved,
CIK0001675033,AVS4BF693F5A0C729B1,0001675033,Great Elm Capital Corp,GECC,NASDAQ,,unknown,2019Q1,us,MD,2016-11-04,2019-12-31,Alpha Vantage listing interval,resolved_cik,True,3,"ranked by active quarter-end evidence, exchange, and plain common-stock symbol",2019|NASDAQ|unknown,153,1,0.0065359477,153.0000000000,20260916,valid,pilot_live,1,artifacts/representative_coverage_pilot_v20260916/raw/CIK0001675033/GECC/2019Q1/attempt_01_20260917004821019790.json,cfb361e5cc0618d56e9347c97174083a71c86e10b40b94fd29f8acdace5d2a91,valid,"usable transcript passed structural, year, and identity checks",supported,distinctive company-name token found in opening transcript text,cc8f7d23499fed6efbc281ae1e8ce09162b3b74e455261eaa9515749fb11f3f6,,,,unresolved,
CIK0001808834,AVSF61D1A776A049967,0001808834,PROG Holdings Inc,PRG,NYSE,7359,services,2019Q1,us,GA,1984-09-07,2019-12-31,Alpha Vantage listing interval,resolved_cik,True,1,only eligible resolved security,2019|NYSE|services,1070,6,0.0056074766,178.3333333333,20260916,terminal_provider_unavailability,pilot_live,3,artifacts/representative_coverage_pilot_v20260916/raw/CIK0001808834/PRG/2019Q1/attempt_03_20260917050240167062.json,cc92e76edbcc5f775e9cadf08611cb03ddc2f658470be327d6a84d4a63435462,no_transcript,provider returned no usable transcript segments,not_applicable,,,,,,unresolved,
CIK0000073290,AVS22DCA5A4EEE6FD72,0000073290,Biomerica Inc,BMRA,NASDAQ,2835,manufacturing,2019Q2,us,DE,2005-01-03,2019-12-31,Alpha Vantage listing interval,resolved_cik,True,1,only eligible resolved security,2019|NASDAQ|manufacturing,4600,24,0.0052173913,191.6666666667,20260916,terminal_provider_unavailability,pilot_live,3,artifacts/representative_coverage_pilot_v20260916/raw/CIK0000073290/BMRA/2019Q2/attempt_03_20260917040858369648.json,c9ae6c499c4ac6cf682eb1caa2bbc1aa20a68753bbde2534d4e557fac56a0dc9,no_transcript,provider returned no usable transcript segments,not_applicable,,,,,,unresolved,
CIK0000765880,AVS10CB2307C8DCB5C3,0000765880,Healthpeak OP LLC,DOC,NYSE,6798,finance_insurance_real_estate,2019Q2,us,MD,1987-11-05,2019-12-31,Alpha Vantage listing interval,resolved_cik,True,1,only eligible resolved security,2019|NYSE|finance_insurance_real_estate,1976,11,0.0055668016,179.6363636364,20260916,valid,legacy_reuse,1,artifacts/earnings_call_responses/DOC_2019Q2.json,355b07c0d074fc753b42166adefa12e20011aaa0db9acf36704f051174dfae93,valid full transcript,substantive segmented transcript without detected integrity flags,manual_review,no distinctive company-name token found in opening transcript text,4eb878d18fa411f86dcb33b2dd684705f9c98a542df67d3907b79ed2e5d2a74a,,,,unresolved,
CIK0000812128,AVS49AB5969C4631B68,0000812128,Sanderson Farms Inc,SAFM,NASDAQ,2015,manufacturing,2019Q2,us,MS,1989-12-20,2019-12-31,Alpha Vantage listing interval,resolved_cik,True,1,only eligible resolved security,2019|NASDAQ|manufacturing,4600,24,0.0052173913,191.6666666667,20260916,terminal_provider_unavailability,pilot_live,3,artifacts/representative_coverage_pilot_v20260916/raw/CIK0000812128/SAFM/2019Q2/attempt_03_20260917040900377475.json,0d8683b58b738943ccdc76e62edafeb3f5a0ba406cf47fe67ce37bdb94e9737f,no_transcript,provider returned no usable transcript segments,not_applicable,,,,,,unresolved,
CIK0000863110,AVS3E46DCB05035158D,0000863110,Artesian Resources Corp - Class A,ARTNA,NASDAQ,4941,transportation_communications_utilities,2019Q2,us,DE,1996-05-24,2019-12-31,Alpha Vantage listing interval,resolved_cik,True,1,only eligible resolved security,2019|NASDAQ|transportation_communications_utilities,588,3,0.0051020408,196.0000000000,20260916,terminal_provider_unavailability,pilot_live,3,artifacts/representative_coverage_pilot_v20260916/raw/CIK0000863110/ARTNA/2019Q2/attempt_03_20260917040902383006.json,19db464da29e26c06879cc2bba6f5c0d404a510e22d24e9506bffafb4b24ddf5,no_transcript,provider returned no usable transcript segments,not_applicable,,,,,,unresolved,
CIK0000863157,AVSBD2FA54581C18CF8,0000863157,PetSmart Inc,PETM,NASDAQ,5990,retail_trade,2019Q2,us,DE,1993-07-23,2019-12-31,Alpha Vantage listing interval,resolved_cik,False,1,only eligible resolved security,2019|NASDAQ|retail_trade,504,3,0.0059523810,168.0000000000,20260916,terminal_provider_unavailability,pilot_live,3,artifacts/representative_coverage_pilot_v20260916/raw/CIK0000863157/PETM/2019Q2/attempt_03_20260917040904393104.json,f21382ce70b3592ab2a216b62dfefa1ee0922f69d6103ed44a65d6f6defed384,no_transcript,provider returned no usable transcript segments,not_applicable,,,,,,unresolved,
CIK0000867773,AVS6C78E4BACD840F81,0000867773,SunPower Corp,SPWRB,NASDAQ,3674,manufacturing,2019Q2,us,DE,2008-09-22,2019-12-31,Alpha Vantage listing interval,resolved_cik,False,1,only eligible resolved security,2019|NASDAQ|manufacturing,4600,24,0.0052173913,191.6666666667,20260916,terminal_provider_unavailability,pilot_live,3,artifacts/representative_coverage_pilot_v20260916/raw/CIK0000867773/SPWRB/2019Q2/attempt_03_20260917040906394088.json,65933d1f4194adef26bb94c41392e3864958ad5f0c2db8ab31a9544532d41282,no_transcript,provider returned no usable transcript segments,not_applicable,,,,,,unresolved,
CIK0000907649,AVS84A907783D003562,0000907649,FX Energy Inc,FXEN,NASDAQ,1311,mining,2019Q2,us,NV,1996-06-11,2019-12-31,Alpha Vantage listing interval,resolved_cik,False,1,only eligible resolved security,2019|NASDAQ|mining,275,2,0.0072727273,137.5000000000,20260916,terminal_provider_unavailability,pilot_live,2,artifacts/representative_coverage_pilot_v20260916/raw/CIK0000907649/FXEN/2019Q2/attempt_02_20260917042014668119.json,b93c1c1de6a2479c26c5e957df5c0606f34d33b00c9b9a1992a0c375f8feecc0,no_transcript,provider returned no usable transcript segments,not_applicable,,,,,,unresolved,
CIK0001116132,AVSF191AB0923AEB12E,0001116132,Tapestry Inc,TPR,NYSE,3100,manufacturing,2019Q2,us,MD,2000-10-06,2019-12-31,Alpha Vantage listing interval,resolved_cik,True,2,"ranked by active quarter-end evidence, exchange, and plain common-stock symbol",2019|NYSE|manufacturing,2296,12,0.0052264808,191.3333333333,20260916,valid,pilot_live,1,artifacts/representative_coverage_pilot_v20260916/raw/CIK0001116132/TPR/2019Q2/attempt_01_20260917004835041226.json,bbe044011a8fc5e03f5578d1bda7f63a64a1beb115b204350ecb0da3aaa22b88,valid,"usable transcript passed structural, year, and identity checks",supported,distinctive company-name token found in opening transcript text,155403d21d5c8f0963142e8b02ce47d81579bd9e850a59fc6c3170aa8499f383,,,,unresolved,
CIK0001124524,AVS638D3789C940481A,0001124524,CryoPort Inc,CYRX,NASDAQ,2834,manufacturing,2019Q2,us,NV,2009-01-02,2019-12-31,Alpha Vantage listing interval,resolved_cik,True,1,only eligible resolved security,2019|NASDAQ|manufacturing,4600,24,0.0052173913,191.6666666667,20260916,valid,pilot_live,1,artifacts/representative_coverage_pilot_v20260916/raw/CIK0001124524/CYRX/2019Q2/attempt_01_20260917004837046270.json,c3dd201ba55b4a4074a23b15ffe5e8d2d930664849080a40ec28d09c504aa6d2,valid,"usable transcript passed structural, year, and identity checks",supported,distinctive company-name token found in opening transcript text,a3ac6bcffb965d06fccef40c7e066403314eca9c47b563bb4fb900eaf224686c,,,,unresolved,
CIK0001228627,AVS9A42B9DD8229B9B1,0001228627,Ocuphire Pharma Inc,IRD,NASDAQ,2834,manufacturing,2019Q2,us,DE,2005-05-23,2019-12-31,Alpha Vantage listing interval,resolved_cik,True,1,only eligible resolved security,2019|NASDAQ|manufacturing,4600,24,0.0052173913,191.6666666667,20260916,terminal_provider_unavailability,pilot_live,3,artifacts/representative_coverage_pilot_v20260916/raw/CIK0001228627/IRD/2019Q2/attempt_03_20260917040910407053.json,e932b3fb2ee711e2ed78fb7ca0ab368a5c8c76ce575f5d643e5cf1c1f2c691df,no_transcript,provider returned no usable transcript segments,not_applicable,,,,,,unresolved,
CIK0001428522,AVSCFDE8478848A4932,0001428522,Radius Health Inc,RDUS,NASDAQ,2834,manufacturing,2019Q2,us,DE,2014-06-06,2019-12-31,Alpha Vantage listing interval,resolved_cik,True,1,only eligible resolved security,2019|NASDAQ|manufacturing,4600,24,0.0052173913,191.6666666667,20260916,valid,pilot_live,1,artifacts/representative_coverage_pilot_v20260916/raw/CIK0001428522/RDUS/2019Q2/attempt_01_20260917004841056353.json,9886bb474aa265d5ed9f7d3c632bb48069cbd6707aaa4b8ce9b28d186805adca,valid,"usable transcript passed structural, year, and identity checks",supported,distinctive company-name token found in opening transcript text,50b86ea0e8e23a435ded9a3c8ca70a3a774f6537cb166eaf2cb8d1554f95bc97,,,,unresolved,
CIK0001429764,AVS9255818E6459FE82,0001429764,Blink Charging Company,BLNK,NASDAQ,3690,manufacturing,2019Q2,us,NV,2018-02-13,2019-12-31,Alpha Vantage listing interval,resolved_cik,True,1,only eligible resolved security,2019|NASDAQ|manufacturing,4600,24,0.0052173913,191.6666666667,20260916,terminal_provider_unavailability,pilot_live,3,artifacts/representative_coverage_pilot_v20260916/raw/CIK0001429764/BLNK/2019Q2/attempt_03_20260917040912416299.json,359abc009dfa018bc59b4bd3bc23b17ccbec762730a021be64d53a4b81677fec,no_transcript,provider returned no usable transcript segments,not_applicable,,,,,,unresolved,
CIK0001505732,AVSB3A290FA7267E4DC,0001505732,Bankwell Financial Group Inc,BWFG,NASDAQ,6022,finance_insurance_real_estate,2019Q2,us,CT,2010-04-05,2019-12-31,Alpha Vantage listing interval,resolved_cik,True,1,only eligible resolved security,2019|NASDAQ|finance_insurance_real_estate,2342,12,0.0051238258,195.1666666667,20260916,terminal_provider_unavailability,pilot_live,3,artifacts/representative_coverage_pilot_v20260916/raw/CIK0001505732/BWFG/2019Q2/attempt_03_20260917040914424570.json,a97cb8a41d3380e8b88ea2e33c99d7002445e473d5ce493cee8e7ef4f089519c,no_transcript,provider returned no usable transcript segments,not_applicable,,,,,,unresolved,
CIK0001549966,AVS21BADFB32A6EDAA9,0001549966,Silvercrest Asset Management Group Inc - Class A,SAMG,NASDAQ,6282,finance_insurance_real_estate,2019Q2,us,DE,2013-06-27,2019-12-31,Alpha Vantage listing interval,resolved_cik,True,1,only eligible resolved security,2019|NASDAQ|finance_insurance_real_estate,2342,12,0.0051238258,195.1666666667,20260916,valid,pilot_live,1,artifacts/representative_coverage_pilot_v20260916/raw/CIK0001549966/SAMG/2019Q2/attempt_01_20260917004847067219.json,2cb8eccc33cd2c430230af4ddf5da324eaa1a2a3db29d6cd366110c98e595fa5,valid,"usable transcript passed structural, year, and identity checks",supported,distinctive company-name token found in opening transcript text,df1b30234142a4e185dad441424b37678442ac1cf32dd57de8ce790c798edc11,,,2019-08-02,high,https://www.sec.gov/Archives/edgar/data/1549966/000156459019028044/samg-ex991_6.htm
CIK0001596532,AVSC7D421D06723263C,0001596532,Arista Networks Inc,ANET,NYSE,3576,manufacturing,2019Q2,us,DE,2014-06-06,2019-12-31,Alpha Vantage listing interval,resolved_cik,True,1,only eligible resolved security,2019|NYSE|manufacturing,2296,12,0.0052264808,191.3333333333,20260916,valid,pilot_live,1,artifacts/representative_coverage_pilot_v20260916/raw/CIK0001596532/ANET/2019Q2/attempt_01_20260917004849070732.json,b82e40a7e267a1c83369c6d579d724471b48bf6c978fd320d73874241865bbe2,valid,"usable transcript passed structural, year, and identity checks",supported,distinctive company-name token found in opening transcript text,1fe5eb2a16855730fe294e3d23f9ce5917f528504d93977013c47e28df435199,,,,unresolved,
CIK0001627475,AVS250E08A9DC102C39,0001627475,Upwork Inc,UPWK,NASDAQ,7374,services,2019Q2,us,DE,2018-10-03,2019-12-31,Alpha Vantage listing interval,resolved_cik,True,1,only eligible resolved security,2019|NASDAQ|services,1904,10,0.0052521008,190.4000000000,20260916,valid,pilot_live,1,artifacts/representative_coverage_pilot_v20260916/raw/CIK0001627475/UPWK/2019Q2/attempt_01_20260917004851073205.json,60ab0046826d76c4a417082aeb4d87e021e95eaf06cc8bab561c3d2e6923a2d2,valid,"usable transcript passed structural, year, and identity checks",supported,distinctive company-name token found in opening transcript text,b50e28b6055ae078d54d4a431eb3dc28e04d69b8b24f481e5acdb5bcdc6e7996,,,,unresolved,
CIK0001649989,AVS3F7FFFEE639061D3,0001649989,Outlook Therapeutics Inc,OTLK,NASDAQ,2836,manufacturing,2019Q2,us,DE,2016-06-14,2019-12-31,Alpha Vantage listing interval,resolved_cik,True,1,only eligible resolved security,2019|NASDAQ|manufacturing,4600,24,0.0052173913,191.6666666667,20260916,terminal_provider_unavailability,pilot_live,3,artifacts/representative_coverage_pilot_v20260916/raw/CIK0001649989/OTLK/2019Q2/attempt_03_20260917040916432959.json,63fb736ff06fcba0f6d80b25753154f0ddb3ad4927b6ac4777795bab6a63ce8d,no_transcript,provider returned no usable transcript segments,not_applicable,,,,,,unresolved,
CIK0001660334,AVSC91599541D10CFC4,0001660334,Verrica Pharmaceuticals Inc,VRCA,NASDAQ,2834,manufacturing,2019Q2,us,DE,2018-06-15,2019-12-31,Alpha Vantage listing interval,resolved_cik,True,1,only eligible resolved security,2019|NASDAQ|manufacturing,4600,24,0.0052173913,191.6666666667,20260916,terminal_provider_unavailability,pilot_live,3,artifacts/representative_coverage_pilot_v20260916/raw/CIK0001660334/VRCA/2019Q2/attempt_03_20260917040918443002.json,fe6a81c5bfe7258f0c1a5948bec052d54aac93d3c4b5180787d47e16cff69aff,no_transcript,provider returned no usable transcript segments,not_applicable,,,,,,unresolved,
CIK0001747009,AVSBF2A83F30A40D989,0001747009,Equitrans Midstream Corporation,ETRN,NYSE,4922,transportation_communications_utilities,2019Q2,us,DE,2018-10-31,2019-12-31,Alpha Vantage listing interval,resolved_cik,True,1,only eligible resolved security,2019|NYSE|transportation_communications_utilities,818,4,0.0048899756,204.5000000000,20260916,terminal_provider_unavailability,pilot_live,2,artifacts/representative_coverage_pilot_v20260916/raw/CIK0001747009/ETRN/2019Q2/attempt_02_20260917042016673264.json,2bd92719846cf1046de74330b9eb2af8ae76634fd49524f6a26a4abe8c3739e0,no_transcript,provider returned no usable transcript segments,not_applicable,,,,,,unresolved,
CIK0001760233,AVS9BCB58CC1C254E0F,0001760233,RDE Inc,GIFT,NASDAQ,5961,retail_trade,2019Q2,us,DE,2011-06-08,2019-12-31,Alpha Vantage listing interval,resolved_cik,True,1,only eligible resolved security,2019|NASDAQ|retail_trade,504,3,0.0059523810,168.0000000000,20260916,terminal_provider_unavailability,pilot_live,3,artifacts/representative_coverage_pilot_v20260916/raw/CIK0001760233/GIFT/2019Q2/attempt_03_20260917040920449622.json,52844ce76e784a74f796bc67b4268ee49eed1514701a4df4f47fda01db90c816,no_transcript,provider returned no usable transcript segments,not_applicable,,,,,,unresolved,
CIK0000057515,AVSEACBF8225F9D9BF9,0000057515,The Marzetti Company,MZTI,NASDAQ,2030,manufacturing,2019Q3,us,OH,1990-03-26,2019-12-31,Alpha Vantage listing interval,resolved_cik,True,1,only eligible resolved security,2019|NASDAQ|manufacturing,4600,24,0.0052173913,191.6666666667,20260916,valid,legacy_reuse,1,artifacts/earnings_call_responses/MZTI_2019Q3.json,6c04bb736c9b105ebe65e557c4f2e7f5a45c76495fe57acf815e6cb171495253,valid full transcript,substantive segmented transcript without detected integrity flags,manual_review,no distinctive company-name token found in opening transcript text,fc3f12516ad4904e5f4fdff4d8d2e02e38727a6c5c7780f8ae1f222f70d37888,,,,unresolved,
CIK0000064463,AVSF617BC6BD510DF56,0000064463,Soluna Holdings Inc,SLNH,NASDAQ,6199,finance_insurance_real_estate,2019Q3,us,NV,2009-04-28,2019-12-31,Alpha Vantage listing interval,resolved_cik,True,1,only eligible resolved security,2019|NASDAQ|finance_insurance_real_estate,2342,12,0.0051238258,195.1666666667,20260916,terminal_provider_unavailability,pilot_live,3,artifacts/representative_coverage_pilot_v20260916/raw/CIK0000064463/SLNH/2019Q3/attempt_03_20260917040922459664.json,8639b46431d4805109a2d082f0731c2e63251404c795fd0af04d8daa38453b77,no_transcript,provider returned no usable transcript segments,not_applicable,,,,,,unresolved,
CIK0000726958,AVS8F2AFE8168AF6F8F,0000726958,Casey`s General Stores Inc,CASY,NASDAQ,5500,retail_trade,2019Q3,us,IA,1983-10-20,2019-12-31,Alpha Vantage listing interval,resolved_cik,True,1,only eligible resolved security,2019|NASDAQ|retail_trade,504,3,0.0059523810,168.0000000000,20260916,valid,legacy_reuse,1,artifacts/earnings_call_responses/CASY_2019Q3.json,b38c2b4100c3f8be2763cc9ed510f5998c1d8217bfeaa70b4ff05733025d493f,valid full transcript,substantive segmented transcript without detected integrity flags,supported,distinctive company-name token found in opening transcript text,e5f859283b93ce087e0637c86bc26990a33a6060dd71ad8a8d02e9f223bdce2e,,,,unresolved,
CIK0000885590,AVS1199A71CAD9D3EC3,0000885590,Bausch Health Companies Inc,BHC,NYSE,2834,manufacturing,2019Q3,us,NJ,2001-01-02,2019-12-31,Alpha Vantage listing interval,resolved_cik,True,1,only eligible resolved security,2019|NYSE|manufacturing,2296,12,0.0052264808,191.3333333333,20260916,valid,pilot_live,1,artifacts/representative_coverage_pilot_v20260916/raw/CIK0000885590/BHC/2019Q3/attempt_01_20260917004903119096.json,3c87c75333dc5ae9d5ccc6340311c9b4df7733a129a8f4ebacbab5de795c7a95,valid,"usable transcript passed structural, year, and identity checks",supported,distinctive company-name token found in opening transcript text,a3dc58ef4b5244b6e2720a5c7fe021516f8e9be1c2d91b43c2ac5d1217700d11,,,2019-11-04,high,https://www.sec.gov/Archives/edgar/data/885590/000088559019000035/ex991-q3x2019.htm
CIK0000912061,AVSFBDA38362B7FE1A0,0000912061,Natural Health Trends Corp,NHTC,NASDAQ,5190,wholesale_trade,2019Q3,us,DE,1995-06-22,2019-12-31,Alpha Vantage listing interval,resolved_cik,True,1,only eligible resolved security,2019|NASDAQ|wholesale_trade,223,1,0.0044843049,223.0000000000,20260916,valid,pilot_live,1,artifacts/representative_coverage_pilot_v20260916/raw/CIK0000912061/NHTC/2019Q3/attempt_01_20260917004905126181.json,3ff7b253f9753d4f28d30a4f684cf0bb752e086f45ab2c083c270243ba21cfeb,valid,"usable transcript passed structural, year, and identity checks",supported,distinctive company-name token found in opening transcript text,64c5a22de65c4fcdd42aff411ab5ee87326fb6894082cb4ca78a8da6fc6ea2b8,,,,unresolved,
CIK0001001258,AVS300C77AC3B732D83,0001001258,Asta Funding Inc,ASFI,NASDAQ,6153,finance_insurance_real_estate,2019Q3,us,DE,1995-11-14,2019-12-31,Alpha Vantage listing interval,resolved_cik,True,1,only eligible resolved security,2019|NASDAQ|finance_insurance_real_estate,2342,12,0.0051238258,195.1666666667,20260916,terminal_provider_unavailability,pilot_live,3,artifacts/representative_coverage_pilot_v20260916/raw/CIK0001001258/ASFI/2019Q3/attempt_03_20260917040924466330.json,031d63685d413bac4b7ffd55ea85d9cec16bae717b5f2da89fad816b3356d996,no_transcript,provider returned no usable transcript segments,not_applicable,,,,,,unresolved,
CIK0001028954,AVS303A207EBCF8B7D7,0001028954,Sussex Bancorp,SBBX,NASDAQ,6022,finance_insurance_real_estate,2019Q3,us,NJ,1998-02-20,2019-12-31,Alpha Vantage listing interval,resolved_cik,True,1,only eligible resolved security,2019|NASDAQ|finance_insurance_real_estate,2342,12,0.0051238258,195.1666666667,20260916,terminal_provider_unavailability,pilot_live,3,artifacts/representative_coverage_pilot_v20260916/raw/CIK0001028954/SBBX/2019Q3/attempt_03_20260917040926476915.json,0693c29065184a16671377956f09b5e0d34036c6c3064b2db331cda6a71f901a,no_transcript,provider returned no usable transcript segments,not_applicable,,,,,,unresolved,
CIK0001042134,AVSFEBB3BD64AAC4E46,0001042134,CHORDIANT SOFTWARE INC,CHRD,NASDAQ,7372,services,2019Q3,us,DE,2001-01-02,2019-12-31,Alpha Vantage listing interval,resolved_cik,False,1,only eligible resolved security,2019|NASDAQ|services,1904,10,0.0052521008,190.4000000000,20260916,valid,pilot_live,1,artifacts/representative_coverage_pilot_v20260916/raw/CIK0001042134/CHRD/2019Q3/attempt_01_20260917045949762941.json,3a7bc2b0b299fc24a84be4d8fbe26050eed55ea3dab25bb0ff0a1c32ae6f01ea,valid,"usable transcript passed structural, year, and identity checks",supported,distinctive company-name token found in opening transcript text,21a521fbf9f47c3c7047234bacbb3776651bb9c521e0dba4d2ea79e08b12a48c,,,,unresolved,
CIK0001070985,AVS3BAF869D58A391FD,0001070985,CoreCivic Inc,CXW,NYSE,6798,finance_insurance_real_estate,2019Q3,us,MD,1997-07-15,2019-12-31,Alpha Vantage listing interval,resolved_cik,True,1,only eligible resolved security,2019|NYSE|finance_insurance_real_estate,1976,11,0.0055668016,179.6363636364,20260916,valid,pilot_live,1,artifacts/representative_coverage_pilot_v20260916/raw/CIK0001070985/CXW/2019Q3/attempt_01_20260917045951766070.json,c4652c17052af518d6c766e47e45f9de16e4d34b24aa5dcbcbddca99e7776c90,valid,"usable transcript passed structural, year, and identity checks",supported,distinctive company-name token found in opening transcript text,df37a036a31c73df47a87bdfc3638b93c2e516295850fdb90a73103721381beb,,,,unresolved,
CIK0001280263,AVSB2A3FAD46E1249AB,0001280263,Ambarella Inc,AMBA,NASDAQ,3674,manufacturing,2019Q3,us,,2012-10-10,2019-12-31,Alpha Vantage listing interval,resolved_cik,True,1,only eligible resolved security,2019|NASDAQ|manufacturing,4600,24,0.0052173913,191.6666666667,20260916,valid,pilot_live,1,artifacts/representative_coverage_pilot_v20260916/raw/CIK0001280263/AMBA/2019Q3/attempt_01_20260917004915162626.json,f300734360856200d3f889b3e99aa7ae7f113d6cf47a39f6ee17dd3eb444d70f,valid,"usable transcript passed structural, year, and identity checks",supported,distinctive company-name token found in opening transcript text,9df87b80db2d7c113ceb22a0d86d25081a3920e38ed38d4aacc8aa5f7d6701d0,,,,unresolved,
CIK0001292653,AVSD573673478A69032,0001292653,Inteliquent Inc,IQNT,NASDAQ,4813,transportation_communications_utilities,2019Q3,us,,2007-11-02,2019-12-31,Alpha Vantage listing interval,resolved_cik,False,1,only eligible resolved security,2019|NASDAQ|transportation_communications_utilities,588,3,0.0051020408,196.0000000000,20260916,terminal_provider_unavailability,pilot_live,3,artifacts/representative_coverage_pilot_v20260916/raw/CIK0001292653/IQNT/2019Q3/attempt_03_20260917040928514982.json,fab85ae6937c571d7f5d5909c587fba432a71e17a5c4dbaa3caa677d6bc1a83c,no_transcript,provider returned no usable transcript segments,not_applicable,,,,,,unresolved,
CIK0001505413,AVSA0424DAA0E488375,0001505413,VOC Energy Trust,VOC,NYSE,1311,mining,2019Q3,us,,2011-05-06,2019-12-31,Alpha Vantage listing interval,resolved_cik,True,1,only eligible resolved security,2019|NYSE|mining,559,3,0.0053667263,186.3333333333,20260916,terminal_provider_unavailability,pilot_live,2,artifacts/representative_coverage_pilot_v20260916/raw/CIK0001505413/VOC/2019Q3/attempt_02_20260917050242172104.json,8704bcd5bf88bf85b9ab5404ed0c65a7b44d87ecac529291765223ee504893ec,no_transcript,provider returned no usable transcript segments,not_applicable,,,,,,unresolved,
CIK0001547903,AVS9BA9A268B09EAE1D,0001547903,NMI Holdings Inc - Class A,NMIH,NASDAQ,6351,finance_insurance_real_estate,2019Q3,us,CA,2013-11-08,2019-12-31,Alpha Vantage listing interval,resolved_cik,True,1,only eligible resolved security,2019|NASDAQ|finance_insurance_real_estate,2342,12,0.0051238258,195.1666666667,20260916,valid,pilot_live,1,artifacts/representative_coverage_pilot_v20260916/raw/CIK0001547903/NMIH/2019Q3/attempt_01_20260917004923197392.json,8698ffa57e0f8ba4922f7a4f3630f8c0e5a178b4513e2e36798d2023cc788b77,valid,"usable transcript passed structural, year, and identity checks",manual_review,no distinctive company-name token found in opening transcript text,e414ef7b8957929b4905ef2b78a6905051915660fe30846ca83dbee3197c13c2,,,2019-11-06,high,https://www.sec.gov/Archives/edgar/data/1547903/000154790319000130/exhibit991q32019earnin.htm
CIK0001605607,AVSE34BF8AB64BB8C1E,0001605607,Paramount Group Inc,PGRE,NYSE,6798,finance_insurance_real_estate,2019Q3,us,,2014-11-19,2019-12-31,Alpha Vantage listing interval,resolved_cik,True,1,only eligible resolved security,2019|NYSE|finance_insurance_real_estate,1976,11,0.0055668016,179.6363636364,20260916,valid,pilot_live,1,artifacts/representative_coverage_pilot_v20260916/raw/CIK0001605607/PGRE/2019Q3/attempt_01_20260917041757694399.json,72b05eb68dee13de613337fb702f9ae71c46903d26c97becb19185897ce5ccef,valid,"usable transcript passed structural, year, and identity checks",supported,distinctive company-name token found in opening transcript text,84294f02697a0973c7d0be5d7f934ae2a09e19ab0c3dd82d13acc30c3495b4d3,,,,unresolved,
CIK0001609550,AVS86819300F8E9B001,0001609550,Inspire Medical Systems Inc,INSP,NYSE,3841,manufacturing,2019Q3,us,DE,2018-05-03,2019-12-31,Alpha Vantage listing interval,resolved_cik,True,1,only eligible resolved security,2019|NYSE|manufacturing,2296,12,0.0052264808,191.3333333333,20260916,valid,pilot_live,1,artifacts/representative_coverage_pilot_v20260916/raw/CIK0001609550/INSP/2019Q3/attempt_01_20260917004925207448.json,e12fe2b9d1b307b1bcba47af409ddaa4ea9a93eb31837e338cd38584e5b15633,valid,"usable transcript passed structural, year, and identity checks",supported,distinctive company-name token found in opening transcript text,25845b85c8bf87eea1d3cb99a4a1b42c5b500d04ee92e2212427842460c296a3,,,2019-11-05,high,https://www.sec.gov/Archives/edgar/data/1609550/000160955019000051/insp2019-q3pressreleas.htm
CIK0001642380,AVS00FBF2B14DAE0E92,0001642380,Insight Molecular Diagnostics Inc,IMDX,NASDAQ,2835,manufacturing,2019Q3,us,CA,2016-01-04,2019-12-31,Alpha Vantage listing interval,resolved_cik,True,1,only eligible resolved security,2019|NASDAQ|manufacturing,4600,24,0.0052173913,191.6666666667,20260916,terminal_provider_unavailability,pilot_live,3,artifacts/representative_coverage_pilot_v20260916/raw/CIK0001642380/IMDX/2019Q3/attempt_03_20260917040934526669.json,b7ee92940aa09c9f027041913471ade5c0f07683f1babdcb47fef18ee677a4e9,no_transcript,provider returned no usable transcript segments,not_applicable,,,,,,unresolved,
CIK0001653653,AVS4038B71B4B77C0F6,0001653653,Red Rock Resorts Inc - Class A,RRR,NASDAQ,7011,services,2019Q3,us,DE,2016-04-27,2019-12-31,Alpha Vantage listing interval,resolved_cik,True,1,only eligible resolved security,2019|NASDAQ|services,1904,10,0.0052521008,190.4000000000,20260916,valid,pilot_live,1,artifacts/representative_coverage_pilot_v20260916/raw/CIK0001653653/RRR/2019Q3/attempt_01_20260917004929227527.json,d34a78aa1d2e41fddfe3a17fc0b7e8cae808aa069a069d742f741ad77a17b461,valid,"usable transcript passed structural, year, and identity checks",supported,distinctive company-name token found in opening transcript text,e7413089e83b3f3d169be13742e9b3f06982b3dd6c7ae397438aa71cde7fc204,,,,unresolved,
CIK0001682149,AVSA55F3A1190B481D0,0001682149,Datavault AI Inc,DVLT,NASDAQ,7389,services,2019Q3,us,DE,2018-07-27,2019-12-31,Alpha Vantage listing interval,resolved_cik,True,1,only eligible resolved security,2019|NASDAQ|services,1904,10,0.0052521008,190.4000000000,20260916,terminal_provider_unavailability,pilot_live,2,artifacts/representative_coverage_pilot_v20260916/raw/CIK0001682149/DVLT/2019Q3/attempt_02_20260917050244176143.json,82eafbf16e1eefe90d1ecbf74c9ce3d4e9018260caf59fd4c808717aef40645e,no_transcript,provider returned no usable transcript segments,not_applicable,,,,,,unresolved,
CIK0001693256,AVSD0D1C034A57E7EAC,0001693256,Select Water Solutions Inc - Class A,WTTR,NYSE,1389,mining,2019Q3,us,DE,2017-04-21,2019-12-31,Alpha Vantage listing interval,resolved_cik,True,1,only eligible resolved security,2019|NYSE|mining,559,3,0.0053667263,186.3333333333,20260916,valid,pilot_live,1,artifacts/representative_coverage_pilot_v20260916/raw/CIK0001693256/WTTR/2019Q3/attempt_01_20260917045957777689.json,b8adad936221985d8b017aa5590b2e3c7bc87b7400be00a262b9957a2c429078,valid,"usable transcript passed structural, year, and identity checks",supported,distinctive company-name token found in opening transcript text,87f6f6725e04b84fe288eb5549d40aa2362767c2620592965d618c81a6e2cc13,,,,unresolved,
CIK0001725526,AVS4688F460146A4ACB,0001725526,HighPoint Resources Corp,HPR,NYSE,1311,mining,2019Q3,us,DE,2018-03-19,2019-12-31,Alpha Vantage listing interval,resolved_cik,True,1,only eligible resolved security,2019|NYSE|mining,559,3,0.0053667263,186.3333333333,20260916,terminal_provider_unavailability,pilot_live,2,artifacts/representative_coverage_pilot_v20260916/raw/CIK0001725526/HPR/2019Q3/attempt_02_20260917042018677934.json,971c106b36ccdbc8eb68c3b35231a210d4e9b3c7d185d561d4d03713d79c3535,no_transcript,provider returned no usable transcript segments,not_applicable,,,,,,unresolved,
CIK0001826660,AVS2945B02738984D85,0001826660,Wetouch Technology Inc,WETH,NASDAQ,3577,manufacturing,2019Q3,us,NV,2017-09-25,2019-12-31,Alpha Vantage listing interval,resolved_cik,True,1,only eligible resolved security,2019|NASDAQ|manufacturing,4600,24,0.0052173913,191.6666666667,20260916,terminal_provider_unavailability,pilot_live,3,artifacts/representative_coverage_pilot_v20260916/raw/CIK0001826660/WETH/2019Q3/attempt_03_20260917040938544765.json,0e12cf6a1212be13e348fee10f4ab5a71eb2c7da5c543d5681381f3e91948a32,no_transcript,provider returned no usable transcript segments,not_applicable,,,,,,unresolved,
CIK0001964789,AVS328FB0FFEF907EFC,0001964789,Hut 8 Mining Corp,HUT,NASDAQ,6199,finance_insurance_real_estate,2019Q3,us,DE,2018-03-08,2019-12-31,Alpha Vantage listing interval,resolved_cik,True,2,"ranked by active quarter-end evidence, exchange, and plain common-stock symbol",2019|NASDAQ|finance_insurance_real_estate,2342,12,0.0051238258,195.1666666667,20260916,terminal_provider_unavailability,pilot_live,3,artifacts/representative_coverage_pilot_v20260916/raw/CIK0001964789/HUT/2019Q3/attempt_03_20260917040940554810.json,1898428f6331aa9120752da7a7d96fab3cfefcfc74659450c7c7806e59d140be,no_transcript,provider returned no usable transcript segments,not_applicable,,,,,,unresolved,
CIK0000317540,AVS22333F37F306BA5F,0000317540,Coca-Cola Consolidated Inc,COKE,NASDAQ,2086,manufacturing,2019Q4,us,DE,1990-03-26,2019-12-31,Alpha Vantage listing interval,resolved_cik,True,1,only eligible resolved security,2019|NASDAQ|manufacturing,4600,24,0.0052173913,191.6666666667,20260916,terminal_provider_unavailability,pilot_live,4,artifacts/representative_coverage_pilot_v20260916/raw/CIK0000317540/COKE/2019Q4/attempt_04_20260917040944566271.json,a66139e5d0cbdb65e4979bf1e2f4095b832af1936f2645faf449cf99b29ff609,no_transcript,provider returned no usable transcript segments,not_applicable,,,,,,unresolved,
CIK0001034670,AVSB40678D39FF54377,0001034670,Autoliv Inc,ALV,NYSE,3714,manufacturing,2019Q4,us,DE,1997-04-28,2019-12-31,Alpha Vantage listing interval,resolved_cik,True,1,only eligible resolved security,2019|NYSE|manufacturing,2296,12,0.0052264808,191.3333333333,20260916,valid,pilot_live,1,artifacts/representative_coverage_pilot_v20260916/raw/CIK0001034670/ALV/2019Q4/attempt_01_20260917045959782660.json,5404ddc8bc60bfe6e0570ac8c216dd028a4c0502dd9c39b15161e2c0dde7fc88,valid,"usable transcript passed structural, year, and identity checks",supported,distinctive company-name token found in opening transcript text,f2beafb07f6742f4366dddbf0b49f41c160c71fdcb6640544401a53496d79c4f,,,2019-10-25,high,https://www.sec.gov/Archives/edgar/data/1034670/000156459019037837/alv-ex991_42.htm
CIK0001037976,AVS4167C784F2E64A3A,0001037976,Jones Lang Lasalle Inc,JLL,NYSE,6531,finance_insurance_real_estate,2019Q4,us,MD,1997-07-17,2019-12-31,Alpha Vantage listing interval,resolved_cik,True,1,only eligible resolved security,2019|NYSE|finance_insurance_real_estate,1976,11,0.0055668016,179.6363636364,20260916,valid,pilot_live,1,artifacts/representative_coverage_pilot_v20260916/raw/CIK0001037976/JLL/2019Q4/attempt_01_20260917041801700617.json,7c60ca0c37faaf0ee49e46903bd547a65f4d1205eb1e45904b2ae72ceb8e9b52,valid,"usable transcript passed structural, year, and identity checks",supported,distinctive company-name token found in opening transcript text,afa7f031696ab1a147f4a50217baba7abe0c36c53e33482d94bd65fb71bdef65,,,,unresolved,
CIK0001066194,AVS5B2F6848A5D4AC54,0001066194,eGain Corp,EGAN,NASDAQ,7372,services,2019Q4,us,DE,1999-09-23,2019-12-31,Alpha Vantage listing interval,resolved_cik,True,1,only eligible resolved security,2019|NASDAQ|services,1904,10,0.0052521008,190.4000000000,20260916,valid,pilot_live,1,artifacts/representative_coverage_pilot_v20260916/raw/CIK0001066194/EGAN/2019Q4/attempt_01_20260917004945287285.json,ad910471c78465a7e396d92ac1ac790326bad96ad00bc52c05645aba464a8a30,valid,"usable transcript passed structural, year, and identity checks",supported,distinctive company-name token found in opening transcript text,ce591d2151d8a3fe45444d894226e568e225907a30746a8e42b60b20f700077e,,,,unresolved,
CIK0001094348,AVS9BE8BF7C528C4FBC,0001094348,Mattersight Corp,MATR,NASDAQ,7373,services,2019Q4,us,DE,2000-02-10,2019-12-31,Alpha Vantage listing interval,resolved_cik,False,1,only eligible resolved security,2019|NASDAQ|services,1904,10,0.0052521008,190.4000000000,20260916,terminal_provider_unavailability,pilot_live,3,artifacts/representative_coverage_pilot_v20260916/raw/CIK0001094348/MATR/2019Q4/attempt_03_20260917040946576414.json,c0408ac8d4339757c94a9c5257264879bebf6087fe92e59c7a547a8fe7fbba10,no_transcript,provider returned no usable transcript segments,not_applicable,,,,,,unresolved,
CIK0001102993,AVSC70A6FC278695C98,0001102993,Liveperson Inc,LPSN,NASDAQ,7372,services,2019Q4,us,DE,2000-04-07,2019-12-31,Alpha Vantage listing interval,resolved_cik,True,1,only eligible resolved security,2019|NASDAQ|services,1904,10,0.0052521008,190.4000000000,20260916,valid,pilot_live,1,artifacts/representative_coverage_pilot_v20260916/raw/CIK0001102993/LPSN/2019Q4/attempt_01_20260917050001787699.json,cf600c5e479608519a04b06cd71a9fa5adc9ae670c989b9c999cac766948d780,valid,"usable transcript passed structural, year, and identity checks",supported,distinctive company-name token found in opening transcript text,08a5212ef97e214acc4196dcf142566c0dc360134bde414cbd0e9c0cd536b07f,,,,unresolved,
CIK0001118148,AVS40ACED3B5CB639FB,0001118148,AMERICAN PHYSICIANS CAPITAL INC,ACAP,NASDAQ,6324,finance_insurance_real_estate,2019Q4,us,MI,2001-01-02,2019-12-31,Alpha Vantage listing interval,resolved_cik,False,1,only eligible resolved security,2019|NASDAQ|finance_insurance_real_estate,2342,12,0.0051238258,195.1666666667,20260916,terminal_provider_unavailability,pilot_live,3,artifacts/representative_coverage_pilot_v20260916/raw/CIK0001118148/ACAP/2019Q4/attempt_03_20260917040948586129.json,797be24bedbece988e0098bbe6e124ab59ebe70dcddb4b4e06954057473ce6da,no_transcript,provider returned no usable transcript segments,not_applicable,,,,,,unresolved,
CIK0001299901,AVS1C142878CD9B237F,0001299901,Trade Street Residential Inc,TSRE,NASDAQ,6798,finance_insurance_real_estate,2019Q4,us,MD,2006-12-28,2019-12-31,Alpha Vantage listing interval,resolved_cik,False,1,only eligible resolved security,2019|NASDAQ|finance_insurance_real_estate,2342,12,0.0051238258,195.1666666667,20260916,terminal_provider_unavailability,pilot_live,3,artifacts/representative_coverage_pilot_v20260916/raw/CIK0001299901/TSRE/2019Q4/attempt_03_20260917040950598794.json,e81d6f0a37878333d7d52f96eea10645a0abaa3dc25a23467c3f42e5937cdb7d,no_transcript,provider returned no usable transcript segments,not_applicable,,,,,,unresolved,
CIK0001371781,AVSA0D080C71FCEA491,0001371781,World Energy Solutions Inc,XWES,NASDAQ,7389,services,2019Q4,us,DE,2008-01-30,2019-12-31,Alpha Vantage listing interval,resolved_cik,False,1,only eligible resolved security,2019|NASDAQ|services,1904,10,0.0052521008,190.4000000000,20260916,terminal_provider_unavailability,pilot_live,3,artifacts/representative_coverage_pilot_v20260916/raw/CIK0001371781/XWES/2019Q4/attempt_03_20260917040952599604.json,a4b57c667342a52c7320bc9dced6060631624bc371ea533bf9dc93ed22c9f370,no_transcript,provider returned no usable transcript segments,not_applicable,,,,,,unresolved,
CIK0001386926,AVS57A4D89B10DE04BC,0001386926,KKR Financial Holdings LLC,KFI,NYSE,6199,finance_insurance_real_estate,2019Q4,us,DE,2012-03-26,2019-12-31,Alpha Vantage listing interval,resolved_cik,False,2,"ranked by active quarter-end evidence, exchange, and plain common-stock symbol",2019|NYSE|finance_insurance_real_estate,1976,11,0.0055668016,179.6363636364,20260916,terminal_provider_unavailability,pilot_live,2,artifacts/representative_coverage_pilot_v20260916/raw/CIK0001386926/KFI/2019Q4/attempt_02_20260917042020682214.json,4bbcd6dff437fadb08cade103e0c512a5ec0fac0d91e1bf1f28ae71f9a50e2af,no_transcript,provider returned no usable transcript segments,not_applicable,,,,,,unresolved,
CIK0001428205,AVS109E638E52FAE82F,0001428205,ARMOUR Residential REIT Inc,ARR,NYSE,6798,finance_insurance_real_estate,2019Q4,us,,2007-12-03,2019-12-31,Alpha Vantage listing interval,resolved_cik,True,1,only eligible resolved security,2019|NYSE|finance_insurance_real_estate,1976,11,0.0055668016,179.6363636364,20260916,valid,pilot_live,1,artifacts/representative_coverage_pilot_v20260916/raw/CIK0001428205/ARR/2019Q4/attempt_01_20260917041805710667.json,38db725702cee0508cdfc351b7f093e3251d2f6261d06495e918c3949af88dac,valid,"usable transcript passed structural, year, and identity checks",supported,distinctive company-name token found in opening transcript text,04d40257d5241abe0bebc243054a7ee33e983654daff524737a9482fb3900906,,,,medium,https://www.sec.gov/Archives/edgar/data/1428205/000142820519000281/arrq32019pressrelease.htm
CIK0001500198,AVS62578A48C5D4C49C,0001500198,NeuroOne Medical Technologies Corp,NMTC,NASDAQ,3841,manufacturing,2019Q4,us,DE,2017-09-18,2019-12-31,Alpha Vantage listing interval,resolved_cik,True,1,only eligible resolved security,2019|NASDAQ|manufacturing,4600,24,0.0052173913,191.6666666667,20260916,terminal_provider_unavailability,pilot_live,3,artifacts/representative_coverage_pilot_v20260916/raw/CIK0001500198/NMTC/2019Q4/attempt_03_20260917041000626058.json,5ef835def53c8298f856c86c8e9241caed2876d4517129d8fc92c0b8cb7754e6,no_transcript,provider returned no usable transcript segments,not_applicable,,,,,,unresolved,
CIK0001507957,AVS431088530499FF23,0001507957,Ideal Power Inc,IPWR,NASDAQ,3674,manufacturing,2019Q4,us,DE,2013-11-22,2019-12-31,Alpha Vantage listing interval,resolved_cik,True,1,only eligible resolved security,2019|NASDAQ|manufacturing,4600,24,0.0052173913,191.6666666667,20260916,valid,pilot_live,1,artifacts/representative_coverage_pilot_v20260916/raw/CIK0001507957/IPWR/2019Q4/attempt_01_20260917005007384385.json,b569405d59e902f3fa48754de2ae31cd7da5b56de2b89cb7a0296804fd9c3c0d,valid,"usable transcript passed structural, year, and identity checks",supported,distinctive company-name token found in opening transcript text,6020645143b2805130ade57de403a7cc6697bd5d32d006a5e3ddc4249dd39253,,,,unresolved,
CIK0001520358,AVS6F2C6E311A851F00,0001520358,Mama`s Creations Inc,MAMA,NASDAQ,2013,manufacturing,2019Q4,us,NV,2014-07-17,2019-12-31,Alpha Vantage listing interval,resolved_cik,True,1,only eligible resolved security,2019|NASDAQ|manufacturing,4600,24,0.0052173913,191.6666666667,20260916,valid,pilot_live,1,artifacts/representative_coverage_pilot_v20260916/raw/CIK0001520358/MAMA/2019Q4/attempt_01_20260917005009387241.json,853d5a7150c0674a2eeac1e1e6b4630a0ee98065127b17d5c4639f718bd476bf,valid,"usable transcript passed structural, year, and identity checks",manual_review,no distinctive company-name token found in opening transcript text,b8f60798dec5554a00f208361591f1ce7417c3cbcf7e164a77bd328f8d5cd2f1,,,,unresolved,
CIK0001545158,AVS88FBA936F20BBB5C,0001545158,Kraft Foods Group Inc,KRFT,NASDAQ,2000,manufacturing,2019Q4,us,,2012-09-17,2019-12-31,Alpha Vantage listing interval,resolved_cik,False,1,only eligible resolved security,2019|NASDAQ|manufacturing,4600,24,0.0052173913,191.6666666667,20260916,terminal_provider_unavailability,pilot_live,3,artifacts/representative_coverage_pilot_v20260916/raw/CIK0001545158/KRFT/2019Q4/attempt_03_20260917041002632955.json,97b123f9626c5e649895f5ae7fec7fba99f22870f11a9206c176252f09eeae2b,no_transcript,provider returned no usable transcript segments,not_applicable,,,,,,unresolved,
CIK0001579298,AVS331A490EA954B3C6,0001579298,Burlington Stores Inc,BURL,NYSE,5311,retail_trade,2019Q4,us,DE,2013-10-02,2019-12-31,Alpha Vantage listing interval,resolved_cik,True,1,only eligible resolved security,2019|NYSE|retail_trade,410,2,0.0048780488,205.0000000000,20260916,valid,pilot_live,1,artifacts/representative_coverage_pilot_v20260916/raw/CIK0001579298/BURL/2019Q4/attempt_01_20260917005013403901.json,60481cdc1b1da72d1a6d154fe6a10b9e3493f016311d03ef1b10bfcb3c74a03c,valid,"usable transcript passed structural, year, and identity checks",supported,distinctive company-name token found in opening transcript text,a5179271feea8263d7420f879c6bfaefe023663ac40daa122ecf81149206e65d,,,,unresolved,
CIK0001589061,AVS6861287881CE0094,0001589061,Gyrodyne LLC,GYRO,NASDAQ,6512,finance_insurance_real_estate,2019Q4,us,NY,1995-08-18,2019-12-31,Alpha Vantage listing interval,resolved_cik,True,1,only eligible resolved security,2019|NASDAQ|finance_insurance_real_estate,2342,12,0.0051238258,195.1666666667,20260916,terminal_provider_unavailability,pilot_live,3,artifacts/representative_coverage_pilot_v20260916/raw/CIK0001589061/GYRO/2019Q4/attempt_03_20260917041004639760.json,348adfaee344f27e3f5917fcd99115bf2e2097e4031d17db137c275ad71f4139,no_transcript,provider returned no usable transcript segments,not_applicable,,,,,,unresolved,
CIK0001592016,AVS6F4E3D7BD5C09EC8,0001592016,AgroFresh Solutions Inc,AGFS,NASDAQ,2870,manufacturing,2019Q4,us,DE,2015-08-03,2019-12-31,Alpha Vantage listing interval,resolved_cik,True,1,only eligible resolved security,2019|NASDAQ|manufacturing,4600,24,0.0052173913,191.6666666667,20260916,terminal_provider_unavailability,pilot_live,3,artifacts/representative_coverage_pilot_v20260916/raw/CIK0001592016/AGFS/2019Q4/attempt_03_20260917041006649592.json,5b055122ffe068b7fb74e313a9561b12cd7fee2b4a8e1a43b742f99ae4af0d0d,no_transcript,provider returned no usable transcript segments,not_applicable,,,,,,unresolved,
CIK0001606440,AVS281FD977691CAE3B,0001606440,Reliant Bancorp Inc,RBNC,NASDAQ,6022,finance_insurance_real_estate,2019Q4,us,TN,2018-01-02,2019-12-31,Alpha Vantage listing interval,resolved_cik,True,2,"ranked by active quarter-end evidence, exchange, and plain common-stock symbol",2019|NASDAQ|finance_insurance_real_estate,2342,12,0.0051238258,195.1666666667,20260916,terminal_provider_unavailability,pilot_live,3,artifacts/representative_coverage_pilot_v20260916/raw/CIK0001606440/RBNC/2019Q4/attempt_03_20260917041010662149.json,0dea6b70ba94ed3386ca5aac53c339fe061ab2c8fafdcc9ff0eb941716e43ac1,no_transcript,provider returned no usable transcript segments,not_applicable,,,,,,unresolved,
CIK0001617667,AVSDBDE2342C19BAB9D,0001617667,Neff Corp,NEFF,NYSE,7359,services,2019Q4,us,DE,2014-11-21,2019-12-31,Alpha Vantage listing interval,resolved_cik,False,1,only eligible resolved security,2019|NYSE|services,1070,6,0.0056074766,178.3333333333,20260916,terminal_provider_unavailability,pilot_live,2,artifacts/representative_coverage_pilot_v20260916/raw/CIK0001617667/NEFF/2019Q4/attempt_02_20260917050246181187.json,65435b3fc8d77858bfe6e8021bbf791f611e8b282b2651ae2f2fd3e220e74f35,no_transcript,provider returned no usable transcript segments,not_applicable,,,,,,unresolved,
CIK0001669792,AVS189EC1E91FBAB02A,0001669792,AdvancePierre Foods Holdings Inc,APFH,NYSE,2000,manufacturing,2019Q4,us,DE,2016-07-15,2019-12-31,Alpha Vantage listing interval,resolved_cik,False,1,only eligible resolved security,2019|NYSE|manufacturing,2296,12,0.0052264808,191.3333333333,20260916,terminal_provider_unavailability,pilot_live,2,artifacts/representative_coverage_pilot_v20260916/raw/CIK0001669792/APFH/2019Q4/attempt_02_20260917042022687358.json,b3059ff7a66bfa656ba634e2ba535f66d40c4f42be00ac9054e09b86147c9b8d,no_transcript,provider returned no usable transcript segments,not_applicable,,,,,,unresolved,
CIK0001718108,AVS596D619BA1D653B0,0001718108,Surface Oncology Inc,SURF,NASDAQ,2836,manufacturing,2019Q4,us,DE,2018-04-19,2019-12-31,Alpha Vantage listing interval,resolved_cik,True,1,only eligible resolved security,2019|NASDAQ|manufacturing,4600,24,0.0052173913,191.6666666667,20260916,terminal_provider_unavailability,pilot_live,3,artifacts/representative_coverage_pilot_v20260916/raw/CIK0001718108/SURF/2019Q4/attempt_03_20260917041018692973.json,8417951ebc1b1b60d4c84f00664efbc983eda23d612d8c02700fb3aafc7024b4,no_transcript,provider returned no usable transcript segments,not_applicable,,,,,,unresolved,
CIK0001725579,AVSF4B01845F53E6029,0001725579,Pluralsight Inc.,PS,NYSE,7370,services,2019Q4,us,DE,2018-05-17,2019-12-31,Alpha Vantage listing interval,resolved_cik,True,1,only eligible resolved security,2019|NYSE|services,1070,6,0.0056074766,178.3333333333,20260916,terminal_provider_unavailability,pilot_live,2,artifacts/representative_coverage_pilot_v20260916/raw/CIK0001725579/PS/2019Q4/attempt_02_20260917042024691816.json,d329c0a12df38f72f027f643ae3ffa4b561bd2ce8eb5aa0c1108ae6310c089e8,no_transcript,provider returned no usable transcript segments,not_applicable,,,,,,unresolved,
