company_id,security_id,cik,company_name,provider_ticker,exchange,sic,sic_division,quarter_label,issuer_domicile_status,state_of_incorporation,eligibility_start,eligibility_end,eligibility_source,identity_status,active_at_quarter_end,candidate_security_count,primary_selection_reason,sampling_stratum,stratum_population,stratum_sample,selection_probability,design_weight,sample_seed,terminal_state,response_source,attempt_count,raw_path,raw_sha256,classification,validation_reason,identity_validation,identity_validation_reason,normalized_transcript_sha256,duplicate_group_size,duplicate_canonical_key,call_date,call_date_confidence,call_date_source
CIK0000864683,AVSA18AAFBCF039FF8B,0000864683,Cyberonics Inc,CYBX,NASDAQ,3845,manufacturing,2010Q1,us,DE,1993-02-11,2019-12-31,Alpha Vantage listing interval,resolved_cik,True,2,"ranked by active quarter-end evidence, exchange, and plain common-stock symbol",2010|NASDAQ|manufacturing,2642,14,0.0052990159,188.7142857143,20260916,terminal_provider_unavailability,pilot_live,2,artifacts/representative_coverage_pilot_v20260916/raw/CIK0000864683/CYBX/2010Q1/attempt_02_20260917002506020310.json,12dcff31f316387b9c499b5dc3220563c496876d94d1a061a092043abed071fe,no_transcript,provider returned no usable transcript segments,not_applicable,,,,,,unresolved,
CIK0000936528,AVS434EC372132CCAFA,0000936528,WaFd Inc,WAFD,NASDAQ,6021,finance_insurance_real_estate,2010Q1,us,WA,1990-03-26,2019-12-31,Alpha Vantage listing interval,resolved_cik,True,1,only eligible resolved security,2010|NASDAQ|finance_insurance_real_estate,1668,9,0.0053956835,185.3333333333,20260916,terminal_provider_unavailability,pilot_live,3,artifacts/representative_coverage_pilot_v20260916/raw/CIK0000936528/WAFD/2010Q1/attempt_03_20260917035455538574.json,cc4135299ad41aa65efbcfae5ae525c329b0e5fc3ce52bf3cf6d897d65bbb418,no_transcript,provider returned no usable transcript segments,not_applicable,,,,,,unresolved,
CIK0001064863,AVS0E29C2E02DA43825,0001064863,Amerigroup Corp,AGP,NYSE,6324,finance_insurance_real_estate,2010Q1,us,,2006-12-28,2019-12-31,Alpha Vantage listing interval,resolved_cik,True,2,"ranked by active quarter-end evidence, exchange, and plain common-stock symbol",2010|NYSE|finance_insurance_real_estate,1346,7,0.0052005944,192.2857142857,20260916,terminal_provider_unavailability,pilot_live,3,artifacts/representative_coverage_pilot_v20260916/raw/CIK0001064863/AGP/2010Q1/attempt_03_20260917035459548237.json,de89f75d55d50ce65660e87771c1e28bc670a44dc14e83544ffd8816e500dc8f,no_transcript,provider returned no usable transcript segments,not_applicable,,,,,,unresolved,
CIK0001254419,AVS9632020CAF50FD2C,0001254419,MedAssets Inc,MDAS,NASDAQ,7372,services,2010Q1,us,DE,2007-12-12,2019-12-31,Alpha Vantage listing interval,resolved_cik,True,2,"ranked by active quarter-end evidence, exchange, and plain common-stock symbol",2010|NASDAQ|services,1117,6,0.0053715309,186.1666666667,20260916,terminal_provider_unavailability,pilot_live,3,artifacts/representative_coverage_pilot_v20260916/raw/CIK0001254419/MDAS/2010Q1/attempt_03_20260917035501549166.json,532ffff71bdeeab5c61518eabcdded80478c64408b8d0b381aa721e56a11ae39,no_transcript,provider returned no usable transcript segments,not_applicable,,,,,,unresolved,
CIK0001303942,AVSFFF678F52CEAA157,0001303942,Bankfinancial Corp,BFIN,NASDAQ,6035,finance_insurance_real_estate,2010Q1,us,,2005-06-28,2019-12-31,Alpha Vantage listing interval,resolved_cik,True,1,only eligible resolved security,2010|NASDAQ|finance_insurance_real_estate,1668,9,0.0053956835,185.3333333333,20260916,terminal_provider_unavailability,pilot_live,3,artifacts/representative_coverage_pilot_v20260916/raw/CIK0001303942/BFIN/2010Q1/attempt_03_20260917035503554208.json,99a399ae8674483aa820f1817985bb37adcfefaae62772edff9f78f332525998,no_transcript,provider returned no usable transcript segments,not_applicable,,,,,,unresolved,
CIK0001320695,AVS93578797E58652D4,0001320695,Treehouse Foods Inc,THS,NYSE,2030,manufacturing,2010Q1,us,DE,2005-06-28,2019-12-31,Alpha Vantage listing interval,resolved_cik,True,1,only eligible resolved security,2010|NYSE|manufacturing,1742,9,0.0051664753,193.5555555556,20260916,terminal_provider_unavailability,pilot_live,3,artifacts/representative_coverage_pilot_v20260916/raw/CIK0001320695/THS/2010Q1/attempt_03_20260917035507562532.json,a4cb309e8f3436509087d2f22896d13fd4fea5bdd56c4c418a927c0512ea738e,no_transcript,provider returned no usable transcript segments,not_applicable,,,,,,unresolved,
CIK0001410471,AVS4BCE433F2FBF72E6,0001410471,IPC The Hospitalist Company Inc,IPCM,NASDAQ,8090,services,2010Q1,us,DE,2008-01-25,2019-12-31,Alpha Vantage listing interval,resolved_cik,True,2,"ranked by active quarter-end evidence, exchange, and plain common-stock symbol",2010|NASDAQ|services,1117,6,0.0053715309,186.1666666667,20260916,terminal_provider_unavailability,pilot_live,3,artifacts/representative_coverage_pilot_v20260916/raw/CIK0001410471/IPCM/2010Q1/attempt_03_20260917035509568668.json,155097e4a6b0bde086987f3e8973ef03f109a4bddd3f8ba771d1a92ca9a07370,no_transcript,provider returned no usable transcript segments,not_applicable,,,,,,unresolved,
CIK0000049826,AVS8B2CC1EADCB2B3CA,0000049826,Illinois Tool Works Inc,ITW,NYSE,3560,manufacturing,2010Q2,us,DE,1987-11-05,2019-12-31,Alpha Vantage listing interval,resolved_cik,True,1,only eligible resolved security,2010|NYSE|manufacturing,1742,9,0.0051664753,193.5555555556,20260916,terminal_provider_unavailability,pilot_live,2,artifacts/representative_coverage_pilot_v20260916/raw/CIK0000049826/ITW/2010Q2/attempt_02_20260917050013853981.json,c7de0b67f3dc41dbc393449513c8da60f6b7101b2eb8540d97245503e257a8fb,no_transcript,provider returned no usable transcript segments,not_applicable,,,,,,unresolved,
CIK0000058361,AVS89273A5C237CE4EF,0000058361,Lee Enterprises Inc,LEE,NASDAQ,2711,manufacturing,2010Q2,us,DE,1987-11-05,2019-12-31,Alpha Vantage listing interval,resolved_cik,True,1,only eligible resolved security,2010|NASDAQ|manufacturing,2642,14,0.0052990159,188.7142857143,20260916,terminal_provider_unavailability,pilot_live,2,artifacts/representative_coverage_pilot_v20260916/raw/CIK0000058361/LEE/2010Q2/attempt_02_20260917050015859016.json,85cdcb2567ae55e54ee3270272a24f67819cdc3e49c1aa1f943fb8e0229c5d52,no_transcript,provider returned no usable transcript segments,not_applicable,,,,,,unresolved,
CIK0000726854,AVS3715AD39FFBF126D,0000726854,City Holding Company,CHCO,NASDAQ,6021,finance_insurance_real_estate,2010Q2,us,WV,1993-02-19,2019-12-31,Alpha Vantage listing interval,resolved_cik,True,1,only eligible resolved security,2010|NASDAQ|finance_insurance_real_estate,1668,9,0.0053956835,185.3333333333,20260916,terminal_provider_unavailability,pilot_live,3,artifacts/representative_coverage_pilot_v20260916/raw/CIK0000726854/CHCO/2010Q2/attempt_03_20260917035511573549.json,e1eb90c59c44fa7243716d523dd9a0df1c5d15dfb195824e62baffdf2a6a43ab,no_transcript,provider returned no usable transcript segments,not_applicable,,,,,,unresolved,
CIK0000732412,AVS67A4FE51595509E5,0000732412,Multiband Corp,MBND,NASDAQ,4813,transportation_communications_utilities,2010Q2,us,MN,2006-12-28,2019-12-31,Alpha Vantage listing interval,resolved_cik,True,2,"ranked by active quarter-end evidence, exchange, and plain common-stock symbol",2010|NASDAQ|transportation_communications_utilities,427,2,0.0046838407,213.5000000000,20260916,terminal_provider_unavailability,pilot_live,3,artifacts/representative_coverage_pilot_v20260916/raw/CIK0000732412/MBND/2010Q2/attempt_03_20260917035513597384.json,536b101f0f54542dc5d87eb3756847ba631d4faee6419dd4ef9f1109e16735a4,no_transcript,provider returned no usable transcript segments,not_applicable,,,,,,unresolved,
CIK0000751364,AVSE8E271B81A733D6F,0000751364,NNN REIT Inc,NNN,NYSE,6798,finance_insurance_real_estate,2010Q2,us,MD,1990-03-26,2019-12-31,Alpha Vantage listing interval,resolved_cik,True,1,only eligible resolved security,2010|NYSE|finance_insurance_real_estate,1346,7,0.0052005944,192.2857142857,20260916,terminal_provider_unavailability,pilot_live,2,artifacts/representative_coverage_pilot_v20260916/raw/CIK0000751364/NNN/2010Q2/attempt_02_20260917002538072174.json,44a4fd7c3f7ec937f65ad57edc1e568ac595f384bdf771a23215f756ac9ec948,no_transcript,provider returned no usable transcript segments,not_applicable,,,,,,unresolved,
CIK0000825542,AVS8653535E9BFBB8E9,0000825542,Scotts Miracle-Gro Company - Class A,SMG,NYSE,2870,manufacturing,2010Q2,us,OH,1992-01-31,2019-12-31,Alpha Vantage listing interval,resolved_cik,True,1,only eligible resolved security,2010|NYSE|manufacturing,1742,9,0.0051664753,193.5555555556,20260916,terminal_provider_unavailability,pilot_live,3,artifacts/representative_coverage_pilot_v20260916/raw/CIK0000825542/SMG/2010Q2/attempt_03_20260917035515602674.json,4e691f964acbae347fe11b1dd16ef6a675d030fd2634892a08fedf328cdbde6e,no_transcript,provider returned no usable transcript segments,not_applicable,,,,,,unresolved,
CIK0000863894,AVS43F1721A6DC8B69A,0000863894,Veru Inc,VERU,NASDAQ,2834,manufacturing,2010Q2,us,WI,1999-02-11,2019-12-31,Alpha Vantage listing interval,resolved_cik,True,3,"ranked by active quarter-end evidence, exchange, and plain common-stock symbol",2010|NASDAQ|manufacturing,2642,14,0.0052990159,188.7142857143,20260916,terminal_provider_unavailability,pilot_live,3,artifacts/representative_coverage_pilot_v20260916/raw/CIK0000863894/VERU/2010Q2/attempt_03_20260917035517608715.json,f4955401fbcda42f74491ba5dcab6e39916879a48b2ce21a38413bd3ce30cf28,no_transcript,provider returned no usable transcript segments,not_applicable,,,,,,unresolved,
CIK0000908315,AVS8E82FF890863E9AB,0000908315,Winmark Corporation,WINA,NASDAQ,5900,retail_trade,2010Q2,us,MN,1993-08-25,2019-12-31,Alpha Vantage listing interval,resolved_cik,True,1,only eligible resolved security,2010|NASDAQ|retail_trade,316,2,0.0063291139,158.0000000000,20260916,terminal_provider_unavailability,pilot_live,3,artifacts/representative_coverage_pilot_v20260916/raw/CIK0000908315/WINA/2010Q2/attempt_03_20260917035519613760.json,cf964ea28bd2c14580bedd07ff84dd4be10a1b60f38d8931a363e11c0ab83c03,no_transcript,provider returned no usable transcript segments,not_applicable,,,,,,unresolved,
CIK0001108827,AVS54B85DD1CE9EE779,0001108827,QEP Resources Inc,QEP,NYSE,1311,mining,2010Q2,us,DE,2010-06-16,2019-12-31,Alpha Vantage listing interval,resolved_cik,True,1,only eligible resolved security,2010|NYSE|mining,368,2,0.0054347826,184.0000000000,20260916,terminal_provider_unavailability,pilot_live,3,artifacts/representative_coverage_pilot_v20260916/raw/CIK0001108827/QEP/2010Q2/attempt_03_20260917035523621657.json,7722c23a3f61272dd1dcd41b9627ebeff99e2ca71a54127906a82f87376ad306,no_transcript,provider returned no usable transcript segments,not_applicable,,,,,,unresolved,
CIK0001114714,AVS7F872470CF3AF976,0001114714,Kenexa Corp,KNXA,NYSE,7372,services,2010Q2,us,,2005-06-24,2019-12-31,Alpha Vantage listing interval,resolved_cik,True,2,"ranked by active quarter-end evidence, exchange, and plain common-stock symbol",2010|NYSE|services,563,3,0.0053285968,187.6666666667,20260916,terminal_provider_unavailability,pilot_live,2,artifacts/representative_coverage_pilot_v20260916/raw/CIK0001114714/KNXA/2010Q2/attempt_02_20260917050017863368.json,292c4bd6003b963f2ae5c27e07517496ec657f791b37e5e8ed3584e353f57cab,no_transcript,provider returned no usable transcript segments,not_applicable,,,,,,unresolved,
CIK0001131096,AVS648B86EFB3043473,0001131096,athenahealth Inc,ATHN,NASDAQ,7389,services,2010Q2,us,DE,2007-09-20,2019-12-31,Alpha Vantage listing interval,resolved_cik,True,2,"ranked by active quarter-end evidence, exchange, and plain common-stock symbol",2010|NASDAQ|services,1117,6,0.0053715309,186.1666666667,20260916,terminal_provider_unavailability,pilot_live,3,artifacts/representative_coverage_pilot_v20260916/raw/CIK0001131096/ATHN/2010Q2/attempt_03_20260917035525628679.json,c66752bafa0984e0b5fb23e93d2033740a95874d3e17e988055ef160267dd783,no_transcript,provider returned no usable transcript segments,not_applicable,,,,,,unresolved,
CIK0001157377,AVS3E08872FFF7A05C9,0001157377,The Advisory Board Company,ABCO,NASDAQ,8741,services,2010Q2,us,DE,2001-11-13,2019-12-31,Alpha Vantage listing interval,resolved_cik,True,2,"ranked by active quarter-end evidence, exchange, and plain common-stock symbol",2010|NASDAQ|services,1117,6,0.0053715309,186.1666666667,20260916,terminal_provider_unavailability,pilot_live,3,artifacts/representative_coverage_pilot_v20260916/raw/CIK0001157377/ABCO/2010Q2/attempt_03_20260917035527632488.json,26346c86a372338f1aa9a14e50de5cad88ff358fdea49636e79bfd1ac590b23a,no_transcript,provider returned no usable transcript segments,not_applicable,,,,,,unresolved,
CIK0001288469,AVSA638D7E0F640912D,0001288469,MaxLinear Inc,MXL,NASDAQ,3674,manufacturing,2010Q2,us,,2010-03-24,2019-12-31,Alpha Vantage listing interval,resolved_cik,True,1,only eligible resolved security,2010|NASDAQ|manufacturing,2642,14,0.0052990159,188.7142857143,20260916,terminal_provider_unavailability,pilot_live,3,artifacts/representative_coverage_pilot_v20260916/raw/CIK0001288469/MXL/2010Q2/attempt_03_20260917035531642563.json,f45d8dfee397a6da771e0dd30d42986693d2458835d3264664f25de3e2084002,no_transcript,provider returned no usable transcript segments,not_applicable,,,,,,unresolved,
CIK0001325964,AVS3D809C3D6515E0BB,0001325964,Lightwave Logic Inc,LWLG,NASDAQ,3080,manufacturing,2010Q2,us,NV,2007-07-13,2019-12-31,Alpha Vantage listing interval,resolved_cik,True,1,only eligible resolved security,2010|NASDAQ|manufacturing,2642,14,0.0052990159,188.7142857143,20260916,terminal_provider_unavailability,pilot_live,3,artifacts/representative_coverage_pilot_v20260916/raw/CIK0001325964/LWLG/2010Q2/attempt_03_20260917035533646243.json,bdaa80100319be818fce612f8cd4256b8e05116bf31d9bb5e53b4f797a37fd39,no_transcript,provider returned no usable transcript segments,not_applicable,,,,,,unresolved,
CIK0001337068,AVSB08E1A2FFA1FB396,0001337068,Magyar Bancorp Inc,MGYR,NASDAQ,6035,finance_insurance_real_estate,2010Q2,us,,2006-01-24,2019-12-31,Alpha Vantage listing interval,resolved_cik,True,1,only eligible resolved security,2010|NASDAQ|finance_insurance_real_estate,1668,9,0.0053956835,185.3333333333,20260916,terminal_provider_unavailability,pilot_live,3,artifacts/representative_coverage_pilot_v20260916/raw/CIK0001337068/MGYR/2010Q2/attempt_03_20260917035535651847.json,10f7d93b0fcbe903d1f1cc4014e3a14d40cd5624943ae7e486ba643a69730952,no_transcript,provider returned no usable transcript segments,not_applicable,,,,,,unresolved,
CIK0001361983,AVS7755144B969AAAF7,0001361983,Orbcomm Inc,ORBC,NASDAQ,4899,transportation_communications_utilities,2010Q2,us,DE,2006-11-06,2019-12-31,Alpha Vantage listing interval,resolved_cik,True,1,only eligible resolved security,2010|NASDAQ|transportation_communications_utilities,427,2,0.0046838407,213.5000000000,20260916,terminal_provider_unavailability,pilot_live,2,artifacts/representative_coverage_pilot_v20260916/raw/CIK0001361983/ORBC/2010Q2/attempt_02_20260917050019866497.json,a5108a86812b9c5d498006bbd578a0d8de096d512ba720debd28bcbd7c6a1277,no_transcript,provider returned no usable transcript segments,not_applicable,,,,,,unresolved,
CIK0001368007,AVS1CF57F3DBC493088,0001368007,NYSE Euronext,NYX,NYSE,6200,finance_insurance_real_estate,2010Q2,us,DE,2007-06-04,2019-12-31,Alpha Vantage listing interval,resolved_cik,True,2,"ranked by active quarter-end evidence, exchange, and plain common-stock symbol",2010|NYSE|finance_insurance_real_estate,1346,7,0.0052005944,192.2857142857,20260916,terminal_provider_unavailability,pilot_live,3,artifacts/representative_coverage_pilot_v20260916/raw/CIK0001368007/NYX/2010Q2/attempt_03_20260917035537656889.json,7e39cbc86501a2cc5bbb0426dac37d8480a83da7d93e21fdc99cce3afe7ad7ec,no_transcript,provider returned no usable transcript segments,not_applicable,,,,,,unresolved,
CIK0001408100,AVSA6362FC9C6159A96,0001408100,Kennedy-Wilson Holdings Inc,KW,NYSE,6500,finance_insurance_real_estate,2010Q2,us,DE,2007-12-03,2019-12-31,Alpha Vantage listing interval,resolved_cik,True,1,only eligible resolved security,2010|NYSE|finance_insurance_real_estate,1346,7,0.0052005944,192.2857142857,20260916,terminal_provider_unavailability,pilot_live,3,artifacts/representative_coverage_pilot_v20260916/raw/CIK0001408100/KW/2010Q2/attempt_03_20260917035539663102.json,b79ac1f5b84547c68624da21d2b9032c1597aa10b1c3ac89d49a3fcf272bed06,no_transcript,provider returned no usable transcript segments,not_applicable,,,,,,unresolved,
CIK0001431372,AVSED60C8BAD726F060,0001431372,Gastar Exploration Inc,GST,NYSE,1311,mining,2010Q2,us,DE,2006-01-05,2019-12-31,Alpha Vantage listing interval,resolved_cik,True,2,"ranked by active quarter-end evidence, exchange, and plain common-stock symbol",2010|NYSE|mining,368,2,0.0054347826,184.0000000000,20260916,terminal_provider_unavailability,pilot_live,2,artifacts/representative_coverage_pilot_v20260916/raw/CIK0001431372/GST/2010Q2/attempt_02_20260917050021871516.json,cf40ad11823954d240678a9207d6133fd237d8a8eb6cb0b3aab4a49f5a0bd453,no_transcript,provider returned no usable transcript segments,not_applicable,,,,,,unresolved,
CIK0000008504,AVSB2F92CBB0C7EC8D8,0000008504,Enerjex Resources Inc,ENRJ,NYSE,3721,manufacturing,2010Q3,us,NV,2007-03-23,2019-12-31,Alpha Vantage listing interval,resolved_cik,True,2,"ranked by active quarter-end evidence, exchange, and plain common-stock symbol",2010|NYSE|manufacturing,1742,9,0.0051664753,193.5555555556,20260916,terminal_provider_unavailability,pilot_live,3,artifacts/representative_coverage_pilot_v20260916/raw/CIK0000008504/ENRJ/2010Q3/attempt_03_20260917035547687357.json,dc19ab25c2ffc69c9c993c06ab8421de6d0261397ff92ab39c51f42d609624df,no_transcript,provider returned no usable transcript segments,not_applicable,,,,,,unresolved,
CIK0000008947,AVSF58D632BC0C8FDD1,0000008947,AZZ Inc,AZZ,NYSE,3470,manufacturing,2010Q3,us,TX,1984-09-07,2019-12-31,Alpha Vantage listing interval,resolved_cik,True,1,only eligible resolved security,2010|NYSE|manufacturing,1742,9,0.0051664753,193.5555555556,20260916,terminal_provider_unavailability,pilot_live,2,artifacts/representative_coverage_pilot_v20260916/raw/CIK0000008947/AZZ/2010Q3/attempt_02_20260917002614150549.json,b3dec929c8c36e8416edae66b42a4be3b3ece174712c7b229ad30942ab3d80e9,no_transcript,provider returned no usable transcript segments,not_applicable,,,,,,unresolved,
CIK0000706863,AVS77A7EE3C241E5D94,0000706863,Union Bankshares Inc,UNB,NASDAQ,6022,finance_insurance_real_estate,2010Q3,us,VT,1999-08-09,2019-12-31,Alpha Vantage listing interval,resolved_cik,True,1,only eligible resolved security,2010|NASDAQ|finance_insurance_real_estate,1668,9,0.0053956835,185.3333333333,20260916,terminal_provider_unavailability,pilot_live,3,artifacts/representative_coverage_pilot_v20260916/raw/CIK0000706863/UNB/2010Q3/attempt_03_20260917035549697709.json,fb9735fda278b31f1b45a1904ab627e449037f5b5d9d1e179435a2e7d38d973c,no_transcript,provider returned no usable transcript segments,not_applicable,,,,,,unresolved,
CIK0001042783,AVS1AC717381A2AEA8A,0001042783,Dot Hill Systems Corp,HILL,NASDAQ,3572,manufacturing,2010Q3,us,DE,1997-09-17,2019-12-31,Alpha Vantage listing interval,resolved_cik,True,2,"ranked by active quarter-end evidence, exchange, and plain common-stock symbol",2010|NASDAQ|manufacturing,2642,14,0.0052990159,188.7142857143,20260916,terminal_provider_unavailability,pilot_live,3,artifacts/representative_coverage_pilot_v20260916/raw/CIK0001042783/HILL/2010Q3/attempt_03_20260917035551702755.json,baaa4873c9d139726bd48e09e78bdfa56646655db873b4ff876b832e728a523d,no_transcript,provider returned no usable transcript segments,not_applicable,,,,,,unresolved,
CIK0001067294,AVS888B6ADA4B8472E4,0001067294,Cracker Barrel Old Country Store Inc,CBRL,NASDAQ,5812,retail_trade,2010Q3,us,TN,1984-09-07,2019-12-31,Alpha Vantage listing interval,resolved_cik,True,1,only eligible resolved security,2010|NASDAQ|retail_trade,316,2,0.0063291139,158.0000000000,20260916,terminal_provider_unavailability,pilot_live,4,artifacts/representative_coverage_pilot_v20260916/raw/CIK0001067294/CBRL/2010Q3/attempt_04_20260917035553710268.json,827f2fb7da1698857129a24945010da36c8377e8d233ce76e8f7657de6bc142f,no_transcript,provider returned no usable transcript segments,not_applicable,,,,,,unresolved,
CIK0001126741,AVSF249D1427F3CB62F,0001126741,GSI Technology Inc,GSIT,NASDAQ,3674,manufacturing,2010Q3,us,DE,2007-03-29,2019-12-31,Alpha Vantage listing interval,resolved_cik,True,1,only eligible resolved security,2010|NASDAQ|manufacturing,2642,14,0.0052990159,188.7142857143,20260916,terminal_provider_unavailability,pilot_live,3,artifacts/representative_coverage_pilot_v20260916/raw/CIK0001126741/GSIT/2010Q3/attempt_03_20260917035555713893.json,66bae7f054620491212c90e61ba49dd0f891baec6b32ff032cf94d0572cb31f4,no_transcript,provider returned no usable transcript segments,not_applicable,,,,,,unresolved,
CIK0001261654,AVS424E419DCF2FBEF8,0001261654,Universal Technical Institute Inc,UTI,NYSE,8200,services,2010Q3,us,DE,2003-12-18,2019-12-31,Alpha Vantage listing interval,resolved_cik,True,1,only eligible resolved security,2010|NYSE|services,563,3,0.0053285968,187.6666666667,20260916,terminal_provider_unavailability,pilot_live,3,artifacts/representative_coverage_pilot_v20260916/raw/CIK0001261654/UTI/2010Q3/attempt_03_20260917035557715783.json,7932880538adb68af349550f5ad1cff2ee708c151ffd644a80f1c08657645306,no_transcript,provider returned no usable transcript segments,not_applicable,,,,,,unresolved,
CIK0001290476,AVS5F5ECB40A6AD7CD4,0001290476,Village Bank & Trust Financial Corporation,VBFC,NASDAQ,6022,finance_insurance_real_estate,2010Q3,us,VA,1996-04-01,2019-12-31,Alpha Vantage listing interval,resolved_cik,True,1,only eligible resolved security,2010|NASDAQ|finance_insurance_real_estate,1668,9,0.0053956835,185.3333333333,20260916,terminal_provider_unavailability,pilot_live,3,artifacts/representative_coverage_pilot_v20260916/raw/CIK0001290476/VBFC/2010Q3/attempt_03_20260917035559720138.json,40d3ac2318bd961f9878f1b19a4938931733aecd86175e53a95f47cd30fc8712,no_transcript,provider returned no usable transcript segments,not_applicable,,,,,,unresolved,
CIK0001486957,AVS151334008B11CBEF,0001486957,Babcock & Wilcox Company,BWC,NYSE,3510,manufacturing,2010Q3,us,DE,2010-08-02,2019-12-31,Alpha Vantage listing interval,resolved_cik,True,3,"ranked by active quarter-end evidence, exchange, and plain common-stock symbol",2010|NYSE|manufacturing,1742,9,0.0051664753,193.5555555556,20260916,terminal_provider_unavailability,pilot_live,3,artifacts/representative_coverage_pilot_v20260916/raw/CIK0001486957/BWC/2010Q3/attempt_03_20260917035601721318.json,23b602e6b903334d659bfb2751a80732e15fe3dd0e63dad104ca6bec40d25184,no_transcript,provider returned no usable transcript segments,not_applicable,,,,,,unresolved,
CIK0000068270,AVS41E623D93D2045BD,0000068270,Ruby Tuesday Inc,RT,NYSE,5812,retail_trade,2010Q4,us,GA,1990-03-26,2019-12-31,Alpha Vantage listing interval,resolved_cik,True,2,"ranked by active quarter-end evidence, exchange, and plain common-stock symbol",2010|NYSE|retail_trade,300,2,0.0066666667,150.0000000000,20260916,terminal_provider_unavailability,pilot_live,2,artifacts/representative_coverage_pilot_v20260916/raw/CIK0000068270/RT/2010Q4/attempt_02_20260917050023872737.json,318c7c13ade1a07d33a3d7218c7c35d82dfe5b1450b9cbdc4a5203e1d1e01409,no_transcript,provider returned no usable transcript segments,not_applicable,,,,,,unresolved,
CIK0000080124,AVS477EEAA068F3E2F3,0000080124,Presidential Life LLC,PLFE,NASDAQ,6311,finance_insurance_real_estate,2010Q4,us,DE,2006-12-28,2019-12-31,Alpha Vantage listing interval,resolved_cik,True,2,"ranked by active quarter-end evidence, exchange, and plain common-stock symbol",2010|NASDAQ|finance_insurance_real_estate,1668,9,0.0053956835,185.3333333333,20260916,terminal_provider_unavailability,pilot_live,3,artifacts/representative_coverage_pilot_v20260916/raw/CIK0000080124/PLFE/2010Q4/attempt_03_20260917035603727239.json,00af2cdc3d9c4cc5344071e42631d5ea982fc084f71c0244be39ff472a50f981,no_transcript,provider returned no usable transcript segments,not_applicable,,,,,,unresolved,
CIK0000105016,AVSB7C1F7D9943A6ED2,0000105016,Watsco Inc - Class A,WSO,NYSE,5070,wholesale_trade,2010Q4,us,FL,1984-06-07,2019-12-31,Alpha Vantage listing interval,resolved_cik,True,2,"ranked by active quarter-end evidence, exchange, and plain common-stock symbol",2010|NYSE|wholesale_trade,124,1,0.0080645161,124.0000000000,20260916,terminal_provider_unavailability,pilot_live,4,artifacts/representative_coverage_pilot_v20260916/raw/CIK0000105016/WSO/2010Q4/attempt_04_20260917035605732279.json,2988798e22de16062bcb69c6e648181117d31b4e714f5d900e17bc6726471d98,no_transcript,provider returned no usable transcript segments,not_applicable,,,,,,unresolved,
CIK0000709804,AVS130DE38A077952E7,0000709804,Steel Excel Inc,SXCL,NASDAQ,1389,mining,2010Q4,us,DE,2006-12-28,2019-12-31,Alpha Vantage listing interval,resolved_cik,True,2,"ranked by active quarter-end evidence, exchange, and plain common-stock symbol",2010|NASDAQ|mining,162,1,0.0061728395,162.0000000000,20260916,terminal_provider_unavailability,pilot_live,3,artifacts/representative_coverage_pilot_v20260916/raw/CIK0000709804/SXCL/2010Q4/attempt_03_20260917035607733430.json,bbcbe77f537fc32abef0f000d64a7a95a15a629908a228006f51bbe3d33778d2,no_transcript,provider returned no usable transcript segments,not_applicable,,,,,,unresolved,
CIK0001001171,AVS4945CE87FBDED8DF,0001001171,Broadway Financial Corp,BYFC,NASDAQ,6035,finance_insurance_real_estate,2010Q4,us,DE,1996-01-09,2019-12-31,Alpha Vantage listing interval,resolved_cik,True,1,only eligible resolved security,2010|NASDAQ|finance_insurance_real_estate,1668,9,0.0053956835,185.3333333333,20260916,terminal_provider_unavailability,pilot_live,3,artifacts/representative_coverage_pilot_v20260916/raw/CIK0001001171/BYFC/2010Q4/attempt_03_20260917035609737595.json,540340ecc65f42fd567bb3f3e3ab94ed87b56d713f58cd6bb2499a32d47f2f57,no_transcript,provider returned no usable transcript segments,not_applicable,,,,,,unresolved,
CIK0001105982,AVS7223EC3E0ECDC26C,0001105982,OTIX GLOBAL INC.,OTIX,NASDAQ,3842,manufacturing,2010Q4,us,DE,2001-01-02,2010-12-10,Alpha Vantage listing interval,resolved_cik,False,2,"ranked by active quarter-end evidence, exchange, and plain common-stock symbol",2010|NASDAQ|manufacturing,2642,14,0.0052990159,188.7142857143,20260916,terminal_provider_unavailability,pilot_live,3,artifacts/representative_coverage_pilot_v20260916/raw/CIK0001105982/OTIX/2010Q4/attempt_03_20260917035611753090.json,402cf05ab253ab4df203e450e9a658a97cfb9ebfc7ea3e3961a67abb45b50720,no_transcript,provider returned no usable transcript segments,not_applicable,,,,,,unresolved,
CIK0001137774,AVS64008F64C61A9E09,0001137774,Prudential Financial Inc,PFH,NYSE,6311,finance_insurance_real_estate,2010Q4,us,NJ,1999-04-05,2019-12-31,Alpha Vantage listing interval,resolved_cik,True,2,"ranked by active quarter-end evidence, exchange, and plain common-stock symbol",2010|NYSE|finance_insurance_real_estate,1346,7,0.0052005944,192.2857142857,20260916,terminal_provider_unavailability,pilot_live,3,artifacts/representative_coverage_pilot_v20260916/raw/CIK0001137774/PFH/2010Q4/attempt_03_20260917035613758134.json,10a32db89eaed14fec812186c7395b575f64dcfa8070bf1592bbc296ce181ac5,no_transcript,provider returned no usable transcript segments,not_applicable,,,,,,unresolved,
CIK0001176309,AVSED7B9C19121E3643,0001176309,Oramed Pharmaceuticals Inc,ORMP,NASDAQ,2834,manufacturing,2010Q4,us,DE,2006-04-21,2019-12-31,Alpha Vantage listing interval,resolved_cik,True,1,only eligible resolved security,2010|NASDAQ|manufacturing,2642,14,0.0052990159,188.7142857143,20260916,terminal_provider_unavailability,pilot_live,3,artifacts/representative_coverage_pilot_v20260916/raw/CIK0001176309/ORMP/2010Q4/attempt_03_20260917035615770082.json,e7d05aae3ba7725d6cdd86ed8b3b2d529d79e0173786b953eeb56215448338e2,no_transcript,provider returned no usable transcript segments,not_applicable,,,,,,unresolved,
CIK0001223786,AVSE16DD2EAF1CC95D4,0001223786,NuStar GP Holdings LLC,NSH,NYSE,4610,transportation_communications_utilities,2010Q4,us,DE,2006-07-14,2019-12-31,Alpha Vantage listing interval,resolved_cik,True,2,"ranked by active quarter-end evidence, exchange, and plain common-stock symbol",2010|NYSE|transportation_communications_utilities,589,3,0.0050933786,196.3333333333,20260916,terminal_provider_unavailability,pilot_live,2,artifacts/representative_coverage_pilot_v20260916/raw/CIK0001223786/NSH/2010Q4/attempt_02_20260917050025872807.json,bba9299f92a487b04980d68bcc0e2058b291d32b99e588d45e2a1b3f557ddd03,no_transcript,provider returned no usable transcript segments,not_applicable,,,,,,unresolved,
CIK0001224370,AVS0F0F3D6946093E48,0001224370,Mindspeed Technologies Inc,MSPD,NASDAQ,3674,manufacturing,2010Q4,us,DE,2006-12-28,2019-12-31,Alpha Vantage listing interval,resolved_cik,True,2,"ranked by active quarter-end evidence, exchange, and plain common-stock symbol",2010|NASDAQ|manufacturing,2642,14,0.0052990159,188.7142857143,20260916,terminal_provider_unavailability,pilot_live,3,artifacts/representative_coverage_pilot_v20260916/raw/CIK0001224370/MSPD/2010Q4/attempt_03_20260917035617778487.json,bcebc4189f49540a98334cdbb51a548c2c0bd3c377efe0e79115ffecdb166359,no_transcript,provider returned no usable transcript segments,not_applicable,,,,,,unresolved,
CIK0001267332,AVS5A29F55041E5C60D,0001267332,Merrill Lynch Depositor Inc,IPB,NYSE,6189,finance_insurance_real_estate,2010Q4,us,DE,2004-01-20,2019-12-31,Alpha Vantage listing interval,resolved_cik,True,1,only eligible resolved security,2010|NYSE|finance_insurance_real_estate,1346,7,0.0052005944,192.2857142857,20260916,terminal_provider_unavailability,pilot_live,3,artifacts/representative_coverage_pilot_v20260916/raw/CIK0001267332/IPB/2010Q4/attempt_03_20260917035619783529.json,09dcd65be96badfaf6ddb1b8ce9782bfd259a76ccbd1d5f942dcfac69419f661,no_transcript,provider returned no usable transcript segments,not_applicable,,,,,,unresolved,
CIK0001378590,AVS5F52849589FF9CA4,0001378590,Bridgeline Digital Inc,BLIN,NASDAQ,7372,services,2010Q4,us,DE,2007-06-29,2019-12-31,Alpha Vantage listing interval,resolved_cik,True,1,only eligible resolved security,2010|NASDAQ|services,1117,6,0.0053715309,186.1666666667,20260916,terminal_provider_unavailability,pilot_live,3,artifacts/representative_coverage_pilot_v20260916/raw/CIK0001378590/BLIN/2010Q4/attempt_03_20260917035621793569.json,8c61451a78f600443dfab4e666b095a6283ae192c134dc39fc8151d088f38600,no_transcript,provider returned no usable transcript segments,not_applicable,,,,,,unresolved,
CIK0001389050,AVSE1E89FBCC1E8A94E,0001389050,Exterran Holdings Inc,EXH,NYSE,4922,transportation_communications_utilities,2010Q4,us,,2007-08-21,2019-12-31,Alpha Vantage listing interval,resolved_cik,True,2,"ranked by active quarter-end evidence, exchange, and plain common-stock symbol",2010|NYSE|transportation_communications_utilities,589,3,0.0050933786,196.3333333333,20260916,terminal_provider_unavailability,pilot_live,2,artifacts/representative_coverage_pilot_v20260916/raw/CIK0001389050/EXH/2010Q4/attempt_02_20260917050027877830.json,5cb80ca6e4a12cedaab6a9020af7219d71322143558380ab84e8a9ec4e81bde6,no_transcript,provider returned no usable transcript segments,not_applicable,,,,,,unresolved,
CIK0001390478,AVS33638086E113753C,0001390478,Galena Biopharma Inc,GALE,NASDAQ,2834,manufacturing,2010Q4,us,DE,2008-03-12,2019-12-31,Alpha Vantage listing interval,resolved_cik,True,2,"ranked by active quarter-end evidence, exchange, and plain common-stock symbol",2010|NASDAQ|manufacturing,2642,14,0.0052990159,188.7142857143,20260916,terminal_provider_unavailability,pilot_live,3,artifacts/representative_coverage_pilot_v20260916/raw/CIK0001390478/GALE/2010Q4/attempt_03_20260917035623807254.json,b0b30e5ac5326fe88fd9d320b832638117cbcaa11f6a24f84f99e990ab47050b,no_transcript,provider returned no usable transcript segments,not_applicable,,,,,,unresolved,
CIK0000023197,AVS0C3B197971B44278,0000023197,Comtech Telecommunications Corp,CMTL,NASDAQ,3663,manufacturing,2011Q1,us,DE,1992-02-18,2019-12-31,Alpha Vantage listing interval,resolved_cik,True,1,only eligible resolved security,2011|NASDAQ|manufacturing,2750,15,0.0054545455,183.3333333333,20260916,terminal_provider_unavailability,pilot_live,3,artifacts/representative_coverage_pilot_v20260916/raw/CIK0000023197/CMTL/2011Q1/attempt_03_20260917035627817495.json,113f7e44a886f778becfc37318338a22805713152e415cd244b285f327905891,no_transcript,provider returned no usable transcript segments,not_applicable,,,,,,unresolved,
CIK0000033769,AVS5DAC2C1CB81B2613,0000033769,Bob Evans Farms Inc,BOBE,NASDAQ,5812,retail_trade,2011Q1,us,DE,1984-09-05,2019-12-31,Alpha Vantage listing interval,resolved_cik,True,2,"ranked by active quarter-end evidence, exchange, and plain common-stock symbol",2011|NASDAQ|retail_trade,336,2,0.0059523810,168.0000000000,20260916,terminal_provider_unavailability,pilot_live,3,artifacts/representative_coverage_pilot_v20260916/raw/CIK0000033769/BOBE/2011Q1/attempt_03_20260917035629822627.json,12a6d1aef391e6ec048f8566ba0d28f9e5b13df5ffd8ecf8ee56583d91f64bee,no_transcript,provider returned no usable transcript segments,not_applicable,,,,,,unresolved,
CIK0000719209,AVS90057B9C9A4F88E7,0000719209,Isramco Inc,ISRL,NASDAQ,1311,mining,2011Q1,us,DE,1995-08-18,2019-12-31,Alpha Vantage listing interval,resolved_cik,True,2,"ranked by active quarter-end evidence, exchange, and plain common-stock symbol",2011|NASDAQ|mining,173,1,0.0057803468,173.0000000000,20260916,terminal_provider_unavailability,pilot_live,2,artifacts/representative_coverage_pilot_v20260916/raw/CIK0000719209/ISRL/2011Q1/attempt_02_20260917050029882576.json,bd1a13802f31f8a4679e0d86c4d4fd39ad4ac2ad17cf4aa349269c030234bd5e,no_transcript,provider returned no usable transcript segments,not_applicable,,,,,,unresolved,
CIK0000722392,AVSDCBE3A85037D3452,0000722392,Planar Systems Inc,PLNR,NASDAQ,3679,manufacturing,2011Q1,us,OR,1993-12-16,2019-12-31,Alpha Vantage listing interval,resolved_cik,True,2,"ranked by active quarter-end evidence, exchange, and plain common-stock symbol",2011|NASDAQ|manufacturing,2750,15,0.0054545455,183.3333333333,20260916,terminal_provider_unavailability,pilot_live,3,artifacts/representative_coverage_pilot_v20260916/raw/CIK0000722392/PLNR/2011Q1/attempt_03_20260917035631831288.json,fd1cb08235237eded3c1fbe4bbaa2e73fc480159a99a4fc33b177b0d353f3092,no_transcript,provider returned no usable transcript segments,not_applicable,,,,,,unresolved,
CIK0000731012,AVS643DB190A629AA64,0000731012,Healthcare Services Group Inc,HCSG,NASDAQ,8050,services,2011Q1,us,PA,1990-03-26,2019-12-31,Alpha Vantage listing interval,resolved_cik,True,1,only eligible resolved security,2011|NASDAQ|services,1190,6,0.0050420168,198.3333333333,20260916,terminal_provider_unavailability,pilot_live,2,artifacts/representative_coverage_pilot_v20260916/raw/CIK0000731012/HCSG/2011Q1/attempt_02_20260917002714255392.json,18d081aa6d9aa94cc0c89330e6ed1a4c8f4dbc669c6e57befa8d76939e2efa64,no_transcript,provider returned no usable transcript segments,not_applicable,,,,,,unresolved,
CIK0000861459,AVS29D6F36FF007E644,0000861459,Granite Construction Inc,GVA,NYSE,1600,construction,2011Q1,us,DE,1992-02-25,2019-12-31,Alpha Vantage listing interval,resolved_cik,True,1,only eligible resolved security,2011|NYSE|construction,124,1,0.0080645161,124.0000000000,20260916,terminal_provider_unavailability,pilot_live,3,artifacts/representative_coverage_pilot_v20260916/raw/CIK0000861459/GVA/2011Q1/attempt_03_20260917035633832421.json,19c7bc696e2275c4e2664f0bfbcbb5c7684c2b22efb9ae558d3a7ca23dbe0dc4,no_transcript,provider returned no usable transcript segments,not_applicable,,,,,,unresolved,
CIK0000868271,AVSAB56BFED116F52DC,0000868271,Severn Bancorp Inc,SVBI,NASDAQ,6021,finance_insurance_real_estate,2011Q1,us,MD,2001-01-02,2019-12-31,Alpha Vantage listing interval,resolved_cik,True,1,only eligible resolved security,2011|NASDAQ|finance_insurance_real_estate,1715,9,0.0052478134,190.5555555556,20260916,terminal_provider_unavailability,pilot_live,3,artifacts/representative_coverage_pilot_v20260916/raw/CIK0000868271/SVBI/2011Q1/attempt_03_20260917035635833606.json,af54a3e9641899c01c661f7ea8f0b8d778b309afe50e06a4e339fad8d68cc546,no_transcript,provider returned no usable transcript segments,not_applicable,,,,,,unresolved,
CIK0000868611,AVS5C10E3F6A091A963,0000868611,Sonic Corp,SONC,NASDAQ,5812,retail_trade,2011Q1,us,DE,1991-02-28,2019-12-31,Alpha Vantage listing interval,resolved_cik,True,2,"ranked by active quarter-end evidence, exchange, and plain common-stock symbol",2011|NASDAQ|retail_trade,336,2,0.0059523810,168.0000000000,20260916,terminal_provider_unavailability,pilot_live,3,artifacts/representative_coverage_pilot_v20260916/raw/CIK0000868611/SONC/2011Q1/attempt_03_20260917035637837714.json,78e187cfa654ed5ab28213916810c902295c146b0addb2140dae46b97dfd920a,no_transcript,provider returned no usable transcript segments,not_applicable,,,,,,unresolved,
CIK0000899751,AVS36112CD4CD27B6DF,0000899751,Titan International Inc,TWI,NYSE,3312,manufacturing,2011Q1,us,IL,1993-05-20,2019-12-31,Alpha Vantage listing interval,resolved_cik,True,1,only eligible resolved security,2011|NYSE|manufacturing,1805,10,0.0055401662,180.5000000000,20260916,terminal_provider_unavailability,pilot_live,3,artifacts/representative_coverage_pilot_v20260916/raw/CIK0000899751/TWI/2011Q1/attempt_03_20260917035639842752.json,e90bb76fe2ed66f7130ded6c33c7ee28052b78060ab95e321d048be303c3e66e,no_transcript,provider returned no usable transcript segments,not_applicable,,,,,,unresolved,
CIK0001022469,AVS3D4D97B0E5F7B8B6,0001022469,Deltic Timber Corp,DEL,NYSE,2421,manufacturing,2011Q1,us,DE,1996-12-12,2019-12-31,Alpha Vantage listing interval,resolved_cik,True,2,"ranked by active quarter-end evidence, exchange, and plain common-stock symbol",2011|NYSE|manufacturing,1805,10,0.0055401662,180.5000000000,20260916,terminal_provider_unavailability,pilot_live,3,artifacts/representative_coverage_pilot_v20260916/raw/CIK0001022469/DEL/2011Q1/attempt_03_20260917035641848826.json,65385c4823d1615a29d7e106535d9fd502c4b3212cc5b6b584086b4a5ed34060,no_transcript,provider returned no usable transcript segments,not_applicable,,,,,,unresolved,
CIK0001053532,AVSB099031FC50A1283,0001053532,LaSalle Hotel Properties,LHO,NYSE,6798,finance_insurance_real_estate,2011Q1,us,MD,1998-04-24,2019-12-31,Alpha Vantage listing interval,resolved_cik,True,2,"ranked by active quarter-end evidence, exchange, and plain common-stock symbol",2011|NYSE|finance_insurance_real_estate,1419,8,0.0056377731,177.3750000000,20260916,terminal_provider_unavailability,pilot_live,3,artifacts/representative_coverage_pilot_v20260916/raw/CIK0001053532/LHO/2011Q1/attempt_03_20260917035643849984.json,66a2137888b37c664ef422e62143cdc9d84915203345c4152131cc5caa6048fd,no_transcript,provider returned no usable transcript segments,not_applicable,,,,,,unresolved,
CIK0001089872,AVSC4FC4AAF9E8D8943,0001089872,Gaia Inc - Class A,GAIA,NASDAQ,7812,services,2011Q1,us,CO,1999-10-29,2019-12-31,Alpha Vantage listing interval,resolved_cik,True,1,only eligible resolved security,2011|NASDAQ|services,1190,6,0.0050420168,198.3333333333,20260916,terminal_provider_unavailability,pilot_live,3,artifacts/representative_coverage_pilot_v20260916/raw/CIK0001089872/GAIA/2011Q1/attempt_03_20260917035645852832.json,ab57a3249e177ad2e42b887452b8823f82a868da2aedb9bbf474388cde612ded,no_transcript,provider returned no usable transcript segments,not_applicable,,,,,,unresolved,
CIK0001095565,AVS5136367AC97656A1,0001095565,Healthstream Inc,HSTM,NASDAQ,7370,services,2011Q1,us,TN,2000-04-11,2019-12-31,Alpha Vantage listing interval,resolved_cik,True,1,only eligible resolved security,2011|NASDAQ|services,1190,6,0.0050420168,198.3333333333,20260916,terminal_provider_unavailability,pilot_live,3,artifacts/representative_coverage_pilot_v20260916/raw/CIK0001095565/HSTM/2011Q1/attempt_03_20260917035647856532.json,94b71a69efdd9275dd7a25a6dcdb0d2315873d49528c6e5ff8ca202699102d1f,no_transcript,provider returned no usable transcript segments,not_applicable,,,,,,unresolved,
CIK0001126741,AVSF249D1427F3CB62F,0001126741,GSI Technology Inc,GSIT,NASDAQ,3674,manufacturing,2011Q1,us,DE,2007-03-29,2019-12-31,Alpha Vantage listing interval,resolved_cik,True,1,only eligible resolved security,2011|NASDAQ|manufacturing,2750,15,0.0054545455,183.3333333333,20260916,terminal_provider_unavailability,pilot_live,2,artifacts/representative_coverage_pilot_v20260916/raw/CIK0001126741/GSIT/2011Q1/attempt_02_20260917050031887602.json,914f14e69af4acac99294c14e71b31c6f8f783051b439d3c2539da47687fc906,no_transcript,provider returned no usable transcript segments,not_applicable,,,,,,unresolved,
CIK0001298675,AVS39C0FFCF32A33721,0001298675,CubeSmart,CUBE,NYSE,6798,finance_insurance_real_estate,2011Q1,us,MD,2004-10-22,2019-12-31,Alpha Vantage listing interval,resolved_cik,True,1,only eligible resolved security,2011|NYSE|finance_insurance_real_estate,1419,8,0.0056377731,177.3750000000,20260916,terminal_provider_unavailability,pilot_live,2,artifacts/representative_coverage_pilot_v20260916/raw/CIK0001298675/CUBE/2011Q1/attempt_02_20260917050033888100.json,01dcdf78e861ac1a70d22b1616c3e65670916b1f378a5310d9896f2927a95cab,no_transcript,provider returned no usable transcript segments,not_applicable,,,,,,unresolved,
CIK0001419521,AVSC80CE88AAA2DD3CC,0001419521,Hatteras Financial Corp,HTS,NYSE,6798,finance_insurance_real_estate,2011Q1,us,,2008-04-29,2019-12-31,Alpha Vantage listing interval,resolved_cik,True,2,"ranked by active quarter-end evidence, exchange, and plain common-stock symbol",2011|NYSE|finance_insurance_real_estate,1419,8,0.0056377731,177.3750000000,20260916,terminal_provider_unavailability,pilot_live,3,artifacts/representative_coverage_pilot_v20260916/raw/CIK0001419521/HTS/2011Q1/attempt_03_20260917035651867275.json,7018377a2d59782a5f8843617ffe44a08ca6cbead1073dcb810eb375357f257c,no_transcript,provider returned no usable transcript segments,not_applicable,,,,,,unresolved,
CIK0001442236,AVS07C0B35D77ED76CC,0001442236,Quest Resource Holding Corp,QRHC,NASDAQ,4953,transportation_communications_utilities,2011Q1,us,NV,2010-01-05,2019-12-31,Alpha Vantage listing interval,resolved_cik,True,1,only eligible resolved security,2011|NASDAQ|transportation_communications_utilities,446,2,0.0044843049,223.0000000000,20260916,terminal_provider_unavailability,pilot_live,3,artifacts/representative_coverage_pilot_v20260916/raw/CIK0001442236/QRHC/2011Q1/attempt_03_20260917035653871036.json,401a8df76125e3511548399b368f63e4de1b42a2f2932d5419d6923bc671915f,no_transcript,provider returned no usable transcript segments,not_applicable,,,,,,unresolved,
CIK0000101382,AVS0F38D7ACF0185C7D,0000101382,UMB Financial Corp,UMBF,NASDAQ,6021,finance_insurance_real_estate,2011Q2,us,MO,1990-03-27,2019-12-31,Alpha Vantage listing interval,resolved_cik,True,1,only eligible resolved security,2011|NASDAQ|finance_insurance_real_estate,1715,9,0.0052478134,190.5555555556,20260916,terminal_provider_unavailability,pilot_live,3,artifacts/representative_coverage_pilot_v20260916/raw/CIK0000101382/UMBF/2011Q2/attempt_03_20260917035655877111.json,ac492ee13657d2c898f30f786ead7031c89c4a4d233dc75aa4d665ce77495144,no_transcript,provider returned no usable transcript segments,not_applicable,,,,,,unresolved,
CIK0000104897,AVSB859ED8F0EB47574,0000104897,WSI Industries Inc,WSCI,NASDAQ,3540,manufacturing,2011Q2,us,MN,1990-03-27,2019-12-31,Alpha Vantage listing interval,resolved_cik,True,2,"ranked by active quarter-end evidence, exchange, and plain common-stock symbol",2011|NASDAQ|manufacturing,2750,15,0.0054545455,183.3333333333,20260916,terminal_provider_unavailability,pilot_live,3,artifacts/representative_coverage_pilot_v20260916/raw/CIK0000104897/WSCI/2011Q2/attempt_03_20260917035657884439.json,c202ff14d207ad78dfc404ea464231d4723ad2a3986e3411e0836b12979d79be,no_transcript,provider returned no usable transcript segments,not_applicable,,,,,,unresolved,
CIK0000714256,AVS4C6CF3D293F16314,0000714256,Sanara MedTech Inc,SMTI,NASDAQ,3842,manufacturing,2011Q2,us,TX,2011-02-22,2019-12-31,Alpha Vantage listing interval,resolved_cik,True,1,only eligible resolved security,2011|NASDAQ|manufacturing,2750,15,0.0054545455,183.3333333333,20260916,terminal_provider_unavailability,pilot_live,3,artifacts/representative_coverage_pilot_v20260916/raw/CIK0000714256/SMTI/2011Q2/attempt_03_20260917035659889564.json,be8929ab49aabc18e9b10fa905a1ff9d2a2906ac40a5b1b2e4b1040964c3221f,no_transcript,provider returned no usable transcript segments,not_applicable,,,,,,unresolved,
CIK0000849146,AVSDA4297C82C522E3A,0000849146,Lifevantage Corporation,LFVN,NASDAQ,2834,manufacturing,2011Q2,us,,2004-10-05,2019-12-31,Alpha Vantage listing interval,resolved_cik,True,1,only eligible resolved security,2011|NASDAQ|manufacturing,2750,15,0.0054545455,183.3333333333,20260916,terminal_provider_unavailability,pilot_live,3,artifacts/representative_coverage_pilot_v20260916/raw/CIK0000849146/LFVN/2011Q2/attempt_03_20260917035701894608.json,cd98f94285b6e8e47e0574dce41bbc70baf7d2ea21d5e56f1fc173064475fc43,no_transcript,provider returned no usable transcript segments,not_applicable,,,,,,unresolved,
CIK0000872912,AVS63FAC84B5ED91591,0000872912,Delcath Systems Inc,DCTH,NASDAQ,3841,manufacturing,2011Q2,us,DE,2002-05-02,2019-12-31,Alpha Vantage listing interval,resolved_cik,True,1,only eligible resolved security,2011|NASDAQ|manufacturing,2750,15,0.0054545455,183.3333333333,20260916,terminal_provider_unavailability,pilot_live,2,artifacts/representative_coverage_pilot_v20260916/raw/CIK0000872912/DCTH/2011Q2/attempt_02_20260917050035893130.json,1dd0453aa7f41124463e65aca70966c206c2ed3118f6966c18360d3e9563c895,no_transcript,provider returned no usable transcript segments,not_applicable,,,,,,unresolved,
CIK0000886346,AVSD92DC8A8885DCB2B,0000886346,Kadant Inc,KAI,NYSE,3550,manufacturing,2011Q2,us,DE,1992-11-03,2019-12-31,Alpha Vantage listing interval,resolved_cik,True,1,only eligible resolved security,2011|NYSE|manufacturing,1805,10,0.0055401662,180.5000000000,20260916,terminal_provider_unavailability,pilot_live,3,artifacts/representative_coverage_pilot_v20260916/raw/CIK0000886346/KAI/2011Q2/attempt_03_20260917035703899650.json,d24a4ae5f110294a9efc9c5922c5ff1e72660b34fe1a1be95d40485b61badcca,no_transcript,provider returned no usable transcript segments,not_applicable,,,,,,unresolved,
CIK0001195933,AVS7C1C838707F9935F,0001195933,Infinity Property and Casualty Corp,IPCC,NASDAQ,6331,finance_insurance_real_estate,2011Q2,us,OH,2003-02-12,2019-12-31,Alpha Vantage listing interval,resolved_cik,True,2,"ranked by active quarter-end evidence, exchange, and plain common-stock symbol",2011|NASDAQ|finance_insurance_real_estate,1715,9,0.0052478134,190.5555555556,20260916,terminal_provider_unavailability,pilot_live,3,artifacts/representative_coverage_pilot_v20260916/raw/CIK0001195933/IPCC/2011Q2/attempt_03_20260917035711922410.json,d2646eea0e78bccb0ac46be7e7c2c27a13248a7dcfdcffde19843d4a0c667435,no_transcript,provider returned no usable transcript segments,not_applicable,,,,,,unresolved,
CIK0001302177,AVS729571064B939394,0001302177,Pokertek Inc,PTEK,NASDAQ,3990,manufacturing,2011Q2,us,NC,2005-10-14,2019-12-31,Alpha Vantage listing interval,resolved_cik,True,2,"ranked by active quarter-end evidence, exchange, and plain common-stock symbol",2011|NASDAQ|manufacturing,2750,15,0.0054545455,183.3333333333,20260916,terminal_provider_unavailability,pilot_live,2,artifacts/representative_coverage_pilot_v20260916/raw/CIK0001302177/PTEK/2011Q2/attempt_02_20260917050037893436.json,7bc27573b418d10f3fc81d915a3d62a196d22bfcee67dd1a577f1a4eff19d1c9,no_transcript,provider returned no usable transcript segments,not_applicable,,,,,,unresolved,
CIK0001373988,AVS0517E6F5E8EE6E05,0001373988,Essex Rental Corp,ESSX,NASDAQ,7350,services,2011Q2,us,IL,2007-03-27,2019-12-31,Alpha Vantage listing interval,resolved_cik,True,2,"ranked by active quarter-end evidence, exchange, and plain common-stock symbol",2011|NASDAQ|services,1190,6,0.0050420168,198.3333333333,20260916,terminal_provider_unavailability,pilot_live,3,artifacts/representative_coverage_pilot_v20260916/raw/CIK0001373988/ESSX/2011Q2/attempt_03_20260917035715932409.json,0bbf68c0c9658790082dff46020149fbd4c8d955cbc96d8c3ce1a9d4727dfeaf,no_transcript,provider returned no usable transcript segments,not_applicable,,,,,,unresolved,
CIK0001375247,AVS4155864C07E10EEB,0001375247,Obagi Medical Products Inc,OMPI,NASDAQ,2834,manufacturing,2011Q2,us,DE,2006-12-28,2019-12-31,Alpha Vantage listing interval,resolved_cik,True,2,"ranked by active quarter-end evidence, exchange, and plain common-stock symbol",2011|NASDAQ|manufacturing,2750,15,0.0054545455,183.3333333333,20260916,terminal_provider_unavailability,pilot_live,2,artifacts/representative_coverage_pilot_v20260916/raw/CIK0001375247/OMPI/2011Q2/attempt_02_20260917050039898465.json,777b7277a1da562df8be6cc6ba613613c1705c356c935b3a70d007f150528ce8,no_transcript,provider returned no usable transcript segments,not_applicable,,,,,,unresolved,
CIK0001377789,AVS50644F16D8F38D79,0001377789,Aviat Networks Inc,AVNW,NASDAQ,3663,manufacturing,2011Q2,us,DE,1991-02-07,2019-12-31,Alpha Vantage listing interval,resolved_cik,True,1,only eligible resolved security,2011|NASDAQ|manufacturing,2750,15,0.0054545455,183.3333333333,20260916,terminal_provider_unavailability,pilot_live,3,artifacts/representative_coverage_pilot_v20260916/raw/CIK0001377789/AVNW/2011Q2/attempt_03_20260917035717934978.json,27605d74d34f7e42150035960e54d32fd3aaa576b0768a1da46da554cf598b60,no_transcript,provider returned no usable transcript segments,not_applicable,,,,,,unresolved,
CIK0001383312,AVS47A3F28D13C52563,0001383312,Broadridge Financial Solutions Inc,BR,NYSE,7389,services,2011Q2,us,DE,2007-04-02,2019-12-31,Alpha Vantage listing interval,resolved_cik,True,1,only eligible resolved security,2011|NYSE|services,603,3,0.0049751244,201.0000000000,20260916,terminal_provider_unavailability,pilot_live,3,artifacts/representative_coverage_pilot_v20260916/raw/CIK0001383312/BR/2011Q2/attempt_03_20260917035719940020.json,5bc92c5c5ea1c6ad865b95c76dd55a687548f1fef87129247030e2b231a36f16,no_transcript,provider returned no usable transcript segments,not_applicable,,,,,,unresolved,
CIK0001422892,AVSDB191679AB030BAF,0001422892,Singularity Future Technology Ltd,SGLY,NASDAQ,4731,transportation_communications_utilities,2011Q2,us,,2008-05-21,2019-12-31,Alpha Vantage listing interval,resolved_cik,True,1,only eligible resolved security,2011|NASDAQ|transportation_communications_utilities,446,2,0.0044843049,223.0000000000,20260916,terminal_provider_unavailability,pilot_live,3,artifacts/representative_coverage_pilot_v20260916/raw/CIK0001422892/SGLY/2011Q2/attempt_03_20260917035721944615.json,103dfe199b6203d920a8ecc592f06ae7da8fa5d61b01f05ba99c378b5a274e8d,no_transcript,provider returned no usable transcript segments,not_applicable,,,,,,unresolved,
CIK0000060751,AVS846002AEDA58DD25,0000060751,LUBRIZOL Corp,LZ,NYSE,2860,manufacturing,2011Q3,us,OH,2001-01-02,2019-12-31,Alpha Vantage listing interval,resolved_cik,True,2,"ranked by active quarter-end evidence, exchange, and plain common-stock symbol",2011|NYSE|manufacturing,1805,10,0.0055401662,180.5000000000,20260916,terminal_provider_unavailability,pilot_live,3,artifacts/representative_coverage_pilot_v20260916/raw/CIK0000060751/LZ/2011Q3/attempt_03_20260917035723950632.json,fc64dfcf55ee4d6461453c0852fb3268ca6ac0678962636fcaa6bfeace9944e6,no_transcript,provider returned no usable transcript segments,not_applicable,,,,,,unresolved,
CIK0000350737,AVS1E11FD52509DB028,0000350737,Ocean Bio-Chem Inc,OBCI,NASDAQ,2842,manufacturing,2011Q3,us,FL,1995-07-13,2019-12-31,Alpha Vantage listing interval,resolved_cik,True,1,only eligible resolved security,2011|NASDAQ|manufacturing,2750,15,0.0054545455,183.3333333333,20260916,terminal_provider_unavailability,pilot_live,3,artifacts/representative_coverage_pilot_v20260916/raw/CIK0000350737/OBCI/2011Q3/attempt_03_20260917035725955666.json,439668665442a1d2ca32682f64ccff5a37dffcbff15c5ed7a8eb11ae92e60d1f,no_transcript,provider returned no usable transcript segments,not_applicable,,,,,,unresolved,
CIK0000778734,AVSC37F581AE48313D5,0000778734,Measurement Specialties Inc,MEAS,NASDAQ,3829,manufacturing,2011Q3,us,NJ,1993-04-26,2019-12-31,Alpha Vantage listing interval,resolved_cik,True,2,"ranked by active quarter-end evidence, exchange, and plain common-stock symbol",2011|NASDAQ|manufacturing,2750,15,0.0054545455,183.3333333333,20260916,terminal_provider_unavailability,pilot_live,3,artifacts/representative_coverage_pilot_v20260916/raw/CIK0000778734/MEAS/2011Q3/attempt_03_20260917035727961341.json,08a566bddbc3e2ab8d6ed74a66c89d7906f35b0bf860ae6b7279d1faf81ded48,no_transcript,provider returned no usable transcript segments,not_applicable,,,,,,unresolved,
CIK0000785161,AVSCC702659B9C42261,0000785161,HEALTHSOUTH Corp,HLS,NYSE,8060,services,2011Q3,us,DE,1989-09-13,2019-12-31,Alpha Vantage listing interval,resolved_cik,True,2,"ranked by active quarter-end evidence, exchange, and plain common-stock symbol",2011|NYSE|services,603,3,0.0049751244,201.0000000000,20260916,terminal_provider_unavailability,pilot_live,3,artifacts/representative_coverage_pilot_v20260916/raw/CIK0000785161/HLS/2011Q3/attempt_03_20260917035729971939.json,7792d26d2095906f7fb67140f597c85b77b46d26dee3fe9eb07dd322a5df0c60,no_transcript,provider returned no usable transcript segments,not_applicable,,,,,,unresolved,
CIK0000821026,AVS562D0D35CF35D364,0000821026,Andersons Inc,ANDE,NASDAQ,5150,wholesale_trade,2011Q3,us,OH,1996-02-20,2019-12-31,Alpha Vantage listing interval,resolved_cik,True,1,only eligible resolved security,2011|NASDAQ|wholesale_trade,168,1,0.0059523810,168.0000000000,20260916,terminal_provider_unavailability,pilot_live,3,artifacts/representative_coverage_pilot_v20260916/raw/CIK0000821026/ANDE/2011Q3/attempt_03_20260917035731977111.json,fb57ed61bdf87935096bc72be3a46d5627e2603a7070038cbe8a59a6adcc65cc,no_transcript,provider returned no usable transcript segments,not_applicable,,,,,,unresolved,
CIK0000845289,AVS22DACBDC86FDB629,0000845289,Harvest Natural Resources Inc,HNR,NYSE,1311,mining,2011Q3,us,DE,1989-11-07,2019-12-31,Alpha Vantage listing interval,resolved_cik,True,2,"ranked by active quarter-end evidence, exchange, and plain common-stock symbol",2011|NYSE|mining,384,2,0.0052083333,192.0000000000,20260916,terminal_provider_unavailability,pilot_live,3,artifacts/representative_coverage_pilot_v20260916/raw/CIK0000845289/HNR/2011Q3/attempt_03_20260917035733982152.json,9c099ee55a0f9945f15392c1f2e6e47a2ed427f9a6b404106ad651cee9e0dd98,no_transcript,provider returned no usable transcript segments,not_applicable,,,,,,unresolved,
CIK0000867374,AVS87A0517416EA4FE4,0000867374,Electronics For Imaging Inc,EFII,NASDAQ,3576,manufacturing,2011Q3,us,DE,1992-10-02,2019-12-31,Alpha Vantage listing interval,resolved_cik,True,2,"ranked by active quarter-end evidence, exchange, and plain common-stock symbol",2011|NASDAQ|manufacturing,2750,15,0.0054545455,183.3333333333,20260916,terminal_provider_unavailability,pilot_live,2,artifacts/representative_coverage_pilot_v20260916/raw/CIK0000867374/EFII/2011Q3/attempt_02_20260917050041903486.json,4329429fb9a83ae02a05515b238dfd0beba703e3e593fc1744a1f3dc93f8ffa5,no_transcript,provider returned no usable transcript segments,not_applicable,,,,,,unresolved,
CIK0000934648,AVS4CD7FB4EFE4B92F2,0000934648,Speedway Motorsports Inc,TRK,NYSE,7948,services,2011Q3,us,DE,1995-02-24,2019-12-31,Alpha Vantage listing interval,resolved_cik,True,2,"ranked by active quarter-end evidence, exchange, and plain common-stock symbol",2011|NYSE|services,603,3,0.0049751244,201.0000000000,20260916,terminal_provider_unavailability,pilot_live,3,artifacts/representative_coverage_pilot_v20260916/raw/CIK0000934648/TRK/2011Q3/attempt_03_20260917035735986033.json,16038a7ee915ef344d45ca7b2b6332adadc7cfd71a10d54fa4d883e48ccf6112,no_transcript,provider returned no usable transcript segments,not_applicable,,,,,,unresolved,
CIK0001023128,AVS3BB0512CE96F8CAA,0001023128,Lithia Motors Inc - Class A,LAD,NYSE,5500,retail_trade,2011Q3,us,OR,1996-12-18,2019-12-31,Alpha Vantage listing interval,resolved_cik,True,1,only eligible resolved security,2011|NYSE|retail_trade,305,2,0.0065573770,152.5000000000,20260916,terminal_provider_unavailability,pilot_live,3,artifacts/representative_coverage_pilot_v20260916/raw/CIK0001023128/LAD/2011Q3/attempt_03_20260917035737993820.json,ceffd288b85f10b44efa66b67f1c013abdacc892201145bb4364b0d3842a9b40,no_transcript,provider returned no usable transcript segments,not_applicable,,,,,,unresolved,
CIK0001196298,AVS024252D5E1E279A2,0001196298,Nephros Inc,NEPH,NASDAQ,3841,manufacturing,2011Q3,us,DE,2009-01-22,2019-12-31,Alpha Vantage listing interval,resolved_cik,True,1,only eligible resolved security,2011|NASDAQ|manufacturing,2750,15,0.0054545455,183.3333333333,20260916,terminal_provider_unavailability,pilot_live,2,artifacts/representative_coverage_pilot_v20260916/raw/CIK0001196298/NEPH/2011Q3/attempt_02_20260917050043906078.json,9accc3ec77ab16420990211db5f57783a1b2688ab2954d719f1074bc966dc9b5,no_transcript,provider returned no usable transcript segments,not_applicable,,,,,,unresolved,
CIK0001228454,AVS98D922049A2F3A67,0001228454,BCB Bancorp Inc (NJ),BCBP,NASDAQ,6035,finance_insurance_real_estate,2011Q3,us,NJ,2003-10-15,2019-12-31,Alpha Vantage listing interval,resolved_cik,True,1,only eligible resolved security,2011|NASDAQ|finance_insurance_real_estate,1715,9,0.0052478134,190.5555555556,20260916,terminal_provider_unavailability,pilot_live,2,artifacts/representative_coverage_pilot_v20260916/raw/CIK0001228454/BCBP/2011Q3/attempt_02_20260917050045911101.json,705b8751c6e213e9581a860ed8ef8d720cb63e7284af6770324b0d5345d6ec36,no_transcript,provider returned no usable transcript segments,not_applicable,,,,,,unresolved,
CIK0001259429,AVSFDBE361A9EBC68F6,0001259429,TICC Capital Corp,TICC,NASDAQ,,unknown,2011Q3,us,MD,2003-11-24,2019-12-31,Alpha Vantage listing interval,resolved_cik,True,2,"ranked by active quarter-end evidence, exchange, and plain common-stock symbol",2011|NASDAQ|unknown,94,1,0.0106382979,94.0000000000,20260916,terminal_provider_unavailability,pilot_live,2,artifacts/representative_coverage_pilot_v20260916/raw/CIK0001259429/TICC/2011Q3/attempt_02_20260917050047915557.json,3fc20c5857278f286e49fdcb02cfe05c2b20cec444febc282960893cf3d129b6,no_transcript,provider returned no usable transcript segments,not_applicable,,,,,,unresolved,
CIK0001280058,AVS067F5A66B59AA962,0001280058,Blackbaud Inc,BLKB,NASDAQ,7372,services,2011Q3,us,DE,2004-07-26,2019-12-31,Alpha Vantage listing interval,resolved_cik,True,1,only eligible resolved security,2011|NASDAQ|services,1190,6,0.0050420168,198.3333333333,20260916,terminal_provider_unavailability,pilot_live,2,artifacts/representative_coverage_pilot_v20260916/raw/CIK0001280058/BLKB/2011Q3/attempt_02_20260917050049920581.json,b5cb54a939d0332ec4b7339ada6b7c25cbfc457cfaffdf43336540ef6de15f73,no_transcript,provider returned no usable transcript segments,not_applicable,,,,,,unresolved,
CIK0001286043,AVSDAEA829E6CEA712C,0001286043,Kite Realty Group Trust,KRG,NYSE,6798,finance_insurance_real_estate,2011Q3,us,MD,2004-08-11,2019-12-31,Alpha Vantage listing interval,resolved_cik,True,1,only eligible resolved security,2011|NYSE|finance_insurance_real_estate,1419,8,0.0056377731,177.3750000000,20260916,terminal_provider_unavailability,pilot_live,3,artifacts/representative_coverage_pilot_v20260916/raw/CIK0001286043/KRG/2011Q3/attempt_03_20260917035742006430.json,473ade9ae4ffb8f6af675e007af78cc28bca541f77024747a89a1760f4c11ff4,no_transcript,provider returned no usable transcript segments,not_applicable,,,,,,unresolved,
CIK0001325670,AVSFAB42384023BE988,0001325670,Primis Financial Corp,FRST,NASDAQ,6022,finance_insurance_real_estate,2011Q3,us,VA,2006-11-01,2019-12-31,Alpha Vantage listing interval,resolved_cik,True,1,only eligible resolved security,2011|NASDAQ|finance_insurance_real_estate,1715,9,0.0052478134,190.5555555556,20260916,terminal_provider_unavailability,pilot_live,2,artifacts/representative_coverage_pilot_v20260916/raw/CIK0001325670/FRST/2011Q3/attempt_02_20260917050051923116.json,498007d3e744cd543ee8caff593b4b6907808a3057a0a4cd21f1f8f44c1b3b5e,no_transcript,provider returned no usable transcript segments,not_applicable,,,,,,unresolved,
CIK0001404296,AVS7D2758B541C81496,0001404296,Atlantic Coast Financial Corp,ACFC,NASDAQ,6035,finance_insurance_real_estate,2011Q3,us,,2004-10-05,2019-12-31,Alpha Vantage listing interval,resolved_cik,True,2,"ranked by active quarter-end evidence, exchange, and plain common-stock symbol",2011|NASDAQ|finance_insurance_real_estate,1715,9,0.0052478134,190.5555555556,20260916,terminal_provider_unavailability,pilot_live,3,artifacts/representative_coverage_pilot_v20260916/raw/CIK0001404296/ACFC/2011Q3/attempt_03_20260917035744011473.json,0d2606eaaf375267cb94fb7e6f0a4c3821ce4a95b39370538e7ee5e70a24721e,no_transcript,provider returned no usable transcript segments,not_applicable,,,,,,unresolved,
CIK0001467027,AVS3371045112C00FE1,0001467027,Crexus Investment Corp,CXS,NYSE,6798,finance_insurance_real_estate,2011Q3,us,MD,2009-09-17,2019-12-31,Alpha Vantage listing interval,resolved_cik,True,2,"ranked by active quarter-end evidence, exchange, and plain common-stock symbol",2011|NYSE|finance_insurance_real_estate,1419,8,0.0056377731,177.3750000000,20260916,terminal_provider_unavailability,pilot_live,2,artifacts/representative_coverage_pilot_v20260916/raw/CIK0001467027/CXS/2011Q3/attempt_02_20260917050053928138.json,2d7f0b325f673a451419da97c5502e5e1b5416ddedebee5b4b69a42418de29cb,no_transcript,provider returned no usable transcript segments,not_applicable,,,,,,unresolved,
CIK0001485469,AVSF0525AD4EECFD2C5,0001485469,Tower International Inc,TOWR,NYSE,3714,manufacturing,2011Q3,us,DE,2010-10-15,2019-12-31,Alpha Vantage listing interval,resolved_cik,True,2,"ranked by active quarter-end evidence, exchange, and plain common-stock symbol",2011|NYSE|manufacturing,1805,10,0.0055401662,180.5000000000,20260916,terminal_provider_unavailability,pilot_live,3,artifacts/representative_coverage_pilot_v20260916/raw/CIK0001485469/TOWR/2011Q3/attempt_03_20260917035748020758.json,e74e58883d2ef13cae8748bf98f8b2f919b121121af6d28a22f56ba3a59ab3d7,no_transcript,provider returned no usable transcript segments,not_applicable,,,,,,unresolved,
CIK0000014693,AVS678515F7E8F6FB2B,0000014693,Brown-Forman Corp - Class A,BF-A,NYSE,2080,manufacturing,2011Q4,us,DE,1973-05-03,2019-12-31,Alpha Vantage listing interval,resolved_cik,True,2,"ranked by active quarter-end evidence, exchange, and plain common-stock symbol",2011|NYSE|manufacturing,1805,10,0.0055401662,180.5000000000,20260916,terminal_provider_unavailability,pilot_live,2,artifacts/representative_coverage_pilot_v20260916/raw/CIK0000014693/BF-A/2011Q4/attempt_02_20260917002844445949.json,20aa6ea9c245b97ea82d2cd847cc16c59bd7200f14b280c4cc7d0d9c9705f4ab,no_transcript,provider returned no usable transcript segments,not_applicable,,,,,,unresolved,
CIK0000711669,AVSDB51C807BE357FA6,0000711669,Colony Bankcorp Inc,CBAN,NYSE,6022,finance_insurance_real_estate,2011Q4,us,GA,1998-04-02,2019-12-31,Alpha Vantage listing interval,resolved_cik,True,1,only eligible resolved security,2011|NYSE|finance_insurance_real_estate,1419,8,0.0056377731,177.3750000000,20260916,terminal_provider_unavailability,pilot_live,3,artifacts/representative_coverage_pilot_v20260916/raw/CIK0000711669/CBAN/2011Q4/attempt_03_20260917035750024227.json,6e0e361e8c6bdd9f7bdbceb250d1db80112da81bb20e3f4a894777d95f4de9eb,no_transcript,provider returned no usable transcript segments,not_applicable,,,,,,unresolved,
CIK0000793524,AVSAF6A61870482942C,0000793524,Research Frontiers Inc,REFR,NASDAQ,6794,finance_insurance_real_estate,2011Q4,us,DE,1993-12-20,2019-12-31,Alpha Vantage listing interval,resolved_cik,True,1,only eligible resolved security,2011|NASDAQ|finance_insurance_real_estate,1715,9,0.0052478134,190.5555555556,20260916,terminal_provider_unavailability,pilot_live,3,artifacts/representative_coverage_pilot_v20260916/raw/CIK0000793524/REFR/2011Q4/attempt_03_20260917035752028405.json,ea4ba0a54df0bf79650c477bfc4b1e4211986720a02dd20d14051b6cadaa74b5,no_transcript,provider returned no usable transcript segments,not_applicable,,,,,,unresolved,
CIK0001057706,AVSF4BF8FF23E10F149,0001057706,First Bancorp PR,FBP,NYSE,6022,finance_insurance_real_estate,2011Q4,us,PR,1992-02-25,2019-12-31,Alpha Vantage listing interval,resolved_cik,True,1,only eligible resolved security,2011|NYSE|finance_insurance_real_estate,1419,8,0.0056377731,177.3750000000,20260916,terminal_provider_unavailability,pilot_live,3,artifacts/representative_coverage_pilot_v20260916/raw/CIK0001057706/FBP/2011Q4/attempt_03_20260917035756035748.json,415c7f05b011239b71506d5db19497adc5448811dad825e8a8ef4ed68890c287,no_transcript,provider returned no usable transcript segments,not_applicable,,,,,,unresolved,
CIK0001075607,AVS35CC173725990D5F,0001075607,TC Pipelines LP,TCP,NYSE,4922,transportation_communications_utilities,2011Q4,us,DE,1999-05-25,2019-12-31,Alpha Vantage listing interval,resolved_cik,True,1,only eligible resolved security,2011|NYSE|transportation_communications_utilities,619,3,0.0048465267,206.3333333333,20260916,terminal_provider_unavailability,pilot_live,3,artifacts/representative_coverage_pilot_v20260916/raw/CIK0001075607/TCP/2011Q4/attempt_03_20260917035758040792.json,c7ce9dca90e65c1d5e1e4fffb99f2612a9b29d428f76d216adbd8bff23692a4a,no_transcript,provider returned no usable transcript segments,not_applicable,,,,,,unresolved,
CIK0001095981,AVS72731D15FB76F218,0001095981,Cerenome Inc,CNSY,NASDAQ,3841,manufacturing,2011Q4,us,DE,2000-11-16,2019-12-31,Alpha Vantage listing interval,resolved_cik,True,1,only eligible resolved security,2011|NASDAQ|manufacturing,2750,15,0.0054545455,183.3333333333,20260916,terminal_provider_unavailability,pilot_live,3,artifacts/representative_coverage_pilot_v20260916/raw/CIK0001095981/CNSY/2011Q4/attempt_03_20260917035800043649.json,298b15b887013fddae7ee033e3f826ad4d332233d0f022cbd33f50be4cd6781a,no_transcript,provider returned no usable transcript segments,not_applicable,,,,,,unresolved,
CIK0001157647,AVS5B0022546B190C1B,0001157647,Westfield Financial Inc,WFD,NASDAQ,6035,finance_insurance_real_estate,2011Q4,us,MA,2001-12-28,2019-12-31,Alpha Vantage listing interval,resolved_cik,True,3,"ranked by active quarter-end evidence, exchange, and plain common-stock symbol",2011|NASDAQ|finance_insurance_real_estate,1715,9,0.0052478134,190.5555555556,20260916,terminal_provider_unavailability,pilot_live,2,artifacts/representative_coverage_pilot_v20260916/raw/CIK0001157647/WFD/2011Q4/attempt_02_20260917050055933165.json,2109c0942f639960a6ed514baa6b1f6ad80ac35c35f4d58b81148c113b00b246,no_transcript,provider returned no usable transcript segments,not_applicable,,,,,,unresolved,
CIK0001406666,AVS2765E74AB316EFFA,0001406666,Calix Inc,CALX,NYSE,4899,transportation_communications_utilities,2011Q4,us,,2010-03-24,2019-12-31,Alpha Vantage listing interval,resolved_cik,True,1,only eligible resolved security,2011|NYSE|transportation_communications_utilities,619,3,0.0048465267,206.3333333333,20260916,terminal_provider_unavailability,pilot_live,2,artifacts/representative_coverage_pilot_v20260916/raw/CIK0001406666/CALX/2011Q4/attempt_02_20260917050057933975.json,8878efb769caf275e9e8fc6cb36ed099fd23adfdc2240c274f838522281a21cd,no_transcript,provider returned no usable transcript segments,not_applicable,,,,,,unresolved,
CIK0000061478,AVSE7B0AFF449281F40,0000061478,ADC TELECOMMUNICATIONS INC,ADCT,NYSE,3661,manufacturing,2012Q1,us,MN,2001-01-02,2019-12-31,Alpha Vantage listing interval,resolved_cik,False,1,only eligible resolved security,2012|NYSE|manufacturing,1871,10,0.0053447354,187.1000000000,20260916,terminal_provider_unavailability,pilot_live,3,artifacts/representative_coverage_pilot_v20260916/raw/CIK0000061478/ADCT/2012Q1/attempt_03_20260917035808061738.json,c476cd8e62606ca62728372e55559ac0212cc1fbcacf8e2085fd614c71282016,no_transcript,provider returned no usable transcript segments,not_applicable,,,,,,unresolved,
CIK0000911583,AVSEB8FDBE1D6023DD3,0000911583,Steinway Musical Instruments Inc,LVB,NYSE,3931,manufacturing,2012Q1,us,DE,2006-12-28,2019-12-31,Alpha Vantage listing interval,resolved_cik,True,2,"ranked by active quarter-end evidence, exchange, and plain common-stock symbol",2012|NYSE|manufacturing,1871,10,0.0053447354,187.1000000000,20260916,terminal_provider_unavailability,pilot_live,2,artifacts/representative_coverage_pilot_v20260916/raw/CIK0000911583/LVB/2012Q1/attempt_02_20260917050059934247.json,77c575338606a52971d0111d870bb071ea646c5753d05f7d6a37d25af2e134eb,no_transcript,provider returned no usable transcript segments,not_applicable,,,,,,unresolved,
CIK0001023024,AVS8F6AF0547B350DAE,0001023024,ANI Pharmaceuticals Inc,ANIP,NASDAQ,2834,manufacturing,2012Q1,us,DE,2000-05-05,2019-12-31,Alpha Vantage listing interval,resolved_cik,True,1,only eligible resolved security,2012|NASDAQ|manufacturing,2897,15,0.0051777701,193.1333333333,20260916,terminal_provider_unavailability,pilot_live,2,artifacts/representative_coverage_pilot_v20260916/raw/CIK0001023024/ANIP/2012Q1/attempt_02_20260917050101937948.json,6c79e8158ca7c080f1f7816aa281e302270872aef39773421f0e774464b65ba9,no_transcript,provider returned no usable transcript segments,not_applicable,,,,,,unresolved,
CIK0001051343,AVS91427B8EB53825DC,0001051343,Community West Bancshares,CWBC,NASDAQ,6022,finance_insurance_real_estate,2012Q1,us,CA,1996-11-19,2019-12-31,Alpha Vantage listing interval,resolved_cik,True,2,"ranked by active quarter-end evidence, exchange, and plain common-stock symbol",2012|NASDAQ|finance_insurance_real_estate,1769,9,0.0050876201,196.5555555556,20260916,terminal_provider_unavailability,pilot_live,3,artifacts/representative_coverage_pilot_v20260916/raw/CIK0001051343/CWBC/2012Q1/attempt_03_20260917035814077322.json,4aa5300b087a086321a013d14d52e740ff577201384861233fafbb36b34d5806,no_transcript,provider returned no usable transcript segments,not_applicable,,,,,,unresolved,
CIK0001172358,AVS5410B778A7737933,0001172358,Dorchester Minerals LP,DMLP,NASDAQ,1311,mining,2012Q1,us,DE,2003-02-03,2019-12-31,Alpha Vantage listing interval,resolved_cik,True,1,only eligible resolved security,2012|NASDAQ|mining,182,1,0.0054945055,182.0000000000,20260916,terminal_provider_unavailability,pilot_live,3,artifacts/representative_coverage_pilot_v20260916/raw/CIK0001172358/DMLP/2012Q1/attempt_03_20260917035820092399.json,2d7be4ea2090a5aba28f344e60ba1f7b8d5d5ba4b87c17a10792600153efaef5,no_transcript,provider returned no usable transcript segments,not_applicable,,,,,,unresolved,
CIK0001393883,AVSD48148CE1D8AEEC1,0001393883,DHI Group Inc,DHX,NYSE,7389,services,2012Q1,us,DE,2007-07-26,2019-12-31,Alpha Vantage listing interval,resolved_cik,True,1,only eligible resolved security,2012|NYSE|services,656,4,0.0060975610,164.0000000000,20260916,terminal_provider_unavailability,pilot_live,3,artifacts/representative_coverage_pilot_v20260916/raw/CIK0001393883/DHX/2012Q1/attempt_03_20260917035828108150.json,5e971ae107e27cee406766b96f06330fbd2533ec69907110417b34d077c47864,no_transcript,provider returned no usable transcript segments,not_applicable,,,,,,unresolved,
CIK0001409134,AVS8B13C6AD723734DD,0001409134,OSG America L.P.,OSP,NYSE,4400,transportation_communications_utilities,2012Q1,us,DE,2007-11-09,2019-12-31,Alpha Vantage listing interval,resolved_cik,False,1,only eligible resolved security,2012|NYSE|transportation_communications_utilities,642,3,0.0046728972,214.0000000000,20260916,terminal_provider_unavailability,pilot_live,3,artifacts/representative_coverage_pilot_v20260916/raw/CIK0001409134/OSP/2012Q1/attempt_03_20260917035830113236.json,542bba3f94e33f23b40d3495fe34b73459eccc7879fa6e5a5e617a9068dc5583,no_transcript,provider returned no usable transcript segments,not_applicable,,,,,,unresolved,
CIK0001497645,AVS1FBBC97D3083449C,0001497645,Summit Hotel Properties Inc,INN,NYSE,6798,finance_insurance_real_estate,2012Q1,us,MD,2011-02-09,2019-12-31,Alpha Vantage listing interval,resolved_cik,True,1,only eligible resolved security,2012|NYSE|finance_insurance_real_estate,1469,8,0.0054458816,183.6250000000,20260916,terminal_provider_unavailability,pilot_live,2,artifacts/representative_coverage_pilot_v20260916/raw/CIK0001497645/INN/2012Q1/attempt_02_20260917050103942978.json,4a1fcbaccef0f6c9cd2d4034786c7bbdc28f96e28afc17454c8ed9c0592aa487,no_transcript,provider returned no usable transcript segments,not_applicable,,,,,,unresolved,
CIK0000007039,AVS37DA96982223D547,0000007039,Arabian American Development Company,ARSD,NYSE,2911,manufacturing,2012Q2,us,DE,2006-07-31,2019-12-31,Alpha Vantage listing interval,resolved_cik,True,3,"ranked by active quarter-end evidence, exchange, and plain common-stock symbol",2012|NYSE|manufacturing,1871,10,0.0053447354,187.1000000000,20260916,terminal_provider_unavailability,pilot_live,3,artifacts/representative_coverage_pilot_v20260916/raw/CIK0000007039/ARSD/2012Q2/attempt_03_20260917035832118272.json,822de5b2892be9c76fdaccbad4b3b9598cc0d8aeb8b1bc2028a74e3ef17faa5d,no_transcript,provider returned no usable transcript segments,not_applicable,,,,,,unresolved,
CIK0000066382,AVS315A6105EEA130CD,0000066382,MillerKnoll Inc,MLKN,NASDAQ,2520,manufacturing,2012Q2,us,MI,1990-03-26,2019-12-31,Alpha Vantage listing interval,resolved_cik,True,1,only eligible resolved security,2012|NASDAQ|manufacturing,2897,15,0.0051777701,193.1333333333,20260916,terminal_provider_unavailability,pilot_live,3,artifacts/representative_coverage_pilot_v20260916/raw/CIK0000066382/MLKN/2012Q2/attempt_03_20260917035834123455.json,12fad6ee0f8098fd348d8a6001c01ad62b9e4a7cdae7c84639b131c5ba99ee7e,no_transcript,provider returned no usable transcript segments,not_applicable,,,,,,unresolved,
CIK0000096943,AVSC4DB7C54E097DF57,0000096943,Teleflex Incorporated,TFX,NYSE,3841,manufacturing,2012Q2,us,DE,1988-02-18,2019-12-31,Alpha Vantage listing interval,resolved_cik,True,1,only eligible resolved security,2012|NYSE|manufacturing,1871,10,0.0053447354,187.1000000000,20260916,terminal_provider_unavailability,pilot_live,2,artifacts/representative_coverage_pilot_v20260916/raw/CIK0000096943/TFX/2012Q2/attempt_02_20260917002958627689.json,a61b93e1bd9e9f0abe1998262132609b3b0543dbfd5652d209e838c8a0b695f5,no_transcript,provider returned no usable transcript segments,not_applicable,,,,,,unresolved,
CIK0000317540,AVS22333F37F306BA5F,0000317540,Coca-Cola Consolidated Inc,COKE,NASDAQ,2086,manufacturing,2012Q2,us,DE,1990-03-26,2019-12-31,Alpha Vantage listing interval,resolved_cik,True,1,only eligible resolved security,2012|NASDAQ|manufacturing,2897,15,0.0051777701,193.1333333333,20260916,terminal_provider_unavailability,pilot_live,4,artifacts/representative_coverage_pilot_v20260916/raw/CIK0000317540/COKE/2012Q2/attempt_04_20260917035836126046.json,b56f7773299eca9a40f0064ee2089400e4c6c427ac1be096da643c92b4d57928,no_transcript,provider returned no usable transcript segments,not_applicable,,,,,,unresolved,
CIK0000798528,AVS6B43CA691A003679,0000798528,Odyssey Marine Exploration Inc,OMEX,NASDAQ,4400,transportation_communications_utilities,2012Q2,us,NV,1999-10-26,2019-12-31,Alpha Vantage listing interval,resolved_cik,True,1,only eligible resolved security,2012|NASDAQ|transportation_communications_utilities,454,2,0.0044052863,227.0000000000,20260916,terminal_provider_unavailability,pilot_live,3,artifacts/representative_coverage_pilot_v20260916/raw/CIK0000798528/OMEX/2012Q2/attempt_03_20260917035838131092.json,c3482f23edace373fd9cf9f9ff7baa4a4d2f6956bb7929afb6b34bc3b658e9d1,no_transcript,provider returned no usable transcript segments,not_applicable,,,,,,unresolved,
CIK0000863157,AVSBD2FA54581C18CF8,0000863157,PetSmart Inc,PETM,NASDAQ,5990,retail_trade,2012Q2,us,DE,1993-07-23,2019-12-31,Alpha Vantage listing interval,resolved_cik,True,2,"ranked by active quarter-end evidence, exchange, and plain common-stock symbol",2012|NASDAQ|retail_trade,362,2,0.0055248619,181.0000000000,20260916,terminal_provider_unavailability,pilot_live,3,artifacts/representative_coverage_pilot_v20260916/raw/CIK0000863157/PETM/2012Q2/attempt_03_20260917035840132343.json,d5faac03b3092857a38ee9071e385ada0b8e27027c28e14f821189001c09739a,no_transcript,provider returned no usable transcript segments,not_applicable,,,,,,unresolved,
CIK0000911649,AVS8E4587E3FA1C154D,0000911649,Standard Diversified Inc,SDI,NYSE,2100,manufacturing,2012Q2,us,DE,2001-01-02,2019-12-31,Alpha Vantage listing interval,resolved_cik,True,1,only eligible resolved security,2012|NYSE|manufacturing,1871,10,0.0053447354,187.1000000000,20260916,terminal_provider_unavailability,pilot_live,3,artifacts/representative_coverage_pilot_v20260916/raw/CIK0000911649/SDI/2012Q2/attempt_03_20260917035842137394.json,a5ca601a137b5430ab003dbba8298bfab02af4d5e7ea6c1e13fe104f703a7e93,no_transcript,provider returned no usable transcript segments,not_applicable,,,,,,unresolved,
CIK0000944480,AVS50B606C745585D1A,0000944480,GSE Systems Inc,GVP,NASDAQ,7372,services,2012Q2,us,DE,1995-07-27,2019-12-31,Alpha Vantage listing interval,resolved_cik,True,1,only eligible resolved security,2012|NASDAQ|services,1250,7,0.0056000000,178.5714285714,20260916,terminal_provider_unavailability,pilot_live,2,artifacts/representative_coverage_pilot_v20260916/raw/CIK0000944480/GVP/2012Q2/attempt_02_20260917050105945710.json,5a723eb321d689645f85b109499d231ca78b9452664d2cccecc4e858a2f4f845,no_transcript,provider returned no usable transcript segments,not_applicable,,,,,,unresolved,
CIK0001010247,AVS86658D4C646E7CA9,0001010247,FPIC INSURANCE GROUP INC,FPIC,NASDAQ,6331,finance_insurance_real_estate,2012Q2,us,FL,2001-01-02,2019-12-31,Alpha Vantage listing interval,resolved_cik,False,1,only eligible resolved security,2012|NASDAQ|finance_insurance_real_estate,1769,9,0.0050876201,196.5555555556,20260916,terminal_provider_unavailability,pilot_live,3,artifacts/representative_coverage_pilot_v20260916/raw/CIK0001010247/FPIC/2012Q2/attempt_03_20260917035844142423.json,95bc9ef9bc655e8945793a50ed4942fdc64cdca5d80ce4b8b2a2d44ee8ebe0f0,no_transcript,provider returned no usable transcript segments,not_applicable,,,,,,unresolved,
CIK0001420720,AVSD9057B2100441671,0001420720,iBio Inc,IBIO,NASDAQ,2834,manufacturing,2012Q2,us,DE,2008-08-19,2019-12-31,Alpha Vantage listing interval,resolved_cik,True,1,only eligible resolved security,2012|NASDAQ|manufacturing,2897,15,0.0051777701,193.1333333333,20260916,terminal_provider_unavailability,pilot_live,3,artifacts/representative_coverage_pilot_v20260916/raw/CIK0001420720/IBIO/2012Q2/attempt_03_20260917035846146418.json,c1e9efd249a3003eda75e9984ef6771a58768ec2e6f5198d639d5fa08ed32caf,no_transcript,provider returned no usable transcript segments,not_applicable,,,,,,unresolved,
CIK0001522420,AVSC73FB4DDA6BC3A1F,0001522420,BSB Bancorp Inc,BLMT,NASDAQ,6022,finance_insurance_real_estate,2012Q2,us,MD,2011-10-05,2019-12-31,Alpha Vantage listing interval,resolved_cik,True,2,"ranked by active quarter-end evidence, exchange, and plain common-stock symbol",2012|NASDAQ|finance_insurance_real_estate,1769,9,0.0050876201,196.5555555556,20260916,terminal_provider_unavailability,pilot_live,3,artifacts/representative_coverage_pilot_v20260916/raw/CIK0001522420/BLMT/2012Q2/attempt_03_20260917035850157814.json,616dc554a19ce75b02456c5d77331dff73d9ff35d042c0d4117eec23ef50a5ac,no_transcript,provider returned no usable transcript segments,not_applicable,,,,,,unresolved,
CIK0000351903,AVS3C2B18E6637FD032,0000351903,Epoch Holding Corp,EPHC,NASDAQ,6282,finance_insurance_real_estate,2012Q3,us,DE,2006-12-28,2019-12-31,Alpha Vantage listing interval,resolved_cik,True,2,"ranked by active quarter-end evidence, exchange, and plain common-stock symbol",2012|NASDAQ|finance_insurance_real_estate,1769,9,0.0050876201,196.5555555556,20260916,terminal_provider_unavailability,pilot_live,3,artifacts/representative_coverage_pilot_v20260916/raw/CIK0000351903/EPHC/2012Q3/attempt_03_20260917035852163978.json,89dae958bb8727e289a4e4d128885cf6a4dda50fa1487122c723c22953a2a1f9,no_transcript,provider returned no usable transcript segments,not_applicable,,,,,,unresolved,
CIK0000352825,AVS4D215468EF0DFC31,0000352825,L.B. Foster Co. - Class A,FSTR,NASDAQ,5051,wholesale_trade,2012Q3,us,PA,1990-03-26,2019-12-31,Alpha Vantage listing interval,resolved_cik,True,1,only eligible resolved security,2012|NASDAQ|wholesale_trade,173,1,0.0057803468,173.0000000000,20260916,terminal_provider_unavailability,pilot_live,3,artifacts/representative_coverage_pilot_v20260916/raw/CIK0000352825/FSTR/2012Q3/attempt_03_20260917035854165670.json,e11b8172ca70b6af8c7d9d45f3b3490ceec29fe126c748b1c2e283651a025739,no_transcript,provider returned no usable transcript segments,not_applicable,,,,,,unresolved,
CIK0000722392,AVSDCBE3A85037D3452,0000722392,Planar Systems Inc,PLNR,NASDAQ,3679,manufacturing,2012Q3,us,OR,1993-12-16,2019-12-31,Alpha Vantage listing interval,resolved_cik,True,2,"ranked by active quarter-end evidence, exchange, and plain common-stock symbol",2012|NASDAQ|manufacturing,2897,15,0.0051777701,193.1333333333,20260916,terminal_provider_unavailability,pilot_live,2,artifacts/representative_coverage_pilot_v20260916/raw/CIK0000722392/PLNR/2012Q3/attempt_02_20260917050107950803.json,31d6a4535303edfe80617d4c13f0905cd9e6c4d6fbb9c4e12ddecf93a05b94b9,no_transcript,provider returned no usable transcript segments,not_applicable,,,,,,unresolved,
CIK0000817135,AVSB4A3E1C526566DA4,0000817135,ALLIANCE HEALTHCARE SERVICES INC,AIQ,NASDAQ,8071,services,2012Q3,us,CA,2001-07-27,2019-12-31,Alpha Vantage listing interval,resolved_cik,True,2,"ranked by active quarter-end evidence, exchange, and plain common-stock symbol",2012|NASDAQ|services,1250,7,0.0056000000,178.5714285714,20260916,terminal_provider_unavailability,pilot_live,3,artifacts/representative_coverage_pilot_v20260916/raw/CIK0000817135/AIQ/2012Q3/attempt_03_20260917035856169622.json,5663e8cb50fe83e863d38bf62324df1c529654add9f4c506e714a9f946a1642d,no_transcript,provider returned no usable transcript segments,not_applicable,,,,,,unresolved,
CIK0001012771,AVSB479CE67ABA1E0C4,0001012771,FBL Financial Group Inc,FFG,NYSE,6311,finance_insurance_real_estate,2012Q3,us,IA,2001-01-02,2019-12-31,Alpha Vantage listing interval,resolved_cik,True,2,"ranked by active quarter-end evidence, exchange, and plain common-stock symbol",2012|NYSE|finance_insurance_real_estate,1469,8,0.0054458816,183.6250000000,20260916,terminal_provider_unavailability,pilot_live,3,artifacts/representative_coverage_pilot_v20260916/raw/CIK0001012771/FFG/2012Q3/attempt_03_20260917035858174665.json,8f31d74847e5830ae0c1e0c482e53614553b936c83fd9ef0f1fa3756b69c7b51,no_transcript,provider returned no usable transcript segments,not_applicable,,,,,,unresolved,
CIK0001060523,AVS7BF2FFC400908681,0001060523,Cardinal Financial Corp,CFNL,NASDAQ,6021,finance_insurance_real_estate,2012Q3,us,VA,1998-07-17,2019-12-31,Alpha Vantage listing interval,resolved_cik,True,2,"ranked by active quarter-end evidence, exchange, and plain common-stock symbol",2012|NASDAQ|finance_insurance_real_estate,1769,9,0.0050876201,196.5555555556,20260916,terminal_provider_unavailability,pilot_live,3,artifacts/representative_coverage_pilot_v20260916/raw/CIK0001060523/CFNL/2012Q3/attempt_03_20260917035900179710.json,dd4fc33ab08ecc55feae980dae0eba8d01f1c820205bda71d81ca0efec67b86c,no_transcript,provider returned no usable transcript segments,not_applicable,,,,,,unresolved,
CIK0001273931,AVSDD20077C670808DF,0001273931,Moneygram International Inc,MGI,NASDAQ,7389,services,2012Q3,us,DE,2004-07-01,2019-12-31,Alpha Vantage listing interval,resolved_cik,True,1,only eligible resolved security,2012|NASDAQ|services,1250,7,0.0056000000,178.5714285714,20260916,terminal_provider_unavailability,pilot_live,3,artifacts/representative_coverage_pilot_v20260916/raw/CIK0001273931/MGI/2012Q3/attempt_03_20260917035902181553.json,85c8a143df5295ff17516fd39b97acb6a6b656322f57343742b63fc19246a71d,no_transcript,provider returned no usable transcript segments,not_applicable,,,,,,unresolved,
CIK0001313730,AVS7366C2343B735E27,0001313730,Atlantic Southern Financial Group Inc,ASFN,NASDAQ,6035,finance_insurance_real_estate,2012Q3,us,,2011-01-31,2019-12-31,Alpha Vantage listing interval,resolved_cik,True,2,"ranked by active quarter-end evidence, exchange, and plain common-stock symbol",2012|NASDAQ|finance_insurance_real_estate,1769,9,0.0050876201,196.5555555556,20260916,terminal_provider_unavailability,pilot_live,3,artifacts/representative_coverage_pilot_v20260916/raw/CIK0001313730/ASFN/2012Q3/attempt_03_20260917035904182330.json,381c1441f7d2741513fa2c098bda5901f0ee3e64fcd812b554c4076b7a0b8a6f,no_transcript,provider returned no usable transcript segments,not_applicable,,,,,,unresolved,
CIK0001370755,AVS8883D314C9EC5411,0001370755,BlackRock TCP Capital Corp,TCPC,NASDAQ,,unknown,2012Q3,us,DE,2012-04-04,2019-12-31,Alpha Vantage listing interval,resolved_cik,True,1,only eligible resolved security,2012|NASDAQ|unknown,96,1,0.0104166667,96.0000000000,20260916,terminal_provider_unavailability,pilot_live,2,artifacts/representative_coverage_pilot_v20260916/raw/CIK0001370755/TCPC/2012Q3/attempt_02_20260917050109955624.json,076675c15dc7ba35d3dfe0078a34a4ff7a98f121ba9449f2b7cbb0f3c7be89c1,no_transcript,provider returned no usable transcript segments,not_applicable,,,,,,unresolved,
CIK0001413507,AVS87DD413ACAEF86EA,0001413507,Synergy Resources Corp,SRCI,NYSE,1311,mining,2012Q3,us,CO,2008-02-27,2019-12-31,Alpha Vantage listing interval,resolved_cik,True,1,only eligible resolved security,2012|NYSE|mining,413,2,0.0048426150,206.5000000000,20260916,terminal_provider_unavailability,pilot_live,3,artifacts/representative_coverage_pilot_v20260916/raw/CIK0001413507/SRCI/2012Q3/attempt_03_20260917035906187372.json,ce0a395536056fe1475c8d20c4ed5d1e867d0d63c2f126b836f404564715a11e,no_transcript,provider returned no usable transcript segments,not_applicable,,,,,,unresolved,
CIK0001474439,AVS8EF38C164B76E996,0001474439,Telenav Inc,TNAV,NASDAQ,3812,manufacturing,2012Q3,us,DE,2010-05-13,2019-12-31,Alpha Vantage listing interval,resolved_cik,True,1,only eligible resolved security,2012|NASDAQ|manufacturing,2897,15,0.0051777701,193.1333333333,20260916,terminal_provider_unavailability,pilot_live,3,artifacts/representative_coverage_pilot_v20260916/raw/CIK0001474439/TNAV/2012Q3/attempt_03_20260917035908193889.json,f3ff82a2ff586329ad16d1cb05d3fcc7d2a10b04d074f0c4379bc38dac14f5cc,no_transcript,provider returned no usable transcript segments,not_applicable,,,,,,unresolved,
CIK0001494904,AVS986985E4557F00C6,0001494904,Global Indemnity Group LLC - Class A,GBLI,NASDAQ,6331,finance_insurance_real_estate,2012Q3,us,DE,2003-12-16,2019-12-31,Alpha Vantage listing interval,resolved_cik,True,1,only eligible resolved security,2012|NASDAQ|finance_insurance_real_estate,1769,9,0.0050876201,196.5555555556,20260916,terminal_provider_unavailability,pilot_live,3,artifacts/representative_coverage_pilot_v20260916/raw/CIK0001494904/GBLI/2012Q3/attempt_03_20260917035910198323.json,8b1b11e0d958fd1e211945ac84220cd10f982d8a7c66eb5d8d3ac0a63b08dd9d,no_transcript,provider returned no usable transcript segments,not_applicable,,,,,,unresolved,
CIK0001547063,AVS312C0C713696C107,0001547063,Taminco Corp,TAM,NYSE,2860,manufacturing,2012Q3,us,DE,2000-01-03,2019-12-31,Alpha Vantage listing interval,resolved_cik,True,2,"ranked by active quarter-end evidence, exchange, and plain common-stock symbol",2012|NYSE|manufacturing,1871,10,0.0053447354,187.1000000000,20260916,terminal_provider_unavailability,pilot_live,2,artifacts/representative_coverage_pilot_v20260916/raw/CIK0001547063/TAM/2012Q3/attempt_02_20260917050111960649.json,6856bbb717cc3fd7a8fad9b1caa47e49d32ea3d70bc36d21a12546ca3c300bdf,no_transcript,provider returned no usable transcript segments,not_applicable,,,,,,unresolved,
CIK0000023082,AVSA816498A24B59B94,0000023082,Computer Sciences Corp,CSC,NYSE,7373,services,2012Q4,us,NV,2001-01-02,2019-12-31,Alpha Vantage listing interval,resolved_cik,True,2,"ranked by active quarter-end evidence, exchange, and plain common-stock symbol",2012|NYSE|services,656,4,0.0060975610,164.0000000000,20260916,terminal_provider_unavailability,pilot_live,2,artifacts/representative_coverage_pilot_v20260916/raw/CIK0000023082/CSC/2012Q4/attempt_02_20260917050113964951.json,1339db549b4f15b517c45910d7105aaebe896175b7c720473a33b1a580b47067,no_transcript,provider returned no usable transcript segments,not_applicable,,,,,,unresolved,
CIK0000051548,AVS39C33C804F0775A8,0000051548,International Speedway Corp,ISCA,NASDAQ,7948,services,2012Q4,us,FL,1997-03-10,2019-12-31,Alpha Vantage listing interval,resolved_cik,True,2,"ranked by active quarter-end evidence, exchange, and plain common-stock symbol",2012|NASDAQ|services,1250,7,0.0056000000,178.5714285714,20260916,terminal_provider_unavailability,pilot_live,3,artifacts/representative_coverage_pilot_v20260916/raw/CIK0000051548/ISCA/2012Q4/attempt_03_20260917035912202581.json,8578befea8d05e526d371b0e779d2b494b71899a341ad65cac85a113cb015c10,no_transcript,provider returned no usable transcript segments,not_applicable,,,,,,unresolved,
CIK0000073887,AVS068BEB9EA192E5DB,0000073887,Bristow Group Inc,BRSWQ,NYSE,4522,transportation_communications_utilities,2012Q4,us,DE,1990-03-26,2019-12-31,Alpha Vantage listing interval,resolved_cik,True,2,"ranked by active quarter-end evidence, exchange, and plain common-stock symbol",2012|NYSE|transportation_communications_utilities,642,3,0.0046728972,214.0000000000,20260916,terminal_provider_unavailability,pilot_live,2,artifacts/representative_coverage_pilot_v20260916/raw/CIK0000073887/BRSWQ/2012Q4/attempt_02_20260917050115966320.json,3598efb691f63c79996fdc443b45be5eccea880560d1b2ffe34b4d660c88d003,no_transcript,provider returned no usable transcript segments,not_applicable,,,,,,unresolved,
CIK0000716634,AVS432DCD1B5C9466AF,0000716634,Reading International Inc - Class A,RDI,NASDAQ,7830,services,2012Q4,us,NV,1992-03-17,2019-12-31,Alpha Vantage listing interval,resolved_cik,True,2,"ranked by active quarter-end evidence, exchange, and plain common-stock symbol",2012|NASDAQ|services,1250,7,0.0056000000,178.5714285714,20260916,terminal_provider_unavailability,pilot_live,2,artifacts/representative_coverage_pilot_v20260916/raw/CIK0000716634/RDI/2012Q4/attempt_02_20260917050117967297.json,e85a6963d054021fe7f084d66963ca596a03514814f6f8920adae61236e264d8,no_transcript,provider returned no usable transcript segments,not_applicable,,,,,,unresolved,
CIK0000863110,AVS3E46DCB05035158D,0000863110,Artesian Resources Corp - Class A,ARTNA,NASDAQ,4941,transportation_communications_utilities,2012Q4,us,DE,1996-05-24,2019-12-31,Alpha Vantage listing interval,resolved_cik,True,1,only eligible resolved security,2012|NASDAQ|transportation_communications_utilities,454,2,0.0044052863,227.0000000000,20260916,terminal_provider_unavailability,pilot_live,3,artifacts/representative_coverage_pilot_v20260916/raw/CIK0000863110/ARTNA/2012Q4/attempt_03_20260917035914211775.json,cfe452b0884b7be5faf8fe8c5d3a01601ddd26ce56968fadefe46570a4fdb16f,no_transcript,provider returned no usable transcript segments,not_applicable,,,,,,unresolved,
CIK0000881890,AVS9218FBE55B20C1B1,0000881890,Abaxis Inc,ABAX,NASDAQ,3829,manufacturing,2012Q4,us,CA,1992-01-23,2019-12-31,Alpha Vantage listing interval,resolved_cik,True,2,"ranked by active quarter-end evidence, exchange, and plain common-stock symbol",2012|NASDAQ|manufacturing,2897,15,0.0051777701,193.1333333333,20260916,terminal_provider_unavailability,pilot_live,3,artifacts/representative_coverage_pilot_v20260916/raw/CIK0000881890/ABAX/2012Q4/attempt_03_20260917035916216816.json,23bf651dc6e4469a8a3da9af117f5fca912794a708e039ff9edc5336b62f25b8,no_transcript,provider returned no usable transcript segments,not_applicable,,,,,,unresolved,
CIK0001080667,AVS2CB806A4757F5CCE,0001080667,Ditech Networks Inc,DITC,NASDAQ,3661,manufacturing,2012Q4,us,DE,2006-12-28,2019-12-31,Alpha Vantage listing interval,resolved_cik,False,2,"ranked by active quarter-end evidence, exchange, and plain common-stock symbol",2012|NASDAQ|manufacturing,2897,15,0.0051777701,193.1333333333,20260916,terminal_provider_unavailability,pilot_live,3,artifacts/representative_coverage_pilot_v20260916/raw/CIK0001080667/DITC/2012Q4/attempt_03_20260917035920236023.json,3c1bdbe9dd2bb884d92d5e65758912bbd6e6420dc4fa8d72a08c46294370bcd2,no_transcript,provider returned no usable transcript segments,not_applicable,,,,,,unresolved,
CIK0001085770,AVSE7631F061CA6799B,0001085770,Move Inc,MOVE,NASDAQ,6531,finance_insurance_real_estate,2012Q4,us,DE,1999-08-05,2019-12-31,Alpha Vantage listing interval,resolved_cik,True,2,"ranked by active quarter-end evidence, exchange, and plain common-stock symbol",2012|NASDAQ|finance_insurance_real_estate,1769,9,0.0050876201,196.5555555556,20260916,terminal_provider_unavailability,pilot_live,3,artifacts/representative_coverage_pilot_v20260916/raw/CIK0001085770/MOVE/2012Q4/attempt_03_20260917035922237215.json,2d41358b42932c9b3973955bac280e872bcef2d230b5e31fe9edc17a67bd22f2,no_transcript,provider returned no usable transcript segments,not_applicable,,,,,,unresolved,
CIK0001106838,AVSCD4CD2B88DB28F39,0001106838,Chanticleer Holdings Inc,HOTR,NASDAQ,2834,manufacturing,2012Q4,us,DE,2006-10-31,2019-12-31,Alpha Vantage listing interval,resolved_cik,True,2,"ranked by active quarter-end evidence, exchange, and plain common-stock symbol",2012|NASDAQ|manufacturing,2897,15,0.0051777701,193.1333333333,20260916,terminal_provider_unavailability,pilot_live,2,artifacts/representative_coverage_pilot_v20260916/raw/CIK0001106838/HOTR/2012Q4/attempt_02_20260917050119972319.json,a3ea8ae30cbc950d9c8f16046f7b63d46e3e5af17e5cabf00129fbdb6bd61ced,no_transcript,provider returned no usable transcript segments,not_applicable,,,,,,unresolved,
CIK0001386926,AVS57A4D89B10DE04BC,0001386926,KKR Financial Holdings LLC,KFI,NYSE,6199,finance_insurance_real_estate,2012Q4,us,DE,2012-03-26,2019-12-31,Alpha Vantage listing interval,resolved_cik,True,4,"ranked by active quarter-end evidence, exchange, and plain common-stock symbol",2012|NYSE|finance_insurance_real_estate,1469,8,0.0054458816,183.6250000000,20260916,terminal_provider_unavailability,pilot_live,2,artifacts/representative_coverage_pilot_v20260916/raw/CIK0001386926/KFI/2012Q4/attempt_02_20260917050121977346.json,b24344b375c6138c4d48fb381bfa8a8d8f05fb82023be82ed594bed1a14e2b5d,no_transcript,provider returned no usable transcript segments,not_applicable,,,,,,unresolved,
CIK0000798528,AVS6B43CA691A003679,0000798528,Odyssey Marine Exploration Inc,OMEX,NASDAQ,4400,transportation_communications_utilities,2013Q1,us,NV,1999-10-26,2019-12-31,Alpha Vantage listing interval,resolved_cik,True,1,only eligible resolved security,2013|NASDAQ|transportation_communications_utilities,475,3,0.0063157895,158.3333333333,20260916,terminal_provider_unavailability,pilot_live,3,artifacts/representative_coverage_pilot_v20260916/raw/CIK0000798528/OMEX/2013Q1/attempt_03_20260917035930256044.json,1c376e3e05d491f2ee86b5474a5123bd737b5e0da4d13f82ac604ba0c4f40e11,no_transcript,provider returned no usable transcript segments,not_applicable,,,,,,unresolved,
CIK0001076167,AVSDDFBCA5A0E767326,0001076167,Adolor Corp,ADLR,NASDAQ,2834,manufacturing,2013Q1,us,,2000-11-14,2019-12-31,Alpha Vantage listing interval,resolved_cik,False,1,only eligible resolved security,2013|NASDAQ|manufacturing,3050,16,0.0052459016,190.6250000000,20260916,terminal_provider_unavailability,pilot_live,3,artifacts/representative_coverage_pilot_v20260916/raw/CIK0001076167/ADLR/2013Q1/attempt_03_20260917035932259410.json,03e2bf117e4d398abe70d289ae5be5dc32bcca017f2cf4419f131a7224458eee,no_transcript,provider returned no usable transcript segments,not_applicable,,,,,,unresolved,
CIK0001336644,AVS9F3504D577C49512,0001336644,Universal Travel Group,UTRA,NYSE,4700,transportation_communications_utilities,2013Q1,us,NV,2012-05-07,2019-12-31,Alpha Vantage listing interval,resolved_cik,True,2,"ranked by active quarter-end evidence, exchange, and plain common-stock symbol",2013|NYSE|transportation_communications_utilities,683,4,0.0058565154,170.7500000000,20260916,terminal_provider_unavailability,pilot_live,3,artifacts/representative_coverage_pilot_v20260916/raw/CIK0001336644/UTRA/2013Q1/attempt_03_20260917035936270370.json,0c3ff0fb3fa1c3434d704f8c03ba48ac3893174d58b9d5d07e48f0585c12fa02,no_transcript,provider returned no usable transcript segments,not_applicable,,,,,,unresolved,
CIK0001419852,AVS957674B6AE2542D7,0001419852,Mattress Firm Holding Corp,MFRM,NASDAQ,5712,retail_trade,2013Q1,us,DE,2011-11-17,2019-12-31,Alpha Vantage listing interval,resolved_cik,True,2,"ranked by active quarter-end evidence, exchange, and plain common-stock symbol",2013|NASDAQ|retail_trade,383,2,0.0052219321,191.5000000000,20260916,terminal_provider_unavailability,pilot_live,3,artifacts/representative_coverage_pilot_v20260916/raw/CIK0001419852/MFRM/2013Q1/attempt_03_20260917035938278574.json,b00a5656c14c292f6544fd558225818a2512363dff5ab26ebe94edaa41db2a05,no_transcript,provider returned no usable transcript segments,not_applicable,,,,,,unresolved,
CIK0001504461,AVS4A18A2950E5B0F31,0001504461,NGL Energy Partners LP,NGL,NYSE,4922,transportation_communications_utilities,2013Q1,us,DE,2011-05-16,2019-12-31,Alpha Vantage listing interval,resolved_cik,True,1,only eligible resolved security,2013|NYSE|transportation_communications_utilities,683,4,0.0058565154,170.7500000000,20260916,terminal_provider_unavailability,pilot_live,2,artifacts/representative_coverage_pilot_v20260916/raw/CIK0001504461/NGL/2013Q1/attempt_02_20260917050123981717.json,f625eddad6bb3099aa054c3fd77b3a68fed0238b0008b5facbd9f159e78efa0b,no_transcript,provider returned no usable transcript segments,not_applicable,,,,,,unresolved,
CIK0000314489,AVS4C9726B9217793EE,0000314489,First Busey Corp,BUSE,NASDAQ,6022,finance_insurance_real_estate,2013Q2,us,NV,1998-10-06,2019-12-31,Alpha Vantage listing interval,resolved_cik,True,1,only eligible resolved security,2013|NASDAQ|finance_insurance_real_estate,1815,10,0.0055096419,181.5000000000,20260916,terminal_provider_unavailability,pilot_live,3,artifacts/representative_coverage_pilot_v20260916/raw/CIK0000314489/BUSE/2013Q2/attempt_03_20260917035940282322.json,bf6ca6cddf182620322beadd2da48367eca859da6d4a947b290240a219d02ab2,no_transcript,provider returned no usable transcript segments,not_applicable,,,,,,unresolved,
CIK0000713095,AVS4065CCF658433991,0000713095,Farmers Capital Bank Corp,FFKT,NASDAQ,6021,finance_insurance_real_estate,2013Q2,us,KY,1993-03-04,2019-12-31,Alpha Vantage listing interval,resolved_cik,True,2,"ranked by active quarter-end evidence, exchange, and plain common-stock symbol",2013|NASDAQ|finance_insurance_real_estate,1815,10,0.0055096419,181.5000000000,20260916,terminal_provider_unavailability,pilot_live,3,artifacts/representative_coverage_pilot_v20260916/raw/CIK0000713095/FFKT/2013Q2/attempt_03_20260917035942287628.json,92fb68d3c0bf2c06bbb39c160a6030eb54281b5c4f3214c817e57004e370d48d,no_transcript,provider returned no usable transcript segments,not_applicable,,,,,,unresolved,
CIK0000875582,AVSA228F6EB1C0CD5DC,0000875582,Northern Technologies International Corp,NTIC,NASDAQ,3470,manufacturing,2013Q2,us,DE,1993-09-13,2019-12-31,Alpha Vantage listing interval,resolved_cik,True,1,only eligible resolved security,2013|NASDAQ|manufacturing,3050,16,0.0052459016,190.6250000000,20260916,terminal_provider_unavailability,pilot_live,3,artifacts/representative_coverage_pilot_v20260916/raw/CIK0000875582/NTIC/2013Q2/attempt_03_20260917035944288075.json,002b46e9ec490ef4f309055789700ad4dcd79e74f4fac09b32bcdbab3dfa0895,no_transcript,provider returned no usable transcript segments,not_applicable,,,,,,unresolved,
CIK0000884219,AVSD06EA085BDE344B9,0000884219,Pursuit Attractions and Hospitality Inc,PRSU,NYSE,7990,services,2013Q2,us,DE,2004-08-12,2019-12-31,Alpha Vantage listing interval,resolved_cik,True,1,only eligible resolved security,2013|NYSE|services,729,4,0.0054869684,182.2500000000,20260916,terminal_provider_unavailability,pilot_live,3,artifacts/representative_coverage_pilot_v20260916/raw/CIK0000884219/PRSU/2013Q2/attempt_03_20260917035946293203.json,cbd815df5f75a28ce931ef4c8725abf65cbe8ed4e82a208f16b9a49dbec35deb,no_transcript,provider returned no usable transcript segments,not_applicable,,,,,,unresolved,
CIK0001009356,AVS974FB98E5FB33F02,0001009356,Salix Pharmaceuticals Ltd,SLXP,NASDAQ,2834,manufacturing,2013Q2,us,DE,2000-11-21,2019-12-31,Alpha Vantage listing interval,resolved_cik,True,2,"ranked by active quarter-end evidence, exchange, and plain common-stock symbol",2013|NASDAQ|manufacturing,3050,16,0.0052459016,190.6250000000,20260916,terminal_provider_unavailability,pilot_live,3,artifacts/representative_coverage_pilot_v20260916/raw/CIK0001009356/SLXP/2013Q2/attempt_03_20260917035948298248.json,2b2bf6f33e46670aabd5692b6071430444d05859429155a853da04ce55d90da2,no_transcript,provider returned no usable transcript segments,not_applicable,,,,,,unresolved,
CIK0001023024,AVS8F6AF0547B350DAE,0001023024,ANI Pharmaceuticals Inc,ANIP,NASDAQ,2834,manufacturing,2013Q2,us,DE,2000-05-05,2019-12-31,Alpha Vantage listing interval,resolved_cik,True,1,only eligible resolved security,2013|NASDAQ|manufacturing,3050,16,0.0052459016,190.6250000000,20260916,terminal_provider_unavailability,pilot_live,2,artifacts/representative_coverage_pilot_v20260916/raw/CIK0001023024/ANIP/2013Q2/attempt_02_20260917050125983316.json,0f36e25afbdf55ebb9b860f05e18f94af37091cd7782613a721506c6dc70ed26,no_transcript,provider returned no usable transcript segments,not_applicable,,,,,,unresolved,
CIK0001302343,AVSE24ACE8070F5FEF4,0001302343,Education Realty Trust Inc,EDR,NYSE,6798,finance_insurance_real_estate,2013Q2,us,MD,2005-01-26,2019-12-31,Alpha Vantage listing interval,resolved_cik,True,1,only eligible resolved security,2013|NYSE|finance_insurance_real_estate,1571,8,0.0050922979,196.3750000000,20260916,terminal_provider_unavailability,pilot_live,3,artifacts/representative_coverage_pilot_v20260916/raw/CIK0001302343/EDR/2013Q2/attempt_03_20260917035952302561.json,6ccd1591a01b249d65f63128610cb10ba8de200e3ba8fda5de9e3ff9931e8d7d,no_transcript,provider returned no usable transcript segments,not_applicable,,,,,,unresolved,
CIK0001336644,AVS9F3504D577C49512,0001336644,Universal Travel Group,UTRA,NYSE,4700,transportation_communications_utilities,2013Q2,us,NV,2012-05-07,2019-12-31,Alpha Vantage listing interval,resolved_cik,True,2,"ranked by active quarter-end evidence, exchange, and plain common-stock symbol",2013|NYSE|transportation_communications_utilities,683,4,0.0058565154,170.7500000000,20260916,terminal_provider_unavailability,pilot_live,3,artifacts/representative_coverage_pilot_v20260916/raw/CIK0001336644/UTRA/2013Q2/attempt_03_20260917035954346064.json,1df3f282dece505a4194c51f8df2a9bc6d53a8c9e277b3d48ddf10cc05353e1d,no_transcript,provider returned no usable transcript segments,not_applicable,,,,,,unresolved,
CIK0001340786,AVSB45466926FACE4EE,0001340786,Fuel Systems Solutions Inc,FSYS,NASDAQ,3714,manufacturing,2013Q2,us,DE,2001-01-02,2019-12-31,Alpha Vantage listing interval,resolved_cik,True,2,"ranked by active quarter-end evidence, exchange, and plain common-stock symbol",2013|NASDAQ|manufacturing,3050,16,0.0052459016,190.6250000000,20260916,terminal_provider_unavailability,pilot_live,3,artifacts/representative_coverage_pilot_v20260916/raw/CIK0001340786/FSYS/2013Q2/attempt_03_20260917035956348975.json,d347a04eebf674c04ff96e45f54d505ccfe6bbea73fa4ac8e6b74ae8c0d24668,no_transcript,provider returned no usable transcript segments,not_applicable,,,,,,unresolved,
CIK0001344980,AVS79ECFC9550BA61F5,0001344980,Alliance Holdings GP L.P.,AHGP,NASDAQ,1221,mining,2013Q2,us,DE,2006-05-10,2019-12-31,Alpha Vantage listing interval,resolved_cik,True,2,"ranked by active quarter-end evidence, exchange, and plain common-stock symbol",2013|NASDAQ|mining,189,1,0.0052910053,189.0000000000,20260916,terminal_provider_unavailability,pilot_live,3,artifacts/representative_coverage_pilot_v20260916/raw/CIK0001344980/AHGP/2013Q2/attempt_03_20260917035958354029.json,79898746069155262e1095cdeec4e4985e97e19933e8deddc4264d6864444bc0,no_transcript,provider returned no usable transcript segments,not_applicable,,,,,,unresolved,
CIK0001386926,AVS57A4D89B10DE04BC,0001386926,KKR Financial Holdings LLC,KFI,NYSE,6199,finance_insurance_real_estate,2013Q2,us,DE,2012-03-26,2019-12-31,Alpha Vantage listing interval,resolved_cik,True,4,"ranked by active quarter-end evidence, exchange, and plain common-stock symbol",2013|NYSE|finance_insurance_real_estate,1571,8,0.0050922979,196.3750000000,20260916,terminal_provider_unavailability,pilot_live,2,artifacts/representative_coverage_pilot_v20260916/raw/CIK0001386926/KFI/2013Q2/attempt_02_20260917050127988339.json,8d034044df8297adf4b15c421846f91c067c4dc7fed28d592c80cb361d9e0129,no_transcript,provider returned no usable transcript segments,not_applicable,,,,,,unresolved,
CIK0001486957,AVS151334008B11CBEF,0001486957,Babcock & Wilcox Company,BWC,NYSE,3510,manufacturing,2013Q2,us,DE,2010-08-02,2019-12-31,Alpha Vantage listing interval,resolved_cik,True,3,"ranked by active quarter-end evidence, exchange, and plain common-stock symbol",2013|NYSE|manufacturing,1948,10,0.0051334702,194.8000000000,20260916,terminal_provider_unavailability,pilot_live,3,artifacts/representative_coverage_pilot_v20260916/raw/CIK0001486957/BWC/2013Q2/attempt_03_20260917040000359065.json,2a633cf17650d3e307a93eeae1b0b92220ab74a8ee40c8c4c8e43dc9e58a078e,no_transcript,provider returned no usable transcript segments,not_applicable,,,,,,unresolved,
CIK0001803696,AVSFE2B06A5335B8DCE,0001803696,Adeia Inc,ADEA,NASDAQ,4841,transportation_communications_utilities,2013Q2,us,DE,2003-11-20,2019-12-31,Alpha Vantage listing interval,resolved_cik,True,1,only eligible resolved security,2013|NASDAQ|transportation_communications_utilities,475,3,0.0063157895,158.3333333333,20260916,terminal_provider_unavailability,pilot_live,2,artifacts/representative_coverage_pilot_v20260916/raw/CIK0001803696/ADEA/2013Q2/attempt_02_20260917050130011203.json,794515230d8cfd9f4d12c0f0e2afeeb3185f2503b47a84190845ac803f2bbc5d,no_transcript,provider returned no usable transcript segments,not_applicable,,,,,,unresolved,
CIK0000006885,AVSD27D66FE83ECD9AB,0000006885,Stage Stores Inc,SSI,NYSE,5651,retail_trade,2013Q3,us,NV,2001-08-30,2019-12-31,Alpha Vantage listing interval,resolved_cik,True,1,only eligible resolved security,2013|NYSE|retail_trade,335,2,0.0059701493,167.5000000000,20260916,terminal_provider_unavailability,pilot_live,3,artifacts/representative_coverage_pilot_v20260916/raw/CIK0000006885/SSI/2013Q3/attempt_03_20260917040004373097.json,abaad35b7c0f92fa77c105c4e2cc2e88ecb24dac063bf944720769cf4f84f6d1,no_transcript,provider returned no usable transcript segments,not_applicable,,,,,,unresolved,
CIK0000014693,AVS678515F7E8F6FB2B,0000014693,Brown-Forman Corp - Class A,BF-A,NYSE,2080,manufacturing,2013Q3,us,DE,1973-05-03,2019-12-31,Alpha Vantage listing interval,resolved_cik,True,2,"ranked by active quarter-end evidence, exchange, and plain common-stock symbol",2013|NYSE|manufacturing,1948,10,0.0051334702,194.8000000000,20260916,terminal_provider_unavailability,pilot_live,2,artifacts/representative_coverage_pilot_v20260916/raw/CIK0000014693/BF-A/2013Q3/attempt_02_20260917045741491529.json,9a7803b119b008e819c4aa97e435e3e8bfa476bcf4ff75c86f0c22a8ea9eb4cd,no_transcript,provider returned no usable transcript segments,not_applicable,,,,,,unresolved,
CIK0000716605,AVS7C80A5DDB0B5D59F,0000716605,Penns Woods Bancorp Inc,PWOD,NASDAQ,6022,finance_insurance_real_estate,2013Q3,us,PA,1996-05-30,2019-12-31,Alpha Vantage listing interval,resolved_cik,True,1,only eligible resolved security,2013|NASDAQ|finance_insurance_real_estate,1815,10,0.0055096419,181.5000000000,20260916,terminal_provider_unavailability,pilot_live,3,artifacts/representative_coverage_pilot_v20260916/raw/CIK0000716605/PWOD/2013Q3/attempt_03_20260917040006373595.json,829abf029648ea6512840235a37f693e79bceb1bb06402eea145515ca675c86a,no_transcript,provider returned no usable transcript segments,not_applicable,,,,,,unresolved,
CIK0000907654,AVS81213B082726045F,0000907654,ARCA biopharma Inc,ORKA,NASDAQ,2834,manufacturing,2013Q3,us,DE,1997-08-08,2019-12-31,Alpha Vantage listing interval,resolved_cik,True,1,only eligible resolved security,2013|NASDAQ|manufacturing,3050,16,0.0052459016,190.6250000000,20260916,terminal_provider_unavailability,pilot_live,3,artifacts/representative_coverage_pilot_v20260916/raw/CIK0000907654/ORKA/2013Q3/attempt_03_20260917040008374710.json,7bbddcd48bcf820ef50bd22cea6154c10a19c083bb846cf91eddbcf105799439,no_transcript,provider returned no usable transcript segments,not_applicable,,,,,,unresolved,
CIK0000934547,AVS927831903A4FFE6C,0000934547,The Bank of Kentucky Financial Corp,BKYF,NASDAQ,6035,finance_insurance_real_estate,2013Q3,us,KY,1999-02-25,2019-12-31,Alpha Vantage listing interval,resolved_cik,True,2,"ranked by active quarter-end evidence, exchange, and plain common-stock symbol",2013|NASDAQ|finance_insurance_real_estate,1815,10,0.0055096419,181.5000000000,20260916,terminal_provider_unavailability,pilot_live,3,artifacts/representative_coverage_pilot_v20260916/raw/CIK0000934547/BKYF/2013Q3/attempt_03_20260917040010380234.json,4dd4c145e240ee11274a2ee042c69e375971a4217426404b1e285ad733d31199,no_transcript,provider returned no usable transcript segments,not_applicable,,,,,,unresolved,
CIK0001364099,AVS3ECD85E20B1CAD84,0001364099,Innophos Holdings Inc,IPHS,NASDAQ,5160,wholesale_trade,2013Q3,us,,2006-11-02,2019-12-31,Alpha Vantage listing interval,resolved_cik,True,1,only eligible resolved security,2013|NASDAQ|wholesale_trade,181,1,0.0055248619,181.0000000000,20260916,terminal_provider_unavailability,pilot_live,3,artifacts/representative_coverage_pilot_v20260916/raw/CIK0001364099/IPHS/2013Q3/attempt_03_20260917040016396294.json,f6a568fa1f7b99fd59fcaf97064828e227db0c67429ae2cad78127b3a1121531,no_transcript,provider returned no usable transcript segments,not_applicable,,,,,,unresolved,
CIK0001370755,AVS8883D314C9EC5411,0001370755,BlackRock TCP Capital Corp,TCPC,NASDAQ,,unknown,2013Q3,us,DE,2012-04-04,2019-12-31,Alpha Vantage listing interval,resolved_cik,True,1,only eligible resolved security,2013|NASDAQ|unknown,112,1,0.0089285714,112.0000000000,20260916,terminal_provider_unavailability,pilot_live,3,artifacts/representative_coverage_pilot_v20260916/raw/CIK0001370755/TCPC/2013Q3/attempt_03_20260917040018401069.json,ec14f400623e0c119c680a2f5e9b97b128c63f7b5ab472b3e17af4d840ee32d6,no_transcript,provider returned no usable transcript segments,not_applicable,,,,,,unresolved,
CIK0001672909,AVSACBEDEC388C81EDF,0001672909,Canterbury Park Holding Corp,CPHC,NASDAQ,7948,services,2013Q3,us,MN,2008-09-08,2019-12-31,Alpha Vantage listing interval,resolved_cik,True,1,only eligible resolved security,2013|NASDAQ|services,1319,7,0.0053070508,188.4285714286,20260916,terminal_provider_unavailability,pilot_live,3,artifacts/representative_coverage_pilot_v20260916/raw/CIK0001672909/CPHC/2013Q3/attempt_03_20260917040020406112.json,cde6d27a6453736f320d662d7b65011c7261119ce962488740c4430d240f81b0,no_transcript,provider returned no usable transcript segments,not_applicable,,,,,,unresolved,
CIK0000070793,AVS8B8A18ABE96E528A,0000070793,NBTY INC,NTY,NYSE,2834,manufacturing,2013Q4,us,DE,2006-12-28,2019-12-31,Alpha Vantage listing interval,resolved_cik,False,1,only eligible resolved security,2013|NYSE|manufacturing,1948,10,0.0051334702,194.8000000000,20260916,terminal_provider_unavailability,pilot_live,3,artifacts/representative_coverage_pilot_v20260916/raw/CIK0000070793/NTY/2013Q4/attempt_03_20260917040022411936.json,8ec844b8866a2c779f785be995050b6f63799fa814420ba601fd538b559e9c2c,no_transcript,provider returned no usable transcript segments,not_applicable,,,,,,unresolved,
CIK0000096638,AVSDB6A38BF8AD4CDD8,0000096638,ADVANTA CORP,ADVNQ,NASDAQ,6141,finance_insurance_real_estate,2013Q4,us,DE,1990-01-02,2019-12-31,Alpha Vantage listing interval,resolved_cik,False,1,only eligible resolved security,2013|NASDAQ|finance_insurance_real_estate,1815,10,0.0055096419,181.5000000000,20260916,terminal_provider_unavailability,pilot_live,2,artifacts/representative_coverage_pilot_v20260916/raw/CIK0000096638/ADVNQ/2013Q4/attempt_02_20260917050132013461.json,7d5a4c0aec60cc98a5c258ec910b3d859b735327d01ec36dae3f3986e3e70968,no_transcript,provider returned no usable transcript segments,not_applicable,,,,,,unresolved,
CIK0000316300,AVSB08349F02D9D98DF,0000316300,EXCO Resources Inc,XCO,NYSE,1311,mining,2013Q4,us,TX,2006-02-09,2019-12-31,Alpha Vantage listing interval,resolved_cik,True,2,"ranked by active quarter-end evidence, exchange, and plain common-stock symbol",2013|NYSE|mining,430,2,0.0046511628,215.0000000000,20260916,terminal_provider_unavailability,pilot_live,3,artifacts/representative_coverage_pilot_v20260916/raw/CIK0000316300/XCO/2013Q4/attempt_03_20260917040024418153.json,742c7fedc7a38ef3fc295d20152e0519a20c0af0f1fd7cf00852451e51de376f,no_transcript,provider returned no usable transcript segments,not_applicable,,,,,,unresolved,
CIK0000708781,AVS782D005FBA93E740,0000708781,Cass Information Systems Inc,CASS,NASDAQ,7389,services,2013Q4,us,MO,1996-01-02,2019-12-31,Alpha Vantage listing interval,resolved_cik,True,1,only eligible resolved security,2013|NASDAQ|services,1319,7,0.0053070508,188.4285714286,20260916,terminal_provider_unavailability,pilot_live,3,artifacts/representative_coverage_pilot_v20260916/raw/CIK0000708781/CASS/2013Q4/attempt_03_20260917040026423197.json,646d95673b56af66cac6164e7e05adbffe838963ae4ac69f3f3bce7f8cac2364,no_transcript,provider returned no usable transcript segments,not_applicable,,,,,,unresolved,
CIK0000714603,AVS6E647169F97534F7,0000714603,DST Systems Inc,DST,NYSE,7374,services,2013Q4,us,DE,1995-11-01,2019-12-31,Alpha Vantage listing interval,resolved_cik,True,2,"ranked by active quarter-end evidence, exchange, and plain common-stock symbol",2013|NYSE|services,729,4,0.0054869684,182.2500000000,20260916,terminal_provider_unavailability,pilot_live,3,artifacts/representative_coverage_pilot_v20260916/raw/CIK0000714603/DST/2013Q4/attempt_03_20260917040028428039.json,e6711acaaed0cb6d52969fe7fb7c23ad883754a26d8d8974c2ad5d14321e9393,no_transcript,provider returned no usable transcript segments,not_applicable,,,,,,unresolved,
CIK0000723603,AVS8312F6D2363FE36F,0000723603,Culp Inc,CFI,NYSE,2211,manufacturing,2013Q4,us,NC,1990-03-26,2019-12-31,Alpha Vantage listing interval,resolved_cik,True,3,"ranked by active quarter-end evidence, exchange, and plain common-stock symbol",2013|NYSE|manufacturing,1948,10,0.0051334702,194.8000000000,20260916,terminal_provider_unavailability,pilot_live,3,artifacts/representative_coverage_pilot_v20260916/raw/CIK0000723603/CFI/2013Q4/attempt_03_20260917040030433088.json,b482394822646d62b872891d8804aaf3e0f933f8c5fcf608c81378df51e295b1,no_transcript,provider returned no usable transcript segments,not_applicable,,,,,,unresolved,
CIK0000854701,AVS010014883E134DCA,0000854701,Integrated Silicon Solution Inc,ISSI,NASDAQ,3674,manufacturing,2013Q4,us,DE,1995-02-03,2019-12-31,Alpha Vantage listing interval,resolved_cik,True,2,"ranked by active quarter-end evidence, exchange, and plain common-stock symbol",2013|NASDAQ|manufacturing,3050,16,0.0052459016,190.6250000000,20260916,terminal_provider_unavailability,pilot_live,3,artifacts/representative_coverage_pilot_v20260916/raw/CIK0000854701/ISSI/2013Q4/attempt_03_20260917040032435034.json,c1050b8b46e91d0a095952b9c7639fa86ce43d4c2af41aa8e89a6442c750c88d,no_transcript,provider returned no usable transcript segments,not_applicable,,,,,,unresolved,
CIK0000923118,AVSDDF12E0481CACB27,0000923118,Home Properties Inc,HME,NYSE,6798,finance_insurance_real_estate,2013Q4,us,MD,1994-08-01,2019-12-31,Alpha Vantage listing interval,resolved_cik,True,2,"ranked by active quarter-end evidence, exchange, and plain common-stock symbol",2013|NYSE|finance_insurance_real_estate,1571,8,0.0050922979,196.3750000000,20260916,terminal_provider_unavailability,pilot_live,3,artifacts/representative_coverage_pilot_v20260916/raw/CIK0000923118/HME/2013Q4/attempt_03_20260917040034439875.json,048e83f1614c6782cc28d1370ee88b5e3746b465fdeae250133f62a94b04e842,no_transcript,provider returned no usable transcript segments,not_applicable,,,,,,unresolved,
CIK0000932781,AVSFE104CFAFA070904,0000932781,First Community Corp,FCCO,NASDAQ,6022,finance_insurance_real_estate,2013Q4,us,SC,1999-03-09,2019-12-31,Alpha Vantage listing interval,resolved_cik,True,1,only eligible resolved security,2013|NASDAQ|finance_insurance_real_estate,1815,10,0.0055096419,181.5000000000,20260916,terminal_provider_unavailability,pilot_live,3,artifacts/representative_coverage_pilot_v20260916/raw/CIK0000932781/FCCO/2013Q4/attempt_03_20260917040036445573.json,a8c04859962ebec392858fbf6c51be3de6a40ef9f39e719a5c5f81fbf6ad707a,no_transcript,provider returned no usable transcript segments,not_applicable,,,,,,unresolved,
CIK0000936528,AVS434EC372132CCAFA,0000936528,WaFd Inc,WAFD,NASDAQ,6021,finance_insurance_real_estate,2013Q4,us,WA,1990-03-26,2019-12-31,Alpha Vantage listing interval,resolved_cik,True,1,only eligible resolved security,2013|NASDAQ|finance_insurance_real_estate,1815,10,0.0055096419,181.5000000000,20260916,terminal_provider_unavailability,pilot_live,2,artifacts/representative_coverage_pilot_v20260916/raw/CIK0000936528/WAFD/2013Q4/attempt_02_20260917050134016825.json,c4b5d0881b94425982c94c51887d994aaed2de1706ea9656f56337217953a0ac,no_transcript,provider returned no usable transcript segments,not_applicable,,,,,,unresolved,
CIK0000944809,AVS3B114C12C4859EF3,0000944809,Opko Health Inc,OPK,NASDAQ,2834,manufacturing,2013Q4,us,DE,1995-11-02,2019-12-31,Alpha Vantage listing interval,resolved_cik,True,1,only eligible resolved security,2013|NASDAQ|manufacturing,3050,16,0.0052459016,190.6250000000,20260916,terminal_provider_unavailability,pilot_live,3,artifacts/representative_coverage_pilot_v20260916/raw/CIK0000944809/OPK/2013Q4/attempt_03_20260917040038450625.json,3c9b5577e659d0a54eb99edabe17be72275e402f0a7f960462e08fb103058289,no_transcript,provider returned no usable transcript segments,not_applicable,,,,,,unresolved,
CIK0000948850,AVSED8F940584FB7BBF,0000948850,COMSYS IT PARTNERS INC,CITP,NASDAQ,7363,services,2013Q4,us,DE,2004-10-05,2019-12-31,Alpha Vantage listing interval,resolved_cik,False,1,only eligible resolved security,2013|NASDAQ|services,1319,7,0.0053070508,188.4285714286,20260916,terminal_provider_unavailability,pilot_live,3,artifacts/representative_coverage_pilot_v20260916/raw/CIK0000948850/CITP/2013Q4/attempt_03_20260917040040461895.json,1d4cc58a19109e77025c0b480fede8feba913949da46a54ba1142c0652f53d0b,no_transcript,provider returned no usable transcript segments,not_applicable,,,,,,unresolved,
CIK0001004155,AVS64CB7B42C5CFC9E7,0001004155,AGL Resources Inc,GAS,NYSE,4924,transportation_communications_utilities,2013Q4,us,GA,1973-05-03,2019-12-31,Alpha Vantage listing interval,resolved_cik,True,2,"ranked by active quarter-end evidence, exchange, and plain common-stock symbol",2013|NYSE|transportation_communications_utilities,683,4,0.0058565154,170.7500000000,20260916,terminal_provider_unavailability,pilot_live,2,artifacts/representative_coverage_pilot_v20260916/raw/CIK0001004155/GAS/2013Q4/attempt_02_20260917050136021850.json,e777fdaea7f182c28811772570379f4c44ef98765a5ab418c921e3981e1a0dcc,no_transcript,provider returned no usable transcript segments,not_applicable,,,,,,unresolved,
CIK0001172139,AVSFB6241837F79BC79,0001172139,Bill Barrett Corp,BBG,NYSE,1311,mining,2013Q4,us,DE,2004-12-10,2019-12-31,Alpha Vantage listing interval,resolved_cik,True,2,"ranked by active quarter-end evidence, exchange, and plain common-stock symbol",2013|NYSE|mining,430,2,0.0046511628,215.0000000000,20260916,terminal_provider_unavailability,pilot_live,2,artifacts/representative_coverage_pilot_v20260916/raw/CIK0001172139/BBG/2013Q4/attempt_02_20260917050138026880.json,368566d9cdaab6f5262105b9f7c822cdcd8d657aedbe1b456f2097d2271c4bfe,no_transcript,provider returned no usable transcript segments,not_applicable,,,,,,unresolved,
CIK0001279704,AVS7A9265375FC46D54,0001279704,Cellectar Biosciences Inc,CLRB,NASDAQ,2834,manufacturing,2013Q4,us,DE,2005-11-10,2019-12-31,Alpha Vantage listing interval,resolved_cik,True,1,only eligible resolved security,2013|NASDAQ|manufacturing,3050,16,0.0052459016,190.6250000000,20260916,terminal_provider_unavailability,pilot_live,3,artifacts/representative_coverage_pilot_v20260916/raw/CIK0001279704/CLRB/2013Q4/attempt_03_20260917040044470691.json,1624d1dc48f04e5500eb09425f220b3dd07a39bb156ee48765047ed4e9eefd62,no_transcript,provider returned no usable transcript segments,not_applicable,,,,,,unresolved,
CIK0001318310,AVSD8FC84B7372F14E5,0001318310,ev3 Inc,EVVV,NASDAQ,3841,manufacturing,2013Q4,us,DE,2005-06-16,2019-12-31,Alpha Vantage listing interval,resolved_cik,False,1,only eligible resolved security,2013|NASDAQ|manufacturing,3050,16,0.0052459016,190.6250000000,20260916,terminal_provider_unavailability,pilot_live,3,artifacts/representative_coverage_pilot_v20260916/raw/CIK0001318310/EVVV/2013Q4/attempt_03_20260917040046475730.json,07abc0c0e120c3925422bc063e3a93a9bbbabda457c13130add3281caa46bed5,no_transcript,provider returned no usable transcript segments,not_applicable,,,,,,unresolved,
CIK0001357326,AVS9F8447C84390E541,0001357326,Riverbed Technology Inc,RVBD,NASDAQ,3576,manufacturing,2013Q4,us,DE,2006-09-21,2019-12-31,Alpha Vantage listing interval,resolved_cik,True,2,"ranked by active quarter-end evidence, exchange, and plain common-stock symbol",2013|NASDAQ|manufacturing,3050,16,0.0052459016,190.6250000000,20260916,terminal_provider_unavailability,pilot_live,3,artifacts/representative_coverage_pilot_v20260916/raw/CIK0001357326/RVBD/2013Q4/attempt_03_20260917040048483586.json,55a157553f54b10dc4427dc1629aa14fc19139cba7bc18ddf4c6ce9fa84a3dc8,no_transcript,provider returned no usable transcript segments,not_applicable,,,,,,unresolved,
CIK0001369817,AVS37FD1FCB2EF1C90E,0001369817,OneBeacon Insurance Group Ltd,OB,NYSE,6331,finance_insurance_real_estate,2013Q4,us,,2006-11-09,2019-12-31,Alpha Vantage listing interval,resolved_cik,True,2,"ranked by active quarter-end evidence, exchange, and plain common-stock symbol",2013|NYSE|finance_insurance_real_estate,1571,8,0.0050922979,196.3750000000,20260916,terminal_provider_unavailability,pilot_live,3,artifacts/representative_coverage_pilot_v20260916/raw/CIK0001369817/OB/2013Q4/attempt_03_20260917040050488635.json,b0412b6918581b6fa6e0a33ade91550a0bcf0bb242c3ad6c3f1d9e12eadbf45f,no_transcript,provider returned no usable transcript segments,not_applicable,,,,,,unresolved,
CIK0001373525,AVSDAED4DA97EB96417,0001373525,First Capital Bancorp Inc,FCVA,NASDAQ,6022,finance_insurance_real_estate,2013Q4,us,VA,1999-03-15,2019-12-31,Alpha Vantage listing interval,resolved_cik,True,2,"ranked by active quarter-end evidence, exchange, and plain common-stock symbol",2013|NASDAQ|finance_insurance_real_estate,1815,10,0.0055096419,181.5000000000,20260916,terminal_provider_unavailability,pilot_live,3,artifacts/representative_coverage_pilot_v20260916/raw/CIK0001373525/FCVA/2013Q4/attempt_03_20260917040052496014.json,9f8fb6592ae984f503313ef571bea734ae8f05f1126a5392ceaa6162a48cd64c,no_transcript,provider returned no usable transcript segments,not_applicable,,,,,,unresolved,
CIK0000008411,AVSDA98BA507BCE64FC,0000008411,Atwood Oceanics Inc,ATW,NYSE,1381,mining,2014Q1,us,TX,1984-09-07,2019-12-31,Alpha Vantage listing interval,resolved_cik,True,2,"ranked by active quarter-end evidence, exchange, and plain common-stock symbol",2014|NYSE|mining,457,2,0.0043763676,228.5000000000,20260916,terminal_provider_unavailability,pilot_live,3,artifacts/representative_coverage_pilot_v20260916/raw/CIK0000008411/ATW/2014Q1/attempt_03_20260917040100519842.json,ad3c08a2f7df7986744db4dbbad1eb1f0ba819c523c4ecbf81d926b6a6f55616,no_transcript,provider returned no usable transcript segments,not_applicable,,,,,,unresolved,
CIK0000203248,AVS99BD9DF6F50097D9,0000203248,SOUTHERN UNION CO,SUG,NYSE,4922,transportation_communications_utilities,2014Q1,us,DE,2007-09-26,2019-12-31,Alpha Vantage listing interval,resolved_cik,False,1,only eligible resolved security,2014|NYSE|transportation_communications_utilities,712,4,0.0056179775,178.0000000000,20260916,terminal_provider_unavailability,pilot_live,2,artifacts/representative_coverage_pilot_v20260916/raw/CIK0000203248/SUG/2014Q1/attempt_02_20260917050140031571.json,6e6b7dd64d1ba820374f3f20dc3487fd9c7985762c0b5fab291e8369a389bcfe,no_transcript,provider returned no usable transcript segments,not_applicable,,,,,,unresolved,
CIK0000320017,AVSCB0546FE288EFC3E,0000320017,Lisata Therapeutics Inc,LSTA,NASDAQ,2834,manufacturing,2014Q1,us,DE,1999-03-01,2019-12-31,Alpha Vantage listing interval,resolved_cik,True,1,only eligible resolved security,2014|NASDAQ|manufacturing,3358,18,0.0053603335,186.5555555556,20260916,terminal_provider_unavailability,pilot_live,3,artifacts/representative_coverage_pilot_v20260916/raw/CIK0000320017/LSTA/2014Q1/attempt_03_20260917040102530261.json,c1055d6f9c9f72378eec95cad76efce6354997efebd7c8fefda8f70c6e505e41,no_transcript,provider returned no usable transcript segments,not_applicable,,,,,,unresolved,
CIK0000714256,AVS4C6CF3D293F16314,0000714256,Sanara MedTech Inc,SMTI,NASDAQ,3842,manufacturing,2014Q1,us,TX,2011-02-22,2019-12-31,Alpha Vantage listing interval,resolved_cik,True,1,only eligible resolved security,2014|NASDAQ|manufacturing,3358,18,0.0053603335,186.5555555556,20260916,terminal_provider_unavailability,pilot_live,2,artifacts/representative_coverage_pilot_v20260916/raw/CIK0000714256/SMTI/2014Q1/attempt_02_20260917050142036595.json,c0e3ddb992733c0a717bb9b46c2378f73ca26ad1bc652aa3399b515bd2fae9a6,no_transcript,provider returned no usable transcript segments,not_applicable,,,,,,unresolved,
CIK0000914156,AVS3EC885FD2A7D0DA3,0000914156,UFP Technologies Inc,UFPT,NASDAQ,3841,manufacturing,2014Q1,us,DE,1993-12-17,2019-12-31,Alpha Vantage listing interval,resolved_cik,True,1,only eligible resolved security,2014|NASDAQ|manufacturing,3358,18,0.0053603335,186.5555555556,20260916,terminal_provider_unavailability,pilot_live,3,artifacts/representative_coverage_pilot_v20260916/raw/CIK0000914156/UFPT/2014Q1/attempt_03_20260917040104533284.json,7bc82413edc2a7119d8d7637077073b45e1376e0a00dcdf45afc23c9fafa9b70,no_transcript,provider returned no usable transcript segments,not_applicable,,,,,,unresolved,
CIK0000933141,AVSA811644DDFCEF5CA,0000933141,IBERIABANK Corp,IBKC,NASDAQ,6022,finance_insurance_real_estate,2014Q1,us,LA,1995-04-10,2019-12-31,Alpha Vantage listing interval,resolved_cik,True,1,only eligible resolved security,2014|NASDAQ|finance_insurance_real_estate,1893,10,0.0052826202,189.3000000000,20260916,terminal_provider_unavailability,pilot_live,3,artifacts/representative_coverage_pilot_v20260916/raw/CIK0000933141/IBKC/2014Q1/attempt_03_20260917040106534295.json,4b62b6c1552816dc971a4176046064729e46ecf551d2b6c07abc7f012dddf9e4,no_transcript,provider returned no usable transcript segments,not_applicable,,,,,,unresolved,
CIK0001135185,AVS89CB4000EE6142B3,0001135185,Atlas Air Worldwide Holdings Inc,AAWW,NASDAQ,4522,transportation_communications_utilities,2014Q1,us,DE,2005-11-09,2019-12-31,Alpha Vantage listing interval,resolved_cik,True,1,only eligible resolved security,2014|NASDAQ|transportation_communications_utilities,487,3,0.0061601643,162.3333333333,20260916,terminal_provider_unavailability,pilot_live,3,artifacts/representative_coverage_pilot_v20260916/raw/CIK0001135185/AAWW/2014Q1/attempt_03_20260917040110549923.json,b30b26e1830b69a098dccf7a398a5d6fc09e4b7a1ff4b7126ed9d20d0e7cb6a8,no_transcript,provider returned no usable transcript segments,not_applicable,,,,,,unresolved,
CIK0000073290,AVS22DCA5A4EEE6FD72,0000073290,Biomerica Inc,BMRA,NASDAQ,2835,manufacturing,2014Q2,us,DE,2005-01-03,2019-12-31,Alpha Vantage listing interval,resolved_cik,True,1,only eligible resolved security,2014|NASDAQ|manufacturing,3358,18,0.0053603335,186.5555555556,20260916,terminal_provider_unavailability,pilot_live,2,artifacts/representative_coverage_pilot_v20260916/raw/CIK0000073290/BMRA/2014Q2/attempt_02_20260917050144041618.json,f6ffc7d9790b73fb7d99fb4e09d18d142d73a40b3bce86f274631ae0d55d3916,no_transcript,provider returned no usable transcript segments,not_applicable,,,,,,unresolved,
CIK0000077597,AVS32C6C7341DE1B70E,0000077597,Spartech Corp,SEH,NYSE,3080,manufacturing,2014Q2,us,DE,2006-12-28,2019-12-31,Alpha Vantage listing interval,resolved_cik,False,1,only eligible resolved security,2014|NYSE|manufacturing,2019,11,0.0054482417,183.5454545455,20260916,terminal_provider_unavailability,pilot_live,3,artifacts/representative_coverage_pilot_v20260916/raw/CIK0000077597/SEH/2014Q2/attempt_03_20260917040116577676.json,f88b6765438dbc30c2dc0d3d102eaf8c1e24fca115773f7ffb526e5eebfed4cc,no_transcript,provider returned no usable transcript segments,not_applicable,,,,,,unresolved,
CIK0000704051,AVS9B0CDEBE00241244,0000704051,Legg Mason Inc,LM,NYSE,6282,finance_insurance_real_estate,2014Q2,us,MD,1987-11-05,2019-12-31,Alpha Vantage listing interval,resolved_cik,True,1,only eligible resolved security,2014|NYSE|finance_insurance_real_estate,1690,9,0.0053254438,187.7777777778,20260916,terminal_provider_unavailability,pilot_live,3,artifacts/representative_coverage_pilot_v20260916/raw/CIK0000704051/LM/2014Q2/attempt_03_20260917040118587724.json,c1fec9581e9fd44f524ebbc12c0536c04d86f63b20c81cd2736946140dc8e6ab,no_transcript,provider returned no usable transcript segments,not_applicable,,,,,,unresolved,
CIK0000858803,AVS6DE6DB0AAF35461E,0000858803,Avanir Pharmaceuticals Inc,AVNR,NASDAQ,2834,manufacturing,2014Q2,us,DE,1990-05-08,2019-12-31,Alpha Vantage listing interval,resolved_cik,True,2,"ranked by active quarter-end evidence, exchange, and plain common-stock symbol",2014|NASDAQ|manufacturing,3358,18,0.0053603335,186.5555555556,20260916,terminal_provider_unavailability,pilot_live,3,artifacts/representative_coverage_pilot_v20260916/raw/CIK0000858803/AVNR/2014Q2/attempt_03_20260917040120597771.json,c97f4f9e4119a8ea76ed52fecfec3ecc051d090f5ad469dfe71697646ae189ae,no_transcript,provider returned no usable transcript segments,not_applicable,,,,,,unresolved,
CIK0001002811,AVSD4B948C7174DA4A1,0001002811,Kensey Nash Corp,KNSY,NASDAQ,3841,manufacturing,2014Q2,us,DE,2012-04-26,2019-12-31,Alpha Vantage listing interval,resolved_cik,False,1,only eligible resolved security,2014|NASDAQ|manufacturing,3358,18,0.0053603335,186.5555555556,20260916,terminal_provider_unavailability,pilot_live,3,artifacts/representative_coverage_pilot_v20260916/raw/CIK0001002811/KNSY/2014Q2/attempt_03_20260917040124612376.json,365df0669581d36dcfb156c15cd3572ed94e44405369824a910fa54d7472776d,no_transcript,provider returned no usable transcript segments,not_applicable,,,,,,unresolved,
CIK0001053352,AVS765BD9BE04B0E194,0001053352,Heritage Commerce Corp,HTBK,NASDAQ,6022,finance_insurance_real_estate,2014Q2,us,CA,1998-07-20,2019-12-31,Alpha Vantage listing interval,resolved_cik,True,1,only eligible resolved security,2014|NASDAQ|finance_insurance_real_estate,1893,10,0.0052826202,189.3000000000,20260916,terminal_provider_unavailability,pilot_live,3,artifacts/representative_coverage_pilot_v20260916/raw/CIK0001053352/HTBK/2014Q2/attempt_03_20260917040126616169.json,6b52519372b3deb46421cecb10972211a2dfe84bf2a7dd772784f63c8e9860d6,no_transcript,provider returned no usable transcript segments,not_applicable,,,,,,unresolved,
CIK0000803647,AVSACB77C098752B7DA,0000803647,Versar Inc,VSR,NYSE,8711,services,2014Q3,us,DE,1992-03-17,2019-12-31,Alpha Vantage listing interval,resolved_cik,True,2,"ranked by active quarter-end evidence, exchange, and plain common-stock symbol",2014|NYSE|services,821,4,0.0048721072,205.2500000000,20260916,terminal_provider_unavailability,pilot_live,3,artifacts/representative_coverage_pilot_v20260916/raw/CIK0000803647/VSR/2014Q3/attempt_03_20260917040130633243.json,9c8aaf32e6c6b22a04e8e44e5357f025b4a36f2cf29e8924c0b9538bcbe6ff88,no_transcript,provider returned no usable transcript segments,not_applicable,,,,,,unresolved,
CIK0001035748,AVSB18EF4868DA937E2,0001035748,Callidus Software Inc,CALD,NASDAQ,7371,services,2014Q3,us,DE,2003-11-20,2019-12-31,Alpha Vantage listing interval,resolved_cik,True,2,"ranked by active quarter-end evidence, exchange, and plain common-stock symbol",2014|NASDAQ|services,1401,7,0.0049964311,200.1428571429,20260916,terminal_provider_unavailability,pilot_live,3,artifacts/representative_coverage_pilot_v20260916/raw/CIK0001035748/CALD/2014Q3/attempt_03_20260917040132643460.json,d8cac2275c42cdd8b4dc92a40249575aa6fffdd2a1f755c3f366e151c7c7ef86,no_transcript,provider returned no usable transcript segments,not_applicable,,,,,,unresolved,
CIK0001037676,AVS95FB02817330A6BE,0001037676,Arch Coal Inc,ACI,NYSE,1221,mining,2014Q3,us,DE,1988-08-12,2019-12-31,Alpha Vantage listing interval,resolved_cik,True,1,only eligible resolved security,2014|NYSE|mining,457,2,0.0043763676,228.5000000000,20260916,terminal_provider_unavailability,pilot_live,2,artifacts/representative_coverage_pilot_v20260916/raw/CIK0001037676/ACI/2014Q3/attempt_02_20260917041831929022.json,0b227cbe62127cf9c4e6fa50665015a588706aba011c525cd07ed18adf5cdbbb,no_transcript,provider returned no usable transcript segments,not_applicable,,,,,,unresolved,
CIK0001056943,AVS446F3CCD41027826,0001056943,Peoples Financial Services Corp,PFIS,NASDAQ,6021,finance_insurance_real_estate,2014Q3,us,PA,2002-06-05,2019-12-31,Alpha Vantage listing interval,resolved_cik,True,1,only eligible resolved security,2014|NASDAQ|finance_insurance_real_estate,1893,10,0.0052826202,189.3000000000,20260916,terminal_provider_unavailability,pilot_live,3,artifacts/representative_coverage_pilot_v20260916/raw/CIK0001056943/PFIS/2014Q3/attempt_03_20260917040134650878.json,5a9fb2ad9e717d2bcf6b9055335ada8a64603f1abe3206c7f4266711a33cfe5a,no_transcript,provider returned no usable transcript segments,not_applicable,,,,,,unresolved,
CIK0001173204,AVS187938A2D82BA9BB,0001173204,Cineverse Corp - Class A,CNVS,NASDAQ,7841,services,2014Q3,us,DE,2003-11-10,2019-12-31,Alpha Vantage listing interval,resolved_cik,True,1,only eligible resolved security,2014|NASDAQ|services,1401,7,0.0049964311,200.1428571429,20260916,terminal_provider_unavailability,pilot_live,3,artifacts/representative_coverage_pilot_v20260916/raw/CIK0001173204/CNVS/2014Q3/attempt_03_20260917040138666773.json,3a49f01961edc8aefdc35e5182a77b557b5396c8a25c0a49eba311e04617e256,no_transcript,provider returned no usable transcript segments,not_applicable,,,,,,unresolved,
CIK0001213037,AVSA8E5C7FA7FB89228,0001213037,Cardiff Oncology Inc,CRDF,NASDAQ,2836,manufacturing,2014Q3,us,DE,2004-07-27,2019-12-31,Alpha Vantage listing interval,resolved_cik,True,3,"ranked by active quarter-end evidence, exchange, and plain common-stock symbol",2014|NASDAQ|manufacturing,3358,18,0.0053603335,186.5555555556,20260916,terminal_provider_unavailability,pilot_live,3,artifacts/representative_coverage_pilot_v20260916/raw/CIK0001213037/CRDF/2014Q3/attempt_03_20260917040140678164.json,cd63370f8ac8b70564cd5d3fe3ec88a395afa85795d7b9e0957a979d6d088d44,no_transcript,provider returned no usable transcript segments,not_applicable,,,,,,unresolved,
CIK0001237746,AVS33057CAD91A79DF3,0001237746,Endurance International Group Holdings Inc,EIGI,NASDAQ,7372,services,2014Q3,us,DE,2013-10-25,2019-12-31,Alpha Vantage listing interval,resolved_cik,True,1,only eligible resolved security,2014|NASDAQ|services,1401,7,0.0049964311,200.1428571429,20260916,terminal_provider_unavailability,pilot_live,3,artifacts/representative_coverage_pilot_v20260916/raw/CIK0001237746/EIGI/2014Q3/attempt_03_20260917040142684302.json,531dc6ff9a8340c38fe0abaeb80aa4a767fc5a4786da27f3dae1ee7a7f291642,no_transcript,provider returned no usable transcript segments,not_applicable,,,,,,unresolved,
CIK0001319229,AVSDD33E55E176B5CD5,0001319229,TransMontaigne Partners LP,TLP,NYSE,4610,transportation_communications_utilities,2014Q3,us,DE,2005-05-25,2019-12-31,Alpha Vantage listing interval,resolved_cik,True,2,"ranked by active quarter-end evidence, exchange, and plain common-stock symbol",2014|NYSE|transportation_communications_utilities,712,4,0.0056179775,178.0000000000,20260916,terminal_provider_unavailability,pilot_live,2,artifacts/representative_coverage_pilot_v20260916/raw/CIK0001319229/TLP/2014Q3/attempt_02_20260917041833934055.json,f48a0d05277203b3e1c9f3fa006e71a4a562cee663d2b2be2419dae56e9aa57c,no_transcript,provider returned no usable transcript segments,not_applicable,,,,,,unresolved,
CIK0001333170,AVS707CC9DFDF8D2D9E,0001333170,NxStage Medical Inc,NXTM,NASDAQ,3845,manufacturing,2014Q3,us,DE,2005-10-27,2019-12-31,Alpha Vantage listing interval,resolved_cik,True,2,"ranked by active quarter-end evidence, exchange, and plain common-stock symbol",2014|NASDAQ|manufacturing,3358,18,0.0053603335,186.5555555556,20260916,terminal_provider_unavailability,pilot_live,3,artifacts/representative_coverage_pilot_v20260916/raw/CIK0001333170/NXTM/2014Q3/attempt_03_20260917040144694372.json,cb6b6e13ee68eaa5ce31064c0f2f15d5de3f3274e423758aea371ad6b8bec5f8,no_transcript,provider returned no usable transcript segments,not_applicable,,,,,,unresolved,
CIK0001538263,AVS5E1299F7BA988E7D,0001538263,HomeTrust Bancshares Inc,HTB,NYSE,6035,finance_insurance_real_estate,2014Q3,us,MD,2012-07-11,2019-12-31,Alpha Vantage listing interval,resolved_cik,True,1,only eligible resolved security,2014|NYSE|finance_insurance_real_estate,1690,9,0.0053254438,187.7777777778,20260916,terminal_provider_unavailability,pilot_live,2,artifacts/representative_coverage_pilot_v20260916/raw/CIK0001538263/HTB/2014Q3/attempt_02_20260917041837944107.json,a3b8ccf96ec0e29c1a9fd9e088fc5573b9fc3b8e9e613ad2c297c1cf41f95d91,no_transcript,provider returned no usable transcript segments,not_applicable,,,,,,unresolved,
CIK0001599222,AVSDD923C63090D2ADC,0001599222,Memorial Resource Development Corp,MRD,NASDAQ,1311,mining,2014Q3,us,DE,2014-06-12,2019-12-31,Alpha Vantage listing interval,resolved_cik,True,2,"ranked by active quarter-end evidence, exchange, and plain common-stock symbol",2014|NASDAQ|mining,201,1,0.0049751244,201.0000000000,20260916,terminal_provider_unavailability,pilot_live,2,artifacts/representative_coverage_pilot_v20260916/raw/CIK0001599222/MRD/2014Q3/attempt_02_20260917050146046649.json,a43e7749fc7295b9c7249e42fe80190e07e6787e77ca4f7f89b0635a7870e067,no_transcript,provider returned no usable transcript segments,not_applicable,,,,,,unresolved,
CIK0000706129,AVS87DBC124ED311DE5,0000706129,Horizon Bancorp Inc (IN),HBNC,NASDAQ,6022,finance_insurance_real_estate,2014Q4,us,IN,2001-12-17,2019-12-31,Alpha Vantage listing interval,resolved_cik,True,1,only eligible resolved security,2014|NASDAQ|finance_insurance_real_estate,1893,10,0.0052826202,189.3000000000,20260916,terminal_provider_unavailability,pilot_live,3,artifacts/representative_coverage_pilot_v20260916/raw/CIK0000706129/HBNC/2014Q4/attempt_03_20260917040148712269.json,8bef18b24e9afa22d037a3fbd57687342b7986824f3864883225698b7fb420ea,no_transcript,provider returned no usable transcript segments,not_applicable,,,,,,unresolved,
CIK0000817979,AVS57825083AAD9E8D8,0000817979,Accuride Corp,ACW,NYSE,3714,manufacturing,2014Q4,us,DE,2010-03-03,2019-12-31,Alpha Vantage listing interval,resolved_cik,True,2,"ranked by active quarter-end evidence, exchange, and plain common-stock symbol",2014|NYSE|manufacturing,2019,11,0.0054482417,183.5454545455,20260916,terminal_provider_unavailability,pilot_live,3,artifacts/representative_coverage_pilot_v20260916/raw/CIK0000817979/ACW/2014Q4/attempt_03_20260917040150720311.json,e65523345ca552fc0bcd32e1c471a5f1c134928ebfc33bcce440c793cd96cf69,no_transcript,provider returned no usable transcript segments,not_applicable,,,,,,unresolved,
CIK0000922863,AVS528B249E4C34047B,0000922863,Quality Distribution Inc,QLTY,NASDAQ,4213,transportation_communications_utilities,2014Q4,us,FL,2003-11-07,2019-12-31,Alpha Vantage listing interval,resolved_cik,True,1,only eligible resolved security,2014|NASDAQ|transportation_communications_utilities,487,3,0.0061601643,162.3333333333,20260916,terminal_provider_unavailability,pilot_live,3,artifacts/representative_coverage_pilot_v20260916/raw/CIK0000922863/QLTY/2014Q4/attempt_03_20260917040152728460.json,ff5dd15830bcc11af504a4315963fa3291c2403acb1059117bff45fc6422e33e,no_transcript,provider returned no usable transcript segments,not_applicable,,,,,,unresolved,
CIK0001015739,AVS460D75B7FF53FBC1,0001015739,Aware Inc,AWRE,NASDAQ,7372,services,2014Q4,us,MA,1996-11-19,2019-12-31,Alpha Vantage listing interval,resolved_cik,True,1,only eligible resolved security,2014|NASDAQ|services,1401,7,0.0049964311,200.1428571429,20260916,terminal_provider_unavailability,pilot_live,3,artifacts/representative_coverage_pilot_v20260916/raw/CIK0001015739/AWRE/2014Q4/attempt_03_20260917040154733569.json,60a34beefe663bd9bdc873207f331c16932e3bb4a87f76949702ae7631923208,no_transcript,provider returned no usable transcript segments,not_applicable,,,,,,unresolved,
CIK0001176309,AVSED7B9C19121E3643,0001176309,Oramed Pharmaceuticals Inc,ORMP,NASDAQ,2834,manufacturing,2014Q4,us,DE,2006-04-21,2019-12-31,Alpha Vantage listing interval,resolved_cik,True,1,only eligible resolved security,2014|NASDAQ|manufacturing,3358,18,0.0053603335,186.5555555556,20260916,terminal_provider_unavailability,pilot_live,3,artifacts/representative_coverage_pilot_v20260916/raw/CIK0001176309/ORMP/2014Q4/attempt_03_20260917040156743617.json,a22d7a0a91811ed9f9a21425700c8f10d168b66e408ddc50f226a44c18b0982a,no_transcript,provider returned no usable transcript segments,not_applicable,,,,,,unresolved,
CIK0001314102,AVS7923FC57BBB853A7,0001314102,pSivida Corp,PSDV,NASDAQ,3826,manufacturing,2014Q4,us,DE,2005-01-27,2019-12-31,Alpha Vantage listing interval,resolved_cik,True,3,"ranked by active quarter-end evidence, exchange, and plain common-stock symbol",2014|NASDAQ|manufacturing,3358,18,0.0053603335,186.5555555556,20260916,terminal_provider_unavailability,pilot_live,2,artifacts/representative_coverage_pilot_v20260916/raw/CIK0001314102/PSDV/2014Q4/attempt_02_20260917050148048921.json,c8c41aab6af6fb9df5e7f35762bcbb94b59d06f7cb4b27a08f4ad3553e2c3343,no_transcript,provider returned no usable transcript segments,not_applicable,,,,,,unresolved,
CIK0001319229,AVSDD33E55E176B5CD5,0001319229,TransMontaigne Partners LP,TLP,NYSE,4610,transportation_communications_utilities,2014Q4,us,DE,2005-05-25,2019-12-31,Alpha Vantage listing interval,resolved_cik,True,2,"ranked by active quarter-end evidence, exchange, and plain common-stock symbol",2014|NYSE|transportation_communications_utilities,712,4,0.0056179775,178.0000000000,20260916,terminal_provider_unavailability,pilot_live,2,artifacts/representative_coverage_pilot_v20260916/raw/CIK0001319229/TLP/2014Q4/attempt_02_20260917041841949469.json,18aa889a79dba2e4117c6e46744b7c65d7d4c6c5afff9d422b13ca3c455fabdb,no_transcript,provider returned no usable transcript segments,not_applicable,,,,,,unresolved,
CIK0001336644,AVS9F3504D577C49512,0001336644,Universal Travel Group,UTRA,NYSE,4700,transportation_communications_utilities,2014Q4,us,NV,2012-05-07,2019-12-31,Alpha Vantage listing interval,resolved_cik,False,1,only eligible resolved security,2014|NYSE|transportation_communications_utilities,712,4,0.0056179775,178.0000000000,20260916,terminal_provider_unavailability,pilot_live,2,artifacts/representative_coverage_pilot_v20260916/raw/CIK0001336644/UTRA/2014Q4/attempt_02_20260917050150053949.json,3c071d11b68c1d8ea39095a6085c0e7ddc780487324ec68d0eae206f51c844ea,no_transcript,provider returned no usable transcript segments,not_applicable,,,,,,unresolved,
CIK0001390777,AVSD9825917A164D951,0001390777,Bank Of New York Mellon Corp,BNY,NYSE,6022,finance_insurance_real_estate,2014Q4,us,DE,1973-05-03,2019-12-31,Alpha Vantage listing interval,resolved_cik,True,1,only eligible resolved security,2014|NYSE|finance_insurance_real_estate,1690,9,0.0053254438,187.7777777778,20260916,terminal_provider_unavailability,pilot_live,2,artifacts/representative_coverage_pilot_v20260916/raw/CIK0001390777/BNY/2014Q4/attempt_02_20260917045815552150.json,09322a5a3eb5ad820acd98d554a7b167185973a79252d2ea6726c3095164fb5e,no_transcript,provider returned no usable transcript segments,not_applicable,,,,,,unresolved,
CIK0001421182,AVS4FF3BD3009BD836E,0001421182,Verso Paper Corp,VRS1,NYSE,2621,manufacturing,2014Q4,us,DE,2008-06-09,2019-12-31,Alpha Vantage listing interval,resolved_cik,True,2,"ranked by active quarter-end evidence, exchange, and plain common-stock symbol",2014|NYSE|manufacturing,2019,11,0.0054482417,183.5454545455,20260916,terminal_provider_unavailability,pilot_live,3,artifacts/representative_coverage_pilot_v20260916/raw/CIK0001421182/VRS1/2014Q4/attempt_03_20260917040158749908.json,ef56a8d03a4a35bf073952e83cbf4a07e2c584d9ad5d140b6f305205e72fa8e2,no_transcript,provider returned no usable transcript segments,not_applicable,,,,,,unresolved,
CIK0001497504,AVSD735015F932D519F,0001497504,Dipexium Pharmaceuticals Inc,DPRX,NASDAQ,2834,manufacturing,2014Q4,us,DE,2014-03-13,2019-12-31,Alpha Vantage listing interval,resolved_cik,True,2,"ranked by active quarter-end evidence, exchange, and plain common-stock symbol",2014|NASDAQ|manufacturing,3358,18,0.0053603335,186.5555555556,20260916,terminal_provider_unavailability,pilot_live,3,artifacts/representative_coverage_pilot_v20260916/raw/CIK0001497504/DPRX/2014Q4/attempt_03_20260917040200760928.json,010a9f7498916a8a2e300a15c55d1aaa8e8cddb47be5fc2cc5d3ea665c03c358,no_transcript,provider returned no usable transcript segments,not_applicable,,,,,,unresolved,
CIK0001510580,AVSD1A2B7813AF17F63,0001510580,Kite Pharma Inc,KITE,NASDAQ,2836,manufacturing,2014Q4,us,DE,2014-06-20,2019-12-31,Alpha Vantage listing interval,resolved_cik,True,2,"ranked by active quarter-end evidence, exchange, and plain common-stock symbol",2014|NASDAQ|manufacturing,3358,18,0.0053603335,186.5555555556,20260916,terminal_provider_unavailability,pilot_live,3,artifacts/representative_coverage_pilot_v20260916/raw/CIK0001510580/KITE/2014Q4/attempt_03_20260917040202764077.json,e8eb83c135a94f08a8d3cf8e60be57638bf1f3b1c4aa00d5c42ed923f7b10b65,no_transcript,provider returned no usable transcript segments,not_applicable,,,,,,unresolved,
CIK0000318771,AVSA1D0FD290622B5FB,0000318771,GENENTECH INC,DNA,NYSE,2834,manufacturing,2015Q1,us,DE,2001-01-02,2019-12-31,Alpha Vantage listing interval,resolved_cik,False,1,only eligible resolved security,2015|NYSE|manufacturing,2089,11,0.0052656774,189.9090909091,20260916,terminal_provider_unavailability,pilot_live,3,artifacts/representative_coverage_pilot_v20260916/raw/CIK0000318771/DNA/2015Q1/attempt_03_20260917040204772095.json,9b1d654c85ed1de7a6671d14e5406a024821e09714c10a5ed61dc7c13cddc48d,no_transcript,provider returned no usable transcript segments,not_applicable,,,,,,unresolved,
CIK0000750577,AVS9AC46FC0F1FEBC90,0000750577,Hancock Whitney Corp,HWC,NASDAQ,6022,finance_insurance_real_estate,2015Q1,us,MS,2001-01-02,2019-12-31,Alpha Vantage listing interval,resolved_cik,True,3,"ranked by active quarter-end evidence, exchange, and plain common-stock symbol",2015|NASDAQ|finance_insurance_real_estate,1972,11,0.0055780933,179.2727272727,20260916,terminal_provider_unavailability,pilot_live,3,artifacts/representative_coverage_pilot_v20260916/raw/CIK0000750577/HWC/2015Q1/attempt_03_20260917040206782735.json,14e7b2de3f6e5a1e2ab1829c7c510003ec1c96d3b1e0ad8eb2e8391e8002d14e,no_transcript,provider returned no usable transcript segments,not_applicable,,,,,,unresolved,
CIK0000809933,AVSAA0252CED3C5F8D4,0000809933,Ecology and Environment,EEI,NASDAQ,8711,services,2015Q1,us,NY,1992-03-17,2019-12-31,Alpha Vantage listing interval,resolved_cik,True,1,only eligible resolved security,2015|NASDAQ|services,1476,8,0.0054200542,184.5000000000,20260916,terminal_provider_unavailability,pilot_live,3,artifacts/representative_coverage_pilot_v20260916/raw/CIK0000809933/EEI/2015Q1/attempt_03_20260917040208794741.json,585c32b10ccb6745427e530d31a335a16fb87d6334bbf8d867c77ddc33f60b9e,no_transcript,provider returned no usable transcript segments,not_applicable,,,,,,unresolved,
CIK0000895447,AVSEDAC86A0C9D3E999,0000895447,Shoe Carnival Inc,SHOE,NASDAQ,5661,retail_trade,2015Q1,us,IN,1993-03-16,2019-12-31,Alpha Vantage listing interval,resolved_cik,True,1,only eligible resolved security,2015|NASDAQ|retail_trade,445,2,0.0044943820,222.5000000000,20260916,terminal_provider_unavailability,pilot_live,3,artifacts/representative_coverage_pilot_v20260916/raw/CIK0000895447/SHOE/2015Q1/attempt_03_20260917040212804496.json,892dcc5dd771ce5f57bf5575a7a6d0c18820b6109b4f345a0525eb630d81b10b,no_transcript,provider returned no usable transcript segments,not_applicable,,,,,,unresolved,
CIK0001024657,AVS694D7779C0E2E02B,0001024657,West Corp,WSTC,NASDAQ,7389,services,2015Q1,us,DE,2013-03-22,2019-12-31,Alpha Vantage listing interval,resolved_cik,True,2,"ranked by active quarter-end evidence, exchange, and plain common-stock symbol",2015|NASDAQ|services,1476,8,0.0054200542,184.5000000000,20260916,terminal_provider_unavailability,pilot_live,3,artifacts/representative_coverage_pilot_v20260916/raw/CIK0001024657/WSTC/2015Q1/attempt_03_20260917040216827189.json,3d73ae79c5c895887a344cc847f2513ddd52421605da5ad802097a0f8d01b3c7,no_transcript,provider returned no usable transcript segments,not_applicable,,,,,,unresolved,
CIK0001173313,AVSB94D742C5095F5FD,0001173313,ABVC BioPharma Inc,ABVC,NASDAQ,2834,manufacturing,2015Q1,us,NV,2011-04-05,2019-12-31,Alpha Vantage listing interval,resolved_cik,True,1,only eligible resolved security,2015|NASDAQ|manufacturing,3623,19,0.0052442727,190.6842105263,20260916,terminal_provider_unavailability,pilot_live,3,artifacts/representative_coverage_pilot_v20260916/raw/CIK0001173313/ABVC/2015Q1/attempt_03_20260917040218833250.json,e30b895468abc0168d287d4138e36aa6646b8c7940e24d14d3990a3305b20436,no_transcript,provider returned no usable transcript segments,not_applicable,,,,,,unresolved,
CIK0001292653,AVSD573673478A69032,0001292653,Inteliquent Inc,IQNT,NASDAQ,4813,transportation_communications_utilities,2015Q1,us,,2007-11-02,2019-12-31,Alpha Vantage listing interval,resolved_cik,True,2,"ranked by active quarter-end evidence, exchange, and plain common-stock symbol",2015|NASDAQ|transportation_communications_utilities,501,3,0.0059880240,167.0000000000,20260916,terminal_provider_unavailability,pilot_live,2,artifacts/representative_coverage_pilot_v20260916/raw/CIK0001292653/IQNT/2015Q1/attempt_02_20260917050152058420.json,8211585aa42c99e774353eb72b71e6528c20cd878a445f545c150a81b0ceb193,no_transcript,provider returned no usable transcript segments,not_applicable,,,,,,unresolved,
CIK0001321646,AVS10935A6644750924,0001321646,Kraton Corp,KRA,NYSE,2821,manufacturing,2015Q1,us,DE,2009-12-17,2019-12-31,Alpha Vantage listing interval,resolved_cik,True,1,only eligible resolved security,2015|NYSE|manufacturing,2089,11,0.0052656774,189.9090909091,20260916,terminal_provider_unavailability,pilot_live,3,artifacts/representative_coverage_pilot_v20260916/raw/CIK0001321646/KRA/2015Q1/attempt_03_20260917040220843320.json,15509016f32725352fa482abb162d4c7813448992f3e554717632f29fef44eb5,no_transcript,provider returned no usable transcript segments,not_applicable,,,,,,unresolved,
CIK0001356949,AVSCC9B9B49BF8316A6,0001356949,Houston Wire & Cable Company,HWCC,NASDAQ,5063,wholesale_trade,2015Q1,us,,2006-06-15,2019-12-31,Alpha Vantage listing interval,resolved_cik,True,1,only eligible resolved security,2015|NASDAQ|wholesale_trade,198,1,0.0050505051,198.0000000000,20260916,terminal_provider_unavailability,pilot_live,3,artifacts/representative_coverage_pilot_v20260916/raw/CIK0001356949/HWCC/2015Q1/attempt_03_20260917040222854412.json,d95250accabb6692a7dacb6f4f33e6c8a1a3cc4790351400b7f576fe75964348,no_transcript,provider returned no usable transcript segments,not_applicable,,,,,,unresolved,
CIK0000041719,AVS4A24CE7558640047,0000041719,Magnera Corp,MAGN,NYSE,2621,manufacturing,2015Q2,us,PA,1984-05-16,2019-12-31,Alpha Vantage listing interval,resolved_cik,True,1,only eligible resolved security,2015|NYSE|manufacturing,2089,11,0.0052656774,189.9090909091,20260916,terminal_provider_unavailability,pilot_live,4,artifacts/representative_coverage_pilot_v20260916/raw/CIK0000041719/MAGN/2015Q2/attempt_04_20260917040224865209.json,d376770a1b7043dcaaadfbfc547f862c7fd33cc6a7ad7117506628c5cf9705f6,no_transcript,provider returned no usable transcript segments,not_applicable,,,,,,unresolved,
CIK0000760498,AVS29DC0A96BA466857,0000760498,Bancfirst Corp,BANF,NASDAQ,6021,finance_insurance_real_estate,2015Q2,us,OK,1990-03-26,2019-12-31,Alpha Vantage listing interval,resolved_cik,True,1,only eligible resolved security,2015|NASDAQ|finance_insurance_real_estate,1972,11,0.0055780933,179.2727272727,20260916,terminal_provider_unavailability,pilot_live,3,artifacts/representative_coverage_pilot_v20260916/raw/CIK0000760498/BANF/2015Q2/attempt_03_20260917040226877517.json,63b4bd30a5e31d05541cd67e54f3f358b029f0ce42d6efe4b1453ee6b33af4d9,no_transcript,provider returned no usable transcript segments,not_applicable,,,,,,unresolved,
CIK0001072627,AVS780E7E10858B63FA,0001072627,Kingsway Corp,KWY,NYSE,6331,finance_insurance_real_estate,2015Q2,us,DE,1998-05-06,2019-12-31,Alpha Vantage listing interval,resolved_cik,True,1,only eligible resolved security,2015|NYSE|finance_insurance_real_estate,1793,10,0.0055772448,179.3000000000,20260916,terminal_provider_unavailability,pilot_live,2,artifacts/representative_coverage_pilot_v20260916/raw/CIK0001072627/KWY/2015Q2/attempt_02_20260917041845956493.json,044007014ddfeceb99d7798327b61a5480889ad7b64a1dc86fa41c466d390619,no_transcript,provider returned no usable transcript segments,not_applicable,,,,,,unresolved,
CIK0001353283,AVS7DDF60CD4B245C71,0001353283,Splunk Inc,SPLK,NASDAQ,7372,services,2015Q2,us,,2012-04-19,2019-12-31,Alpha Vantage listing interval,resolved_cik,True,1,only eligible resolved security,2015|NASDAQ|services,1476,8,0.0054200542,184.5000000000,20260916,terminal_provider_unavailability,pilot_live,3,artifacts/representative_coverage_pilot_v20260916/raw/CIK0001353283/SPLK/2015Q2/attempt_03_20260917040232899864.json,0b92427244fe9c2c2e3cec342014488284cfa5160d05a37f9d8ccbb2c496df26,no_transcript,provider returned no usable transcript segments,not_applicable,,,,,,unresolved,
CIK0001376610,AVS7057BA0E5411B99C,0001376610,Allied Nevada Gold Corp,ANVGQ,NYSE,1040,mining,2015Q2,us,DE,2015-03-10,2019-12-31,Alpha Vantage listing interval,resolved_cik,True,3,"ranked by active quarter-end evidence, exchange, and plain common-stock symbol",2015|NYSE|mining,477,3,0.0062893082,159.0000000000,20260916,terminal_provider_unavailability,pilot_live,2,artifacts/representative_coverage_pilot_v20260916/raw/CIK0001376610/ANVGQ/2015Q2/attempt_02_20260917041847961520.json,22f59fd6cb78b9dab18899c971b6041a8c2eeaad70bdd9a894472919232f9314,no_transcript,provider returned no usable transcript segments,not_applicable,,,,,,unresolved,
CIK0001981535,AVS52F384FAB7FF8435,0001981535,SharpLink Gaming Ltd,SBET,NASDAQ,6199,finance_insurance_real_estate,2015Q2,us,DE,1997-05-21,2019-12-31,Alpha Vantage listing interval,resolved_cik,True,1,only eligible resolved security,2015|NASDAQ|finance_insurance_real_estate,1972,11,0.0055780933,179.2727272727,20260916,terminal_provider_unavailability,pilot_live,3,artifacts/representative_coverage_pilot_v20260916/raw/CIK0001981535/SBET/2015Q2/attempt_03_20260917040238926571.json,597ce1ebd86a75644d85f0b098f20b7264d812413fa2ede48c5091176be96928,no_transcript,provider returned no usable transcript segments,not_applicable,,,,,,unresolved,
CIK0000109156,AVSE02FE7DA2A35FCD4,0000109156,Zale Corp,ZLC,NYSE,5944,retail_trade,2015Q3,us,DE,1993-08-09,2019-12-31,Alpha Vantage listing interval,resolved_cik,False,1,only eligible resolved security,2015|NYSE|retail_trade,362,2,0.0055248619,181.0000000000,20260916,terminal_provider_unavailability,pilot_live,3,artifacts/representative_coverage_pilot_v20260916/raw/CIK0000109156/ZLC/2015Q3/attempt_03_20260917040240936646.json,61aa26428a3dd92ddb6502eccc931650729ea67d96e9f008fd138a27f1f47065,no_transcript,provider returned no usable transcript segments,not_applicable,,,,,,unresolved,
CIK0000906163,AVS5101B67014E20244,0000906163,NVR Inc,NVR,NYSE,1531,construction,2015Q3,us,VA,1985-07-22,2019-12-31,Alpha Vantage listing interval,resolved_cik,True,1,only eligible resolved security,2015|NYSE|construction,154,1,0.0064935065,154.0000000000,20260916,terminal_provider_unavailability,pilot_live,2,artifacts/representative_coverage_pilot_v20260916/raw/CIK0000906163/NVR/2015Q3/attempt_02_20260917003733609502.json,05c9d1feaa440724f3093a99305970540f44deef762b81403ff9e2701934e574,no_transcript,provider returned no usable transcript segments,not_applicable,,,,,,unresolved,
CIK0001007330,AVSDF06CB5955C48091,0001007330,PRGX Global Inc,PRGX,NYSE,8700,services,2015Q3,us,GA,1996-03-27,2019-12-31,Alpha Vantage listing interval,resolved_cik,True,1,only eligible resolved security,2015|NYSE|services,890,5,0.0056179775,178.0000000000,20260916,terminal_provider_unavailability,pilot_live,3,artifacts/representative_coverage_pilot_v20260916/raw/CIK0001007330/PRGX/2015Q3/attempt_03_20260917040242946687.json,549830475559e9e73dcf6c865f50632069cd03a5e6f66de6d91c3a7e0bcee540,no_transcript,provider returned no usable transcript segments,not_applicable,,,,,,unresolved,
CIK0001054833,AVSC9FA19C23C7FC456,0001054833,Coventry Health Care Inc,CVH,NYSE,6324,finance_insurance_real_estate,2015Q3,us,DE,2006-12-28,2019-12-31,Alpha Vantage listing interval,resolved_cik,False,1,only eligible resolved security,2015|NYSE|finance_insurance_real_estate,1793,10,0.0055772448,179.3000000000,20260916,terminal_provider_unavailability,pilot_live,2,artifacts/representative_coverage_pilot_v20260916/raw/CIK0001054833/CVH/2015Q3/attempt_02_20260917041849966545.json,3417ee998be0900f63bf65fe2413871c76f30e5db9fb2f5986ebd5ae88cc4fad,no_transcript,provider returned no usable transcript segments,not_applicable,,,,,,unresolved,
CIK0001124608,AVS724775C477D82320,0001124608,Response Genetics Inc,RGDX,NASDAQ,2835,manufacturing,2015Q3,us,,2007-06-05,2019-12-31,Alpha Vantage listing interval,resolved_cik,False,2,"ranked by active quarter-end evidence, exchange, and plain common-stock symbol",2015|NASDAQ|manufacturing,3623,19,0.0052442727,190.6842105263,20260916,terminal_provider_unavailability,pilot_live,3,artifacts/representative_coverage_pilot_v20260916/raw/CIK0001124608/RGDX/2015Q3/attempt_03_20260917040246960798.json,2419a9f1309d74f951d791973ff70f234daaac4aec218a261450b9c42635342a,no_transcript,provider returned no usable transcript segments,not_applicable,,,,,,unresolved,
CIK0001339947,AVS358F7271B5023513,0001339947,Viacom Inc,VIA,NASDAQ,4841,transportation_communications_utilities,2015Q3,us,DE,2005-12-05,2019-12-31,Alpha Vantage listing interval,resolved_cik,True,4,"ranked by active quarter-end evidence, exchange, and plain common-stock symbol",2015|NASDAQ|transportation_communications_utilities,501,3,0.0059880240,167.0000000000,20260916,terminal_provider_unavailability,pilot_live,3,artifacts/representative_coverage_pilot_v20260916/raw/CIK0001339947/VIA/2015Q3/attempt_03_20260917040248970469.json,645152379d665da3267452a091350cff7f71b8f7caeade7b7c5a86cf729d97b2,no_transcript,provider returned no usable transcript segments,not_applicable,,,,,,unresolved,
CIK0001357660,AVS038B29598E64A378,0001357660,Synthetic FixedIncome Securities Inc Synthetic FixedIncome Securities Inc Floating Rate Structured Repackaged AssetBacked Trust Securities Certificates,GJT,NYSE,6189,finance_insurance_real_estate,2015Q3,us,,2007-08-01,2019-12-31,Alpha Vantage listing interval,resolved_cik,True,1,only eligible resolved security,2015|NYSE|finance_insurance_real_estate,1793,10,0.0055772448,179.3000000000,20260916,terminal_provider_unavailability,pilot_live,2,artifacts/representative_coverage_pilot_v20260916/raw/CIK0001357660/GJT/2015Q3/attempt_02_20260917041851971571.json,2695fef5feff1d9c818f56a28d8890a3dd2deee9de834667b8912803b3f21962,no_transcript,provider returned no usable transcript segments,not_applicable,,,,,,unresolved,
CIK0001378718,AVS36C50D3AD3BF0074,0001378718,Wesco Aircraft Holdings Inc,WAIR,NYSE,5072,wholesale_trade,2015Q3,us,,2011-07-28,2019-12-31,Alpha Vantage listing interval,resolved_cik,True,1,only eligible resolved security,2015|NYSE|wholesale_trade,173,1,0.0057803468,173.0000000000,20260916,terminal_provider_unavailability,pilot_live,3,artifacts/representative_coverage_pilot_v20260916/raw/CIK0001378718/WAIR/2015Q3/attempt_03_20260917040252988148.json,e3af2534e76d3b3e5ca44c0dbfed7e3995028a3e36926edb878cd2a8fe8fbc11,no_transcript,provider returned no usable transcript segments,not_applicable,,,,,,unresolved,
CIK0001447051,AVS0AA61A5FE80E364D,0001447051,Territorial Bancorp Inc,TBNK,NASDAQ,6035,finance_insurance_real_estate,2015Q3,us,,2009-07-13,2019-12-31,Alpha Vantage listing interval,resolved_cik,True,1,only eligible resolved security,2015|NASDAQ|finance_insurance_real_estate,1972,11,0.0055780933,179.2727272727,20260916,terminal_provider_unavailability,pilot_live,3,artifacts/representative_coverage_pilot_v20260916/raw/CIK0001447051/TBNK/2015Q3/attempt_03_20260917040254998209.json,0c0cca098db41e5cae786219f3d6dd32941fb08417dcaa83f84428ec08e57ca3,no_transcript,provider returned no usable transcript segments,not_applicable,,,,,,unresolved,
CIK0001453814,AVS37D3A5DB0412F416,0001453814,Medidata Solutions Inc,MDSO,NASDAQ,7372,services,2015Q3,us,DE,2009-06-25,2019-12-31,Alpha Vantage listing interval,resolved_cik,True,2,"ranked by active quarter-end evidence, exchange, and plain common-stock symbol",2015|NASDAQ|services,1476,8,0.0054200542,184.5000000000,20260916,terminal_provider_unavailability,pilot_live,3,artifacts/representative_coverage_pilot_v20260916/raw/CIK0001453814/MDSO/2015Q3/attempt_03_20260917040257011071.json,5a4bfd9ad5c629337bfc01960c37658b3c99f2d296ec4afb850be9d56cd3b39f,no_transcript,provider returned no usable transcript segments,not_applicable,,,,,,unresolved,
CIK0001514183,AVS6E2CEA3326B43D0D,0001514183,SILO Pharma Inc,SILO,NASDAQ,2834,manufacturing,2015Q3,us,NV,2014-05-13,2019-12-31,Alpha Vantage listing interval,resolved_cik,True,1,only eligible resolved security,2015|NASDAQ|manufacturing,3623,19,0.0052442727,190.6842105263,20260916,terminal_provider_unavailability,pilot_live,3,artifacts/representative_coverage_pilot_v20260916/raw/CIK0001514183/SILO/2015Q3/attempt_03_20260917040259016524.json,86bcd788a1a10aed29e294f936c9705fe13eaf41b9b77f9d90842afce93f527d,no_transcript,provider returned no usable transcript segments,not_applicable,,,,,,unresolved,
CIK0001547063,AVS312C0C713696C107,0001547063,Taminco Corp,TAM,NYSE,2860,manufacturing,2015Q3,us,DE,2000-01-03,2019-12-31,Alpha Vantage listing interval,resolved_cik,False,1,only eligible resolved security,2015|NYSE|manufacturing,2089,11,0.0052656774,189.9090909091,20260916,terminal_provider_unavailability,pilot_live,3,artifacts/representative_coverage_pilot_v20260916/raw/CIK0001547063/TAM/2015Q3/attempt_03_20260917040301019437.json,6adbbf0b8892889c8b6af96ac300e68f74f5ea59a6356e73d8508a142a903c4a,no_transcript,provider returned no usable transcript segments,not_applicable,,,,,,unresolved,
CIK0000726513,AVSF2FFE13B52DE417E,0000726513,Tribune Media Company,TRCO,NYSE,4833,transportation_communications_utilities,2015Q4,us,DE,2013-01-07,2019-12-31,Alpha Vantage listing interval,resolved_cik,True,2,"ranked by active quarter-end evidence, exchange, and plain common-stock symbol",2015|NYSE|transportation_communications_utilities,743,4,0.0053835801,185.7500000000,20260916,terminal_provider_unavailability,pilot_live,2,artifacts/representative_coverage_pilot_v20260916/raw/CIK0000726513/TRCO/2015Q4/attempt_02_20260917050154063448.json,839ada5174ccf2b9bcc112ab6ffc61d859e774053f5a9bfd8f69f9353797216b,no_transcript,provider returned no usable transcript segments,not_applicable,,,,,,unresolved,
CIK0000872912,AVS63FAC84B5ED91591,0000872912,Delcath Systems Inc,DCTH,NASDAQ,3841,manufacturing,2015Q4,us,DE,2002-05-02,2019-12-31,Alpha Vantage listing interval,resolved_cik,True,1,only eligible resolved security,2015|NASDAQ|manufacturing,3623,19,0.0052442727,190.6842105263,20260916,terminal_provider_unavailability,pilot_live,3,artifacts/representative_coverage_pilot_v20260916/raw/CIK0000872912/DCTH/2015Q4/attempt_03_20260917040303025274.json,7c4f5206a74319e1c42f39174054e3872d8a0035193498797ae306986f5db120,no_transcript,provider returned no usable transcript segments,not_applicable,,,,,,unresolved,
CIK0000928421,AVS26179FCCDECAEEB2,0000928421,Mattson Technology Inc,MTSN,NASDAQ,3559,manufacturing,2015Q4,us,DE,1994-09-28,2019-12-31,Alpha Vantage listing interval,resolved_cik,True,2,"ranked by active quarter-end evidence, exchange, and plain common-stock symbol",2015|NASDAQ|manufacturing,3623,19,0.0052442727,190.6842105263,20260916,terminal_provider_unavailability,pilot_live,3,artifacts/representative_coverage_pilot_v20260916/raw/CIK0000928421/MTSN/2015Q4/attempt_03_20260917040305028780.json,972f6aec8608da2114f0a0cea069f92febeb06dfad9e6168dda1519ff5e0f5f2,no_transcript,provider returned no usable transcript segments,not_applicable,,,,,,unresolved,
CIK0001015739,AVS460D75B7FF53FBC1,0001015739,Aware Inc,AWRE,NASDAQ,7372,services,2015Q4,us,MA,1996-11-19,2019-12-31,Alpha Vantage listing interval,resolved_cik,True,1,only eligible resolved security,2015|NASDAQ|services,1476,8,0.0054200542,184.5000000000,20260916,terminal_provider_unavailability,pilot_live,2,artifacts/representative_coverage_pilot_v20260916/raw/CIK0001015739/AWRE/2015Q4/attempt_02_20260917050156068474.json,a774a08c4e2010b5e82274f999364cc9fdf8dcc8bfd17c6964f8485d7087d05b,no_transcript,provider returned no usable transcript segments,not_applicable,,,,,,unresolved,
CIK0001022225,AVS77D9FEE5A10FF763,0001022225,Oplink Communications Inc,OPLK,NASDAQ,3661,manufacturing,2015Q4,us,DE,2000-10-04,2019-12-31,Alpha Vantage listing interval,resolved_cik,False,1,only eligible resolved security,2015|NASDAQ|manufacturing,3623,19,0.0052442727,190.6842105263,20260916,terminal_provider_unavailability,pilot_live,3,artifacts/representative_coverage_pilot_v20260916/raw/CIK0001022225/OPLK/2015Q4/attempt_03_20260917040307034484.json,82db6f53aa010c57eaf9d03034bc0ba1b3c69516008a8b5016a9eee142484ab6,no_transcript,provider returned no usable transcript segments,not_applicable,,,,,,unresolved,
CIK0001054833,AVSC9FA19C23C7FC456,0001054833,Coventry Health Care Inc,CVH,NYSE,6324,finance_insurance_real_estate,2015Q4,us,DE,2006-12-28,2019-12-31,Alpha Vantage listing interval,resolved_cik,False,1,only eligible resolved security,2015|NYSE|finance_insurance_real_estate,1793,10,0.0055772448,179.3000000000,20260916,terminal_provider_unavailability,pilot_live,2,artifacts/representative_coverage_pilot_v20260916/raw/CIK0001054833/CVH/2015Q4/attempt_02_20260917041853976601.json,f0513a6223b6f7fe9d17f3b743479328a1077b5b9b4fa1c5b3ab66bf3f49005a,no_transcript,provider returned no usable transcript segments,not_applicable,,,,,,unresolved,
CIK0001058307,AVS5AF19A7CE9067450,0001058307,NextPlat Corp,NXPL,NASDAQ,4813,transportation_communications_utilities,2015Q4,us,NV,2014-05-20,2019-12-31,Alpha Vantage listing interval,resolved_cik,True,1,only eligible resolved security,2015|NASDAQ|transportation_communications_utilities,501,3,0.0059880240,167.0000000000,20260916,terminal_provider_unavailability,pilot_live,3,artifacts/representative_coverage_pilot_v20260916/raw/CIK0001058307/NXPL/2015Q4/attempt_03_20260917040311044024.json,0a740a7759659d4c757a458811d2e911beb4605e97b90b6af7f96b3a136a93fb,no_transcript,provider returned no usable transcript segments,not_applicable,,,,,,unresolved,
CIK0001089143,AVS17C80D6F88BBCCE3,0001089143,Collectors Universe Inc,CLCT,NASDAQ,7389,services,2015Q4,us,DE,1999-11-05,2019-12-31,Alpha Vantage listing interval,resolved_cik,True,1,only eligible resolved security,2015|NASDAQ|services,1476,8,0.0054200542,184.5000000000,20260916,terminal_provider_unavailability,pilot_live,2,artifacts/representative_coverage_pilot_v20260916/raw/CIK0001089143/CLCT/2015Q4/attempt_02_20260917050158073371.json,5c93cf42caea0f0455957f6f9cb9d48daca678e62d81657ab29fe9fb0d9444f2,no_transcript,provider returned no usable transcript segments,not_applicable,,,,,,unresolved,
CIK0001169652,AVSE634918466E2EE11,0001169652,ChannelAdvisor Corp,ECOM,NYSE,7372,services,2015Q4,us,DE,2013-05-23,2019-12-31,Alpha Vantage listing interval,resolved_cik,True,1,only eligible resolved security,2015|NYSE|services,890,5,0.0056179775,178.0000000000,20260916,terminal_provider_unavailability,pilot_live,3,artifacts/representative_coverage_pilot_v20260916/raw/CIK0001169652/ECOM/2015Q4/attempt_03_20260917040313052187.json,bba998e3c08d21d3c0e5449daf86bc90c959d6cec6cfdfaa1cece29a3cbb76ab,no_transcript,provider returned no usable transcript segments,not_applicable,,,,,,unresolved,
CIK0001355096,AVS15733B2C8826382E,0001355096,Liberty Interactive Corp,QVCA,NASDAQ,5961,retail_trade,2015Q4,us,,2006-05-10,2019-12-31,Alpha Vantage listing interval,resolved_cik,True,4,"ranked by active quarter-end evidence, exchange, and plain common-stock symbol",2015|NASDAQ|retail_trade,445,2,0.0044943820,222.5000000000,20260916,terminal_provider_unavailability,pilot_live,3,artifacts/representative_coverage_pilot_v20260916/raw/CIK0001355096/QVCA/2015Q4/attempt_03_20260917040315060484.json,ca80e48b8da17f5b8dbeb3dd7cdc13c3d7af033e57ffd43ebb163c52b5fe43a0,no_transcript,provider returned no usable transcript segments,not_applicable,,,,,,unresolved,
CIK0001376610,AVS7057BA0E5411B99C,0001376610,Allied Nevada Gold Corp,ANVGQ,NYSE,1040,mining,2015Q4,us,DE,2015-03-10,2019-12-31,Alpha Vantage listing interval,resolved_cik,True,3,"ranked by active quarter-end evidence, exchange, and plain common-stock symbol",2015|NYSE|mining,477,3,0.0062893082,159.0000000000,20260916,terminal_provider_unavailability,pilot_live,2,artifacts/representative_coverage_pilot_v20260916/raw/CIK0001376610/ANVGQ/2015Q4/attempt_02_20260917050200078397.json,2cd35e0ce80a6c40cd231560fb02e02111db2ae5bdca7c03f82281861f1c09e1,no_transcript,provider returned no usable transcript segments,not_applicable,,,,,,unresolved,
CIK0001421419,AVS890E735A4F7EEABF,0001421419,AGA Medical Holdings Inc,AGAM,NASDAQ,3845,manufacturing,2015Q4,us,DE,2009-10-21,2019-12-31,Alpha Vantage listing interval,resolved_cik,False,1,only eligible resolved security,2015|NASDAQ|manufacturing,3623,19,0.0052442727,190.6842105263,20260916,terminal_provider_unavailability,pilot_live,3,artifacts/representative_coverage_pilot_v20260916/raw/CIK0001421419/AGAM/2015Q4/attempt_03_20260917040319079997.json,d8f01eb12ba190f732af337d8cc2f9209ec77f8f66359a8cc6b1c48ea309cf45,no_transcript,provider returned no usable transcript segments,not_applicable,,,,,,unresolved,
CIK0001514183,AVS6E2CEA3326B43D0D,0001514183,SILO Pharma Inc,SILO,NASDAQ,2834,manufacturing,2015Q4,us,NV,2014-05-13,2019-12-31,Alpha Vantage listing interval,resolved_cik,True,1,only eligible resolved security,2015|NASDAQ|manufacturing,3623,19,0.0052442727,190.6842105263,20260916,terminal_provider_unavailability,pilot_live,3,artifacts/representative_coverage_pilot_v20260916/raw/CIK0001514183/SILO/2015Q4/attempt_03_20260917040323086110.json,7662eea0a2bad1fc6f902e865300e1114ed5e4cb12777b61a75317ef5c6d69c0,no_transcript,provider returned no usable transcript segments,not_applicable,,,,,,unresolved,
CIK0001553023,AVSB718B842651DC184,0001553023,CyrusOne Inc,CONE,NASDAQ,6798,finance_insurance_real_estate,2015Q4,us,DE,2013-01-18,2019-12-31,Alpha Vantage listing interval,resolved_cik,True,1,only eligible resolved security,2015|NASDAQ|finance_insurance_real_estate,1972,11,0.0055780933,179.2727272727,20260916,terminal_provider_unavailability,pilot_live,3,artifacts/representative_coverage_pilot_v20260916/raw/CIK0001553023/CONE/2015Q4/attempt_03_20260917040325096166.json,76ccecbb4cb4683e0f34757afdd13059caf740b4ae420acae75a225b09f811d9,no_transcript,provider returned no usable transcript segments,not_applicable,,,,,,unresolved,
CIK0001588216,AVSDB64519E503C913E,0001588216,RSP Permian Inc,RSPP,NYSE,1311,mining,2015Q4,us,,2014-01-17,2019-12-31,Alpha Vantage listing interval,resolved_cik,True,2,"ranked by active quarter-end evidence, exchange, and plain common-stock symbol",2015|NYSE|mining,477,3,0.0062893082,159.0000000000,20260916,terminal_provider_unavailability,pilot_live,2,artifacts/representative_coverage_pilot_v20260916/raw/CIK0001588216/RSPP/2015Q4/attempt_02_20260917041855978813.json,ede9078bcaf6863ccb374b414ab9d743ac74236beba8b2200f7b85e0e7ef5c47,no_transcript,provider returned no usable transcript segments,not_applicable,,,,,,unresolved,
CIK0001707919,AVSC64CF1A629DF33C9,0001707919,Cenntro Electric Group Ltd,CENN,NASDAQ,3711,manufacturing,2015Q4,us,NV,2009-12-16,2019-12-31,Alpha Vantage listing interval,resolved_cik,True,1,only eligible resolved security,2015|NASDAQ|manufacturing,3623,19,0.0052442727,190.6842105263,20260916,terminal_provider_unavailability,pilot_live,3,artifacts/representative_coverage_pilot_v20260916/raw/CIK0001707919/CENN/2015Q4/attempt_03_20260917040329099854.json,18b8b72336bf08d54bfb472033ce810ffef3cd3871a3d1f11db7b0bd7f0282a4,no_transcript,provider returned no usable transcript segments,not_applicable,,,,,,unresolved,
CIK0000055529,AVS6E2EA7A5FF27524E,0000055529,Kewaunee Scientific Corporation,KEQU,NASDAQ,3821,manufacturing,2016Q1,us,DE,1992-02-25,2019-12-31,Alpha Vantage listing interval,resolved_cik,True,1,only eligible resolved security,2016|NASDAQ|manufacturing,3946,21,0.0053218449,187.9047619048,20260916,terminal_provider_unavailability,pilot_live,3,artifacts/representative_coverage_pilot_v20260916/raw/CIK0000055529/KEQU/2016Q1/attempt_03_20260917040333116559.json,17a14627db20a29ee6eefe768b22ea41dc1e86b64bb7f3bfe96f3e2e7ea263e4,no_transcript,provider returned no usable transcript segments,not_applicable,,,,,,unresolved,
CIK0000215419,AVSB616337AB996D8AD,0000215419,Checkpoint Systems Inc,CKP,NYSE,3669,manufacturing,2016Q1,us,PA,1986-11-12,2019-12-31,Alpha Vantage listing interval,resolved_cik,True,2,"ranked by active quarter-end evidence, exchange, and plain common-stock symbol",2016|NYSE|manufacturing,2168,12,0.0055350554,180.6666666667,20260916,terminal_provider_unavailability,pilot_live,3,artifacts/representative_coverage_pilot_v20260916/raw/CIK0000215419/CKP/2016Q1/attempt_03_20260917040335119912.json,50ff7cb33c7c2f36673222182edea81b3dc237415e5e5cdf7e09cfee78dc799a,no_transcript,provider returned no usable transcript segments,not_applicable,,,,,,unresolved,
CIK0000351077,AVSB82B1D2E6A66A2D6,0000351077,Citizens Republic Bancorp Inc,CRBC,NASDAQ,6021,finance_insurance_real_estate,2016Q1,us,MI,2006-12-28,2019-12-31,Alpha Vantage listing interval,resolved_cik,False,1,only eligible resolved security,2016|NASDAQ|finance_insurance_real_estate,2135,11,0.0051522248,194.0909090909,20260916,terminal_provider_unavailability,pilot_live,3,artifacts/representative_coverage_pilot_v20260916/raw/CIK0000351077/CRBC/2016Q1/attempt_03_20260917040337130026.json,2243bdf8fdc811af7de97a814497e7f234240025246e4a4bb991c2af59a5c680,no_transcript,provider returned no usable transcript segments,not_applicable,,,,,,unresolved,
CIK0000700863,AVSDB4758D922F256E4,0000700863,Susquehanna Bancshares Inc,SUSQ,NASDAQ,6021,finance_insurance_real_estate,2016Q1,us,PA,1990-03-26,2019-12-31,Alpha Vantage listing interval,resolved_cik,False,1,only eligible resolved security,2016|NASDAQ|finance_insurance_real_estate,2135,11,0.0051522248,194.0909090909,20260916,terminal_provider_unavailability,pilot_live,3,artifacts/representative_coverage_pilot_v20260916/raw/CIK0000700863/SUSQ/2016Q1/attempt_03_20260917040339135325.json,92f934d2a30983fc8cc0ff03cb42633d38244fdd26e80a81f939932169afd8db,no_transcript,provider returned no usable transcript segments,not_applicable,,,,,,unresolved,
CIK0000740664,AVS0C910DAE0970D38D,0000740664,RF Industries Ltd,RFIL,NASDAQ,3678,manufacturing,2016Q1,us,NV,1997-05-28,2019-12-31,Alpha Vantage listing interval,resolved_cik,True,1,only eligible resolved security,2016|NASDAQ|manufacturing,3946,21,0.0053218449,187.9047619048,20260916,terminal_provider_unavailability,pilot_live,3,artifacts/representative_coverage_pilot_v20260916/raw/CIK0000740664/RFIL/2016Q1/attempt_03_20260917040341147934.json,2efc42722172421dd50749e618a492227895caa0a4bba2188d553d955ad10b8f,no_transcript,provider returned no usable transcript segments,not_applicable,,,,,,unresolved,
CIK0000918581,AVS714AC58EDAE463C6,0000918581,CIBER Inc,CBR,NYSE,7371,services,2016Q1,us,DE,1994-03-17,2019-12-31,Alpha Vantage listing interval,resolved_cik,True,2,"ranked by active quarter-end evidence, exchange, and plain common-stock symbol",2016|NYSE|services,958,5,0.0052192067,191.6000000000,20260916,terminal_provider_unavailability,pilot_live,3,artifacts/representative_coverage_pilot_v20260916/raw/CIK0000918581/CBR/2016Q1/attempt_03_20260917040343162457.json,eff5f5f8b0a909866e8e0354faf346d7f248bafb98cb06ca577628b786ef640e,no_transcript,provider returned no usable transcript segments,not_applicable,,,,,,unresolved,
CIK0001044777,AVS2AA1D4A45E4B7BC4,0001044777,OneSpan Inc,OSPN,NASDAQ,7373,services,2016Q1,us,DE,2001-01-02,2019-12-31,Alpha Vantage listing interval,resolved_cik,True,3,"ranked by active quarter-end evidence, exchange, and plain common-stock symbol",2016|NASDAQ|services,1629,9,0.0055248619,181.0000000000,20260916,terminal_provider_unavailability,pilot_live,3,artifacts/representative_coverage_pilot_v20260916/raw/CIK0001044777/OSPN/2016Q1/attempt_03_20260917040345170239.json,83cc53d6d9f96628dd3eccb1c2169ced81fc3d0905e0f7c5549e8a1ae0aba3c1,no_transcript,provider returned no usable transcript segments,not_applicable,,,,,,unresolved,
CIK0001235007,AVS6BA80B20EF51DE84,0001235007,Endocyte Inc,ECYT,NASDAQ,2834,manufacturing,2016Q1,us,DE,2011-02-04,2019-12-31,Alpha Vantage listing interval,resolved_cik,True,2,"ranked by active quarter-end evidence, exchange, and plain common-stock symbol",2016|NASDAQ|manufacturing,3946,21,0.0053218449,187.9047619048,20260916,terminal_provider_unavailability,pilot_live,3,artifacts/representative_coverage_pilot_v20260916/raw/CIK0001235007/ECYT/2016Q1/attempt_03_20260917040347171449.json,af3d6ed2768b6a758c5cdd7e3f54769baf97074323b1238291783c7c738f1c50,no_transcript,provider returned no usable transcript segments,not_applicable,,,,,,unresolved,
CIK0001299709,AVS1FA7F2DFD1BB1CD3,0001299709,BofI Holding Inc,BOFI,NASDAQ,6035,finance_insurance_real_estate,2016Q1,us,DE,2005-03-15,2019-12-31,Alpha Vantage listing interval,resolved_cik,True,2,"ranked by active quarter-end evidence, exchange, and plain common-stock symbol",2016|NASDAQ|finance_insurance_real_estate,2135,11,0.0051522248,194.0909090909,20260916,terminal_provider_unavailability,pilot_live,3,artifacts/representative_coverage_pilot_v20260916/raw/CIK0001299709/BOFI/2016Q1/attempt_03_20260917040349175391.json,fbce3f84984b9e4e87e34e2d29515ca75a8cf0160e6ad47a5ea50297c0876e55,no_transcript,provider returned no usable transcript segments,not_applicable,,,,,,unresolved,
CIK0001302387,AVSFED97BF3C9F637CD,0001302387,BV Financial Inc,BVFL,NASDAQ,6035,finance_insurance_real_estate,2016Q1,us,MD,2016-01-13,2019-12-31,Alpha Vantage listing interval,resolved_cik,True,1,only eligible resolved security,2016|NASDAQ|finance_insurance_real_estate,2135,11,0.0051522248,194.0909090909,20260916,terminal_provider_unavailability,pilot_live,3,artifacts/representative_coverage_pilot_v20260916/raw/CIK0001302387/BVFL/2016Q1/attempt_03_20260917040351185445.json,4947c9839253e2561d267196748cf5ee9178195c62c166c5d9ec0b827ad84bdc,no_transcript,provider returned no usable transcript segments,not_applicable,,,,,,unresolved,
CIK0001329919,AVSA9B9FB9D3230004D,0001329919,Vocus Inc,VOCS,NASDAQ,7372,services,2016Q1,us,DE,2005-12-07,2019-12-31,Alpha Vantage listing interval,resolved_cik,False,1,only eligible resolved security,2016|NASDAQ|services,1629,9,0.0055248619,181.0000000000,20260916,terminal_provider_unavailability,pilot_live,3,artifacts/representative_coverage_pilot_v20260916/raw/CIK0001329919/VOCS/2016Q1/attempt_03_20260917040353189547.json,2eb5a268fc3cc7d0e989e74005abc6297affead071b5d468ed876e7fd612094e,no_transcript,provider returned no usable transcript segments,not_applicable,,,,,,unresolved,
CIK0001386858,AVS840843F03D64550B,0001386858,Hyperion Therapeutics Inc,HPTX,NASDAQ,2834,manufacturing,2016Q1,us,DE,2012-07-26,2019-12-31,Alpha Vantage listing interval,resolved_cik,False,1,only eligible resolved security,2016|NASDAQ|manufacturing,3946,21,0.0053218449,187.9047619048,20260916,terminal_provider_unavailability,pilot_live,3,artifacts/representative_coverage_pilot_v20260916/raw/CIK0001386858/HPTX/2016Q1/attempt_03_20260917040355199591.json,cef9d1ba9084e51072a622021d6db8b77747df589f60e1627cea614f68cc5c4c,no_transcript,provider returned no usable transcript segments,not_applicable,,,,,,unresolved,
CIK0001506401,AVSBD0B6E9B265DF6AE,0001506401,InfraREIT Inc,HIFR,NYSE,6798,finance_insurance_real_estate,2016Q1,us,MD,2015-01-30,2019-12-31,Alpha Vantage listing interval,resolved_cik,True,2,"ranked by active quarter-end evidence, exchange, and plain common-stock symbol",2016|NYSE|finance_insurance_real_estate,1853,10,0.0053966541,185.3000000000,20260916,terminal_provider_unavailability,pilot_live,2,artifacts/representative_coverage_pilot_v20260916/raw/CIK0001506401/HIFR/2016Q1/attempt_02_20260917041857983834.json,6756ebf79d7ee99b6d486072d9e155063dcc9d2064054513d6da67c6be46e211,no_transcript,provider returned no usable transcript segments,not_applicable,,,,,,unresolved,
CIK0001524931,AVS348CE78F9E9B068E,0001524931,Chuy`s Holdings Inc,CHUY,NASDAQ,5812,retail_trade,2016Q1,us,DE,2012-07-24,2019-12-31,Alpha Vantage listing interval,resolved_cik,True,1,only eligible resolved security,2016|NASDAQ|retail_trade,469,3,0.0063965885,156.3333333333,20260916,terminal_provider_unavailability,pilot_live,3,artifacts/representative_coverage_pilot_v20260916/raw/CIK0001524931/CHUY/2016Q1/attempt_03_20260917040357209650.json,7a32079c274a39d6295c7c49b5a6e8b8e606c5d8513c27695ae04bc1ac62edfc,no_transcript,provider returned no usable transcript segments,not_applicable,,,,,,unresolved,
CIK0001585608,AVS3BA9CA534DC29CA3,0001585608,Jaguar Health Inc,JAGX,NASDAQ,2834,manufacturing,2016Q1,us,DE,2015-05-13,2019-12-31,Alpha Vantage listing interval,resolved_cik,True,1,only eligible resolved security,2016|NASDAQ|manufacturing,3946,21,0.0053218449,187.9047619048,20260916,terminal_provider_unavailability,pilot_live,3,artifacts/representative_coverage_pilot_v20260916/raw/CIK0001585608/JAGX/2016Q1/attempt_03_20260917040359219687.json,0a2e3963c6856d989a79301f55c98ab5f956dc762e0f97f1b6ce5f30a906b21f,no_transcript,provider returned no usable transcript segments,not_applicable,,,,,,unresolved,
CIK0000023111,AVS4D7F398CB179CADF,0000023111,Computer Task Group Inc,CTG,NASDAQ,7371,services,2016Q2,us,NY,1988-01-05,2019-12-31,Alpha Vantage listing interval,resolved_cik,True,1,only eligible resolved security,2016|NASDAQ|services,1629,9,0.0055248619,181.0000000000,20260916,terminal_provider_unavailability,pilot_live,2,artifacts/representative_coverage_pilot_v20260916/raw/CIK0000023111/CTG/2016Q2/attempt_02_20260917050202082190.json,f1365ad7bb04324309ed4e39e4762aaa24f3ed20a19b29b721cb8b375b3b9ce6,no_transcript,provider returned no usable transcript segments,not_applicable,,,,,,unresolved,
CIK0000815094,AVSE684B1CFB175CDA2,0000815094,Abiomed Inc,ABMD,NASDAQ,3841,manufacturing,2016Q2,us,DE,1987-07-30,2019-12-31,Alpha Vantage listing interval,resolved_cik,True,1,only eligible resolved security,2016|NASDAQ|manufacturing,3946,21,0.0053218449,187.9047619048,20260916,terminal_provider_unavailability,pilot_live,3,artifacts/representative_coverage_pilot_v20260916/raw/CIK0000815094/ABMD/2016Q2/attempt_03_20260917040403237816.json,5f9a9f5e37cc3d0dcdaeaf1937dacdf051ef5d4d9fe432c4acefc5c852de7a4b,no_transcript,provider returned no usable transcript segments,not_applicable,,,,,,unresolved,
CIK0001076195,AVS9CB4DA311E18689A,0001076195,Life Time Fitness Inc,LTM1,NYSE,7997,services,2016Q2,us,MN,2004-07-26,2019-12-31,Alpha Vantage listing interval,resolved_cik,False,1,only eligible resolved security,2016|NYSE|services,958,5,0.0052192067,191.6000000000,20260916,terminal_provider_unavailability,pilot_live,3,artifacts/representative_coverage_pilot_v20260916/raw/CIK0001076195/LTM1/2016Q2/attempt_03_20260917040405241234.json,626e746aed9da0dc8981c484e0aad58ccea42be1fd93d9ede1252db95ef4990d,no_transcript,provider returned no usable transcript segments,not_applicable,,,,,,unresolved,
CIK0001120462,AVS2084BDA00637A78C,0001120462,IOWA TELECOMMUNICATIONS SERVICES INC,IWA,NYSE,4813,transportation_communications_utilities,2016Q2,us,IA,2000-02-11,2019-12-31,Alpha Vantage listing interval,resolved_cik,False,1,only eligible resolved security,2016|NYSE|transportation_communications_utilities,769,4,0.0052015605,192.2500000000,20260916,terminal_provider_unavailability,pilot_live,2,artifacts/representative_coverage_pilot_v20260916/raw/CIK0001120462/IWA/2016Q2/attempt_02_20260917041901993089.json,c81f1fe3ae55a0495c8e7ba9d71e7064ad84ed0e265781e229e5358451341ea8,no_transcript,provider returned no usable transcript segments,not_applicable,,,,,,unresolved,
CIK0001292653,AVSD573673478A69032,0001292653,Inteliquent Inc,IQNT,NASDAQ,4813,transportation_communications_utilities,2016Q2,us,,2007-11-02,2019-12-31,Alpha Vantage listing interval,resolved_cik,True,2,"ranked by active quarter-end evidence, exchange, and plain common-stock symbol",2016|NASDAQ|transportation_communications_utilities,533,3,0.0056285178,177.6666666667,20260916,terminal_provider_unavailability,pilot_live,3,artifacts/representative_coverage_pilot_v20260916/raw/CIK0001292653/IQNT/2016Q2/attempt_03_20260917040407249819.json,3380d942d9077085609dad27225c0e35228d8932c72006ad45e9d593b6b1078f,no_transcript,provider returned no usable transcript segments,not_applicable,,,,,,unresolved,
CIK0001379246,AVS8816C677F9CAA2D4,0001379246,Body Central Corp,BODY,NASDAQ,5600,retail_trade,2016Q2,us,DE,2010-10-15,2019-12-31,Alpha Vantage listing interval,resolved_cik,True,2,"ranked by active quarter-end evidence, exchange, and plain common-stock symbol",2016|NASDAQ|retail_trade,469,3,0.0063965885,156.3333333333,20260916,terminal_provider_unavailability,pilot_live,2,artifacts/representative_coverage_pilot_v20260916/raw/CIK0001379246/BODY/2016Q2/attempt_02_20260917050204087212.json,d5aa18125cab036e4913bfc3146a7d883032be25ef0d1cf6d54d88f6dae38519,no_transcript,provider returned no usable transcript segments,not_applicable,,,,,,unresolved,
CIK0001498382,AVS41FD6F5D0AD451FE,0001498382,TuHURA Biosciences Inc,HURA,NASDAQ,2834,manufacturing,2016Q2,us,NV,2013-02-22,2019-12-31,Alpha Vantage listing interval,resolved_cik,True,1,only eligible resolved security,2016|NASDAQ|manufacturing,3946,21,0.0053218449,187.9047619048,20260916,terminal_provider_unavailability,pilot_live,3,artifacts/representative_coverage_pilot_v20260916/raw/CIK0001498382/HURA/2016Q2/attempt_03_20260917040411263347.json,95a55655ce622fb0599e2853a439fa25398f7433d8c75f150430b0dc48b7d4da,no_transcript,provider returned no usable transcript segments,not_applicable,,,,,,unresolved,
CIK0001523733,AVS98866A91B7F2D351,0001523733,PetroLogistics LP,PDH,NYSE,2890,manufacturing,2016Q2,us,DE,2012-05-04,2019-12-31,Alpha Vantage listing interval,resolved_cik,False,1,only eligible resolved security,2016|NYSE|manufacturing,2168,12,0.0055350554,180.6666666667,20260916,terminal_provider_unavailability,pilot_live,3,artifacts/representative_coverage_pilot_v20260916/raw/CIK0001523733/PDH/2016Q2/attempt_03_20260917040413266618.json,499da6e458c0283052c1fae766fb204b376e4174a2e6b5c7601880bac1a998a7,no_transcript,provider returned no usable transcript segments,not_applicable,,,,,,unresolved,
CIK0001629137,AVSBDCD3AB00BE6E52D,0001629137,Global Blood Therapeutics Inc,GBT,NASDAQ,2834,manufacturing,2016Q2,us,DE,2015-08-12,2019-12-31,Alpha Vantage listing interval,resolved_cik,True,1,only eligible resolved security,2016|NASDAQ|manufacturing,3946,21,0.0053218449,187.9047619048,20260916,terminal_provider_unavailability,pilot_live,3,artifacts/representative_coverage_pilot_v20260916/raw/CIK0001629137/GBT/2016Q2/attempt_03_20260917040415276201.json,fc60ca396a2a4ce0648ce8313e315a0bf485042c91d291abc5d49ad46346914e,no_transcript,provider returned no usable transcript segments,not_applicable,,,,,,unresolved,
CIK0001637655,AVS88CD6E56E6D1C9B3,0001637655,Horizon Global Corp,HZN,NYSE,3714,manufacturing,2016Q2,us,,2015-07-01,2019-12-31,Alpha Vantage listing interval,resolved_cik,True,1,only eligible resolved security,2016|NYSE|manufacturing,2168,12,0.0055350554,180.6666666667,20260916,terminal_provider_unavailability,pilot_live,3,artifacts/representative_coverage_pilot_v20260916/raw/CIK0001637655/HZN/2016Q2/attempt_03_20260917040417283069.json,24c85087d34d8b0583faed9675da27b074d45e5381d8901c3900e1251b96282e,no_transcript,provider returned no usable transcript segments,not_applicable,,,,,,unresolved,
CIK0000825411,AVS5D88EB2746C6C9E6,0000825411,Sevcon Inc,SEV,NASDAQ,3620,manufacturing,2016Q3,us,DE,1992-03-19,2019-12-31,Alpha Vantage listing interval,resolved_cik,True,2,"ranked by active quarter-end evidence, exchange, and plain common-stock symbol",2016|NASDAQ|manufacturing,3946,21,0.0053218449,187.9047619048,20260916,terminal_provider_unavailability,pilot_live,3,artifacts/representative_coverage_pilot_v20260916/raw/CIK0000825411/SEV/2016Q3/attempt_03_20260917040421299804.json,ed45898b811da2410b18f5417646e10d3417f8ac3a15fbec156e5c838544812f,no_transcript,provider returned no usable transcript segments,not_applicable,,,,,,unresolved,
CIK0000884940,AVS6CAAD9948827F3BD,0000884940,Stein Mart Inc,SMRTQ,NASDAQ,5651,retail_trade,2016Q3,us,FL,1992-04-27,2019-12-31,Alpha Vantage listing interval,resolved_cik,True,1,only eligible resolved security,2016|NASDAQ|retail_trade,469,3,0.0063965885,156.3333333333,20260916,terminal_provider_unavailability,pilot_live,3,artifacts/representative_coverage_pilot_v20260916/raw/CIK0000884940/SMRTQ/2016Q3/attempt_03_20260917040423310752.json,c934fb3514da3f42b937d804525978507b382403b16a9e4c73cc2aadd1848439,no_transcript,provider returned no usable transcript segments,not_applicable,,,,,,unresolved,
CIK0000928421,AVS26179FCCDECAEEB2,0000928421,Mattson Technology Inc,MTSN,NASDAQ,3559,manufacturing,2016Q3,us,DE,1994-09-28,2019-12-31,Alpha Vantage listing interval,resolved_cik,False,1,only eligible resolved security,2016|NASDAQ|manufacturing,3946,21,0.0053218449,187.9047619048,20260916,terminal_provider_unavailability,pilot_live,3,artifacts/representative_coverage_pilot_v20260916/raw/CIK0000928421/MTSN/2016Q3/attempt_03_20260917040425314017.json,a3c04e654b0ab06921cb9c6137866bcace60c07b4b304ad9ad8cec70c73dd815,no_transcript,provider returned no usable transcript segments,not_applicable,,,,,,unresolved,
CIK0001005201,AVSA0A4E643D0FACDDE,0001005201,Depomed Inc,DEPO,NASDAQ,2834,manufacturing,2016Q3,us,DE,1997-12-03,2019-12-31,Alpha Vantage listing interval,resolved_cik,True,2,"ranked by active quarter-end evidence, exchange, and plain common-stock symbol",2016|NASDAQ|manufacturing,3946,21,0.0053218449,187.9047619048,20260916,terminal_provider_unavailability,pilot_live,3,artifacts/representative_coverage_pilot_v20260916/raw/CIK0001005201/DEPO/2016Q3/attempt_03_20260917040427324060.json,0cb0104e73fe35fa5202cf3fff283316b21d0534dbf1dcfdf4c4749524687b7b,no_transcript,provider returned no usable transcript segments,not_applicable,,,,,,unresolved,
CIK0001012771,AVSB479CE67ABA1E0C4,0001012771,FBL Financial Group Inc,FFG,NYSE,6311,finance_insurance_real_estate,2016Q3,us,IA,2001-01-02,2019-12-31,Alpha Vantage listing interval,resolved_cik,True,2,"ranked by active quarter-end evidence, exchange, and plain common-stock symbol",2016|NYSE|finance_insurance_real_estate,1853,10,0.0053966541,185.3000000000,20260916,terminal_provider_unavailability,pilot_live,2,artifacts/representative_coverage_pilot_v20260916/raw/CIK0001012771/FFG/2016Q3/attempt_02_20260917041903998116.json,7030f66a1da8205c03476e6c85f7149769fcf9b8785418f807612f0f593d3cb4,no_transcript,provider returned no usable transcript segments,not_applicable,,,,,,unresolved,
CIK0001211805,AVS53AC398B6F631764,0001211805,My Size Inc,MYSZ,NASDAQ,7372,services,2016Q3,us,DE,2016-07-25,2019-12-31,Alpha Vantage listing interval,resolved_cik,True,1,only eligible resolved security,2016|NASDAQ|services,1629,9,0.0055248619,181.0000000000,20260916,terminal_provider_unavailability,pilot_live,3,artifacts/representative_coverage_pilot_v20260916/raw/CIK0001211805/MYSZ/2016Q3/attempt_03_20260917040431343179.json,01baf9ff91a68fb7bee9c8edea66fa5c8dd5a67333c29337da35e24507da21be,no_transcript,provider returned no usable transcript segments,not_applicable,,,,,,unresolved,
CIK0001274057,AVS04FAC8D17ED89D3F,0001274057,Hospira Inc,HSP,NYSE,2834,manufacturing,2016Q3,us,DE,2004-05-03,2019-12-31,Alpha Vantage listing interval,resolved_cik,False,1,only eligible resolved security,2016|NYSE|manufacturing,2168,12,0.0055350554,180.6666666667,20260916,terminal_provider_unavailability,pilot_live,3,artifacts/representative_coverage_pilot_v20260916/raw/CIK0001274057/HSP/2016Q3/attempt_03_20260917040433353222.json,ffaedf6639270d8254eb346266cbbd6e44746a4bfa442b7db4c059690b556a28,no_transcript,provider returned no usable transcript segments,not_applicable,,,,,,unresolved,
CIK0001292653,AVSD573673478A69032,0001292653,Inteliquent Inc,IQNT,NASDAQ,4813,transportation_communications_utilities,2016Q3,us,,2007-11-02,2019-12-31,Alpha Vantage listing interval,resolved_cik,True,2,"ranked by active quarter-end evidence, exchange, and plain common-stock symbol",2016|NASDAQ|transportation_communications_utilities,533,3,0.0056285178,177.6666666667,20260916,terminal_provider_unavailability,pilot_live,3,artifacts/representative_coverage_pilot_v20260916/raw/CIK0001292653/IQNT/2016Q3/attempt_03_20260917040435359719.json,d1a7b15df57ac9100abeda44db3394fc238e3ec2ea4c8d1a24457b8534e14f5d,no_transcript,provider returned no usable transcript segments,not_applicable,,,,,,unresolved,
CIK0001507615,AVS154FE4756B5713E0,0001507615,Tesoro Logistics LP,TLLP,NYSE,4610,transportation_communications_utilities,2016Q3,us,DE,2011-04-20,2019-12-31,Alpha Vantage listing interval,resolved_cik,True,2,"ranked by active quarter-end evidence, exchange, and plain common-stock symbol",2016|NYSE|transportation_communications_utilities,769,4,0.0052015605,192.2500000000,20260916,terminal_provider_unavailability,pilot_live,2,artifacts/representative_coverage_pilot_v20260916/raw/CIK0001507615/TLLP/2016Q3/attempt_02_20260917041906003080.json,98c1f97bdd7e9e9a358618756b90b3fc55b6fba0af436f0a344d8804e45550ce,no_transcript,provider returned no usable transcript segments,not_applicable,,,,,,unresolved,
CIK0001580608,AVSA57E2697C7D591A0,0001580608,Santander Consumer USA Holdings Inc,SC,NYSE,6141,finance_insurance_real_estate,2016Q3,us,DE,2014-01-23,2019-12-31,Alpha Vantage listing interval,resolved_cik,True,1,only eligible resolved security,2016|NYSE|finance_insurance_real_estate,1853,10,0.0053966541,185.3000000000,20260916,terminal_provider_unavailability,pilot_live,2,artifacts/representative_coverage_pilot_v20260916/raw/CIK0001580608/SC/2016Q3/attempt_02_20260917041908011074.json,3d7736a8728cdb8b02b2f8c773a9e4a22d8dd4951d52e2638cfcf1f41ad0d3d1,no_transcript,provider returned no usable transcript segments,not_applicable,,,,,,unresolved,
CIK0001601545,AVS51DD427CDA8D446E,0001601545,Blue Hills Bancorp Inc,BHBK,NASDAQ,6022,finance_insurance_real_estate,2016Q3,us,MD,2014-07-22,2019-12-31,Alpha Vantage listing interval,resolved_cik,True,2,"ranked by active quarter-end evidence, exchange, and plain common-stock symbol",2016|NASDAQ|finance_insurance_real_estate,2135,11,0.0051522248,194.0909090909,20260916,terminal_provider_unavailability,pilot_live,3,artifacts/representative_coverage_pilot_v20260916/raw/CIK0001601545/BHBK/2016Q3/attempt_03_20260917040439374969.json,744c7c3929e27dabd9808433ea317c1b4d0d6b67657a1913c38be6ae50335795,no_transcript,provider returned no usable transcript segments,not_applicable,,,,,,unresolved,
CIK0001604464,AVSDB5BC4B38CDB597C,0001604464,Atara Biotherapeutics Inc,ATRA,NASDAQ,2836,manufacturing,2016Q3,us,DE,2014-10-16,2019-12-31,Alpha Vantage listing interval,resolved_cik,True,1,only eligible resolved security,2016|NASDAQ|manufacturing,3946,21,0.0053218449,187.9047619048,20260916,terminal_provider_unavailability,pilot_live,3,artifacts/representative_coverage_pilot_v20260916/raw/CIK0001604464/ATRA/2016Q3/attempt_03_20260917040441384906.json,860f9faa2ace19b70fd41a13b509f778ade08f884756a736315e1fb5dee4101f,no_transcript,provider returned no usable transcript segments,not_applicable,,,,,,unresolved,
CIK0001617798,AVS1891E0BD3A56BA5F,0001617798,PennTex Midstream Partners LP,PTXP,NASDAQ,4922,transportation_communications_utilities,2016Q3,us,DE,2015-06-04,2019-12-31,Alpha Vantage listing interval,resolved_cik,True,2,"ranked by active quarter-end evidence, exchange, and plain common-stock symbol",2016|NASDAQ|transportation_communications_utilities,533,3,0.0056285178,177.6666666667,20260916,terminal_provider_unavailability,pilot_live,3,artifacts/representative_coverage_pilot_v20260916/raw/CIK0001617798/PTXP/2016Q3/attempt_03_20260917040443390658.json,545d4c26e9cf553d759efbe358aa8cebd2c7fbce81f5c38b913c002fa8455efe,no_transcript,provider returned no usable transcript segments,not_applicable,,,,,,unresolved,
CIK0000101538,AVSF6550ACF27745ADF,0000101538,United States Antimony Corp,UAMY,NYSE,3330,manufacturing,2016Q4,us,MT,2000-02-24,2019-12-31,Alpha Vantage listing interval,resolved_cik,True,1,only eligible resolved security,2016|NYSE|manufacturing,2168,12,0.0055350554,180.6666666667,20260916,terminal_provider_unavailability,pilot_live,3,artifacts/representative_coverage_pilot_v20260916/raw/CIK0000101538/UAMY/2016Q4/attempt_03_20260917040445390796.json,81fda1fa796a242aed3916fe40892acae68e68267ee5fee270d9a55c770c2010,no_transcript,provider returned no usable transcript segments,not_applicable,,,,,,unresolved,
CIK0000911649,AVS8E4587E3FA1C154D,0000911649,Standard Diversified Inc,SDI,NYSE,2100,manufacturing,2016Q4,us,DE,2001-01-02,2019-12-31,Alpha Vantage listing interval,resolved_cik,True,1,only eligible resolved security,2016|NYSE|manufacturing,2168,12,0.0055350554,180.6666666667,20260916,terminal_provider_unavailability,pilot_live,3,artifacts/representative_coverage_pilot_v20260916/raw/CIK0000911649/SDI/2016Q4/attempt_03_20260917040447403234.json,cc7fd01f1f756fc1870e0a97bf6ff05a96c4d0c5fb68e8c8d97f20bd1b973c0d,no_transcript,provider returned no usable transcript segments,not_applicable,,,,,,unresolved,
CIK0000914156,AVS3EC885FD2A7D0DA3,0000914156,UFP Technologies Inc,UFPT,NASDAQ,3841,manufacturing,2016Q4,us,DE,1993-12-17,2019-12-31,Alpha Vantage listing interval,resolved_cik,True,1,only eligible resolved security,2016|NASDAQ|manufacturing,3946,21,0.0053218449,187.9047619048,20260916,terminal_provider_unavailability,pilot_live,3,artifacts/representative_coverage_pilot_v20260916/raw/CIK0000914156/UFPT/2016Q4/attempt_03_20260917040449410744.json,91685eef5de7145d2c885e69b7b1c4354c7e763897807c6dfc2beaba18f18661,no_transcript,provider returned no usable transcript segments,not_applicable,,,,,,unresolved,
CIK0001015780,AVS589746B17AA674E8,0001015780,E TRADE Financial Corp,ETFC,NASDAQ,6035,finance_insurance_real_estate,2016Q4,us,DE,1996-08-16,2019-12-31,Alpha Vantage listing interval,resolved_cik,True,1,only eligible resolved security,2016|NASDAQ|finance_insurance_real_estate,2135,11,0.0051522248,194.0909090909,20260916,terminal_provider_unavailability,pilot_live,3,artifacts/representative_coverage_pilot_v20260916/raw/CIK0001015780/ETFC/2016Q4/attempt_03_20260917040451415238.json,6fe63f9db029d54a67af976d61af6aa22d8180a6092b0d6b7d56488c4892fca0,no_transcript,provider returned no usable transcript segments,not_applicable,,,,,,unresolved,
CIK0001029730,AVS2D75A1E10EA16C32,0001029730,Ladenburg Thalmann Financial Services,LTS,NYSE,6211,finance_insurance_real_estate,2016Q4,us,FL,1999-08-25,2019-12-31,Alpha Vantage listing interval,resolved_cik,True,1,only eligible resolved security,2016|NYSE|finance_insurance_real_estate,1853,10,0.0053966541,185.3000000000,20260916,terminal_provider_unavailability,pilot_live,2,artifacts/representative_coverage_pilot_v20260916/raw/CIK0001029730/LTS/2016Q4/attempt_02_20260917050206092242.json,10edfc224d5d0e07f3bbb1e04e6fb201693af4b8e6b99b4942e17323450ddcda,no_transcript,provider returned no usable transcript segments,not_applicable,,,,,,unresolved,
CIK0001037676,AVS95FB02817330A6BE,0001037676,Arch Coal Inc,ACI,NYSE,1221,mining,2016Q4,us,DE,1988-08-12,2019-12-31,Alpha Vantage listing interval,resolved_cik,True,1,only eligible resolved security,2016|NYSE|mining,496,3,0.0060483871,165.3333333333,20260916,terminal_provider_unavailability,pilot_live,2,artifacts/representative_coverage_pilot_v20260916/raw/CIK0001037676/ACI/2016Q4/attempt_02_20260917041912019430.json,1e341060daf86dbc1376b85a003d9d181739437c029517038415212a00ba6b2b,no_transcript,provider returned no usable transcript segments,not_applicable,,,,,,unresolved,
CIK0001303652,AVS3ACF30E9BA1E5825,0001303652,Tableau Software Inc,DATA,NYSE,7372,services,2016Q4,us,,2013-05-17,2019-12-31,Alpha Vantage listing interval,resolved_cik,True,2,"ranked by active quarter-end evidence, exchange, and plain common-stock symbol",2016|NYSE|services,958,5,0.0052192067,191.6000000000,20260916,terminal_provider_unavailability,pilot_live,3,artifacts/representative_coverage_pilot_v20260916/raw/CIK0001303652/DATA/2016Q4/attempt_03_20260917040457436918.json,d0089852bb7b13d0a64055c60ad3e49c35982e502af75ab60439c1bc17cacead,no_transcript,provider returned no usable transcript segments,not_applicable,,,,,,unresolved,
CIK0001305773,AVS35F4F28EF4B4515E,0001305773,Conformis Inc,CFMS,NASDAQ,3842,manufacturing,2016Q4,us,DE,2015-07-01,2019-12-31,Alpha Vantage listing interval,resolved_cik,True,1,only eligible resolved security,2016|NASDAQ|manufacturing,3946,21,0.0053218449,187.9047619048,20260916,terminal_provider_unavailability,pilot_live,3,artifacts/representative_coverage_pilot_v20260916/raw/CIK0001305773/CFMS/2016Q4/attempt_03_20260917040459438246.json,585ea2e9ef57e107592e7510be597878bc18c9db6a0e1b4446ce7d24b80db840,no_transcript,provider returned no usable transcript segments,not_applicable,,,,,,unresolved,
CIK0001311538,AVSC20BA889EC48B924,0001311538,Castle Brands Inc,ROX,NYSE,2080,manufacturing,2016Q4,us,FL,2006-04-07,2019-12-31,Alpha Vantage listing interval,resolved_cik,True,2,"ranked by active quarter-end evidence, exchange, and plain common-stock symbol",2016|NYSE|manufacturing,2168,12,0.0055350554,180.6666666667,20260916,terminal_provider_unavailability,pilot_live,3,artifacts/representative_coverage_pilot_v20260916/raw/CIK0001311538/ROX/2016Q4/attempt_03_20260917040501442493.json,7b350b38df758cb3e936e78ea1129dd9dae84bbe8c304c409101545511864238,no_transcript,provider returned no usable transcript segments,not_applicable,,,,,,unresolved,
CIK0001464790,AVSC19F929A3ACFFF52,0001464790,B. Riley Financial Inc,RILY,NASDAQ,6282,finance_insurance_real_estate,2016Q4,us,DE,2015-07-16,2019-12-31,Alpha Vantage listing interval,resolved_cik,True,2,"ranked by active quarter-end evidence, exchange, and plain common-stock symbol",2016|NASDAQ|finance_insurance_real_estate,2135,11,0.0051522248,194.0909090909,20260916,terminal_provider_unavailability,pilot_live,3,artifacts/representative_coverage_pilot_v20260916/raw/CIK0001464790/RILY/2016Q4/attempt_03_20260917040503452536.json,d2c3305c4db535be3c9bbd5f8dcc706f9953db9be5c91caf002ce0eaf33ab9b7,no_transcript,provider returned no usable transcript segments,not_applicable,,,,,,unresolved,
CIK0001482541,AVSB08B8FE567BD5BCA,0001482541,CEA Industries Inc,BNC,NASDAQ,0700,mining,2016Q4,us,NV,2013-11-08,2019-12-31,Alpha Vantage listing interval,resolved_cik,True,1,only eligible resolved security,2016|NASDAQ|mining,227,1,0.0044052863,227.0000000000,20260916,terminal_provider_unavailability,pilot_live,2,artifacts/representative_coverage_pilot_v20260916/raw/CIK0001482541/BNC/2016Q4/attempt_02_20260917041922462146.json,f37fa2ccb1f324d28a218e52f4cc18c785242c2d66b5178051bb3bd4c07c8da3,no_transcript,provider returned no usable transcript segments,not_applicable,,,,,,unresolved,
CIK0001500375,AVSEE323533228A8F6D,0001500375,Home Federal Bancorp Inc (Louisiana),HFBL,NASDAQ,6035,finance_insurance_real_estate,2016Q4,us,LA,2007-06-20,2019-12-31,Alpha Vantage listing interval,resolved_cik,True,1,only eligible resolved security,2016|NASDAQ|finance_insurance_real_estate,2135,11,0.0051522248,194.0909090909,20260916,terminal_provider_unavailability,pilot_live,3,artifacts/representative_coverage_pilot_v20260916/raw/CIK0001500375/HFBL/2016Q4/attempt_03_20260917040507472281.json,40d8351329f0e64fd88be15734bf9ba7c804a4380293146812513589800533e8,no_transcript,provider returned no usable transcript segments,not_applicable,,,,,,unresolved,
CIK0001520300,AVSB3414823A397F812,0001520300,ASB Bancorp Inc,ASBB,NASDAQ,6035,finance_insurance_real_estate,2016Q4,us,NC,2011-10-12,2019-12-31,Alpha Vantage listing interval,resolved_cik,True,2,"ranked by active quarter-end evidence, exchange, and plain common-stock symbol",2016|NASDAQ|finance_insurance_real_estate,2135,11,0.0051522248,194.0909090909,20260916,terminal_provider_unavailability,pilot_live,3,artifacts/representative_coverage_pilot_v20260916/raw/CIK0001520300/ASBB/2016Q4/attempt_03_20260917040509472685.json,5e23f40544fd86a50dc0ce0105353cd1f8587463bd567cdc8686b5d8d9af1595,no_transcript,provider returned no usable transcript segments,not_applicable,,,,,,unresolved,
CIK0001622536,AVS6717FF61E5784CD9,0001622536,Talen Energy Corp,TLN,NYSE,4911,transportation_communications_utilities,2016Q4,us,DE,2016-01-04,2019-12-31,Alpha Vantage listing interval,resolved_cik,False,2,"ranked by active quarter-end evidence, exchange, and plain common-stock symbol",2016|NYSE|transportation_communications_utilities,769,4,0.0052015605,192.2500000000,20260916,terminal_provider_unavailability,pilot_live,2,artifacts/representative_coverage_pilot_v20260916/raw/CIK0001622536/TLN/2016Q4/attempt_02_20260917041924536920.json,af21235d2cbaee1b42241e8563464d4bfcd24a0311670332bf77597025e9a0ec,no_transcript,provider returned no usable transcript segments,not_applicable,,,,,,unresolved,
CIK0000065172,AVS1C947BA9CC2728B8,0000065172,Mesabi Trust,MSB,NYSE,6795,finance_insurance_real_estate,2017Q1,us,NY,1987-12-30,2019-12-31,Alpha Vantage listing interval,resolved_cik,True,1,only eligible resolved security,2017|NYSE|finance_insurance_real_estate,1910,10,0.0052356021,191.0000000000,20260916,terminal_provider_unavailability,pilot_live,3,artifacts/representative_coverage_pilot_v20260916/raw/CIK0000065172/MSB/2017Q1/attempt_03_20260917040515497078.json,aee5df71c40697a346d101e5eaa4a752741d021713338e12f2c4e8292503bfea,no_transcript,provider returned no usable transcript segments,not_applicable,,,,,,unresolved,
CIK0000721994,AVS965CBEC94C8E06C8,0000721994,Lakeland Financial Corp,LKFN,NASDAQ,6022,finance_insurance_real_estate,2017Q1,us,IN,1997-08-14,2019-12-31,Alpha Vantage listing interval,resolved_cik,True,1,only eligible resolved security,2017|NASDAQ|finance_insurance_real_estate,2196,12,0.0054644809,183.0000000000,20260916,terminal_provider_unavailability,pilot_live,3,artifacts/representative_coverage_pilot_v20260916/raw/CIK0000721994/LKFN/2017Q1/attempt_03_20260917040517510030.json,e190a80c91194628d971bd534aa8c85f66fe5e1653834ea691af0d2123df52e4,no_transcript,provider returned no usable transcript segments,not_applicable,,,,,,unresolved,
CIK0001056386,AVS811C804BE64CB3D0,0001056386,Internap Corp,INAPQ,NASDAQ,7370,services,2017Q1,us,DE,1999-09-29,2019-12-31,Alpha Vantage listing interval,resolved_cik,True,1,only eligible resolved security,2017|NASDAQ|services,1733,9,0.0051933064,192.5555555556,20260916,terminal_provider_unavailability,pilot_live,3,artifacts/representative_coverage_pilot_v20260916/raw/CIK0001056386/INAPQ/2017Q1/attempt_03_20260917040519516463.json,3c97abf330ac04ad0860ccb333f6407e2e94cf285fc03c07376d29067096abbc,no_transcript,provider returned no usable transcript segments,not_applicable,,,,,,unresolved,
CIK0001100917,AVSFA096D95347D7683,0001100917,Onvia Inc,ONVI,NASDAQ,7389,services,2017Q1,us,DE,2000-03-02,2019-12-31,Alpha Vantage listing interval,resolved_cik,True,2,"ranked by active quarter-end evidence, exchange, and plain common-stock symbol",2017|NASDAQ|services,1733,9,0.0051933064,192.5555555556,20260916,terminal_provider_unavailability,pilot_live,3,artifacts/representative_coverage_pilot_v20260916/raw/CIK0001100917/ONVI/2017Q1/attempt_03_20260917040523536552.json,04e803667dbc4aff5c3d0fd327a2f1fddcada3e0d336ad0d7cbf96b0ca006581,no_transcript,provider returned no usable transcript segments,not_applicable,,,,,,unresolved,
CIK0001354866,AVSD3087C0AA8FDD7EB,0001354866,Byrna Technologies Inc,BYRN,NASDAQ,3690,manufacturing,2017Q1,us,DE,2011-02-23,2019-12-31,Alpha Vantage listing interval,resolved_cik,True,1,only eligible resolved security,2017|NASDAQ|manufacturing,4126,22,0.0053320407,187.5454545455,20260916,terminal_provider_unavailability,pilot_live,3,artifacts/representative_coverage_pilot_v20260916/raw/CIK0001354866/BYRN/2017Q1/attempt_03_20260917040531566045.json,93dc548032507671ee06992a27d7465fb7197146811011636b4febb27a8126c5,no_transcript,provider returned no usable transcript segments,not_applicable,,,,,,unresolved,
CIK0001378946,AVS72758804F2942265,0001378946,People`s United Financial Inc,PBCT,NASDAQ,6035,finance_insurance_real_estate,2017Q1,us,DE,1990-03-26,2019-12-31,Alpha Vantage listing interval,resolved_cik,True,1,only eligible resolved security,2017|NASDAQ|finance_insurance_real_estate,2196,12,0.0054644809,183.0000000000,20260916,terminal_provider_unavailability,pilot_live,3,artifacts/representative_coverage_pilot_v20260916/raw/CIK0001378946/PBCT/2017Q1/attempt_03_20260917040533566428.json,f8eba7cf4d5431483ce83dddf24c169b6d6e40fcd039caf2ec6907dca3df4f18,no_transcript,provider returned no usable transcript segments,not_applicable,,,,,,unresolved,
CIK0001380393,AVSB6C75A4EC973F023,0001380393,Fortress Investment Group LLC,FIG,NYSE,6282,finance_insurance_real_estate,2017Q1,us,DE,2007-02-09,2019-12-31,Alpha Vantage listing interval,resolved_cik,True,2,"ranked by active quarter-end evidence, exchange, and plain common-stock symbol",2017|NYSE|finance_insurance_real_estate,1910,10,0.0052356021,191.0000000000,20260916,terminal_provider_unavailability,pilot_live,2,artifacts/representative_coverage_pilot_v20260916/raw/CIK0001380393/FIG/2017Q1/attempt_02_20260917050208097270.json,ac74913d26569cd431dcf66fda56ccbc9021c9973a8dc25a59c977351afc04b3,no_transcript,provider returned no usable transcript segments,not_applicable,,,,,,unresolved,
CIK0001422109,AVS8B4991E96AFFA445,0001422109,Blue Earth Inc,BBLUQ,NASDAQ,4991,transportation_communications_utilities,2017Q1,us,NV,2016-01-04,2019-12-31,Alpha Vantage listing interval,resolved_cik,False,1,only eligible resolved security,2017|NASDAQ|transportation_communications_utilities,549,3,0.0054644809,183.0000000000,20260916,terminal_provider_unavailability,pilot_live,3,artifacts/representative_coverage_pilot_v20260916/raw/CIK0001422109/BBLUQ/2017Q1/attempt_03_20260917040535576379.json,434f6dc4494f0321cd99365fc06dd40e858fbb164747d9973f607edcf2d23cba,no_transcript,provider returned no usable transcript segments,not_applicable,,,,,,unresolved,
CIK0001590714,AVSBDABA63FF4E4201B,0001590714,Element Solutions Inc,ESI,NYSE,2890,manufacturing,2017Q1,us,,2013-10-22,2019-12-31,Alpha Vantage listing interval,resolved_cik,True,1,only eligible resolved security,2017|NYSE|manufacturing,2218,12,0.0054102795,184.8333333333,20260916,terminal_provider_unavailability,pilot_live,3,artifacts/representative_coverage_pilot_v20260916/raw/CIK0001590714/ESI/2017Q1/attempt_03_20260917040541597618.json,803a0e1dd46d3781b1345281bbdacae2fa34b72b154f8d69921d278199af323d,no_transcript,provider returned no usable transcript segments,not_applicable,,,,,,unresolved,
CIK0001829576,AVSF5171567E4138B7D,0001829576,Carter Bankshares Inc,CARE,NASDAQ,6021,finance_insurance_real_estate,2017Q1,us,VA,2012-08-27,2019-12-31,Alpha Vantage listing interval,resolved_cik,True,1,only eligible resolved security,2017|NASDAQ|finance_insurance_real_estate,2196,12,0.0054644809,183.0000000000,20260916,terminal_provider_unavailability,pilot_live,3,artifacts/representative_coverage_pilot_v20260916/raw/CIK0001829576/CARE/2017Q1/attempt_03_20260917040543599798.json,5002192b6bd45e6d3c26fbadad69d2fd121e54f3f0220d36b3db10a5143d4652,no_transcript,provider returned no usable transcript segments,not_applicable,,,,,,unresolved,
CIK0000008868,AVSDA5F4A84CDA307B1,0000008868,Avon Products Inc,AVP,NYSE,2844,manufacturing,2017Q2,us,NY,1972-06-01,2019-12-31,Alpha Vantage listing interval,resolved_cik,True,1,only eligible resolved security,2017|NYSE|manufacturing,2218,12,0.0054102795,184.8333333333,20260916,terminal_provider_unavailability,pilot_live,3,artifacts/representative_coverage_pilot_v20260916/raw/CIK0000008868/AVP/2017Q2/attempt_03_20260917040545607534.json,874efd09d5b803d6ccb489da71322e50e0123ddbd233e25dd7176d34d7a586d8,no_transcript,provider returned no usable transcript segments,not_applicable,,,,,,unresolved,
CIK0000067279,AVS40D50C6283F61EED,0000067279,MOCON Inc,MOCO,NASDAQ,3829,manufacturing,2017Q2,us,MN,1989-04-05,2019-12-31,Alpha Vantage listing interval,resolved_cik,True,2,"ranked by active quarter-end evidence, exchange, and plain common-stock symbol",2017|NASDAQ|manufacturing,4126,22,0.0053320407,187.5454545455,20260916,terminal_provider_unavailability,pilot_live,3,artifacts/representative_coverage_pilot_v20260916/raw/CIK0000067279/MOCO/2017Q2/attempt_03_20260917040547617582.json,e1b8b4734ad203d40808e2f15712fe0159bb5b4fe5d680810f225c7b349cf3da,no_transcript,provider returned no usable transcript segments,not_applicable,,,,,,unresolved,
CIK0000766829,AVS291BDB69A5F16712,0000766829,H2O America,HTO,NASDAQ,4941,transportation_communications_utilities,2017Q2,us,DE,1972-06-01,2019-12-31,Alpha Vantage listing interval,resolved_cik,True,1,only eligible resolved security,2017|NASDAQ|transportation_communications_utilities,549,3,0.0054644809,183.0000000000,20260916,terminal_provider_unavailability,pilot_live,3,artifacts/representative_coverage_pilot_v20260916/raw/CIK0000766829/HTO/2017Q2/attempt_03_20260917040549626392.json,3248259675959c3895f5479aae54c3ba350be682175964326c442a178089cb38,no_transcript,provider returned no usable transcript segments,not_applicable,,,,,,unresolved,
CIK0000803164,AVS9439DF9C14E1FBC3,0000803164,Choiceone Financial Services Inc,COFS,NASDAQ,6022,finance_insurance_real_estate,2017Q2,us,MI,2001-12-31,2019-12-31,Alpha Vantage listing interval,resolved_cik,True,1,only eligible resolved security,2017|NASDAQ|finance_insurance_real_estate,2196,12,0.0054644809,183.0000000000,20260916,terminal_provider_unavailability,pilot_live,3,artifacts/representative_coverage_pilot_v20260916/raw/CIK0000803164/COFS/2017Q2/attempt_03_20260917040551633080.json,366278f4cf0813c302fdbaadc5fd59bec168d7bda1501da70e4250505645081f,no_transcript,provider returned no usable transcript segments,not_applicable,,,,,,unresolved,
CIK0000840489,AVS522A2133B36EC159,0000840489,FirstCash Holdings Inc,FCFS,NASDAQ,5900,retail_trade,2017Q2,us,TX,1992-08-17,2019-12-31,Alpha Vantage listing interval,resolved_cik,True,1,only eligible resolved security,2017|NASDAQ|retail_trade,476,3,0.0063025210,158.6666666667,20260916,terminal_provider_unavailability,pilot_live,2,artifacts/representative_coverage_pilot_v20260916/raw/CIK0000840489/FCFS/2017Q2/attempt_02_20260917050210098828.json,48f2bbc9bb8c3f2afb9b60cb40b80e63960fbac8d872051900dce92229753e51,no_transcript,provider returned no usable transcript segments,not_applicable,,,,,,unresolved,
CIK0001023364,AVS0A3FE462949B9DFF,0001023364,Autobytel Inc,ABTL,NASDAQ,7370,services,2017Q2,us,DE,1999-03-26,2019-12-31,Alpha Vantage listing interval,resolved_cik,True,3,"ranked by active quarter-end evidence, exchange, and plain common-stock symbol",2017|NASDAQ|services,1733,9,0.0051933064,192.5555555556,20260916,terminal_provider_unavailability,pilot_live,3,artifacts/representative_coverage_pilot_v20260916/raw/CIK0001023364/ABTL/2017Q2/attempt_03_20260917040553643120.json,eebd6dded731812073b3d8cd54326b7ef6ef6e571e9985c1e78c53c3cfc6fad5,no_transcript,provider returned no usable transcript segments,not_applicable,,,,,,unresolved,
CIK0001046859,AVS82AE95FE89B92C90,0001046859,Remy International Inc,REMY,NASDAQ,3714,manufacturing,2017Q2,us,DE,2010-03-26,2019-12-31,Alpha Vantage listing interval,resolved_cik,False,1,only eligible resolved security,2017|NASDAQ|manufacturing,4126,22,0.0053320407,187.5454545455,20260916,terminal_provider_unavailability,pilot_live,3,artifacts/representative_coverage_pilot_v20260916/raw/CIK0001046859/REMY/2017Q2/attempt_03_20260917040555665960.json,8d12f6c3a3c063bc9d41dbe0658167115c3abcbeaa72a34504288030403f796b,no_transcript,provider returned no usable transcript segments,not_applicable,,,,,,unresolved,
CIK0001063494,AVSCF7ACFF6952D4C4B,0001063494,KBW Inc,KBW,NYSE,6211,finance_insurance_real_estate,2017Q2,us,,2010-12-15,2019-12-31,Alpha Vantage listing interval,resolved_cik,False,1,only eligible resolved security,2017|NYSE|finance_insurance_real_estate,1910,10,0.0052356021,191.0000000000,20260916,terminal_provider_unavailability,pilot_live,2,artifacts/representative_coverage_pilot_v20260916/raw/CIK0001063494/KBW/2017Q2/attempt_02_20260917041932555171.json,cf8a7a956bbf05f6cd57b54a02b0215a53cc4598be2f87066c03ba5286497f49,no_transcript,provider returned no usable transcript segments,not_applicable,,,,,,unresolved,
CIK0001092662,AVS0519BDCFD43C4844,0001092662,Chembio Diagnostics Inc,CEMI,NASDAQ,2834,manufacturing,2017Q2,us,NV,2004-05-05,2019-12-31,Alpha Vantage listing interval,resolved_cik,True,1,only eligible resolved security,2017|NASDAQ|manufacturing,4126,22,0.0053320407,187.5454545455,20260916,terminal_provider_unavailability,pilot_live,3,artifacts/representative_coverage_pilot_v20260916/raw/CIK0001092662/CEMI/2017Q2/attempt_03_20260917040557676007.json,616a11570eede4a0e95531f072f426d3a7317b9b50e2f4d0c81f2554d365d48a,no_transcript,provider returned no usable transcript segments,not_applicable,,,,,,unresolved,
CIK0001417663,AVS933CCD000721145D,0001417663,Sanuwave Health Inc,SNWV,NASDAQ,3841,manufacturing,2017Q2,us,NV,2015-03-10,2019-12-31,Alpha Vantage listing interval,resolved_cik,True,1,only eligible resolved security,2017|NASDAQ|manufacturing,4126,22,0.0053320407,187.5454545455,20260916,terminal_provider_unavailability,pilot_live,2,artifacts/representative_coverage_pilot_v20260916/raw/CIK0001417663/SNWV/2017Q2/attempt_02_20260917050212103848.json,4cb6c2b300a0c17620fcd327b855f8466c02bcaae8441419f2c0964849fd33f3,no_transcript,provider returned no usable transcript segments,not_applicable,,,,,,unresolved,
CIK0001495932,AVS12F6A788A69059A2,0001495932,eXp World Holdings Inc,AGNT,NASDAQ,6531,finance_insurance_real_estate,2017Q2,us,TX,2014-02-19,2019-12-31,Alpha Vantage listing interval,resolved_cik,True,1,only eligible resolved security,2017|NASDAQ|finance_insurance_real_estate,2196,12,0.0054644809,183.0000000000,20260916,terminal_provider_unavailability,pilot_live,2,artifacts/representative_coverage_pilot_v20260916/raw/CIK0001495932/AGNT/2017Q2/attempt_02_20260917050214107122.json,5f0bee04d3034b70b23af76e7af0f1a71c9bfee2e7be349d060ca070073a16ff,no_transcript,provider returned no usable transcript segments,not_applicable,,,,,,unresolved,
CIK0000085974,AVS1BE2C6ABE6EA820D,0000085974,The Ryland Group Inc,RYL,NYSE,1531,construction,2017Q3,us,MD,1987-12-30,2019-12-31,Alpha Vantage listing interval,resolved_cik,False,1,only eligible resolved security,2017|NYSE|construction,156,1,0.0064102564,156.0000000000,20260916,terminal_provider_unavailability,pilot_live,3,artifacts/representative_coverage_pilot_v20260916/raw/CIK0000085974/RYL/2017Q3/attempt_03_20260917040603700103.json,6356d14736a8a5647006a86427d18ee4dbb02e95d2b286573ec8265a8dbfc0f5,no_transcript,provider returned no usable transcript segments,not_applicable,,,,,,unresolved,
CIK0000909791,AVSB33DFE82475919FE,0000909791,Ultratech Inc,UTEK,NASDAQ,3559,manufacturing,2017Q3,us,DE,1993-09-29,2019-12-31,Alpha Vantage listing interval,resolved_cik,False,1,only eligible resolved security,2017|NASDAQ|manufacturing,4126,22,0.0053320407,187.5454545455,20260916,terminal_provider_unavailability,pilot_live,3,artifacts/representative_coverage_pilot_v20260916/raw/CIK0000909791/UTEK/2017Q3/attempt_03_20260917040605708127.json,29dd3b50a65c464f46ac45a2cdee34a81f87ea3d9953896f4574fdc000c267ca,no_transcript,provider returned no usable transcript segments,not_applicable,,,,,,unresolved,
CIK0001009672,AVS0FE75A7CE4BC38AD,0001009672,CARBO Ceramics Inc,CRR,NYSE,3290,manufacturing,2017Q3,us,DE,1996-04-23,2019-12-31,Alpha Vantage listing interval,resolved_cik,True,2,"ranked by active quarter-end evidence, exchange, and plain common-stock symbol",2017|NYSE|manufacturing,2218,12,0.0054102795,184.8333333333,20260916,terminal_provider_unavailability,pilot_live,3,artifacts/representative_coverage_pilot_v20260916/raw/CIK0001009672/CRR/2017Q3/attempt_03_20260917040607718173.json,120e024877a38e831f82c3011875bb5c8f1d99400f1bb038ae6924f9becad861,no_transcript,provider returned no usable transcript segments,not_applicable,,,,,,unresolved,
CIK0001023734,AVSAD2E5D451141CCDB,0001023734,BPZ Resources Inc,BPZ,NYSE,1311,mining,2017Q3,us,TX,2003-10-07,2019-12-31,Alpha Vantage listing interval,resolved_cik,False,1,only eligible resolved security,2017|NYSE|mining,527,3,0.0056925996,175.6666666667,20260916,terminal_provider_unavailability,pilot_live,2,artifacts/representative_coverage_pilot_v20260916/raw/CIK0001023734/BPZ/2017Q3/attempt_02_20260917041938565014.json,f7029b37271ce692b5602b46d19db022f16b462ab91fc869cb826ba1e94dbfe0,no_transcript,provider returned no usable transcript segments,not_applicable,,,,,,unresolved,
CIK0001062292,AVS312E5675E4EB25FD,0001062292,XO Group Inc,XOXO,NYSE,5960,retail_trade,2017Q3,us,DE,1999-12-02,2019-12-31,Alpha Vantage listing interval,resolved_cik,True,2,"ranked by active quarter-end evidence, exchange, and plain common-stock symbol",2017|NYSE|retail_trade,396,2,0.0050505051,198.0000000000,20260916,terminal_provider_unavailability,pilot_live,3,artifacts/representative_coverage_pilot_v20260916/raw/CIK0001062292/XOXO/2017Q3/attempt_03_20260917040611733572.json,1300915158128ef6a06bad230b689a22213360d71a5c2bd037da98de17df17dc,no_transcript,provider returned no usable transcript segments,not_applicable,,,,,,unresolved,
CIK0001070296,AVS10189C60F2DEA7AB,0001070296,First Capital Inc,FCAP,NASDAQ,6035,finance_insurance_real_estate,2017Q3,us,IN,1999-01-04,2019-12-31,Alpha Vantage listing interval,resolved_cik,True,1,only eligible resolved security,2017|NASDAQ|finance_insurance_real_estate,2196,12,0.0054644809,183.0000000000,20260916,terminal_provider_unavailability,pilot_live,3,artifacts/representative_coverage_pilot_v20260916/raw/CIK0001070296/FCAP/2017Q3/attempt_03_20260917040613739676.json,656cbe21462c97bcab33ac915c865d8995c0bc9c999eb455a9f7ecf247b8bdb6,no_transcript,provider returned no usable transcript segments,not_applicable,,,,,,unresolved,
CIK0001390312,AVSC857B342D664D6D4,0001390312,Bancorp of New Jersey Inc,BKJ,NYSE,6022,finance_insurance_real_estate,2017Q3,us,NJ,2008-06-03,2019-12-31,Alpha Vantage listing interval,resolved_cik,True,1,only eligible resolved security,2017|NYSE|finance_insurance_real_estate,1910,10,0.0052356021,191.0000000000,20260916,terminal_provider_unavailability,pilot_live,2,artifacts/representative_coverage_pilot_v20260916/raw/CIK0001390312/BKJ/2017Q3/attempt_02_20260917041940570041.json,69309b8c979f59f1ed7ad17351e08d9f06955a772a8f4eb0bc22b428cfb5bc3d,no_transcript,provider returned no usable transcript segments,not_applicable,,,,,,unresolved,
CIK0001469433,AVS168F011BACA8FA4D,0001469433,Ancestry.com Inc,ACOM,NASDAQ,7374,services,2017Q3,us,DE,2009-11-05,2019-12-31,Alpha Vantage listing interval,resolved_cik,False,1,only eligible resolved security,2017|NASDAQ|services,1733,9,0.0051933064,192.5555555556,20260916,terminal_provider_unavailability,pilot_live,3,artifacts/representative_coverage_pilot_v20260916/raw/CIK0001469433/ACOM/2017Q3/attempt_03_20260917040615749722.json,98002229373156f638c820b57dd3ef2ddfd5fe1c9a8d4b80653b0491657716e7,no_transcript,provider returned no usable transcript segments,not_applicable,,,,,,unresolved,
CIK0001629137,AVSBDCD3AB00BE6E52D,0001629137,Global Blood Therapeutics Inc,GBT,NASDAQ,2834,manufacturing,2017Q3,us,DE,2015-08-12,2019-12-31,Alpha Vantage listing interval,resolved_cik,True,1,only eligible resolved security,2017|NASDAQ|manufacturing,4126,22,0.0053320407,187.5454545455,20260916,terminal_provider_unavailability,pilot_live,3,artifacts/representative_coverage_pilot_v20260916/raw/CIK0001629137/GBT/2017Q3/attempt_03_20260917040617758616.json,1c7657278d162456544ef74ccf822f7728308d2ff13110a4640c660e70db216b,no_transcript,provider returned no usable transcript segments,not_applicable,,,,,,unresolved,
CIK0000016160,AVSB1D8014C94F42036,0000016160,Cal-Maine Foods Inc,CALM,NASDAQ,0200,mining,2017Q4,us,DE,1996-12-12,2019-12-31,Alpha Vantage listing interval,resolved_cik,True,1,only eligible resolved security,2017|NASDAQ|mining,252,1,0.0039682540,252.0000000000,20260916,terminal_provider_unavailability,pilot_live,3,artifacts/representative_coverage_pilot_v20260916/raw/CIK0000016160/CALM/2017Q4/attempt_03_20260917040619759894.json,342284bfc90a4426d797fe2cb831607a46d9c044493fe25090939394940a9950,no_transcript,provider returned no usable transcript segments,not_applicable,,,,,,unresolved,
CIK0000095521,AVS3A4F78C307B33DC5,0000095521,SUPERVALU INC.,SVU,NYSE,5141,wholesale_trade,2017Q4,us,DE,1985-07-01,2019-12-31,Alpha Vantage listing interval,resolved_cik,True,2,"ranked by active quarter-end evidence, exchange, and plain common-stock symbol",2017|NYSE|wholesale_trade,200,1,0.0050000000,200.0000000000,20260916,terminal_provider_unavailability,pilot_live,3,artifacts/representative_coverage_pilot_v20260916/raw/CIK0000095521/SVU/2017Q4/attempt_03_20260917040621766420.json,c772ece22a8540d0eb1e4af9d50b18e8241a5a6a280fb3b95e7aec0282332789,no_transcript,provider returned no usable transcript segments,not_applicable,,,,,,unresolved,
CIK0000104897,AVSB859ED8F0EB47574,0000104897,WSI Industries Inc,WSCI,NASDAQ,3540,manufacturing,2017Q4,us,MN,1990-03-27,2019-12-31,Alpha Vantage listing interval,resolved_cik,True,2,"ranked by active quarter-end evidence, exchange, and plain common-stock symbol",2017|NASDAQ|manufacturing,4126,22,0.0053320407,187.5454545455,20260916,terminal_provider_unavailability,pilot_live,3,artifacts/representative_coverage_pilot_v20260916/raw/CIK0000104897/WSCI/2017Q4/attempt_03_20260917040623776462.json,26b2d4656de3d018a6ea9a5bc6d149236b66ab0a817494f520ba57e9959dbbce,no_transcript,provider returned no usable transcript segments,not_applicable,,,,,,unresolved,
CIK0000350907,AVSF366E41537C95585,0000350907,Thoratec Corp,THOR,NASDAQ,3845,manufacturing,2017Q4,us,CA,1996-01-02,2019-12-31,Alpha Vantage listing interval,resolved_cik,True,1,only eligible resolved security,2017|NASDAQ|manufacturing,4126,22,0.0053320407,187.5454545455,20260916,terminal_provider_unavailability,pilot_live,3,artifacts/representative_coverage_pilot_v20260916/raw/CIK0000350907/THOR/2017Q4/attempt_03_20260917040625776667.json,313836f9e218c70ea10491161e503c774cf45e0eb79968733ba83657443a151d,no_transcript,provider returned no usable transcript segments,not_applicable,,,,,,unresolved,
CIK0000890264,AVS518CC91F2CE512C5,0000890264,Exa Corp,EXA,NASDAQ,7372,services,2017Q4,us,MA,2012-06-28,2019-12-31,Alpha Vantage listing interval,resolved_cik,False,2,"ranked by active quarter-end evidence, exchange, and plain common-stock symbol",2017|NASDAQ|services,1733,9,0.0051933064,192.5555555556,20260916,terminal_provider_unavailability,pilot_live,3,artifacts/representative_coverage_pilot_v20260916/raw/CIK0000890264/EXA/2017Q4/attempt_03_20260917040627783054.json,addfdb6bf766b98d8f66a5ab4baa9c85b175f576376adbfd4fc9ae51e952862c,no_transcript,provider returned no usable transcript segments,not_applicable,,,,,,unresolved,
CIK0000916457,AVS34EF1FC0B94DEC80,0000916457,Calpine Corp,CPN,NYSE,4911,transportation_communications_utilities,2017Q4,us,DE,2008-01-10,2019-12-31,Alpha Vantage listing interval,resolved_cik,True,1,only eligible resolved security,2017|NYSE|transportation_communications_utilities,802,4,0.0049875312,200.5000000000,20260916,terminal_provider_unavailability,pilot_live,2,artifacts/representative_coverage_pilot_v20260916/raw/CIK0000916457/CPN/2017Q4/attempt_02_20260917050216112151.json,7797cfacabb114bf741f74356acd4f36f3deb9f3a209c30c07e1ddfcfda4b049,no_transcript,provider returned no usable transcript segments,not_applicable,,,,,,unresolved,
CIK0000936528,AVS434EC372132CCAFA,0000936528,WaFd Inc,WAFD,NASDAQ,6021,finance_insurance_real_estate,2017Q4,us,WA,1990-03-26,2019-12-31,Alpha Vantage listing interval,resolved_cik,True,1,only eligible resolved security,2017|NASDAQ|finance_insurance_real_estate,2196,12,0.0054644809,183.0000000000,20260916,terminal_provider_unavailability,pilot_live,2,artifacts/representative_coverage_pilot_v20260916/raw/CIK0000936528/WAFD/2017Q4/attempt_02_20260917050218117180.json,b605b663da570c3ab7438a5aedb7382118574b90b6e6fa085b8bdbc719fd65ca,no_transcript,provider returned no usable transcript segments,not_applicable,,,,,,unresolved,
CIK0001010086,AVS7F7AF939748B8636,0001010086,SIGA Technologies Inc,SIGA,NASDAQ,2834,manufacturing,2017Q4,us,DE,1997-09-10,2019-12-31,Alpha Vantage listing interval,resolved_cik,True,1,only eligible resolved security,2017|NASDAQ|manufacturing,4126,22,0.0053320407,187.5454545455,20260916,terminal_provider_unavailability,pilot_live,3,artifacts/representative_coverage_pilot_v20260916/raw/CIK0001010086/SIGA/2017Q4/attempt_03_20260917040629786833.json,760097909c27ee4316d30eae67240bff97c08cefed5333c6028a709d09d45528,no_transcript,provider returned no usable transcript segments,not_applicable,,,,,,unresolved,
CIK0001043533,AVSC49B33C531852D5F,0001043533,ABOVENET INC,ABVT,NYSE,4899,transportation_communications_utilities,2017Q4,us,DE,2010-12-02,2019-12-31,Alpha Vantage listing interval,resolved_cik,False,1,only eligible resolved security,2017|NYSE|transportation_communications_utilities,802,4,0.0049875312,200.5000000000,20260916,terminal_provider_unavailability,pilot_live,2,artifacts/representative_coverage_pilot_v20260916/raw/CIK0001043533/ABVT/2017Q4/attempt_02_20260917041942575065.json,73d376a4fe3bfeeef921abcd0f7410530277c7309c1453c92d1a536582e651e7,no_transcript,provider returned no usable transcript segments,not_applicable,,,,,,unresolved,
CIK0001101169,AVS811AD3EB8B325975,0001101169,Viasystems Group Inc,VIAS,NASDAQ,3672,manufacturing,2017Q4,us,DE,1994-05-27,2019-12-31,Alpha Vantage listing interval,resolved_cik,False,1,only eligible resolved security,2017|NASDAQ|manufacturing,4126,22,0.0053320407,187.5454545455,20260916,terminal_provider_unavailability,pilot_live,3,artifacts/representative_coverage_pilot_v20260916/raw/CIK0001101169/VIAS/2017Q4/attempt_03_20260917040631796880.json,b2dd2d3024e690921530cd830c2684f4822bea23703461b93fb86dbba5ec1d1e,no_transcript,provider returned no usable transcript segments,not_applicable,,,,,,unresolved,
CIK0001140098,AVS17FD2C3516E98BEA,0001140098,Ocata Therapeutics Inc,OCAT,NASDAQ,2834,manufacturing,2017Q4,us,DE,2014-08-27,2019-12-31,Alpha Vantage listing interval,resolved_cik,False,1,only eligible resolved security,2017|NASDAQ|manufacturing,4126,22,0.0053320407,187.5454545455,20260916,terminal_provider_unavailability,pilot_live,3,artifacts/representative_coverage_pilot_v20260916/raw/CIK0001140098/OCAT/2017Q4/attempt_03_20260917040633799723.json,3d7b0c97b4f810adddde23ad81bbb72a41642630bfbf2defd8ef38f71dc22d12,no_transcript,provider returned no usable transcript segments,not_applicable,,,,,,unresolved,
CIK0001305294,AVS6B9FFB1937442B84,0001305294,Qlik Technologies Inc,QLIK,NASDAQ,7372,services,2017Q4,us,DE,2010-07-15,2019-12-31,Alpha Vantage listing interval,resolved_cik,False,1,only eligible resolved security,2017|NASDAQ|services,1733,9,0.0051933064,192.5555555556,20260916,terminal_provider_unavailability,pilot_live,3,artifacts/representative_coverage_pilot_v20260916/raw/CIK0001305294/QLIK/2017Q4/attempt_03_20260917040637811996.json,01c9b5846dbef8310ac59aec98bdb5461e42821a3e3aa088142355e2d49e9095,no_transcript,provider returned no usable transcript segments,not_applicable,,,,,,unresolved,
CIK0001346830,AVS8CE4B2B204B5A859,0001346830,Cara Therapeutics Inc,TVRD,NASDAQ,2834,manufacturing,2017Q4,us,DE,2014-01-31,2019-12-31,Alpha Vantage listing interval,resolved_cik,True,1,only eligible resolved security,2017|NASDAQ|manufacturing,4126,22,0.0053320407,187.5454545455,20260916,terminal_provider_unavailability,pilot_live,3,artifacts/representative_coverage_pilot_v20260916/raw/CIK0001346830/TVRD/2017Q4/attempt_03_20260917040639818640.json,0a5b37dbd3b7d629852b242eb78789d1fbc609ea3428592f9404b0509322a3d7,no_transcript,provider returned no usable transcript segments,not_applicable,,,,,,unresolved,
CIK0001445356,AVS67E895EFA392DE68,0001445356,Muscato Group Inc,MGRP,NASDAQ,7372,services,2017Q4,us,NV,2010-06-08,2019-12-31,Alpha Vantage listing interval,resolved_cik,False,1,only eligible resolved security,2017|NASDAQ|services,1733,9,0.0051933064,192.5555555556,20260916,terminal_provider_unavailability,pilot_live,2,artifacts/representative_coverage_pilot_v20260916/raw/CIK0001445356/MGRP/2017Q4/attempt_02_20260917050220122203.json,b31ce2124c4030525c3fa32975cdc00d1eb9d92d94ed2a41b0002a2802f8581b,no_transcript,provider returned no usable transcript segments,not_applicable,,,,,,unresolved,
CIK0001472595,AVS79C7CD446965594D,0001472595,R1 RCM Inc,RCM,NASDAQ,8741,services,2017Q4,us,DE,2016-01-04,2019-12-31,Alpha Vantage listing interval,resolved_cik,True,1,only eligible resolved security,2017|NASDAQ|services,1733,9,0.0051933064,192.5555555556,20260916,terminal_provider_unavailability,pilot_live,3,artifacts/representative_coverage_pilot_v20260916/raw/CIK0001472595/RCM/2017Q4/attempt_03_20260917040643838978.json,6c0f0a9ac13f8c0ef4a61f73617334d404a706cec2dcb9289f644b808a6527db,no_transcript,provider returned no usable transcript segments,not_applicable,,,,,,unresolved,
CIK0001478950,AVS2CC2889F55D8C967,0001478950,Excel Trust Inc,EXL,NYSE,6798,finance_insurance_real_estate,2017Q4,us,MD,2010-04-23,2019-12-31,Alpha Vantage listing interval,resolved_cik,False,1,only eligible resolved security,2017|NYSE|finance_insurance_real_estate,1910,10,0.0052356021,191.0000000000,20260916,terminal_provider_unavailability,pilot_live,2,artifacts/representative_coverage_pilot_v20260916/raw/CIK0001478950/EXL/2017Q4/attempt_02_20260917050222124865.json,4d9a4c694c4284ce1e20a2fe736b5ede3bf1afa6b7270a0771e3aad8dc02a294,no_transcript,provider returned no usable transcript segments,not_applicable,,,,,,unresolved,
CIK0001569134,AVS86EFF3269EC5EFD0,0001569134,Tallgrass Energy Partners LP,TEP,NYSE,4922,transportation_communications_utilities,2017Q4,us,DE,2013-05-14,2019-12-31,Alpha Vantage listing interval,resolved_cik,True,2,"ranked by active quarter-end evidence, exchange, and plain common-stock symbol",2017|NYSE|transportation_communications_utilities,802,4,0.0049875312,200.5000000000,20260916,terminal_provider_unavailability,pilot_live,2,artifacts/representative_coverage_pilot_v20260916/raw/CIK0001569134/TEP/2017Q4/attempt_02_20260917041946585119.json,12fdd9252955759768e97eb386e5921727ce141fb901e0a8c2861ad69d58bb9c,no_transcript,provider returned no usable transcript segments,not_applicable,,,,,,unresolved,
CIK0001608249,AVSE6E7BCE6BAE13C20,0001608249,Zayo Group Holdings Inc,ZAYO,NYSE,4813,transportation_communications_utilities,2017Q4,us,DE,2014-10-17,2019-12-31,Alpha Vantage listing interval,resolved_cik,True,1,only eligible resolved security,2017|NYSE|transportation_communications_utilities,802,4,0.0049875312,200.5000000000,20260916,terminal_provider_unavailability,pilot_live,2,artifacts/representative_coverage_pilot_v20260916/raw/CIK0001608249/ZAYO/2017Q4/attempt_02_20260917041948610628.json,563f5129b7e88b40e95a6a4d3f2d48c7fdbb443e1a8d6695caf413963e19fb6e,no_transcript,provider returned no usable transcript segments,not_applicable,,,,,,unresolved,
CIK0001613665,AVSD0292B7E6C65BA0F,0001613665,Great Western Bancorp Inc,GWB,NYSE,6022,finance_insurance_real_estate,2017Q4,us,DE,2014-10-15,2019-12-31,Alpha Vantage listing interval,resolved_cik,True,1,only eligible resolved security,2017|NYSE|finance_insurance_real_estate,1910,10,0.0052356021,191.0000000000,20260916,terminal_provider_unavailability,pilot_live,2,artifacts/representative_coverage_pilot_v20260916/raw/CIK0001613665/GWB/2017Q4/attempt_02_20260917041950615543.json,b7fdfb1df180f8027e01c44d9a8de82d05a52b60052d94a8cc8184c46584ffdc,no_transcript,provider returned no usable transcript segments,not_applicable,,,,,,unresolved,
CIK0000039648,AVS7E177FF7B107C315,0000039648,G&K Services Inc,GK,NASDAQ,7200,services,2018Q1,us,MN,1990-03-26,2019-12-31,Alpha Vantage listing interval,resolved_cik,False,1,only eligible resolved security,2018|NASDAQ|services,1834,10,0.0054525627,183.4000000000,20260916,terminal_provider_unavailability,pilot_live,3,artifacts/representative_coverage_pilot_v20260916/raw/CIK0000039648/GK/2018Q1/attempt_03_20260917040647849711.json,6047841438f8732922cd744e0c41ec60c5a3d72651e94fd66a10eabf391844ec,no_transcript,provider returned no usable transcript segments,not_applicable,,,,,,unresolved,
CIK0000050104,AVS38855C91B5FE5B95,0000050104,Andeavor Corp,ANDV,NYSE,2911,manufacturing,2018Q1,us,,1983-04-06,2019-12-31,Alpha Vantage listing interval,resolved_cik,True,2,"ranked by active quarter-end evidence, exchange, and plain common-stock symbol",2018|NYSE|manufacturing,2260,12,0.0053097345,188.3333333333,20260916,terminal_provider_unavailability,pilot_live,3,artifacts/representative_coverage_pilot_v20260916/raw/CIK0000050104/ANDV/2018Q1/attempt_03_20260917040649855532.json,ce3cb1df4ebc482124aafd5c2d7c520ca108ec971a684fdfff4d1a0291952437,no_transcript,provider returned no usable transcript segments,not_applicable,,,,,,unresolved,
CIK0000090896,AVSA9E6375D655599A2,0000090896,Skyline Champion Corp,SKY,NYSE,2451,manufacturing,2018Q1,us,IN,1981-12-31,2019-12-31,Alpha Vantage listing interval,resolved_cik,True,1,only eligible resolved security,2018|NYSE|manufacturing,2260,12,0.0053097345,188.3333333333,20260916,terminal_provider_unavailability,pilot_live,2,artifacts/representative_coverage_pilot_v20260916/raw/CIK0000090896/SKY/2018Q1/attempt_02_20260917004422484824.json,8334b979abdeea1bae645711ea1d15dba145509f16d29fd11af1d8f86c079b61,no_transcript,provider returned no usable transcript segments,not_applicable,,,,,,unresolved,
CIK0000357097,AVS24A16A531933A24A,0000357097,Fibrocell Science Inc,FCSC,NASDAQ,2834,manufacturing,2018Q1,us,DE,2009-10-21,2019-12-31,Alpha Vantage listing interval,resolved_cik,True,2,"ranked by active quarter-end evidence, exchange, and plain common-stock symbol",2018|NASDAQ|manufacturing,4406,23,0.0052201543,191.5652173913,20260916,terminal_provider_unavailability,pilot_live,3,artifacts/representative_coverage_pilot_v20260916/raw/CIK0000357097/FCSC/2018Q1/attempt_03_20260917040651861039.json,b02dffa1e5d9543a74ec5e5ce36c85ab17f4b21f3e762b7decadb8445bbaa0de,no_transcript,provider returned no usable transcript segments,not_applicable,,,,,,unresolved,
CIK0000722079,AVS319158AA7CEEBFAA,0000722079,TERRA INDUSTRIES INC,TRA,NYSE,2870,manufacturing,2018Q1,us,MD,2001-01-02,2019-12-31,Alpha Vantage listing interval,resolved_cik,False,1,only eligible resolved security,2018|NYSE|manufacturing,2260,12,0.0053097345,188.3333333333,20260916,terminal_provider_unavailability,pilot_live,2,artifacts/representative_coverage_pilot_v20260916/raw/CIK0000722079/TRA/2018Q1/attempt_02_20260917050224127861.json,a4f651b15a93bbe14a469a5abcf5be3fcf72793a8bcb39b83d1aeeb34e7fbc3e,no_transcript,provider returned no usable transcript segments,not_applicable,,,,,,unresolved,
CIK0000750199,AVS6621875DD00C1A86,0000750199,EPL Oil & Gas Inc,EPL,NYSE,1311,mining,2018Q1,us,DE,2009-09-23,2019-12-31,Alpha Vantage listing interval,resolved_cik,False,1,only eligible resolved security,2018|NYSE|mining,556,3,0.0053956835,185.3333333333,20260916,terminal_provider_unavailability,pilot_live,3,artifacts/representative_coverage_pilot_v20260916/raw/CIK0000750199/EPL/2018Q1/attempt_03_20260917040653866384.json,a1fa0d34a36e41bf138e47e5a315c535bcc6ac440a806f90dc02dfab8d6be572,no_transcript,provider returned no usable transcript segments,not_applicable,,,,,,unresolved,
CIK0000765207,AVS1C89FC79DECA81DC,0000765207,First Bancorp Inc (ME),FNLC,NASDAQ,6021,finance_insurance_real_estate,2018Q1,us,ME,1999-07-14,2019-12-31,Alpha Vantage listing interval,resolved_cik,True,1,only eligible resolved security,2018|NASDAQ|finance_insurance_real_estate,2291,12,0.0052378874,190.9166666667,20260916,terminal_provider_unavailability,pilot_live,3,artifacts/representative_coverage_pilot_v20260916/raw/CIK0000765207/FNLC/2018Q1/attempt_03_20260917040655869621.json,64e6a4ed9a3b55e464bf3d13957b4dd720797c8bc888ec43ad74d90ed11644db,no_transcript,provider returned no usable transcript segments,not_applicable,,,,,,unresolved,
CIK0000882154,AVS2005E8D76F745072,0000882154,PowerSecure International Inc,POWR,NYSE,7389,services,2018Q1,us,DE,2008-01-14,2019-12-31,Alpha Vantage listing interval,resolved_cik,False,1,only eligible resolved security,2018|NYSE|services,1027,6,0.0058422590,171.1666666667,20260916,terminal_provider_unavailability,pilot_live,3,artifacts/representative_coverage_pilot_v20260916/raw/CIK0000882154/POWR/2018Q1/attempt_03_20260917040657879641.json,ccbc7581360fb9e8114e894542699740259be7c844ecacd249890f085a02c329,no_transcript,provider returned no usable transcript segments,not_applicable,,,,,,unresolved,
CIK0000906193,AVS00428349FA6436FE,0000906193,Key Technology Inc,KTEC,NASDAQ,3550,manufacturing,2018Q1,us,OR,1993-12-17,2018-03-21,Alpha Vantage listing interval,resolved_cik,False,2,"ranked by active quarter-end evidence, exchange, and plain common-stock symbol",2018|NASDAQ|manufacturing,4406,23,0.0052201543,191.5652173913,20260916,terminal_provider_unavailability,pilot_live,3,artifacts/representative_coverage_pilot_v20260916/raw/CIK0000906193/KTEC/2018Q1/attempt_03_20260917040659889814.json,e617fe84a5af0bdab836903bcbb79cf7eaccf5244211b7b33a3e3dd2af919689,no_transcript,provider returned no usable transcript segments,not_applicable,,,,,,unresolved,
CIK0001016169,AVSAF64DCA91CC2FAAC,0001016169,Antares Pharma Inc,ATRS,NASDAQ,3841,manufacturing,2018Q1,us,DE,1996-10-03,2019-12-31,Alpha Vantage listing interval,resolved_cik,True,1,only eligible resolved security,2018|NASDAQ|manufacturing,4406,23,0.0052201543,191.5652173913,20260916,terminal_provider_unavailability,pilot_live,3,artifacts/representative_coverage_pilot_v20260916/raw/CIK0001016169/ATRS/2018Q1/attempt_03_20260917040703905989.json,5e37cc5115a0b877402ee24baf9aafbe5498ef042a74dc5056860f091b815679,no_transcript,provider returned no usable transcript segments,not_applicable,,,,,,unresolved,
CIK0001102287,AVS2AD1C6404A30CE49,0001102287,PremierWest Bancorp,PRWT,NASDAQ,6021,finance_insurance_real_estate,2018Q1,us,OR,2006-12-28,2019-12-31,Alpha Vantage listing interval,resolved_cik,False,1,only eligible resolved security,2018|NASDAQ|finance_insurance_real_estate,2291,12,0.0052378874,190.9166666667,20260916,terminal_provider_unavailability,pilot_live,3,artifacts/representative_coverage_pilot_v20260916/raw/CIK0001102287/PRWT/2018Q1/attempt_03_20260917040705916035.json,fc4375158a05063f9e82e411477de444e9e0bf7c9337aa9e04430051ce1b6e8a,no_transcript,provider returned no usable transcript segments,not_applicable,,,,,,unresolved,
CIK0001303313,AVS8A9DBA199B2E8ED6,0001303313,LHC Group Inc,LHCG,NASDAQ,8082,services,2018Q1,us,,2005-06-09,2019-12-31,Alpha Vantage listing interval,resolved_cik,True,1,only eligible resolved security,2018|NASDAQ|services,1834,10,0.0054525627,183.4000000000,20260916,terminal_provider_unavailability,pilot_live,3,artifacts/representative_coverage_pilot_v20260916/raw/CIK0001303313/LHCG/2018Q1/attempt_03_20260917040707916387.json,ad3af703b0f3f5b27089ca36b114dd46e726b126081c28fb76745ea4d079dd43,no_transcript,provider returned no usable transcript segments,not_applicable,,,,,,unresolved,
CIK0001446159,AVS0322A68C217AD5CE,0001446159,Axe Compute Inc,AGPU,NASDAQ,6199,finance_insurance_real_estate,2018Q1,us,DE,2018-01-29,2019-12-31,Alpha Vantage listing interval,resolved_cik,True,3,"ranked by active quarter-end evidence, exchange, and plain common-stock symbol",2018|NASDAQ|finance_insurance_real_estate,2291,12,0.0052378874,190.9166666667,20260916,terminal_provider_unavailability,pilot_live,3,artifacts/representative_coverage_pilot_v20260916/raw/CIK0001446159/AGPU/2018Q1/attempt_03_20260917040711929313.json,c3ecf2f840fea737bd07051e80c537575475c073960c9c589dab2cc15b9d70cc,no_transcript,provider returned no usable transcript segments,not_applicable,,,,,,unresolved,
CIK0001526952,AVS4B20A2266BA1E648,0001526952,Wellesley Bancorp Inc,WEBK,NASDAQ,6036,finance_insurance_real_estate,2018Q1,us,MD,2012-01-26,2019-12-31,Alpha Vantage listing interval,resolved_cik,True,1,only eligible resolved security,2018|NASDAQ|finance_insurance_real_estate,2291,12,0.0052378874,190.9166666667,20260916,terminal_provider_unavailability,pilot_live,3,artifacts/representative_coverage_pilot_v20260916/raw/CIK0001526952/WEBK/2018Q1/attempt_03_20260917040715943070.json,58231954ab2d5ef930ee7f413b8f068390e56b17c932ce2f0759c3087b725ba7,no_transcript,provider returned no usable transcript segments,not_applicable,,,,,,unresolved,
CIK0001533615,AVSB48247BBD864D809,0001533615,Global Medical REIT Inc,XRN,NYSE,6798,finance_insurance_real_estate,2018Q1,us,MD,2016-06-29,2019-12-31,Alpha Vantage listing interval,resolved_cik,True,1,only eligible resolved security,2018|NYSE|finance_insurance_real_estate,1963,10,0.0050942435,196.3000000000,20260916,terminal_provider_unavailability,pilot_live,2,artifacts/representative_coverage_pilot_v20260916/raw/CIK0001533615/XRN/2018Q1/attempt_02_20260917041952620567.json,a6561ec0e4cf50ddfc41f46b27b08cd364dec67b73eea138eb828e76424c73a2,no_transcript,provider returned no usable transcript segments,not_applicable,,,,,,unresolved,
CIK0001604191,AVS8868AAB3FDE5EE33,0001604191,Entero Therapeutics Inc,GRDX,NASDAQ,4931,transportation_communications_utilities,2018Q1,us,DE,2016-10-11,2019-12-31,Alpha Vantage listing interval,resolved_cik,True,1,only eligible resolved security,2018|NASDAQ|transportation_communications_utilities,566,3,0.0053003534,188.6666666667,20260916,terminal_provider_unavailability,pilot_live,3,artifacts/representative_coverage_pilot_v20260916/raw/CIK0001604191/GRDX/2018Q1/attempt_03_20260917040721959721.json,e3ae48641f743ddcbc71b483d9821c3697c68ee0e9bfe967f159746c8271556a,no_transcript,provider returned no usable transcript segments,not_applicable,,,,,,unresolved,
CIK0001726173,AVS8436AB39C565D4C1,0001726173,Biglari Holdings Inc - Class B,BH,NYSE,5812,retail_trade,2018Q1,us,IN,1992-02-25,2019-12-31,Alpha Vantage listing interval,resolved_cik,True,1,only eligible resolved security,2018|NYSE|retail_trade,403,2,0.0049627792,201.5000000000,20260916,terminal_provider_unavailability,pilot_live,3,artifacts/representative_coverage_pilot_v20260916/raw/CIK0001726173/BH/2018Q1/attempt_03_20260917040723966508.json,b693102a5c9e3357142b417a020da57c5e27a6739aa0dd5526e0dbc3d3fc14fa,no_transcript,provider returned no usable transcript segments,not_applicable,,,,,,unresolved,
CIK0000037472,AVSC5CAED57C4E4C331,0000037472,Flexsteel Industries Inc,FLXS,NASDAQ,2510,manufacturing,2018Q2,us,MN,1992-02-25,2019-12-31,Alpha Vantage listing interval,resolved_cik,True,1,only eligible resolved security,2018|NASDAQ|manufacturing,4406,23,0.0052201543,191.5652173913,20260916,terminal_provider_unavailability,pilot_live,3,artifacts/representative_coverage_pilot_v20260916/raw/CIK0000037472/FLXS/2018Q2/attempt_03_20260917040727985256.json,e133fe4171e71ceeea460d157f56bdeb78094e724174eab514ebe87aa63f7bbf,no_transcript,provider returned no usable transcript segments,not_applicable,,,,,,unresolved,
CIK0000774569,AVS037A5E5BA97CBFFC,0000774569,Cortland Bancorp,CLDB,NASDAQ,6035,finance_insurance_real_estate,2018Q2,us,OH,2001-01-02,2019-12-31,Alpha Vantage listing interval,resolved_cik,True,1,only eligible resolved security,2018|NASDAQ|finance_insurance_real_estate,2291,12,0.0052378874,190.9166666667,20260916,terminal_provider_unavailability,pilot_live,3,artifacts/representative_coverage_pilot_v20260916/raw/CIK0000774569/CLDB/2018Q2/attempt_03_20260917040729994176.json,3fe578f5cd6951eca7528d4b65e5953e62bea76dd3a234f3e293010ac638684f,no_transcript,provider returned no usable transcript segments,not_applicable,,,,,,unresolved,
CIK0000948320,AVS8434D80ED6EFAC82,0000948320,LifeMD Inc,LFMD,NASDAQ,8011,services,2018Q2,us,DE,2001-01-02,2019-12-31,Alpha Vantage listing interval,resolved_cik,True,1,only eligible resolved security,2018|NASDAQ|services,1834,10,0.0054525627,183.4000000000,20260916,terminal_provider_unavailability,pilot_live,3,artifacts/representative_coverage_pilot_v20260916/raw/CIK0000948320/LFMD/2018Q2/attempt_03_20260917040731997448.json,857fd4527065b5689e1112ca222c79ff82ab633ae5956dd24f548e15993bdfaf,no_transcript,provider returned no usable transcript segments,not_applicable,,,,,,unresolved,
CIK0001011570,AVS4294FE191D0AEE7F,0001011570,Knoll Inc,KNL,NYSE,2590,manufacturing,2018Q2,us,DE,2004-12-14,2019-12-31,Alpha Vantage listing interval,resolved_cik,True,1,only eligible resolved security,2018|NYSE|manufacturing,2260,12,0.0053097345,188.3333333333,20260916,terminal_provider_unavailability,pilot_live,3,artifacts/representative_coverage_pilot_v20260916/raw/CIK0001011570/KNL/2018Q2/attempt_03_20260917040734006990.json,44d44eaa2d30043c1f2feb3dc64caa14c1d42b3326f3e7e9cfee3e12befa8c18,no_transcript,provider returned no usable transcript segments,not_applicable,,,,,,unresolved,
CIK0001090061,AVS71CCDF461415040C,0001090061,OMNOVA Solutions Inc,OMN,NYSE,3060,manufacturing,2018Q2,us,OH,1999-09-27,2019-12-31,Alpha Vantage listing interval,resolved_cik,True,1,only eligible resolved security,2018|NYSE|manufacturing,2260,12,0.0053097345,188.3333333333,20260916,terminal_provider_unavailability,pilot_live,3,artifacts/representative_coverage_pilot_v20260916/raw/CIK0001090061/OMN/2018Q2/attempt_03_20260917040736016387.json,3b0e21d630f6f7c1e0d95fe9b32c14ffcdf5127635991aae8a775b3ae23f24fa,no_transcript,provider returned no usable transcript segments,not_applicable,,,,,,unresolved,
CIK0001143921,AVS68B015C0343FF197,0001143921,VANTAGESOUTH BANCSHARES INC.,VSB,NYSE,6022,finance_insurance_real_estate,2018Q2,us,DE,2013-07-22,2019-12-31,Alpha Vantage listing interval,resolved_cik,False,1,only eligible resolved security,2018|NYSE|finance_insurance_real_estate,1963,10,0.0050942435,196.3000000000,20260916,terminal_provider_unavailability,pilot_live,2,artifacts/representative_coverage_pilot_v20260916/raw/CIK0001143921/VSB/2018Q2/attempt_02_20260917050226132895.json,dbacdfd9f44c2a38d25f40b9e811cd28ea7e62c6dc414faa35f27346435962d0,no_transcript,provider returned no usable transcript segments,not_applicable,,,,,,unresolved,
CIK0001165231,AVSDFCC513E17FA279C,0001165231,Procera Networks Inc,PKT,NASDAQ,7371,services,2018Q2,us,DE,2003-06-26,2019-12-31,Alpha Vantage listing interval,resolved_cik,False,1,only eligible resolved security,2018|NASDAQ|services,1834,10,0.0054525627,183.4000000000,20260916,terminal_provider_unavailability,pilot_live,3,artifacts/representative_coverage_pilot_v20260916/raw/CIK0001165231/PKT/2018Q2/attempt_03_20260917040738019978.json,a8d2c0c0a1a0b5a55fd443660cf1e8614f723b5744ba9d84ca115eb74fd7a83f,no_transcript,provider returned no usable transcript segments,not_applicable,,,,,,unresolved,
CIK0001340786,AVSB45466926FACE4EE,0001340786,Fuel Systems Solutions Inc,FSYS,NASDAQ,3714,manufacturing,2018Q2,us,DE,2001-01-02,2019-12-31,Alpha Vantage listing interval,resolved_cik,False,1,only eligible resolved security,2018|NASDAQ|manufacturing,4406,23,0.0052201543,191.5652173913,20260916,terminal_provider_unavailability,pilot_live,3,artifacts/representative_coverage_pilot_v20260916/raw/CIK0001340786/FSYS/2018Q2/attempt_03_20260917040740035218.json,bb260068e9593f3107e1a4e1c18868abf5d8e7742b110cc8b17dc2a152d09e7f,no_transcript,provider returned no usable transcript segments,not_applicable,,,,,,unresolved,
CIK0001364541,AVS201E7C5144FBFA6B,0001364541,Eagle Rock Energy Partners L.P.,EROC,NASDAQ,1311,mining,2018Q2,us,DE,2006-10-25,2019-12-31,Alpha Vantage listing interval,resolved_cik,False,1,only eligible resolved security,2018|NASDAQ|mining,266,1,0.0037593985,266.0000000000,20260916,terminal_provider_unavailability,pilot_live,2,artifacts/representative_coverage_pilot_v20260916/raw/CIK0001364541/EROC/2018Q2/attempt_02_20260917041956630402.json,dc62302831c9d5a0f14dc75cc9c2d905d97b619f84a858478e9b05d4a29aee16,no_transcript,provider returned no usable transcript segments,not_applicable,,,,,,unresolved,
CIK0001370053,AVS9CBAB319A8F3C671,0001370053,AnaptysBio Inc,ANAB,NASDAQ,2834,manufacturing,2018Q2,us,DE,2017-01-26,2019-12-31,Alpha Vantage listing interval,resolved_cik,True,1,only eligible resolved security,2018|NASDAQ|manufacturing,4406,23,0.0052201543,191.5652173913,20260916,terminal_provider_unavailability,pilot_live,3,artifacts/representative_coverage_pilot_v20260916/raw/CIK0001370053/ANAB/2018Q2/attempt_03_20260917040742045752.json,585d4f9dbc2d779a37251c7c864eb976a13b61f232da78f78303eac8ee611bd0,no_transcript,provider returned no usable transcript segments,not_applicable,,,,,,unresolved,
CIK0001499807,AVSFE324BF45CE0CEFA,0001499807,K2M Group Holdings Inc,KTWO,NASDAQ,3841,manufacturing,2018Q2,us,,2014-05-08,2019-12-31,Alpha Vantage listing interval,resolved_cik,True,2,"ranked by active quarter-end evidence, exchange, and plain common-stock symbol",2018|NASDAQ|manufacturing,4406,23,0.0052201543,191.5652173913,20260916,terminal_provider_unavailability,pilot_live,3,artifacts/representative_coverage_pilot_v20260916/raw/CIK0001499807/KTWO/2018Q2/attempt_03_20260917040746060976.json,ca9a6c82d67b72701a057146034ea1f304087e0dacc0e0d3abff36d6d4f36d95,no_transcript,provider returned no usable transcript segments,not_applicable,,,,,,unresolved,
CIK0000740971,AVS90164F0FA027687F,0000740971,Old Point Financial Corp,OPOF,NASDAQ,6021,finance_insurance_real_estate,2018Q3,us,VA,1999-01-11,2019-12-31,Alpha Vantage listing interval,resolved_cik,True,1,only eligible resolved security,2018|NASDAQ|finance_insurance_real_estate,2291,12,0.0052378874,190.9166666667,20260916,terminal_provider_unavailability,pilot_live,2,artifacts/representative_coverage_pilot_v20260916/raw/CIK0000740971/OPOF/2018Q3/attempt_02_20260917050228137253.json,05a713c32f752be260c8f2bca66f02964d3f7267c5d92a8e3d46cae2feb22edb,no_transcript,provider returned no usable transcript segments,not_applicable,,,,,,unresolved,
CIK0000835324,AVSF6554F104767C1F6,0000835324,Stock Yards Bancorp Inc,SYBT,NASDAQ,6022,finance_insurance_real_estate,2018Q3,us,KY,1993-03-26,2019-12-31,Alpha Vantage listing interval,resolved_cik,True,1,only eligible resolved security,2018|NASDAQ|finance_insurance_real_estate,2291,12,0.0052378874,190.9166666667,20260916,terminal_provider_unavailability,pilot_live,3,artifacts/representative_coverage_pilot_v20260916/raw/CIK0000835324/SYBT/2018Q3/attempt_03_20260917040748070342.json,c50100b8526978f296e4049e82469a643e27cfb9c0ef6ffc82f51507e210f613,no_transcript,provider returned no usable transcript segments,not_applicable,,,,,,unresolved,
CIK0000904080,AVS60135B2020851BA1,0000904080,Stone Energy Corp,SGY,NYSE,1311,mining,2018Q3,us,DE,1993-07-09,2019-12-31,Alpha Vantage listing interval,resolved_cik,False,1,only eligible resolved security,2018|NYSE|mining,556,3,0.0053956835,185.3333333333,20260916,terminal_provider_unavailability,pilot_live,2,artifacts/representative_coverage_pilot_v20260916/raw/CIK0000904080/SGY/2018Q3/attempt_02_20260917041958635427.json,7586e5af25432a613ed97e10e98204812ad61cfe3a37f095e2677386edabaff5,no_transcript,provider returned no usable transcript segments,not_applicable,,,,,,unresolved,
CIK0000906163,AVS5101B67014E20244,0000906163,NVR Inc,NVR,NYSE,1531,construction,2018Q3,us,VA,1985-07-22,2019-12-31,Alpha Vantage listing interval,resolved_cik,True,1,only eligible resolved security,2018|NYSE|construction,156,1,0.0064102564,156.0000000000,20260916,terminal_provider_unavailability,pilot_live,2,artifacts/representative_coverage_pilot_v20260916/raw/CIK0000906163/NVR/2018Q3/attempt_02_20260917004612741752.json,65f62a208e2e0d3360e784f5d2dfe92986e4173f128bf91913f00a6d6864e81d,no_transcript,provider returned no usable transcript segments,not_applicable,,,,,,unresolved,
CIK0001122063,AVS784C3AF0CE4AFCFB,0001122063,FTE Networks Inc,FTNW,NYSE,4813,transportation_communications_utilities,2018Q3,us,NV,2016-05-26,2019-12-31,Alpha Vantage listing interval,resolved_cik,True,1,only eligible resolved security,2018|NYSE|transportation_communications_utilities,813,4,0.0049200492,203.2500000000,20260916,terminal_provider_unavailability,pilot_live,2,artifacts/representative_coverage_pilot_v20260916/raw/CIK0001122063/FTNW/2018Q3/attempt_02_20260917042000640473.json,b7e437faa8e8e27b7c4fff83759b65029b7f9dab1d63d73715cd767e60017857,no_transcript,provider returned no usable transcript segments,not_applicable,,,,,,unresolved,
CIK0001171014,AVSC3D27DAE6009C874,0001171014,Cosi Inc,COSI,NASDAQ,5812,retail_trade,2018Q3,us,DE,2002-11-22,2019-12-31,Alpha Vantage listing interval,resolved_cik,False,1,only eligible resolved security,2018|NASDAQ|retail_trade,491,3,0.0061099796,163.6666666667,20260916,terminal_provider_unavailability,pilot_live,2,artifacts/representative_coverage_pilot_v20260916/raw/CIK0001171014/COSI/2018Q3/attempt_02_20260917050230142276.json,8b76d0fe3f5a0ab0b93bb4fec255ba45ba509736f57d215b1a22591eca9d2d30,no_transcript,provider returned no usable transcript segments,not_applicable,,,,,,unresolved,
CIK0001311596,AVS3DED721E54956BE3,0001311596,Tobira Therapeutics Inc,TBRA,NASDAQ,2834,manufacturing,2018Q3,us,DE,2016-01-04,2019-12-31,Alpha Vantage listing interval,resolved_cik,False,2,"ranked by active quarter-end evidence, exchange, and plain common-stock symbol",2018|NASDAQ|manufacturing,4406,23,0.0052201543,191.5652173913,20260916,terminal_provider_unavailability,pilot_live,3,artifacts/representative_coverage_pilot_v20260916/raw/CIK0001311596/TBRA/2018Q3/attempt_03_20260917040756093100.json,efdbd4dc1a40c6e3a14e8118544bffb50c4f0512c349a1a48fc564ebd638e91a,no_transcript,provider returned no usable transcript segments,not_applicable,,,,,,unresolved,
CIK0001333763,AVS5DC9485E0E33BC90,0001333763,Chelsea Therapeutics International Ltd,CHTP,NASDAQ,2836,manufacturing,2018Q3,us,DE,2005-11-10,2019-12-31,Alpha Vantage listing interval,resolved_cik,False,1,only eligible resolved security,2018|NASDAQ|manufacturing,4406,23,0.0052201543,191.5652173913,20260916,terminal_provider_unavailability,pilot_live,3,artifacts/representative_coverage_pilot_v20260916/raw/CIK0001333763/CHTP/2018Q3/attempt_03_20260917040758103145.json,783ed5121f5a6ccfd50d753e348ada1e0d5620be6985dca0005d02272bdc5f8b,no_transcript,provider returned no usable transcript segments,not_applicable,,,,,,unresolved,
CIK0001590418,AVSED9E0494AA4723BE,0001590418,Focus Universal Inc,FCUV,NASDAQ,3823,manufacturing,2018Q3,us,NV,2017-09-27,2019-12-31,Alpha Vantage listing interval,resolved_cik,True,1,only eligible resolved security,2018|NASDAQ|manufacturing,4406,23,0.0052201543,191.5652173913,20260916,terminal_provider_unavailability,pilot_live,3,artifacts/representative_coverage_pilot_v20260916/raw/CIK0001590418/FCUV/2018Q3/attempt_03_20260917040802116334.json,6572b0d05be885f41e5ee2878a232aba4a4c990321f0fedff0f5746ee5660b1b,no_transcript,provider returned no usable transcript segments,not_applicable,,,,,,unresolved,
CIK0000711669,AVSDB51C807BE357FA6,0000711669,Colony Bankcorp Inc,CBAN,NYSE,6022,finance_insurance_real_estate,2018Q4,us,GA,1998-04-02,2019-12-31,Alpha Vantage listing interval,resolved_cik,True,1,only eligible resolved security,2018|NYSE|finance_insurance_real_estate,1963,10,0.0050942435,196.3000000000,20260916,terminal_provider_unavailability,pilot_live,3,artifacts/representative_coverage_pilot_v20260916/raw/CIK0000711669/CBAN/2018Q4/attempt_03_20260917040804126495.json,5422b474792769fcd56c6a463c5d7c283193107cd382db4e0d1b51bc2b6acbb7,no_transcript,provider returned no usable transcript segments,not_applicable,,,,,,unresolved,
CIK0000778734,AVSC37F581AE48313D5,0000778734,Measurement Specialties Inc,MEAS,NASDAQ,3829,manufacturing,2018Q4,us,NJ,1993-04-26,2019-12-31,Alpha Vantage listing interval,resolved_cik,False,1,only eligible resolved security,2018|NASDAQ|manufacturing,4406,23,0.0052201543,191.5652173913,20260916,terminal_provider_unavailability,pilot_live,3,artifacts/representative_coverage_pilot_v20260916/raw/CIK0000778734/MEAS/2018Q4/attempt_03_20260917040806136405.json,7149741b1413b4bf2301b3467ac32a46b99393a85287d03c640561bf89535c75,no_transcript,provider returned no usable transcript segments,not_applicable,,,,,,unresolved,
CIK0000902274,AVS925DA472DA8277A1,0000902274,Libbey Inc,LBY,NYSE,3220,manufacturing,2018Q4,us,DE,1993-06-18,2019-12-31,Alpha Vantage listing interval,resolved_cik,True,1,only eligible resolved security,2018|NYSE|manufacturing,2260,12,0.0053097345,188.3333333333,20260916,terminal_provider_unavailability,pilot_live,2,artifacts/representative_coverage_pilot_v20260916/raw/CIK0000902274/LBY/2018Q4/attempt_02_20260917050232147337.json,611fa441f07af50fd849770680ea539c5e161c7f7f7cc78c493ced4719baa529,no_transcript,provider returned no usable transcript segments,not_applicable,,,,,,unresolved,
CIK0000918386,AVS6C9D35C85A254D87,0000918386,QLogic Corp,QLGC,NASDAQ,3576,manufacturing,2018Q4,us,DE,2016-01-04,2019-12-31,Alpha Vantage listing interval,resolved_cik,False,1,only eligible resolved security,2018|NASDAQ|manufacturing,4406,23,0.0052201543,191.5652173913,20260916,terminal_provider_unavailability,pilot_live,2,artifacts/representative_coverage_pilot_v20260916/raw/CIK0000918386/QLGC/2018Q4/attempt_02_20260917050234152402.json,6554e02cbca43880e8d97b028b3b78ff753c932ec7be9ed44839562e798e04a9,no_transcript,provider returned no usable transcript segments,not_applicable,,,,,,unresolved,
CIK0001016470,AVS1269FA153F650ABE,0001016470,SRS Labs Inc,SRSL,NASDAQ,6794,finance_insurance_real_estate,2018Q4,us,DE,1996-09-09,2019-12-31,Alpha Vantage listing interval,resolved_cik,False,1,only eligible resolved security,2018|NASDAQ|finance_insurance_real_estate,2291,12,0.0052378874,190.9166666667,20260916,terminal_provider_unavailability,pilot_live,3,artifacts/representative_coverage_pilot_v20260916/raw/CIK0001016470/SRSL/2018Q4/attempt_03_20260917040808143113.json,78a3e2158eb74d392a139ba42e71d8e6bbbb0e2b1b91522f68bcda768cff6a37,no_transcript,provider returned no usable transcript segments,not_applicable,,,,,,unresolved,
CIK0001089143,AVS17C80D6F88BBCCE3,0001089143,Collectors Universe Inc,CLCT,NASDAQ,7389,services,2018Q4,us,DE,1999-11-05,2019-12-31,Alpha Vantage listing interval,resolved_cik,True,1,only eligible resolved security,2018|NASDAQ|services,1834,10,0.0054525627,183.4000000000,20260916,terminal_provider_unavailability,pilot_live,3,artifacts/representative_coverage_pilot_v20260916/raw/CIK0001089143/CLCT/2018Q4/attempt_03_20260917040810177832.json,325acca4ea47b31db544da32af66910677ff4d389c7f2b8da5144c05fb4b2d05,no_transcript,provider returned no usable transcript segments,not_applicable,,,,,,unresolved,
CIK0001103601,AVS65201C8339135C23,0001103601,WGL Holdings Inc,WGL,NYSE,4924,transportation_communications_utilities,2018Q4,us,VA,1987-06-22,2019-12-31,Alpha Vantage listing interval,resolved_cik,False,1,only eligible resolved security,2018|NYSE|transportation_communications_utilities,813,4,0.0049200492,203.2500000000,20260916,terminal_provider_unavailability,pilot_live,2,artifacts/representative_coverage_pilot_v20260916/raw/CIK0001103601/WGL/2018Q4/attempt_02_20260917042004651099.json,ba924a99deb5a9b30ce1b875c68a6e335399ff97281f7ae44a68cf55e6bff3e0,no_transcript,provider returned no usable transcript segments,not_applicable,,,,,,unresolved,
CIK0001113169,AVSF75E69A5D8B77564,0001113169,T. Rowe Price Group Inc,TROW,NASDAQ,6282,finance_insurance_real_estate,2018Q4,us,MD,1989-09-13,2019-12-31,Alpha Vantage listing interval,resolved_cik,True,1,only eligible resolved security,2018|NASDAQ|finance_insurance_real_estate,2291,12,0.0052378874,190.9166666667,20260916,terminal_provider_unavailability,pilot_live,3,artifacts/representative_coverage_pilot_v20260916/raw/CIK0001113169/TROW/2018Q4/attempt_03_20260917040814184901.json,fb2bdac3f54369f9394ee0f9b3d6c31ff2f5d25a5ff7d392cc7057912b2d4251,no_transcript,provider returned no usable transcript segments,not_applicable,,,,,,unresolved,
CIK0001135906,AVSFE665D9BCF7ED154,0001135906,EPIRUS Biopharmaceuticals Inc,EPRS,NASDAQ,2834,manufacturing,2018Q4,us,DE,2016-01-04,2019-12-31,Alpha Vantage listing interval,resolved_cik,False,1,only eligible resolved security,2018|NASDAQ|manufacturing,4406,23,0.0052201543,191.5652173913,20260916,terminal_provider_unavailability,pilot_live,3,artifacts/representative_coverage_pilot_v20260916/raw/CIK0001135906/EPRS/2018Q4/attempt_03_20260917040816194510.json,aa27cba81d6d1ca47f9e592fe27b9b9c6fe3c1ea18228500743139ff05841f3d,no_transcript,provider returned no usable transcript segments,not_applicable,,,,,,unresolved,
CIK0001340786,AVSB45466926FACE4EE,0001340786,Fuel Systems Solutions Inc,FSYS,NASDAQ,3714,manufacturing,2018Q4,us,DE,2001-01-02,2019-12-31,Alpha Vantage listing interval,resolved_cik,False,1,only eligible resolved security,2018|NASDAQ|manufacturing,4406,23,0.0052201543,191.5652173913,20260916,terminal_provider_unavailability,pilot_live,3,artifacts/representative_coverage_pilot_v20260916/raw/CIK0001340786/FSYS/2018Q4/attempt_03_20260917040820217385.json,4ca09c57c4d7c8786fe3f76c1bb03625cf647953c4761e7ae04c94eb019adc7c,no_transcript,provider returned no usable transcript segments,not_applicable,,,,,,unresolved,
CIK0001468748,AVS2EFCFB2D17C07A10,0001468748,Kodiak Sciences Inc,KOD,NASDAQ,2836,manufacturing,2018Q4,us,DE,2018-10-04,2019-12-31,Alpha Vantage listing interval,resolved_cik,True,1,only eligible resolved security,2018|NASDAQ|manufacturing,4406,23,0.0052201543,191.5652173913,20260916,terminal_provider_unavailability,pilot_live,3,artifacts/representative_coverage_pilot_v20260916/raw/CIK0001468748/KOD/2018Q4/attempt_03_20260917040822227587.json,104155334fb04c1dc950fc13828fc078974992a24b9b7bf3b4ada922f49449b0,no_transcript,provider returned no usable transcript segments,not_applicable,,,,,,unresolved,
CIK0001489993,AVS578974C62C0D36FC,0001489993,Skymobi Ltd ADR,MOBI,NASDAQ,3841,manufacturing,2018Q4,us,DE,2010-12-09,2019-12-31,Alpha Vantage listing interval,resolved_cik,False,1,only eligible resolved security,2018|NASDAQ|manufacturing,4406,23,0.0052201543,191.5652173913,20260916,terminal_provider_unavailability,pilot_live,3,artifacts/representative_coverage_pilot_v20260916/raw/CIK0001489993/MOBI/2018Q4/attempt_03_20260917040824232951.json,48a6ccdebe1b03649debebd01d33585003c6e0aafc40e7e39c1657cc1e06cdfb,no_transcript,provider returned no usable transcript segments,not_applicable,,,,,,unresolved,
CIK0001533526,AVS9998F2E9D98F5FCF,0001533526,Global Brass and Copper Holdings Inc,BRSS,NYSE,3350,manufacturing,2018Q4,us,,2013-05-23,2019-12-31,Alpha Vantage listing interval,resolved_cik,True,2,"ranked by active quarter-end evidence, exchange, and plain common-stock symbol",2018|NYSE|manufacturing,2260,12,0.0053097345,188.3333333333,20260916,terminal_provider_unavailability,pilot_live,3,artifacts/representative_coverage_pilot_v20260916/raw/CIK0001533526/BRSS/2018Q4/attempt_03_20260917040826244304.json,1b3087b7d610d9366fc5df44f2720ad36258163230a30cb19396c8a57850e4b6,no_transcript,provider returned no usable transcript segments,not_applicable,,,,,,unresolved,
CIK0001533932,AVS9215F9656DE102DC,0001533932,Vantiv Inc,VNTV,NYSE,7389,services,2018Q4,us,DE,2012-03-22,2019-12-31,Alpha Vantage listing interval,resolved_cik,False,1,only eligible resolved security,2018|NYSE|services,1027,6,0.0058422590,171.1666666667,20260916,terminal_provider_unavailability,pilot_live,3,artifacts/representative_coverage_pilot_v20260916/raw/CIK0001533932/VNTV/2018Q4/attempt_03_20260917040828254347.json,b705cb633ddabf655349819b3ab740d151bbe4d00f8ca849c084bfacfb9ceae5,no_transcript,provider returned no usable transcript segments,not_applicable,,,,,,unresolved,
CIK0001561660,AVS747922B0E55CCFCA,0001561660,Pattern Energy Group Inc,PEGI,NASDAQ,4911,transportation_communications_utilities,2018Q4,us,DE,2013-09-27,2019-12-31,Alpha Vantage listing interval,resolved_cik,True,1,only eligible resolved security,2018|NASDAQ|transportation_communications_utilities,566,3,0.0053003534,188.6666666667,20260916,terminal_provider_unavailability,pilot_live,3,artifacts/representative_coverage_pilot_v20260916/raw/CIK0001561660/PEGI/2018Q4/attempt_03_20260917040830264391.json,1f7560f6df987ac28067720d927fef8535035dbd7a99853c97998ee29891946f,no_transcript,provider returned no usable transcript segments,not_applicable,,,,,,unresolved,
CIK0001610418,AVSABB8ECF1EDD54EFF,0001610418,CNX Midstream Partners LP,CNXM,NYSE,4922,transportation_communications_utilities,2018Q4,us,DE,2018-01-04,2019-12-31,Alpha Vantage listing interval,resolved_cik,True,2,"ranked by active quarter-end evidence, exchange, and plain common-stock symbol",2018|NYSE|transportation_communications_utilities,813,4,0.0049200492,203.2500000000,20260916,terminal_provider_unavailability,pilot_live,2,artifacts/representative_coverage_pilot_v20260916/raw/CIK0001610418/CNXM/2018Q4/attempt_02_20260917042006656117.json,0275f010b8ecf4d11ab9c10a410c31bcd74cb16dc1e76e53994b6db34fce6bb8,no_transcript,provider returned no usable transcript segments,not_applicable,,,,,,unresolved,
CIK0001650962,AVS790F6F058BE45C80,0001650962,Welbilt Inc,WBT,NYSE,3580,manufacturing,2018Q4,us,DE,2016-02-18,2019-12-31,Alpha Vantage listing interval,resolved_cik,True,1,only eligible resolved security,2018|NYSE|manufacturing,2260,12,0.0053097345,188.3333333333,20260916,terminal_provider_unavailability,pilot_live,3,artifacts/representative_coverage_pilot_v20260916/raw/CIK0001650962/WBT/2018Q4/attempt_03_20260917040832266319.json,47412784f47bb376afe43f3eed710fe4379cbaf898e7d31589b5a228e783c24e,no_transcript,provider returned no usable transcript segments,not_applicable,,,,,,unresolved,
CIK0001716947,AVSE03CAFFA42405626,0001716947,Ensysce Biosciences Inc,ENSC,NASDAQ,2834,manufacturing,2018Q4,us,DE,2018-02-26,2019-12-31,Alpha Vantage listing interval,resolved_cik,True,1,only eligible resolved security,2018|NASDAQ|manufacturing,4406,23,0.0052201543,191.5652173913,20260916,terminal_provider_unavailability,pilot_live,3,artifacts/representative_coverage_pilot_v20260916/raw/CIK0001716947/ENSC/2018Q4/attempt_03_20260917040834269827.json,dc88696851b7666453905dc0b0f5d9ece11a19a1fb8d9eaeb230bde7103f8baf,no_transcript,provider returned no usable transcript segments,not_applicable,,,,,,unresolved,
CIK0000003906,AVS48B58C29A715E5C6,0000003906,Allied Capital Corp,AFC,NYSE,,unknown,2019Q1,us,MD,2007-04-17,2019-12-31,Alpha Vantage listing interval,resolved_cik,True,1,only eligible resolved security,2019|NYSE|unknown,86,1,0.0116279070,86.0000000000,20260916,terminal_provider_unavailability,pilot_live,2,artifacts/representative_coverage_pilot_v20260916/raw/CIK0000003906/AFC/2019Q1/attempt_02_20260917050236157423.json,af3ef5122a66429178e1aa6f42c5adcf095be710d5113f6d541525acb39a9107,no_transcript,provider returned no usable transcript segments,not_applicable,,,,,,unresolved,
CIK0000023082,AVSA816498A24B59B94,0000023082,Computer Sciences Corp,CSC,NYSE,7373,services,2019Q1,us,NV,2001-01-02,2019-12-31,Alpha Vantage listing interval,resolved_cik,False,1,only eligible resolved security,2019|NYSE|services,1070,6,0.0056074766,178.3333333333,20260916,terminal_provider_unavailability,pilot_live,3,artifacts/representative_coverage_pilot_v20260916/raw/CIK0000023082/CSC/2019Q1/attempt_03_20260917040836280558.json,08d2794737f8ef069be25a6309373910b82c805087ec7004e73f13b239c6cc28,no_transcript,provider returned no usable transcript segments,not_applicable,,,,,,unresolved,
CIK0000849502,AVS645D3CB92AE3ED3D,0000849502,Ramtron International,RMTR,NASDAQ,3674,manufacturing,2019Q1,us,DE,2006-12-28,2019-12-31,Alpha Vantage listing interval,resolved_cik,False,1,only eligible resolved security,2019|NASDAQ|manufacturing,4600,24,0.0052173913,191.6666666667,20260916,terminal_provider_unavailability,pilot_live,2,artifacts/representative_coverage_pilot_v20260916/raw/CIK0000849502/RMTR/2019Q1/attempt_02_20260917050238162462.json,227b12fe7694af47d6f706dc883982f1d57c8109acd3b68b20ceaad6618d19ea,no_transcript,provider returned no usable transcript segments,not_applicable,,,,,,unresolved,
CIK0000867773,AVS6C78E4BACD840F81,0000867773,SunPower Corp,SPWRB,NASDAQ,3674,manufacturing,2019Q1,us,DE,2008-09-22,2019-12-31,Alpha Vantage listing interval,resolved_cik,False,1,only eligible resolved security,2019|NASDAQ|manufacturing,4600,24,0.0052173913,191.6666666667,20260916,terminal_provider_unavailability,pilot_live,3,artifacts/representative_coverage_pilot_v20260916/raw/CIK0000867773/SPWRB/2019Q1/attempt_03_20260917040838290609.json,08fd15ae56f99a1860438986e821f2d058ec4a7397c12019adca5c198224550a,no_transcript,provider returned no usable transcript segments,not_applicable,,,,,,unresolved,
CIK0000883945,AVSB827387FA7D1033F,0000883945,USA Truck Inc,USAK,NASDAQ,4213,transportation_communications_utilities,2019Q1,us,DE,1992-03-20,2019-12-31,Alpha Vantage listing interval,resolved_cik,True,1,only eligible resolved security,2019|NASDAQ|transportation_communications_utilities,588,3,0.0051020408,196.0000000000,20260916,terminal_provider_unavailability,pilot_live,3,artifacts/representative_coverage_pilot_v20260916/raw/CIK0000883945/USAK/2019Q1/attempt_03_20260917040840299641.json,41e47c00ec5eb97cac1bf6c834ee421d4c5cae7cce06f970615d84e274e06cf4,no_transcript,provider returned no usable transcript segments,not_applicable,,,,,,unresolved,
CIK0000914156,AVS3EC885FD2A7D0DA3,0000914156,UFP Technologies Inc,UFPT,NASDAQ,3841,manufacturing,2019Q1,us,DE,1993-12-17,2019-12-31,Alpha Vantage listing interval,resolved_cik,True,1,only eligible resolved security,2019|NASDAQ|manufacturing,4600,24,0.0052173913,191.6666666667,20260916,terminal_provider_unavailability,pilot_live,3,artifacts/representative_coverage_pilot_v20260916/raw/CIK0000914156/UFPT/2019Q1/attempt_03_20260917040842322095.json,21506f47bca7a885bda108accfd1e365a6844b6f1d9155a9b3175bc49cda945f,no_transcript,provider returned no usable transcript segments,not_applicable,,,,,,unresolved,
CIK0001137083,AVSDFC5707EE7A7BEAD,0001137083,L&L Energy Inc,LLEN,NASDAQ,1220,mining,2019Q1,us,NV,2009-01-05,2019-03-01,Alpha Vantage listing interval,resolved_cik,False,2,"ranked by active quarter-end evidence, exchange, and plain common-stock symbol",2019|NASDAQ|mining,275,2,0.0072727273,137.5000000000,20260916,terminal_provider_unavailability,pilot_live,2,artifacts/representative_coverage_pilot_v20260916/raw/CIK0001137083/LLEN/2019Q1/attempt_02_20260917042008661158.json,eb69e25799d389e30c86fe185f82c0893c20c748a664f8c4699a98d515c893e4,no_transcript,provider returned no usable transcript segments,not_applicable,,,,,,unresolved,
CIK0001297341,AVS530A9120419D42C0,0001297341,Kentucky First Federal Bancorp,KFFB,NASDAQ,6035,finance_insurance_real_estate,2019Q1,us,,2005-03-03,2019-12-31,Alpha Vantage listing interval,resolved_cik,True,1,only eligible resolved security,2019|NASDAQ|finance_insurance_real_estate,2342,12,0.0051238258,195.1666666667,20260916,terminal_provider_unavailability,pilot_live,3,artifacts/representative_coverage_pilot_v20260916/raw/CIK0001297341/KFFB/2019Q1/attempt_03_20260917040846332847.json,103ad9f9d79d9385b5021097fbf84a5bd3f493800bd2691c382c2b325b0e5003,no_transcript,provider returned no usable transcript segments,not_applicable,,,,,,unresolved,
CIK0001339553,AVSD4F82E6C3099B004,0001339553,HealthSpring Inc,HS,NYSE,6324,finance_insurance_real_estate,2019Q1,us,DE,2006-02-03,2019-12-31,Alpha Vantage listing interval,resolved_cik,False,1,only eligible resolved security,2019|NYSE|finance_insurance_real_estate,1976,11,0.0055668016,179.6363636364,20260916,terminal_provider_unavailability,pilot_live,2,artifacts/representative_coverage_pilot_v20260916/raw/CIK0001339553/HS/2019Q1/attempt_02_20260917042010662522.json,e50a3b7444632d59116565c6a15a07fa72591d2460fb1f56509bf4ec90b4544d,no_transcript,provider returned no usable transcript segments,not_applicable,,,,,,unresolved,
CIK0001465885,AVS3D2A1D3487E0081F,0001465885,Western Asset Mortgage Capital Corp,WMC,NYSE,6798,finance_insurance_real_estate,2019Q1,us,DE,2012-05-11,2019-12-31,Alpha Vantage listing interval,resolved_cik,True,1,only eligible resolved security,2019|NYSE|finance_insurance_real_estate,1976,11,0.0055668016,179.6363636364,20260916,terminal_provider_unavailability,pilot_live,2,artifacts/representative_coverage_pilot_v20260916/raw/CIK0001465885/WMC/2019Q1/attempt_02_20260917042012663095.json,de97b842c1944a85e2440bf36328daaaadf66da3ef7732a7de96ef3626e874a0,no_transcript,provider returned no usable transcript segments,not_applicable,,,,,,unresolved,
CIK0001523733,AVS98866A91B7F2D351,0001523733,PetroLogistics LP,PDH,NYSE,2890,manufacturing,2019Q1,us,DE,2012-05-04,2019-12-31,Alpha Vantage listing interval,resolved_cik,False,1,only eligible resolved security,2019|NYSE|manufacturing,2296,12,0.0052264808,191.3333333333,20260916,terminal_provider_unavailability,pilot_live,3,artifacts/representative_coverage_pilot_v20260916/raw/CIK0001523733/PDH/2019Q1/attempt_03_20260917040850341605.json,a908fd3c52bc2bcb710ca5a2397ec23c0314d838b4fc2db07cee22ab79bdd04a,no_transcript,provider returned no usable transcript segments,not_applicable,,,,,,unresolved,
CIK0001808834,AVSF61D1A776A049967,0001808834,PROG Holdings Inc,PRG,NYSE,7359,services,2019Q1,us,GA,1984-09-07,2019-12-31,Alpha Vantage listing interval,resolved_cik,True,1,only eligible resolved security,2019|NYSE|services,1070,6,0.0056074766,178.3333333333,20260916,terminal_provider_unavailability,pilot_live,3,artifacts/representative_coverage_pilot_v20260916/raw/CIK0001808834/PRG/2019Q1/attempt_03_20260917050240167062.json,cc92e76edbcc5f775e9cadf08611cb03ddc2f658470be327d6a84d4a63435462,no_transcript,provider returned no usable transcript segments,not_applicable,,,,,,unresolved,
CIK0000073290,AVS22DCA5A4EEE6FD72,0000073290,Biomerica Inc,BMRA,NASDAQ,2835,manufacturing,2019Q2,us,DE,2005-01-03,2019-12-31,Alpha Vantage listing interval,resolved_cik,True,1,only eligible resolved security,2019|NASDAQ|manufacturing,4600,24,0.0052173913,191.6666666667,20260916,terminal_provider_unavailability,pilot_live,3,artifacts/representative_coverage_pilot_v20260916/raw/CIK0000073290/BMRA/2019Q2/attempt_03_20260917040858369648.json,c9ae6c499c4ac6cf682eb1caa2bbc1aa20a68753bbde2534d4e557fac56a0dc9,no_transcript,provider returned no usable transcript segments,not_applicable,,,,,,unresolved,
CIK0000812128,AVS49AB5969C4631B68,0000812128,Sanderson Farms Inc,SAFM,NASDAQ,2015,manufacturing,2019Q2,us,MS,1989-12-20,2019-12-31,Alpha Vantage listing interval,resolved_cik,True,1,only eligible resolved security,2019|NASDAQ|manufacturing,4600,24,0.0052173913,191.6666666667,20260916,terminal_provider_unavailability,pilot_live,3,artifacts/representative_coverage_pilot_v20260916/raw/CIK0000812128/SAFM/2019Q2/attempt_03_20260917040900377475.json,0d8683b58b738943ccdc76e62edafeb3f5a0ba406cf47fe67ce37bdb94e9737f,no_transcript,provider returned no usable transcript segments,not_applicable,,,,,,unresolved,
CIK0000863110,AVS3E46DCB05035158D,0000863110,Artesian Resources Corp - Class A,ARTNA,NASDAQ,4941,transportation_communications_utilities,2019Q2,us,DE,1996-05-24,2019-12-31,Alpha Vantage listing interval,resolved_cik,True,1,only eligible resolved security,2019|NASDAQ|transportation_communications_utilities,588,3,0.0051020408,196.0000000000,20260916,terminal_provider_unavailability,pilot_live,3,artifacts/representative_coverage_pilot_v20260916/raw/CIK0000863110/ARTNA/2019Q2/attempt_03_20260917040902383006.json,19db464da29e26c06879cc2bba6f5c0d404a510e22d24e9506bffafb4b24ddf5,no_transcript,provider returned no usable transcript segments,not_applicable,,,,,,unresolved,
CIK0000863157,AVSBD2FA54581C18CF8,0000863157,PetSmart Inc,PETM,NASDAQ,5990,retail_trade,2019Q2,us,DE,1993-07-23,2019-12-31,Alpha Vantage listing interval,resolved_cik,False,1,only eligible resolved security,2019|NASDAQ|retail_trade,504,3,0.0059523810,168.0000000000,20260916,terminal_provider_unavailability,pilot_live,3,artifacts/representative_coverage_pilot_v20260916/raw/CIK0000863157/PETM/2019Q2/attempt_03_20260917040904393104.json,f21382ce70b3592ab2a216b62dfefa1ee0922f69d6103ed44a65d6f6defed384,no_transcript,provider returned no usable transcript segments,not_applicable,,,,,,unresolved,
CIK0000867773,AVS6C78E4BACD840F81,0000867773,SunPower Corp,SPWRB,NASDAQ,3674,manufacturing,2019Q2,us,DE,2008-09-22,2019-12-31,Alpha Vantage listing interval,resolved_cik,False,1,only eligible resolved security,2019|NASDAQ|manufacturing,4600,24,0.0052173913,191.6666666667,20260916,terminal_provider_unavailability,pilot_live,3,artifacts/representative_coverage_pilot_v20260916/raw/CIK0000867773/SPWRB/2019Q2/attempt_03_20260917040906394088.json,65933d1f4194adef26bb94c41392e3864958ad5f0c2db8ab31a9544532d41282,no_transcript,provider returned no usable transcript segments,not_applicable,,,,,,unresolved,
CIK0000907649,AVS84A907783D003562,0000907649,FX Energy Inc,FXEN,NASDAQ,1311,mining,2019Q2,us,NV,1996-06-11,2019-12-31,Alpha Vantage listing interval,resolved_cik,False,1,only eligible resolved security,2019|NASDAQ|mining,275,2,0.0072727273,137.5000000000,20260916,terminal_provider_unavailability,pilot_live,2,artifacts/representative_coverage_pilot_v20260916/raw/CIK0000907649/FXEN/2019Q2/attempt_02_20260917042014668119.json,b93c1c1de6a2479c26c5e957df5c0606f34d33b00c9b9a1992a0c375f8feecc0,no_transcript,provider returned no usable transcript segments,not_applicable,,,,,,unresolved,
CIK0001228627,AVS9A42B9DD8229B9B1,0001228627,Ocuphire Pharma Inc,IRD,NASDAQ,2834,manufacturing,2019Q2,us,DE,2005-05-23,2019-12-31,Alpha Vantage listing interval,resolved_cik,True,1,only eligible resolved security,2019|NASDAQ|manufacturing,4600,24,0.0052173913,191.6666666667,20260916,terminal_provider_unavailability,pilot_live,3,artifacts/representative_coverage_pilot_v20260916/raw/CIK0001228627/IRD/2019Q2/attempt_03_20260917040910407053.json,e932b3fb2ee711e2ed78fb7ca0ab368a5c8c76ce575f5d643e5cf1c1f2c691df,no_transcript,provider returned no usable transcript segments,not_applicable,,,,,,unresolved,
CIK0001429764,AVS9255818E6459FE82,0001429764,Blink Charging Company,BLNK,NASDAQ,3690,manufacturing,2019Q2,us,NV,2018-02-13,2019-12-31,Alpha Vantage listing interval,resolved_cik,True,1,only eligible resolved security,2019|NASDAQ|manufacturing,4600,24,0.0052173913,191.6666666667,20260916,terminal_provider_unavailability,pilot_live,3,artifacts/representative_coverage_pilot_v20260916/raw/CIK0001429764/BLNK/2019Q2/attempt_03_20260917040912416299.json,359abc009dfa018bc59b4bd3bc23b17ccbec762730a021be64d53a4b81677fec,no_transcript,provider returned no usable transcript segments,not_applicable,,,,,,unresolved,
CIK0001505732,AVSB3A290FA7267E4DC,0001505732,Bankwell Financial Group Inc,BWFG,NASDAQ,6022,finance_insurance_real_estate,2019Q2,us,CT,2010-04-05,2019-12-31,Alpha Vantage listing interval,resolved_cik,True,1,only eligible resolved security,2019|NASDAQ|finance_insurance_real_estate,2342,12,0.0051238258,195.1666666667,20260916,terminal_provider_unavailability,pilot_live,3,artifacts/representative_coverage_pilot_v20260916/raw/CIK0001505732/BWFG/2019Q2/attempt_03_20260917040914424570.json,a97cb8a41d3380e8b88ea2e33c99d7002445e473d5ce493cee8e7ef4f089519c,no_transcript,provider returned no usable transcript segments,not_applicable,,,,,,unresolved,
CIK0001649989,AVS3F7FFFEE639061D3,0001649989,Outlook Therapeutics Inc,OTLK,NASDAQ,2836,manufacturing,2019Q2,us,DE,2016-06-14,2019-12-31,Alpha Vantage listing interval,resolved_cik,True,1,only eligible resolved security,2019|NASDAQ|manufacturing,4600,24,0.0052173913,191.6666666667,20260916,terminal_provider_unavailability,pilot_live,3,artifacts/representative_coverage_pilot_v20260916/raw/CIK0001649989/OTLK/2019Q2/attempt_03_20260917040916432959.json,63fb736ff06fcba0f6d80b25753154f0ddb3ad4927b6ac4777795bab6a63ce8d,no_transcript,provider returned no usable transcript segments,not_applicable,,,,,,unresolved,
CIK0001660334,AVSC91599541D10CFC4,0001660334,Verrica Pharmaceuticals Inc,VRCA,NASDAQ,2834,manufacturing,2019Q2,us,DE,2018-06-15,2019-12-31,Alpha Vantage listing interval,resolved_cik,True,1,only eligible resolved security,2019|NASDAQ|manufacturing,4600,24,0.0052173913,191.6666666667,20260916,terminal_provider_unavailability,pilot_live,3,artifacts/representative_coverage_pilot_v20260916/raw/CIK0001660334/VRCA/2019Q2/attempt_03_20260917040918443002.json,fe6a81c5bfe7258f0c1a5948bec052d54aac93d3c4b5180787d47e16cff69aff,no_transcript,provider returned no usable transcript segments,not_applicable,,,,,,unresolved,
CIK0001747009,AVSBF2A83F30A40D989,0001747009,Equitrans Midstream Corporation,ETRN,NYSE,4922,transportation_communications_utilities,2019Q2,us,DE,2018-10-31,2019-12-31,Alpha Vantage listing interval,resolved_cik,True,1,only eligible resolved security,2019|NYSE|transportation_communications_utilities,818,4,0.0048899756,204.5000000000,20260916,terminal_provider_unavailability,pilot_live,2,artifacts/representative_coverage_pilot_v20260916/raw/CIK0001747009/ETRN/2019Q2/attempt_02_20260917042016673264.json,2bd92719846cf1046de74330b9eb2af8ae76634fd49524f6a26a4abe8c3739e0,no_transcript,provider returned no usable transcript segments,not_applicable,,,,,,unresolved,
CIK0001760233,AVS9BCB58CC1C254E0F,0001760233,RDE Inc,GIFT,NASDAQ,5961,retail_trade,2019Q2,us,DE,2011-06-08,2019-12-31,Alpha Vantage listing interval,resolved_cik,True,1,only eligible resolved security,2019|NASDAQ|retail_trade,504,3,0.0059523810,168.0000000000,20260916,terminal_provider_unavailability,pilot_live,3,artifacts/representative_coverage_pilot_v20260916/raw/CIK0001760233/GIFT/2019Q2/attempt_03_20260917040920449622.json,52844ce76e784a74f796bc67b4268ee49eed1514701a4df4f47fda01db90c816,no_transcript,provider returned no usable transcript segments,not_applicable,,,,,,unresolved,
CIK0000064463,AVSF617BC6BD510DF56,0000064463,Soluna Holdings Inc,SLNH,NASDAQ,6199,finance_insurance_real_estate,2019Q3,us,NV,2009-04-28,2019-12-31,Alpha Vantage listing interval,resolved_cik,True,1,only eligible resolved security,2019|NASDAQ|finance_insurance_real_estate,2342,12,0.0051238258,195.1666666667,20260916,terminal_provider_unavailability,pilot_live,3,artifacts/representative_coverage_pilot_v20260916/raw/CIK0000064463/SLNH/2019Q3/attempt_03_20260917040922459664.json,8639b46431d4805109a2d082f0731c2e63251404c795fd0af04d8daa38453b77,no_transcript,provider returned no usable transcript segments,not_applicable,,,,,,unresolved,
CIK0001001258,AVS300C77AC3B732D83,0001001258,Asta Funding Inc,ASFI,NASDAQ,6153,finance_insurance_real_estate,2019Q3,us,DE,1995-11-14,2019-12-31,Alpha Vantage listing interval,resolved_cik,True,1,only eligible resolved security,2019|NASDAQ|finance_insurance_real_estate,2342,12,0.0051238258,195.1666666667,20260916,terminal_provider_unavailability,pilot_live,3,artifacts/representative_coverage_pilot_v20260916/raw/CIK0001001258/ASFI/2019Q3/attempt_03_20260917040924466330.json,031d63685d413bac4b7ffd55ea85d9cec16bae717b5f2da89fad816b3356d996,no_transcript,provider returned no usable transcript segments,not_applicable,,,,,,unresolved,
CIK0001028954,AVS303A207EBCF8B7D7,0001028954,Sussex Bancorp,SBBX,NASDAQ,6022,finance_insurance_real_estate,2019Q3,us,NJ,1998-02-20,2019-12-31,Alpha Vantage listing interval,resolved_cik,True,1,only eligible resolved security,2019|NASDAQ|finance_insurance_real_estate,2342,12,0.0051238258,195.1666666667,20260916,terminal_provider_unavailability,pilot_live,3,artifacts/representative_coverage_pilot_v20260916/raw/CIK0001028954/SBBX/2019Q3/attempt_03_20260917040926476915.json,0693c29065184a16671377956f09b5e0d34036c6c3064b2db331cda6a71f901a,no_transcript,provider returned no usable transcript segments,not_applicable,,,,,,unresolved,
CIK0001292653,AVSD573673478A69032,0001292653,Inteliquent Inc,IQNT,NASDAQ,4813,transportation_communications_utilities,2019Q3,us,,2007-11-02,2019-12-31,Alpha Vantage listing interval,resolved_cik,False,1,only eligible resolved security,2019|NASDAQ|transportation_communications_utilities,588,3,0.0051020408,196.0000000000,20260916,terminal_provider_unavailability,pilot_live,3,artifacts/representative_coverage_pilot_v20260916/raw/CIK0001292653/IQNT/2019Q3/attempt_03_20260917040928514982.json,fab85ae6937c571d7f5d5909c587fba432a71e17a5c4dbaa3caa677d6bc1a83c,no_transcript,provider returned no usable transcript segments,not_applicable,,,,,,unresolved,
CIK0001505413,AVSA0424DAA0E488375,0001505413,VOC Energy Trust,VOC,NYSE,1311,mining,2019Q3,us,,2011-05-06,2019-12-31,Alpha Vantage listing interval,resolved_cik,True,1,only eligible resolved security,2019|NYSE|mining,559,3,0.0053667263,186.3333333333,20260916,terminal_provider_unavailability,pilot_live,2,artifacts/representative_coverage_pilot_v20260916/raw/CIK0001505413/VOC/2019Q3/attempt_02_20260917050242172104.json,8704bcd5bf88bf85b9ab5404ed0c65a7b44d87ecac529291765223ee504893ec,no_transcript,provider returned no usable transcript segments,not_applicable,,,,,,unresolved,
CIK0001642380,AVS00FBF2B14DAE0E92,0001642380,Insight Molecular Diagnostics Inc,IMDX,NASDAQ,2835,manufacturing,2019Q3,us,CA,2016-01-04,2019-12-31,Alpha Vantage listing interval,resolved_cik,True,1,only eligible resolved security,2019|NASDAQ|manufacturing,4600,24,0.0052173913,191.6666666667,20260916,terminal_provider_unavailability,pilot_live,3,artifacts/representative_coverage_pilot_v20260916/raw/CIK0001642380/IMDX/2019Q3/attempt_03_20260917040934526669.json,b7ee92940aa09c9f027041913471ade5c0f07683f1babdcb47fef18ee677a4e9,no_transcript,provider returned no usable transcript segments,not_applicable,,,,,,unresolved,
CIK0001682149,AVSA55F3A1190B481D0,0001682149,Datavault AI Inc,DVLT,NASDAQ,7389,services,2019Q3,us,DE,2018-07-27,2019-12-31,Alpha Vantage listing interval,resolved_cik,True,1,only eligible resolved security,2019|NASDAQ|services,1904,10,0.0052521008,190.4000000000,20260916,terminal_provider_unavailability,pilot_live,2,artifacts/representative_coverage_pilot_v20260916/raw/CIK0001682149/DVLT/2019Q3/attempt_02_20260917050244176143.json,82eafbf16e1eefe90d1ecbf74c9ce3d4e9018260caf59fd4c808717aef40645e,no_transcript,provider returned no usable transcript segments,not_applicable,,,,,,unresolved,
CIK0001725526,AVS4688F460146A4ACB,0001725526,HighPoint Resources Corp,HPR,NYSE,1311,mining,2019Q3,us,DE,2018-03-19,2019-12-31,Alpha Vantage listing interval,resolved_cik,True,1,only eligible resolved security,2019|NYSE|mining,559,3,0.0053667263,186.3333333333,20260916,terminal_provider_unavailability,pilot_live,2,artifacts/representative_coverage_pilot_v20260916/raw/CIK0001725526/HPR/2019Q3/attempt_02_20260917042018677934.json,971c106b36ccdbc8eb68c3b35231a210d4e9b3c7d185d561d4d03713d79c3535,no_transcript,provider returned no usable transcript segments,not_applicable,,,,,,unresolved,
CIK0001826660,AVS2945B02738984D85,0001826660,Wetouch Technology Inc,WETH,NASDAQ,3577,manufacturing,2019Q3,us,NV,2017-09-25,2019-12-31,Alpha Vantage listing interval,resolved_cik,True,1,only eligible resolved security,2019|NASDAQ|manufacturing,4600,24,0.0052173913,191.6666666667,20260916,terminal_provider_unavailability,pilot_live,3,artifacts/representative_coverage_pilot_v20260916/raw/CIK0001826660/WETH/2019Q3/attempt_03_20260917040938544765.json,0e12cf6a1212be13e348fee10f4ab5a71eb2c7da5c543d5681381f3e91948a32,no_transcript,provider returned no usable transcript segments,not_applicable,,,,,,unresolved,
CIK0001964789,AVS328FB0FFEF907EFC,0001964789,Hut 8 Mining Corp,HUT,NASDAQ,6199,finance_insurance_real_estate,2019Q3,us,DE,2018-03-08,2019-12-31,Alpha Vantage listing interval,resolved_cik,True,2,"ranked by active quarter-end evidence, exchange, and plain common-stock symbol",2019|NASDAQ|finance_insurance_real_estate,2342,12,0.0051238258,195.1666666667,20260916,terminal_provider_unavailability,pilot_live,3,artifacts/representative_coverage_pilot_v20260916/raw/CIK0001964789/HUT/2019Q3/attempt_03_20260917040940554810.json,1898428f6331aa9120752da7a7d96fab3cfefcfc74659450c7c7806e59d140be,no_transcript,provider returned no usable transcript segments,not_applicable,,,,,,unresolved,
CIK0000317540,AVS22333F37F306BA5F,0000317540,Coca-Cola Consolidated Inc,COKE,NASDAQ,2086,manufacturing,2019Q4,us,DE,1990-03-26,2019-12-31,Alpha Vantage listing interval,resolved_cik,True,1,only eligible resolved security,2019|NASDAQ|manufacturing,4600,24,0.0052173913,191.6666666667,20260916,terminal_provider_unavailability,pilot_live,4,artifacts/representative_coverage_pilot_v20260916/raw/CIK0000317540/COKE/2019Q4/attempt_04_20260917040944566271.json,a66139e5d0cbdb65e4979bf1e2f4095b832af1936f2645faf449cf99b29ff609,no_transcript,provider returned no usable transcript segments,not_applicable,,,,,,unresolved,
CIK0001094348,AVS9BE8BF7C528C4FBC,0001094348,Mattersight Corp,MATR,NASDAQ,7373,services,2019Q4,us,DE,2000-02-10,2019-12-31,Alpha Vantage listing interval,resolved_cik,False,1,only eligible resolved security,2019|NASDAQ|services,1904,10,0.0052521008,190.4000000000,20260916,terminal_provider_unavailability,pilot_live,3,artifacts/representative_coverage_pilot_v20260916/raw/CIK0001094348/MATR/2019Q4/attempt_03_20260917040946576414.json,c0408ac8d4339757c94a9c5257264879bebf6087fe92e59c7a547a8fe7fbba10,no_transcript,provider returned no usable transcript segments,not_applicable,,,,,,unresolved,
CIK0001118148,AVS40ACED3B5CB639FB,0001118148,AMERICAN PHYSICIANS CAPITAL INC,ACAP,NASDAQ,6324,finance_insurance_real_estate,2019Q4,us,MI,2001-01-02,2019-12-31,Alpha Vantage listing interval,resolved_cik,False,1,only eligible resolved security,2019|NASDAQ|finance_insurance_real_estate,2342,12,0.0051238258,195.1666666667,20260916,terminal_provider_unavailability,pilot_live,3,artifacts/representative_coverage_pilot_v20260916/raw/CIK0001118148/ACAP/2019Q4/attempt_03_20260917040948586129.json,797be24bedbece988e0098bbe6e124ab59ebe70dcddb4b4e06954057473ce6da,no_transcript,provider returned no usable transcript segments,not_applicable,,,,,,unresolved,
CIK0001299901,AVS1C142878CD9B237F,0001299901,Trade Street Residential Inc,TSRE,NASDAQ,6798,finance_insurance_real_estate,2019Q4,us,MD,2006-12-28,2019-12-31,Alpha Vantage listing interval,resolved_cik,False,1,only eligible resolved security,2019|NASDAQ|finance_insurance_real_estate,2342,12,0.0051238258,195.1666666667,20260916,terminal_provider_unavailability,pilot_live,3,artifacts/representative_coverage_pilot_v20260916/raw/CIK0001299901/TSRE/2019Q4/attempt_03_20260917040950598794.json,e81d6f0a37878333d7d52f96eea10645a0abaa3dc25a23467c3f42e5937cdb7d,no_transcript,provider returned no usable transcript segments,not_applicable,,,,,,unresolved,
CIK0001371781,AVSA0D080C71FCEA491,0001371781,World Energy Solutions Inc,XWES,NASDAQ,7389,services,2019Q4,us,DE,2008-01-30,2019-12-31,Alpha Vantage listing interval,resolved_cik,False,1,only eligible resolved security,2019|NASDAQ|services,1904,10,0.0052521008,190.4000000000,20260916,terminal_provider_unavailability,pilot_live,3,artifacts/representative_coverage_pilot_v20260916/raw/CIK0001371781/XWES/2019Q4/attempt_03_20260917040952599604.json,a4b57c667342a52c7320bc9dced6060631624bc371ea533bf9dc93ed22c9f370,no_transcript,provider returned no usable transcript segments,not_applicable,,,,,,unresolved,
CIK0001386926,AVS57A4D89B10DE04BC,0001386926,KKR Financial Holdings LLC,KFI,NYSE,6199,finance_insurance_real_estate,2019Q4,us,DE,2012-03-26,2019-12-31,Alpha Vantage listing interval,resolved_cik,False,2,"ranked by active quarter-end evidence, exchange, and plain common-stock symbol",2019|NYSE|finance_insurance_real_estate,1976,11,0.0055668016,179.6363636364,20260916,terminal_provider_unavailability,pilot_live,2,artifacts/representative_coverage_pilot_v20260916/raw/CIK0001386926/KFI/2019Q4/attempt_02_20260917042020682214.json,4bbcd6dff437fadb08cade103e0c512a5ec0fac0d91e1bf1f28ae71f9a50e2af,no_transcript,provider returned no usable transcript segments,not_applicable,,,,,,unresolved,
CIK0001500198,AVS62578A48C5D4C49C,0001500198,NeuroOne Medical Technologies Corp,NMTC,NASDAQ,3841,manufacturing,2019Q4,us,DE,2017-09-18,2019-12-31,Alpha Vantage listing interval,resolved_cik,True,1,only eligible resolved security,2019|NASDAQ|manufacturing,4600,24,0.0052173913,191.6666666667,20260916,terminal_provider_unavailability,pilot_live,3,artifacts/representative_coverage_pilot_v20260916/raw/CIK0001500198/NMTC/2019Q4/attempt_03_20260917041000626058.json,5ef835def53c8298f856c86c8e9241caed2876d4517129d8fc92c0b8cb7754e6,no_transcript,provider returned no usable transcript segments,not_applicable,,,,,,unresolved,
CIK0001545158,AVS88FBA936F20BBB5C,0001545158,Kraft Foods Group Inc,KRFT,NASDAQ,2000,manufacturing,2019Q4,us,,2012-09-17,2019-12-31,Alpha Vantage listing interval,resolved_cik,False,1,only eligible resolved security,2019|NASDAQ|manufacturing,4600,24,0.0052173913,191.6666666667,20260916,terminal_provider_unavailability,pilot_live,3,artifacts/representative_coverage_pilot_v20260916/raw/CIK0001545158/KRFT/2019Q4/attempt_03_20260917041002632955.json,97b123f9626c5e649895f5ae7fec7fba99f22870f11a9206c176252f09eeae2b,no_transcript,provider returned no usable transcript segments,not_applicable,,,,,,unresolved,
CIK0001589061,AVS6861287881CE0094,0001589061,Gyrodyne LLC,GYRO,NASDAQ,6512,finance_insurance_real_estate,2019Q4,us,NY,1995-08-18,2019-12-31,Alpha Vantage listing interval,resolved_cik,True,1,only eligible resolved security,2019|NASDAQ|finance_insurance_real_estate,2342,12,0.0051238258,195.1666666667,20260916,terminal_provider_unavailability,pilot_live,3,artifacts/representative_coverage_pilot_v20260916/raw/CIK0001589061/GYRO/2019Q4/attempt_03_20260917041004639760.json,348adfaee344f27e3f5917fcd99115bf2e2097e4031d17db137c275ad71f4139,no_transcript,provider returned no usable transcript segments,not_applicable,,,,,,unresolved,
CIK0001592016,AVS6F4E3D7BD5C09EC8,0001592016,AgroFresh Solutions Inc,AGFS,NASDAQ,2870,manufacturing,2019Q4,us,DE,2015-08-03,2019-12-31,Alpha Vantage listing interval,resolved_cik,True,1,only eligible resolved security,2019|NASDAQ|manufacturing,4600,24,0.0052173913,191.6666666667,20260916,terminal_provider_unavailability,pilot_live,3,artifacts/representative_coverage_pilot_v20260916/raw/CIK0001592016/AGFS/2019Q4/attempt_03_20260917041006649592.json,5b055122ffe068b7fb74e313a9561b12cd7fee2b4a8e1a43b742f99ae4af0d0d,no_transcript,provider returned no usable transcript segments,not_applicable,,,,,,unresolved,
CIK0001606440,AVS281FD977691CAE3B,0001606440,Reliant Bancorp Inc,RBNC,NASDAQ,6022,finance_insurance_real_estate,2019Q4,us,TN,2018-01-02,2019-12-31,Alpha Vantage listing interval,resolved_cik,True,2,"ranked by active quarter-end evidence, exchange, and plain common-stock symbol",2019|NASDAQ|finance_insurance_real_estate,2342,12,0.0051238258,195.1666666667,20260916,terminal_provider_unavailability,pilot_live,3,artifacts/representative_coverage_pilot_v20260916/raw/CIK0001606440/RBNC/2019Q4/attempt_03_20260917041010662149.json,0dea6b70ba94ed3386ca5aac53c339fe061ab2c8fafdcc9ff0eb941716e43ac1,no_transcript,provider returned no usable transcript segments,not_applicable,,,,,,unresolved,
CIK0001617667,AVSDBDE2342C19BAB9D,0001617667,Neff Corp,NEFF,NYSE,7359,services,2019Q4,us,DE,2014-11-21,2019-12-31,Alpha Vantage listing interval,resolved_cik,False,1,only eligible resolved security,2019|NYSE|services,1070,6,0.0056074766,178.3333333333,20260916,terminal_provider_unavailability,pilot_live,2,artifacts/representative_coverage_pilot_v20260916/raw/CIK0001617667/NEFF/2019Q4/attempt_02_20260917050246181187.json,65435b3fc8d77858bfe6e8021bbf791f611e8b282b2651ae2f2fd3e220e74f35,no_transcript,provider returned no usable transcript segments,not_applicable,,,,,,unresolved,
CIK0001669792,AVS189EC1E91FBAB02A,0001669792,AdvancePierre Foods Holdings Inc,APFH,NYSE,2000,manufacturing,2019Q4,us,DE,2016-07-15,2019-12-31,Alpha Vantage listing interval,resolved_cik,False,1,only eligible resolved security,2019|NYSE|manufacturing,2296,12,0.0052264808,191.3333333333,20260916,terminal_provider_unavailability,pilot_live,2,artifacts/representative_coverage_pilot_v20260916/raw/CIK0001669792/APFH/2019Q4/attempt_02_20260917042022687358.json,b3059ff7a66bfa656ba634e2ba535f66d40c4f42be00ac9054e09b86147c9b8d,no_transcript,provider returned no usable transcript segments,not_applicable,,,,,,unresolved,
CIK0001718108,AVS596D619BA1D653B0,0001718108,Surface Oncology Inc,SURF,NASDAQ,2836,manufacturing,2019Q4,us,DE,2018-04-19,2019-12-31,Alpha Vantage listing interval,resolved_cik,True,1,only eligible resolved security,2019|NASDAQ|manufacturing,4600,24,0.0052173913,191.6666666667,20260916,terminal_provider_unavailability,pilot_live,3,artifacts/representative_coverage_pilot_v20260916/raw/CIK0001718108/SURF/2019Q4/attempt_03_20260917041018692973.json,8417951ebc1b1b60d4c84f00664efbc983eda23d612d8c02700fb3aafc7024b4,no_transcript,provider returned no usable transcript segments,not_applicable,,,,,,unresolved,
CIK0001725579,AVSF4B01845F53E6029,0001725579,Pluralsight Inc.,PS,NYSE,7370,services,2019Q4,us,DE,2018-05-17,2019-12-31,Alpha Vantage listing interval,resolved_cik,True,1,only eligible resolved security,2019|NYSE|services,1070,6,0.0056074766,178.3333333333,20260916,terminal_provider_unavailability,pilot_live,2,artifacts/representative_coverage_pilot_v20260916/raw/CIK0001725579/PS/2019Q4/attempt_02_20260917042024691816.json,d329c0a12df38f72f027f643ae3ffa4b561bd2ce8eb5aa0c1108ae6310c089e8,no_transcript,provider returned no usable transcript segments,not_applicable,,,,,,unresolved,
